5.188944339752197266e+00,6.547493934631347656e+00,3.154019832611083984e+00,9.998602271080017090e-01,1.567431725561618805e-02,-5.720945075154304504e-03,1.102418988011777401e-03
6.425926208496093750e+00,3.387011051177978516e+00,2.817172288894653320e+00,1.000000000000000000e+00,-4.561372406897135079e-05,-9.381636482430621982e-05,-4.914831151836551726e-05
5.852139472961425781e+00,6.840792655944824219e+00,5.223714351654052734e+00,9.999979734420776367e-01,1.320456038229167461e-03,-9.196603205054998398e-04,1.257027732208371162e-03
5.744564533233642578e+00,5.742027759552001953e+00,3.322202205657958984e+00,9.999999403953552246e-01,-2.027826558332890272e-04,-3.977210726588964462e-04,-2.917822857853025198e-04
6.801877021789550781e+00,2.102466821670532227e+00,4.178807258605957031e+00,1.000000000000000000e+00,2.439122035866603255e-04,2.135943359462544322e-04,1.467035181121900678e-04
1.455566167831420898e+00,3.897392272949218750e+00,5.133841633796691895e-01,1.000000000000000000e+00,-4.753162272663757904e-07,5.201815656619146466e-05,-8.472264016745612025e-05
3.076243638992309570e+00,2.631292343139648438e+00,3.218871355056762695e+00,1.000000000000000000e+00,-1.367129880236461759e-04,1.882820215541869402e-04,6.101713734096847475e-05
7.244539260864257812e+00,5.738390088081359863e-01,7.426564216613769531e+00,9.999998807907104492e-01,4.347301437519490719e-04,-2.883433189708739519e-04,-2.407135179964825511e-04
6.319523811340332031e+00,3.829182147979736328e+00,7.229090690612792969e+00,9.999998807907104492e-01,2.782860829029232264e-04,-1.951954036485403776e-04,-3.280717937741428614e-04
7.475903987884521484e+00,5.368618011474609375e+00,4.568799972534179688e+00,9.999998807907104492e-01,5.631881867884658277e-05,5.020018434152007103e-04,2.630821836646646261e-04
3.332592248916625977e-01,2.114043712615966797e+00,6.832090616226196289e-01,1.000000000000000000e+00,-2.035064881056314334e-06,1.676264510024338961e-04,3.993342033936642110e-05
6.662811279296875000e+00,3.563413381576538086e+00,1.238053441047668457e+00,1.000000000000000000e+00,-1.208638514071935788e-05,4.063034066348336637e-05,1.219173918798333034e-05
2.223195314407348633e+00,7.008151531219482422e+00,5.081640720367431641e+00,1.000000000000000000e+00,-8.958888429333455861e-06,-6.078023488953476772e-06,-2.167599859603797086e-07
5.638616085052490234e+00,5.657077789306640625e+00,6.687548756599426270e-01,1.000000000000000000e+00,-2.219258385594002903e-05,7.152285252232104540e-05,8.191889719455502927e-06
1.062427401542663574e+00,9.883011877536773682e-02,6.825904369354248047e+00,1.000000000000000000e+00,1.454549328627763316e-05,4.204789365758188069e-05,-3.486064451863057911e-05
4.976072788238525391e+00,4.998167157173156738e-01,4.869091138243675232e-02,1.000000000000000000e+00,5.309401603881269693e-05,1.484101539972471073e-05,-1.526354753877967596e-05
5.093025565147399902e-01,5.796437740325927734e+00,8.675335645675659180e-01,9.999992251396179199e-01,1.197220808535348624e-05,2.628641959745436907e-04,-1.276476308703422546e-03
2.427552700042724609e+00,3.810768574476242065e-02,3.272914409637451172e+00,9.999998807907104492e-01,4.960957448929548264e-04,-1.641062226553913206e-05,3.056604764424264431e-04
4.339990139007568359e+00,6.863363742828369141e+00,6.673786163330078125e+00,1.000000000000000000e+00,-3.461348023847676814e-05,4.427769908943446353e-06,-1.759687620506156236e-05
7.136100292205810547e+00,1.826675415039062500e+00,1.058938503265380859e+00,1.000000000000000000e+00,2.164031466236338019e-04,-2.873227640520781279e-04,-7.563206600025296211e-05
5.590987682342529297e+00,2.645755410194396973e-01,1.649664878845214844e+00,1.000000000000000000e+00,1.359119487460702658e-04,1.556736037855444010e-06,8.572285150876268744e-05
5.364704728126525879e-01,2.243848890066146851e-01,5.334798336029052734e+00,1.000000000000000000e+00,-5.755476740887388587e-05,1.352085564576555043e-05,8.565345524402800947e-06
2.045843601226806641e+00,6.875169754028320312e+00,8.727483153343200684e-01,9.999997019767761230e-01,6.921573076397180557e-04,-4.575959173962473869e-04,-6.447717896662652493e-05
7.218314170837402344e+00,3.295791149139404297e+00,3.004562139511108398e+00,9.999989271163940430e-01,-3.781720588449388742e-04,-9.090640814974904060e-04,-1.159421633929014206e-03
1.667787313461303711e+00,1.379434823989868164e+00,4.957546710968017578e+00,9.999993443489074707e-01,6.367458991007879376e-05,-9.821244748309254646e-04,-6.600090418942272663e-04
6.772452592849731445e-01,2.745201587677001953e+00,5.188937187194824219e+00,9.999843835830688477e-01,-9.740044479258358479e-04,-1.023914046527352184e-05,5.513766314834356308e-03
5.429489135742187500e+00,4.208612918853759766e+00,4.162923336029052734e+00,1.000000000000000000e+00,-7.470092441508313641e-06,-4.795816857949830592e-05,1.543688085803296417e-05
5.882576942443847656e+00,2.366041421890258789e+00,6.712166786193847656e+00,9.999998211860656738e-01,-6.650501745752990246e-04,-2.702911442611366510e-04,1.634203945286571980e-04
1.310066103935241699e+00,8.408281803131103516e-01,2.991412878036499023e+00,1.000000000000000000e+00,2.524141382309608161e-05,-7.425998774124309421e-05,7.951394945848733187e-05
6.264140129089355469e+00,1.265715956687927246e+00,3.173518180847167969e+00,1.000000000000000000e+00,1.999736996367573738e-04,2.224289055448025465e-04,-3.421501969569362700e-05
4.214371681213378906e+00,7.940351217985153198e-02,1.642797470092773438e+00,9.999997615814208984e-01,4.869873519055545330e-04,5.626137135550379753e-04,-1.585109275765717030e-04
4.920782089233398438e+00,6.983807563781738281e+00,1.707375884056091309e+00,1.000000000000000000e+00,-6.871643563499674201e-05,1.344699412584304810e-04,9.379199036629870534e-05
4.258306324481964111e-01,5.611640930175781250e+00,3.931211709976196289e+00,9.999393224716186523e-01,8.042716071940958500e-04,1.097971200942993164e-02,4.939606296829879284e-04
6.235551357269287109e+00,4.003098487854003906e+00,6.506553173065185547e+00,9.999999403953552246e-01,-1.708227500785142183e-04,-1.779612830432597548e-05,-4.946999833919107914e-04
5.695623874664306641e+00,6.615833759307861328e+00,6.292020797729492188e+00,1.000000000000000000e+00,4.547364733298309147e-05,-4.232944775139912963e-05,2.182430216635111719e-05
7.442445278167724609e+00,7.211904525756835938e+00,6.193148344755172729e-02,1.000000000000000000e+00,1.648494508117437363e-04,-5.258470991975627840e-05,-1.304298202740028501e-04
6.615613460540771484e+00,2.388092279434204102e+00,1.728337049484252930e+00,1.000000000000000000e+00,2.123023659805767238e-05,-5.732577483286149800e-05,-8.280358997581060976e-06
3.870854377746582031e+00,4.635776042938232422e+00,3.472024440765380859e+00,1.000000000000000000e+00,2.750665880739688873e-04,2.376655465923249722e-04,3.864338395942468196e-06
1.617034435272216797e+00,2.750336751341819763e-02,3.133436441421508789e+00,1.000000000000000000e+00,2.177895294153131545e-05,-7.842831109883263707e-05,6.277576176216825843e-05
6.750654697418212891e+00,6.882688522338867188e+00,5.399133205413818359e+00,9.999999403953552246e-01,1.962078531505540013e-04,2.528862678445875645e-04,-3.095539286732673645e-04
4.189646720886230469e+00,4.434624671936035156e+00,4.064713954925537109e+00,1.000000000000000000e+00,1.010326814139261842e-04,-2.672863774932920933e-04,-1.770044764271005988e-04
7.402993202209472656e+00,2.663571596145629883e+00,3.085497379302978516e+00,9.999999403953552246e-01,2.914684300776571035e-04,-2.567387709859758615e-04,-1.217618701048195362e-04
2.878302931785583496e-01,1.668241739273071289e+00,1.329534173011779785e+00,1.000000000000000000e+00,2.257992673548869789e-05,1.101065390685107559e-05,2.306299029442016035e-05
4.476667404174804688e+00,3.144886732101440430e+00,6.852865695953369141e+00,1.000000000000000000e+00,-8.234610140789300203e-05,-3.074107735301367939e-05,-2.203144867962691933e-05
6.302264213562011719e+00,2.367511987686157227e+00,6.157184123992919922e+00,9.999998807907104492e-01,-1.904175878735259175e-04,-2.000865497393533587e-04,4.768337821587920189e-04
6.101625442504882812e+00,2.690032243728637695e+00,5.848692893981933594e+00,9.999985098838806152e-01,5.697350134141743183e-04,1.357904839096590877e-04,1.659333240240812302e-03
5.864434719085693359e+00,1.291314840316772461e+00,2.664566755294799805e+00,1.000000000000000000e+00,-8.464128040941432118e-05,-4.849212928093038499e-05,7.407482189591974020e-05
6.259496688842773438e+00,4.077912271022796631e-01,3.853016495704650879e-01,1.000000000000000000e+00,4.261586218490265310e-05,-1.402030284225475043e-05,-3.127835952909663320e-05
6.149163246154785156e+00,2.540827989578247070e+00,4.461674690246582031e+00,9.999918341636657715e-01,-1.528010587207973003e-03,-1.812851289287209511e-03,3.280603559687733650e-03
6.464115142822265625e+00,6.147516250610351562e+00,7.187026023864746094e+00,1.000000000000000000e+00,-4.896667087450623512e-05,6.015746748744277284e-06,4.038101178593933582e-05
3.664482355117797852e+00,6.818467617034912109e+00,3.620449781417846680e+00,1.000000000000000000e+00,1.480690002608753275e-06,-4.882909706793725491e-05,4.483707380131818354e-05
4.542482376098632812e+00,2.116501331329345703e+00,1.654292821884155273e+00,9.999490976333618164e-01,2.280556363984942436e-03,2.165533369407057762e-03,9.594926610589027405e-03
4.406945705413818359e+00,2.449536323547363281e+00,4.259003639221191406e+00,1.000000000000000000e+00,3.499664671835489571e-05,3.960838148486800492e-05,2.230148129456210881e-05
2.343397855758666992e+00,1.878134250640869141e+00,2.956618547439575195e+00,1.000000000000000000e+00,6.421750731533393264e-05,3.878826362324616639e-07,3.246380219934508204e-05
6.178517818450927734e+00,2.269844055175781250e+00,5.114099979400634766e+00,9.999999403953552246e-01,-3.252407477702945471e-04,-1.619015165488235652e-05,3.038715221919119358e-04
2.849666774272918701e-01,6.585183143615722656e+00,1.722439825534820557e-01,9.999998211860656738e-01,-9.172819409286603332e-05,-5.916342488490045071e-04,-2.681301266420632601e-04
3.389389753341674805e+00,7.287262439727783203e+00,1.449886202812194824e+00,1.000000000000000000e+00,-1.045275275828316808e-04,3.019147552549839020e-04,1.592187004462175537e-07
8.269040584564208984e-01,2.764402329921722412e-01,2.401004552841186523e+00,1.000000000000000000e+00,-2.180541014240588993e-05,-8.054445061134174466e-05,4.051841824548318982e-05
1.968495130538940430e+00,4.054517269134521484e+00,4.385992050170898438e+00,9.999998211860656738e-01,6.599252083105966449e-05,3.729938762262463570e-04,-5.837850621901452541e-04
6.859238624572753906e+00,3.775838613510131836e+00,6.520555973052978516e+00,9.999669194221496582e-01,5.624938290566205978e-03,-5.392146413214504719e-04,5.852177273482084274e-03
6.366940021514892578e+00,5.518486976623535156e+00,2.755802154541015625e+00,1.000000000000000000e+00,-7.649545295862480998e-05,-1.398321619490161538e-04,-4.802028706762939692e-05
4.258088588714599609e+00,1.400778889656066895e+00,4.475595951080322266e+00,1.000000000000000000e+00,-4.301108128856867552e-05,2.845919880201108754e-05,-7.899808406364172697e-05
1.466629028320312500e+00,5.696687221527099609e+00,5.433685302734375000e+00,1.000000000000000000e+00,-1.770728704286739230e-05,-1.262111345567973331e-05,3.754493445740081370e-05
3.289324998855590820e+00,3.961949646472930908e-01,5.268461227416992188e+00,1.000000000000000000e+00,-9.792840501177124679e-06,3.313194974907673895e-05,1.628447421353484970e-06
3.376742124557495117e+00,5.295504570007324219e+00,7.059715270996093750e+00,9.999863505363464355e-01,-3.480148967355489731e-03,3.768519265577197075e-03,-1.013478264212608337e-03
7.136229276657104492e-01,3.917037248611450195e+00,1.669149398803710938e+00,1.000000000000000000e+00,3.386602145383221796e-07,8.660122693981975317e-05,-7.704061135882511735e-05
3.062228202819824219e+00,5.496324539184570312e+00,2.831572294235229492e+00,1.000000000000000000e+00,-2.797299202939029783e-05,3.487089998088777065e-05,3.233399911550804973e-05
4.229867935180664062e+00,5.700858592987060547e+00,6.662924766540527344e+00,9.999998211860656738e-01,1.315551198786124587e-04,-5.927936872467398643e-04,2.727183164097368717e-04
4.509934425354003906e+00,6.666234016418457031e+00,2.271744251251220703e+00,1.000000000000000000e+00,-3.243276150897145271e-04,1.941699010785669088e-04,-8.880571840563789010e-06
4.909363090991973877e-01,3.284078121185302734e+00,3.915865719318389893e-01,1.000000000000000000e+00,-2.902349660871550441e-05,3.162033317494206131e-05,-8.138592420436907560e-06
2.102048873901367188e+00,5.744258880615234375e+00,7.432646751403808594e+00,1.000000000000000000e+00,-7.750683835183735937e-06,3.191700670868158340e-05,2.047051202680449933e-05
1.844718456268310547e+00,5.623003005981445312e+00,8.877284526824951172e-01,1.000000000000000000e+00,-3.638296402641572058e-05,-8.086844900390133262e-05,-6.009023491060361266e-05
1.709576398134231567e-01,6.766673088073730469e+00,3.385429143905639648e+00,1.000000000000000000e+00,-9.881935693556442857e-05,-5.434697959572076797e-05,7.750184886390343308e-05
2.104749202728271484e+00,6.989442825317382812e+00,7.456166267395019531e+00,1.000000000000000000e+00,-1.141014363383874297e-04,5.001528279535705224e-06,4.128138971282169223e-05
9.122999906539916992e-01,6.184165000915527344e+00,6.542346954345703125e+00,1.000000000000000000e+00,-5.657073415932245553e-05,-3.332382038934156299e-05,2.989278073073364794e-06
5.066486835479736328e+00,1.764367580413818359e+00,4.672843456268310547e+00,9.999999403953552246e-01,7.769571675453335047e-05,-1.590945466887205839e-04,-4.805929493159055710e-04
4.112812519073486328e+00,1.007369160652160645e-01,6.796460151672363281e+00,1.000000000000000000e+00,2.001661960093770176e-05,7.533702500950312242e-06,-1.015602683764882386e-04
6.858844280242919922e+00,4.270916461944580078e+00,3.254638016223907471e-01,1.000000000000000000e+00,-3.845879837172105908e-05,6.041826782166026533e-05,-2.259091888845432550e-05
1.584429144859313965e+00,2.455871105194091797e+00,4.401081562042236328e+00,1.000000000000000000e+00,-6.193314038682729006e-05,6.704805127810686827e-05,1.529267865407746285e-05
4.575015068054199219e+00,4.118428230285644531e+00,7.391147136688232422e+00,1.000000000000000000e+00,-4.614941644831560552e-05,-6.019778811605647206e-05,-1.466525304749666248e-06
6.814850330352783203e+00,5.110987186431884766e+00,6.625194072723388672e+00,1.000000000000000000e+00,-2.488482277840375900e-05,2.318786391697358340e-05,3.925933560822159052e-05
1.225982427597045898e+00,4.099876403808593750e+00,3.614397764205932617e+00,9.999966025352478027e-01,-1.509659923613071442e-03,-2.141759032383561134e-03,2.640887396410107613e-04
2.593772172927856445e+00,7.182616710662841797e+00,3.062978029251098633e+00,9.999998807907104492e-01,4.833320272155106068e-04,-3.324129284010268748e-05,3.057277644984424114e-04
3.942808866500854492e+00,9.255613200366497040e-03,2.575210809707641602e+00,9.999992847442626953e-01,5.465743015520274639e-04,-3.965251380577683449e-04,1.022478449158370495e-03
5.077131748199462891e+00,3.816654443740844727e+00,2.331022977828979492e+00,1.000000000000000000e+00,3.460276348050683737e-04,1.204996442538686097e-04,-3.995504084741696715e-05
2.175373792648315430e+00,6.588394165039062500e+00,2.672530889511108398e+00,1.000000000000000000e+00,-7.360278686974197626e-05,2.182778735004831105e-05,-1.152539844042621553e-04
4.224920749664306641e+00,9.684695601463317871e-01,4.478769302368164062e+00,1.000000000000000000e+00,-7.674116932321339846e-05,5.129041892359964550e-05,-8.106639143079519272e-06
3.735301971435546875e+00,6.478229522705078125e+00,5.349889755249023438e+00,1.000000000000000000e+00,6.392783689079806209e-05,9.892023081192746758e-05,-4.223304858896881342e-05
4.432431697845458984e+00,7.118353366851806641e+00,2.903133153915405273e+00,1.000000000000000000e+00,-4.044228626298718154e-05,5.572482405113987625e-05,4.034203811897896230e-05
3.677874803543090820e+00,3.932042837142944336e+00,4.335505008697509766e+00,9.999532103538513184e-01,-4.994736053049564362e-03,-6.002832204103469849e-03,-5.720976274460554123e-03
4.868004798889160156e+00,3.597010374069213867e+00,5.064877510070800781e+00,1.000000000000000000e+00,2.347597546759061515e-05,8.868379154591821134e-06,1.039685885189101100e-04
6.941387176513671875e+00,1.297410249710083008e+00,7.460427284240722656e+00,1.000000000000000000e+00,-1.796517062757629901e-05,6.069313894840888679e-05,6.287235009949654341e-05
6.861367702484130859e+00,2.307018756866455078e+00,5.120542049407958984e+00,1.000000000000000000e+00,-2.661781400092877448e-05,-3.301888646092265844e-04,2.065096050500869751e-04
4.543144226074218750e+00,4.244237899780273438e+00,1.075470924377441406e+00,1.000000000000000000e+00,1.115417835535481572e-04,2.029987444984726608e-05,-4.736654591397382319e-05
6.865638256072998047e+00,5.460862159729003906e+00,4.802092552185058594e+00,1.000000000000000000e+00,-1.299575669690966606e-04,-2.949438021460082382e-05,4.655652082874439657e-05
6.254055500030517578e+00,6.027444005012512207e-01,6.239234924316406250e+00,1.000000000000000000e+00,1.613879931028350256e-06,-3.691741085276589729e-06,4.623019322025356814e-06
6.279287338256835938e+00,5.279706478118896484e+00,5.512784481048583984e+00,1.000000000000000000e+00,-6.801060226280242205e-05,3.449891664786264300e-06,2.159948417101986706e-05
5.806330204010009766e+00,2.649852037429809570e+00,6.965520381927490234e+00,9.999997615814208984e-01,-6.949609960429370403e-04,-1.409157703164964914e-04,2.889863972086459398e-04
1.029503345489501953e+00,3.035296440124511719e+00,3.783120155334472656e+00,9.999995827674865723e-01,-6.181298522278666496e-04,3.495934070087969303e-04,-6.332890479825437069e-04
7.797943353652954102e-01,2.266696691513061523e+00,5.379115104675292969e+00,9.999987483024597168e-01,1.758928556228056550e-05,1.078794011846184731e-03,1.212665345519781113e-03
2.733622789382934570e+00,5.433152675628662109e+00,5.046687602996826172e+00,1.000000000000000000e+00,5.377534762374125421e-05,-3.002743324032053351e-05,1.848205829446669668e-05
4.667078971862792969e+00,4.170835971832275391e+00,6.061948776245117188e+00,1.000000000000000000e+00,-6.351187948894221336e-06,7.930480933282524347e-06,5.424919800134375691e-05
7.353853583335876465e-01,5.145440101623535156e+00,9.077152013778686523e-01,1.000000000000000000e+00,-6.743175617884844542e-05,-9.425464668311178684e-06,-3.227036722819320858e-05
1.049478054046630859e+00,6.062483787536621094e-01,6.458336830139160156e+00,1.000000000000000000e+00,1.250666973646730185e-04,-2.991231849591713399e-05,-6.854714592918753624e-05
2.469257593154907227e+00,6.085808753967285156e+00,7.177884578704833984e+00,1.000000000000000000e+00,-5.704474824597127736e-05,2.628958609420806170e-04,2.270856930408626795e-05
3.275986671447753906e+00,4.047488212585449219e+00,2.844671726226806641e+00,1.000000000000000000e+00,-8.529946353519335389e-05,4.549948425847105682e-05,2.187669742852449417e-04
2.880128145217895508e+00,1.386738896369934082e+00,4.209359169006347656e+00,9.999980926513671875e-01,-1.174947712570428848e-03,2.201168535975739360e-04,1.585977850481867790e-03
4.010930061340332031e+00,1.820537447929382324e+00,3.483204841613769531e+00,9.999918937683105469e-01,1.424556015990674496e-03,-1.532917958684265614e-03,-3.446973627433180809e-03
4.250072956085205078e+00,3.916381299495697021e-01,3.812962055206298828e+00,1.000000000000000000e+00,7.823224586900323629e-05,6.079462400521151721e-05,-1.905744056784897111e-06
3.974569797515869141e+00,6.922540664672851562e+00,3.804519176483154297e+00,1.000000000000000000e+00,8.963204891188070178e-06,-5.060952025814913213e-05,2.424514423182699829e-05
3.540364503860473633e+00,3.395810365676879883e+00,4.002876758575439453e+00,1.000000000000000000e+00,-1.169741735793650150e-04,-2.540773675718810409e-05,5.208055154071189463e-05
6.914858818054199219e+00,4.059100627899169922e+00,1.181088328361511230e+00,1.000000000000000000e+00,-2.040706749539822340e-05,4.715842442237772048e-05,1.087165946955792606e-05
4.833988189697265625e+00,4.827717781066894531e+00,4.208123207092285156e+00,1.000000000000000000e+00,1.096045962185598910e-04,-8.421087841270491481e-05,7.295533578144386411e-06
2.609673261642456055e+00,2.831457614898681641e+00,1.410591483116149902e+00,9.999999403953552246e-01,-3.014011599589139223e-04,3.811388887697830796e-05,-3.252059395890682936e-04
2.316975831985473633e+00,6.474555492401123047e+00,5.613644123077392578e+00,1.000000000000000000e+00,-8.202012395486235619e-05,2.653299634403083473e-05,1.386138319503515959e-05
6.374619483947753906e+00,6.140088081359863281e+00,3.648253440856933594e+00,1.000000000000000000e+00,9.478296851739287376e-05,-1.328621438005939126e-04,2.403368125669658184e-05
2.632671594619750977e+00,2.133702039718627930e+00,3.388550758361816406e+00,1.000000000000000000e+00,-2.291856508236378431e-04,1.545690174680203199e-04,1.348535006400197744e-04
1.047594904899597168e+00,7.464776039123535156e-01,2.577197551727294922e+00,1.000000000000000000e+00,1.102163150790147483e-05,-8.334123413078486919e-05,6.973188283154740930e-05
1.151791214942932129e+00,5.184294223785400391e+00,4.963504314422607422e+00,1.000000000000000000e+00,1.911792969622183591e-05,-7.462131907232105732e-05,1.791464683265076019e-06
7.166553974151611328e+00,6.513941287994384766e+00,3.730922341346740723e-01,1.000000000000000000e+00,-1.064101597876287997e-04,1.493603776907548308e-04,1.742285676300525665e-04
6.165167808532714844e+00,7.449795246124267578e+00,5.009085655212402344e+00,9.999999403953552246e-01,-5.418308428488671780e-04,6.043917528586462140e-05,-1.109683307731756940e-05
1.869505047798156738e+00,9.182153344154357910e-01,1.697587132453918457e+00,9.999999403953552246e-01,-3.294553316663950682e-04,-2.812500169966369867e-04,1.263500016648322344e-04
6.300944685935974121e-01,3.463277101516723633e+00,6.548840999603271484e+00,1.000000000000000000e+00,2.640411366883199662e-06,-7.003538030403433368e-06,8.762860375099990051e-07
7.027307033538818359e+00,2.287138223648071289e+00,4.621959686279296875e+00,9.999997019767761230e-01,-1.475571771152317524e-04,-6.256043561734259129e-04,4.716224793810397387e-04
4.071432590484619141e+00,7.419740676879882812e+00,5.188833236694335938e+00,1.000000000000000000e+00,5.061452611698769033e-05,-4.390670710563426837e-06,2.780420072667766362e-05
2.411518335342407227e+00,5.634037494659423828e+00,5.379693508148193359e+00,1.000000000000000000e+00,-2.431697794236242771e-05,7.968361023813486099e-05,-8.147461812768597156e-06
4.647837162017822266e+00,1.623340964317321777e+00,7.479866500943899155e-03,1.000000000000000000e+00,1.315194185735890642e-05,5.769178824266418815e-05,-5.157963460078462958e-05
4.504564762115478516e+00,7.017319202423095703e-01,6.835131168365478516e+00,9.999978542327880859e-01,-1.240858458913862705e-03,-1.028260565362870693e-03,1.341747352853417397e-03
4.491189956665039062e+00,5.422813415527343750e+00,1.117253780364990234e+00,1.000000000000000000e+00,7.172090408857911825e-05,4.723917299997992814e-05,-2.796169246721547097e-05
2.268700122833251953e+00,4.441430091857910156e+00,1.505250930786132812e+00,9.999630451202392578e-01,5.482478998601436615e-03,-5.354566033929586411e-03,3.914556000381708145e-03
1.682603597640991211e+00,6.667249679565429688e+00,4.798616886138916016e+00,1.000000000000000000e+00,-9.669455175753682852e-05,9.575017611496150494e-05,9.819505066843703389e-05
6.510478019714355469e+00,3.964363813400268555e+00,4.283877372741699219e+00,1.000000000000000000e+00,-5.159281863598152995e-05,-1.164300101663684472e-05,-4.218415051582269371e-05
3.038208723068237305e+00,5.246916770935058594e+00,5.251434326171875000e+00,1.000000000000000000e+00,1.180582694360055029e-04,1.200319529743865132e-04,3.535945143084973097e-05
4.743162155151367188e+00,5.210515022277832031e+00,6.883744616061449051e-03,1.000000000000000000e+00,-2.579722786322236061e-05,1.245674793608486652e-04,-5.578314448939636350e-05
7.151249885559082031e+00,7.386689186096191406e+00,4.536113739013671875e+00,1.000000000000000000e+00,-1.216667806147597730e-04,2.152218439732678235e-05,-1.172211123048327863e-04
1.274579763412475586e+00,8.316612243652343750e-01,3.496416091918945312e+00,1.000000000000000000e+00,1.605601573828607798e-05,-7.577563519589602947e-05,7.333690882660448551e-05
2.273957252502441406e+00,5.478944301605224609e+00,2.346453428268432617e+00,1.000000000000000000e+00,-1.489360438426956534e-04,1.469393901061266661e-04,1.300009607803076506e-04
3.534509181976318359e+00,5.761502742767333984e+00,2.095516443252563477e+00,1.000000000000000000e+00,-1.300380972679704428e-05,2.326532558072358370e-05,4.956499833497218788e-05
7.097392082214355469e+00,6.164738535881042480e-01,1.541269898414611816e+00,9.999998211860656738e-01,7.348283543251454830e-05,2.132574300048872828e-04,-6.669604335911571980e-04
8.333017230033874512e-01,2.038708925247192383e+00,1.041097044944763184e+00,1.000000000000000000e+00,-3.182997170370072126e-05,-3.273414768045768142e-05,4.619188257493078709e-05
4.843773841857910156e-01,1.310880064964294434e+00,1.523791790008544922e+00,1.000000000000000000e+00,-3.923968961316859350e-06,-4.905552123091183603e-05,4.430675107869319618e-05
6.922027587890625000e+00,1.136053204536437988e+00,2.373983621597290039e+00,1.000000000000000000e+00,7.957757770782336593e-05,2.289990698045585304e-05,-1.643726500333286822e-05
1.421173334121704102e+00,2.112216472625732422e+00,4.132116317749023438e+00,1.000000000000000000e+00,-2.007542389037553221e-05,-3.475744961178861558e-05,1.078314598998986185e-04
5.115531921386718750e+00,1.523038744926452637e+00,5.779135227203369141e+00,1.000000000000000000e+00,-7.919697964098304510e-05,-5.624158802675083280e-05,-1.775147102307528257e-04
6.132426738739013672e+00,6.650406837463378906e+00,4.744959354400634766e+00,9.999024271965026855e-01,-3.970651421695947647e-03,8.670791983604431152e-03,-1.021341979503631592e-02
5.529164791107177734e+00,2.378466576337814331e-01,4.212054729461669922e+00,1.000000000000000000e+00,-2.871554170269519091e-05,-3.412525757084949873e-06,3.778827158384956419e-05
3.810282707214355469e+00,2.372186422348022461e+00,6.345627307891845703e+00,9.999996423721313477e-01,-1.374122803099453449e-04,9.121500770561397076e-04,-1.469570270273834467e-04
6.963794708251953125e+00,3.398052930831909180e+00,5.702887535095214844e+00,1.000000000000000000e+00,8.652835094835609198e-05,-8.534693188266828656e-05,-2.889548886741977185e-05
5.103247165679931641e+00,3.621209621429443359e+00,2.808450222015380859e+00,1.000000000000000000e+00,-2.259099273942410946e-04,-5.176693230168893933e-05,-5.789551869384013116e-05
5.825504779815673828e+00,7.219948768615722656e+00,6.818939208984375000e+00,1.000000000000000000e+00,4.861767592956312001e-05,-2.527981632738374174e-05,7.657686182938050479e-07
3.044021606445312500e+00,6.449176311492919922e+00,7.100956439971923828e+00,9.999999403953552246e-01,-2.115795068675652146e-04,3.337305679451674223e-04,-2.445103309582918882e-04
1.395295977592468262e+00,2.640922784805297852e+00,1.739517331123352051e+00,1.000000000000000000e+00,-3.980385736213065684e-05,-1.031792126013897359e-04,4.457500472199171782e-05
9.085678458213806152e-01,3.245239496231079102e+00,5.438749313354492188e+00,1.000000000000000000e+00,1.848902757046744227e-04,-1.291010994464159012e-04,2.300569467479363084e-04
5.562290191650390625e+00,6.732937812805175781e+00,7.409817695617675781e+00,1.000000000000000000e+00,1.224711286340607330e-05,-7.193186320364475250e-05,4.777775757247582078e-06
2.290583133697509766e+00,2.886703968048095703e+00,3.934093236923217773e+00,1.000000000000000000e+00,-8.991383947432041168e-05,-4.810856262338347733e-05,2.248218806926161051e-04
4.859651088714599609e+00,5.706504344940185547e+00,5.525377750396728516e+00,9.999998211860656738e-01,-4.073632007930427790e-04,-3.196522884536534548e-04,2.961222198791801929e-04
6.141071796417236328e+00,4.495350837707519531e+00,3.120452404022216797e+00,1.000000000000000000e+00,-1.975420491362456232e-05,-3.118363019893877208e-05,1.291370153921889141e-05
4.356612682342529297e+00,5.604352951049804688e+00,3.852683067321777344e+00,1.000000000000000000e+00,1.482386142015457153e-04,-5.161279841559007764e-05,3.874168760376051068e-05
1.070322155952453613e+00,5.418495178222656250e+00,2.816316783428192139e-01,1.000000000000000000e+00,-2.953325201815459877e-05,1.173797500086948276e-05,-3.407285839784890413e-05
3.088660478591918945e+00,7.238681793212890625e+00,1.811132431030273438e+00,9.999996423721313477e-01,8.473252528347074986e-04,2.923245774582028389e-04,2.054766373476013541e-04
4.989295482635498047e+00,7.142505168914794922e+00,5.797427177429199219e+00,1.000000000000000000e+00,4.647504829335957766e-05,-6.086187568143941462e-05,3.275648487033322453e-05
1.530822277069091797e+00,4.750439643859863281e+00,1.825256586074829102e+00,9.999997615814208984e-01,7.287291809916496277e-04,-2.427045401418581605e-04,1.341143506579101086e-04
4.538394451141357422e+00,6.670234203338623047e+00,2.945961475372314453e+00,1.000000000000000000e+00,-2.298703911947086453e-04,-2.048090827884152532e-04,-6.396404933184385300e-05
4.970647811889648438e+00,3.897484779357910156e+00,4.668887615203857422e+00,1.000000000000000000e+00,1.222155788127565756e-05,-3.434752943576313555e-05,4.004540096502751112e-05
5.475948810577392578e+00,3.556507349014282227e+00,3.125698089599609375e+00,1.000000000000000000e+00,-1.894998858915641904e-04,-6.478160503320395947e-05,6.224879325600340962e-05
7.373509883880615234e+00,6.059798240661621094e+00,4.030380249023437500e+00,9.999996423721313477e-01,-2.058918616967275739e-04,-2.510932972654700279e-04,-8.506414596922695637e-04
3.161019563674926758e+00,1.322283029556274414e+00,1.407373785972595215e+00,1.000000000000000000e+00,-1.923217787407338619e-04,-1.147398579632863402e-04,1.031977590173482895e-04
1.391493082046508789e+00,3.060065507888793945e+00,2.310196161270141602e+00,1.000000000000000000e+00,-1.568549487274140120e-05,-1.073815801646560431e-04,-1.606315490789711475e-04
2.282676219940185547e+00,6.974430084228515625e+00,1.809192419052124023e+00,1.000000000000000000e+00,9.071270324056968093e-05,1.259562995983287692e-04,-1.697290572337806225e-04
3.794936180114746094e+00,2.425713539123535156e+00,4.109622001647949219e+00,1.000000000000000000e+00,1.019738847389817238e-04,8.210776286432519555e-05,-1.691610959824174643e-04
1.529804348945617676e+00,1.729414701461791992e+00,1.580758333206176758e+00,1.000000000000000000e+00,-1.017564954963745549e-05,-1.177990052383393049e-04,1.652249484322965145e-04
5.595782279968261719e+00,4.892064571380615234e+00,3.171615362167358398e+00,1.000000000000000000e+00,6.603291694773361087e-05,1.487932513555279002e-05,-1.952123275259509683e-04
3.430656433105468750e+00,4.439645290374755859e+00,2.893393039703369141e+00,1.000000000000000000e+00,-1.742639824442449026e-06,4.714939495897851884e-05,1.560064119985327125e-04
4.954337120056152344e+00,1.032230854034423828e+00,1.149875223636627197e-01,1.000000000000000000e+00,5.911876723985187709e-05,4.749686559080146253e-05,-5.414657425717450678e-05
5.777460932731628418e-01,1.806418180465698242e+00,5.109333992004394531e+00,9.999996423721313477e-01,2.781888761091977358e-04,7.653939537703990936e-04,3.599335032049566507e-04
4.064204216003417969e+00,4.312576293945312500e+00,1.719551920890808105e+00,9.999955892562866211e-01,2.738418988883495331e-04,2.041480911429971457e-04,-2.966917585581541061e-03
1.343376994132995605e+00,1.271699428558349609e+00,3.539581298828125000e-01,1.000000000000000000e+00,2.848300791811197996e-04,3.020428812305908650e-05,-5.615771078737452626e-05
2.802160739898681641e+00,3.300114154815673828e+00,4.835057735443115234e+00,1.000000000000000000e+00,8.718793105799704790e-05,-5.375547334551811218e-05,-2.553873637225478888e-04
1.578585624694824219e+00,5.546075820922851562e+00,5.814305305480957031e+00,1.000000000000000000e+00,-9.810854680836200714e-05,-3.876431583194062114e-05,3.521209509926848114e-05
5.244647979736328125e+00,6.585789680480957031e+00,5.787827968597412109e+00,1.000000000000000000e+00,6.099542952142655849e-05,-6.435047544073313475e-05,3.468549766694195569e-05
1.052626967430114746e-01,4.578227996826171875e+00,5.553244590759277344e+00,1.000000000000000000e+00,4.843038914259523153e-05,-4.374527270556427538e-05,-2.145376929547637701e-04
3.257925033569335938e+00,1.480694890022277832e+00,2.255388021469116211e+00,1.000000000000000000e+00,-9.537131700199097395e-05,3.812224576904554851e-06,1.320495503023266792e-04
6.350577831268310547e+00,7.246336460113525391e+00,6.402999877929687500e+00,1.000000000000000000e+00,5.281129051581956446e-05,7.875347364461049438e-06,-9.248758033209014684e-06
1.849653363227844238e+00,5.754277706146240234e+00,2.791053295135498047e+00,1.000000000000000000e+00,-1.689377386355772614e-04,-2.357823977945372462e-04,3.464368055574595928e-04
2.536574840545654297e+00,5.368800640106201172e+00,3.181497335433959961e+00,1.000000000000000000e+00,-5.433932165033183992e-05,1.358655117655871436e-05,6.154114817036315799e-05
1.196807146072387695e+00,3.854779005050659180e+00,1.658976912498474121e+00,1.000000000000000000e+00,1.051391882356256247e-04,-5.637000867864117026e-05,-1.123768233810551465e-04
1.851493716239929199e+00,3.318444013595581055e+00,4.905339241027832031e+00,1.000000000000000000e+00,2.028963353950530291e-04,7.345453195739537477e-05,-2.048335736617445946e-04
4.569887638092041016e+00,2.885389804840087891e+00,2.750400066375732422e+00,1.000000000000000000e+00,-4.955586337018758059e-05,-2.236353248008526862e-05,-1.665076270001009107e-04
2.861068725585937500e+00,2.142224311828613281e+00,3.833838105201721191e-01,1.000000000000000000e+00,1.873819564934819937e-04,3.414938692003488541e-05,1.346302888123318553e-04
1.848450303077697754e+00,2.439980506896972656e+00,5.815718650817871094e+00,1.000000000000000000e+00,-8.596295083407312632e-05,3.129129254375584424e-05,-7.526652916567400098e-05
4.408892989158630371e-01,7.179301977157592773e-01,5.772103309631347656e+00,1.000000000000000000e+00,-2.611491618154104799e-05,4.073473610333167017e-05,1.865776357590220869e-05
5.478255748748779297e+00,2.973437309265136719e+00,6.000893115997314453e+00,9.999962449073791504e-01,1.297491835430264473e-03,1.696974271908402443e-03,1.705959788523614407e-03
4.753612995147705078e+00,2.766995191574096680e+00,3.150893211364746094e+00,1.000000000000000000e+00,-1.041642462951131165e-04,-5.063204298494383693e-05,-9.749428500072099268e-06
7.203728675842285156e+00,4.402663230895996094e+00,6.663139343261718750e+00,9.999998211860656738e-01,4.887695540674030781e-04,-3.538642486091703176e-04,2.532533544581383467e-04
3.395532846450805664e+00,6.848107814788818359e+00,2.695247650146484375e+00,9.999995827674865723e-01,-6.680790684185922146e-04,-5.278968601487576962e-04,3.169246192555874586e-04
1.269676208496093750e+00,3.527904272079467773e+00,1.050257086753845215e+00,1.000000000000000000e+00,-5.468637027661316097e-05,1.095788411475950852e-05,-8.433344191871583462e-05
7.040349006652832031e+00,5.591298103332519531e+00,3.807287931442260742e+00,9.999999403953552246e-01,7.219239341793581843e-05,-5.025938153266906738e-04,8.540254930267110467e-05
6.124960899353027344e+00,6.983809947967529297e+00,8.010832071304321289e-01,1.000000000000000000e+00,-6.722315447404980659e-06,5.101615533931180835e-05,2.078171382891014218e-05
3.620088815689086914e+00,1.024384379386901855e+00,6.644495010375976562e+00,1.000000000000000000e+00,7.390095561277121305e-05,1.987447649298701435e-05,6.684649997623637319e-05
4.409183025360107422e+00,4.174064636230468750e+00,3.640202522277832031e+00,1.000000000000000000e+00,-4.618460297933779657e-05,-1.409448450431227684e-04,-4.113461909582838416e-05
1.696122288703918457e+00,7.416234493255615234e+00,4.211596965789794922e+00,1.000000000000000000e+00,1.089306897483766079e-04,-1.237022370332852006e-04,7.038785042823292315e-06
3.314273834228515625e+00,9.430545568466186523e-01,6.412367820739746094e+00,1.000000000000000000e+00,8.816177432890981436e-05,3.137946623610332608e-05,4.925384928355924785e-05
6.396903514862060547e+00,5.648185253143310547e+00,6.941555976867675781e+00,1.000000000000000000e+00,-5.688378587365150452e-05,7.540330898336833343e-06,2.786787081276997924e-05
1.052302718162536621e+00,6.409516334533691406e+00,4.472386837005615234e+00,9.999609589576721191e-01,-8.706429973244667053e-03,7.275120879057794809e-05,-1.550152548588812351e-03
1.608944177627563477e+00,4.683661937713623047e+00,3.161508083343505859e+00,1.000000000000000000e+00,-1.148127266787923872e-04,-8.941700798459351063e-05,2.928740577772259712e-04
6.345027446746826172e+00,2.882052659988403320e+00,6.075283050537109375e+00,9.999997615814208984e-01,7.404387724818661809e-05,-3.777417587116360664e-04,6.700308294966816902e-04
4.708226919174194336e-01,7.339726924896240234e+00,3.805253982543945312e+00,1.000000000000000000e+00,1.853059438872151077e-05,5.026771395932883024e-05,1.374901185045018792e-04
7.467158794403076172e+00,4.577611446380615234e+00,6.305825233459472656e+00,1.000000000000000000e+00,8.827962301438674331e-05,-7.258498953888192773e-05,6.889226642670109868e-05
5.527738094329833984e+00,5.485619068145751953e+00,4.531700134277343750e+00,1.000000000000000000e+00,4.770227405970217660e-06,6.110104732215404510e-05,-2.888884773710742593e-05
9.551750421524047852e-01,2.423591852188110352e+00,7.179440021514892578e+00,1.000000000000000000e+00,6.188390671013621613e-06,-7.334080146392807364e-05,-8.222187716455664486e-06
5.059130668640136719e+00,6.526125431060791016e+00,6.455471515655517578e+00,1.000000000000000000e+00,2.221411523350980133e-05,-4.158509909757412970e-05,2.063112879113759845e-05
5.873807907104492188e+00,2.237471580505371094e+00,3.572098016738891602e+00,1.000000000000000000e+00,-5.654231790686026216e-05,5.442559540824731812e-06,-1.045391545630991459e-04
5.368424415588378906e+00,5.857383728027343750e+00,2.740654706954956055e+00,9.999779462814331055e-01,-2.461581025272607803e-03,1.728060422465205193e-03,-5.932432599365711212e-03
1.729750633239746094e+00,5.055539608001708984e-01,7.378077030181884766e+00,9.999998807907104492e-01,4.457673348952084780e-04,-4.176207003183662891e-04,1.466713147237896919e-04
3.483808040618896484e+00,2.402654170989990234e+00,2.085956811904907227e+00,1.000000000000000000e+00,-2.028501039603725076e-04,2.472012129146605730e-04,2.788923848129343241e-05
6.838998794555664062e+00,2.764353513717651367e+00,6.001594543457031250e+00,1.000000000000000000e+00,3.309925523353740573e-05,-1.063897216226905584e-04,1.872900029411539435e-04
3.442401885986328125e+00,7.290580749511718750e+00,5.791445732116699219e+00,1.000000000000000000e+00,2.502526513126213104e-05,3.439453212195076048e-05,-1.168710878118872643e-05
4.137229919433593750e+00,3.077422678470611572e-01,4.385401248931884766e+00,1.000000000000000000e+00,5.808212335978168994e-06,2.150844011339358985e-05,8.787427759671118110e-06
5.660111904144287109e+00,1.806382179260253906e+00,1.212069988250732422e-01,1.000000000000000000e+00,-3.327005833853036165e-05,2.968913941003847867e-05,-4.980319135938771069e-05
3.058455228805541992e+00,3.603686332702636719e+00,1.419741749763488770e+00,1.000000000000000000e+00,-4.038655024487525225e-04,4.903527951682917774e-05,3.880917938658967614e-05
3.912565708160400391e+00,2.203275918960571289e+00,2.860702037811279297e+00,9.999960660934448242e-01,-8.107837638817727566e-04,-2.174250781536102295e-03,1.593611901625990868e-03
5.216045856475830078e+00,6.540095806121826172e+00,4.409142017364501953e+00,1.000000000000000000e+00,-3.290945096523500979e-05,2.208018995588645339e-04,-1.904240198200568557e-04
1.617561459541320801e+00,7.273205757141113281e+00,6.135237812995910645e-01,1.000000000000000000e+00,-1.586730504641309381e-04,3.400292189326137304e-05,2.982061232614796609e-05
5.812911510467529297e+00,5.218413829803466797e+00,7.430570602416992188e+00,1.000000000000000000e+00,-7.944475510157644749e-05,3.187617767252959311e-05,2.095205218211049214e-06
5.153998136520385742e-01,1.091519355773925781e+00,3.522973299026489258e+00,1.000000000000000000e+00,2.423430669296067208e-05,-7.189114694483578205e-05,2.752958789642434567e-05
5.371696472167968750e+00,5.488839149475097656e+00,7.186415672302246094e+00,1.000000000000000000e+00,-8.887627336662262678e-05,1.329294377683254424e-06,-8.141208127199206501e-06
2.130319833755493164e+00,1.120374441146850586e+00,5.409143447875976562e+00,1.000000000000000000e+00,6.152431888040155172e-05,4.016299499198794365e-05,-5.381285882322117686e-05
2.212975502014160156e+00,1.690004110336303711e+00,3.410589218139648438e+00,1.000000000000000000e+00,2.762720687314867973e-04,-6.226788536878302693e-05,-1.796249998733401299e-04
6.049392700195312500e+00,5.389646530151367188e+00,2.355780124664306641e+00,1.000000000000000000e+00,-1.211206908919848502e-04,-1.635813350731041282e-05,-8.935382356867194176e-05
3.435052871704101562e+00,3.391188859939575195e+00,2.647914409637451172e+00,9.999246597290039062e-01,2.095915842801332474e-03,-3.775184741243720055e-03,-1.149075943976640701e-02
4.536423206329345703e+00,3.168960332870483398e+00,5.695274829864501953e+00,1.000000000000000000e+00,7.534163887612521648e-05,5.231519753579050303e-05,2.045980509137734771e-04
2.463309049606323242e+00,7.220059394836425781e+00,5.851082801818847656e+00,1.000000000000000000e+00,-1.462544059904757887e-05,1.727538983686827123e-05,-1.491987768531544134e-05
4.723585844039916992e-01,3.848173141479492188e+00,1.418166518211364746e+00,1.000000000000000000e+00,-8.755024464335292578e-05,1.494610332883894444e-04,-4.187902231933549047e-05
3.847210645675659180e+00,2.702633142471313477e+00,6.841995716094970703e+00,1.000000000000000000e+00,-6.172403664095327258e-05,1.394232676830142736e-04,1.463556964154122397e-05
3.456885099411010742e+00,1.089328408241271973e+00,5.588242053985595703e+00,1.000000000000000000e+00,1.667202923272270709e-05,3.030220614164136350e-05,-1.688228257989976555e-05
1.738311052322387695e+00,3.444298028945922852e+00,7.362755775451660156e+00,1.000000000000000000e+00,9.175662853522226214e-06,-2.624919034133199602e-06,-8.225780220527667552e-06
2.893257379531860352e+00,6.263565540313720703e+00,2.678189754486083984e+00,1.000000000000000000e+00,-2.009646705118939281e-04,1.815703035390470177e-05,-7.844616629881784320e-05
7.439148902893066406e+00,1.748713612556457520e+00,7.194455265998840332e-01,9.999995827674865723e-01,7.489406270906329155e-04,4.714450915344059467e-04,-2.459671231918036938e-04
6.020067214965820312e+00,1.067987561225891113e+00,3.906813263893127441e-01,1.000000000000000000e+00,1.539417462481651455e-05,-1.078123545994458254e-06,-2.461776784912217408e-05
1.314604520797729492e+00,5.851525306701660156e+00,6.735866546630859375e+00,1.000000000000000000e+00,-6.748518353560939431e-05,-4.848976095672696829e-05,3.064193515456281602e-05
4.115860462188720703e+00,6.168354511260986328e+00,3.177077531814575195e+00,1.000000000000000000e+00,7.693502084293868393e-06,-1.928513520397245884e-04,3.089851452386938035e-05
1.887677073478698730e+00,1.233330011367797852e+00,6.920500278472900391e+00,1.000000000000000000e+00,1.586253492860123515e-04,-3.235814801882952452e-05,-2.246335861855186522e-05
6.406165122985839844e+00,9.954967498779296875e-01,3.984448432922363281e+00,9.999724030494689941e-01,-2.866397611796855927e-03,-6.837204564362764359e-03,5.898215458728373051e-04
5.538368225097656250e+00,4.970911979675292969e+00,1.688248395919799805e+00,1.000000000000000000e+00,-3.150677730445750058e-05,3.910968007403425872e-05,-5.504419823409989476e-05
4.743281364440917969e+00,1.224729061126708984e+00,1.190196394920349121e+00,1.000000000000000000e+00,-2.357514495088253170e-05,1.030054627335630357e-04,-1.698531705187633634e-04
4.394519627094268799e-01,5.987793445587158203e+00,6.382636070251464844e+00,1.000000000000000000e+00,-5.068122118245810270e-05,-1.734679790388327092e-05,-5.957440862403018400e-06
1.063281774520874023e+00,2.955190181732177734e+00,4.985092163085937500e+00,9.999992847442626953e-01,-7.692975923418998718e-04,6.877639098092913628e-04,-6.934043485671281815e-04
6.380199909210205078e+00,3.114573717117309570e+00,3.395115733146667480e-01,1.000000000000000000e+00,1.366097130812704563e-04,8.714159048395231366e-05,-7.206975715234875679e-05
3.007515907287597656e+00,6.632993221282958984e+00,3.762208223342895508e+00,1.000000000000000000e+00,1.024899211188312620e-05,-2.580699765530880541e-05,1.006992260954575613e-05
6.575370788574218750e+00,6.888698577880859375e+00,2.115698009729385376e-01,1.000000000000000000e+00,3.480255691101774573e-05,4.282999361748807132e-05,-2.171112464566249400e-05
4.692142605781555176e-01,2.027237892150878906e+00,1.946311116218566895e+00,1.000000000000000000e+00,2.437727962387725711e-04,-5.453642734210006893e-05,1.327868812950327992e-04
5.290153503417968750e+00,6.273291110992431641e+00,1.523003458976745605e+00,1.000000000000000000e+00,-1.103545655496418476e-04,2.056587982224300504e-04,4.815894499188289046e-05
3.187363147735595703e+00,2.968067646026611328e+00,4.890336036682128906e+00,1.000000000000000000e+00,3.290328604634851217e-04,-3.973199454776477069e-06,-1.320041628787294030e-04
7.188868999481201172e+00,5.217083454132080078e+00,5.135493278503417969e-01,1.000000000000000000e+00,-1.144949637819081545e-04,6.877751729916781187e-05,2.522602517274208367e-05
3.969593904912471771e-03,5.761772632598876953e+00,4.936585426330566406e+00,1.000000000000000000e+00,-6.064926492399536073e-05,8.678357698954641819e-05,-5.145689283381216228e-05
5.207114696502685547e+00,5.410561084747314453e+00,3.777062654495239258e+00,1.000000000000000000e+00,3.155365702696144581e-04,8.223270560847595334e-05,1.133728073909878731e-04
4.553037643432617188e+00,2.976799011230468750e+00,5.934241414070129395e-01,1.000000000000000000e+00,3.229251888114959002e-05,3.244044637540355325e-05,5.396278356784023345e-05
5.190673828125000000e+00,3.800661802291870117e+00,5.079892158508300781e+00,1.000000000000000000e+00,3.837663098238408566e-05,-5.424978735391050577e-05,1.543372127343900502e-05
2.675270318984985352e+00,1.388236284255981445e+00,3.319946765899658203e+00,1.000000000000000000e+00,3.199289494659751654e-04,-2.346969267819076777e-04,9.364561265101656318e-05
5.527888774871826172e+00,6.935721397399902344e+00,4.186142921447753906e+00,1.000000000000000000e+00,-5.161455646884860471e-06,2.585495822131633759e-04,-1.306299236603081226e-04
2.827276229858398438e+00,2.029131650924682617e+00,4.077421665191650391e+00,9.999724626541137695e-01,-1.437774044461548328e-03,4.973877003067173064e-05,7.283206563442945480e-03
7.189826011657714844e+00,5.547682285308837891e+00,7.099874973297119141e+00,1.000000000000000000e+00,-9.034163667820394039e-05,5.054403118265327066e-06,4.675704985857009888e-05
1.404493570327758789e+00,1.276423692703247070e+00,3.262503623962402344e+00,1.000000000000000000e+00,5.529505870072171092e-05,-6.822770956205204129e-05,8.184814214473590255e-05
5.729193210601806641e+00,4.224415779113769531e+00,1.819573760032653809e+00,1.000000000000000000e+00,6.621953070862218738e-05,2.850537021004129201e-05,6.661410589003935456e-05
3.510499238967895508e+00,2.272101640701293945e+00,5.880442142486572266e+00,9.999833106994628906e-01,-3.837486961856484413e-03,-2.401702804490923882e-03,-3.589265281334519386e-03
3.848246812820434570e+00,5.147122859954833984e+00,7.077623367309570312e+00,9.999941587448120117e-01,-2.904972294345498085e-03,-1.482070190832018852e-03,1.089333323761820793e-03
3.293162345886230469e+00,6.600202083587646484e+00,8.916581869125366211e-01,9.999992847442626953e-01,1.172586926259100437e-03,-5.013328336644917727e-05,3.593520377762615681e-04
1.670714974403381348e+00,5.467085838317871094e+00,3.193123340606689453e+00,9.999999403953552246e-01,-3.342576674185693264e-04,-3.358671383466571569e-04,1.282835874008014798e-04
2.218671560287475586e+00,5.297739982604980469e+00,4.204894542694091797e+00,1.000000000000000000e+00,-3.720054883160628378e-05,4.414971044752746820e-05,1.417545281583443284e-04
3.998423814773559570e+00,1.328309059143066406e+00,2.794440090656280518e-01,1.000000000000000000e+00,8.176123083103448153e-05,2.530937126721255481e-05,1.894627166620921344e-05
6.144685268402099609e+00,5.127994060516357422e+00,6.790433406829833984e+00,1.000000000000000000e+00,-8.268877718364819884e-05,1.748382965160999447e-05,5.731289547838969156e-06
5.324365615844726562e+00,2.093064069747924805e+00,6.404108047485351562e+00,9.999999403953552246e-01,-3.000910510309040546e-04,-1.262108999071642756e-04,-4.231750208418816328e-04
4.568543434143066406e+00,9.186314940452575684e-01,1.234590649604797363e+00,1.000000000000000000e+00,-1.494671960244886577e-05,9.263320680474862456e-05,-9.412998042535036802e-05
9.288406372070312500e-01,3.794447183609008789e+00,2.952802419662475586e+00,9.999993443489074707e-01,6.867373012937605381e-04,-2.643603365868330002e-04,-9.195884340442717075e-04
3.861010789871215820e+00,5.997968196868896484e+00,4.912661075592041016e+00,9.999412298202514648e-01,5.255339201539754868e-03,-9.236784651875495911e-03,2.181281801313161850e-03
6.132088184356689453e+00,4.783298969268798828e+00,2.308153152465820312e+00,1.000000000000000000e+00,-2.424165541015099734e-05,2.013439188885968179e-05,-8.032671757973730564e-06
6.662454605102539062e-01,5.194124221801757812e+00,3.811186924576759338e-02,1.000000000000000000e+00,-5.371474253479391336e-05,-9.150103323918301612e-06,-4.738702045870013535e-06
2.491263628005981445e+00,4.283938407897949219e+00,7.326930522918701172e+00,1.000000000000000000e+00,1.506296539446339011e-04,1.210286354762502015e-04,-6.949051748961210251e-05
2.639196872711181641e+00,7.053812980651855469e+00,3.832828283309936523e+00,1.000000000000000000e+00,6.986876542214304209e-05,-4.601883483701385558e-05,7.888570507930126041e-06
3.577020406723022461e+00,3.046925306320190430e+00,2.814481496810913086e+00,9.999983310699462891e-01,3.584273508749902248e-04,-5.412800237536430359e-04,-1.741551794111728668e-03
9.828302860260009766e-01,4.442586898803710938e+00,6.242859840393066406e+00,9.999999403953552246e-01,1.366853539366275072e-04,1.346989447483792901e-04,-4.733845707960426807e-04
4.541231155395507812e+00,6.020816326141357422e+00,7.365446090698242188e-01,9.999996423721313477e-01,8.417238714173436165e-04,-2.402872487436980009e-04,1.088395656552165747e-04
5.355334281921386719e+00,5.379348993301391602e-01,6.412083625793457031e+00,1.000000000000000000e+00,3.104784991592168808e-05,-4.819246896659024060e-05,4.078410711372271180e-05
4.610672950744628906e+00,5.762575149536132812e+00,6.497321605682373047e+00,1.000000000000000000e+00,-4.738819916383363307e-05,-1.070648431777954102e-04,1.153596986114280298e-05
6.611354827880859375e+00,3.051356792449951172e+00,2.501525402069091797e+00,1.000000000000000000e+00,1.898973278002813458e-05,-1.542816607980057597e-04,-5.125474490341730416e-05
4.229407787322998047e+00,1.329905912280082703e-02,3.192301988601684570e+00,9.999999403953552246e-01,4.577429208438843489e-04,1.112466634367592633e-04,1.266150356968864799e-04
3.742055654525756836e+00,4.850683689117431641e+00,6.423728942871093750e+00,1.000000000000000000e+00,-4.076149489264935255e-04,-1.871023705461993814e-04,7.979015936143696308e-05
9.236115217208862305e-02,1.476866364479064941e+00,4.203123092651367188e+00,9.999983906745910645e-01,-1.566975959576666355e-03,-7.141108508221805096e-04,-5.593513487838208675e-04
2.348755121231079102e+00,6.210745334625244141e+00,7.244778871536254883e-01,1.000000000000000000e+00,-3.322364864288829267e-05,-1.708757918095216155e-04,-1.356297275378892664e-06
4.441047668457031250e+00,1.866818308830261230e+00,2.571221351623535156e+00,1.000000000000000000e+00,9.720352682052180171e-05,3.438789863139390945e-04,-8.649494702694937587e-05
3.292344331741333008e+00,1.014178991317749023e+00,3.285593390464782715e-01,1.000000000000000000e+00,1.092435413738712668e-04,3.095170177402906120e-05,5.614338806481100619e-05
1.466201066970825195e+00,1.850705862045288086e+00,6.710764884948730469e+00,1.000000000000000000e+00,-1.293134555453434587e-04,-1.420691260136663914e-04,1.973145117517560720e-05
9.054096341133117676e-01,1.424486279487609863e+00,4.065533161163330078e+00,9.999999403953552246e-01,-1.530413283035159111e-04,-2.776512410491704941e-04,3.473841934464871883e-04
6.411078572273254395e-01,4.080367565155029297e+00,3.573658704757690430e+00,1.000000000000000000e+00,8.357390470337122679e-05,3.384274896234273911e-04,1.303351164096966386e-04
1.795455336570739746e+00,4.585782051086425781e+00,5.428907871246337891e+00,1.000000000000000000e+00,2.602735912660136819e-05,-3.913109248969703913e-04,1.759810984367504716e-04
1.647847771644592285e+00,4.433857440948486328e+00,7.477166175842285156e+00,1.000000000000000000e+00,1.697255793260410428e-04,-5.622779281111434102e-05,-3.481583553366363049e-05
1.626867294311523438e+00,3.543292582035064697e-01,5.781476020812988281e+00,1.000000000000000000e+00,8.872003672877326608e-05,3.232485323678702116e-05,-1.224716743308817968e-05
1.755704164505004883e+00,1.783637762069702148e+00,6.133533954620361328e+00,9.999993443489074707e-01,-7.184187998063862324e-04,7.572612375952303410e-04,4.330886295065283775e-04
5.079633712768554688e+00,6.757593631744384766e+00,7.690408825874328613e-01,9.999998807907104492e-01,-3.834169474430382252e-04,4.624800640158355236e-04,8.925296424422413111e-05
2.460768461227416992e+00,5.800281047821044922e+00,7.006258964538574219e+00,9.999999403953552246e-01,1.492328738095238805e-04,3.396001702640205622e-04,2.599532890599220991e-04
4.201144218444824219e+00,4.950174808502197266e+00,2.750319838523864746e-01,1.000000000000000000e+00,2.323403168702498078e-04,1.586887810844928026e-04,-1.385856012348085642e-04
3.508466780185699463e-01,6.415881633758544922e+00,4.395978927612304688e+00,1.000000000000000000e+00,7.524640386691316962e-05,-2.096377284033223987e-04,-2.927906461991369724e-04
7.220516204833984375e-01,2.281450033187866211e+00,6.841384887695312500e+00,1.000000000000000000e+00,-2.017065344261936843e-05,-8.032620098674669862e-05,2.132423787770676427e-06
3.857684373855590820e+00,3.738067388534545898e+00,6.585066318511962891e+00,1.000000000000000000e+00,-1.344682677881792188e-04,-5.288779334478022065e-07,1.433925444871420041e-05
7.277628421783447266e+00,5.603778839111328125e+00,8.890595436096191406e-01,1.000000000000000000e+00,-5.366317054722458124e-05,6.256279448280110955e-05,3.199890852556563914e-05
2.572160243988037109e+00,5.419941425323486328e+00,2.600686788558959961e+00,1.000000000000000000e+00,-7.776058191666379571e-05,6.946649955352768302e-05,4.906939284410327673e-05
1.176119208335876465e+00,2.713399171829223633e+00,5.958834171295166016e+00,1.000000000000000000e+00,2.349762944504618645e-04,-1.175240468000993133e-04,-1.113906546379439533e-04
6.814104557037353516e+00,9.748083353042602539e-01,7.076613903045654297e+00,1.000000000000000000e+00,-1.286765382246812806e-05,3.461462256382219493e-05,2.335209865123033524e-05
3.439245223999023438e+00,1.775189518928527832e+00,3.611604213714599609e+00,1.000000000000000000e+00,-7.114304753486067057e-05,1.469363924115896225e-04,-2.752570435404777527e-05
4.328174114227294922e+00,1.095139622688293457e+00,1.500773549079895020e+00,1.000000000000000000e+00,-5.130093268235214055e-05,7.621595432283356786e-05,-9.732646867632865906e-05
6.188301444053649902e-01,2.462594747543334961e+00,1.169291853904724121e+00,1.000000000000000000e+00,-3.858487616525962949e-05,9.539105121803004295e-06,2.168755781895015389e-05
2.620317697525024414e+00,2.621906995773315430e-01,2.958522796630859375e+00,9.999998807907104492e-01,5.321832140907645226e-04,5.592853267444297671e-05,3.046231577172875404e-04
2.822798967361450195e+00,4.196012973785400391e+00,5.372220516204833984e+00,9.999978542327880859e-01,8.371456060558557510e-04,1.258094562217593193e-03,1.442119129933416843e-03
6.215909004211425781e+00,3.605719804763793945e+00,3.572335541248321533e-01,1.000000000000000000e+00,8.863518451107665896e-05,1.099790824810042977e-04,-7.818719313945621252e-05
4.201635837554931641e+00,7.092054843902587891e+00,5.099883556365966797e+00,1.000000000000000000e+00,6.456040136981755495e-05,-4.002348941867239773e-05,5.064486686023883522e-05
6.563790798187255859e+00,7.811518013477325439e-02,7.343240261077880859e+00,1.000000000000000000e+00,6.629467679886147380e-05,-8.216192327381577343e-06,-4.259737397660501301e-05
6.786711215972900391e+00,1.774478077888488770e+00,5.090381622314453125e+00,1.000000000000000000e+00,5.516940291272476315e-05,-2.197397989220917225e-04,1.374811399728059769e-04
3.184702396392822266e+00,8.285345882177352905e-02,5.696152210235595703e+00,1.000000000000000000e+00,2.453012348269112408e-05,3.849696440738625824e-05,-1.054509084497112781e-05
5.498201847076416016e+00,2.009636878967285156e+00,2.890150308609008789e+00,1.000000000000000000e+00,5.710942423320375383e-05,3.078597001149319112e-05,-3.662410890683531761e-04
5.407267093658447266e+00,4.393577277660369873e-01,5.108100891113281250e+00,1.000000000000000000e+00,-3.862501034745946527e-05,-5.167167546460404992e-05,4.011320561403408647e-05
5.520052433013916016e+00,5.301415920257568359e+00,5.651116371154785156e+00,1.000000000000000000e+00,-3.144246875308454037e-05,-2.162016426154877990e-05,-1.166614197245507967e-06
6.689370632171630859e+00,5.504846572875976562e+00,5.461153030395507812e+00,1.000000000000000000e+00,-8.922029519453644753e-05,5.754936864832416177e-06,3.766049849218688905e-05
2.253024339675903320e+00,7.221159458160400391e+00,7.189641952514648438e+00,1.000000000000000000e+00,-9.492528624832630157e-05,3.744680043382686563e-06,3.522868792060762644e-05
3.030220508575439453e+00,4.030257701873779297e+00,3.565493345260620117e+00,1.000000000000000000e+00,-1.136801874963566661e-04,1.959957735380157828e-04,1.134149206336587667e-04
6.082841873168945312e+00,8.393144607543945312e-01,7.020823478698730469e+00,1.000000000000000000e+00,-1.263955056174381752e-07,-3.988856860814848915e-06,3.113784032393596135e-06
6.009294509887695312e+00,3.191869735717773438e+00,6.689528465270996094e+00,9.999978542327880859e-01,-3.151154669467359781e-04,-1.643343595787882805e-03,1.291365711949765682e-03
3.670724153518676758e+00,5.623533248901367188e+00,7.329984188079833984e+00,9.999443292617797852e-01,3.660517977550625801e-03,-9.342227131128311157e-03,3.284736303612589836e-03
1.410240650177001953e+00,3.905038118362426758e+00,2.545938968658447266e+00,1.000000000000000000e+00,3.072971885558217764e-04,-1.660724519751966000e-04,-7.122554961824789643e-05
4.007192850112915039e-01,2.688254833221435547e+00,6.793096542358398438e+00,1.000000000000000000e+00,1.707087358226999640e-05,-1.383023754897294566e-05,2.762505573628004640e-05
4.022869586944580078e+00,1.018430471420288086e+00,5.852905273437500000e+00,1.000000000000000000e+00,-2.316778954991605133e-05,-9.995774234994314611e-06,-2.962106191262137145e-05
5.346865177154541016e+00,3.287568330764770508e+00,6.114469528198242188e+00,9.999957680702209473e-01,2.588208764791488647e-03,1.243966864421963692e-03,-5.613006651401519775e-04
4.360604763031005859e+00,6.268661022186279297e-01,7.512804269790649414e-01,1.000000000000000000e+00,9.115557622862979770e-05,4.315389742259867489e-05,-1.889178383862599730e-05
5.975642204284667969e+00,1.212954521179199219e+00,7.172461032867431641e+00,1.000000000000000000e+00,-1.583794983162079006e-05,-8.339939995494205505e-06,-1.007789705909090117e-05
6.744086742401123047e+00,3.656591176986694336e+00,3.806283712387084961e+00,1.000000000000000000e+00,-1.448725088266655803e-04,8.928911847760900855e-05,-1.015815578284673393e-04
6.179986953735351562e+00,7.276251792907714844e+00,5.391176223754882812e+00,1.000000000000000000e+00,1.880677300505340099e-04,6.009370918036438525e-05,-4.086342232767492533e-05
3.002859115600585938e+00,9.845510125160217285e-01,2.797659158706665039e+00,1.000000000000000000e+00,-6.378335820045322180e-05,4.814789917872985825e-06,-1.230238558491691947e-04
4.718561768531799316e-01,7.125383853912353516e+00,6.113311648368835449e-01,1.000000000000000000e+00,3.739768580999225378e-04,-1.674608756729867309e-05,-1.051483995979651809e-04
7.085775852203369141e+00,6.263982295989990234e+00,1.754597067832946777e+00,1.000000000000000000e+00,-5.044544013799168169e-05,-3.009958891198039055e-04,3.839187411358579993e-05
4.553228020668029785e-01,7.070754766464233398e-01,1.324783325195312500e+00,1.000000000000000000e+00,-1.377593798679299653e-05,-6.862619920866563916e-05,4.895792153547517955e-05
3.245150327682495117e+00,3.230232238769531250e+00,3.532513856887817383e+00,1.000000000000000000e+00,-1.139628438977524638e-04,1.486199016653699800e-05,-7.619159987370949239e-06
1.427604556083679199e-01,6.940931320190429688e+00,2.548596382141113281e+00,1.000000000000000000e+00,-9.276622586185112596e-05,-9.656445763539522886e-05,2.914595279435161501e-05
1.222269058227539062e+00,1.391286253929138184e+00,3.756581306457519531e+00,1.000000000000000000e+00,1.314554174314253032e-05,-8.701704791747033596e-05,1.587783481227234006e-04
1.663069844245910645e+00,6.809918403625488281e+00,2.097816705703735352e+00,1.000000000000000000e+00,-1.286382939724717289e-05,-2.987613697769120336e-05,-2.710667467908933759e-05
4.173580169677734375e+00,1.614609837532043457e+00,2.293231964111328125e+00,1.000000000000000000e+00,1.066176773747429252e-04,2.705557853914797306e-04,1.081139562302269042e-04
4.233085632324218750e+00,4.305202007293701172e+00,3.108185291290283203e+00,1.000000000000000000e+00,3.583782017813064158e-05,-7.840476609999313951e-05,2.167620114050805569e-04
5.291645050048828125e+00,9.131211787462234497e-02,9.943463802337646484e-01,1.000000000000000000e+00,9.345943544758483768e-05,6.732257315889000893e-05,4.778389120474457741e-05
3.185570478439331055e+00,4.215003490447998047e+00,5.171954154968261719e+00,9.999083876609802246e-01,-8.804400451481342316e-03,-4.625251516699790955e-03,9.182985872030258179e-03
1.687732815742492676e+00,3.116728067398071289e+00,6.912914276123046875e+00,1.000000000000000000e+00,-1.795521166059188545e-05,-3.143265348626300693e-05,3.211852890672162175e-05
4.719563961029052734e+00,6.462044715881347656e+00,7.278468012809753418e-01,9.999833106994628906e-01,-5.716294981539249420e-03,5.063781864009797573e-04,-7.211396005004644394e-04
5.987897396087646484e+00,2.587905406951904297e+00,1.803383231163024902e+00,1.000000000000000000e+00,-5.765494643128477037e-05,-9.915349801303818822e-05,-1.088235148927196860e-05
7.271306514739990234e-01,2.051649332046508789e+00,5.701364517211914062e+00,9.999995231628417969e-01,3.452928212936967611e-04,8.880989626049995422e-04,4.585558199323713779e-04
2.247779369354248047e+00,1.448171377182006836e+00,6.002411842346191406e+00,9.999995231628417969e-01,5.540439360629534349e-06,6.322150584310293198e-04,-7.765955524519085884e-04
3.821880817413330078e+00,7.068706512451171875e+00,5.404072284698486328e+00,1.000000000000000000e+00,7.634497160324826837e-05,4.067992449563462287e-06,2.943508479802403599e-05
6.978629112243652344e+00,5.978322029113769531e+00,7.023874282836914062e+00,1.000000000000000000e+00,-7.884463411755859852e-05,-1.192202944366727024e-05,4.567983341985382140e-05
6.726689815521240234e+00,6.917580366134643555e-01,6.717277050018310547e+00,1.000000000000000000e+00,-6.028713869454804808e-06,1.718991370580624789e-05,-8.958072612585965544e-06
6.272032737731933594e+00,2.062315702438354492e+00,7.030678391456604004e-01,1.000000000000000000e+00,-1.985726339626125991e-05,1.196848916151793674e-05,4.251918198860948905e-06
3.084018707275390625e+00,2.458913251757621765e-02,2.112095117568969727e+00,9.999997019767761230e-01,6.750421598553657532e-04,2.667938824743032455e-04,4.648150061257183552e-04
1.274225711822509766e+00,1.701172232627868652e+00,4.286938190460205078e+00,1.000000000000000000e+00,-5.514387521543540061e-05,-1.815637806430459023e-04,1.945073599927127361e-04
3.965779066085815430e+00,3.465359449386596680e+00,5.464308261871337891e-01,1.000000000000000000e+00,1.922768024087417871e-05,8.786814760242123157e-06,8.754111331654712558e-05
2.682213068008422852e+00,4.325441837310791016e+00,5.962467670440673828e+00,9.998712539672851562e-01,5.235556047409772873e-03,1.510564610362052917e-02,1.399205182678997517e-03
2.929643392562866211e+00,1.410551786422729492e+00,3.589764118194580078e+00,9.999997615814208984e-01,6.538358866237103939e-04,-1.520589576102793217e-04,3.963656781706959009e-04
7.001453042030334473e-01,5.887206554412841797e+00,6.744701385498046875e+00,1.000000000000000000e+00,-6.648198177572339773e-05,-3.514406125759705901e-05,7.825294233043678105e-06
7.248546600341796875e+00,2.069703817367553711e+00,7.098081111907958984e-01,9.999926090240478516e-01,-3.483319655060768127e-03,-1.157089951448142529e-03,1.201416132971644402e-03
4.928501129150390625e+00,5.436877727508544922e+00,6.689742088317871094e+00,1.000000000000000000e+00,-9.119523747358471155e-05,-1.039382841554470360e-04,-7.164424005168257281e-06
3.457086086273193359e-01,5.917533397674560547e+00,4.902381420135498047e+00,1.000000000000000000e+00,-3.331598418299108744e-05,-4.079449718119576573e-05,-1.278953277505934238e-04
4.000144958496093750e+00,5.465919971466064453e+00,6.837402343750000000e+00,9.999940395355224609e-01,4.537750646704807878e-05,-3.295379923656582832e-03,1.036079833284020424e-03
4.627894401550292969e+00,4.547569274902343750e+00,3.926616191864013672e+00,1.000000000000000000e+00,1.146721842815168202e-04,-1.078207133105024695e-04,-2.590803342172876000e-05
8.357561230659484863e-01,7.112205505371093750e+00,1.477147042751312256e-01,1.000000000000000000e+00,3.435250619077123702e-05,2.298109757248312235e-05,-3.015971560671459883e-05
1.709465384483337402e+00,2.773871898651123047e+00,4.395722389221191406e+00,1.000000000000000000e+00,-8.648626680951565504e-05,8.190234439098276198e-06,-6.259892415982903913e-06
4.910748481750488281e+00,4.542382240295410156e+00,2.740011930465698242e+00,9.999933838844299316e-01,2.820493187755346298e-03,1.153814722783863544e-03,-2.035807585343718529e-03
5.342202663421630859e+00,1.114220142364501953e+00,5.432372093200683594e+00,1.000000000000000000e+00,-4.044590968987904489e-05,-4.068325506523251534e-05,-1.045431708917021751e-04
3.765409469604492188e+00,2.051764488220214844e+00,1.067548155784606934e+00,1.000000000000000000e+00,-1.077161650755442679e-04,-3.741532855201512575e-04,1.392682897858321667e-04
5.939103126525878906e+00,2.240361273288726807e-01,4.411396980285644531e+00,1.000000000000000000e+00,-2.495077023922931403e-05,1.338597257927176543e-06,7.639254909008741379e-05
9.995491504669189453e-01,1.143168926239013672e+00,4.736189842224121094e+00,1.000000000000000000e+00,-2.456358924973756075e-04,-1.719541323836892843e-04,1.202701678266748786e-04
7.228444099426269531e+00,2.522351503372192383e+00,2.173143863677978516e+00,1.000000000000000000e+00,1.448192779207602143e-04,-1.087482887669466436e-04,-2.666297768882941455e-05
6.446179866790771484e+00,1.928973674774169922e+00,4.079771041870117188e+00,1.000000000000000000e+00,1.095840707421302795e-04,1.569187443237751722e-04,-1.573807458044029772e-05
7.240393161773681641e+00,6.940516829490661621e-02,9.138603806495666504e-01,1.000000000000000000e+00,1.172348274849355221e-04,2.301060885656625032e-05,-1.133626865339465439e-04
6.123907566070556641e+00,2.513134002685546875e+00,7.343784332275390625e+00,9.999994635581970215e-01,-7.310715736821293831e-04,-1.472839267080416903e-05,8.350811549462378025e-04
5.949905395507812500e+00,4.305713176727294922e+00,4.328281879425048828e+00,1.000000000000000000e+00,-9.339465577795635909e-06,-6.156407471280544996e-05,-1.204038017021957785e-05
1.658166527748107910e+00,6.202951908111572266e+00,1.723318576812744141e+00,9.999998807907104492e-01,3.763880231417715549e-04,-2.129698114003986120e-04,-2.859303203877061605e-04
2.018616199493408203e+00,2.392370462417602539e+00,6.851794719696044922e+00,1.000000000000000000e+00,-4.206547600915655494e-05,-1.395052913721883669e-05,1.315871304541360587e-05
3.396890461444854736e-01,5.217461585998535156e+00,7.012802600860595703e+00,1.000000000000000000e+00,-4.494955283007584512e-05,-5.952980700385523960e-06,1.630347651371266693e-05
3.288832426071166992e+00,4.872486114501953125e+00,3.654055118560791016e+00,1.000000000000000000e+00,6.625777587032644078e-06,9.752708865562453866e-05,1.082846065401099622e-04
4.202502727508544922e+00,5.003431320190429688e+00,6.725711345672607422e+00,9.999999403953552246e-01,-3.796721866820007563e-04,-3.666706325020641088e-04,6.499506707768887281e-05
4.752744674682617188e+00,3.926393032073974609e+00,5.416149139404296875e+00,1.000000000000000000e+00,-8.522234566044062376e-06,3.030488642252748832e-06,1.041477225953713059e-04
5.216810107231140137e-01,2.277583360671997070e+00,4.094732284545898438e+00,9.999994039535522461e-01,4.256169777363538742e-04,-1.120718297897838056e-04,-1.079140463843941689e-03
6.316991806030273438e+00,3.458029031753540039e+00,7.321600437164306641e+00,9.999999403953552246e-01,1.247781765414401889e-04,3.692047030199319124e-04,-3.134004073217511177e-04
1.726462841033935547e+00,5.754643917083740234e+00,6.935729503631591797e+00,1.000000000000000000e+00,-4.691664798883721232e-05,-6.296258652582764626e-05,6.347744056256487966e-05
5.445349693298339844e+00,3.350857496261596680e+00,1.704290986061096191e+00,1.000000000000000000e+00,3.222808300051838160e-05,-2.428658945063943975e-06,3.968505188822746277e-05
2.795585244894027710e-02,4.754858493804931641e+00,5.124384880065917969e+00,9.999998807907104492e-01,-4.536323249340057373e-04,2.237760054413229227e-04,-1.533782051410526037e-04
5.157680988311767578e+00,2.435665130615234375e+00,7.265044212341308594e+00,1.000000000000000000e+00,-8.558385889045894146e-05,9.888570639304816723e-05,2.028202652581967413e-05
3.108615636825561523e+00,1.135298848152160645e+00,6.645536899566650391e+00,1.000000000000000000e+00,1.217922035721130669e-04,4.026645910926163197e-05,5.574602255364879966e-05
1.105265021324157715e+00,6.565700531005859375e+00,4.201750278472900391e+00,9.999611377716064453e-01,-8.676586672663688660e-03,1.083800161723047495e-04,-1.551282475702464581e-03
1.823165297508239746e+00,6.599404811859130859e+00,1.340613245964050293e+00,9.999964237213134766e-01,2.466367557644844055e-03,9.763956186361610889e-04,3.160535707138478756e-04
4.224025905132293701e-01,3.579623937606811523e+00,3.317175626754760742e+00,9.999996423721313477e-01,-7.229588809423148632e-04,5.891395267099142075e-04,-8.316330786328762770e-05
5.743197917938232422e+00,1.494379281997680664e+00,7.188467025756835938e+00,1.000000000000000000e+00,-3.405190000194124877e-05,6.906077032908797264e-06,-3.325208308524452150e-05
5.807376861572265625e+00,6.476470947265625000e+00,7.068014740943908691e-01,1.000000000000000000e+00,-4.801350223715417087e-05,2.893813689297530800e-05,4.776256537297740579e-05
1.230854511260986328e+00,3.475628614425659180e+00,7.237953662872314453e+00,1.000000000000000000e+00,-3.229669528082013130e-05,4.052960503031499684e-05,2.146549377357587218e-05
3.135838031768798828e+00,2.862524032592773438e+00,7.194623470306396484e+00,1.000000000000000000e+00,-2.229596066172234714e-05,3.658011337392963469e-05,-2.188294274674262851e-06
5.144998550415039062e+00,1.509469389915466309e+00,3.221158504486083984e+00,1.000000000000000000e+00,-5.268931272439658642e-05,2.639622653077822179e-05,-8.809744031168520451e-05
4.542796134948730469e+00,2.592801332473754883e+00,3.871894359588623047e+00,1.000000000000000000e+00,-2.482916897861286998e-05,-6.910288902872707695e-06,2.640878301463089883e-05
5.260912895202636719e+00,3.404402732849121094e-01,3.798502206802368164e+00,1.000000000000000000e+00,-1.766850982676260173e-05,3.333227869006805122e-05,-4.041625652462244034e-05
1.995937824249267578e-01,1.173228979110717773e+00,7.391421318054199219e+00,9.999761581420898438e-01,6.525635253638029099e-03,-2.090283203870058060e-03,-8.575078099966049194e-04
6.685873031616210938e+00,3.512525081634521484e+00,5.087810993194580078e+00,1.000000000000000000e+00,1.072681916411966085e-04,-1.026316313073039055e-04,-7.480807198589900509e-06
1.488004326820373535e-01,1.335299611091613770e-01,1.255690813064575195e+00,1.000000000000000000e+00,2.331680116185452789e-05,-2.094639967253897339e-05,-5.171561133465729654e-05
5.288058757781982422e+00,2.981071233749389648e+00,6.263532161712646484e+00,9.999903440475463867e-01,2.756341360509395599e-03,3.175334306433796883e-03,1.313697663135826588e-03
3.450705766677856445e+00,4.910058498382568359e+00,4.764744281768798828e+00,9.999682307243347168e-01,5.906705278903245926e-03,3.445396898314356804e-03,4.110046662390232086e-03
4.489324569702148438e+00,1.702447772026062012e+00,6.341418743133544922e+00,1.000000000000000000e+00,-4.824653660762123764e-05,-5.668887297360925004e-06,-7.614115020260214806e-05
5.511306762695312500e+00,1.379423260688781738e+00,5.648155212402343750e+00,1.000000000000000000e+00,-6.425962055800482631e-05,-4.931470539304427803e-05,-1.326676137978211045e-04
4.863602638244628906e+00,6.932643890380859375e+00,4.935410022735595703e+00,1.000000000000000000e+00,2.209078047599177808e-05,-3.024553370778448880e-05,1.771738789102528244e-05
5.559875011444091797e+00,3.444000720977783203e+00,2.781335353851318359e+00,1.000000000000000000e+00,-7.655403896933421493e-05,-5.239470192464068532e-05,6.708833097945898771e-05
2.497849464416503906e+00,2.469080448150634766e+00,3.103099822998046875e+00,1.000000000000000000e+00,-1.189912145491689444e-04,1.052446605172008276e-04,1.479014317737892270e-04
3.389159440994262695e+00,6.450032711029052734e+00,4.870783805847167969e+00,1.000000000000000000e+00,-1.272433655685745180e-05,-1.551073364680632949e-05,-6.380127888405695558e-05
6.463844776153564453e+00,4.331759452819824219e+00,5.995046615600585938e+00,1.000000000000000000e+00,3.570127591956406832e-05,1.389391982229426503e-04,1.206546294270083308e-04
4.075197219848632812e+00,2.593693733215332031e+00,5.544047832489013672e+00,9.999994039535522461e-01,7.491771830245852470e-04,-5.167065537534654140e-04,7.123152026906609535e-04
4.165165901184082031e+00,3.770376205444335938e+00,2.694103717803955078e+00,1.000000000000000000e+00,-8.326212991960346699e-05,4.741631710203364491e-05,-9.726142707222606987e-06
3.289534091949462891e+00,4.942348957061767578e+00,6.992808341979980469e+00,9.999997019767761230e-01,-7.703717565163969994e-04,3.086109936702996492e-04,1.465040550101548433e-04
1.790968060493469238e+00,3.917838335037231445e+00,1.372766971588134766e+00,9.999999403953552246e-01,-2.522908907849341631e-04,2.893779019359499216e-04,-3.279553493484854698e-04
3.381126403808593750e+00,1.252829551696777344e+00,3.774207115173339844e+00,1.000000000000000000e+00,7.567578722955659032e-05,-9.133005369221791625e-05,6.972450501052662730e-05
6.937608242034912109e+00,6.190844058990478516e+00,1.259106636047363281e+00,1.000000000000000000e+00,3.368733814568258822e-05,9.195589518640190363e-05,1.489424903411418200e-04
9.098827838897705078e-01,6.538510322570800781e+00,5.449637413024902344e+00,1.000000000000000000e+00,-1.616029912838712335e-04,-1.281893310078885406e-05,-1.944892210303805768e-05
5.070636749267578125e+00,2.196912765502929688e+00,1.294970154762268066e+00,9.999997615814208984e-01,4.149747837800532579e-04,1.784093765309080482e-04,5.945778684690594673e-04
3.664764881134033203e+00,6.676014900207519531e+00,4.518136501312255859e+00,1.000000000000000000e+00,1.253615191671997309e-04,1.185455039376392961e-04,1.950320729520171881e-04
3.475244045257568359e-01,6.249234676361083984e+00,9.486260414123535156e-01,9.999822974205017090e-01,-3.684688126668334007e-03,-2.216016873717308044e-03,4.118750803172588348e-03
1.525113433599472046e-01,5.706917762756347656e+00,6.843721389770507812e+00,1.000000000000000000e+00,-5.865432831342332065e-05,-1.848113424784969538e-05,2.275215047120582312e-05
9.931211359798908234e-03,2.042497634887695312e+00,4.714374542236328125e+00,9.999917149543762207e-01,-3.223605221137404442e-03,-1.946224481798708439e-03,1.531216665171086788e-03
1.388749480247497559e-01,9.128926396369934082e-01,6.845885515213012695e-02,9.999758005142211914e-01,6.560456473380327225e-03,-2.116962336003780365e-03,-9.389764163643121719e-04
1.345751285552978516e+00,3.420485854148864746e-01,6.564412117004394531e+00,1.000000000000000000e+00,7.838458259357139468e-05,3.483980663077090867e-06,-3.148764517391100526e-05
1.607154250144958496e+00,1.710067272186279297e+00,6.810839772224426270e-01,1.000000000000000000e+00,-8.146589971147477627e-05,1.487330973759526387e-05,-2.604594737931620330e-05
1.395539879798889160e+00,9.160736799240112305e-01,4.419478893280029297e+00,1.000000000000000000e+00,-8.504824654664844275e-05,-1.437744795111939311e-04,8.129415800794959068e-05
6.812649369239807129e-01,3.770631790161132812e+00,5.013598918914794922e+00,1.000000000000000000e+00,-1.451841399102704599e-05,-1.218988131768128369e-06,2.374272444285452366e-04
2.733241558074951172e+00,6.801495552062988281e+00,4.236655712127685547e+00,1.000000000000000000e+00,2.784386924759019166e-05,-3.497462239465676248e-05,-4.338495273259468377e-06
3.440789222717285156e+00,7.449338912963867188e+00,3.941544055938720703e+00,1.000000000000000000e+00,7.870177068980410695e-05,3.038647037101327442e-06,2.844117807399015874e-05
8.303172588348388672e-01,4.639060974121093750e+00,3.155257701873779297e+00,9.999865889549255371e-01,9.808717295527458191e-04,-4.764372424688190222e-04,-5.064715631306171417e-03
5.887187480926513672e+00,3.369965314865112305e+00,5.870496749877929688e+00,9.999995231628417969e-01,3.922245232388377190e-04,-4.708683118224143982e-04,-7.980542141012847424e-04
4.352573752403259277e-01,6.317011833190917969e+00,6.944852352142333984e+00,1.000000000000000000e+00,-7.913531590020284057e-05,-6.207745173014700413e-05,-1.307846650888677686e-05
6.795557022094726562e+00,7.105571269989013672e+00,3.457966804504394531e+00,1.000000000000000000e+00,-2.767644400591962039e-05,-9.050789958564564586e-05,7.641257070645224303e-06
2.448235034942626953e+00,1.270112514495849609e+00,2.260297775268554688e+00,1.000000000000000000e+00,-1.312771200900897384e-04,-5.581084042205475271e-05,5.293150024954229593e-05
4.718179702758789062e+00,7.469769954681396484e+00,5.833168506622314453e+00,1.000000000000000000e+00,5.153384336153976619e-05,-3.225743785151280463e-05,1.202269595523830503e-05
3.196186542510986328e+00,6.448217868804931641e+00,1.274275183677673340e+00,1.000000000000000000e+00,2.786669647321105003e-04,9.934003173839300871e-06,5.712180427508428693e-05
6.657598972320556641e+00,4.894123554229736328e+00,2.618463039398193359e+00,1.000000000000000000e+00,9.822676474868785590e-06,-4.497153349802829325e-05,4.480954885366372764e-05
4.489016056060791016e+00,5.514309406280517578e+00,2.453418493270874023e+00,1.000000000000000000e+00,-4.351315146777778864e-05,-9.037098061526194215e-05,4.997694486519321799e-05
3.588387489318847656e+00,2.979391574859619141e+00,1.299151659011840820e+00,9.999992847442626953e-01,-6.170028354972600937e-04,-9.955003624781966209e-04,-1.234857481904327869e-04
1.713246703147888184e+00,4.346159994602203369e-01,2.463799238204956055e+00,1.000000000000000000e+00,-2.257320738863199949e-05,-1.088570134015753865e-04,1.279990829061716795e-04
2.931513547897338867e+00,2.280066728591918945e+00,1.575231194496154785e+00,1.000000000000000000e+00,-3.290752283646725118e-05,2.322972068213857710e-05,-2.658045559655874968e-06
3.894233703613281250e+00,4.339354515075683594e+00,5.443904876708984375e+00,1.000000000000000000e+00,-1.576089998707175255e-04,1.980795204872265458e-04,2.028380113188177347e-04
5.818233489990234375e+00,8.766915798187255859e-01,1.054030179977416992e+00,1.000000000000000000e+00,4.989586886949837208e-05,-2.799041340040275827e-06,-1.839714968809857965e-05
9.603831768035888672e-01,6.353224754333496094e+00,7.142095088958740234e+00,1.000000000000000000e+00,-5.635116031044162810e-05,-4.259683555574156344e-05,-4.623595486918929964e-06
3.464283704757690430e+00,4.039980471134185791e-01,6.155439376831054688e+00,1.000000000000000000e+00,3.609382110880687833e-05,3.068929800065234303e-05,-8.973026410785678308e-07
3.823615312576293945e+00,4.076707839965820312e+00,2.125273942947387695e+00,1.000000000000000000e+00,8.409746078541502357e-05,2.115431561833247542e-04,3.408077755011618137e-04
7.265158176422119141e+00,6.463871479034423828e+00,5.334900856018066406e+00,1.000000000000000000e+00,-3.418339110794477165e-05,2.549341843405272812e-05,-6.346900045173242688e-05
8.732053637504577637e-01,2.675815582275390625e+00,2.871153354644775391e+00,1.000000000000000000e+00,1.389481767546385527e-04,1.311484520556405187e-04,1.927050907397642732e-04
4.360633790493011475e-01,5.645667552947998047e+00,2.234189748764038086e+00,9.999998807907104492e-01,2.535209059715270996e-04,4.543093964457511902e-04,-2.576473434601211920e-06
2.291065007448196411e-01,3.196936607360839844e+00,2.873107194900512695e+00,9.999020099639892578e-01,1.201239787042140961e-02,1.887062448076903820e-03,6.931678857654333115e-03
5.986053943634033203e+00,2.160000801086425781e+00,2.098126560449600220e-01,1.000000000000000000e+00,-3.109524550382047892e-04,-2.399050208623521030e-05,-1.936599583132192492e-04
6.722636222839355469e-01,4.555386543273925781e+00,2.579525947570800781e+00,9.999998807907104492e-01,-1.037310139508917928e-04,-4.413843562360852957e-04,-2.538313565310090780e-04
5.266037464141845703e+00,6.697261810302734375e+00,2.884537220001220703e+00,9.998519420623779297e-01,1.636551693081855774e-02,-5.061693955212831497e-03,1.677758642472326756e-03
5.031161904335021973e-01,3.362065553665161133e+00,1.423712491989135742e+00,1.000000000000000000e+00,-1.387702650390565395e-04,1.008853651001118124e-04,-4.946339322486892343e-05
2.673658132553100586e+00,2.734308719635009766e+00,5.698451519012451172e+00,1.000000000000000000e+00,-4.001914930995553732e-05,-1.757579302648082376e-04,-2.254123537568375468e-04
8.897027969360351562e-01,7.243934631347656250e+00,3.851781845092773438e+00,1.000000000000000000e+00,1.395419676555320621e-04,7.704470772296190262e-05,1.519117213319987059e-04
3.772123575210571289e+00,1.816494464874267578e+00,3.803546667098999023e+00,1.000000000000000000e+00,5.200010946282418445e-06,1.092434686142951250e-04,2.926239176304079592e-05
7.671412229537963867e-01,5.676795005798339844e+00,3.879232645034790039e+00,9.999997019767761230e-01,6.251024897210299969e-04,5.041519398218952119e-05,5.740346969105303288e-04
5.210044384002685547e+00,6.124862194061279297e+00,2.833759307861328125e+00,9.999768733978271484e-01,-2.596991136670112610e-03,3.331764834001660347e-03,-5.335629452019929886e-03
1.904202461242675781e+00,5.667387008666992188e+00,6.248597621917724609e+00,1.000000000000000000e+00,-9.633598529035225511e-05,-7.845793879823759198e-05,3.228709829272702336e-05
5.581980705261230469e+00,2.629815340042114258e+00,6.647233963012695312e-01,1.000000000000000000e+00,7.894954615039750934e-05,7.963306416058912873e-05,7.815524440957233310e-05
2.128599882125854492e+00,3.657664060592651367e+00,3.540614128112792969e+00,1.000000000000000000e+00,9.449076605960726738e-05,-2.126114850398153067e-05,8.505573350703343749e-05
4.731060981750488281e+00,4.983589053153991699e-01,4.145907878875732422e+00,1.000000000000000000e+00,-1.489416945332777686e-06,3.302099503343924880e-05,-3.003482561325654387e-05
1.125816822052001953e+00,2.586968183517456055e+00,4.498828351497650146e-01,1.000000000000000000e+00,-3.176507016178220510e-05,-2.831831443472765386e-05,9.429688674345015897e-08
2.751263856887817383e+00,6.612157344818115234e+00,6.866635680198669434e-01,9.999999403953552246e-01,2.642417966853827238e-04,-3.782142593991011381e-04,-3.584889554986148141e-06
3.754863739013671875e+00,1.932939141988754272e-01,7.319978713989257812e+00,1.000000000000000000e+00,2.095818490488454700e-04,-2.139005664503201842e-05,5.076127854408696294e-05
3.338080167770385742e+00,3.153535366058349609e+00,2.154081821441650391e+00,1.000000000000000000e+00,-7.947599078761413693e-05,-4.248103141435422003e-05,1.154329511336982250e-04
3.333730936050415039e+00,4.947833538055419922e+00,3.302669286727905273e+00,1.000000000000000000e+00,-2.269463220727629960e-05,4.929957140120677650e-05,7.268451736308634281e-05
2.830568253993988037e-01,5.066713333129882812e+00,2.458230495452880859e+00,1.000000000000000000e+00,3.721857865457423031e-05,-8.620239532319828868e-05,9.602987120160833001e-06
5.034914493560791016e+00,2.226989030838012695e+00,4.418625831604003906e+00,1.000000000000000000e+00,-3.104413917753845453e-05,1.178782331408001482e-04,9.194931044476106763e-05
4.878305435180664062e+00,1.879573225975036621e+00,6.275335788726806641e+00,1.000000000000000000e+00,-7.517223275499418378e-05,-5.721031629946082830e-05,-1.700997381703928113e-04
5.107318401336669922e+00,4.885775089263916016e+00,2.810923159122467041e-01,1.000000000000000000e+00,-3.829997149296104908e-05,5.542761755350511521e-06,-1.855639129644259810e-05
4.699052810668945312e+00,2.063732147216796875e+00,6.680097103118896484e+00,1.000000000000000000e+00,-4.887583054369315505e-05,4.463322329684160650e-05,-8.070388867054134607e-05
5.118757724761962891e+00,1.808143615722656250e+00,2.502323389053344727e+00,9.999825358390808105e-01,-1.744258333928883076e-03,-2.713380614295601845e-03,4.954825621098279953e-03
3.284346818923950195e+00,4.793810367584228516e+00,2.177713662385940552e-01,9.999999403953552246e-01,-1.225067389896139503e-04,3.743590496014803648e-04,3.647198027465492487e-04
5.772333145141601562e+00,5.986577033996582031e+00,3.451992943882942200e-02,1.000000000000000000e+00,-5.929951657890342176e-05,4.447120772965718061e-06,1.352407434751512483e-05
8.025866746902465820e-01,5.391161441802978516e+00,5.053311824798583984e+00,1.000000000000000000e+00,2.768980994005687535e-05,-4.368472582427784801e-05,-2.270790173497516662e-05
5.616971492767333984e+00,1.712490200996398926e+00,9.889611005783081055e-01,1.000000000000000000e+00,-7.057961283862823620e-06,3.107232623733580112e-05,-3.946385186281986535e-05
3.940981149673461914e+00,3.999517202377319336e+00,1.809146523475646973e+00,9.999998211860656738e-01,7.438166358042508364e-05,1.298686547670513391e-04,7.042965735308825970e-04
6.223346233367919922e+00,5.529912948608398438e+00,6.092666625976562500e+00,1.000000000000000000e+00,-4.750569496536627412e-05,3.114553692284971476e-06,1.425194477633340284e-05
1.523634195327758789e+00,3.218262910842895508e+00,5.096885681152343750e+00,1.000000000000000000e+00,1.532503374619409442e-04,-2.135297290806192905e-05,-1.337973226327449083e-04
3.748173236846923828e+00,3.537839651107788086e+00,9.561920166015625000e-01,1.000000000000000000e+00,-7.429278048221021891e-05,5.909768151468597353e-05,2.280273038195446134e-04
1.886401176452636719e+00,2.776911497116088867e+00,4.854387760162353516e+00,1.000000000000000000e+00,1.122160829254426062e-04,1.191785304399672896e-05,-1.432725111953914165e-04
5.085422039031982422e+00,3.250179052352905273e+00,2.712911844253540039e+00,1.000000000000000000e+00,-1.037599395203869790e-05,1.190766454328695545e-07,-6.692755414405837655e-05
1.229695081710815430e+00,7.213212966918945312e+00,2.271565675735473633e+00,1.000000000000000000e+00,-2.027307709795422852e-05,-7.293501403182744980e-05,2.128412461388506927e-06
2.778281450271606445e+00,6.777298450469970703e+00,2.440102577209472656e+00,9.999987483024597168e-01,-7.460210472345352173e-04,3.683692775666713715e-04,-1.400723471306264400e-03
7.022397994995117188e+00,4.021496295928955078e+00,6.386493682861328125e+00,9.999671578407287598e-01,5.556990858167409897e-03,-6.143456557765603065e-04,5.871028173714876175e-03
6.344323635101318359e+00,5.033318519592285156e+00,3.140319585800170898e+00,1.000000000000000000e+00,-8.373593118449207395e-06,-8.909556345315650105e-05,-7.551067028543911874e-06
1.352726221084594727e+00,6.984294891357421875e+00,2.845737218856811523e+00,1.000000000000000000e+00,-1.132727265940047801e-04,-9.396141642525890347e-09,-4.767698555951938033e-05
6.826362609863281250e+00,2.293575286865234375e+00,5.846158981323242188e+00,1.000000000000000000e+00,9.617000614525750279e-05,1.301578158745542169e-04,1.173111377283930779e-04
1.683379650115966797e+00,6.623921543359756470e-02,6.695087909698486328e+00,1.000000000000000000e+00,9.384291843161918223e-06,-1.794855165826447774e-06,-1.119646526603901293e-06
2.994000434875488281e+00,5.054313659667968750e+00,4.416949748992919922e+00,1.000000000000000000e+00,2.424166268610861152e-05,-2.512766805011779070e-04,7.971471495693549514e-05
2.314900875091552734e+00,7.220762968063354492e-01,7.054114341735839844e+00,1.000000000000000000e+00,1.381673937430605292e-04,-1.110709636122919619e-04,3.540444231475703418e-05
1.620988965034484863e+00,3.660278081893920898e+00,4.481866836547851562e+00,9.999988079071044922e-01,9.663065429776906967e-04,8.521373965777456760e-04,-9.007345070131123066e-04
6.309199810028076172e+00,5.000972270965576172e+00,1.172417029738426208e-01,1.000000000000000000e+00,-7.046502287266775966e-05,5.701999543816782534e-05,1.735159457894042134e-05
7.262539386749267578e+00,6.366135597229003906e+00,5.732595443725585938e+00,1.000000000000000000e+00,-3.081808608840219676e-05,3.225854015909135342e-05,-4.073638046975247562e-05
6.623773574829101562e+00,6.407602787017822266e+00,2.787239074707031250e+00,1.000000000000000000e+00,-1.626963785383850336e-05,-2.250442630611360073e-04,2.492100065865088254e-05
6.339959144592285156e+00,1.093801856040954590e+00,4.450169563293457031e+00,9.999998211860656738e-01,3.072809777222573757e-04,5.967924953438341618e-04,-9.047755156643688679e-05
6.439542293548583984e+00,1.593147516250610352e+00,6.145109653472900391e+00,1.000000000000000000e+00,-5.687635348294861615e-05,-1.047526347974780947e-05,6.030378790455870330e-05
6.341585159301757812e+00,5.852104663848876953e+00,4.346271991729736328e+00,1.000000000000000000e+00,-1.806619693525135517e-04,-2.794986357912421227e-05,1.374710336676798761e-05
5.314746499061584473e-01,5.952292919158935547e+00,7.461161136627197266e+00,1.000000000000000000e+00,-1.521027152193710208e-04,-6.495563138741999865e-05,7.914720299595501274e-06
5.533215045928955078e+00,5.077627182006835938e+00,6.172165870666503906e+00,1.000000000000000000e+00,-5.634512490360066295e-05,-3.489611481199972332e-05,-3.078344661844312213e-06
2.059846162796020508e+00,3.648637056350708008e+00,6.260740756988525391e+00,1.000000000000000000e+00,5.735573722631670535e-05,-1.619833201402798295e-04,3.398777334950864315e-04
5.610444068908691406e+00,2.374998092651367188e+00,9.993861317634582520e-01,1.000000000000000000e+00,2.740145100688096136e-05,6.872964877402409911e-05,6.548430974362418056e-05
2.450678825378417969e+00,6.761998653411865234e+00,6.826166152954101562e+00,1.000000000000000000e+00,-1.251017674803733826e-04,8.256075670942664146e-05,-7.431534322677180171e-05
3.457639217376708984e+00,6.297883510589599609e+00,6.005657315254211426e-01,1.000000000000000000e+00,2.035791985690593719e-04,-3.347675738041289151e-05,1.521855738246813416e-04
1.050382614135742188e+00,2.158624649047851562e+00,6.174861907958984375e+00,9.999999403953552246e-01,-2.503480645827949047e-04,-2.788311394397169352e-04,4.739848009194247425e-05
5.337759971618652344e+00,1.218179225921630859e+00,8.606791496276855469e-01,1.000000000000000000e+00,3.550436531440936960e-06,4.962901948601938784e-05,-7.563418330391868949e-05
2.525008440017700195e+00,1.465067625045776367e+00,6.970506668090820312e+00,1.000000000000000000e+00,1.007073733489960432e-04,2.933141331595834345e-05,2.243457311124075204e-05
3.736596107482910156e+00,2.244428157806396484e+00,5.659514427185058594e+00,9.999826550483703613e-01,-3.901544492691755295e-03,-2.450101776048541069e-03,-3.663295647129416466e-03
2.389284133911132812e+00,6.466791152954101562e+00,7.242462635040283203e+00,1.000000000000000000e+00,-1.634019718039780855e-04,9.507854701951146126e-05,-6.959809252293780446e-05
3.948928117752075195e-01,7.062432765960693359e-01,3.607981443405151367e+00,1.000000000000000000e+00,-3.566073064575903118e-05,-6.350367766572162509e-05,-1.154630081146024168e-05
2.625229120254516602e+00,3.649998426437377930e+00,6.751976966857910156e+00,1.000000000000000000e+00,2.185260018450208008e-05,8.468887972412630916e-05,9.198873840432497673e-08
1.841626286506652832e+00,1.111181259155273438e+00,5.781105995178222656e+00,9.999998211860656738e-01,5.354735767468810081e-04,4.075197502970695496e-04,-7.031187124084681273e-05
3.682030737400054932e-02,1.864576458930969238e+00,5.338381767272949219e+00,9.999997615814208984e-01,7.926942780613899231e-04,1.049892598530277610e-04,4.248387995176017284e-05
7.315043449401855469e+00,1.713662743568420410e+00,7.763855904340744019e-02,1.000000000000000000e+00,1.613955828361213207e-05,-6.449240754591301084e-05,2.333138836547732353e-04
6.572660923004150391e+00,3.787914514541625977e+00,2.278189182281494141e+00,1.000000000000000000e+00,-2.429878259135875851e-05,-3.209322312613949180e-05,3.868032581522129476e-05
7.151374340057373047e+00,2.273157358169555664e+00,1.868678182363510132e-01,9.999997019767761230e-01,6.775003275834023952e-04,-2.204547054134309292e-04,-1.366513897664844990e-04
4.450253009796142578e+00,1.088154196739196777e+00,4.691997051239013672e+00,1.000000000000000000e+00,-5.473189230542629957e-05,1.034913111652713269e-05,-4.539673682302236557e-05
4.644131183624267578e+00,5.724038124084472656e+00,1.161701679229736328e+00,1.000000000000000000e+00,1.288806524826213717e-04,6.839077832410112023e-05,9.069813131645787507e-06
2.822064399719238281e+00,6.530887126922607422e+00,1.851000070571899414e+00,1.000000000000000000e+00,9.299216617364436388e-05,7.277776603586971760e-05,-1.323459000559523702e-04
1.910512804985046387e+00,1.967313528060913086e+00,1.723161935806274414e+00,9.999997615814208984e-01,5.154613754712045193e-04,-3.667277633212506771e-05,6.113291019573807716e-04
5.930971145629882812e+00,7.238890171051025391e+00,1.124235868453979492e+00,1.000000000000000000e+00,3.765417204704135656e-05,3.862992161884903908e-05,4.347470894572325051e-05
5.977500677108764648e-01,7.326160430908203125e+00,6.157187461853027344e+00,1.000000000000000000e+00,-2.726795501075685024e-04,-1.294485409744083881e-04,1.787401379260700196e-05
4.870492517948150635e-01,9.484479576349258423e-02,6.306790351867675781e+00,1.000000000000000000e+00,-2.468655002303421497e-04,-1.178119346150197089e-04,6.688978828606195748e-06
4.207798957824707031e+00,2.193721294403076172e+00,2.999760150909423828e+00,9.999927878379821777e-01,-1.681860652752220631e-03,-5.940072587691247463e-04,3.345976350829005241e-03
2.764054298400878906e+00,1.715131759643554688e+00,4.064439296722412109e+00,9.999729394912719727e-01,-1.641229027882218361e-03,4.323428220232017338e-05,7.173359394073486328e-03
2.986676454544067383e+00,6.716200351715087891e+00,6.467393398284912109e+00,1.000000000000000000e+00,-1.371369871776551008e-04,1.126019124058075249e-04,-2.338916820008307695e-04
7.482015132904052734e+00,4.018673002719879150e-01,4.137905120849609375e+00,1.000000000000000000e+00,-1.460843632230535150e-04,-8.872972102835774422e-05,-2.310391391802113503e-05
2.895493507385253906e+00,1.931531667709350586e+00,6.963199138641357422e+00,1.000000000000000000e+00,7.238650869112461805e-05,2.884253990487195551e-05,3.491035749902948737e-05
1.576102733612060547e+00,4.246648311614990234e+00,5.111186504364013672e+00,9.999971985816955566e-01,8.086684101726859808e-05,-1.162271473731379956e-05,-2.377507044002413750e-03
3.969820022583007812e+00,2.832034111022949219e+00,5.052542209625244141e+00,1.000000000000000000e+00,2.848813310265541077e-04,1.915601751534268260e-04,2.389565197518095374e-04
1.617726325988769531e+00,6.452195644378662109e+00,3.233168125152587891e+00,1.000000000000000000e+00,-1.709446078166365623e-04,8.972128125606104732e-05,-2.081727434415370226e-04
4.547677993774414062e+00,3.770053684711456299e-01,9.706528782844543457e-01,1.000000000000000000e+00,9.953432891052216291e-05,6.530318205477669835e-05,-1.596292531758081168e-05
5.406392574310302734e+00,2.325962305068969727e+00,3.505809605121612549e-01,9.999998807907104492e-01,-4.898863844573497772e-04,2.304336812812834978e-04,-3.747008668142370880e-05
5.859482288360595703e-01,7.398455142974853516e+00,4.759703159332275391e+00,1.000000000000000000e+00,5.399169367592548952e-06,1.582181721460074186e-05,1.940922811627388000e-05
2.585348367691040039e+00,4.995060920715332031e+00,2.608836650848388672e+00,1.000000000000000000e+00,-5.674474596162326634e-05,1.823403435992076993e-04,4.339519728091545403e-05
5.887117385864257812e+00,6.361875057220458984e+00,2.737791061401367188e+00,9.999998807907104492e-01,-6.856899562990292907e-05,-5.655661225318908691e-04,3.185492823831737041e-05
4.269483983516693115e-01,5.323203086853027344e+00,6.703354835510253906e+00,1.000000000000000000e+00,-3.254834882682189345e-05,-1.938040259119588882e-05,7.239282240334432572e-06
2.270117282867431641e+00,3.103619813919067383e+00,2.850175857543945312e+00,1.000000000000000000e+00,-9.929551197274122387e-06,1.620663970243185759e-04,1.125840281019918621e-04
3.309706687927246094e+00,2.328174352645874023e+00,7.416679382324218750e+00,1.000000000000000000e+00,2.670080903044436127e-05,3.656171247712336481e-05,3.528345769154839218e-05
9.256607294082641602e-01,1.956843256950378418e+00,2.694003820419311523e+00,1.000000000000000000e+00,1.164327841252088547e-04,-2.252535159641411155e-05,1.094458202715031803e-04
7.550284266471862793e-01,1.446961522102355957e+00,1.831897974014282227e+00,1.000000000000000000e+00,7.468765943485777825e-06,-8.311276906169950962e-05,5.496922312886454165e-05
5.863903164863586426e-01,4.866891860961914062e+00,5.097827434539794922e+00,1.000000000000000000e+00,-8.603256719652563334e-05,9.946434875018894672e-05,-9.795612277230247855e-05
2.372308731079101562e+00,1.467439174652099609e+00,3.934585094451904297e+00,9.999994039535522461e-01,4.485554527491331100e-04,-2.201025345129892230e-04,-1.047437312081456184e-03
6.739595890045166016e+00,6.782625913619995117e-01,4.655978202819824219e+00,1.000000000000000000e+00,3.485695560812018812e-05,3.569947439245879650e-04,-8.024978342291433364e-06
7.048621654510498047e+00,4.040235280990600586e-01,1.908101558685302734e+00,1.000000000000000000e+00,-1.041914765664841980e-05,-7.984266994753852487e-05,-4.115951014682650566e-05
4.984690666198730469e+00,2.674273014068603516e+00,5.017605304718017578e+00,1.000000000000000000e+00,1.639874681131914258e-04,9.008673805510625243e-05,2.706050872802734375e-04
3.300477504730224609e+00,1.155921936035156250e+00,2.704819202423095703e+00,1.000000000000000000e+00,-7.539872603956609964e-05,-7.583161277580074966e-06,-7.367087528109550476e-05
6.815500259399414062e+00,1.736343741416931152e+00,9.010888338088989258e-01,1.000000000000000000e+00,8.922498818719759583e-05,-1.823088532546535134e-04,-6.104631756898015738e-05
6.977060317993164062e+00,6.889741420745849609e+00,7.154721736907958984e+00,1.000000000000000000e+00,3.196679972461424768e-05,-2.088417386403307319e-05,-3.907033533323556185e-05
6.511452674865722656e+00,5.215349197387695312e+00,2.702069282531738281e+00,1.000000000000000000e+00,-6.631088581343647093e-06,-8.947316382545977831e-05,-3.488951733743306249e-06
6.383106857538223267e-02,5.330533981323242188e+00,1.133333444595336914e+00,1.000000000000000000e+00,1.141878528869710863e-04,-6.897460116306319833e-05,-1.096651612897403538e-04
5.324206352233886719e+00,3.582403898239135742e+00,7.126843929290771484e+00,9.999968409538269043e-01,3.419817367102950811e-04,-1.979792257770895958e-03,1.527742715552449226e-03
7.340215682983398438e+00,6.887424945831298828e+00,5.509817123413085938e+00,1.000000000000000000e+00,-6.005203431413974613e-06,4.235349115333519876e-05,-9.642806980991736054e-05
6.691054821014404297e+00,1.509992718696594238e+00,4.613691329956054688e+00,1.000000000000000000e+00,-1.322574535151943564e-04,3.280079981777817011e-04,-8.738737233215942979e-05
1.468446373939514160e+00,2.861057281494140625e+00,3.152255713939666748e-01,1.000000000000000000e+00,-4.891693242825567722e-05,-5.439224696601741016e-05,-1.863832039816770703e-05
9.580581188201904297e-01,1.269214391708374023e+00,4.877021536231040955e-02,1.000000000000000000e+00,2.464893332216888666e-04,-6.107959779910743237e-05,-1.375285064568743110e-04
7.073393344879150391e+00,4.653291702270507812e+00,4.932508468627929688e+00,9.999997019767761230e-01,-6.881907465867698193e-04,-4.879062180407345295e-04,-9.701345697976648808e-05
2.417002916336059570e+00,4.554461002349853516e+00,3.441402435302734375e+00,1.000000000000000000e+00,-2.855297498172149062e-05,1.221308048116043210e-04,9.133933053817600012e-05
3.505124092102050781e+00,1.558663010597229004e+00,5.614388465881347656e+00,1.000000000000000000e+00,-2.307261638634372503e-05,5.006287028663791716e-05,-4.056897523696534336e-05
3.138326406478881836e-01,4.405776023864746094e+00,7.349478721618652344e+00,1.000000000000000000e+00,-2.784866592264734209e-05,3.065416603931225836e-05,-1.571241227793507278e-05
2.505129337310791016e+00,7.998134493827819824e-01,1.661113262176513672e+00,1.000000000000000000e+00,-2.093869698001071811e-04,-2.022185981331858784e-06,-3.045216180908028036e-05
2.688715457916259766e+00,5.425365447998046875e+00,4.391315460205078125e+00,1.000000000000000000e+00,1.602294651092961431e-05,-5.650754610542207956e-05,6.128187669673934579e-05
7.340613365173339844e+00,1.621336936950683594e+00,5.143517017364501953e+00,9.999997019767761230e-01,8.068617316894233227e-04,-2.596322156023234129e-04,1.128654912463389337e-04
1.826415538787841797e+00,5.314125537872314453e+00,7.107342243194580078e+00,1.000000000000000000e+00,-1.981674358830787241e-05,-1.935473846970126033e-05,1.066153345163911581e-04
1.707068443298339844e+00,5.517397880554199219e+00,4.453452587127685547e+00,1.000000000000000000e+00,6.100860991864465177e-05,-5.489179670803423505e-07,9.527172369416803122e-05
4.841882705688476562e+00,3.021167039871215820e+00,5.661945819854736328e+00,9.999999403953552246e-01,-6.983999628573656082e-05,-2.520964699215255678e-05,4.206761077512055635e-04
5.892140388488769531e+00,3.783392190933227539e+00,2.840308427810668945e+00,1.000000000000000000e+00,-5.839940058649517596e-05,-7.535107579315081239e-05,5.754001904278993607e-05
5.838889598846435547e+00,4.583437442779541016e+00,2.153697013854980469e+00,1.000000000000000000e+00,5.300679731590207666e-06,3.285893399151973426e-05,2.573294295871164650e-05
1.289281964302062988e+00,2.497719049453735352e+00,7.312637805938720703e+00,1.000000000000000000e+00,-6.025175935064908117e-06,-6.498190487036481500e-05,-1.214891653944505379e-05
2.718195915222167969e+00,6.858660221099853516e+00,2.031665563583374023e+00,9.999997019767761230e-01,2.716878370847553015e-04,4.989104927517473698e-04,-6.654069875366985798e-04
1.324736326932907104e-01,2.060200214385986328e+00,3.202810525894165039e+00,1.000000000000000000e+00,2.728303370531648397e-04,5.929342660238035023e-05,1.415711158188059926e-04
6.011047840118408203e+00,1.635425090789794922e-01,4.086929798126220703e+00,1.000000000000000000e+00,8.597918167652096599e-06,6.001772817398887128e-06,3.625480167102068663e-05
3.768348455429077148e+00,9.704795479774475098e-01,7.491492748260498047e+00,1.000000000000000000e+00,1.579803501954302192e-04,2.975512143166270107e-05,5.461172986542806029e-05
1.261341571807861328e+00,2.518753290176391602e+00,2.799777507781982422e+00,1.000000000000000000e+00,4.378069570520892739e-05,-2.312690776307135820e-05,2.453927299939095974e-05
1.008536458015441895e+00,7.120305061340332031e+00,4.829746723175048828e+00,1.000000000000000000e+00,3.296139766462147236e-05,-4.127578722545877099e-05,5.144987517269328237e-05
3.149413347244262695e+00,4.317918777465820312e+00,5.472458839416503906e+00,9.999737739562988281e-01,7.161692716181278229e-03,-3.340824041515588760e-04,1.050311722792685032e-03
4.464338302612304688e+00,6.648892164230346680e-01,5.211110591888427734e+00,1.000000000000000000e+00,9.891393801808590069e-07,-1.252035599463852122e-05,-3.542557533364742994e-05
6.495659351348876953e+00,4.391538143157958984e+00,2.231428146362304688e+00,1.000000000000000000e+00,-9.710495760373305529e-06,7.493928933399729431e-06,4.215423905407078564e-05
6.609154224395751953e+00,7.186408519744873047e+00,1.586964726448059082e+00,1.000000000000000000e+00,8.556468674214556813e-05,-3.029603612958453596e-05,-6.192553701112046838e-05
5.491814613342285156e+00,2.509551525115966797e+00,9.657865762710571289e-02,9.999998807907104492e-01,-4.782785254064947367e-04,1.932298764586448669e-04,-9.843893167271744460e-07
1.854523897171020508e+00,6.072850704193115234e+00,5.249098300933837891e+00,1.000000000000000000e+00,-3.910117447958327830e-05,5.478467937791720033e-05,4.832931153941899538e-05
3.982756853103637695e+00,6.631946086883544922e+00,6.392155170440673828e+00,1.000000000000000000e+00,5.946170495008118451e-05,-2.506388409528881311e-05,3.953851046389900148e-05
4.101682186126708984e+00,5.828979492187500000e+00,2.549703598022460938e+00,1.000000000000000000e+00,-3.918881338904611766e-05,-4.099094076082110405e-05,1.064623502315953374e-04
2.037141323089599609e+00,3.857595920562744141e+00,2.553055286407470703e-01,1.000000000000000000e+00,8.525658631697297096e-05,-4.508098754740785807e-06,-1.161714826594106853e-04
6.731803417205810547e+00,6.061032772064208984e+00,3.979037046432495117e+00,1.000000000000000000e+00,5.230637907516211271e-05,-1.680764835327863693e-04,4.203086427878588438e-05
9.609196186065673828e-01,2.821160316467285156e+00,1.583750963211059570e+00,1.000000000000000000e+00,-1.011798740364611149e-04,-4.332690514274872839e-05,-5.016945215174928308e-05
6.688077926635742188e+00,6.279766082763671875e+00,1.950598597526550293e+00,1.000000000000000000e+00,-1.544808183098211884e-04,1.529209475847892463e-05,2.374132018303498626e-04
7.043649196624755859e+00,2.817709743976593018e-01,3.466169834136962891e-01,1.000000000000000000e+00,1.307608472416177392e-04,-5.812028757645748556e-05,-9.760935790836811066e-05
1.260438084602355957e+00,2.839264869689941406e+00,5.365487575531005859e+00,9.999998211860656738e-01,2.625882625579833984e-04,5.013141708332113922e-05,-6.140578771010041237e-04
1.122496947646141052e-01,1.418908238410949707e+00,5.138705730438232422e+00,1.000000000000000000e+00,3.671444719657301903e-04,1.677988038863986731e-04,8.752253779675811529e-05
2.919088125228881836e+00,4.820859432220458984e+00,7.155610561370849609e+00,1.000000000000000000e+00,3.886593549395911396e-05,4.028118564747273922e-04,-8.102143510768655688e-06
4.955173015594482422e+00,3.983634948730468750e+00,4.182811737060546875e+00,1.000000000000000000e+00,-2.840273918991442770e-05,-8.295181032735854387e-05,-2.256796506117098033e-05
5.287183523178100586e-01,3.958383083343505859e+00,2.741379499435424805e+00,9.999991655349731445e-01,1.056782202795147896e-03,-7.589004235342144966e-04,1.918994967127218843e-04
5.238504409790039062e-01,7.308533191680908203e+00,1.845388889312744141e+00,1.000000000000000000e+00,-7.617153460159897804e-05,-7.685226592002436519e-05,2.394711009401362389e-05
2.363704442977905273e+00,3.179918229579925537e-01,1.143756866455078125e+00,1.000000000000000000e+00,1.543460530228912830e-04,2.663895429577678442e-04,-1.335030829068273306e-04
2.286887884140014648e+00,4.713246345520019531e+00,3.866994857788085938e+00,1.000000000000000000e+00,-8.692462870385497808e-05,2.297480968991294503e-04,1.481778454035520554e-04
2.514263868331909180e+00,6.205272674560546875e+00,1.239249944686889648e+00,1.000000000000000000e+00,1.000736810965463519e-04,-9.784676512936130166e-05,-3.097662192885763943e-05
1.960317730903625488e+00,7.253686189651489258e-01,1.449915289878845215e+00,1.000000000000000000e+00,-1.622286508791148663e-04,-8.846054697642102838e-05,2.357897756155580282e-05
7.258454322814941406e+00,1.841875910758972168e+00,3.936294078826904297e+00,9.999997615814208984e-01,5.058724200353026390e-04,-1.713984675006940961e-04,5.642671603709459305e-04
2.677515506744384766e+00,4.033075332641601562e+00,3.881944894790649414e+00,1.000000000000000000e+00,-8.117353718262165785e-05,2.517355605959892273e-04,7.322164310608059168e-05
1.116521835327148438e+00,2.079264521598815918e-01,3.612140178680419922e+00,1.000000000000000000e+00,3.171876960550434887e-05,-5.790378054371103644e-05,5.092523133498616517e-05
2.248926639556884766e+00,6.022555351257324219e+00,2.412035226821899414e+00,1.000000000000000000e+00,-6.779759132768958807e-05,4.473631270229816437e-05,1.507593697169795632e-05
2.294573068618774414e+00,3.373487710952758789e+00,4.778294563293457031e+00,1.000000000000000000e+00,6.941344327060505748e-05,8.474604692310094833e-05,-1.756296987878158689e-04
7.222778201103210449e-01,1.909005641937255859e+00,7.245011806488037109e+00,1.000000000000000000e+00,1.081751761375926435e-04,-1.138561492552980781e-04,-5.736057937610894442e-05
7.238280296325683594e+00,7.236920833587646484e+00,5.584171772003173828e+00,1.000000000000000000e+00,1.635252010601107031e-05,6.906163616804406047e-05,-1.094605831895023584e-04
2.079293727874755859e+00,6.861807823181152344e+00,2.211286783218383789e+00,1.000000000000000000e+00,-1.842857818701304495e-05,8.061623520916327834e-05,-1.241832651430740952e-04
2.663019180297851562e+00,4.835960388183593750e+00,1.573480725288391113e+00,9.999998807907104492e-01,3.931896353606134653e-04,-2.816084015648812056e-04,2.731279528234153986e-04
7.258255958557128906e+00,7.052615642547607422e+00,3.816375255584716797e+00,1.000000000000000000e+00,-2.108830449287779629e-05,-5.203478576731868088e-05,1.685342067503370345e-05
1.485668540000915527e+00,1.211204767227172852e+00,2.677661418914794922e+00,1.000000000000000000e+00,2.915283585025463253e-05,-9.328372834715992212e-05,8.942031854530796409e-05
4.501473307609558105e-01,1.659780621528625488e+00,6.438707351684570312e+00,1.000000000000000000e+00,-5.589137072092853487e-05,-1.083439346984960139e-04,-4.235328742652200162e-05
2.188920259475708008e+00,4.069532871246337891e+00,6.208559036254882812e+00,9.999964833259582520e-01,1.233519171364605427e-03,-5.276375450193881989e-04,2.310706069692969322e-03
1.242857053875923157e-01,4.367359280586242676e-01,2.106949329376220703e+00,1.000000000000000000e+00,-2.128408596036024392e-06,-8.041208639042451978e-05,2.424857666483148932e-05
3.044121265411376953e+00,2.071078300476074219e+00,3.159812211990356445e+00,1.000000000000000000e+00,-1.326005731243640184e-04,1.197672536363825202e-04,2.255050276289694011e-05
2.132732868194580078e+00,4.510178089141845703e+00,1.786314368247985840e+00,9.999623298645019531e-01,5.567775573581457138e-03,-5.349816288799047470e-03,3.971018828451633453e-03
7.021434783935546875e+00,6.530857086181640625e-02,5.456877708435058594e+00,1.000000000000000000e+00,-9.721967217046767473e-06,1.182706837425939739e-04,-1.161892505479045212e-04
1.021922826766967773e+00,1.375388026237487793e+00,3.877633213996887207e-01,1.000000000000000000e+00,1.056663313647732139e-04,-2.680908437469042838e-06,-8.300880290335044265e-05
2.480909824371337891e+00,7.612894773483276367e-01,1.278092622756958008e+00,1.000000000000000000e+00,-1.494090975029394031e-04,2.244481729576364160e-04,-8.972070645540952682e-05
2.092077732086181641e+00,3.717016458511352539e+00,5.526096820831298828e+00,1.000000000000000000e+00,2.955526542791631073e-05,-5.837270873598754406e-05,-8.360193169210106134e-05
5.384750366210937500e+00,4.779159545898437500e+00,2.391365766525268555e+00,9.999999403953552246e-01,-2.720841148402541876e-04,6.444420250772964209e-06,-3.992621786892414093e-04
7.219741344451904297e+00,3.054130077362060547e+00,6.673423290252685547e+00,1.000000000000000000e+00,3.698502041515894234e-05,4.576905485009774566e-05,2.518878318369388580e-04
6.250543117523193359e+00,1.740501999855041504e+00,6.686142444610595703e+00,1.000000000000000000e+00,-8.367197006009519100e-05,-2.212750405305996537e-05,7.266843022080138326e-05
1.863871365785598755e-01,4.993948936462402344e+00,2.826085329055786133e+00,1.000000000000000000e+00,5.741374116041697562e-05,-1.541355159133672714e-04,1.173554555862210691e-04
2.018277883529663086e+00,4.675823211669921875e+00,1.164299964904785156e+00,9.999986886978149414e-01,1.241823309101164341e-03,1.081470865756273270e-03,-2.899224818975199014e-05
4.679811477661132812e+00,3.690346717834472656e+00,1.061342060565948486e-01,1.000000000000000000e+00,4.443390571395866573e-05,-6.774459325242787600e-05,3.213315721950493753e-05
4.621942639350891113e-01,2.823291063308715820e+00,4.223652839660644531e+00,9.999544024467468262e-01,8.180219680070877075e-03,4.716768395155668259e-03,1.459685969166457653e-03
5.603563308715820312e+00,3.260238170623779297e+00,6.659502029418945312e+00,9.999967813491821289e-01,-2.389766974374651909e-03,-4.564554255921393633e-04,7.729563512839376926e-04
2.563306093215942383e+00,4.487830638885498047e+00,3.990358352661132812e+00,1.000000000000000000e+00,-3.109372119070030749e-05,2.857168146874755621e-04,1.344662159681320190e-04
9.311668872833251953e-01,5.579711437225341797e+00,4.415103912353515625e+00,9.999998211860656738e-01,3.438278799876570702e-04,-5.691493861377239227e-04,-5.136964682606048882e-05
4.202070236206054688e-01,5.000585079193115234e+00,3.098961353302001953e+00,1.000000000000000000e+00,1.265086320927366614e-04,-1.170433824881911278e-04,-2.091926216962747276e-05
6.006322383880615234e+00,6.685978889465332031e+00,2.055646657943725586e+00,1.000000000000000000e+00,1.728664647089317441e-04,-2.873535959224682301e-05,1.483438973082229495e-04
1.488552570343017578e+00,2.163634061813354492e+00,7.203779220581054688e+00,1.000000000000000000e+00,-3.675559855764731765e-05,-7.289402128662914038e-05,-3.975896106567233801e-06
1.139639377593994141e+00,1.314882159233093262e+00,6.568678855895996094e+00,1.000000000000000000e+00,7.427543459925800562e-05,-3.053078253287822008e-04,-1.523925166111439466e-04
2.008456230163574219e+00,1.356048226356506348e+00,2.958689212799072266e+00,1.000000000000000000e+00,5.923489879933185875e-05,-6.422615842893719673e-05,3.844028469757176936e-05
3.374871492385864258e+00,2.078489065170288086e+00,6.439008712768554688e+00,9.999998807907104492e-01,2.445660938974469900e-04,5.292324931360781193e-04,2.053298376267775893e-04
4.802106857299804688e+00,1.899140954017639160e+00,5.440884232521057129e-01,1.000000000000000000e+00,5.443293048301711679e-05,1.749996008584275842e-04,-3.953632403863593936e-05
4.498823165893554688e+00,4.676683425903320312e+00,4.235749244689941406e+00,1.000000000000000000e+00,1.435569429304450750e-04,-1.725373731460422277e-04,-5.997002153890207410e-05
3.519476950168609619e-01,6.103544235229492188e-01,6.357719898223876953e+00,1.000000000000000000e+00,-3.088071389356628060e-05,1.387537167829577811e-06,-4.096672637388110161e-05
1.644134402275085449e+00,2.727437257766723633e+00,6.698304176330566406e+00,1.000000000000000000e+00,-4.841891131945885718e-05,-3.928511796402744949e-05,2.545605457271449268e-05
3.021813869476318359e+00,4.544299125671386719e+00,6.140496253967285156e+00,9.999970197677612305e-01,3.620280476752668619e-04,-1.809864537790417671e-03,1.590520842000842094e-03
5.210591793060302734e+00,4.552176475524902344e+00,2.822061181068420410e-01,1.000000000000000000e+00,-7.233003998408094049e-05,-3.650350845418870449e-05,-5.663286174240056425e-06
6.152298450469970703e+00,1.155170083045959473e+00,3.724279642105102539e+00,9.999997019767761230e-01,-3.998972242698073387e-04,-7.851076079532504082e-04,-1.049195816449355334e-05
4.300407886505126953e+00,6.520392894744873047e+00,9.844298660755157471e-02,9.999998211860656738e-01,-2.572421217337250710e-04,5.639466689899563789e-04,1.993454498006030917e-05
3.993712663650512695e+00,4.491307735443115234e+00,4.624364674091339111e-01,1.000000000000000000e+00,-2.915950426540803164e-05,-3.077230212511494756e-05,-3.431317163631320000e-04
7.202041149139404297e+00,5.807653903961181641e+00,3.050730466842651367e+00,1.000000000000000000e+00,3.924627162632532418e-05,-2.473854983691126108e-04,8.991657523438334465e-05
6.612977027893066406e+00,2.872647047042846680e+00,4.085234701633453369e-01,1.000000000000000000e+00,1.095111729227937758e-04,8.299817272927612066e-05,-5.225781205808743834e-05
1.210186719894409180e+00,7.108467578887939453e+00,4.359213829040527344e+00,9.999997019767761230e-01,8.230386883951723576e-04,-2.091485075652599335e-04,5.116725151310674846e-05
5.680142402648925781e+00,3.963623285293579102e+00,4.160102367401123047e+00,1.000000000000000000e+00,-4.622456617653369904e-05,-6.654074240941554308e-05,-1.341838378721149638e-05
5.140185356140136719e-01,1.044671773910522461e+00,2.210257768630981445e+00,1.000000000000000000e+00,3.533318886184133589e-05,-6.131406553322449327e-05,5.205365960136987269e-05
2.747588872909545898e+00,1.108865618705749512e+00,5.695739388465881348e-01,1.000000000000000000e+00,-8.842439456202555448e-06,9.776556544238701463e-05,-1.847610292315948755e-05
7.476460933685302734e+00,3.610223770141601562e+00,3.563350439071655273e+00,9.999998807907104492e-01,-5.116800311952829361e-04,2.506427117623388767e-04,-1.931605220306664705e-04
1.629266023635864258e+00,3.096722602844238281e+00,7.658683657646179199e-01,1.000000000000000000e+00,-1.167531008832156658e-04,-6.218958151293918490e-05,-5.491575939231552184e-05
4.374305725097656250e+00,3.415935754776000977e+00,3.364251375198364258e+00,1.000000000000000000e+00,-1.178297388833016157e-04,-1.166127694887109101e-04,-9.737684740684926510e-05
1.613388776779174805e+00,4.914765357971191406e+00,5.775500297546386719e+00,1.000000000000000000e+00,-4.338905273471027613e-05,-2.344169915886595845e-04,1.897183665278134868e-06
4.717184543609619141e+00,5.276356697082519531e+00,3.720221757888793945e+00,1.000000000000000000e+00,2.458873786963522434e-04,-3.383403600309975445e-05,7.137694774428382516e-05
6.089534759521484375e+00,5.505252361297607422e+00,4.695727825164794922e+00,1.000000000000000000e+00,-1.244165032403543591e-04,2.849486554623581469e-05,-1.452596461604116485e-05
3.070345163345336914e+00,5.829994201660156250e+00,6.304785251617431641e+00,9.999324083328247070e-01,-2.839439082890748978e-03,9.157176129519939423e-03,-6.583698559552431107e-03
7.306025505065917969e+00,4.754745483398437500e+00,2.981191396713256836e+00,1.000000000000000000e+00,1.533008762635290623e-04,-2.894891076721251011e-05,1.678850385360419750e-04
1.260579228401184082e+00,4.259104430675506592e-01,3.149728298187255859e+00,1.000000000000000000e+00,6.232711712073069066e-06,-6.440476863645017147e-05,6.545465294038876891e-05
1.016707301139831543e+00,2.594169855117797852e+00,5.075795650482177734e+00,9.999957084655761719e-01,-3.993843856733292341e-04,1.355241402052342892e-03,-2.591118915006518364e-03
1.861553549766540527e+00,4.955635547637939453e+00,4.689938068389892578e+00,1.000000000000000000e+00,-1.568278530612587929e-04,-1.339310692856088281e-04,2.964509185403585434e-04
6.069037437438964844e+00,5.956628799438476562e+00,3.889714241027832031e+00,1.000000000000000000e+00,1.157983497250825167e-04,9.247575508197769523e-05,-1.524826893728459254e-05
4.694143772125244141e+00,7.262780189514160156e+00,4.441279411315917969e+00,1.000000000000000000e+00,-1.944027098943479359e-05,-9.778765161172486842e-06,-2.017758379224687815e-05
5.882295131683349609e+00,7.436545491218566895e-01,1.857831716537475586e+00,1.000000000000000000e+00,9.533982665743678808e-05,-3.482476358840358444e-06,2.049468275799881667e-05
4.651377201080322266e+00,6.327166557312011719e+00,7.195128440856933594e+00,1.000000000000000000e+00,-2.316902828169986606e-04,1.655626838328316808e-04,-2.224068339273799211e-05
2.900907278060913086e+00,5.112839341163635254e-01,5.939909458160400391e+00,1.000000000000000000e+00,3.913218461093492806e-05,3.342688796692527831e-05,9.932610964824561961e-07
3.839600801467895508e+00,8.037944436073303223e-01,5.377901554107666016e+00,1.000000000000000000e+00,-3.824467057711444795e-05,1.849010732257738709e-05,-4.411478585097938776e-05
5.376035690307617188e+00,3.434372901916503906e+00,4.904085636138916016e+00,1.000000000000000000e+00,1.290667423745617270e-04,-3.361654307809658349e-05,7.546111010015010834e-05
6.336772441864013672e+00,2.698719024658203125e+00,2.570548534393310547e+00,1.000000000000000000e+00,-9.876427611743565649e-06,-9.074402623809874058e-05,-4.318422361393459141e-05
6.559520721435546875e+00,3.081288576126098633e+00,6.294254779815673828e+00,9.999999403953552246e-01,1.995776547119021416e-04,-2.937838435173034668e-04,2.455514040775597095e-04
5.524212360382080078e+00,6.607790470123291016e+00,1.912773728370666504e+00,1.000000000000000000e+00,-1.308892242377623916e-04,1.315267290920019150e-04,4.943941530655138195e-05
6.708621501922607422e+00,4.009319841861724854e-01,3.565396070480346680e+00,9.999998807907104492e-01,-4.423926002345979214e-04,1.096618598239729181e-05,-3.681362431962043047e-04
5.823786854743957520e-01,4.522772312164306641e+00,4.405351161956787109e+00,9.999998807907104492e-01,2.207242068834602833e-04,-4.674642987083643675e-04,2.360492799198254943e-04
7.156486511230468750e+00,3.484911680221557617e+00,2.199206829071044922e+00,1.000000000000000000e+00,-2.651320828590542078e-04,9.116210276260972023e-05,2.883534762077033520e-04
5.814937114715576172e+00,1.623062610626220703e+00,4.926503658294677734e+00,1.000000000000000000e+00,-9.840472921496257186e-05,8.252370753325521946e-05,6.040063817636109889e-05
1.536755859851837158e-01,2.080910444259643555e+00,2.217984199523925781e+00,1.000000000000000000e+00,1.321862946497276425e-04,-4.768747749039903283e-05,2.817422682710457593e-05
1.880573868751525879e+00,3.526738166809082031e+00,4.415562748908996582e-01,1.000000000000000000e+00,-6.210891115188132972e-06,-1.463049920857883990e-05,-1.139111554948613048e-04
1.360929250717163086e+00,6.253319263458251953e+00,2.453127801418304443e-01,1.000000000000000000e+00,-7.467102113878354430e-05,4.097802229807712138e-05,3.732539880729746073e-06
5.665605545043945312e+00,2.631072521209716797e+00,2.358614921569824219e+00,9.999996423721313477e-01,6.551109254360198975e-04,-2.137739938916638494e-04,-5.689059034921228886e-04
6.581017971038818359e+00,4.479370117187500000e-01,4.865958213806152344e+00,1.000000000000000000e+00,-7.863452628953382373e-05,1.997543731704354286e-04,-5.738552135881036520e-05
2.837261259555816650e-01,3.458049535751342773e+00,2.697755098342895508e+00,9.998937249183654785e-01,1.283211912959814072e-02,-7.584018749184906483e-04,6.873052101582288742e-03
1.658035874366760254e+00,6.097577095031738281e+00,1.069723486900329590e+00,1.000000000000000000e+00,-1.037036417983472347e-04,-9.145751391770318151e-05,-8.140041609294712543e-05
5.753649711608886719e+00,2.860171794891357422e+00,4.374682605266571045e-01,1.000000000000000000e+00,2.205867640441283584e-04,3.243109676986932755e-05,3.658783680293709040e-05
1.543600708246231079e-01,5.166973590850830078e+00,5.969900131225585938e+00,1.000000000000000000e+00,-6.208359536685748026e-06,1.079009416571352631e-05,-1.089980560209369287e-05
2.891227245330810547e+00,2.199475288391113281e+00,4.381963253021240234e+00,9.999949336051940918e-01,3.132575657218694687e-03,-7.014643051661550999e-04,-4.487831756705418229e-05
4.320972442626953125e+00,3.982380628585815430e+00,6.545751571655273438e+00,1.000000000000000000e+00,-8.038741361815482378e-05,-1.047081877914024517e-05,3.456506237853318453e-05
4.263654232025146484e+00,6.330755233764648438e+00,6.748845577239990234e+00,1.000000000000000000e+00,-1.475821045460179448e-05,-4.179218740318901837e-05,2.982396108563989401e-05
4.611890316009521484e+00,7.438782215118408203e+00,6.912149906158447266e+00,1.000000000000000000e+00,-7.232735515572130680e-05,-6.939170270925387740e-05,-9.333931666333228350e-05
4.847956657409667969e+00,3.325014352798461914e+00,1.286252260208129883e+00,1.000000000000000000e+00,6.376545206876471639e-05,6.686904089292511344e-05,3.172527431161142886e-05
6.756051063537597656e+00,4.581964492797851562e+00,3.740169763565063477e+00,1.000000000000000000e+00,9.187835530610755086e-05,7.963769894558936357e-05,5.133792365086264908e-05
7.128737926483154297e+00,2.722772121429443359e+00,6.956737518310546875e+00,1.000000000000000000e+00,2.124181446561124176e-05,1.818518103391397744e-05,9.403141302755102515e-05
1.826312303543090820e+00,4.857954025268554688e+00,2.138610839843750000e+00,1.000000000000000000e+00,7.602390542160719633e-05,7.287649350473657250e-05,2.490624319761991501e-04
5.024883896112442017e-02,4.655136108398437500e+00,1.696318864822387695e+00,1.000000000000000000e+00,7.921335054561495781e-06,-2.171523738070391119e-05,7.726834883214905858e-05
1.790405511856079102e-01,6.482032299041748047e+00,6.004135608673095703e+00,1.000000000000000000e+00,-4.155507122050039470e-05,-1.849038017098791897e-05,-2.913417301897425205e-05
3.675446510314941406e+00,3.288596153259277344e+00,5.067787170410156250e+00,1.000000000000000000e+00,2.940836711786687374e-04,2.055848599411547184e-04,1.626497833058238029e-04
6.630787849426269531e+00,8.821246027946472168e-01,3.781471729278564453e+00,9.999712705612182617e-01,-2.957308664917945862e-03,-6.962042301893234253e-03,5.466950824484229088e-04
3.322833061218261719e+00,3.739323616027832031e+00,5.077796522527933121e-03,1.000000000000000000e+00,6.640845822403207421e-05,1.761861130944453180e-05,-9.572899216436780989e-06
1.599190711975097656e+00,6.017963290214538574e-01,4.992550611495971680e-01,9.998688697814941406e-01,1.243809890002012253e-02,9.019487537443637848e-03,-5.120647605508565903e-03
1.145254611968994141e+00,2.551851034164428711e+00,1.220106840133666992e+00,1.000000000000000000e+00,-6.956591823836788535e-05,-9.241414227290078998e-05,4.560672823572531343e-05
5.473598480224609375e+00,4.273625850677490234e+00,5.510451316833496094e+00,1.000000000000000000e+00,2.792385203065350652e-05,-4.937423364026471972e-05,-6.696736090816557407e-05
4.665616989135742188e+00,4.255618453025817871e-01,6.779004096984863281e+00,9.999979734420776367e-01,-1.213802606798708439e-03,-1.005292986519634724e-03,1.289664418436586857e-03
5.579529285430908203e+00,4.790022373199462891e+00,4.820233821868896484e+00,1.000000000000000000e+00,3.975910658482462168e-06,-4.239735426381230354e-05,-1.080928177543682978e-05
1.426331400871276855e+00,1.163900375366210938e+00,5.003785610198974609e+00,9.999995231628417969e-01,-1.548615255160257220e-04,-9.008320048451423645e-04,-4.969252622686326504e-04
4.172821521759033203e+00,5.932181358337402344e+00,5.957474231719970703e+00,1.000000000000000000e+00,7.350397208938375115e-05,-8.751314453547820449e-05,7.788444054313004017e-05
5.222822189331054688e+00,4.769948005676269531e+00,5.506961345672607422e+00,1.000000000000000000e+00,-3.517222353366378229e-07,-3.293881309218704700e-05,-2.653847786859842017e-06
4.585220813751220703e+00,1.015439748764038086e+00,6.584282517433166504e-01,1.000000000000000000e+00,5.929448161623440683e-05,5.432336911326274276e-05,-6.539807509398087859e-05
6.639739990234375000e+00,6.703507900238037109e+00,6.816519260406494141e+00,1.000000000000000000e+00,-9.342379598820116371e-06,6.438031050493009388e-06,2.877460474337567575e-06
1.984571099281311035e+00,4.706734180450439453e+00,8.212204277515411377e-02,1.000000000000000000e+00,1.508736895630136132e-04,-3.015311631315853447e-05,-1.918604903039522469e-05
3.007770061492919922e+00,4.111194133758544922e+00,2.186471462249755859e+00,1.000000000000000000e+00,1.542336394777521491e-05,4.364641881693387404e-06,-1.766547939041629434e-04
6.152515888214111328e+00,7.259967923164367676e-01,5.536532774567604065e-02,1.000000000000000000e+00,2.089496774715371430e-05,-1.015337147691752762e-05,-1.923949457705020905e-05
2.492794990539550781e+00,6.960925579071044922e+00,3.334839940071105957e-01,1.000000000000000000e+00,-1.261347097170073539e-05,-1.501447695773094893e-04,-2.897116792155429721e-05
4.075350284576416016e+00,1.179310083389282227e+00,2.664225101470947266e+00,1.000000000000000000e+00,-9.803484863368794322e-05,3.953712075599469244e-05,-8.056752994889393449e-05
7.317746162414550781e+00,6.069041490554809570e-01,2.231283187866210938e+00,1.000000000000000000e+00,3.516782817314378917e-05,-5.840991798322647810e-05,3.012749402842018753e-05
4.848729610443115234e+00,1.496421813964843750e+00,3.548222780227661133e+00,1.000000000000000000e+00,4.421801804710412398e-06,5.490674811881035566e-05,-6.783881690353155136e-05
5.912532806396484375e+00,3.938911437988281250e+00,1.484100341796875000e+00,1.000000000000000000e+00,3.585398007999174297e-05,2.295639569638296962e-05,3.478092548903077841e-05
4.097442150115966797e+00,1.549059748649597168e+00,5.895731925964355469e+00,1.000000000000000000e+00,-1.392488484270870686e-04,-1.005121739581227303e-04,-1.379795576212927699e-04
3.742406606674194336e+00,6.017373085021972656e+00,2.940448284149169922e+00,1.000000000000000000e+00,-8.776215690886601806e-05,-5.113793304190039635e-05,5.198248618398793042e-05
4.454104423522949219e+00,7.872617244720458984e-02,2.236817598342895508e+00,9.999798536300659180e-01,4.517530556768178940e-03,4.088130313903093338e-03,-1.799913472495973110e-03
1.472458600997924805e+00,1.597768425941467285e+00,4.713717460632324219e+00,9.999999403953552246e-01,-3.893205430358648300e-04,-9.362490527564659715e-05,2.910350449383258820e-04
5.727018356323242188e+00,3.666538238525390625e+00,1.039413571357727051e+00,1.000000000000000000e+00,7.859149627620354295e-05,2.606021371320821345e-05,1.890893327072262764e-05
5.085082054138183594e+00,5.545994758605957031e+00,5.003139972686767578e+00,1.000000000000000000e+00,3.210811701137572527e-05,-4.003116373496595770e-06,-4.229632031638175249e-05
4.807072162628173828e+00,4.679213523864746094e+00,2.290044575929641724e-01,1.000000000000000000e+00,-2.243369453935883939e-05,4.910230586574471090e-07,-2.671936272236052901e-05
4.761691570281982422e+00,7.489243030548095703e+00,3.659337759017944336e+00,1.000000000000000000e+00,-6.741086690453812480e-05,4.092226663487963378e-05,-1.022049327730201185e-04
1.943433165550231934e+00,1.009612679481506348e+00,2.182476997375488281e+00,1.000000000000000000e+00,-1.198005484184250236e-04,-1.452579308534041047e-04,-1.712954326649196446e-05
3.811800479888916016e+00,6.323786377906799316e-01,1.940750241279602051e+00,1.000000000000000000e+00,-2.086574968416243792e-04,-9.294454503105953336e-05,7.428407843690365553e-05
7.480615139007568359e+00,1.023004889488220215e+00,3.940458059310913086e+00,1.000000000000000000e+00,-1.758813450578600168e-04,-1.303068420384079218e-04,-1.285205944441258907e-04
9.801837801933288574e-01,1.818118572235107422e+00,5.717370510101318359e+00,9.999886155128479004e-01,2.332821255549788475e-03,4.159207921475172043e-03,3.514316631481051445e-04
6.417524337768554688e+00,2.071523189544677734e+00,3.057379007339477539e+00,1.000000000000000000e+00,1.844176040322054178e-05,2.996999137394595891e-05,-1.395378262714075390e-06
7.480356693267822266e+00,5.335923671722412109e+00,7.193099498748779297e+00,1.000000000000000000e+00,-8.759843331063166261e-05,1.087528062271303497e-06,2.949097142845857888e-05
7.073606491088867188e+00,5.693626403808593750e+00,5.188674449920654297e+00,1.000000000000000000e+00,-1.122598478104919195e-04,1.318521390203386545e-05,1.805227725526492577e-06
2.178857564926147461e+00,3.322848558425903320e+00,3.547468900680541992e+00,1.000000000000000000e+00,3.339952672831714153e-05,-9.901903831632807851e-05,1.532444730401039124e-04
1.572437644004821777e+00,4.523426532745361328e+00,4.147747993469238281e+00,9.999958276748657227e-01,-9.327501174993813038e-04,2.406498882919549942e-03,1.330375554971396923e-03
1.958569049835205078e+00,7.418605089187622070e-01,5.839267969131469727e-01,9.999970197677612305e-01,-1.647738390602171421e-03,1.795768621377646923e-03,-3.616038302425295115e-04
6.853667259216308594e+00,2.680308103561401367e+00,2.484318614006042480e-01,1.000000000000000000e+00,1.651662605581805110e-04,7.836287113605067134e-05,-3.210992508684284985e-05
4.544625580310821533e-01,4.606949329376220703e+00,5.762280941009521484e+00,1.000000000000000000e+00,1.913062078529037535e-05,5.704989234800450504e-05,-1.036606045090593398e-04
5.279601097106933594e+00,6.175074100494384766e+00,3.366026639938354492e+00,9.999601244926452637e-01,-1.270233886316418648e-03,8.707267232239246368e-03,-1.571897300891578197e-03
6.201554298400878906e+00,6.903229713439941406e+00,4.930900096893310547e+00,9.999001026153564453e-01,-3.721879562363028526e-03,8.746207691729068756e-03,-1.046739425510168076e-02
7.074176788330078125e+00,1.197448611259460449e+00,3.629055976867675781e+00,1.000000000000000000e+00,2.434700145386159420e-04,-1.591130276210606098e-04,8.717743912711739540e-05
6.461201190948486328e+00,6.264615535736083984e+00,4.786782264709472656e+00,9.999992847442626953e-01,-9.138733148574829102e-04,-5.212126416154205799e-04,6.823454750701785088e-04
7.486947059631347656e+00,3.226596355438232422e+00,2.488473892211914062e+00,9.999997615814208984e-01,-5.468706367537379265e-04,-2.708221109060104936e-05,5.277917953208088875e-04
5.653909683227539062e+00,1.264225840568542480e+00,6.193118095397949219e+00,1.000000000000000000e+00,-4.584413181873969734e-05,-2.599476465547922999e-05,-5.714816143154166639e-05
6.254923820495605469e+00,7.561826705932617188e-01,2.848781347274780273e+00,9.999893307685852051e-01,-3.754024626687169075e-03,7.349986699409782887e-04,-2.617568708956241608e-03
6.944593906402587891e+00,2.515595555305480957e-01,9.610770940780639648e-01,1.000000000000000000e+00,7.375443965429440141e-05,7.688573532504960895e-06,-7.804000779287889600e-05
7.349104881286621094e+00,2.710937023162841797e+00,4.725322246551513672e+00,9.999997019767761230e-01,-6.221559597179293633e-04,-3.744312562048435211e-04,-4.124603874515742064e-04
5.430696010589599609e+00,8.220789432525634766e-01,6.506528705358505249e-02,1.000000000000000000e+00,2.936307828349526972e-05,1.054872245731530711e-05,-2.712220521061681211e-05
7.207569599151611328e+00,7.687743902206420898e-01,3.763526201248168945e+00,1.000000000000000000e+00,-1.419503678334876895e-04,-3.344108990859240294e-04,-2.272948040626943111e-05
6.950133800506591797e+00,8.106466531753540039e-01,7.443968772888183594e+00,1.000000000000000000e+00,7.294339593499898911e-05,-1.393713173456490040e-04,-1.325851771980524063e-04
1.228878617286682129e+00,3.876866817474365234e+00,6.526494503021240234e+00,9.999998807907104492e-01,-4.086298577021807432e-04,2.605975314509123564e-04,1.607927988516166806e-04
6.706496238708496094e+00,2.088650941848754883e+00,7.101946353912353516e+00,1.000000000000000000e+00,4.709154381998814642e-06,3.623915472417138517e-05,1.780541351763531566e-04
4.638834476470947266e+00,1.894719243049621582e+00,4.466110229492187500e+00,1.000000000000000000e+00,4.159411037107929587e-05,-3.985789953731000423e-05,-1.441212662030011415e-04
6.709522724151611328e+00,2.292545318603515625e+00,3.020040273666381836e+00,1.000000000000000000e+00,6.046002454240806401e-05,-4.885298403678461909e-05,-2.479656723153311759e-05
4.973181724548339844e+00,3.988646566867828369e-01,6.621011734008789062e+00,9.999999403953552246e-01,1.167452792287804186e-04,-1.438023318769410253e-04,4.119521472603082657e-04
2.697523117065429688e+00,2.601326704025268555e-01,2.899725139141082764e-01,1.000000000000000000e+00,1.099802902899682522e-04,1.702027075225487351e-04,9.160646732198074460e-05
5.209502220153808594e+00,3.062720060348510742e+00,4.491706371307373047e+00,1.000000000000000000e+00,1.544003753224387765e-04,1.476318138884380460e-04,3.725663700606673956e-04
1.411510348320007324e+00,5.843297958374023438e+00,7.269333362579345703e+00,1.000000000000000000e+00,-6.003078669891692698e-05,-6.844848030596040189e-06,2.384488834650255740e-05
1.256750583648681641e+00,6.315245628356933594e+00,6.111160516738891602e-01,1.000000000000000000e+00,-4.828197779715992510e-05,8.600268483860418200e-05,4.667621760745532811e-05
1.440708488225936890e-01,5.616766929626464844e+00,4.081669807434082031e+00,9.999353289604187012e-01,6.227313424460589886e-04,1.135561428964138031e-02,4.389743262436240911e-04
9.170151948928833008e-01,3.750850915908813477e+00,5.904538631439208984e+00,1.000000000000000000e+00,8.872735634213313460e-05,-4.977870048605836928e-05,7.884517253842204809e-05
5.136141300201416016e+00,7.986944317817687988e-01,1.916735887527465820e+00,1.000000000000000000e+00,5.415280975284986198e-05,3.398790067876689136e-05,6.206667603692039847e-05
1.360387682914733887e+00,1.630445480346679688e+00,5.822713851928710938e+00,9.999504685401916504e-01,-8.831905201077461243e-03,2.020548330619931221e-03,4.130002111196517944e-03
7.522690892219543457e-01,4.476549625396728516e+00,1.332243442535400391e+00,1.000000000000000000e+00,1.126707720686681569e-04,-4.250611891620792449e-05,-4.900560088572092354e-05
2.443176269531250000e+00,1.926556944847106934e+00,1.206093549728393555e+00,9.999099969863891602e-01,-1.186053175479173660e-02,-4.926042165607213974e-03,-3.896993584930896759e-03
3.776689767837524414e+00,2.594254970550537109e+00,4.703611850738525391e+00,1.000000000000000000e+00,2.653354022186249495e-04,1.739697618177160621e-04,-3.157665923936292529e-05
3.653912544250488281e+00,3.800603628158569336e+00,3.263045072555541992e+00,1.000000000000000000e+00,-1.507275883341208100e-04,-2.548975462559610605e-04,1.669269113335758448e-04
2.715336561203002930e+00,4.385181427001953125e+00,1.325625896453857422e+00,9.999994635581970215e-01,-4.289000207791104913e-05,-1.070923870429396629e-03,2.335155731998383999e-04
3.109345197677612305e+00,5.359510421752929688e+00,1.818066000938415527e+00,1.000000000000000000e+00,2.452623812132515013e-05,3.789283800870180130e-05,3.006097176694311202e-05
5.601248264312744141e+00,3.472279310226440430e+00,1.498248875141143799e-01,1.000000000000000000e+00,3.599393530748784542e-04,-2.730799315031617880e-05,2.648783629410900176e-05
5.148965835571289062e+00,5.860134601593017578e+00,6.269654273986816406e+00,1.000000000000000000e+00,-5.499203325598500669e-05,-7.249371992656961083e-05,1.198053541884291917e-05
2.983666062355041504e-01,2.997539043426513672e+00,4.209530055522918701e-01,1.000000000000000000e+00,-1.362252805847674608e-05,2.876967118936590850e-05,4.590137450577458367e-06
7.151665210723876953e+00,1.345964074134826660e+00,6.738686561584472656e-01,1.000000000000000000e+00,-5.760277417721226811e-06,-4.598431405611336231e-05,-8.159003482433035970e-05
7.271583557128906250e+00,7.454041004180908203e+00,4.882247447967529297e-01,1.000000000000000000e+00,1.857639144873246551e-04,-9.063415745913516730e-06,-1.760150771588087082e-04
4.488557815551757812e+00,4.229858815670013428e-01,5.546837806701660156e+00,1.000000000000000000e+00,3.028366882062982768e-05,-7.058190931275021285e-06,-1.290680393140064552e-05
4.027412891387939453e+00,6.043183326721191406e+00,3.780851840972900391e+00,1.000000000000000000e+00,3.305210339021869004e-05,-1.348589648841880262e-05,3.734513666131533682e-05
3.220086812973022461e+00,4.871814727783203125e+00,1.447309732437133789e+00,1.000000000000000000e+00,3.488552756607532501e-04,-1.787432702258229256e-04,1.982295361813157797e-04
6.605259895324707031e+00,5.598475456237792969e+00,4.628679275512695312e+00,1.000000000000000000e+00,-1.405899965902790427e-04,-3.408143311389721930e-05,6.203255179570987821e-05
5.591195106506347656e+00,4.869124412536621094e+00,6.903617382049560547e+00,1.000000000000000000e+00,-1.183603089884854853e-04,-4.032581728097284213e-06,-4.919048024021321908e-06
1.812917739152908325e-01,7.230360984802246094e+00,6.987109661102294922e+00,1.000000000000000000e+00,6.596779712708666921e-05,-1.723950299492571503e-05,-5.612207314698025584e-05
2.419701777398586273e-03,1.066575646400451660e+00,6.781945228576660156e+00,1.000000000000000000e+00,-3.729499876499176025e-04,1.783841289579868317e-04,9.090977255254983902e-05
3.885071754455566406e+00,4.736668109893798828e+00,3.783471345901489258e+00,1.000000000000000000e+00,3.449384530540555716e-04,2.340016653761267662e-04,-8.263378549600020051e-05
5.715511441230773926e-01,1.820099830627441406e+00,1.097112819552421570e-01,1.000000000000000000e+00,2.112837828462943435e-04,-9.056734415935352445e-05,-8.056394290179014206e-05
6.120302677154541016e+00,1.993822336196899414e+00,2.370211362838745117e+00,1.000000000000000000e+00,1.200210535898804665e-04,1.412197889294475317e-05,6.344848225126042962e-05
1.374125838279724121e+00,6.367598056793212891e+00,7.246743202209472656e+00,1.000000000000000000e+00,-5.205687193665653467e-05,-2.093352486554067582e-05,6.201781161507824436e-06
8.018189668655395508e-01,4.657198429107666016e+00,3.913980960845947266e+00,1.000000000000000000e+00,2.098299883073195815e-04,7.576612915727309883e-06,-1.298872666666284204e-04
1.869871854782104492e+00,5.348870754241943359e+00,6.373064517974853516e+00,1.000000000000000000e+00,-2.225055359303951263e-04,2.267094532726332545e-05,6.490013038273900747e-05
4.703568935394287109e+00,1.446441054344177246e+00,4.187818169593811035e-01,1.000000000000000000e+00,3.148435644106939435e-05,8.885630813892930746e-05,-6.259025394683703780e-05
6.237227439880371094e+00,4.927210330963134766e+00,1.285772204399108887e+00,1.000000000000000000e+00,2.230752033938188106e-05,3.424719398026354611e-05,1.485564735048683360e-05
3.029231786727905273e+00,1.845641613006591797e+00,4.331723690032958984e+00,9.999977946281433105e-01,1.213452196680009365e-03,-3.915495763067156076e-04,-1.686130650341510773e-03
5.017607688903808594e+00,3.743384361267089844e+00,1.981300234794616699e+00,1.000000000000000000e+00,2.703133213799446821e-04,1.259016280528157949e-04,-4.356835052021779120e-05
3.443289518356323242e+00,2.683711290359497070e+00,5.797647953033447266e+00,9.999989867210388184e-01,-1.004150719381868839e-03,-3.316398942843079567e-04,-1.011443906463682652e-03
2.717173576354980469e+00,5.892862677574157715e-01,6.605109214782714844e+00,1.000000000000000000e+00,7.404897769447416067e-05,2.008546471188310534e-05,1.925646392919588834e-05
8.818543553352355957e-01,1.125177502632141113e+00,5.107509136199951172e+00,9.999999403953552246e-01,-4.426602099556475878e-04,1.252351557923248038e-05,2.706277009565383196e-04
1.817647576332092285e+00,1.782875537872314453e+00,2.487762212753295898e+00,1.000000000000000000e+00,4.079224163433536887e-05,-2.574555401224642992e-05,8.971345960162580013e-05
2.776096820831298828e+00,6.500078678131103516e+00,5.076594352722167969e+00,1.000000000000000000e+00,-2.670091998879797757e-05,3.730100615939591080e-06,-5.664895797963254154e-05
3.832201480865478516e+00,2.471543401479721069e-01,1.560015439987182617e+00,1.000000000000000000e+00,4.193521363049512729e-06,2.696233859751373529e-04,-8.504180186719167978e-06
3.335818290710449219e+00,4.005443096160888672e+00,5.362998485565185547e+00,9.998676180839538574e-01,-1.390446722507476807e-02,-2.329832641407847404e-03,8.121320046484470367e-03
6.916177272796630859e+00,9.086062908172607422e-01,8.543417453765869141e-01,1.000000000000000000e+00,-2.649824750733387191e-07,-3.550532710505649447e-05,-6.873753591207787395e-05
4.734919548034667969e+00,5.739840030670166016e+00,7.300476074218750000e+00,1.000000000000000000e+00,-1.550293527543544769e-04,1.463680528104305267e-04,-3.324983481434173882e-05
3.607031106948852539e+00,3.315688848495483398e+00,2.939956188201904297e-01,1.000000000000000000e+00,9.570619295118376613e-05,-7.236387773446040228e-06,1.269419590244069695e-04
3.546185195446014404e-01,4.149439334869384766e+00,1.111867308616638184e+00,1.000000000000000000e+00,-4.889847787126200274e-06,6.466310151154175401e-05,-3.455664045759476721e-05
1.232404589653015137e+00,4.569081306457519531e+00,3.737240314483642578e+00,9.999998211860656738e-01,-4.204133583698421717e-04,-4.776565474458038807e-04,2.411538735032081604e-04
7.163399696350097656e+00,1.280777692794799805e+00,1.482160210609436035e+00,1.000000000000000000e+00,4.212408384773880243e-05,-4.454474401427432895e-05,-7.184370042523369193e-05
4.543887078762054443e-01,9.113293886184692383e-01,3.941010713577270508e+00,1.000000000000000000e+00,-1.104740513255819678e-04,-1.283902674913406372e-04,1.790740680007729679e-05
7.278385162353515625e+00,4.278367042541503906e+00,5.701951503753662109e+00,9.999980330467224121e-01,1.925427583046257496e-03,5.108093610033392906e-04,-3.019720315933227539e-04
3.548127412796020508e+00,4.379030704498291016e+00,4.653707504272460938e+00,9.999999403953552246e-01,3.115136933047324419e-04,-3.568143001757562160e-04,-1.461807987652719021e-04
5.420858860015869141e+00,3.334771633148193359e+00,9.750321507453918457e-01,1.000000000000000000e+00,9.952162508852779865e-05,2.613063043099828064e-05,5.217709986027330160e-05
6.715302467346191406e+00,4.198640346527099609e+00,8.414273262023925781e-01,1.000000000000000000e+00,6.087554424993868452e-07,5.150568540557287633e-05,-2.682375225049327128e-06
3.062959611415863037e-01,6.923436641693115234e+00,8.385832905769348145e-01,9.999995827674865723e-01,8.470500470139086246e-04,1.255873849004274234e-05,-5.412056925706565380e-04
3.904635012149810791e-01,7.538423538208007812e-01,5.288638114929199219e+00,1.000000000000000000e+00,-9.299252269556745887e-05,5.806764238514006138e-05,6.820644921390339732e-05
6.077778339385986328e+00,3.025640487670898438e+00,2.379432916641235352e+00,1.000000000000000000e+00,4.709537824965082109e-05,-1.202559215016663074e-04,-9.558448073221370578e-05
1.007843494415283203e+00,5.067423343658447266e+00,1.440546154975891113e+00,9.999998807907104492e-01,-5.403960240073502064e-04,-1.613743224879726768e-04,2.146711776731535792e-04
3.515689134597778320e+00,4.484842777252197266e+00,2.565214395523071289e+00,1.000000000000000000e+00,1.990162490983493626e-05,4.237574103171937168e-05,1.548846921650692821e-04
4.761299610137939453e+00,5.773692131042480469e+00,2.449905633926391602e+00,1.000000000000000000e+00,-1.363214105367660522e-04,3.646650156952091493e-06,5.260399484541267157e-05
1.705009222030639648e+00,5.180106639862060547e+00,3.617628574371337891e+00,1.000000000000000000e+00,2.012091499636881053e-06,-1.194530996144749224e-04,-5.024857455282472074e-05
2.642428874969482422e+00,3.643481492996215820e+00,6.346305370330810547e+00,9.999998807907104492e-01,3.137007588520646095e-04,-2.388645516475662589e-04,-3.155193699058145285e-04
3.140726327896118164e+00,1.188791155815124512e+00,4.522392272949218750e+00,9.999999403953552246e-01,-3.804399457294493914e-04,2.039381797658279538e-05,3.117259184364229441e-04
6.814678668975830078e+00,2.193523645401000977e+00,5.532205104827880859e+00,1.000000000000000000e+00,1.061885850504040718e-04,5.102372961118817329e-05,9.654993482399731874e-05
6.016927242279052734e+00,6.014841556549072266e+00,2.883972883224487305e+00,9.999998807907104492e-01,-2.788933634292334318e-04,-5.301556666381657124e-04,-4.645315857487730682e-05
6.335956573486328125e+00,9.209405183792114258e-01,4.765727996826171875e+00,1.000000000000000000e+00,1.747927162796258926e-04,2.780960057862102985e-04,4.148273001192137599e-05
4.295588970184326172e+00,1.084127783775329590e+00,6.658809661865234375e+00,1.000000000000000000e+00,-1.263608864974230528e-04,-6.118367309682071209e-05,4.466901373234577477e-05
5.095975399017333984e-01,3.559575080871582031e+00,2.493459939956665039e+00,9.999901652336120605e-01,2.054574433714151382e-03,-3.925427794456481934e-03,-4.110316513106226921e-04
5.282202720642089844e+00,6.372178077697753906e+00,6.077531814575195312e+00,1.000000000000000000e+00,1.767718276823870838e-05,-5.910261461394838989e-05,2.630968992889393121e-05
1.717740774154663086e+00,7.304405212402343750e+00,1.830165743827819824e+00,1.000000000000000000e+00,-3.752500560949556530e-05,-4.358169826446101069e-05,-2.482033414707984775e-05
4.340255260467529297e+00,6.452108383178710938e+00,6.608750820159912109e-01,9.999991655349731445e-01,-9.114410931942984462e-05,-1.278176438063383102e-03,-3.109597892034798861e-04
5.929951667785644531e+00,7.493976354598999023e-01,6.130989074707031250e+00,1.000000000000000000e+00,8.264865755336359143e-06,2.255499794046045281e-06,7.846272637834772468e-06
2.590945243835449219e+00,2.205478399991989136e-01,2.363235235214233398e+00,9.999980330467224121e-01,-1.382639980874955654e-03,-1.112489495426416397e-03,9.397162939421832561e-04
4.272233963012695312e+00,4.066620826721191406e+00,1.721145868301391602e+00,9.999958276748657227e-01,3.020866715814918280e-04,1.919528294820338488e-04,-2.879274077713489532e-03
4.633276939392089844e+00,5.879439353942871094e+00,5.360028743743896484e+00,9.999998807907104492e-01,-3.677098429761826992e-04,-3.857201663777232170e-04,2.690053370315581560e-04
6.773212432861328125e+00,3.896476984024047852e+00,2.646513223648071289e+00,1.000000000000000000e+00,-2.667015542101580650e-05,-4.369562884676270187e-05,4.640343468054197729e-05
6.519825458526611328e+00,1.860945522785186768e-01,2.445935487747192383e+00,1.000000000000000000e+00,2.546492323745042086e-04,-1.037409892887808383e-04,2.326912363059818745e-04
4.957801342010498047e+00,6.391992568969726562e-01,2.139122724533081055e+00,9.999998807907104492e-01,-2.319506165804341435e-04,3.772623313125222921e-05,-5.394055624492466450e-04
6.232591629028320312e+00,7.242193698883056641e+00,1.779932141304016113e+00,1.000000000000000000e+00,1.406652736477553844e-04,-7.347816790570504963e-06,2.726386628637555987e-05
4.137035846710205078e+00,1.113589644432067871e+00,5.156763076782226562e+00,1.000000000000000000e+00,-6.234811735339462757e-05,-4.280175289750332013e-06,-7.603503763675689697e-05
5.083427429199218750e+00,7.459373950958251953e+00,5.207951068878173828e+00,1.000000000000000000e+00,-6.608179774048039690e-06,-8.499841351294890046e-05,6.248325371416285634e-05
5.545157194137573242e-01,6.483406066894531250e+00,5.068376064300537109e+00,1.000000000000000000e+00,-2.450839674565941095e-04,-1.400902838213369250e-04,-1.572952169226482511e-04
4.207970142364501953e+00,7.084061145782470703e+00,6.359268188476562500e+00,1.000000000000000000e+00,3.534564530127681792e-05,-2.481112915120320395e-06,-2.402383324806578457e-05
2.295680761337280273e+00,6.549966335296630859e+00,4.929280757904052734e+00,1.000000000000000000e+00,-2.267411764478310943e-05,2.184692857554182410e-05,2.089454937959089875e-05
4.352029323577880859e+00,3.743507385253906250e+00,3.717421889305114746e-01,1.000000000000000000e+00,1.005497324513271451e-05,-2.011172000493388623e-05,-3.826521788141690195e-05
4.279659390449523926e-01,1.979092478752136230e+00,3.000897169113159180e+00,1.000000000000000000e+00,2.705888182390481234e-04,4.027736213174648583e-05,1.501793303759768605e-04
2.719955444335937500e+00,5.863600730895996094e+00,6.060201168060302734e+00,9.999996423721313477e-01,-8.799104398349300027e-05,8.909867028705775738e-04,1.619940121599938720e-05
2.507936477661132812e+00,2.672647237777709961e+00,7.590875625610351562e-01,1.000000000000000000e+00,-1.758254657033830881e-04,-6.555656000273302197e-05,-4.619633546099066734e-05
5.069796562194824219e+00,1.100191593170166016e+00,1.802759170532226562e+00,1.000000000000000000e+00,1.224679290316998959e-04,8.697662997292354703e-05,7.183768320828676224e-05
5.049607753753662109e+00,6.799673438072204590e-01,4.284391880035400391e+00,1.000000000000000000e+00,1.330130544374696910e-05,-4.237035227561136708e-06,-3.666009797598235309e-05
1.419863224029541016e+00,1.362345695495605469e+00,1.120405077934265137e+00,1.000000000000000000e+00,-3.088298253715038300e-04,-1.888514088932424784e-04,1.550895976833999157e-04
5.620702743530273438e+00,3.053663492202758789e+00,6.284839153289794922e+00,9.999862909317016602e-01,4.460600670427083969e-03,1.296059112064540386e-03,-2.443389268592000008e-03
1.568089842796325684e+00,2.420128583908081055e+00,7.833366394042968750e-01,1.000000000000000000e+00,-1.336147252004593611e-04,-1.529731525806710124e-04,5.338341361493803561e-05
4.515923976898193359e+00,7.286537647247314453e+00,1.049202442169189453e+00,1.000000000000000000e+00,-8.604650247434619814e-06,1.043047595885582268e-04,-1.425625214324099943e-05
2.487071037292480469e+00,4.355388164520263672e+00,6.655518531799316406e+00,9.999986290931701660e-01,5.198505241423845291e-04,1.565425656735897064e-03,-9.434389357920736074e-05
1.237943530082702637e+00,4.326230525970458984e+00,5.700772762298583984e+00,1.000000000000000000e+00,1.821849582483991981e-04,-1.305975019931793213e-04,-3.155888407491147518e-05
5.471861362457275391e+00,6.372902870178222656e+00,8.595438003540039062e-01,1.000000000000000000e+00,-3.889758590958081186e-05,2.011492179008200765e-04,7.010594708845019341e-05
2.919509649276733398e+00,5.773655772209167480e-01,3.706020593643188477e+00,1.000000000000000000e+00,1.481431681895628572e-04,7.362221367657184601e-06,3.394695886527188122e-05
5.475549221038818359e+00,1.610255837440490723e+00,3.838691234588623047e+00,1.000000000000000000e+00,7.511549483751878142e-05,-1.685248935245908797e-05,-1.175302750198170543e-04
4.535737037658691406e+00,6.953054904937744141e+00,7.051737308502197266e+00,1.000000000000000000e+00,-3.793399082496762276e-05,9.482550922257360071e-06,-3.170599029544973746e-06
3.779582738876342773e+00,2.547057628631591797e+00,2.229004383087158203e+00,9.999998211860656738e-01,-3.770221082959324121e-04,4.393840790726244450e-04,-1.581104152137413621e-04
4.652991294860839844e+00,2.723054409027099609e+00,5.476920604705810547e+00,1.000000000000000000e+00,-8.131662070809397846e-06,-8.519693801645189524e-05,2.392564201727509499e-04
7.227660655975341797e+00,6.999313354492187500e+00,1.118484139442443848e+00,1.000000000000000000e+00,2.605937479529529810e-04,2.373496536165475845e-04,-1.793150004232302308e-04
2.635917901992797852e+00,5.086344242095947266e+00,6.462310552597045898e-01,1.000000000000000000e+00,1.896074536489322782e-04,-1.418158899468835443e-05,1.908024714794009924e-04
2.480319499969482422e+00,6.074371337890625000e+00,5.963392734527587891e+00,1.000000000000000000e+00,-3.357067471370100975e-04,-2.091068017762154341e-04,1.715377293294295669e-04
2.109353542327880859e+00,6.736872673034667969e+00,5.463228702545166016e+00,1.000000000000000000e+00,-6.432853115256875753e-05,1.319822786172153428e-05,8.794814675638917834e-06
6.233714580535888672e+00,6.430100440979003906e+00,1.616514086723327637e+00,9.999886155128479004e-01,-1.444140681996941566e-03,1.750631607137620449e-03,4.203873220831155777e-03
6.772823333740234375e+00,6.786068439483642578e+00,5.950606346130371094e+00,1.000000000000000000e+00,7.105437543941661716e-05,4.950122820446267724e-05,-7.191159966168925166e-05
2.868937492370605469e+00,6.164152145385742188e+00,3.800532579421997070e+00,1.000000000000000000e+00,-1.725949368847068399e-05,-1.364913441648241132e-05,1.021305524773197249e-05
7.057309150695800781e+00,7.150526523590087891e+00,5.476512908935546875e-01,1.000000000000000000e+00,1.961607340490445495e-04,9.969477832783013582e-05,-1.830027176765725017e-04
2.001402139663696289e+00,6.847048282623291016e+00,5.916946411132812500e+00,1.000000000000000000e+00,-6.700783706037327647e-05,2.666895170477801003e-06,-1.084318137145601213e-05
6.512291431427001953e+00,4.792233467102050781e+00,3.767433762550354004e-01,1.000000000000000000e+00,-5.107584365759976208e-05,5.915740985074080527e-05,1.512660674052312970e-05
6.501287937164306641e+00,7.286604881286621094e+00,5.538461208343505859e+00,9.999999403953552246e-01,2.101458667311817408e-04,2.662696060724556446e-04,-2.957974211312830448e-04
4.327162265777587891e+00,6.898803234100341797e+00,4.090478420257568359e+00,1.000000000000000000e+00,-1.394828268530545756e-05,-3.955146166845224798e-05,-1.370173868053825572e-05
6.290347576141357422e+00,5.149385333061218262e-01,2.106525182723999023e+00,1.000000000000000000e+00,2.562458685133606195e-04,-7.478975476260529831e-06,4.019793414045125246e-05
5.092513561248779297e+00,5.048271656036376953e+00,1.321070790290832520e+00,1.000000000000000000e+00,-5.391519152908585966e-06,6.865713658044114709e-05,-3.219725476810708642e-05
1.301170825958251953e+00,5.262767791748046875e+00,2.114970684051513672e+00,9.999768733978271484e-01,4.324798937886953354e-03,4.788606427609920502e-03,2.170012798160314560e-03
5.235111236572265625e+00,2.682474374771118164e+00,1.576352834701538086e+00,1.000000000000000000e+00,1.042300664266804233e-05,-1.302814325754297897e-05,2.688670356292277575e-04
2.513405799865722656e+00,4.229941368103027344e+00,3.421202182769775391e+00,1.000000000000000000e+00,-3.929434387828223407e-05,1.747848873492330313e-04,5.304747173795476556e-05
2.884012937545776367e+00,1.796083211898803711e+00,6.127712249755859375e+00,1.000000000000000000e+00,2.140404540114104748e-04,-1.353207626380026340e-04,2.384191902820020914e-04
6.625503540039062500e+00,6.996323108673095703e+00,4.570654392242431641e+00,1.000000000000000000e+00,-5.257795783109031618e-05,-1.047383557306602597e-04,-2.092327194986864924e-04
3.236989974975585938e+00,1.655516922473907471e-01,7.271095275878906250e+00,1.000000000000000000e+00,2.117954281857237220e-04,2.491520426701754332e-04,1.192258350783959031e-04
4.635817050933837891e+00,5.310217857360839844e+00,7.067352771759033203e+00,1.000000000000000000e+00,-1.070010985131375492e-04,-4.848753815167583525e-05,-1.326278743363218382e-05
5.882744789123535156e+00,3.488524556159973145e-01,9.088691473007202148e-01,1.000000000000000000e+00,7.024456135695800185e-05,2.146730594176915474e-06,-1.523826313132303767e-06
4.726189613342285156e+00,3.942915201187133789e+00,1.676663994789123535e+00,1.000000000000000000e+00,1.775940618244931102e-04,1.249250781256705523e-04,9.813840006245300174e-05
3.062861442565917969e+00,3.939217329025268555e+00,1.499204039573669434e-01,1.000000000000000000e+00,2.029952156590297818e-04,-5.589336797129362822e-05,-3.960156027460470796e-05
3.138832330703735352e+00,2.913695096969604492e+00,5.570183277130126953e+00,1.000000000000000000e+00,2.036026489804498851e-05,-1.207495461130747572e-05,-2.836504718288779259e-04
1.717114210128784180e+00,6.112658381462097168e-01,7.966699004173278809e-01,9.998714923858642578e-01,1.236842107027769089e-02,8.555931039154529572e-03,-5.556640215218067169e-03
6.147394180297851562e+00,7.053821086883544922e+00,5.942213058471679688e+00,1.000000000000000000e+00,1.985900744330137968e-04,-6.512209893116960302e-06,1.125227981901844032e-06
5.188019752502441406e+00,1.382235735654830933e-01,2.764365673065185547e+00,1.000000000000000000e+00,1.991518074646592140e-04,-2.786057393677765504e-06,-4.950413131155073643e-05
5.416605472564697266e+00,6.997526645660400391e+00,3.641992807388305664e+00,9.999997615814208984e-01,-6.362396525219082832e-04,4.463580262381583452e-04,-1.548140717204660177e-04
7.228232383728027344e+00,3.548731565475463867e+00,6.677641868591308594e+00,9.999997019767761230e-01,1.432673307135701180e-04,6.136891897767782211e-04,5.678739980794489384e-04
1.010947823524475098e+00,1.702137231826782227e+00,4.633804798126220703e+00,1.000000000000000000e+00,-1.181211628136225045e-04,-1.269421918550506234e-04,2.531055943109095097e-04
4.756204605102539062e+00,6.445162296295166016e+00,4.053128957748413086e-01,9.999834299087524414e-01,-5.704955197870731354e-03,4.455638991203159094e-04,-6.883020978420972824e-04
9.664275050163269043e-01,4.681035995483398438e+00,1.046248078346252441e-01,1.000000000000000000e+00,1.651337879593484104e-05,-2.820546797011047602e-05,-9.478533229412278160e-07
5.655638694763183594e+00,2.130182981491088867e+00,4.706769943237304688e+00,9.999780654907226562e-01,-6.245111580938100815e-03,-1.176310353912413120e-03,-1.905601588077843189e-03
6.143841147422790527e-01,2.007156610488891602e+00,1.651592969894409180e+00,1.000000000000000000e+00,2.029153110925108194e-04,-5.666559809469617903e-05,1.437862229067832232e-04
2.164197206497192383e+00,6.547647953033447266e+00,6.976473331451416016e+00,1.000000000000000000e+00,-1.185615692520514131e-04,6.648770795436576009e-05,-6.847712938906624913e-05
2.909269094467163086e+00,6.439582347869873047e+00,7.492585182189941406e+00,1.000000000000000000e+00,-1.910695427795872092e-04,1.179183236672542989e-04,-3.582701174309477210e-05
5.264079093933105469e+00,6.396933555603027344e+00,1.892210245132446289e+00,1.000000000000000000e+00,-1.677138789091259241e-04,1.747396891005337238e-04,2.146061706298496574e-05
4.541662693023681641e+00,4.087546348571777344e+00,6.890235424041748047e+00,1.000000000000000000e+00,-8.408478606725111604e-05,-6.954701530048623681e-05,3.929191007046028972e-05
3.173094749450683594e+00,6.876946449279785156e+00,1.434825658798217773e+00,1.000000000000000000e+00,2.231942198704928160e-04,1.398857275489717722e-04,1.159979092335561290e-05
2.797751426696777344e+00,6.511479377746582031e+00,6.796838283538818359e+00,9.999998807907104492e-01,-2.853069454431533813e-04,2.944355946965515614e-04,-4.783041076734662056e-04
3.869273662567138672e+00,1.967445731163024902e+00,2.475399494171142578e+00,9.999999403953552246e-01,-2.416445640847086906e-04,-1.931190854520536959e-05,3.972711565438657999e-04
5.827887535095214844e+00,6.877860069274902344e+00,4.660945892333984375e+00,9.999995231628417969e-01,4.399823665153235197e-04,9.491142700426280499e-04,-1.033343287417665124e-04
1.726128756999969482e-01,1.385964632034301758e+00,3.426318407058715820e+00,1.000000000000000000e+00,2.797349006868898869e-04,9.447198681300505996e-05,-1.243898295797407627e-04
6.183692455291748047e+00,4.302564620971679688e+00,2.290436029434204102e-01,1.000000000000000000e+00,-5.309338666847907007e-05,8.318424079334363341e-05,-4.343107866588979959e-05
7.428542137145996094e+00,6.040463447570800781e+00,2.426302194595336914e+00,1.000000000000000000e+00,-7.056981849018484354e-05,-1.322704338235780597e-04,8.269552199635654688e-05
2.539275884628295898e-01,1.817660808563232422e+00,3.967772006988525391e+00,9.999769926071166992e-01,1.318754977546632290e-03,2.091804984956979752e-03,-6.321705877780914307e-03
6.745097160339355469e+00,5.547565937042236328e+00,6.323167085647583008e-01,1.000000000000000000e+00,-1.121711829910054803e-04,9.832493378780782223e-05,8.331549179274588823e-05
1.886905193328857422e+00,3.154893398284912109e+00,1.523948550224304199e+00,1.000000000000000000e+00,-1.597814116394147277e-04,-7.458442269125953317e-05,-1.136525461333803833e-04
2.488433361053466797e+00,2.121796131134033203e+00,7.470061779022216797e+00,1.000000000000000000e+00,5.867553772986866534e-05,2.665626016096211970e-05,1.657770371821243316e-05
6.726665973663330078e+00,4.323509693145751953e+00,4.663834571838378906e+00,9.999999403953552246e-01,-5.733300349675118923e-05,-4.907443653792142868e-04,9.511664393357932568e-05
1.836437344551086426e+00,2.303652912378311157e-01,4.230376720428466797e+00,1.000000000000000000e+00,5.308247273205779493e-05,-8.705110667506232858e-05,2.395423143752850592e-05
7.317162036895751953e+00,4.129538536071777344e+00,6.868005752563476562e+00,1.000000000000000000e+00,1.699573622317984700e-04,-2.879856328945606947e-04,-1.317255955655127764e-04
4.634111404418945312e+00,4.084086418151855469e+00,6.437756061553955078e+00,1.000000000000000000e+00,-3.410957651794888079e-05,-1.969669938262086362e-05,2.208297155448235571e-05
1.987576603889465332e+00,7.170967102050781250e+00,5.273253440856933594e+00,1.000000000000000000e+00,-1.043309021042659879e-05,5.661991053784731776e-06,1.320186220254981890e-05
4.651852607727050781e+00,6.832304000854492188e+00,5.563127040863037109e+00,1.000000000000000000e+00,5.378434434533119202e-05,-6.549970566993579268e-05,2.813589344441425055e-05
2.681856155395507812e+00,2.011178493499755859e+00,2.158765077590942383e+00,1.000000000000000000e+00,6.536877481266856194e-05,2.195680826844181865e-05,7.099406502675265074e-05
7.035778522491455078e+00,1.922658562660217285e+00,1.841876029968261719e+00,1.000000000000000000e+00,4.793231346411630511e-05,-4.950993024976924062e-05,-1.261307602362649050e-06
1.735230803489685059e+00,5.226474761962890625e+00,4.924438476562500000e+00,1.000000000000000000e+00,1.240320671058725566e-06,-2.892042175517417490e-05,9.698432404547929764e-05
6.825335502624511719e+00,1.876217842102050781e+00,4.741039276123046875e+00,1.000000000000000000e+00,5.678909292328171432e-05,-8.245396020356565714e-05,1.830583933042362332e-04
3.929288148880004883e+00,1.576592087745666504e+00,5.060584545135498047e+00,1.000000000000000000e+00,-1.458106708014383912e-04,8.444362902082502842e-05,-1.780393940862268209e-04
4.664497375488281250e+00,4.921956539154052734e+00,5.972242832183837891e+00,1.000000000000000000e+00,-6.012144513078965247e-05,-5.888645318918861449e-05,2.472275264153722674e-05
4.829497814178466797e+00,7.371739387512207031e+00,7.392123937606811523e-01,1.000000000000000000e+00,4.334787445259280503e-05,2.812055026879534125e-05,-6.785985988244647160e-06
1.792591691017150879e+00,1.061437930911779404e-02,1.350916504859924316e+00,1.000000000000000000e+00,2.271358680445700884e-04,-6.314660276984795928e-05,-9.505002526566386223e-05
3.109496593475341797e+00,3.507189512252807617e+00,4.022135734558105469e+00,1.000000000000000000e+00,-8.679663733346387744e-05,1.277801929973065853e-04,4.529548459686338902e-05
1.849422097206115723e+00,3.188783168792724609e+00,1.117581605911254883e+00,1.000000000000000000e+00,-1.799179008230566978e-04,-7.193135388661175966e-05,-1.182904161396436393e-04
6.617634296417236328e+00,3.353174448013305664e+00,4.726331710815429688e+00,1.000000000000000000e+00,5.662727926392108202e-05,-4.426525265444070101e-05,-1.075082909665070474e-04
4.923351764678955078e+00,1.094068646430969238e+00,2.692303895950317383e+00,1.000000000000000000e+00,-1.672916987445205450e-04,1.490005815867334604e-04,-2.922934363596141338e-04
6.201336383819580078e+00,5.450664997100830078e+00,7.341514587402343750e+00,1.000000000000000000e+00,-7.935985195217654109e-05,2.517430584703106433e-05,3.444248068262822926e-05
5.616582393646240234e+00,6.761636257171630859e+00,2.802368164062500000e+00,9.999952316284179688e-01,1.443662215024232864e-03,-2.752150641754269600e-03,-1.087534110411070287e-04
6.625707626342773438e+00,5.308351993560791016e+00,7.473920345306396484e+00,1.000000000000000000e+00,-8.147880726028233767e-05,3.464529072516597807e-05,3.973628190578892827e-05
4.218257427215576172e+00,6.695856094360351562e+00,6.079359054565429688e+00,1.000000000000000000e+00,6.702113023493438959e-05,-4.099451325600966811e-05,4.329184594098478556e-05
6.804495334625244141e+00,1.172774791717529297e+00,6.413851261138916016e+00,1.000000000000000000e+00,-3.797241879510693252e-05,3.455054684309288859e-05,3.730909520527347922e-05
2.128885507583618164e+00,4.854840755462646484e+00,3.086269140243530273e+00,1.000000000000000000e+00,-7.271821232279762626e-05,2.650877104315441102e-05,9.894828690448775887e-05
5.091873645782470703e+00,6.368617534637451172e+00,6.799666881561279297e+00,1.000000000000000000e+00,-3.440113869146443903e-05,-5.263366256258450449e-05,1.176860678242519498e-05
3.934097051620483398e+00,2.644018411636352539e+00,4.385859012603759766e+00,1.000000000000000000e+00,1.594193017808720469e-04,4.958044883096590638e-05,-2.424215017526876181e-05
5.428553581237792969e+00,2.456927776336669922e+00,3.418708562850952148e+00,1.000000000000000000e+00,-1.135348647949285805e-04,-1.328471483930115937e-07,-7.667575846426188946e-05
5.039889335632324219e+00,4.699700355529785156e+00,7.049027919769287109e+00,1.000000000000000000e+00,-1.166917427326552570e-04,-4.983879261999391019e-05,2.466175465087871999e-05
3.032523870468139648e+00,3.480541706085205078e+00,3.234451293945312500e+00,9.999999403953552246e-01,-1.362128241453319788e-04,4.570698365569114685e-04,4.024208828923292458e-05
1.313259363174438477e+00,5.256541967391967773e-01,5.108893871307373047e+00,1.000000000000000000e+00,-6.599272455787286162e-05,-3.779821417992934585e-05,9.436133404960855842e-05
2.557601928710937500e+00,1.498059630393981934e+00,3.607952833175659180e+00,9.999995827674865723e-01,8.890629396773874760e-04,-3.253449685871601105e-04,-1.755084958858788013e-04
4.910730361938476562e+00,6.386381983757019043e-01,6.964547157287597656e+00,1.000000000000000000e+00,6.219473289093002677e-05,-4.454878944670781493e-05,-4.259717024979181588e-05
5.316028594970703125e-01,1.195718526840209961e+00,1.361771374940872192e-01,9.999999403953552246e-01,2.475277578923851252e-04,-3.773755452129989862e-04,-2.211626560892909765e-04
2.776313543319702148e+00,5.278743267059326172e+00,6.523674011230468750e+00,1.000000000000000000e+00,-1.434831501683220267e-04,4.074406169820576906e-04,-5.511383642442524433e-05
4.955702781677246094e+00,3.458498239517211914e+00,7.293407917022705078e-01,1.000000000000000000e+00,1.058917841874063015e-04,1.822060403355862945e-05,5.129857891006395221e-05
5.325369834899902344e+00,1.787882089614868164e+00,4.351866245269775391e+00,9.999997615814208984e-01,5.671416292898356915e-04,-1.347433571936562657e-04,-5.171180237084627151e-04
4.480921268463134766e+00,4.848932266235351562e+00,6.304879188537597656e+00,1.000000000000000000e+00,-1.192714917124249041e-04,-8.148393681040033698e-05,5.119577326695434749e-05
5.669782161712646484e+00,5.974469184875488281e+00,5.810147762298583984e+00,1.000000000000000000e+00,-1.976423300220631063e-05,-2.375000804022420198e-05,2.105167186527978629e-05
1.790734171867370605e+00,4.978569984436035156e+00,4.075376510620117188e+00,1.000000000000000000e+00,3.956921500503085554e-05,-7.801197352819144726e-05,-5.994869206915609539e-05
6.168410301208496094e+00,5.607676029205322266e+00,6.626023292541503906e+00,1.000000000000000000e+00,-3.628708509495481849e-05,1.150057414633920416e-05,1.613408130651805550e-05
8.692751526832580566e-01,6.280703067779541016e+00,2.958908796310424805e+00,9.999982714653015137e-01,-1.543574035167694092e-03,-3.893995599355548620e-04,-9.852956281974911690e-04
6.717813491821289062e+00,5.909384727478027344e+00,6.491261005401611328e+00,1.000000000000000000e+00,-2.681491605471819639e-05,-3.098091383435530588e-06,1.183004224003525451e-05
5.623215675354003906e+00,2.682838678359985352e+00,4.984291076660156250e+00,9.999986290931701660e-01,1.683583483099937439e-03,2.142369776265695691e-04,1.563945697853341699e-04
8.084794878959655762e-01,2.669666290283203125e+00,6.468815803527832031e+00,1.000000000000000000e+00,2.585601032478734851e-05,-5.741012500948272645e-05,2.008645606110803783e-05
3.942852735519409180e+00,1.725363492965698242e+00,2.685830831527709961e+00,1.000000000000000000e+00,-9.054788097273558378e-05,1.133977784775197506e-04,3.579210024327039719e-04
6.632938385009765625e+00,2.881147861480712891e-01,1.615382075309753418e+00,1.000000000000000000e+00,8.737851021578535438e-05,-5.636328523905831389e-07,-7.642875061719678342e-06
5.125234603881835938e+00,5.626717090606689453e+00,2.474863767623901367e+00,9.999998807907104492e-01,-2.751844585873186588e-04,3.728711744770407677e-04,-4.198029055260121822e-04
4.928290545940399170e-01,2.486022710800170898e+00,5.148200988769531250e+00,9.999857544898986816e-01,-9.277478093281388283e-04,5.251637048786506057e-05,5.268833134323358536e-03
3.888194084167480469e+00,5.517911434173583984e+00,9.815462678670883179e-02,9.999927878379821777e-01,2.967115957289934158e-03,2.079095691442489624e-03,-1.101990113966166973e-03
4.761766910552978516e+00,8.783352375030517578e-01,2.239453792572021484e+00,9.999998211860656738e-01,-3.055846900679171085e-04,1.725827314658090472e-04,-5.849933950230479240e-04
1.134856864809989929e-01,6.355066299438476562e+00,7.595831751823425293e-01,9.999837279319763184e-01,-3.660234622657299042e-03,-2.755690366029739380e-04,4.372701514512300491e-03
5.014525413513183594e+00,7.202930450439453125e+00,7.450118064880371094e+00,1.000000000000000000e+00,1.253686932614073157e-04,-8.246122888522222638e-05,-1.143940517067676410e-05
3.118923902511596680e+00,6.529153823852539062e+00,5.933337688446044922e+00,1.000000000000000000e+00,1.831320842029526830e-04,1.562807447044178843e-04,9.233624587068334222e-05
5.802945613861083984e+00,2.185602426528930664e+00,7.491560578346252441e-01,1.000000000000000000e+00,-2.870945650101930369e-07,5.402430178946815431e-05,2.115837924065999687e-05
2.853799104690551758e+00,4.618590354919433594e+00,6.705757141113281250e+00,9.999999403953552246e-01,-2.081242855638265610e-04,4.144770209677517414e-04,-1.857957686297595501e-04
6.996381282806396484e-01,5.350523948669433594e+00,4.544856548309326172e+00,1.000000000000000000e+00,6.837899854872375727e-05,-3.287364379502832890e-04,-1.829599204938858747e-04
5.588924407958984375e+00,4.782379567623138428e-01,5.585587024688720703e+00,1.000000000000000000e+00,-1.199871257995255291e-05,-5.525990491150878370e-05,3.887173807015642524e-05
4.227919578552246094e+00,1.183336973190307617e+00,8.996958136558532715e-01,1.000000000000000000e+00,3.856627517961896956e-05,6.490683153970167041e-05,-4.285117756808176637e-05
3.621086120605468750e+00,6.146347999572753906e+00,4.557915210723876953e+00,9.999993443489074707e-01,-1.156461366917937994e-04,1.048832316882908344e-03,5.548880435526371002e-04
5.293020725250244141e+00,6.841297626495361328e+00,4.976490974426269531e+00,1.000000000000000000e+00,1.046277930072392337e-06,-1.262655714526772499e-04,4.932446609018370509e-05
3.948489189147949219e+00,4.857938766479492188e+00,2.841889619827270508e+00,1.000000000000000000e+00,3.900481169694103301e-05,-7.303977781702997163e-06,2.248093660455197096e-04
7.301422119140625000e+00,6.509001255035400391e+00,6.107567787170410156e+00,1.000000000000000000e+00,-1.483241248934064060e-05,1.269975200557382777e-05,-3.163907967973500490e-05
7.491876602172851562e+00,7.134367227554321289e-01,2.870003938674926758e+00,1.000000000000000000e+00,3.108917007921263576e-05,-4.745067417388781905e-05,1.306940521317301318e-05
4.981446266174316406e+00,4.242645740509033203e+00,2.665263414382934570e+00,9.999934434890747070e-01,2.776746870949864388e-03,1.147522008977830410e-03,-2.039502840489149094e-03
4.313231945037841797e+00,7.139701843261718750e+00,4.485726356506347656e+00,1.000000000000000000e+00,4.092777453479357064e-05,8.911386430554557592e-06,6.963491159694967791e-06
1.649420976638793945e+00,2.108275890350341797e+00,5.572384357452392578e+00,9.999998211860656738e-01,4.427478997968137264e-04,-3.806890454143285751e-04,-3.392048820387572050e-04
1.157145142555236816e+00,5.483712673187255859e+00,1.935895204544067383e+00,9.999767541885375977e-01,4.353196360170841217e-03,4.746366292238235474e-03,2.275662263855338097e-03
4.734621047973632812e-01,2.504078626632690430e+00,4.661548435688018799e-01,1.000000000000000000e+00,6.117560587881598622e-06,6.398721325240330771e-06,1.835586408560629934e-05
4.800776958465576172e+00,1.994509935379028320e+00,1.396988749504089355e+00,9.999986290931701660e-01,2.509372134227305651e-04,1.662941882386803627e-03,-2.487020974513143301e-04
3.281462669372558594e+00,5.108042716979980469e+00,1.225588321685791016e+00,9.999999403953552246e-01,4.002855275757610798e-04,-1.697986444924026728e-04,1.901773794088512659e-04
4.201122283935546875e+00,3.913712799549102783e-01,2.875210046768188477e+00,9.999994039535522461e-01,1.063692499883472919e-03,2.394849871052429080e-04,2.777457702904939651e-04
4.313809275627136230e-01,5.985525131225585938e+00,4.329060077667236328e+00,9.999998807907104492e-01,3.231531591154634953e-04,-4.354853590484708548e-04,-7.199994433904066682e-05
3.113424539566040039e+00,5.284558773040771484e+00,2.308947086334228516e+00,1.000000000000000000e+00,-3.096092041232623160e-05,8.778081974014639854e-05,3.864814425469376147e-05
4.522542953491210938e+00,5.273641109466552734e+00,2.915327310562133789e+00,1.000000000000000000e+00,8.086599700618535280e-05,-8.598482236266136169e-05,1.483300147810950875e-04
5.729531288146972656e+00,1.608168601989746094e+00,1.937091946601867676e+00,1.000000000000000000e+00,7.534415635745972395e-05,-9.385174780618399382e-05,-1.492833007432636805e-06
3.748093843460083008e+00,6.099463939666748047e+00,7.664695978164672852e-01,1.000000000000000000e+00,7.550531154265627265e-05,-2.913571370299905539e-05,4.522691961028613150e-05
3.449550151824951172e+00,3.964502096176147461e+00,7.194474220275878906e+00,1.000000000000000000e+00,-1.129536394728347659e-04,6.055580161046236753e-05,8.877452273736707866e-06
4.919115066528320312e+00,2.024868965148925781e+00,5.695005416870117188e+00,1.000000000000000000e+00,-9.006426262203603983e-05,-7.355197158176451921e-05,-1.985397830139845610e-04
1.232166290283203125e+00,6.939038276672363281e+00,6.725881099700927734e-01,1.000000000000000000e+00,2.557875450293067843e-05,6.479230796685442328e-05,9.041476732818409801e-05
5.399301528930664062e+00,9.873906970024108887e-01,3.138408422470092773e+00,1.000000000000000000e+00,-4.290068318368867040e-06,2.884039167838636786e-05,-1.962499845831189305e-05
5.247997283935546875e+00,1.798819422721862793e+00,7.979722023010253906e-01,1.000000000000000000e+00,5.209830760577460751e-06,1.450826239306479692e-04,-5.142395093571394682e-05
8.813830018043518066e-01,4.866837501525878906e+00,2.395123481750488281e+00,9.999910593032836914e-01,-3.122086171060800552e-03,-1.513551687821745872e-03,-2.444102661684155464e-03
1.256828904151916504e+00,7.289732456207275391e+00,3.394643306732177734e+00,1.000000000000000000e+00,-7.071226718835532665e-06,-1.673160841164644808e-05,3.423055750317871571e-05
5.592488765716552734e+00,3.032960176467895508e+00,2.400923490524291992e+00,1.000000000000000000e+00,1.788187219062820077e-04,-2.244816641905345023e-05,2.066862361971288919e-05
3.436036348342895508e+00,7.200928211212158203e+00,4.503718614578247070e-01,9.999846816062927246e-01,5.322006996721029282e-03,-9.739274973981082439e-04,1.237692544236779213e-03
2.147113084793090820e+00,5.430297851562500000e+00,3.295324563980102539e+00,1.000000000000000000e+00,-7.847679808037355542e-05,-1.718673047435004264e-05,5.021455945097841322e-05
4.161237716674804688e+00,1.643831968307495117e+00,3.902027606964111328e+00,9.999998807907104492e-01,-5.192661192268133163e-04,1.973155885934829712e-04,2.074906369671225548e-04
5.734767913818359375e+00,6.145779132843017578e+00,1.742187976837158203e+00,1.000000000000000000e+00,-6.420437421184033155e-05,-5.140499706612899899e-05,-2.114607777912169695e-04
5.550417423248291016e+00,6.814405441284179688e+00,1.101393103599548340e+00,1.000000000000000000e+00,-4.182816701359115541e-05,1.419672335032373667e-04,9.716732893139123917e-05
4.549391269683837891e-01,2.469629526138305664e+00,3.459641218185424805e+00,1.000000000000000000e+00,-2.916975063271820545e-04,-8.104192966129630804e-05,1.527842869109008461e-05
7.406726360321044922e+00,4.943507671356201172e+00,1.835635781288146973e+00,1.000000000000000000e+00,1.553653855808079243e-04,-1.181314146379008889e-04,1.323640026384964585e-04
9.087493419647216797e-01,6.241850376129150391e+00,3.322065591812133789e+00,9.999996423721313477e-01,-4.640657571144402027e-04,5.957433022558689117e-04,-5.537908873520791531e-04
5.326518058776855469e+00,5.062372684478759766e+00,3.949241161346435547e+00,1.000000000000000000e+00,1.080782167264260352e-04,2.030217729043215513e-05,1.123734909924678504e-05
3.647034645080566406e+00,5.244400501251220703e-01,4.192373752593994141e+00,1.000000000000000000e+00,2.718490395636763424e-05,3.333290442242287099e-05,3.154401929350569844e-05
2.028724431991577148e+00,6.901780605316162109e+00,6.378713607788085938e+00,1.000000000000000000e+00,-8.166152110788971186e-05,-4.495079338084906340e-06,-2.753138323896564543e-05
1.315260767936706543e+00,6.255382537841796875e+00,3.578761816024780273e+00,9.999999403953552246e-01,-2.409181324765086174e-04,2.966586907859891653e-04,-3.127778763882815838e-04
2.074959278106689453e+00,5.852838039398193359e+00,5.648971557617187500e+00,1.000000000000000000e+00,-5.495239747688174248e-05,1.638411777094006538e-05,6.585948995052604005e-07
1.634496808052062988e+00,5.679016590118408203e+00,2.034411430358886719e+00,1.000000000000000000e+00,1.609052560525014997e-04,-2.252266131108626723e-04,-3.246811975259333849e-04
3.825320601463317871e-01,7.035656929016113281e+00,4.479397296905517578e+00,1.000000000000000000e+00,1.614944449102040380e-05,3.506343637127429247e-05,6.277261854847893119e-05
5.617437839508056641e+00,6.129279136657714844e+00,2.189157485961914062e+00,1.000000000000000000e+00,-1.849289837991818786e-04,1.180583785753697157e-04,-6.208960257936269045e-05
1.967359542846679688e+00,2.434840984642505646e-02,4.649820327758789062e+00,1.000000000000000000e+00,3.927749639842659235e-05,-6.561270856764167547e-05,4.063096241679886589e-07
3.732404470443725586e+00,9.239167571067810059e-01,2.197572469711303711e+00,1.000000000000000000e+00,-2.518717374186962843e-04,-1.273534871870651841e-04,6.469665095210075378e-05
3.812129259109497070e+00,1.368778944015502930e+00,4.110824584960937500e+00,1.000000000000000000e+00,-3.362479328643530607e-04,-3.226471335437963717e-06,-9.958838199963793159e-05
1.168138980865478516e+00,4.411007404327392578e+00,2.895307779312133789e+00,9.999999403953552246e-01,2.747801772784441710e-04,-2.674065472092479467e-04,-2.905258952523581684e-05
5.910254955291748047e+00,3.820929229259490967e-01,6.233030319213867188e+00,1.000000000000000000e+00,9.853269148152321577e-06,-1.235036779689835384e-05,-8.411508133576717228e-06
7.175833702087402344e+00,3.274762630462646484e+00,1.163612455129623413e-01,1.000000000000000000e+00,2.228012453997507691e-05,8.967889880295842886e-05,-7.807622750988230109e-06
1.182195544242858887e+00,3.135268449783325195e+00,4.385716915130615234e-01,1.000000000000000000e+00,-4.609664028976112604e-05,-1.617623092897702008e-05,-2.737380964390467852e-05
6.566726684570312500e+00,4.201836109161376953e+00,5.455702304840087891e+00,1.000000000000000000e+00,-1.999357891691033728e-06,5.198608414502814412e-05,1.043142619892023504e-04
6.437717437744140625e+00,3.242457866668701172e+00,3.491350412368774414e+00,1.000000000000000000e+00,-1.015850575640797615e-04,-4.404526043799705803e-05,-9.738474182086065412e-05
1.286684036254882812e+00,6.009377002716064453e+00,1.465271353721618652e+00,9.999999403953552246e-01,1.229139743372797966e-04,-2.894272911362349987e-04,-3.219492791686207056e-04
8.766809701919555664e-01,9.909157156944274902e-01,1.291871070861816406e+00,1.000000000000000000e+00,-6.714549817843362689e-05,-1.959106739377602935e-04,1.019465416902676225e-04
4.073515415191650391e+00,3.520747661590576172e+00,7.366295337677001953e+00,1.000000000000000000e+00,3.012781780853401870e-05,2.987399057019501925e-05,1.082523704099003226e-05
6.567197322845458984e+00,4.769825458526611328e+00,2.236204147338867188e+00,1.000000000000000000e+00,-5.742140729125821963e-06,-2.700644017750164494e-06,3.187132097082212567e-05
7.044295310974121094e+00,5.061792373657226562e+00,4.567677021026611328e+00,1.000000000000000000e+00,-1.693838130449876189e-04,-5.024667916586622596e-05,6.149189721327275038e-05
5.333146572113037109e+00,4.141093254089355469e+00,5.204561710357666016e+00,1.000000000000000000e+00,2.660994323377963156e-05,-4.612951670424081385e-05,-4.209968028590083122e-05
1.446944236755371094e+00,2.495916366577148438e+00,6.928073406219482422e+00,1.000000000000000000e+00,-4.895501479040831327e-05,-5.354757740860804915e-05,1.922644332807976753e-05
3.125151157379150391e+00,3.423093795776367188e+00,2.579233407974243164e+00,9.999234080314636230e-01,2.137562958523631096e-03,-3.784988075494766235e-03,-1.158834435045719147e-02
1.941009402275085449e+00,4.961905479431152344e+00,4.452486038208007812e-01,1.000000000000000000e+00,9.765306458575651050e-05,5.789799615740776062e-06,-4.317269940656842664e-06
5.317283153533935547e+00,2.063316345214843750e+00,3.711017847061157227e+00,1.000000000000000000e+00,-4.753996836370788515e-05,-2.386024561928934418e-06,-6.403880979632958770e-05
1.308160662651062012e+00,6.119980812072753906e+00,2.160601377487182617e+00,9.999997019767761230e-01,8.280356996692717075e-04,8.059583342401310802e-05,-2.895207726396620274e-04
1.519155383110046387e+00,4.324329853057861328e+00,6.447821617126464844e+00,9.999915957450866699e-01,-3.266289131715893745e-03,2.405064413323998451e-03,7.118485518731176853e-04
1.155572175979614258e+00,1.311401128768920898e+00,2.523082494735717773e+00,1.000000000000000000e+00,4.354120392235927284e-05,-7.570875459350645542e-05,9.317023068433627486e-05
6.827296733856201172e+00,5.689650535583496094e+00,1.389291524887084961e+00,1.000000000000000000e+00,2.897229751397389919e-05,-1.760475242917891592e-05,9.306162974098697305e-05
1.699393153190612793e+00,4.306008815765380859e+00,2.732002496719360352e+00,1.000000000000000000e+00,2.508017059881240129e-04,1.000859410851262510e-04,2.724420046433806419e-04
4.949571132659912109e+00,6.039434432983398438e+00,6.051927089691162109e+00,1.000000000000000000e+00,-2.074716212518978864e-05,-6.897152343299239874e-05,2.224006493634078652e-05
6.258620023727416992e-01,4.803022861480712891e+00,7.034319877624511719e+00,1.000000000000000000e+00,-1.238262029801262543e-05,-5.868549578735837713e-06,-1.092029378924053162e-05
2.814743757247924805e+00,2.858990907669067383e+00,2.690018177032470703e+00,9.999997019767761230e-01,-1.708373602014034986e-04,3.174012235831469297e-04,6.883255555294454098e-04
4.723731517791748047e+00,6.492363452911376953e+00,1.291009902954101562e+00,1.000000000000000000e+00,-1.206366941914893687e-04,2.360785729251801968e-04,-7.954439240620558849e-08
2.677681207656860352e+00,4.921387672424316406e+00,4.461784839630126953e+00,1.000000000000000000e+00,4.746445847558788955e-05,4.202057880320353433e-06,1.368472439935430884e-04
5.922687053680419922e+00,7.152373790740966797e-01,5.241349220275878906e+00,1.000000000000000000e+00,-3.360563277965411544e-05,-1.521354261058149859e-05,5.065278401161776856e-06
5.152616024017333984e+00,1.295616269111633301e+00,4.135004520416259766e+00,1.000000000000000000e+00,5.216311546973884106e-05,-2.667417356860823929e-05,-1.096967753255739808e-04
5.407016754150390625e+00,5.275069713592529297e+00,1.424740314483642578e+00,1.000000000000000000e+00,-1.474940654588863254e-05,5.912032065680250525e-05,-4.390735921333543956e-05
4.154184818267822266e+00,2.945233583450317383e+00,3.164173841476440430e+00,1.000000000000000000e+00,3.061790994252078235e-05,-5.698432141798548400e-05,-1.870406704256311059e-04
6.550058364868164062e+00,5.197152137756347656e+00,4.253759384155273438e+00,1.000000000000000000e+00,-1.945514486578758806e-05,-3.576296148821711540e-05,4.338303915574215353e-05
2.547719240188598633e+00,3.329719781875610352e+00,6.363267898559570312e+00,9.999998807907104492e-01,4.103755927644670010e-04,-2.173029643017798662e-04,-1.526716951048001647e-04
1.275360465049743652e+00,2.640479803085327148e+00,3.403887271881103516e+00,1.000000000000000000e+00,-9.391860658070072532e-05,-1.233649527421221137e-05,1.981341119972057641e-05
7.394542694091796875e-01,4.270430564880371094e+00,5.345732212066650391e+00,1.000000000000000000e+00,2.420149394311010838e-05,1.268118503503501415e-04,1.301511110796127468e-05
6.644605159759521484e+00,3.002007246017456055e+00,4.424931049346923828e+00,1.000000000000000000e+00,-6.217084592208266258e-05,-1.569170126458629966e-05,-9.430925274500623345e-05
2.727771997451782227e+00,3.635569334030151367e+00,3.041951656341552734e+00,9.999997615814208984e-01,-1.098236953112063929e-05,6.636159378103911877e-04,-2.507932367734611034e-04
3.307722568511962891e+00,5.992770195007324219e+00,2.520313978195190430e+00,1.000000000000000000e+00,-8.110548515105620027e-05,3.410669887671247125e-05,2.900184881582390517e-05
1.030515432357788086e+00,2.462457567453384399e-01,5.931608676910400391e-01,9.999998211860656738e-01,-2.490041370037943125e-04,5.585330654866993427e-04,-3.117588130407966673e-05
6.642217636108398438e+00,1.899692058563232422e+00,1.835847020149230957e+00,1.000000000000000000e+00,4.054570672451518476e-05,-3.946017022826708853e-05,-7.036747319943970069e-06
3.578961133956909180e+00,4.257914721965789795e-01,1.255070567131042480e+00,1.000000000000000000e+00,-1.638532849028706551e-04,1.105070259654894471e-04,-1.379501918563619256e-05
5.120096206665039062e+00,1.157425045967102051e+00,4.984139442443847656e+00,1.000000000000000000e+00,-4.121646270505152643e-06,-5.399315341492183506e-05,-1.425601076334714890e-04
4.010556697845458984e+00,6.066531181335449219e+00,4.608442783355712891e+00,9.999994039535522461e-01,-3.284832637291401625e-04,1.085431664250791073e-03,1.877934555523097515e-04
5.529977798461914062e+00,4.684092998504638672e-01,4.548798084259033203e+00,1.000000000000000000e+00,5.719353453059738968e-07,-3.941632894566282630e-05,4.205817822366952896e-05
1.703115582466125488e+00,3.130107402801513672e+00,3.486097335815429688e+00,9.999999403953552246e-01,1.385989435220835730e-05,-3.975441213697195053e-04,2.871357137337327003e-04
2.045516252517700195e+00,8.678202331066131592e-02,8.747845292091369629e-01,9.999998807907104492e-01,4.625783185474574566e-04,2.063259744318202138e-04,-1.353089610347524285e-04
2.902070999145507812e+00,5.526306152343750000e+00,2.062904119491577148e+00,1.000000000000000000e+00,-3.045968151127453893e-05,8.917820377973839641e-05,1.430255906598176807e-05
1.659876108169555664e+00,6.359018325805664062e+00,4.232131481170654297e+00,1.000000000000000000e+00,-3.444560934440232813e-05,-1.990512828342616558e-04,-2.076633245451375842e-04
5.262759208679199219e+00,3.004597663879394531e+00,2.338766336441040039e+00,1.000000000000000000e+00,1.093565515475347638e-05,3.320996620459482074e-05,1.036352914525195956e-04
2.180204391479492188e+00,2.613211154937744141e+00,4.259529590606689453e+00,1.000000000000000000e+00,-9.706092896522022784e-06,-1.096185660571791232e-04,2.225646458100527525e-04
3.148626565933227539e+00,4.058264255523681641e+00,7.563384771347045898e-01,9.999253153800964355e-01,9.580826386809349060e-03,-7.051089778542518616e-03,-2.808003919199109077e-03
3.262066364288330078e+00,3.176185846328735352e+00,7.408302307128906250e+00,1.000000000000000000e+00,3.199355342076160014e-05,2.265351895403000526e-06,1.755544144543819129e-05
3.354481220245361328e+00,3.259984731674194336e+00,7.296384572982788086e-01,1.000000000000000000e+00,4.342578540672548115e-05,-3.914153785444796085e-05,2.849140146281570196e-04
3.698364257812500000e+00,4.130082130432128906e+00,5.754630565643310547e+00,9.999998211860656738e-01,-4.884181544184684753e-04,2.385843545198440552e-04,3.319332899991422892e-04
2.082191228866577148e+00,7.298910140991210938e+00,2.938222646713256836e+00,1.000000000000000000e+00,1.171700787381269038e-04,-7.384925993392243981e-05,2.369401772739365697e-04
3.130024671554565430e+00,7.474538326263427734e+00,2.801874876022338867e+00,9.999898672103881836e-01,2.822620328515768051e-03,2.192493528127670288e-03,-2.764341887086629868e-03
3.842163085937500000e+00,4.618944168090820312e+00,2.266037940979003906e+00,1.000000000000000000e+00,6.617991311941295862e-05,9.423151641385629773e-05,1.060224021784961224e-04
5.045847892761230469e+00,1.688923835754394531e+00,6.784020423889160156e+00,1.000000000000000000e+00,-8.180964505299925804e-05,5.278282628751185257e-07,-9.506966307526454329e-05
3.001348495483398438e+00,2.487567901611328125e+00,2.546998739242553711e+00,1.000000000000000000e+00,-1.186903173220343888e-04,1.415070582879707217e-04,2.346644469071179628e-04
2.813106179237365723e-01,5.384175300598144531e+00,1.936911225318908691e+00,1.000000000000000000e+00,7.543685205746442080e-05,1.242443831870332360e-04,1.900981005746871233e-04
9.171167016029357910e-01,1.980892896652221680e+00,3.640022754669189453e+00,9.999999403953552246e-01,2.271085540996864438e-04,-4.306576011003926396e-05,4.668628098443150520e-04
6.177320957183837891e+00,4.155339241027832031e+00,4.074599266052246094e+00,1.000000000000000000e+00,-4.102252569282427430e-05,-3.139961700071580708e-05,-8.466422514175064862e-06
1.425983548164367676e+00,1.823768317699432373e-01,3.927498579025268555e+00,1.000000000000000000e+00,7.166213617892935872e-05,-8.908520976547151804e-05,3.780109545914456248e-05
1.802319586277008057e-01,3.752987623214721680e+00,5.305313467979431152e-01,1.000000000000000000e+00,-2.440207572362851351e-05,6.007208503433503211e-05,-1.587400038260966539e-05
4.339840412139892578e+00,1.860841661691665649e-01,6.236027240753173828e+00,1.000000000000000000e+00,9.062130993697792292e-05,4.024352529086172581e-05,-6.889380165375769138e-05
2.644192695617675781e+00,5.565285682678222656e+00,7.167574882507324219e+00,9.999992847442626953e-01,6.177546456456184387e-04,9.606435196474194527e-04,5.098219844512641430e-04
3.181638479232788086e+00,2.822717905044555664e+00,2.809474468231201172e+00,9.999999403953552246e-01,-1.052441948559135199e-04,2.581969893071800470e-04,2.922698913607746363e-04
5.137671947479248047e+00,1.759017705917358398e-01,2.367271184921264648e+00,1.000000000000000000e+00,1.485790853621438146e-04,-2.110649365931749344e-04,3.057978465221822262e-04
9.075692892074584961e-01,1.895476818084716797e+00,6.782762050628662109e+00,1.000000000000000000e+00,-6.960011523915454745e-05,-1.845970109570771456e-04,-4.090070797246880829e-05
6.966804504394531250e+00,6.461556911468505859e+00,8.133280277252197266e-01,9.999997615814208984e-01,7.992568862391635776e-05,6.499334704130887985e-04,2.840475062839686871e-04
3.018679380416870117e+00,7.225654125213623047e+00,2.424550533294677734e+00,9.999370574951171875e-01,5.335074849426746368e-03,-2.603492233902215958e-03,9.523415006697177887e-03
5.955093383789062500e+00,1.112817004323005676e-01,5.480165481567382812e+00,1.000000000000000000e+00,-1.671448626439087093e-05,-1.097135536838322878e-04,1.494008902227506042e-04
7.073866844177246094e+00,5.444374561309814453e+00,5.584529876708984375e+00,1.000000000000000000e+00,-7.919648487586528063e-05,3.983475835411809385e-05,-1.169074675999581814e-05
6.471014022827148438e+00,3.056293249130249023e+00,3.157530546188354492e+00,1.000000000000000000e+00,-6.136568117653951049e-05,-8.554323721909895539e-05,-9.936388960340991616e-05
1.784667849540710449e+00,6.097402095794677734e+00,1.930280774831771851e-01,1.000000000000000000e+00,-7.561620441265404224e-05,-1.524885647086193785e-05,-5.783534106740262359e-06
5.989840507507324219e+00,6.820899963378906250e+00,7.370745182037353516e+00,1.000000000000000000e+00,6.664012289547827095e-06,-2.161397605959791690e-05,1.301448719459585845e-05
4.283863067626953125e+00,5.638477325439453125e+00,3.005771934986114502e-01,9.999998211860656738e-01,-1.553769720885611605e-06,6.511899409815669060e-04,-1.818884811655152589e-05
1.219415783882141113e+00,2.998871803283691406e+00,7.117219924926757812e+00,1.000000000000000000e+00,-2.152154957002494484e-05,-1.448000421078177169e-05,2.096072967106010765e-05
6.048338413238525391e+00,3.812318563461303711e+00,4.700317382812500000e+00,1.000000000000000000e+00,1.017415570458979346e-06,-7.591065514134243131e-05,-8.048478048294782639e-05
6.314979076385498047e+00,3.905849218368530273e+00,6.203054428100585938e+00,1.000000000000000000e+00,1.059353307937271893e-04,-1.938181958394125104e-04,-3.182682266924530268e-04
4.018407821655273438e+00,6.685169696807861328e+00,2.228724241256713867e+00,1.000000000000000000e+00,-1.697044499451294541e-04,1.228218752657994628e-04,-2.755712739599402994e-05
4.007235050201416016e+00,6.632124185562133789e-01,7.423757553100585938e+00,1.000000000000000000e+00,2.048824098892509937e-04,-3.559287506504915655e-05,5.263938510324805975e-05
6.401536941528320312e+00,2.144916772842407227e+00,6.733297348022460938e+00,1.000000000000000000e+00,-1.019932678900659084e-04,-6.676132034044712782e-05,1.424759393557906151e-04
4.955806255340576172e+00,7.820153236389160156e-01,6.061120510101318359e+00,1.000000000000000000e+00,1.919950409501325339e-05,-1.558371309329231735e-06,-1.780786988092586398e-05
2.257471084594726562e+00,2.723868370056152344e+00,7.044954776763916016e+00,1.000000000000000000e+00,1.918833368108607829e-05,-2.099483936035539955e-05,-1.889133613985904958e-06
3.125939369201660156e+00,4.772919654846191406e+00,2.728674650192260742e+00,1.000000000000000000e+00,1.387013162457151338e-05,1.236096431966871023e-04,2.902988126152195036e-05
5.851740360260009766e+00,6.818546295166015625e+00,6.811722278594970703e+00,1.000000000000000000e+00,2.108401895384304225e-05,-2.693976784939877689e-05,3.002994844791828655e-06
1.407520532608032227e+00,6.841382026672363281e+00,3.832702398300170898e+00,9.999999403953552246e-01,-6.709501758450642228e-05,-3.621692885644733906e-04,-2.650002716109156609e-04
1.235223770141601562e+00,1.679309010505676270e+00,5.532828330993652344e+00,9.999523162841796875e-01,-8.596708998084068298e-03,2.062427112832665443e-03,4.165283869951963425e-03
3.442151308059692383e+00,1.129402518272399902e+00,1.602439045906066895e+00,1.000000000000000000e+00,-1.373763370793312788e-04,-5.453769699670374393e-05,7.966894918354228139e-05
7.659921646118164062e-01,7.230081558227539062e+00,7.098840236663818359e+00,1.000000000000000000e+00,1.047028945322381333e-05,2.517982102290261537e-05,-3.588384061004035175e-05
6.854349613189697266e+00,1.115114808082580566e+00,1.898337960243225098e+00,1.000000000000000000e+00,1.211229027830995619e-04,4.284183887648396194e-05,-5.720652916352264583e-05
9.032041430473327637e-01,5.874046325683593750e+00,2.989022254943847656e+00,9.999582767486572266e-01,-5.644094664603471756e-03,-6.913011893630027771e-03,1.982542918995022774e-03
5.285060882568359375e+00,3.002436637878417969e+00,5.970256328582763672e-01,1.000000000000000000e+00,1.352232502540573478e-04,3.716588980751112103e-05,8.325815724674612284e-05
9.728183150291442871e-01,7.137695312500000000e+00,1.890000581741333008e+00,1.000000000000000000e+00,-4.723290112451650202e-05,-7.322777673834934831e-05,1.197349138237768784e-05
5.118114471435546875e+00,3.067416906356811523e+00,4.823396205902099609e+00,1.000000000000000000e+00,2.455973590258508921e-04,1.417200255673378706e-04,3.041438758373260498e-04
7.281530857086181641e+00,7.353178501129150391e+00,2.945378303527832031e+00,1.000000000000000000e+00,-4.900126441498287022e-05,-8.862261893227696419e-05,4.067022382514551282e-05
2.827121257781982422e+00,1.338340878486633301e+00,6.779973030090332031e+00,1.000000000000000000e+00,1.284470781683921814e-04,3.974140054197050631e-05,4.303138121031224728e-05
1.128385543823242188e+00,4.196641921997070312e+00,3.274960517883300781e+00,9.999400973320007324e-01,-5.566946230828762054e-03,-6.263849325478076935e-03,7.041837554425001144e-03
3.264195442199707031e+00,6.245756626129150391e+00,1.748907685279846191e+00,1.000000000000000000e+00,8.942519343690946698e-05,5.213947588345035911e-05,1.040751340042334050e-05
2.156513452529907227e+00,1.642685532569885254e+00,5.155576229095458984e+00,1.000000000000000000e+00,1.173468990600667894e-05,-1.739272120175883174e-04,-9.285799023928120732e-05
2.854148626327514648e+00,5.207022190093994141e+00,7.397190093994140625e+00,9.999963045120239258e-01,-1.356652937829494476e-03,-2.104147104546427727e-03,-1.140777487307786942e-03
2.965068340301513672e+00,8.142250776290893555e-01,4.631331920623779297e+00,1.000000000000000000e+00,-1.117896681535057724e-04,-8.925915608415380120e-06,3.493482290650717914e-05
7.001209259033203125e+00,1.006380796432495117e+00,3.321216583251953125e+00,1.000000000000000000e+00,3.615740279201418161e-04,-1.714093377813696861e-04,1.405044604325667024e-04
1.613662958145141602e+00,4.808187484741210938e+00,3.437403738498687744e-01,1.000000000000000000e+00,7.700496644247323275e-05,7.151632871682522818e-06,-1.939631329150870442e-05
3.677140474319458008e+00,5.535432338714599609e+00,2.372563123703002930e+00,1.000000000000000000e+00,-2.817676249833311886e-05,8.387557500100228935e-06,7.555450429208576679e-05
1.449657529592514038e-01,2.097475767135620117e+00,4.073379993438720703e+00,9.999753832817077637e-01,2.012190409004688263e-03,1.836216310039162636e-03,-6.467050872743129730e-03
2.593823671340942383e-01,2.768656909465789795e-01,1.665677070617675781e+00,1.000000000000000000e+00,-2.907792804762721062e-05,-7.611847831867635250e-05,1.593923661857843399e-05
1.928717255592346191e+00,6.344568133354187012e-01,2.775365829467773438e+00,1.000000000000000000e+00,6.240531092771561816e-06,-1.197508318000473082e-04,1.472735893912613392e-04
7.815650701522827148e-01,4.325424671173095703e+00,7.161957263946533203e+00,1.000000000000000000e+00,-2.647497058205772191e-05,3.212076990166679025e-05,-2.940611739177256823e-05
7.411338329315185547e+00,4.229559898376464844e+00,4.698133468627929688e+00,9.999145269393920898e-01,1.226947270333766937e-02,-2.081712707877159119e-03,4.016450140625238419e-03
4.364121913909912109e+00,2.836320996284484863e-01,2.461682796478271484e+00,9.999797940254211426e-01,4.535437561571598053e-03,4.067058674991130829e-03,-1.828207285143435001e-03
6.868113994598388672e+00,6.361122727394104004e-01,4.223602294921875000e+00,1.000000000000000000e+00,-1.550493907416239381e-04,6.584561924682930112e-05,-6.534264684887602925e-05
6.308362960815429688e+00,6.148054599761962891e+00,1.759458065032958984e+00,9.999887943267822266e-01,-1.440168241970241070e-03,1.711172051727771759e-03,4.171597771346569061e-03
1.849817514419555664e+00,6.658211231231689453e+00,1.022291660308837891e+00,9.999967813491821289e-01,2.365382621064782143e-03,8.858813671395182610e-04,1.395468425471335649e-04
2.688003063201904297e+00,4.087708950042724609e+00,4.327357292175292969e+00,1.000000000000000000e+00,-7.202866981970146298e-05,2.767926780506968498e-04,9.155332372756674886e-05
1.910496354103088379e+00,2.562563896179199219e+00,2.452747821807861328e-01,1.000000000000000000e+00,-1.708322270133066922e-05,-4.973025352228432894e-05,-1.531370071461424232e-05
1.135435223579406738e+00,6.533343791961669922e+00,3.138526201248168945e+00,9.999997615814208984e-01,-4.501142539083957672e-04,1.873575965873897076e-04,-5.274786963127553463e-04
2.876249313354492188e+00,4.388202190399169922e+00,3.292297720909118652e-01,1.000000000000000000e+00,-4.556235217023640871e-05,8.741163765080273151e-05,1.943453098647296429e-04
1.534123659133911133e+00,5.452671527862548828e+00,1.728199236094951630e-02,1.000000000000000000e+00,-2.052270974672865123e-05,-3.301956894574686885e-05,3.386002572369761765e-05
7.036441802978515625e+00,2.525262832641601562e+00,5.524821758270263672e+00,1.000000000000000000e+00,1.668785262154415250e-05,-1.035282257362268865e-04,6.932804535608738661e-05
1.914924144744873047e+00,4.775362610816955566e-01,5.114690303802490234e+00,1.000000000000000000e+00,-1.174878161691594869e-05,-1.240994151885388419e-05,1.786819848348386586e-05
3.638518810272216797e+00,4.915872573852539062e+00,4.507276535034179688e+00,9.999681115150451660e-01,5.895462818443775177e-03,3.455175086855888367e-03,4.138750024139881134e-03
2.486957550048828125e+00,5.157153606414794922e+00,4.631762981414794922e+00,1.000000000000000000e+00,3.568909596651792526e-05,-2.314615267096087337e-05,1.527791318949311972e-04
2.354397296905517578e+00,5.384704589843750000e+00,3.592220544815063477e+00,1.000000000000000000e+00,-1.836270530475303531e-05,7.281796570168808103e-07,5.535596574191004038e-05
6.629664421081542969e+00,7.363462924957275391e+00,2.838690519332885742e+00,1.000000000000000000e+00,-5.875569331692531705e-05,-1.115379418479278684e-04,7.840318721719086170e-05
6.494425773620605469e+00,2.808004140853881836e+00,1.832598924636840820e+00,1.000000000000000000e+00,1.494286789238685742e-05,-5.975925887469202280e-05,-5.719053206121316180e-06
4.728612422943115234e+00,5.196358636021614075e-02,5.459612369537353516e+00,1.000000000000000000e+00,3.671213198686018586e-05,-3.749682582565583289e-05,1.671568134042900056e-05
4.333496093750000000e+00,3.747624635696411133e+00,6.119458198547363281e+00,1.000000000000000000e+00,-4.931495641358196735e-05,2.270412005600519478e-05,7.717980042798444629e-05
4.070953845977783203e+00,6.822708129882812500e+00,7.304826736450195312e+00,1.000000000000000000e+00,-2.430099702905863523e-04,1.927763878484256566e-05,-4.795094355358742177e-05
9.616612195968627930e-01,5.903048038482666016e+00,5.797090053558349609e+00,1.000000000000000000e+00,-7.882619684096425772e-05,-2.847296855179592967e-05,-6.226634468475822359e-06
6.156957149505615234e+00,4.812464237213134766e+00,5.231682300567626953e+00,1.000000000000000000e+00,-4.233693471178412437e-05,-3.574131187633611262e-05,9.951503670890815556e-06
2.896197080612182617e+00,2.998252630233764648e+00,6.322806358337402344e+00,1.000000000000000000e+00,-1.465556561015546322e-04,-6.610010314034298062e-05,-1.528991124359890819e-04
9.724407792091369629e-01,5.639876842498779297e+00,2.359110832214355469e+00,9.999971389770507812e-01,1.710428972728550434e-03,1.640604692511260509e-03,-3.437831474002450705e-04
2.230856180191040039e+00,8.795762658119201660e-01,2.087616443634033203e+00,1.000000000000000000e+00,-2.116151299560442567e-04,-1.697954721748828888e-04,-4.325494228396564722e-05
1.929459810256958008e+00,6.741074562072753906e+00,4.406019210815429688e+00,1.000000000000000000e+00,5.286024679662659764e-05,-1.224314473802223802e-04,-1.044527307385578752e-04
6.345149040222167969e+00,3.809916019439697266e+00,2.896618366241455078e+00,1.000000000000000000e+00,-4.803361662197858095e-05,-3.522726910887286067e-05,-6.297255481513275299e-07
5.426737785339355469e+00,6.359518527984619141e+00,6.593512535095214844e+00,1.000000000000000000e+00,-1.081152277038199827e-05,-6.222199590411037207e-05,2.230937752756290138e-05
3.298011541366577148e+00,1.822067260742187500e+00,2.007227659225463867e+00,1.000000000000000000e+00,-9.588812099536880851e-05,-3.675998596008867025e-05,2.175810077460482717e-04
7.168898105621337891e+00,2.002710819244384766e+00,4.045040309429168701e-01,9.999929666519165039e-01,-3.365824464708566666e-03,-1.176715013571083546e-03,1.218918012455105782e-03
2.931799888610839844e+00,7.084104537963867188e+00,3.687111735343933105e-01,9.999998211860656738e-01,-2.316339378012344241e-04,6.140480982139706612e-04,9.291213791584596038e-05
6.259805202484130859e+00,7.238198280334472656e+00,4.604627132415771484e+00,9.999993443489074707e-01,-1.136326114647090435e-03,1.039919370668940246e-04,-3.818198747467249632e-04
7.443455219268798828e+00,7.256826400756835938e+00,4.152230262756347656e+00,1.000000000000000000e+00,-1.850441549322567880e-05,-4.529824764176737517e-06,6.877188297949032858e-06
5.409845829010009766e+00,7.336294651031494141e+00,1.208577275276184082e+00,1.000000000000000000e+00,6.378116086125373840e-05,8.072950731730088592e-05,7.606950384797528386e-05
2.626857519149780273e+00,1.100692510604858398e+00,4.703775882720947266e+00,1.000000000000000000e+00,-2.583689638413488865e-04,1.242551206814823672e-05,-2.970265813928563148e-05
7.493340492248535156e+00,4.601030826568603516e+00,6.945172548294067383e-01,1.000000000000000000e+00,-2.158987990696914494e-05,4.427442036103457212e-05,-1.568009975017048419e-05
4.178424835205078125e+00,6.648378372192382812e+00,2.926053524017333984e+00,1.000000000000000000e+00,-1.400887122144922614e-04,-1.084438990801572800e-04,-2.548601878515910357e-05
2.027833938598632812e+00,6.225711107254028320e-01,5.897504806518554688e+00,1.000000000000000000e+00,1.220399135490879416e-04,7.975316111696884036e-05,-4.649401944334385917e-06
2.636537551879882812e+00,4.361247539520263672e+00,6.288742423057556152e-01,1.000000000000000000e+00,1.897783222375437617e-04,-1.357222645310685039e-04,-3.489757946226745844e-04
4.024606704711914062e+00,3.766041994094848633e+00,3.515171766281127930e+00,1.000000000000000000e+00,-2.189699007431045175e-04,-1.373684935970231891e-04,-6.734544149367138743e-05
6.902986049652099609e+00,3.373627185821533203e+00,6.539304733276367188e+00,9.999992251396179199e-01,8.233916596509516239e-04,7.077515329001471400e-05,9.869930800050497055e-04
4.874483108520507812e+00,1.960090637207031250e+00,4.235408306121826172e+00,1.000000000000000000e+00,9.449297795072197914e-05,9.440929716220125556e-06,-1.904458185890689492e-04
6.550506591796875000e+00,5.304815769195556641e+00,7.420153021812438965e-01,1.000000000000000000e+00,-6.348179158521816134e-05,6.456668052123859525e-05,4.331665422796504572e-06
6.000631332397460938e+00,4.917095184326171875e+00,4.075804233551025391e+00,1.000000000000000000e+00,4.022836583317257464e-05,-3.432450466789305210e-05,-1.303358317272795830e-06
1.689119815826416016e+00,2.961196899414062500e+00,2.730578660964965820e+00,1.000000000000000000e+00,4.691832509706728160e-05,-2.645397762535139918e-05,-3.419084896449930966e-05
2.868436098098754883e+00,6.700245380401611328e+00,2.824234247207641602e+00,9.999997615814208984e-01,-6.590335979126393795e-04,-9.760080865817144513e-05,-3.241214726585894823e-04
5.578335285186767578e+00,3.342294692993164062e+00,5.343777179718017578e+00,1.000000000000000000e+00,-4.174309651716612279e-06,-2.605397603474557400e-04,-1.422257773810997605e-04
6.066304206848144531e+00,3.638973951339721680e+00,7.158415794372558594e+00,9.999995231628417969e-01,4.394854477141052485e-04,3.217119083274155855e-04,-8.439713274128735065e-04
1.707626461982727051e+00,4.537872314453125000e+00,6.593962192535400391e+00,9.999914169311523438e-01,-3.267317544668912888e-03,2.457669237628579140e-03,6.983831990510225296e-04
1.031748533248901367e+00,6.501843333244323730e-01,4.393317699432373047e+00,1.000000000000000000e+00,-8.062493725446984172e-05,-1.079116409528069198e-04,9.386833698954433203e-05
3.268298387527465820e+00,2.247077465057373047e+00,4.304016590118408203e+00,9.999991655349731445e-01,7.651084451936185360e-04,-5.633898399537429214e-05,-1.118485699407756329e-03
3.616136312484741211e+00,7.314562320709228516e+00,6.850327014923095703e+00,1.000000000000000000e+00,-2.423065234324894845e-05,6.265231058932840824e-05,-4.732510660687694326e-06
1.174429297447204590e+00,4.983020305633544922e+00,3.062545061111450195e+00,9.999995231628417969e-01,-3.168244147673249245e-04,-3.607117978390306234e-04,-9.428951307199895382e-04
4.415427684783935547e+00,1.792459964752197266e+00,4.220963478088378906e+00,1.000000000000000000e+00,-2.376738666498567909e-05,4.330787851358763874e-05,-8.690098911756649613e-05
5.546285629272460938e+00,4.048505783081054688e+00,2.660007715225219727e+00,9.999998807907104492e-01,-4.075149263371713459e-05,-1.453483855584636331e-04,5.898626986891031265e-04
5.790210723876953125e+00,3.897608041763305664e+00,1.449507027864456177e-01,1.000000000000000000e+00,8.821636583888903260e-05,1.055386092048138380e-04,-8.108586189337074757e-05
3.618712902069091797e+00,1.105253934860229492e+00,5.947082042694091797e-01,1.000000000000000000e+00,6.343841232592239976e-05,1.398522545059677213e-05,4.798114969162270427e-05
7.491064071655273438e+00,6.449905872344970703e+00,2.393256187438964844e+00,1.000000000000000000e+00,-8.853283361531794071e-05,-1.414885628037154675e-04,5.188891736906953156e-05
3.079068660736083984e+00,5.648462772369384766e+00,4.499110221862792969e+00,1.000000000000000000e+00,4.018978870590217412e-05,-2.195877459598705173e-04,-4.353715212346287444e-06
6.393816947937011719e+00,7.585215568542480469e-01,4.483008384704589844e+00,9.999998211860656738e-01,3.633544838521629572e-04,4.412640992086380720e-04,1.749159564496949315e-04
1.349477767944335938e+00,1.294215679168701172e+00,5.513301372528076172e+00,9.999994039535522461e-01,-1.068584155291318893e-03,-3.327945887576788664e-04,1.735811383696272969e-04
2.469620704650878906e+00,5.875110149383544922e+00,4.126294612884521484e+00,1.000000000000000000e+00,8.586323929193895310e-06,-7.640520379936788231e-06,4.197662201477214694e-05
2.458395004272460938e+00,4.381176948547363281e+00,6.185465335845947266e+00,9.998692274093627930e-01,5.177253391593694687e-03,1.526752486824989319e-02,1.275614602491259575e-03
6.423849105834960938e+00,3.408605813980102539e+00,2.218487739562988281e+00,1.000000000000000000e+00,-2.127375410054810345e-05,-6.710908201057463884e-05,5.259813406155444682e-06
2.838646173477172852e+00,4.222732484340667725e-01,2.687069416046142578e+00,9.999999403953552246e-01,-2.593303215689957142e-04,2.938519537565298378e-05,-3.921258321497589350e-04
8.117925524711608887e-01,2.401545763015747070e+00,3.114270448684692383e+00,1.000000000000000000e+00,1.469358539907261729e-04,1.040864808601327240e-04,2.325332316104322672e-04
1.704284548759460449e+00,1.226168632507324219e+00,4.225847721099853516e+00,1.000000000000000000e+00,-1.302549499087035656e-04,-6.195052264956757426e-05,-4.272503065294586122e-05
2.504219293594360352e+00,1.846570611000061035e+00,7.168793678283691406e+00,1.000000000000000000e+00,6.585080700460821390e-05,1.050860828399891034e-05,1.589207204233389348e-05
3.608454942703247070e+00,3.751497983932495117e+00,4.587227344512939453e+00,9.999538064002990723e-01,-4.935809876769781113e-03,-5.974857602268457413e-03,-5.688599310815334320e-03
5.293927192687988281e-01,2.606394767761230469e+00,4.452887058258056641e+00,9.999531507492065430e-01,8.301030844449996948e-03,4.774888977408409119e-03,1.449730596505105495e-03
2.787199974060058594e+00,9.089341163635253906e-01,6.816415309906005859e+00,1.000000000000000000e+00,1.039587441482581198e-04,1.818222153815440834e-05,3.076227949350140989e-05
5.060869693756103516e+00,2.166120529174804688e+00,3.040177106857299805e+00,9.999998807907104492e-01,5.694049759767949581e-04,1.251348730875179172e-04,-1.234931405633687973e-04
6.333004236221313477e-01,4.789946079254150391e+00,6.195507049560546875e+00,1.000000000000000000e+00,4.163833000347949564e-05,2.855839193216525018e-05,-1.159587118308991194e-04
1.105397380888462067e-02,4.238296508789062500e+00,4.395239353179931641e+00,9.999140501022338867e-01,1.230496075004339218e-02,-2.063986845314502716e-03,4.030124749988317490e-03
2.890000581741333008e+00,5.943790912628173828e+00,6.543405532836914062e+00,9.999310970306396484e-01,-2.813377883285284042e-03,9.290663525462150574e-03,-6.614255253225564957e-03
3.068598747253417969e+00,4.566292762756347656e+00,3.464928865432739258e+00,1.000000000000000000e+00,-3.773982825805433095e-05,1.426066592102870345e-04,9.750160825205966830e-05
4.215916156768798828e+00,1.719341397285461426e+00,5.435100078582763672e+00,1.000000000000000000e+00,-2.501208218745887280e-04,-1.353907427983358502e-04,-2.993629314005374908e-04
4.824843883514404297e+00,2.509360551834106445e+00,7.913122773170471191e-01,1.000000000000000000e+00,7.660486153326928616e-05,2.180001465603709221e-04,1.280762517126277089e-04
3.269768953323364258e-01,7.379925251007080078e+00,4.355043888092041016e+00,1.000000000000000000e+00,4.132149115321226418e-05,4.230911872582510114e-05,8.932160562835633755e-05
3.806299924850463867e+00,5.245264530181884766e+00,6.041921138763427734e+00,1.000000000000000000e+00,-1.348418591078370810e-04,-9.292576578445732594e-05,1.860492739069741219e-05
5.715731143951416016e+00,2.350987672805786133e+00,2.520213842391967773e+00,9.999995827674865723e-01,6.603988585993647575e-04,-1.922263181768357754e-04,-6.457942654378712177e-04
3.333190202713012695e+00,2.655394077301025391e+00,4.609271526336669922e+00,1.000000000000000000e+00,2.919451799243688583e-04,7.722528243903070688e-05,-9.834390948526561260e-05
2.681164264678955078e+00,5.899735450744628906e+00,7.434914112091064453e+00,1.000000000000000000e+00,1.034792730933986604e-04,2.743887598626315594e-04,7.018460019025951624e-05
3.605082750320434570e+00,1.776079893112182617e+00,6.548726558685302734e+00,9.999999403953552246e-01,2.351252478547394276e-04,3.300755633972585201e-04,1.965669798664748669e-04
1.440113425254821777e+00,6.990463733673095703e+00,4.868018627166748047e+00,1.000000000000000000e+00,-2.173940811189822853e-05,-2.403081271040719002e-05,3.488673610263504088e-05
3.128897845745086670e-01,1.338305234909057617e+00,4.798969268798828125e+00,1.000000000000000000e+00,-1.748600916471332312e-04,5.207373396842740476e-05,1.551875757286325097e-04
2.160441637039184570e+00,1.357441663742065430e+00,1.246563196182250977e+00,9.999997615814208984e-01,-5.876232753507792950e-04,1.977280044229701161e-04,-3.789754700846970081e-04
2.882811069488525391e+00,2.410819679498672485e-01,4.854409694671630859e+00,1.000000000000000000e+00,4.362503659649519250e-06,9.786606824491173029e-06,4.429364707903005183e-06
4.298599720001220703e+00,7.231790065765380859e+00,3.716142773628234863e-01,1.000000000000000000e+00,8.989214256871491671e-05,-2.019003441091626883e-04,-4.713299495051614940e-05
4.557312488555908203e+00,2.612668037414550781e+00,5.987931251525878906e+00,1.000000000000000000e+00,2.761593168543186039e-05,-8.047932351473718882e-05,1.713801902951672673e-04
2.096747875213623047e+00,2.491476535797119141e+00,6.315467834472656250e+00,1.000000000000000000e+00,-7.684726733714342117e-05,-4.025827365694567561e-06,1.640401933400426060e-05
6.242285251617431641e+00,4.389316737651824951e-01,2.794127225875854492e+00,9.999892711639404297e-01,-3.777192672714591026e-03,6.580941262654960155e-04,-2.602681284770369530e-03
6.093369960784912109e+00,5.131087303161621094e+00,1.757834196090698242e+00,1.000000000000000000e+00,5.734081696573412046e-06,2.469882929290179163e-05,-2.566073817433789372e-05
5.278569698333740234e+00,2.078493118286132812e+00,6.766820430755615234e+00,1.000000000000000000e+00,-2.302629873156547546e-04,-1.508461627963697538e-05,-1.370497921016067266e-04
3.305469989776611328e+00,7.265040278434753418e-01,5.614479541778564453e+00,1.000000000000000000e+00,1.212468941957922652e-05,3.235227268305607140e-05,1.031790634442586452e-05
4.557497501373291016e+00,5.567990303039550781e+00,5.915044784545898438e+00,1.000000000000000000e+00,-3.735236532520502806e-05,-1.452867290936410427e-04,-5.451591732708038762e-06
6.286350727081298828e+00,6.291543960571289062e+00,4.420938968658447266e+00,9.999999403953552246e-01,-1.482413208577781916e-04,-3.529064124450087547e-04,3.951846156269311905e-04
3.673154830932617188e+00,1.538583040237426758e+00,4.284640848636627197e-01,1.000000000000000000e+00,6.616020982619374990e-05,1.250610148417763412e-05,3.818122422671876848e-05
3.862370014190673828e+00,1.246322631835937500e+00,3.773675680160522461e+00,1.000000000000000000e+00,-1.353732513962313533e-04,-6.323508569039404392e-05,-2.494624932296574116e-04
1.309845089912414551e+00,6.618132114410400391e+00,6.478176116943359375e+00,1.000000000000000000e+00,-6.086994471843354404e-05,-2.266849514853674918e-05,3.368396903624670813e-07
2.091541528701782227e+00,6.266925811767578125e+00,5.188227891921997070e-01,1.000000000000000000e+00,-9.167510870611295104e-05,-1.016280948533676565e-04,-1.682209222053643316e-05
7.100198864936828613e-01,6.034274578094482422e+00,1.223101973533630371e+00,9.999999403953552246e-01,2.395996707491576672e-04,3.677179338410496712e-04,5.072810745332390070e-05
3.264011383056640625e+00,1.635427027940750122e-01,2.437905073165893555e+00,9.999991655349731445e-01,-6.480834563262760639e-04,2.898529928643256426e-04,-1.124368514865636826e-03
1.473732233047485352e+00,6.544198036193847656e+00,1.162255764007568359e+00,1.000000000000000000e+00,-1.397439064021455124e-05,-2.911472402047365904e-04,-6.191808643052354455e-05
6.343776226043701172e+00,6.015039920806884766e+00,6.137518405914306641e+00,1.000000000000000000e+00,-5.470296855492051691e-06,3.859634944092249498e-06,5.585847247857600451e-06
6.655714511871337891e+00,6.824325561523437500e+00,3.723851919174194336e+00,1.000000000000000000e+00,5.554107701755128801e-05,-1.081672889995388687e-04,1.742077802191488445e-05
2.707665443420410156e+00,4.530407428741455078e+00,3.032826900482177734e+00,1.000000000000000000e+00,-1.004618843580828980e-05,1.370441459584981203e-04,2.201507413701619953e-05
3.016518115997314453e+00,5.396261215209960938e+00,4.182929992675781250e+00,1.000000000000000000e+00,4.591671313391998410e-05,-6.476033740909770131e-05,3.213507807231508195e-05
2.093762159347534180e+00,3.527866303920745850e-01,4.893258213996887207e-01,9.999998807907104492e-01,-5.630873783957213163e-05,-4.682292346842586994e-04,3.389406483620405197e-04
4.705667495727539062e+00,4.479685783386230469e+00,6.902506828308105469e+00,1.000000000000000000e+00,-1.164307541330344975e-04,-7.289371569640934467e-05,3.977059895987622440e-05
2.357916355133056641e+00,1.942764878273010254e+00,1.895087957382202148e+00,9.999998807907104492e-01,5.070273764431476593e-04,2.437502844259142876e-04,1.294030953431501985e-04
5.030998229980468750e+00,2.284036874771118164e+00,3.947342872619628906e+00,1.000000000000000000e+00,-1.106462368625216186e-04,6.045876216376200318e-05,5.920937837800011039e-05
1.226456761360168457e+00,6.802608013153076172e+00,2.525581598281860352e+00,1.000000000000000000e+00,-1.228690089192241430e-04,-1.748268005030695349e-05,-5.817134297103621066e-05
6.756872653961181641e+00,3.094506502151489258e+00,5.634264469146728516e+00,1.000000000000000000e+00,1.162410917459055781e-04,-1.380920730298385024e-04,7.223584543680772185e-05
6.950901508331298828e+00,1.803405880928039551e-01,4.727235794067382812e+00,1.000000000000000000e+00,-1.279549614991992712e-04,1.462027867091819644e-04,-1.101241650758311152e-04
4.787121295928955078e+00,1.944562077522277832e+00,1.306277066469192505e-01,1.000000000000000000e+00,3.422869122005067766e-05,6.685888365609571338e-05,-3.901852687704376876e-05
4.006010293960571289e-02,4.922096252441406250e+00,1.464221000671386719e+00,1.000000000000000000e+00,8.822105883155018091e-05,-2.762585063464939594e-05,5.253146082395687699e-05
2.732736587524414062e+00,7.303195953369140625e+00,1.863877296447753906e+00,9.999998807907104492e-01,5.075811641290783882e-04,2.780932991299778223e-04,-1.972052850760519505e-04
1.186202526092529297e+00,5.500462532043457031e+00,5.256940841674804688e+00,1.000000000000000000e+00,9.844316991802770644e-06,-3.858342097373679280e-05,2.383460196142550558e-05
3.011709451675415039e+00,5.994197845458984375e+00,4.718989849090576172e+00,1.000000000000000000e+00,2.002653127419762313e-05,-2.936790988314896822e-04,-1.075228283298201859e-04
4.281024456024169922e+00,3.022056818008422852e+00,7.245710849761962891e+00,9.999992251396179199e-01,4.904670058749616146e-04,7.799461018294095993e-04,8.931614574976265430e-04
2.569561719894409180e+00,7.575015425682067871e-01,4.930454730987548828e+00,1.000000000000000000e+00,-4.802836701855994761e-05,-6.315255177469225600e-06,-1.641295420995447785e-05
2.019350051879882812e+00,3.887919187545776367e+00,5.213445186614990234e+00,1.000000000000000000e+00,5.129519649926805869e-06,-1.484980930399615318e-05,-1.794339914340525866e-04
5.774721145629882812e+00,5.397545814514160156e+00,3.792112350463867188e+00,1.000000000000000000e+00,1.213674477185122669e-04,9.934416448231786489e-05,3.356502566020935774e-05
3.582916021347045898e+00,5.862311840057373047e+00,5.003114223480224609e+00,9.999350905418395996e-01,5.506557412445545197e-03,-9.737656451761722565e-03,2.169389743357896805e-03
6.826379299163818359e+00,5.989749431610107422e+00,1.718486070632934570e+00,1.000000000000000000e+00,1.121514287660829723e-05,-7.686186290811747313e-05,2.696566516533493996e-04
7.298484802246093750e+00,5.121532440185546875e+00,2.116129398345947266e+00,9.999994635581970215e-01,1.082933275029063225e-03,2.382735692663118243e-05,-1.642310671741142869e-04
5.346393585205078125e+00,4.355635643005371094e+00,4.915942192077636719e+00,1.000000000000000000e+00,-4.857411568082170561e-06,-4.139699740335345268e-05,2.472234427841613069e-06
7.321259975433349609e+00,1.332601547241210938e+00,2.268496036529541016e+00,1.000000000000000000e+00,8.553555380785837770e-05,-1.286808856093557552e-05,1.260771568922791630e-05
3.682272434234619141e+00,6.132143020629882812e+00,2.614367961883544922e+00,1.000000000000000000e+00,-8.003102266229689121e-05,-3.982130874646827579e-05,2.892865086323581636e-05
2.174235582351684570e+00,7.355424404144287109e+00,1.035671755671501160e-01,1.000000000000000000e+00,-1.556850620545446873e-04,-1.746976631693542004e-04,1.329738734057173133e-04
3.351084947586059570e+00,7.102401256561279297e+00,7.416343688964843750e-01,9.999848008155822754e-01,5.301076918840408325e-03,-9.288875735364854336e-04,1.241011195816099644e-03
2.140624761581420898e+00,5.879806041717529297e+00,6.874056816101074219e+00,1.000000000000000000e+00,5.108538971398957074e-05,-3.568653846741653979e-05,2.235549618490040302e-05
7.489120006561279297e+00,1.872898578643798828e+00,4.446069240570068359e+00,9.999915361404418945e-01,-3.117940155789256096e-03,-1.655876520089805126e-03,2.127452287822961807e-03
7.493891716003417969e+00,5.448848724365234375e+00,6.371865749359130859e+00,1.000000000000000000e+00,-1.780171260179486126e-05,7.670067134313285351e-06,1.466990852350136265e-05
5.222665786743164062e+00,4.882038116455078125e+00,4.647371768951416016e+00,1.000000000000000000e+00,3.636663313955068588e-05,-4.690610512625426054e-05,-9.436587788513861597e-06
7.132044792175292969e+00,2.802701234817504883e+00,1.814906358718872070e+00,1.000000000000000000e+00,1.393750335410004482e-05,-4.462199649424292147e-05,-1.390651732435799204e-06
7.407263755798339844e+00,5.823355674743652344e+00,1.519857197999954224e-01,1.000000000000000000e+00,-3.515461867209523916e-04,-2.512970422685611993e-05,2.185929915867745876e-04
1.744324088096618652e+00,5.525071144104003906e+00,5.097605228424072266e+00,1.000000000000000000e+00,4.671921487897634506e-06,7.668501893931534141e-06,6.653237505815923214e-05
5.823900222778320312e+00,1.227406024932861328e+00,4.730516433715820312e+00,1.000000000000000000e+00,1.540354860480874777e-04,1.024476659949868917e-05,-5.379029244068078697e-05
6.084877014160156250e+00,5.803497314453125000e+00,7.330263137817382812e+00,1.000000000000000000e+00,-5.871136818313971162e-05,1.761523162713274360e-05,4.408853783388622105e-05
3.950359821319580078e+00,2.105912923812866211e+00,2.114061117172241211e+00,9.999993443489074707e-01,-1.213909054058603942e-04,1.072132959961891174e-03,3.832223301287740469e-04
2.552785873413085938e+00,1.367692708969116211e+00,5.923491477966308594e+00,9.999996423721313477e-01,7.208179795270552859e-07,4.473544249776750803e-04,-7.780328160151839256e-04
7.451326847076416016e+00,5.260568261146545410e-01,7.144113063812255859e+00,1.000000000000000000e+00,3.325305006001144648e-04,-8.917789091356098652e-05,-3.379088957444764674e-05
4.949791431427001953e+00,4.480913639068603516e+00,1.886660218238830566e+00,1.000000000000000000e+00,4.410089604789391160e-05,3.766786539927124977e-05,6.684022082481533289e-05
4.580255031585693359e+00,3.145228147506713867e+00,5.352639675140380859e+00,1.000000000000000000e+00,7.919269410194829106e-05,-3.350999031681567430e-05,2.195559936808422208e-04
2.911166250705718994e-01,6.214933872222900391e+00,1.264105916023254395e+00,9.999937415122985840e-01,-1.341160037554800510e-03,-3.293625777587294579e-03,-1.641063718125224113e-04
4.260410785675048828e+00,3.498698472976684570e+00,5.120049476623535156e+00,1.000000000000000000e+00,3.098688102909363806e-05,2.347185654798522592e-04,3.050491213798522949e-04
2.824117422103881836e+00,5.371187329292297363e-01,5.600077509880065918e-01,1.000000000000000000e+00,6.437509000534191728e-05,1.030538187478668988e-04,2.144941845472203568e-06
3.164885282516479492e+00,6.978992938995361328e+00,5.400389194488525391e+00,1.000000000000000000e+00,2.375460462644696236e-05,4.802046169061213732e-05,-1.514740051788976416e-05
1.649121791124343872e-01,5.035519599914550781e+00,5.320213794708251953e+00,1.000000000000000000e+00,-8.708624955033883452e-05,7.694293162785470486e-05,-7.339573494391515851e-05
5.335556030273437500e+00,6.128669902682304382e-02,6.013841152191162109e+00,1.000000000000000000e+00,4.350138260633684695e-05,-4.299164720578119159e-05,3.577100869733840227e-05
2.473429203033447266e+00,3.297407388687133789e+00,6.000020503997802734e-01,1.000000000000000000e+00,-2.146470251318532974e-05,-8.914353384170681238e-05,-9.990920807467773557e-05
6.292457103729248047e+00,4.347808837890625000e+00,1.910360932350158691e+00,1.000000000000000000e+00,1.276977582165272906e-05,2.017194856307469308e-05,4.248731056577526033e-05
4.941614151000976562e+00,3.204935550689697266e+00,6.522239208221435547e+00,9.999997615814208984e-01,3.228420973755419254e-04,6.597968167625367641e-04,-1.884791272459551692e-04
2.313576221466064453e+00,7.673594951629638672e-01,8.251659870147705078e-01,9.999994635581970215e-01,-3.107691009063273668e-04,1.022161217406392097e-03,-1.094539184123277664e-04
2.000783205032348633e+00,1.149033427238464355e+00,6.308750629425048828e+00,1.000000000000000000e+00,2.234415878774598241e-04,2.724855439737439156e-04,5.711281846743077040e-05
1.017602324485778809e+00,3.528845310211181641e+00,3.862171173095703125e-01,1.000000000000000000e+00,-1.646449345571454614e-05,1.142259588959859684e-05,-2.793287785607390106e-05
2.220299482345581055e+00,2.374478340148925781e+00,5.343910217285156250e+00,1.000000000000000000e+00,1.117680658353492618e-04,-1.089764627977274358e-04,-6.552014383487403393e-05
1.246250152587890625e+00,6.081078529357910156e+00,5.400139331817626953e+00,1.000000000000000000e+00,-6.946035136934369802e-05,-8.760838682064786553e-06,2.321753163414541632e-05
2.775001049041748047e+00,3.879843473434448242e+00,6.079730510711669922e+00,9.999977946281433105e-01,-1.172612421214580536e-03,-6.441249861381947994e-04,-1.653567072935402393e-03
3.646438837051391602e+00,4.455868721008300781e+00,7.389985084533691406e+00,1.000000000000000000e+00,-2.876688377000391483e-04,1.577265647938475013e-04,9.053556823346298188e-06
4.447120666503906250e+00,1.825170397758483887e+00,7.201584339141845703e+00,1.000000000000000000e+00,2.402167228865437210e-05,6.823636067565530539e-05,-4.010107659269124269e-05
4.777237892150878906e+00,3.492704391479492188e+00,2.286930799484252930e+00,1.000000000000000000e+00,-5.288030024530598894e-06,1.004738951451145113e-04,-2.091916830977424979e-04
5.753129959106445312e+00,2.131940364837646484e+00,6.309595584869384766e+00,9.999998211860656738e-01,-5.567543557845056057e-04,-2.951389178633689880e-04,-2.884294663090258837e-04
4.221199512481689453e+00,1.231120452284812927e-01,6.171140670776367188e-01,1.000000000000000000e+00,1.606880396138876677e-04,-1.201810810016468167e-04,1.134539616032270715e-06
3.756027936935424805e+00,2.214673280715942383e+00,3.583683252334594727e+00,1.000000000000000000e+00,6.540098547702655196e-05,1.652839710004627705e-04,-3.397925320314243436e-05
3.548705577850341797e+00,5.816009998321533203e+00,3.518932342529296875e+00,1.000000000000000000e+00,2.935273914772551507e-05,6.751676664862316102e-06,5.015192073187790811e-05
5.259281635284423828e+00,9.447516798973083496e-01,1.539574503898620605e+00,1.000000000000000000e+00,-5.235834032646380365e-05,-6.623726949328556657e-05,-1.063020317815244198e-04
6.577398777008056641e+00,4.310537338256835938e+00,1.209076046943664551e+00,1.000000000000000000e+00,4.374840045784367248e-06,4.588011870509944856e-05,1.699668064247816801e-05
6.659069538116455078e+00,5.550388813018798828e+00,1.637182474136352539e+00,1.000000000000000000e+00,7.122189344954676926e-06,9.334838978247717023e-06,9.510787640465423465e-05
3.963050603866577148e+00,2.449477195739746094e+00,2.653206825256347656e+00,9.999976158142089844e-01,4.335119156166911125e-04,-1.319447183050215244e-03,-1.719593419693410397e-03
4.969695806503295898e-01,9.093103408813476562e-01,2.939261436462402344e+00,1.000000000000000000e+00,6.467510684160515666e-05,-5.514926306204870343e-05,5.256061558611690998e-05
5.644842624664306641e+00,2.701241731643676758e+00,6.007440090179443359e+00,9.999961853027343750e-01,1.102251233533024788e-03,7.919670315459370613e-04,2.391940215602517128e-03
3.568789660930633545e-01,5.445972442626953125e+00,2.654210090637207031e+00,1.000000000000000000e+00,5.082283678348176181e-05,4.770864325109869242e-05,-1.812666014302521944e-04
5.444229602813720703e+00,6.173478603363037109e+00,3.095217466354370117e+00,9.999576807022094727e-01,-1.959548797458410263e-03,8.781419135630130768e-03,-1.931103179231286049e-03
5.072338581085205078e-01,4.710845947265625000e+00,3.337744951248168945e+00,9.999994039535522461e-01,9.643919765949249268e-04,4.263697192072868347e-04,1.564312115078791976e-04
1.086426377296447754e+00,5.672762870788574219e+00,2.821451902389526367e+00,9.999549984931945801e-01,-5.902411881834268570e-03,-7.150446064770221710e-03,2.002497669309377670e-03
2.045146465301513672e+00,5.757691860198974609e+00,4.943872451782226562e+00,1.000000000000000000e+00,5.711036010325187817e-06,2.041865809587761760e-05,7.660435221623629332e-05
7.007964134216308594e+00,4.106123447418212891e+00,5.911931991577148438e+00,9.999997615814208984e-01,-6.346644368022680283e-04,3.520825994201004505e-04,1.536268246127292514e-04
5.641170978546142578e+00,3.466302871704101562e+00,6.900108337402343750e+00,9.999960064888000488e-01,-2.572939498350024223e-03,-6.523289484903216362e-04,9.438458364456892014e-04
5.875019073486328125e+00,3.644413232803344727e+00,3.555551052093505859e+00,1.000000000000000000e+00,-1.274793612537905574e-04,-6.606907118111848831e-05,-2.127780317096039653e-05
6.933213233947753906e+00,8.851037621498107910e-01,1.628037810325622559e+00,9.999998211860656738e-01,1.068960409611463547e-04,2.156021801056340337e-04,-6.550957332365214825e-04
6.061257362365722656e+00,4.422744274139404297e+00,6.949691772460937500e+00,1.000000000000000000e+00,-2.326914254808798432e-04,9.155795123660936952e-05,-9.056638373294845223e-05
2.000661008059978485e-02,3.664436578750610352e+00,5.942291259765625000e+00,1.000000000000000000e+00,1.161774416686967015e-04,1.064306197804398835e-04,-1.752670214045792818e-04
5.318146228790283203e+00,2.515127658843994141e+00,5.999974727630615234e+00,9.999933838844299316e-01,-2.426673454465344548e-04,-1.084037721739150584e-04,-3.652598941698670387e-03
4.672915458679199219e+00,6.747584342956542969e+00,9.659329801797866821e-02,9.999998211860656738e-01,6.088438676670193672e-04,3.820148413069546223e-04,1.217908211401663721e-04
5.399336218833923340e-01,2.186963319778442383e+00,3.670076131820678711e+00,1.000000000000000000e+00,3.766084046219475567e-05,-1.737225975375622511e-04,3.497087163850665092e-04
6.054878711700439453e+00,6.314466953277587891e+00,2.373000383377075195e+00,1.000000000000000000e+00,-2.133431989932432771e-04,-1.196088414872065187e-04,-3.043156903004273772e-05
1.246970891952514648e+00,5.379711151123046875e+00,6.805830001831054688e+00,1.000000000000000000e+00,-8.706315566087141633e-05,-6.147483509266749024e-05,9.403727744938805699e-05
6.061050415039062500e+00,6.640111923217773438e+00,2.629704236984252930e+00,1.000000000000000000e+00,1.586693397257477045e-04,-3.597014874685555696e-04,2.912781383201945573e-05
1.358711838722229004e+00,3.416204452514648438e+00,3.911838054656982422e+00,9.999829530715942383e-01,-2.582399174571037292e-03,3.982670605182647705e-03,-3.406382398679852486e-03
4.544024944305419922e+00,6.129951000213623047e+00,8.849419653415679932e-02,9.999996423721313477e-01,-6.417554104700684547e-04,5.233542178757488728e-04,-7.809184899087995291e-05
6.926891326904296875e+00,3.144253969192504883e+00,4.749057292938232422e+00,1.000000000000000000e+00,-2.264495742565486580e-05,-3.741056207218207419e-05,-5.135994069860316813e-05
2.944338560104370117e+00,9.883655905723571777e-01,1.638014793395996094e+00,1.000000000000000000e+00,-2.502954448573291302e-04,-7.732940139248967171e-05,-2.888739982154220343e-05
7.052493572235107422e+00,5.218100547790527344e+00,5.342241764068603516e+00,1.000000000000000000e+00,-1.440472260583192110e-04,4.363866537460125983e-05,-1.093189712264575064e-05
5.956115245819091797e+00,2.797177553176879883e+00,4.485816955566406250e+00,9.999927282333374023e-01,-1.262226956896483898e-03,-1.867095008492469788e-03,3.085078438743948936e-03
1.900003075599670410e+00,3.573819160461425781e+00,2.841215848922729492e+00,1.000000000000000000e+00,1.683745213085785508e-04,3.434412428759969771e-05,-2.461425719957333058e-05
1.431831359863281250e+00,4.066843509674072266e+00,3.937921285629272461e+00,9.999987483024597168e-01,-1.587943406775593758e-03,-2.147274062735959888e-04,2.723573998082429171e-04
5.375854492187500000e+00,5.926903724670410156e+00,4.793678283691406250e+00,1.000000000000000000e+00,-3.055598062928766012e-05,1.002789576887153089e-04,-1.009735715342685580e-04
4.135741710662841797e+00,3.752306222915649414e+00,7.446491122245788574e-01,1.000000000000000000e+00,5.367355242924531922e-06,-2.838634281943086535e-05,-1.117730698751984164e-05
3.211966753005981445e+00,2.703499078750610352e+00,3.664973497390747070e+00,1.000000000000000000e+00,-1.664582377998158336e-04,1.180024119094014168e-04,-8.562244329368695617e-05
4.111416816711425781e+00,3.937640666961669922e+00,5.685569763183593750e+00,1.000000000000000000e+00,-2.175747504225000739e-04,7.276279211509972811e-05,2.602962777018547058e-04
1.072678804397583008e+00,4.087978363037109375e+00,2.272388935089111328e+00,9.999999403953552246e-01,2.339706843486055732e-04,-3.755427896976470947e-04,-1.768447546055540442e-04
5.640822887420654297e+00,2.414979696273803711e+00,4.562606811523437500e+00,9.999791383743286133e-01,-6.148351356387138367e-03,-1.156027195975184441e-03,-1.658953609876334667e-03
5.347711086273193359e+00,3.747312307357788086e+00,5.862627029418945312e+00,1.000000000000000000e+00,1.338754955213516951e-04,-8.605010225437581539e-05,-3.847589250653982162e-04
1.423088312149047852e+00,3.768403768539428711e+00,5.664347648620605469e+00,1.000000000000000000e+00,1.197917226818390191e-04,-1.860903430497273803e-04,9.633348963689059019e-05
3.332937479019165039e+00,5.969121932983398438e+00,5.382076263427734375e+00,9.999997019767761230e-01,-3.861267468892037868e-04,6.152304704301059246e-04,-5.026584258303046227e-04
2.439395427703857422e+00,3.608451604843139648e+00,1.384035468101501465e+00,9.999999403953552246e-01,-4.272648366168141365e-04,-8.653357508592307568e-05,-2.506845048628747463e-04
3.029080867767333984e+00,6.938406229019165039e-01,1.030139103531837463e-01,1.000000000000000000e+00,1.732490636641159654e-04,7.721434667473658919e-05,4.479706331039778888e-05
1.820116400718688965e+00,7.362434387207031250e+00,2.228639602661132812e+00,1.000000000000000000e+00,-3.738724990398623049e-05,-5.255564246908761561e-05,5.977737964713014662e-05
3.513609766960144043e-01,1.308952093124389648e+00,9.468233585357666016e-01,1.000000000000000000e+00,-6.635583122260868549e-05,3.081863906118087471e-05,2.413494621578138322e-05
4.882078170776367188e+00,2.692682743072509766e+00,6.402608871459960938e+00,1.000000000000000000e+00,5.176413105800747871e-05,3.066293138545006514e-04,1.712044468149542809e-04
6.176273822784423828e+00,3.782534837722778320e+00,2.166985511779785156e+00,1.000000000000000000e+00,5.086862529424251989e-06,-8.418342986260540783e-06,3.932886465918272734e-05
3.992229938507080078e+00,4.675910949707031250e+00,5.353916645050048828e+00,1.000000000000000000e+00,5.609278741758316755e-05,1.712357698124833405e-05,-9.001104626804590225e-05
4.234932899475097656e+00,2.133835554122924805e+00,1.728301048278808594e+00,9.999477267265319824e-01,2.288589486852288246e-03,2.061409875750541687e-03,9.748201817274093628e-03
4.734968185424804688e+00,3.138717889785766602e+00,9.780419468879699707e-01,1.000000000000000000e+00,5.204627086641266942e-05,6.514388951472938061e-05,5.727736424887552857e-05
5.047636985778808594e+00,5.148668885231018066e-01,2.747039318084716797e+00,1.000000000000000000e+00,4.168577652308158576e-05,2.015486097661778331e-04,-2.038549428107216954e-04
2.297398090362548828e+00,2.196367263793945312e+00,1.305987000465393066e+00,9.999101758003234863e-01,-1.183929946273565292e-02,-4.938995931297540665e-03,-3.898274619132280350e-03
5.238601207733154297e+00,5.565380096435546875e+00,4.131667137145996094e+00,1.000000000000000000e+00,2.222212933702394366e-04,1.200200786115601659e-04,4.690999776357784867e-05
2.192271471023559570e+00,2.862120628356933594e+00,6.723589420318603516e+00,1.000000000000000000e+00,4.589473121541232103e-07,-2.600988955236971378e-05,5.791834610135992989e-06
4.250155448913574219e+00,7.463788986206054688e-02,4.667367935180664062e+00,1.000000000000000000e+00,1.991485987673513591e-05,-6.191232387209311128e-06,1.529246219433844090e-05
3.651283979415893555e+00,1.310992240905761719e+00,2.367574930191040039e+00,1.000000000000000000e+00,-5.835156844113953412e-05,3.785039098147535697e-06,6.020297223585657775e-05
1.981298685073852539e+00,7.014334201812744141e-03,5.564234256744384766e-01,1.000000000000000000e+00,-8.008137956494465470e-05,-7.385920616798102856e-05,1.139572123065590858e-04
5.310308456420898438e+00,5.460733413696289062e+00,1.706181049346923828e+00,1.000000000000000000e+00,-6.021809531375765800e-05,8.957460522651672363e-05,-8.423793769907206297e-05
4.512717723846435547e+00,2.804511785507202148e+00,7.305757999420166016e+00,9.999992251396179199e-01,4.983178223483264446e-04,7.909506093710660934e-04,8.866704883985221386e-04
5.518362522125244141e+00,3.952521085739135742e+00,7.423996925354003906e+00,1.000000000000000000e+00,2.359716927458066493e-05,-7.518930942751467228e-06,1.540865559945814312e-05
5.005128860473632812e+00,3.914878606796264648e+00,6.611230850219726562e+00,1.000000000000000000e+00,-6.256220513023436069e-05,-1.006217862595804036e-04,4.568987424136139452e-05
5.185819625854492188e+00,4.814213752746582031e+00,6.222604274749755859e+00,1.000000000000000000e+00,-7.206745794974267483e-05,-5.023772610002197325e-05,5.644302291329950094e-06
3.213071823120117188e+00,6.501682758331298828e+00,5.374108314514160156e+00,1.000000000000000000e+00,-7.570725574623793364e-05,1.028496553772129118e-04,-1.657388784224167466e-04
3.898785591125488281e+00,4.913051128387451172e-01,3.448181152343750000e+00,1.000000000000000000e+00,1.792142138583585620e-04,2.099891389661934227e-05,3.821178688667714596e-05
5.980833053588867188e+00,1.441088199615478516e+00,3.852443933486938477e+00,1.000000000000000000e+00,-1.869249681476503611e-04,-2.965664607472717762e-04,-1.256400355487130582e-05
5.378056168556213379e-01,4.270982742309570312e+00,1.912657976150512695e+00,1.000000000000000000e+00,1.677805848885327578e-04,1.574878297105897218e-05,-1.666872412897646427e-04
3.201729297637939453e+00,2.999881029129028320e+00,5.235822200775146484e+00,1.000000000000000000e+00,2.348179987166076899e-04,1.790585702110547572e-05,-1.705002214293926954e-04
2.508895874023437500e+00,6.668937206268310547e+00,1.022866249084472656e+00,1.000000000000000000e+00,1.872841239674016833e-04,-3.543032798916101456e-04,-4.051238283864222467e-05
5.491341590881347656e+00,5.911617755889892578e+00,6.979002475738525391e+00,1.000000000000000000e+00,-6.626223330385982990e-05,-2.560060420364607126e-05,-2.001426310016540810e-06
4.639117717742919922e+00,1.500919461250305176e+00,1.569934248924255371e+00,9.999997019767761230e-01,-1.495845936005935073e-04,1.282921875827014446e-04,-8.610229124315083027e-04
3.018426418304443359e+00,2.027261257171630859e-01,6.772692501544952393e-02,9.999999403953552246e-01,2.625380293466150761e-04,3.139106556773185730e-04,1.666905009187757969e-04
2.884338855743408203e+00,4.922018349170684814e-01,1.179541230201721191e+00,1.000000000000000000e+00,-1.482506049796938896e-04,5.073098873253911734e-05,-7.662558346055448055e-05
1.797101497650146484e+00,2.378882884979248047e+00,4.687280654907226562e+00,1.000000000000000000e+00,6.720796227455139160e-05,1.165947014669654891e-05,-4.121242818655446172e-05
9.771893024444580078e-01,4.567600727081298828e+00,2.344436883926391602e+00,9.999929666519165039e-01,-2.920856000855565071e-03,-1.352352090179920197e-03,-1.954996725544333458e-03
2.263629883527755737e-01,3.624788999557495117e+00,4.315870761871337891e+00,9.999998211860656738e-01,-6.679002544842660427e-04,-1.614279753994196653e-04,-1.466805406380444765e-04
2.617465704679489136e-02,5.760875225067138672e+00,5.912565708160400391e+00,1.000000000000000000e+00,-4.350414747023023665e-05,6.425842002499848604e-06,-1.014572990243323147e-05
1.619293332099914551e+00,1.264640927314758301e+00,1.795126557350158691e+00,1.000000000000000000e+00,-1.352797407889738679e-04,-1.366215146845206618e-04,1.003529687295667827e-04
9.321897029876708984e-01,1.245077133178710938e+00,3.070241451263427734e+00,1.000000000000000000e+00,8.785005775280296803e-05,-6.754508649464696646e-05,1.134340491262264550e-04
6.876660823822021484e+00,7.212852954864501953e+00,4.247065067291259766e+00,1.000000000000000000e+00,-8.506813173880800605e-05,-4.363960397313348949e-05,-7.347774953814223409e-05
2.939929485321044922e+00,2.401831865310668945e+00,4.765043735504150391e+00,9.999999403953552246e-01,4.826307122129946947e-04,-3.146659219055436552e-05,-8.824263204587623477e-05
7.178551673889160156e+00,3.262027740478515625e+00,3.425230503082275391e+00,9.999998807907104492e-01,-4.114719631616026163e-04,-7.981964881764724851e-05,-4.033007135149091482e-04
6.735368728637695312e+00,4.198571681976318359e+00,7.177542686462402344e+00,1.000000000000000000e+00,-2.461417461745440960e-04,1.781501196091994643e-04,-1.193671632790938020e-04
6.487908959388732910e-01,5.118312835693359375e-01,1.908570408821105957e+00,1.000000000000000000e+00,-3.761023890547221527e-06,-1.058889974956400692e-04,4.683022052631713450e-05
3.976808786392211914e+00,7.123142242431640625e+00,2.709843397140502930e+00,1.000000000000000000e+00,-7.330620428547263145e-05,-5.230579336057417095e-05,1.420635526301339269e-04
6.560713768005371094e+00,2.548269033432006836e+00,5.970564484596252441e-02,1.000000000000000000e+00,1.397787564201280475e-04,7.375196582870557904e-05,-1.025586534524336457e-04
1.211128942668437958e-02,3.146285295486450195e+00,2.133540868759155273e+00,9.999998807907104492e-01,-4.154519410803914070e-04,5.108370678499341011e-04,2.595241494418587536e-05
5.982625961303710938e+00,1.150389432907104492e+00,1.913679599761962891e+00,1.000000000000000000e+00,5.599990254268050194e-05,-3.223954263376072049e-05,-1.771526513039134443e-05
9.714724421501159668e-01,3.612701892852783203e+00,6.853798389434814453e+00,1.000000000000000000e+00,-8.939021790865808725e-05,7.124257535906508565e-05,8.558386980439536273e-06
2.216447830200195312e+00,3.994431257247924805e+00,4.969872951507568359e+00,1.000000000000000000e+00,2.642072331582312472e-06,1.143476547440513968e-04,-1.545918785268440843e-04
4.534768164157867432e-01,7.311450004577636719e+00,1.042025089263916016e+00,1.000000000000000000e+00,6.864477472845464945e-05,-2.224114905402529985e-05,-2.592720920802094042e-05
1.622206449508666992e+00,6.944785594940185547e+00,5.639065742492675781e+00,1.000000000000000000e+00,-7.011094567133113742e-05,1.459012855775654316e-05,1.103422891901573166e-05
1.036339402198791504e-01,6.657242774963378906e+00,7.096268177032470703e+00,1.000000000000000000e+00,-3.626987017923966050e-05,-6.408498302334919572e-05,-2.720428346947301179e-05
5.023043155670166016e-01,4.870457172393798828e+00,1.848846554756164551e+00,1.000000000000000000e+00,-9.556506483932025731e-06,-1.451819407520815730e-04,7.331845699809491634e-05
4.402520656585693359e-01,7.163439273834228516e+00,3.189749479293823242e+00,1.000000000000000000e+00,-8.334340236615389585e-05,-2.673211383807938546e-05,5.577807314693927765e-05
3.625461101531982422e+00,5.125001907348632812e+00,5.227004289627075195e-01,1.000000000000000000e+00,4.175675858277827501e-04,-9.749719902174547315e-05,5.216061254031956196e-05
3.337972402572631836e+00,2.160151720046997070e+00,5.034320831298828125e+00,9.999998807907104492e-01,1.770305825630202889e-04,3.858093696180731058e-04,-1.681670109974220395e-04
6.679841995239257812e+00,1.444856882095336914e+00,4.123802661895751953e+00,9.999997615814208984e-01,-3.431135555729269981e-04,5.105222226120531559e-04,-4.569807206280529499e-04
2.944884538650512695e+00,5.302199840545654297e+00,7.104259967803955078e+00,9.999964237213134766e-01,-1.401571789756417274e-03,-1.893314532935619354e-03,-1.306372578255832195e-03
1.828325539827346802e-01,1.596202373504638672e+00,3.155832767486572266e+00,1.000000000000000000e+00,3.906985220964998007e-04,6.663873500656336546e-05,1.000292832031846046e-05
3.311997890472412109e+00,5.004218578338623047e+00,6.631297588348388672e+00,9.999997615814208984e-01,-7.522825617343187332e-04,1.262926816707476974e-04,-6.869275239296257496e-05
5.544714331626892090e-01,4.474530696868896484e+00,1.496985852718353271e-01,1.000000000000000000e+00,-2.115063762175850570e-05,1.889741361082997173e-05,-1.594975037733092904e-05
3.224098980426788330e-01,1.599271655082702637e+00,2.779902935028076172e+00,1.000000000000000000e+00,1.876578317023813725e-04,-3.129884862573817372e-05,5.976233296678401530e-05
6.524690389633178711e-01,2.720210790634155273e+00,7.237419128417968750e+00,1.000000000000000000e+00,2.041508196271024644e-05,-3.044364348170347512e-05,1.567497565702069551e-05
9.773312211036682129e-01,6.279491424560546875e+00,5.869747161865234375e+00,1.000000000000000000e+00,-7.111825107131153345e-05,-2.032131305895745754e-05,2.708581234855955699e-07
6.123799324035644531e+00,5.076235294342041016e+00,4.352244377136230469e+00,1.000000000000000000e+00,2.512396349629852921e-05,-3.251509770052507520e-05,-1.309679919359041378e-05
1.130704164505004883e+00,6.847139000892639160e-01,7.218588352203369141e+00,1.000000000000000000e+00,1.722439046716317534e-04,1.354838750557973981e-04,-7.628053572261705995e-05
2.362155675888061523e+00,3.433754205703735352e+00,5.343189716339111328e+00,1.000000000000000000e+00,1.636688648432027549e-05,1.751762465573847294e-05,-2.467804588377475739e-04
4.104542255401611328e+00,4.537037372589111328e+00,4.684114456176757812e+00,1.000000000000000000e+00,-1.952380080183502287e-05,-2.953756775241345167e-04,-3.860065044136717916e-05
2.848993778228759766e+00,3.623085260391235352e+00,7.442610263824462891e+00,1.000000000000000000e+00,1.588298036949709058e-04,-8.573248487664386630e-05,-2.589615905890241265e-05
7.052145004272460938e+00,7.694441676139831543e-01,3.819679617881774902e-01,1.000000000000000000e+00,8.764438462094403803e-06,-2.303329965798184276e-04,-2.355002507101744413e-04
3.269830942153930664e+00,3.459703445434570312e+00,5.294954776763916016e+00,9.999998211860656738e-01,3.935997665394097567e-04,-1.239333214471116662e-04,-5.970880738459527493e-04
3.870707988739013672e+00,2.839642047882080078e+00,1.208693861961364746e+00,9.999992251396179199e-01,-6.036114646121859550e-04,-1.066661556251347065e-03,-1.957824570126831532e-04
2.183229923248291016e+00,4.145140171051025391e+00,2.880900382995605469e+00,1.000000000000000000e+00,1.168177259387448430e-04,1.443441869923844934e-04,6.658760685240849853e-05
1.337811112403869629e+00,6.303501605987548828e+00,4.933650970458984375e+00,9.999997615814208984e-01,-4.436793387867510319e-04,4.582892870530486107e-04,3.419072309043258429e-04
5.893020153045654297e+00,3.275705099105834961e+00,4.763836860656738281e+00,9.999999403953552246e-01,3.888842184096574783e-04,1.086866450350498781e-05,-2.521527640055865049e-04
7.347177028656005859e+00,6.504807472229003906e-01,1.802027583122253418e+00,1.000000000000000000e+00,-6.107430817792192101e-05,-1.734188117552548647e-04,1.090551158995367587e-04
5.171687126159667969e+00,6.611519813537597656e+00,1.578089237213134766e+00,1.000000000000000000e+00,-1.049055936164222658e-04,2.346911496715620160e-04,4.959944635629653931e-05
3.016999483108520508e+00,4.438582420349121094e+00,4.337479114532470703e+00,9.999999403953552246e-01,9.886959014693275094e-05,2.510619524400681257e-04,2.673756389413028955e-04
6.496798992156982422e+00,1.603206396102905273e+00,2.388837099075317383e+00,1.000000000000000000e+00,4.565075869322754443e-05,-5.712833626603242010e-06,-6.538090019603259861e-06
3.647521972656250000e+00,1.915838271379470825e-01,2.519248962402343750e+00,9.999998211860656738e-01,8.201567106880247593e-05,-2.881139880628325045e-05,6.981231854297220707e-04
5.833435654640197754e-01,5.430708885192871094e+00,3.629260957241058350e-01,1.000000000000000000e+00,-5.423759648692794144e-05,4.933602394885383546e-05,-7.681934221182018518e-05
6.216777801513671875e+00,2.208604335784912109e+00,7.415421485900878906e+00,9.999994039535522461e-01,-7.726647891104221344e-04,-1.560792952659539878e-05,8.466467843391001225e-04
6.937258720397949219e+00,7.341290473937988281e+00,1.677575707435607910e+00,1.000000000000000000e+00,5.365219112718477845e-05,-5.145414979779161513e-05,-6.681642844341695309e-05
3.935440540313720703e+00,1.524778604507446289e+00,3.581399440765380859e+00,9.999926686286926270e-01,1.449826755560934544e-03,-1.410521683283150196e-03,-3.257105359807610512e-03
7.353036403656005859e+00,2.531608581542968750e+00,3.829450845718383789e+00,9.999999403953552246e-01,-4.496148030739277601e-04,-9.420463175047188997e-05,1.127284849644638598e-04
2.176751196384429932e-01,3.389437198638916016e+00,1.648922801017761230e+00,1.000000000000000000e+00,-2.639642916619777679e-04,2.247409429401159286e-04,-1.977603687919327058e-06
6.578495025634765625e+00,4.194898128509521484e+00,3.194363117218017578e+00,1.000000000000000000e+00,-1.677555337664671242e-05,-9.827103895077016205e-06,2.906016925408039242e-05
1.261491298675537109e+00,4.329543590545654297e+00,5.109298229217529297e+00,9.999971985816955566e-01,6.781591946491971612e-05,1.573743975313846022e-05,-2.397512085735797882e-03
1.673501133918762207e+00,3.172158598899841309e-01,1.755287349224090576e-01,9.999988675117492676e-01,-1.150692929513752460e-03,-8.661079336889088154e-04,5.521167186088860035e-04
6.844445705413818359e+00,4.586872577667236328e+00,6.354624748229980469e+00,9.999999403953552246e-01,2.206975477747619152e-04,1.201359409606084228e-04,4.005947557743638754e-04
5.009989738464355469e+00,4.289675652980804443e-01,5.760838985443115234e+00,1.000000000000000000e+00,3.186081448802724481e-05,-3.079989983234554529e-05,1.329351744061568752e-05
8.977717757225036621e-01,6.436120986938476562e+00,1.446130871772766113e+00,1.000000000000000000e+00,-2.827858261298388243e-04,1.790089736459776759e-04,2.555177197791635990e-04
7.000494003295898438e+00,2.827050447463989258e+00,1.323502779006958008e+00,1.000000000000000000e+00,-4.774668559548445046e-05,5.686331405740929767e-06,1.619619069970212877e-05
3.685984373092651367e+00,4.769141197204589844e+00,8.428009152412414551e-01,9.999998807907104492e-01,4.825924697797745466e-04,-3.178539336659014225e-04,-8.151822839863598347e-05
9.373269677162170410e-01,2.045224189758300781e+00,3.023794412612915039e+00,1.000000000000000000e+00,8.691204129718244076e-05,-1.299141513300128281e-05,1.434110890841111541e-04
6.788418292999267578e+00,7.279960155487060547e+00,6.800041198730468750e+00,1.000000000000000000e+00,4.412091948324814439e-05,-7.972337698447518051e-06,-2.909673639805987477e-05
4.371566772460937500e+00,7.412619590759277344e+00,5.607608318328857422e+00,1.000000000000000000e+00,5.434079503174871206e-05,3.531454922267585061e-06,8.150953362928703427e-06
2.864351987838745117e+00,7.461585044860839844e+00,2.575658082962036133e+00,9.999370574951171875e-01,5.539746023714542389e-03,-2.621607622131705284e-03,9.402635507285594940e-03
1.032772421836853027e+00,4.591941833496093750e+00,5.946483612060546875e+00,1.000000000000000000e+00,1.656459062360227108e-04,-8.997239638119935989e-05,-2.237989683635532856e-04
3.565905809402465820e+00,4.371046543121337891e+00,4.153835296630859375e+00,9.999998807907104492e-01,5.170206422917544842e-04,3.764769353438168764e-04,1.537475764052942395e-04
2.520418882369995117e+00,3.116824150085449219e+00,2.387006998062133789e+00,1.000000000000000000e+00,-6.711328023811802268e-05,-5.559712917602155358e-06,2.364543324802070856e-04
5.363000392913818359e+00,7.241913795471191406e+00,2.965832710266113281e+00,9.999998211860656738e-01,6.611956632696092129e-04,-9.769546159077435732e-05,1.029665290843695402e-04
5.336141586303710938e+00,2.930149078369140625e+00,1.989208221435546875e+00,1.000000000000000000e+00,-3.624138844315893948e-05,2.993384623550809920e-05,1.092767415684647858e-04
1.747699737548828125e+00,4.474460601806640625e+00,4.627466678619384766e+00,9.999992251396179199e-01,-1.383871276630088687e-04,-1.306052668951451778e-03,-6.908533396199345589e-05
3.359290122985839844e+00,4.220023632049560547e+00,1.690752655267715454e-01,9.999997615814208984e-01,-6.469352520070970058e-04,3.732467303052544594e-04,-9.209010750055313110e-05
5.859897613525390625e+00,7.243605136871337891e+00,4.597774982452392578e+00,9.999997615814208984e-01,-5.669646780006587505e-04,-1.077726265066303313e-04,5.722843925468623638e-04
2.280131816864013672e+00,1.185570955276489258e+00,4.639972686767578125e+00,1.000000000000000000e+00,-2.526994212530553341e-04,2.627998583193402737e-05,-1.465376117266714573e-04
2.407403588294982910e-01,4.409301280975341797e+00,2.655251979827880859e+00,1.000000000000000000e+00,1.302215969190001488e-04,-9.249681170331314206e-05,1.436626916984096169e-04
6.804094791412353516e+00,7.168405532836914062e+00,7.238284587860107422e+00,1.000000000000000000e+00,8.021228131838142872e-05,2.800633637889404781e-06,-4.815768625121563673e-05
5.407962799072265625e+00,4.628736495971679688e+00,9.954835176467895508e-01,1.000000000000000000e+00,2.750203020696062595e-05,4.014164005639031529e-05,-4.394764346216106787e-06
7.107424736022949219e+00,4.590478897094726562e+00,1.445823311805725098e+00,1.000000000000000000e+00,3.700474735524039716e-06,5.241276812739670277e-05,3.154959631501697004e-05
2.472877979278564453e+00,5.967047691345214844e+00,5.449005126953125000e+00,1.000000000000000000e+00,-1.745707595546264201e-05,1.148653827840462327e-04,-7.041898697934811935e-06
1.413707494735717773e+00,3.631477832794189453e+00,4.141997337341308594e+00,9.999833106994628906e-01,-2.470392733812332153e-03,3.998690750449895859e-03,-3.369522048160433769e-03
3.998086214065551758e+00,4.408845424652099609e+00,6.750249385833740234e+00,1.000000000000000000e+00,-2.364631945965811610e-04,-7.555001502623781562e-05,4.797577275894582272e-05
4.417226314544677734e+00,7.233748435974121094e+00,5.893796443939208984e+00,1.000000000000000000e+00,5.212078394833952188e-05,-1.810275534808170050e-05,6.846591986686689779e-06
4.890266418457031250e+00,4.636422634124755859e+00,5.011908054351806641e+00,1.000000000000000000e+00,1.668892582529224455e-05,-5.446525392471812665e-05,1.932714258146006614e-05
5.898011684417724609e+00,6.930259704589843750e+00,4.328431606292724609e+00,9.999996423721313477e-01,5.676409928128123283e-04,6.853019585832953453e-04,-1.652207574807107449e-04
4.972868442535400391e+00,3.118334531784057617e+00,6.878115653991699219e+00,9.999999403953552246e-01,-3.364732765476219356e-05,4.407513479236513376e-04,-8.748301479499787092e-05
7.331148624420166016e+00,7.166128158569335938e+00,3.409204244613647461e+00,1.000000000000000000e+00,-5.363550371839664876e-05,-7.940185605548322201e-05,3.061128882109187543e-05
7.226850986480712891e+00,6.765714645385742188e+00,6.878161907196044922e+00,1.000000000000000000e+00,-1.310377228946890682e-05,-2.870780554076191038e-05,-2.128221240127459168e-05
2.159773826599121094e+00,1.330285191535949707e+00,3.658548355102539062e+00,1.000000000000000000e+00,2.478315727785229683e-04,-2.014227065956220031e-04,-1.872093271231278777e-04
3.812880754470825195e+00,3.027062714099884033e-01,5.995633125305175781e+00,1.000000000000000000e+00,3.077316796407103539e-05,1.313243410550057888e-05,-1.000153770291944966e-05
4.418266296386718750e+00,5.664491653442382812e+00,3.289750337600708008e+00,1.000000000000000000e+00,2.253939310321584344e-04,-1.747537316987290978e-04,1.271649525733664632e-04
7.349774360656738281e+00,5.296032428741455078e+00,2.389316082000732422e+00,9.999993443489074707e-01,1.109853386878967285e-03,2.007991315622348338e-05,-1.632040803087875247e-04
7.157516002655029297e+00,3.411511182785034180e+00,3.968590974807739258e+00,1.000000000000000000e+00,-2.617831632960587740e-04,1.966769341379404068e-04,-1.384792703902348876e-04
6.746416568756103516e+00,3.931636571884155273e+00,2.991858959197998047e+00,1.000000000000000000e+00,-4.038320912513881922e-05,-3.016970913449767977e-05,-1.382990035381226335e-06
1.251273751258850098e+00,5.582567214965820312e+00,6.029248833656311035e-01,1.000000000000000000e+00,-4.963552055414766073e-05,1.647970634621742647e-06,-4.244862429914064705e-05
1.394827961921691895e+00,4.021495819091796875e+00,8.668857812881469727e-01,1.000000000000000000e+00,6.133361694082850590e-06,8.502991840941831470e-05,-1.057033150573261082e-04
5.042191982269287109e+00,9.899888634681701660e-01,6.514697074890136719e+00,1.000000000000000000e+00,-1.176764544652542099e-05,-1.842302299337461591e-05,-6.804428267059847713e-05
6.714149951934814453e+00,8.075367808341979980e-01,3.347297668457031250e+00,9.999998807907104492e-01,3.149795520585030317e-04,4.373927076812833548e-04,-1.450426934752613306e-04
3.333761215209960938e+00,4.317811965942382812e+00,7.366227507591247559e-01,9.999243021011352539e-01,9.662143886089324951e-03,-7.081316784024238586e-03,-2.812422811985015869e-03
8.235064744949340820e-01,1.096452832221984863e+00,1.823418021202087402e+00,1.000000000000000000e+00,-1.184948996524326503e-05,-1.131425669882446527e-04,5.513787255040369928e-05
6.278053522109985352e-01,3.642336368560791016e+00,5.778247117996215820e-01,1.000000000000000000e+00,-3.018589268322102726e-05,3.264372571720741689e-05,-2.991902329085860401e-05
2.734053611755371094e+00,1.082574009895324707e+00,1.898999214172363281e+00,1.000000000000000000e+00,-2.548607590142637491e-04,-8.053634519455954432e-05,-5.709269771614344791e-06
3.863738775253295898e-01,4.359448432922363281e+00,1.511847972869873047e+00,1.000000000000000000e+00,3.135237056994810700e-05,2.463773307681549340e-05,-2.620715895318426192e-05
5.532448291778564453e+00,3.818725347518920898e+00,4.694278717041015625e+00,1.000000000000000000e+00,1.677937871136236936e-05,-7.278582779690623283e-05,-2.903974518631002866e-06
6.881897926330566406e+00,5.786455795168876648e-02,4.420409202575683594e+00,1.000000000000000000e+00,-1.509670546511188149e-04,9.345983562525361776e-05,-9.112311090575531125e-05
3.672014236450195312e+00,1.752110362052917480e+00,1.434397459030151367e+00,9.999998807907104492e-01,-8.788198465481400490e-05,-3.292790788691490889e-04,4.417753370944410563e-04
7.034364700317382812e+00,3.466902971267700195e+00,4.610787868499755859e+00,1.000000000000000000e+00,8.551173777959775180e-06,-1.452440665161702782e-05,-4.941073711961507797e-05
7.472570419311523438e+00,2.418368339538574219e+00,4.519840717315673828e+00,9.999993443489074707e-01,-1.095059793442487717e-03,-3.127713571302592754e-04,-2.637346624396741390e-04
3.748206853866577148e+00,5.335633277893066406e+00,3.546998262405395508e+00,1.000000000000000000e+00,9.142931958194822073e-05,2.352346018597017974e-05,9.033166134031489491e-05
2.366463899612426758e+00,2.563695430755615234e+00,7.371866226196289062e+00,1.000000000000000000e+00,4.499771966948173940e-05,-1.519294619356514886e-05,-2.698479875107295811e-07
2.218848705291748047e+00,6.907981038093566895e-01,6.214952945709228516e+00,1.000000000000000000e+00,1.397913874825462699e-04,8.240725583164021373e-05,-7.976939741638489068e-06
1.219841837882995605e+00,1.805319905281066895e+00,1.742487668991088867e+00,1.000000000000000000e+00,2.444425945213879459e-06,-9.046735794981941581e-05,1.232273207278922200e-04
5.265210151672363281e+00,7.361075878143310547e+00,3.326281547546386719e+00,1.000000000000000000e+00,-1.541415549581870437e-04,9.026298357639461756e-05,-7.239259866764768958e-05
2.379567623138427734e+00,5.430012226104736328e+00,1.697923898696899414e+00,1.000000000000000000e+00,-5.344535748008638620e-05,7.388200901914387941e-05,9.172666977974586189e-06
5.052716255187988281e+00,3.138084888458251953e+00,1.544148564338684082e+00,1.000000000000000000e+00,3.561603807611390948e-05,4.511541192186996341e-05,8.846912533044815063e-05
6.419111728668212891e+00,4.451719224452972412e-01,7.041235446929931641e+00,1.000000000000000000e+00,2.836666863004211336e-05,-8.693911695445422083e-06,-2.031511940003838390e-05
7.244500160217285156e+00,3.582147598266601562e+00,7.143211960792541504e-01,1.000000000000000000e+00,-2.185701487178448588e-05,6.764265708625316620e-05,-8.837053428578656167e-06
1.862719297409057617e+00,4.520023822784423828e+00,4.299347877502441406e+00,9.999960064888000488e-01,-8.002078393474221230e-04,2.384542720392346382e-03,1.304135308600962162e-03
1.930259943008422852e+00,1.894246414303779602e-02,6.182875633239746094e+00,1.000000000000000000e+00,2.064635737042408437e-05,7.656437446712516248e-06,-8.262322808150202036e-06
1.643334478139877319e-01,4.310559272766113281e+00,3.437911510467529297e+00,9.999999403953552246e-01,2.609615039546042681e-04,2.862243563868105412e-04,2.529045741539448500e-04
8.530245423316955566e-01,4.316017627716064453e+00,3.154116868972778320e+00,9.999596476554870605e-01,-5.157337989658117294e-03,-6.025396753102540970e-03,4.223811440169811249e-03
7.361648559570312500e+00,4.029916286468505859e+00,5.895754337310791016e+00,9.999983310699462891e-01,1.685742288827896118e-03,6.261316011659801006e-04,-4.477144102565944195e-04
3.362294197082519531e+00,6.383732795715332031e+00,4.281858921051025391e+00,1.000000000000000000e+00,1.850720582297071815e-05,7.401929178740829229e-05,5.227487781667150557e-05
4.998179435729980469e+00,2.085746765136718750e+00,2.603131532669067383e+00,9.999825954437255859e-01,-1.736210659146308899e-03,-2.651116112247109413e-03,4.983028862625360489e-03
1.060284137725830078e+00,8.201031088829040527e-01,1.595892071723937988e+00,1.000000000000000000e+00,-3.431884033489041030e-05,-2.623136679176241159e-04,7.263076986419036984e-05
3.659912824630737305e+00,5.515946865081787109e+00,7.029499053955078125e+00,9.999458193778991699e-01,3.194038989022374153e-03,-9.402617812156677246e-03,3.137861611321568489e-03
1.775363206863403320e+00,3.277555406093597412e-01,1.084224462509155273e+00,9.999974370002746582e-01,2.184890443459153175e-03,-4.213632200844585896e-05,-7.238734397105872631e-04
4.705863475799560547e+00,6.339609146118164062e+00,1.684152126312255859e+00,1.000000000000000000e+00,-3.752757038455456495e-05,1.864983205450698733e-04,2.031695839832536876e-05
3.317439794540405273e+00,3.710618734359741211e+00,6.394434452056884766e+00,1.000000000000000000e+00,-2.528174663893878460e-04,-1.754924742272123694e-04,-1.451189891668036580e-04
1.636027455329895020e+00,4.940824031829833984e+00,7.289912223815917969e+00,1.000000000000000000e+00,8.829271246213465929e-05,-1.050106147886253893e-04,1.000617194222286344e-04
4.217826843261718750e+00,2.356413364410400391e+00,3.349918365478515625e+00,9.999998211860656738e-01,-4.459415213204920292e-04,-4.020756168756633997e-04,2.573698584455996752e-04
4.302717208862304688e+00,4.439793586730957031e+00,4.929964065551757812e+00,1.000000000000000000e+00,-3.750949326786212623e-05,-4.332294338382780552e-05,9.187195246340706944e-05
