4.930044174194335938e+00,3.848856210708618164e+00,7.012366294860839844e+00,1.000000000000000000e+00,1.198935497086495161e-04,1.992976904148235917e-04,5.268651511869393289e-05
2.120611667633056641e+00,3.867234468460083008e+00,3.937649488449096680e+00,9.999974966049194336e-01,-1.380156754748895764e-04,2.171076368540525436e-03,-6.330411415547132492e-04
3.608939647674560547e+00,2.660010337829589844e+00,4.964932918548583984e+00,9.999952912330627441e-01,-1.359724556095898151e-03,-2.224892377853393555e-03,-1.670987578108906746e-03
2.464621543884277344e+00,3.184966564178466797e+00,6.586312770843505859e+00,9.999966621398925781e-01,-6.078151054680347443e-04,-2.529318211600184441e-03,2.205100172432139516e-04
7.046314716339111328e+00,5.294249534606933594e+00,1.464102983474731445e+00,9.999983310699462891e-01,1.848458923632279038e-04,9.693049942143261433e-04,-1.542416983284056187e-03
2.259644031524658203e+00,4.261098384857177734e+00,1.078280925750732422e+00,9.999974966049194336e-01,2.148821484297513962e-03,-5.020066746510565281e-04,-5.191078525967895985e-04
4.525888442993164062e+00,6.055655956268310547e+00,1.052890777587890625e+00,9.999995827674865723e-01,5.175019614398479462e-04,-4.815371066797524691e-04,-6.006070179864764214e-04
2.248991250991821289e+00,4.747979164123535156e+00,2.858332633972167969e+00,9.999998807907104492e-01,-2.741049684118479490e-04,-2.842243993654847145e-04,-3.857738629449158907e-04
2.825793743133544922e+00,6.764504432678222656e+00,9.877342730760574341e-02,9.999932646751403809e-01,2.083287341520190239e-03,9.073983528651297092e-05,-3.035377711057662964e-03
5.631055831909179688e+00,6.325337409973144531e+00,5.547931194305419922e-01,9.999988079071044922e-01,7.968542631715536118e-04,-1.286419457755982876e-03,4.992731264792382717e-04
6.007141113281250000e+00,5.517940044403076172e+00,5.090639114379882812e+00,9.999974370002746582e-01,1.368354860460385680e-04,2.186654135584831238e-03,6.444007740356028080e-04
3.792747020721435547e+00,4.219822585582733154e-01,6.501222610473632812e+00,1.000000000000000000e+00,4.681586869992315769e-05,-3.882707824232056737e-05,1.480768405599519610e-04
1.175643324851989746e+00,2.830033063888549805e+00,3.389396905899047852e+00,9.999687671661376953e-01,4.438353702425956726e-03,-1.387064461596310139e-03,6.396955344825983047e-03
7.142084598541259766e+00,4.517992019653320312e+00,1.946184933185577393e-01,1.000000000000000000e+00,1.543331454740837216e-04,2.858158259186893702e-04,-1.008514664135873318e-04
6.493078708648681641e+00,5.603431701660156250e+00,3.327685594558715820e+00,9.999350905418395996e-01,9.103613905608654022e-03,6.549998186528682709e-03,2.006766619160771370e-03
7.242097377777099609e+00,3.512753248214721680e+00,2.203357458114624023e+00,9.999998211860656738e-01,3.797130193561315536e-04,-4.388669331092387438e-04,-1.700765860732644796e-04
4.060701847076416016e+00,4.004808425903320312e+00,2.753563165664672852e+00,9.998394846916198730e-01,-1.244786474853754044e-02,7.815458811819553375e-03,1.024630665779113770e-02
3.890431165695190430e+00,4.110625743865966797e+00,6.605952262878417969e+00,1.000000000000000000e+00,1.437679748050868511e-04,8.408297435380518436e-05,-1.996950886677950621e-04
3.733469724655151367e+00,6.520860791206359863e-01,6.241347789764404297e+00,1.000000000000000000e+00,9.676293120719492435e-05,4.608830204233527184e-05,1.752551033860072494e-04
3.553666174411773682e-01,2.428033113479614258e+00,6.250813007354736328e+00,9.999995231628417969e-01,-5.135202663950622082e-04,4.220287664793431759e-04,8.163458551280200481e-04
2.991219520568847656e+00,5.692926883697509766e+00,6.055787086486816406e+00,9.999992847442626953e-01,-1.147299073636531830e-03,2.187473437516018748e-04,-3.980997717007994652e-04
5.245519161224365234e+00,3.005266189575195312e+00,6.807085990905761719e+00,9.999947547912597656e-01,-1.466433168388903141e-03,-2.849485725164413452e-03,-4.841916670557111502e-04
2.122907876968383789e+00,1.304205417633056641e+00,7.686255574226379395e-01,9.999995231628417969e-01,3.334177308715879917e-04,-8.348694536834955215e-04,5.284911021590232849e-04
3.073433399200439453e+00,4.687983512878417969e+00,6.000343322753906250e+00,9.999997615814208984e-01,-5.821343511343002319e-04,-1.631238992558792233e-04,4.702449950855225325e-04
3.673307418823242188e+00,6.468024730682373047e+00,6.536656856536865234e+00,9.999995231628417969e-01,-4.153898335061967373e-04,-8.333232253789901733e-04,2.086527238134294748e-04
8.831699490547180176e-01,3.485812425613403320e+00,1.524096578359603882e-01,9.999997019767761230e-01,-3.000812648679129779e-05,-5.377118941396474838e-04,5.642182077281177044e-04
2.753759384155273438e+00,6.328148365020751953e+00,1.650747895240783691e+00,9.999989867210388184e-01,-2.839924418367445469e-04,-1.005487632937729359e-03,-1.042896183207631111e-03
8.632299304008483887e-01,4.540452957153320312e+00,6.773395538330078125e+00,9.999959468841552734e-01,-7.668159087188541889e-04,-2.502189483493566513e-03,-1.113328500650823116e-03
2.482384443283081055e+00,6.621977686882019043e-01,4.063199520111083984e+00,9.999988675117492676e-01,-1.165057328762486577e-04,1.518457196652889252e-03,-2.836681669577956200e-04
4.878976345062255859e+00,8.267734646797180176e-01,2.789199352264404297e-01,9.999994635581970215e-01,5.209423834457993507e-04,7.628485909663140774e-04,3.828827175311744213e-04
6.835834026336669922e+00,4.467138290405273438e+00,1.413085460662841797e+00,9.998884201049804688e-01,-8.684008382260799408e-03,-2.364741405472159386e-03,1.192131545394659042e-02
7.128260135650634766e+00,7.350824356079101562e+00,4.878116130828857422e+00,9.999997615814208984e-01,1.435542071703821421e-04,5.254051648080348969e-04,5.492322961799800396e-04
3.862920999526977539e+00,1.624976843595504761e-01,4.750436305999755859e+00,9.999954700469970703e-01,1.021963544189929962e-03,-2.360868034884333611e-03,-1.580612384714186192e-03
2.520390033721923828e+00,7.414840698242187500e+00,5.522865295410156250e+00,9.999997615814208984e-01,5.671496619470417500e-04,4.195394867565482855e-04,2.047631423920392990e-04
6.511021614074707031e+00,4.932405471801757812e+00,7.356625080108642578e+00,1.000000000000000000e+00,3.632497100625187159e-04,1.092112870537675917e-05,-8.050460746744647622e-05
7.178465366363525391e+00,5.040808677673339844e+00,3.389078617095947266e+00,9.999988079071044922e-01,-1.286954269744455814e-03,7.116024498827755451e-04,5.867711734026670456e-04
6.868543624877929688e+00,6.039703845977783203e+00,3.639305353164672852e+00,9.999997615814208984e-01,-3.933635016437619925e-04,6.208961713127791882e-04,-2.246571966679766774e-04
2.358542919158935547e+00,1.837836027145385742e+00,4.828202247619628906e+00,9.999989867210388184e-01,-9.469017968513071537e-04,-4.348946094978600740e-04,1.043578260578215122e-03
4.391232490539550781e+00,3.691400527954101562e+00,4.687619209289550781e+00,1.000000000000000000e+00,1.967723947018384933e-04,1.094452454708516598e-04,2.942289283964782953e-04
1.553537249565124512e+00,3.441048383712768555e+00,2.645825862884521484e+00,9.999997615814208984e-01,-3.567869425751268864e-04,-4.129305889364331961e-04,-5.592008237726986408e-04
3.988804101943969727e+00,7.262901782989501953e+00,6.350718021392822266e+00,9.999997615814208984e-01,-3.217763151042163372e-04,-4.671994829550385475e-04,4.433488647919148207e-04
4.740763664245605469e+00,2.154743194580078125e+00,2.004907131195068359e+00,9.999992251396179199e-01,1.278727315366268158e-03,7.032121357042342424e-05,2.444788988213986158e-04
7.420965671539306641e+00,6.980700969696044922e+00,4.677699089050292969e+00,9.999999403953552246e-01,2.972411457449197769e-04,-3.794205549638718367e-04,1.302296295762062073e-04
4.400450706481933594e+00,6.905203819274902344e+00,5.551882743835449219e+00,1.000000000000000000e+00,-2.496468077879399061e-04,1.440852793166413903e-04,3.311186083010397851e-05
2.987294435501098633e+00,3.448325872421264648e+00,1.381708234548568726e-01,9.999971985816955566e-01,2.114220988005399704e-03,-2.219696034444496036e-04,-1.077019143849611282e-03
7.395008087158203125e+00,3.663775682449340820e+00,3.016469240188598633e+00,1.000000000000000000e+00,-2.464178251102566719e-04,-7.944039680296555161e-05,-2.356070908717811108e-04
2.574950218200683594e+00,8.614872694015502930e-01,6.486471176147460938e+00,1.000000000000000000e+00,1.038711779983714223e-04,8.320360211655497551e-05,6.625588866882026196e-05
2.931687116622924805e+00,6.315769672393798828e+00,5.439442157745361328e+00,9.999989271163940430e-01,3.438692656345665455e-04,2.420350028842221946e-06,-1.461196457967162132e-03
2.929236412048339844e+00,6.078931808471679688e+00,6.869708538055419922e+00,9.999996423721313477e-01,-7.267056498676538467e-04,-3.864123718813061714e-04,-3.845008031930774450e-04
9.144632816314697266e-01,1.586339950561523438e+00,3.649525880813598633e+00,9.999996423721313477e-01,-8.800308569334447384e-04,-2.557268016971647739e-04,2.351366447328473441e-06
3.730091750621795654e-01,3.993307590484619141e+00,2.700245141983032227e+00,9.999985694885253906e-01,-1.277612172998487949e-03,8.754667360335588455e-04,-7.397028384730219841e-04
5.687703609466552734e+00,2.992202043533325195e+00,2.414415836334228516e+00,9.999998807907104492e-01,2.294228033861145377e-04,3.426994371693581343e-04,-4.007350071333348751e-04
4.062664508819580078e+00,4.602112293243408203e+00,1.999512434005737305e+00,9.999997615814208984e-01,-2.844065020326524973e-04,-7.219457183964550495e-04,2.481521514710038900e-04
5.283148765563964844e+00,2.091055393218994141e+00,5.844766139984130859e+00,9.999959468841552734e-01,-9.252039599232375622e-04,-2.363124163821339607e-03,-1.287322607822716236e-03
6.738557338714599609e+00,3.456245422363281250e+00,5.806736469268798828e+00,9.999997615814208984e-01,-4.293258534744381905e-04,5.715413135476410389e-04,3.898250870406627655e-04
6.352591514587402344e+00,6.885565280914306641e+00,7.412201404571533203e+00,9.998974800109863281e-01,1.285956613719463348e-02,6.018296815454959869e-03,-1.849065185524523258e-03
5.955138206481933594e+00,3.783335447311401367e+00,3.817446470260620117e+00,9.999999403953552246e-01,1.649710757192224264e-04,3.725700080394744873e-04,-2.597153070382773876e-04
1.773581027984619141e+00,7.102194786071777344e+00,2.188332796096801758e+00,1.000000000000000000e+00,1.673333608778193593e-04,2.250823454232886434e-04,-7.031690984149463475e-06
3.557622194290161133e+00,4.325938701629638672e+00,1.211797595024108887e-01,9.999998211860656738e-01,-5.280591431073844433e-04,1.343870098935440183e-04,-4.636795492842793465e-04
6.126059055328369141e+00,5.361251831054687500e+00,4.677140712738037109e+00,9.999998211860656738e-01,-6.487250211648643017e-04,-1.523458631709218025e-04,8.995916141429916024e-05
4.633670330047607422e+00,4.566032886505126953e+00,6.754474639892578125e-01,9.999984502792358398e-01,1.008287537842988968e-03,8.462457335554063320e-04,1.199875958263874054e-03
5.984927177429199219e+00,5.150495052337646484e+00,2.909415006637573242e+00,9.999993443489074707e-01,1.698841515462845564e-04,9.148746030405163765e-04,7.901447825133800507e-04
4.972440719604492188e+00,1.444384574890136719e+00,6.195373058319091797e+00,9.999999403953552246e-01,8.271088881883770227e-05,-5.304976366460323334e-04,-7.346730126300826669e-05
5.091111660003662109e+00,7.130988240242004395e-01,2.760614156723022461e+00,9.999991059303283691e-01,-1.165500492788851261e-03,6.409196648746728897e-04,3.493383992463350296e-04
2.350752353668212891e+00,2.577142238616943359e+00,5.785091400146484375e+00,9.999977350234985352e-01,1.370105426758527756e-03,-1.610584091395139694e-03,2.561553264968097210e-04
2.061319112777709961e+00,4.849382877349853516e+00,6.170463562011718750e+00,9.999545812606811523e-01,8.675949648022651672e-03,-3.919407259672880173e-03,4.314407415222376585e-04
2.597096920013427734e+00,3.100572586059570312e+00,6.180312156677246094e+00,9.999907612800598145e-01,-1.199664664454758167e-03,4.075409844517707825e-03,-7.455333252437412739e-04
6.270650863647460938e+00,2.845394372940063477e+00,2.884346246719360352e+00,9.999669790267944336e-01,-5.459167063236236572e-03,-5.173577461391687393e-03,3.099283901974558830e-03
7.210749626159667969e+00,2.312661409378051758e+00,7.791494131088256836e-01,1.000000000000000000e+00,1.311606229137396440e-05,-1.061881848727352917e-04,-1.671858190093189478e-04
5.126480102539062500e+00,1.257226943969726562e+00,4.908946514129638672e+00,1.000000000000000000e+00,-1.085774492821656168e-04,-1.539057120680809021e-04,-1.073946914402768016e-04
1.065714001655578613e+00,5.655913829803466797e+00,3.010372161865234375e+00,9.999997019767761230e-01,-2.450003812555223703e-04,-1.661995484028011560e-04,8.393754251301288605e-04
6.219731807708740234e+00,3.069678783416748047e+00,3.103570699691772461e+00,9.999658465385437012e-01,-5.685416050255298615e-03,-5.176805891096591949e-03,3.029481042176485062e-03
3.682227611541748047e+00,1.071345880627632141e-01,1.144645690917968750e+00,9.999989271163940430e-01,1.225028303451836109e-03,-6.256350898183882236e-04,5.809279973618686199e-04
6.629343986511230469e+00,4.054667949676513672e+00,2.911476373672485352e+00,1.000000000000000000e+00,7.565871055703610182e-05,1.413785357726737857e-04,-1.772874675225466490e-04
4.037827551364898682e-01,5.802849769592285156e+00,4.849106788635253906e+00,9.999978542327880859e-01,1.411984674632549286e-03,-1.357555505819618702e-03,7.875704905018210411e-04
5.076140403747558594e+00,5.566888332366943359e+00,2.927597522735595703e+00,9.999999403953552246e-01,-3.388900950085371733e-04,-6.518970621982589364e-05,-3.016632108483463526e-04
4.084257602691650391e+00,7.090545654296875000e+00,4.276474475860595703e+00,9.999998807907104492e-01,-4.445657541509717703e-04,-2.772323205135762691e-04,3.533363633323460817e-04
1.195783913135528564e-01,6.438666343688964844e+00,6.923341751098632812e+00,9.999997019767761230e-01,6.121423793956637383e-04,4.526900302153080702e-04,-3.694494371302425861e-04
6.870145320892333984e+00,1.608440518379211426e+00,1.449883341789245605e+00,9.999998807907104492e-01,4.501265357248485088e-04,-5.102179784444160759e-05,3.531849069986492395e-04
1.031586408615112305e+00,5.289839744567871094e+00,1.338033914566040039e+00,9.999997019767761230e-01,-2.194006083300337195e-04,-5.775367608293890953e-04,4.059280909132212400e-04
1.719086647033691406e+00,4.454519271850585938e+00,4.316046714782714844e+00,9.999642968177795410e-01,1.114722923375666142e-03,-3.532051108777523041e-03,-7.604991551488637924e-03
5.251463413238525391e+00,2.197893619537353516e+00,8.395374417304992676e-01,9.999376535415649414e-01,2.356459386646747589e-03,8.513853885233402252e-03,-6.833881139755249023e-03
3.280906438827514648e+00,4.561336994171142578e+00,2.008681774139404297e+00,9.999681711196899414e-01,1.905365264974534512e-03,6.688533350825309753e-03,3.919185139238834381e-03
4.417670249938964844e+00,1.971244692802429199e+00,2.103574275970458984e+00,9.999985694885253906e-01,3.469179500825703144e-04,-1.844888465711846948e-04,1.683105481788516045e-03
2.440904140472412109e+00,4.539001464843750000e+00,5.264786243438720703e+00,9.999996423721313477e-01,5.334124434739351273e-04,6.313370540738105774e-04,3.549433677108027041e-05
5.825519561767578125e+00,6.182620048522949219e+00,4.511663436889648438e+00,9.999998807907104492e-01,3.540445177350193262e-04,-1.904297241708263755e-04,-3.450762305874377489e-04
4.667825222015380859e+00,2.575596570968627930e+00,4.618541240692138672e+00,1.000000000000000000e+00,-1.566182909300550818e-04,1.741451706038787961e-04,2.101589197991415858e-04
6.119076728820800781e+00,6.148935794830322266e+00,8.166426420211791992e-01,9.999674558639526367e-01,1.187940710224211216e-03,5.902030970901250839e-03,-5.376237444579601288e-03
1.658337414264678955e-01,4.259346961975097656e+00,5.538741588592529297e+00,9.999652504920959473e-01,-1.916076405905187130e-03,-4.381993319839239120e-03,-6.833130028098821640e-03
3.377734422683715820e+00,4.940422773361206055e-01,5.624205589294433594e+00,9.999947547912597656e-01,4.277054977137595415e-04,7.453995058313012123e-04,3.118194406852126122e-03
5.107088088989257812e+00,4.986997604370117188e+00,1.499179959297180176e+00,9.999990463256835938e-01,6.979444879107177258e-04,1.159306964837014675e-03,-4.210231418255716562e-04
3.259891510009765625e+00,7.165277957916259766e+00,2.359466552734375000e+00,9.999997615814208984e-01,-1.090992445824667811e-04,-7.420949987135827541e-04,-5.654834239976480603e-05
9.136044979095458984e-01,4.631608009338378906e+00,4.300155162811279297e+00,9.999993443489074707e-01,-7.998902001418173313e-04,-3.865635662805289030e-04,7.737618871033191681e-04
3.096731424331665039e+00,2.923694849014282227e+00,4.186511039733886719e-01,9.998639822006225586e-01,-2.829064615070819855e-03,1.588604785501956940e-02,3.414094215258955956e-03
7.484382152557373047e+00,5.815244674682617188e+00,5.532377243041992188e+00,1.000000000000000000e+00,-1.943307579495012760e-04,1.470263814553618431e-04,3.613674925873056054e-05
3.395423650741577148e+00,2.679508924484252930e+00,1.808715760707855225e-01,9.999368190765380859e-01,-5.243241321295499802e-03,-7.385937497019767761e-04,9.921490214765071869e-03
7.491189956665039062e+00,4.947220325469970703e+00,1.972064495086669922e+00,9.999995827674865723e-01,1.255989336641505361e-04,5.122220609337091446e-04,8.149736095219850540e-04
2.773047208786010742e+00,2.840850353240966797e+00,4.403084814548492432e-01,9.999713301658630371e-01,2.209356520324945450e-03,-7.051635533571243286e-03,-1.661619520746171474e-03
2.970044374465942383e+00,5.727411270141601562e+00,6.429750442504882812e+00,9.999963045120239258e-01,-2.397670643404126167e-03,-1.868052058853209019e-04,1.265889266505837440e-03
4.439112663269042969e+00,5.075057506561279297e+00,3.868845939636230469e+00,9.999785423278808594e-01,5.964933894574642181e-03,1.466273330152034760e-03,2.296283841133117676e-03
4.945752620697021484e+00,5.790020465850830078e+00,6.161011695861816406e+00,9.999903440475463867e-01,2.378818579018115997e-03,-3.251126967370510101e-03,1.787897082976996899e-03
8.267689496278762817e-02,1.443229675292968750e+00,7.295602798461914062e+00,9.999967813491821289e-01,1.076163243851624429e-04,-9.609352564439177513e-04,2.383947372436523438e-03
4.977369785308837891e+00,1.264675140380859375e+00,5.564391136169433594e+00,1.000000000000000000e+00,-7.617761002620682120e-05,-3.210312861483544111e-04,3.437131817918270826e-05
6.044749736785888672e+00,6.738224029541015625e-01,1.935482621192932129e+00,9.999998807907104492e-01,7.952035957714542747e-05,2.793441235553473234e-04,-5.069898907095193863e-04
4.032989025115966797e+00,6.166251182556152344e+00,3.686144113540649414e+00,9.999999403953552246e-01,1.084290051949210465e-04,4.863014619331806898e-04,3.426401963224634528e-05
4.853042602539062500e+00,4.098571777343750000e+00,2.414602041244506836e+00,9.999986886978149414e-01,-7.119150250218808651e-04,-1.462622545659542084e-03,-1.202814455609768629e-04
1.506772398948669434e+00,6.828023433685302734e+00,6.166303157806396484e+00,9.999789595603942871e-01,-4.636157769709825516e-03,-3.879816737025976181e-03,-2.372783841565251350e-03
5.684814453125000000e+00,2.121092081069946289e+00,1.943170189857482910e+00,9.999997019767761230e-01,7.114214531611651182e-05,-8.347283583134412766e-04,-1.739315484883263707e-05
2.329918146133422852e+00,5.758134841918945312e+00,1.779438614845275879e+00,9.999716281890869141e-01,-6.346132606267929077e-03,1.531143207103013992e-03,3.756223246455192566e-03
3.663214683532714844e+00,2.981812000274658203e+00,2.539161920547485352e+00,9.999803304672241211e-01,-2.205717100878246129e-05,-6.274333689361810684e-03,4.073774034623056650e-04
1.747648239135742188e+00,4.610240936279296875e+00,2.299794435501098633e+00,9.999998211860656738e-01,1.118344662245362997e-04,-3.215335018467158079e-04,-5.657418514601886272e-04
4.638955116271972656e+00,3.313055276870727539e+00,1.245464682579040527e+00,9.999995231628417969e-01,6.162067875266075134e-04,-1.863044744823127985e-04,8.267784724012017250e-04
4.111116886138916016e+00,3.201956748962402344e+00,3.831382513046264648e+00,9.999998807907104492e-01,1.600227406015619636e-04,-2.867788716685026884e-04,-5.021329270675778389e-04
5.567312240600585938e+00,6.595917344093322754e-01,5.971931934356689453e+00,1.000000000000000000e+00,-4.016653110738843679e-05,-8.017924119485542178e-05,1.704779242572840303e-05
4.041615962982177734e+00,2.043628692626953125e-01,7.219125747680664062e+00,9.999994635581970215e-01,-3.757947706617414951e-04,8.415520424023270607e-04,5.501332925632596016e-04
7.077291965484619141e+00,1.902061820030212402e+00,1.322345852851867676e+00,9.999971389770507812e-01,-1.778823789209127426e-03,-1.585655962117016315e-03,-9.032709203893318772e-05
5.262074947357177734e+00,6.784229755401611328e+00,5.783890247344970703e+00,9.999982714653015137e-01,-7.419346948154270649e-04,-4.600930260494351387e-04,1.646458869799971581e-03
4.499652862548828125e+00,1.305247664451599121e+00,5.617399692535400391e+00,9.999994039535522461e-01,-6.471501546911895275e-04,5.048610619269311428e-04,-8.329947595484554768e-04
4.171992540359497070e-01,2.914973974227905273e+00,3.034106194972991943e-01,9.999994635581970215e-01,-5.686882650479674339e-04,-7.426216616295278072e-04,-5.754551966674625874e-04
1.284419059753417969e+00,4.766050815582275391e+00,4.843186855316162109e+00,9.999989271163940430e-01,5.754111334681510925e-04,9.542919578962028027e-04,9.946426143869757652e-04
5.808733105659484863e-01,6.408811569213867188e+00,3.072388648986816406e+00,9.999653697013854980e-01,4.378599580377340317e-03,3.630639752373099327e-03,-6.073707249015569687e-03
4.599549770355224609e+00,2.455858945846557617e+00,4.339510500431060791e-01,9.999998211860656738e-01,1.803616032702848315e-04,6.969879032112658024e-04,-2.515029154892545193e-05
9.137681722640991211e-01,6.572671413421630859e+00,5.803181171417236328e+00,1.000000000000000000e+00,4.017449973616749048e-04,1.259719138033688068e-04,-1.013916917145252228e-04
4.836712360382080078e+00,6.926375865936279297e+00,1.091605782508850098e+00,9.999818205833435059e-01,-3.177127335220575333e-03,-1.712355297058820724e-03,4.832297563552856445e-03
4.647310078144073486e-01,5.417611122131347656e+00,8.769498467445373535e-01,9.999995231628417969e-01,9.387491736561059952e-04,-1.200867336592637002e-04,-3.668336139526218176e-04
7.292947769165039062e+00,7.259497642517089844e+00,1.145015120506286621e+00,9.999920129776000977e-01,-9.953868575394153595e-04,2.834243467077612877e-03,2.623951062560081482e-03
4.711366176605224609e+00,2.316106081008911133e+00,6.364150047302246094e+00,9.999137520790100098e-01,-8.031762205064296722e-03,-1.680577406659722328e-03,-1.026202924549579620e-02
4.703753471374511719e+00,1.082008928060531616e-01,6.404994964599609375e+00,9.999997615814208984e-01,-5.009282613173127174e-04,-4.070260329172015190e-04,2.352926530875265598e-04
4.253141880035400391e+00,5.639054298400878906e+00,3.138878107070922852e+00,9.999973773956298828e-01,-1.950902747921645641e-03,1.023301389068365097e-03,7.312342058867216110e-04
6.949157714843750000e+00,3.611070632934570312e+00,1.541707038879394531e+00,1.000000000000000000e+00,-1.289874053327366710e-04,-6.658892380073666573e-05,1.796203578123822808e-04
6.993775844573974609e+00,3.794314861297607422e+00,4.129533767700195312e+00,9.999986290931701660e-01,3.603555960580706596e-04,-4.359009326435625553e-04,-1.542127341963350773e-03
2.660558700561523438e+00,3.309324741363525391e+00,7.173666357994079590e-01,9.999996423721313477e-01,-2.236721047665923834e-04,-2.036432706518098712e-04,8.585042087361216545e-04
1.301728367805480957e+00,1.200141429901123047e+00,3.204809904098510742e+00,9.999735951423645020e-01,-2.946191700175404549e-03,2.849012147635221481e-03,-6.002495530992746353e-03
3.947087287902832031e+00,1.245556116104125977e+00,6.376533508300781250e+00,9.999999403953552246e-01,3.079905291087925434e-04,-2.653150004334747791e-04,-1.082714807125739753e-04
4.557765960693359375e+00,5.583689212799072266e+00,5.514678001403808594e+00,9.999229907989501953e-01,3.759125014767050743e-03,-8.802427910268306732e-03,-7.902718149125576019e-03
1.396635174751281738e+00,5.225255012512207031e+00,8.227620124816894531e-01,9.999999403953552246e-01,-5.392128950916230679e-04,-1.006934835459105670e-04,-8.417865319643169641e-05
3.715454101562500000e+00,5.958057403564453125e+00,2.399421453475952148e+00,9.999983310699462891e-01,9.483856847509741783e-04,1.290787244215607643e-03,9.261195664294064045e-04
2.144784212112426758e+00,1.674893736839294434e+00,3.612449884414672852e+00,9.999997615814208984e-01,8.090158371487632394e-05,-6.550531252287328243e-04,-3.410856588743627071e-04
1.350718736648559570e+00,2.298188447952270508e+00,1.672890424728393555e+00,1.000000000000000000e+00,6.645569374086335301e-05,-1.385498035233467817e-04,-1.061154471244663000e-04
5.375298976898193359e+00,6.529877185821533203e+00,4.379486083984375000e+00,9.999997615814208984e-01,1.724086032481864095e-04,-2.362320374231785536e-04,7.212680066004395485e-04
1.996379494667053223e+00,5.753298401832580566e-01,2.832711637020111084e-01,9.999998211860656738e-01,3.878686402458697557e-04,5.859352531842887402e-04,-1.527590393379796296e-05
2.523602008819580078e+00,4.211775302886962891e+00,5.761326551437377930e-01,9.999994039535522461e-01,-1.552697085571708158e-06,-7.587345899082720280e-04,-8.450988680124282837e-04
5.624942302703857422e+00,3.290933609008789062e+00,7.399404644966125488e-01,9.999859333038330078e-01,-4.773674998432397842e-03,-2.308815717697143555e-03,-4.310279909987002611e-04
3.112175226211547852e+00,3.058182477951049805e+00,3.688183307647705078e+00,9.999896883964538574e-01,-1.371063757687807083e-03,-2.614114200696349144e-03,3.450852585956454277e-03
4.550018310546875000e+00,6.993999004364013672e+00,2.820810556411743164e+00,9.999998807907104492e-01,5.191698437556624413e-04,2.738318580668419600e-04,1.673133738222531974e-05
3.692014932632446289e+00,2.336473017930984497e-02,7.481955051422119141e+00,9.999992251396179199e-01,-4.051517462357878685e-04,5.066875601187348366e-04,1.100582536309957504e-03
6.163279533386230469e+00,1.942876100540161133e+00,6.502852916717529297e+00,9.999590516090393066e-01,2.066314918920397758e-03,-3.011547261849045753e-03,-8.287815377116203308e-03
4.546658039093017578e+00,1.289775013923645020e+00,2.483512163162231445e+00,9.999998211860656738e-01,-6.629013223573565483e-04,3.103970811935141683e-05,-1.813989074435085058e-04
6.791126728057861328e+00,3.679425001144409180e+00,5.489579200744628906e+00,9.999995827674865723e-01,-5.895167705602943897e-04,7.485168753191828728e-04,-1.598923408892005682e-04
4.251743257045745850e-01,1.827169656753540039e+00,5.014563083648681641e+00,9.999888539314270020e-01,-1.638216199353337288e-03,-5.703993883798830211e-05,4.425780382007360458e-03
3.897967815399169922e+00,4.961707592010498047e+00,1.580168604850769043e-01,9.999991655349731445e-01,1.034385990351438522e-03,1.282121374970301986e-04,8.691826369613409042e-04
6.915751934051513672e+00,3.360347986221313477e+00,6.383722305297851562e+00,9.999995827674865723e-01,6.221658550202846527e-04,6.320968386717140675e-04,1.784226478775963187e-04
1.364055752754211426e+00,5.326511859893798828e+00,5.182696819305419922e+00,9.999997615814208984e-01,-5.448592710308730602e-04,1.258954289369285107e-04,5.974175292067229748e-04
4.872657299041748047e+00,5.688851356506347656e+00,5.820945739746093750e+00,9.998147487640380859e-01,2.283751382492482662e-04,-4.083719104528427124e-03,1.880658231675624847e-02
4.328745365142822266e+00,1.562670588493347168e+00,5.357128620147705078e+00,9.999999403953552246e-01,-2.674413508430006914e-06,-4.583844274748116732e-04,1.465244804421672598e-05
6.400957107543945312e+00,1.173566341400146484e+00,1.055770874023437500e+00,9.999986886978149414e-01,-3.697596257552504539e-04,-1.030589919537305832e-03,1.207243534736335278e-03
6.801181316375732422e+00,7.041848182678222656e+00,4.953505039215087891e+00,9.999997615814208984e-01,-3.569101099856197834e-04,4.921830259263515472e-04,4.394883289933204651e-04
3.386904478073120117e+00,5.299952507019042969e+00,5.364890769124031067e-02,9.999977350234985352e-01,-5.361294024623930454e-04,1.626874320209026337e-03,1.318241353146731853e-03
5.418534278869628906e+00,5.084027290344238281e+00,4.063155651092529297e+00,9.999562501907348633e-01,7.007044274359941483e-03,-4.917087499052286148e-03,-3.775133984163403511e-03
4.008823871612548828e+00,1.226359486579895020e+00,2.983598947525024414e+00,1.000000000000000000e+00,9.724679694045335054e-05,-2.667474036570638418e-04,-1.289064093725755811e-04
4.523719787597656250e+00,9.067319035530090332e-01,3.852989375591278076e-01,9.999993443489074707e-01,-1.097056432627141476e-03,3.543188504409044981e-04,3.515155694913119078e-04
2.234559297561645508e+00,1.508123636245727539e+00,4.451915264129638672e+00,9.999992847442626953e-01,-8.921801927499473095e-04,-5.202028551138937473e-04,-5.636895075440406799e-04
5.015479087829589844e+00,2.008207798004150391e+00,2.431974649429321289e+00,9.999999403953552246e-01,4.820796893909573555e-04,1.015130237647099420e-05,-7.745389302726835012e-05
5.211000442504882812e+00,6.491205096244812012e-01,5.589806079864501953e+00,1.000000000000000000e+00,-2.507585850253235549e-05,-2.285705559188500047e-04,1.066630429704673588e-04
7.441281795501708984e+00,1.043390274047851562e+00,5.818475723266601562e+00,9.999994635581970215e-01,-2.952959621325135231e-04,5.364035605452954769e-04,8.366332622244954109e-04
1.120141267776489258e+00,6.047252178192138672e+00,5.036077976226806641e+00,9.999999403953552246e-01,1.317468559136614203e-04,3.592029970604926348e-04,-2.076094388030469418e-04
2.456859827041625977e+00,2.872792959213256836e+00,3.933182001113891602e+00,9.999995231628417969e-01,4.357722064014524221e-04,3.577499301172792912e-04,9.071241947822272778e-04
5.045619487762451172e+00,4.232285499572753906e+00,3.960345983505249023e+00,1.000000000000000000e+00,-8.359552884940057993e-05,-2.168481005355715752e-04,-1.750697119859978557e-04
2.336730241775512695e+00,4.250808715820312500e+00,7.376536369323730469e+00,9.999888539314270020e-01,6.228717393241822720e-04,-4.247525706887245178e-03,-2.000855514779686928e-03
3.939331054687500000e+00,4.969824254512786865e-01,3.946687698364257812e+00,1.000000000000000000e+00,-8.784893725533038378e-05,3.991241101175546646e-04,-2.253020793432369828e-04
1.651791810989379883e+00,4.206336021423339844e+00,6.539039134979248047e+00,9.999998807907104492e-01,-3.642375522758811712e-04,3.392435028217732906e-04,2.269114338560029864e-04
1.711987376213073730e+00,7.124836444854736328e+00,4.454931259155273438e+00,9.999929070472717285e-01,-2.757084555923938751e-03,2.566662151366472244e-03,2.767519617918878794e-04
4.271161556243896484e+00,8.983672261238098145e-01,6.399739384651184082e-01,1.000000000000000000e+00,-1.188232054118998349e-04,3.010535438079386950e-04,-1.349988742731511593e-04
1.956944465637207031e+00,4.549442768096923828e+00,6.192599296569824219e+00,9.999568462371826172e-01,8.550615981221199036e-03,-3.572668414562940598e-03,6.862478912808001041e-04
4.598790645599365234e+00,5.944651126861572266e+00,3.061081647872924805e+00,9.999999403953552246e-01,-3.408397024031728506e-04,3.479762235656380653e-04,1.886715035652741790e-04
4.793290615081787109e+00,1.614892721176147461e+00,4.452798843383789062e+00,1.000000000000000000e+00,-2.810702790156938136e-05,-2.768253325484693050e-04,-2.073041832773014903e-04
3.072159588336944580e-01,1.076783895492553711e+00,7.133514404296875000e+00,9.999867081642150879e-01,3.023633034899830818e-04,-3.927880898118019104e-03,3.339523216709494591e-03
1.121853470802307129e+00,4.659586906433105469e+00,5.203025341033935547e+00,9.999958276748657227e-01,-2.606510184705257416e-03,-1.238230848684906960e-03,-1.628870522836223245e-04
3.192096710205078125e+00,6.763940334320068359e+00,1.283975005149841309e+00,9.999994635581970215e-01,2.850445744115859270e-04,-9.850398637354373932e-04,3.019461291842162609e-04
5.602168560028076172e+00,7.264744281768798828e+00,6.147886276245117188e+00,9.999986290931701660e-01,1.009839819744229317e-03,1.289944921154528856e-04,-1.369367935694754124e-03
5.914621829986572266e+00,3.187911748886108398e+00,4.765984058380126953e+00,9.999997615814208984e-01,2.142773591913282871e-04,1.012118154903873801e-04,-7.547974237240850925e-04
2.809427738189697266e+00,3.928550243377685547e+00,4.832300186157226562e+00,9.999060034751892090e-01,4.693202208727598190e-03,-9.518315084278583527e-03,-8.686289191246032715e-03
5.822548389434814453e+00,4.012776851654052734e+00,2.695434331893920898e+00,9.999997019767761230e-01,1.280090073123574257e-04,5.410852609202265739e-04,-5.917196394875645638e-04
9.867984652519226074e-01,4.014478206634521484e+00,5.331935882568359375e+00,9.999824762344360352e-01,-2.212961226177867502e-05,5.507783032953739166e-03,-2.167037921026349068e-03
3.919299602508544922e+00,5.631360530853271484e+00,2.155235290527343750e+00,9.999968409538269043e-01,-2.200286602601408958e-03,9.419455891475081444e-04,8.158365963026881218e-04
5.736762523651123047e+00,5.466207027435302734e+00,1.105583906173706055e+00,9.999973773956298828e-01,-7.847678498364984989e-04,-1.897760666906833649e-03,1.077843829989433289e-03
1.572254657745361328e+00,7.154774665832519531e+00,7.146866798400878906e+00,9.999985098838806152e-01,2.473888162057846785e-04,1.674499246291816235e-03,1.433712022844702005e-04
2.768670320510864258e+00,7.393490314483642578e+00,3.344889402389526367e+00,9.999957680702209473e-01,-7.898558978922665119e-04,2.538784872740507126e-03,-1.224323874339461327e-03
3.212306737899780273e+00,5.096739768981933594e+00,3.870916128158569336e+00,9.999998211860656738e-01,-4.287768388167023659e-04,4.177662485744804144e-04,-4.072122392244637012e-04
1.352781057357788086e-01,5.324347972869873047e+00,5.709547996520996094e+00,9.999971389770507812e-01,-1.526122068753466010e-04,2.320996718481183052e-03,-6.477630231529474258e-04
5.801215767860412598e-01,6.551531314849853516e+00,4.720399856567382812e+00,1.000000000000000000e+00,-7.198620733106508851e-05,-2.801601658575236797e-04,1.274217647733166814e-04
7.473309993743896484e+00,5.461450099945068359e+00,4.640245437622070312e+00,1.000000000000000000e+00,-2.489910402800887823e-04,7.079670467646792531e-05,-5.246313594398088753e-05
2.609495162963867188e+00,5.826790809631347656e+00,6.849902868270874023e-01,1.000000000000000000e+00,-7.435878796968609095e-05,4.065757966600358486e-04,-1.783088373485952616e-04
3.125398397445678711e+00,5.009543418884277344e+00,5.807939052581787109e+00,9.999997019767761230e-01,-2.030134201049804688e-04,-1.895512687042355537e-04,7.559452787972986698e-04
1.268526673316955566e+00,9.316154122352600098e-01,3.034086465835571289e+00,9.999681711196899414e-01,-3.560260403901338577e-03,3.306612372398376465e-03,-6.341510917991399765e-03
4.752523422241210938e+00,4.665988922119140625e+00,3.669607639312744141e+00,9.999978542327880859e-01,-1.875078771263360977e-03,-8.346098475158214569e-04,3.995280712842941284e-04
5.342926979064941406e+00,2.111954212188720703e+00,7.049979686737060547e+00,1.000000000000000000e+00,4.029954288853332400e-05,7.392895440716529265e-06,3.690129960887134075e-04
1.848542213439941406e+00,6.726517200469970703e+00,1.006092905998229980e+00,9.998769760131835938e-01,5.208523012697696686e-03,1.165068056434392929e-02,9.125898592174053192e-03
5.353771686553955078e+00,2.372888326644897461e+00,6.065544605255126953e+00,9.999993443489074707e-01,8.409600122831761837e-04,2.825585834216326475e-04,-8.392186136916279793e-04
7.208707809448242188e+00,2.779554128646850586e+00,2.728448390960693359e+00,9.999835491180419922e-01,2.034239005297422409e-03,4.226601682603359222e-03,3.301016520708799362e-03
5.693939685821533203e+00,1.651266515254974365e-01,6.323512077331542969e+00,9.999992847442626953e-01,1.042307121679186821e-03,5.402649985626339912e-04,-3.591399290598928928e-04
6.737294197082519531e+00,5.697659015655517578e+00,4.870418548583984375e+00,9.999998807907104492e-01,-6.013906095176935196e-04,5.663799674948677421e-05,5.432680336525663733e-05
1.107282757759094238e+00,4.353929996490478516e+00,3.956753253936767578e+00,9.999980330467224121e-01,6.539094028994441032e-04,-1.553802401758730412e-03,-1.097427564673125744e-03
5.094703674316406250e+00,6.495603561401367188e+00,5.867606639862060547e+00,9.999997615814208984e-01,-3.979160683229565620e-04,-3.356778470333665609e-04,5.519900587387382984e-04
1.524000406265258789e+00,5.782353401184082031e+00,4.716187477111816406e+00,1.000000000000000000e+00,-7.949768769321963191e-05,-1.052355510182678699e-04,1.527241693111136556e-04
1.087654829025268555e+00,7.457603931427001953e+00,6.515439987182617188e+00,9.999987483024597168e-01,1.014070119708776474e-03,-3.817479009740054607e-04,1.236052950844168663e-03
5.422614097595214844e+00,4.180518150329589844e+00,3.662669897079467773e+00,9.999997615814208984e-01,-3.895627451129257679e-04,-1.486060355091467500e-04,-6.905972259119153023e-04
9.347807168960571289e-01,6.490177154541015625e+00,4.104734420776367188e+00,9.999995827674865723e-01,9.401592542417347431e-04,-1.076467378879897296e-05,1.363261835649609566e-04
4.490577220916748047e+00,1.329088926315307617e+00,6.463045477867126465e-01,9.999516606330871582e-01,6.500784773379564285e-03,-6.451689172536134720e-03,-3.578594652935862541e-03
1.708666324615478516e+00,3.978137969970703125e+00,5.614844799041748047e+00,9.999724030494689941e-01,-4.492051899433135986e-03,-5.926646757870912552e-03,-5.155359394848346710e-05
7.454831600189208984e+00,3.565594911575317383e+00,6.691862583160400391e+00,9.999995231628417969e-01,7.629912579432129860e-04,5.888527957722544670e-04,-1.431191049050539732e-04
6.969522833824157715e-01,2.511978387832641602e+00,2.040935039520263672e+00,9.999265074729919434e-01,3.843217156827449799e-03,1.147848553955554962e-02,7.412435952574014664e-04
6.982914209365844727e-01,6.547708034515380859e+00,1.031363964080810547e+00,9.999998807907104492e-01,5.661531467922031879e-04,-2.727051323745399714e-04,7.904261292424052954e-05
4.312117099761962891e+00,3.883843660354614258e+00,1.864431858062744141e+00,9.999997615814208984e-01,-4.114827024750411510e-04,-6.405339227057993412e-04,5.671403778251260519e-05
3.647228002548217773e+00,4.435477733612060547e+00,6.608706474304199219e+00,9.999999403953552246e-01,-1.898794289445504546e-04,-2.546696341596543789e-04,-2.428522711852565408e-04
2.583420753479003906e+00,4.119535446166992188e+00,3.153210401535034180e+00,9.999983906745910645e-01,1.673940801993012428e-03,-5.313700530678033829e-04,-5.061698029749095440e-04
2.635979950428009033e-01,2.781272411346435547e+00,1.003280520439147949e+00,9.999994635581970215e-01,-1.060594106093049049e-03,-3.138244210276752710e-04,2.782065712381154299e-05
6.659301757812500000e+00,2.213288068771362305e+00,7.033940792083740234e+00,9.999997615814208984e-01,-7.521747029386460781e-04,2.023238084802869707e-05,1.244548184331506491e-04
2.660985469818115234e+00,1.751211881637573242e+00,6.825219392776489258e-01,9.999997615814208984e-01,7.607590523548424244e-04,1.767236972227692604e-05,8.726005034986883402e-05
4.638369560241699219e+00,9.270387887954711914e-01,2.478337287902832031e+00,9.999991059303283691e-01,-1.370899728499352932e-03,-3.774598371819593012e-05,-1.661348505876958370e-04
7.066295146942138672e+00,3.298429012298583984e+00,4.134291648864746094e+00,9.999994635581970215e-01,6.962943589314818382e-04,-5.515157245099544525e-04,-6.705163395963609219e-04
2.577052116394042969e+00,5.876688957214355469e+00,2.238609790802001953e+00,9.999980330467224121e-01,-1.693163649179041386e-03,2.210173697676509619e-04,1.065717544406652451e-03
5.233377456665039062e+00,6.889601230621337891e+00,1.478045463562011719e+00,9.999960660934448242e-01,7.311576046049594879e-04,1.006762380711734295e-03,2.542176283895969391e-03
6.407238960266113281e+00,6.945652008056640625e+00,2.889542579650878906e+00,9.999974966049194336e-01,-8.131416980177164078e-04,1.831577508710324764e-03,-1.010414911434054375e-03
1.165948510169982910e+00,5.682785034179687500e+00,5.419037818908691406e+00,1.000000000000000000e+00,-3.066752105951309204e-05,2.255541039630770683e-04,5.186688213143497705e-05
4.577765941619873047e+00,3.303462982177734375e+00,8.362957239151000977e-01,9.999994635581970215e-01,3.396991523914039135e-04,-7.938598864711821079e-04,6.028696079738438129e-04
2.742261588573455811e-01,2.296888351440429688e+00,5.645867824554443359e+00,9.999998211860656738e-01,8.284395880764350295e-05,-2.105229796143248677e-04,6.373887881636619568e-04
3.769247531890869141e+00,4.679222583770751953e+00,6.034061908721923828e+00,9.999993443489074707e-01,-8.964394219219684601e-04,-7.895071175880730152e-04,-5.850880552316084504e-05
2.808298349380493164e+00,1.813588619232177734e+00,1.166481971740722656e+00,9.999932646751403809e-01,6.235261680558323860e-04,1.172707066871225834e-03,-3.440686501562595367e-03
2.202825546264648438e+00,3.818144083023071289e+00,4.937863826751708984e+00,9.998784065246582031e-01,1.484387740492820740e-02,4.724376834928989410e-03,-8.360680658370256424e-04
7.151660919189453125e+00,1.257247567176818848e+00,5.151043415069580078e+00,9.999997019767761230e-01,3.172674269080744125e-06,-2.369732974329963326e-04,-8.390340954065322876e-04
2.061746358871459961e+00,5.981797695159912109e+00,6.611335754394531250e+00,9.999995827674865723e-01,-6.781954434700310230e-04,5.132045480422675610e-04,4.541637899819761515e-04
5.000035285949707031e+00,1.557590812444686890e-01,4.948939323425292969e+00,9.999992847442626953e-01,9.659608476795256138e-04,3.474412078503519297e-04,-6.771736661903560162e-04
6.065529346466064453e+00,5.884821414947509766e-01,3.920015573501586914e+00,9.999997615814208984e-01,-4.452301363926380873e-04,5.492654163390398026e-04,2.361423321417532861e-05
2.333496570587158203e+00,2.297239542007446289e+00,5.105362892150878906e+00,9.998950362205505371e-01,1.935193780809640884e-03,1.217464171350002289e-02,-7.618633564561605453e-03
4.238726139068603516e+00,4.536049365997314453e+00,5.133253574371337891e+00,9.999991655349731445e-01,1.187622314319014549e-03,2.443029661662876606e-04,6.046522175893187523e-04
1.160904616117477417e-01,1.643346905708312988e+00,2.524258852005004883e+00,9.999963641166687012e-01,2.301169093698263168e-03,-2.835143459378741682e-05,-1.441003754734992981e-03
5.752772331237792969e+00,6.578237056732177734e+00,6.104335784912109375e+00,9.999856948852539062e-01,-2.603542990982532501e-03,2.417802810668945312e-03,4.009316675364971161e-03
1.925897359848022461e+00,5.822849273681640625e+00,5.776696681976318359e+00,9.999999403953552246e-01,1.111428937292657793e-04,2.577761770226061344e-04,3.844479797407984734e-04
4.794625282287597656e+00,4.165681004524230957e-01,2.271482944488525391e+00,9.998859167098999023e-01,-7.422582246363162994e-03,1.310568396002054214e-02,1.112173194997012615e-03
1.908146262168884277e+00,3.222525119781494141e+00,1.187613368034362793e+00,9.999997019767761230e-01,8.317393803736194968e-05,-6.051057716831564903e-04,-6.396797252818942070e-04
3.530581235885620117e+00,6.368328571319580078e+00,5.496320247650146484e+00,9.999979138374328613e-01,6.392411305569112301e-04,-1.143607660196721554e-03,1.574464840814471245e-03
1.044983267784118652e+00,6.790212631225585938e+00,6.068596363067626953e+00,9.999836683273315430e-01,-2.046343171969056129e-03,5.333642940968275070e-03,2.352023875573650002e-04
2.250228881835937500e+00,4.968780517578125000e+00,6.407562732696533203e+00,9.999939799308776855e-01,2.647965913638472557e-03,-2.042304258793592453e-03,-9.758599335327744484e-04
7.100768089294433594e-01,1.353036642074584961e+00,7.311598777770996094e+00,9.999976158142089844e-01,-2.719432814046740532e-04,1.580311683937907219e-03,-1.517195021733641624e-03
5.370602607727050781e+00,3.219737529754638672e+00,2.340330362319946289e+00,9.999998211860656738e-01,1.402403722750023007e-04,6.553618004545569420e-04,-6.398032564902678132e-05
6.605875492095947266e+00,3.256182074546813965e-01,4.873711585998535156e+00,9.999986290931701660e-01,-6.885164184495806694e-04,-2.494291693437844515e-04,-1.520659774541854858e-03
2.640785574913024902e-01,1.971844285726547241e-01,1.524696350097656250e+00,9.999998807907104492e-01,-1.762075407896190882e-04,1.843799400376155972e-04,-4.558115906547755003e-04
2.020478725433349609e+00,3.604094982147216797e+00,4.400601387023925781e+00,9.999795556068420410e-01,5.647380603477358818e-04,6.178929936140775681e-03,-1.583346514962613583e-03
1.373999595642089844e+00,4.833090305328369141e+00,3.133648931980133057e-01,9.999990463256835938e-01,-1.220022561028599739e-03,6.356652011163532734e-04,2.925660228356719017e-04
5.652026176452636719e+00,3.126966953277587891e-01,3.919370651245117188e+00,9.999939203262329102e-01,1.159913954325020313e-03,2.694295020774006844e-03,1.879162620753049850e-03
4.054521560668945312e+00,6.048049926757812500e+00,4.484092712402343750e+00,9.999992847442626953e-01,7.238324615173041821e-04,-4.056951729580760002e-04,9.058271534740924835e-04
4.777388095855712891e+00,5.527364253997802734e+00,4.037711143493652344e+00,9.999997615814208984e-01,-2.459789975546300411e-04,5.448260344564914703e-04,-3.456404374446719885e-04
5.803844332695007324e-01,2.645836114883422852e+00,4.032330036163330078e+00,9.999994635581970215e-01,7.169946329668164253e-04,-5.125678726471960545e-04,6.774856010451912880e-04
1.733144283294677734e+00,5.490142345428466797e+00,3.949151277542114258e+00,1.000000000000000000e+00,-6.345381552819162607e-05,-2.892235352192074060e-04,2.070357732009142637e-05
1.198505386710166931e-01,5.455511093139648438e+00,3.595492362976074219e+00,9.999998807907104492e-01,-1.673989463597536087e-04,3.350174229126423597e-04,-3.834073722828179598e-04
2.455724716186523438e+00,5.891321182250976562e+00,6.732500076293945312e+00,9.999995827674865723e-01,-6.013480597175657749e-04,-5.346224061213433743e-04,-5.311391432769596577e-04
4.792512416839599609e+00,1.452793121337890625e+00,3.759039163589477539e+00,1.000000000000000000e+00,-1.627782621653750539e-04,-3.876581904478371143e-04,-2.006949762289877981e-05
1.176400423049926758e+00,4.568700790405273438e+00,6.541382789611816406e+00,9.999343156814575195e-01,-1.115259807556867599e-02,1.899496885016560555e-03,1.870418433099985123e-03
4.068133354187011719e+00,1.753526479005813599e-01,1.491434574127197266e+00,9.999961256980895996e-01,3.172362630721181631e-04,1.697860658168792725e-03,2.208908088505268097e-03
8.697593212127685547e-01,2.020317077636718750e+00,6.550829887390136719e+00,9.999997615814208984e-01,2.728132531046867371e-04,5.761042702943086624e-04,-4.155861388426274061e-04
1.094737529754638672e+00,3.810778141021728516e+00,2.230698823928833008e+00,9.999980926513671875e-01,-7.367596117546781898e-05,-1.961192348971962929e-03,-2.921207342296838760e-04
2.172576665878295898e+00,2.003667593002319336e+00,7.485557556152343750e+00,1.000000000000000000e+00,1.639562397031113505e-04,2.864464477170258760e-05,1.480718347011134028e-04
6.668076038360595703e+00,2.801327407360076904e-02,2.886879682540893555e+00,9.999995827674865723e-01,-6.385643246176186949e-06,-1.581298129167407751e-04,9.555835858918726444e-04
6.041634082794189453e+00,2.873508259654045105e-02,3.886042833328247070e+00,9.999995827674865723e-01,-5.108576151542365551e-04,4.526053089648485184e-04,-6.940785679034888744e-04
3.420192003250122070e+00,4.105097770690917969e+00,3.274350881576538086e+00,9.999992251396179199e-01,1.611713378224521875e-04,8.383000385947525501e-04,-9.020614670589566231e-04
5.271785736083984375e+00,2.633484840393066406e+00,5.011384487152099609e+00,9.999393224716186523e-01,1.027437299489974976e-02,-1.543490943731740117e-04,3.982238005846738815e-03
6.269592761993408203e+00,2.844973564147949219e+00,5.833324909210205078e+00,1.000000000000000000e+00,-3.611745196394622326e-04,1.257987460121512413e-04,1.379407476633787155e-04
4.547200679779052734e+00,4.952754497528076172e+00,9.030391573905944824e-01,9.999988675117492676e-01,-3.382329014129936695e-04,1.304997596889734268e-03,6.422639708034694195e-04
5.249523162841796875e+00,1.141365766525268555e+00,2.671869516372680664e+00,9.999999403953552246e-01,-4.641263512894511223e-04,-2.740372437983751297e-04,2.842914454959100112e-06
8.104758709669113159e-02,2.298633337020874023e+00,2.986118793487548828e+00,9.999992847442626953e-01,5.053652566857635975e-04,1.014392939396202564e-03,4.741811717394739389e-04
6.017398834228515625e+00,5.845980644226074219e+00,2.072864294052124023e+00,9.999999403953552246e-01,-2.256307343486696482e-04,1.666619791649281979e-04,-3.673984319902956486e-04
6.550314426422119141e+00,5.633335113525390625e+00,3.014771699905395508e+00,9.999284744262695312e-01,9.337780997157096863e-03,7.165549788624048233e-03,2.126882551237940788e-03
6.888148307800292969e+00,1.649055480957031250e+00,4.987101554870605469e+00,1.000000000000000000e+00,-2.674512325029354542e-05,4.272209116606973112e-05,-2.991349610965698957e-04
6.339641571044921875e+00,2.883392572402954102e-01,5.087995529174804688e+00,9.999908804893493652e-01,2.933686831966042519e-03,3.550680412445217371e-04,-3.091357881203293800e-03
2.145950555801391602e+00,3.381169319152832031e+00,4.979565143585205078e+00,9.999997615814208984e-01,-5.991314901621080935e-05,-2.581553999334573746e-04,-7.279512356035411358e-04
3.584488391876220703e+00,4.869987666606903076e-01,5.205852508544921875e+00,9.999992847442626953e-01,-6.946238572709262371e-04,7.019763579592108727e-04,-7.311637164093554020e-04
6.320377349853515625e+00,9.201263785362243652e-01,4.743854522705078125e+00,9.999994635581970215e-01,-8.052440243773162365e-04,6.874703103676438332e-04,-1.302264136029407382e-04
3.670947551727294922e-01,7.174919605255126953e+00,5.876071453094482422e-01,9.999984502792358398e-01,-5.026979488320648670e-04,-1.573349465616047382e-03,5.651501705870032310e-04
6.987309932708740234e+00,1.457678228616714478e-01,5.965283393859863281e+00,9.999985694885253906e-01,2.872083859983831644e-04,1.644735166337341070e-04,-1.695199171081185341e-03
2.395684957504272461e+00,6.922399044036865234e+00,6.275714874267578125e+00,9.998430609703063965e-01,9.753351099789142609e-03,8.983552455902099609e-03,-1.175524760037660599e-02
1.259643197059631348e+00,2.458221435546875000e+00,3.617841720581054688e+00,9.999982714653015137e-01,-5.544685991480946541e-04,-1.079393667168915272e-03,-1.455266261473298073e-03
3.757036626338958740e-01,6.463060975074768066e-01,6.155688285827636719e+00,9.999893903732299805e-01,2.277209190651774406e-03,3.649168414995074272e-03,-1.684037852101027966e-03
1.826003313064575195e+00,4.717096328735351562e+00,5.803437232971191406e+00,9.999989271163940430e-01,-3.239555517211556435e-04,-4.791770770680159330e-04,1.396302366629242897e-03
4.557909667491912842e-01,4.203917026519775391e+00,5.856208801269531250e+00,9.999958872795104980e-01,1.436363556422293186e-03,1.897917361930012703e-03,1.631127437576651573e-03
5.224711418151855469e+00,4.023725032806396484e+00,4.900551795959472656e+00,9.999985694885253906e-01,-3.999614273197948933e-04,-1.278392272070050240e-03,1.098170876502990723e-03
6.858718395233154297e+00,5.807603836059570312e+00,2.656638026237487793e-01,9.999990463256835938e-01,6.689715664833784103e-04,-2.720137126743793488e-04,-1.159300794824957848e-03
1.499567747116088867e+00,9.575886726379394531e-01,4.533546924591064453e+00,1.000000000000000000e+00,1.202858111355453730e-04,1.450933050364255905e-04,1.202241401188075542e-04
4.176190376281738281e+00,2.415836811065673828e+00,2.070775032043457031e+00,9.999269843101501465e-01,-3.304062644019722939e-03,-5.939112510532140732e-03,9.999323636293411255e-03
1.020386099815368652e+00,2.006904602050781250e+00,1.747743844985961914e+00,9.999986886978149414e-01,-1.298862393014132977e-03,1.277920673601329327e-04,-1.011175685562193394e-03
2.455899953842163086e+00,2.077546596527099609e+00,1.582742094993591309e+00,9.999986290931701660e-01,4.165340797044336796e-04,-4.418332246132194996e-04,-1.537511940114200115e-03
4.590352058410644531e+00,2.785035133361816406e+00,4.094501018524169922e+00,1.000000000000000000e+00,-3.309618114144541323e-05,1.908255653688684106e-04,3.350975748617202044e-04
2.306326150894165039e+00,1.186119556427001953e+00,3.430974245071411133e+00,9.999971389770507812e-01,1.711477059870958328e-03,-1.127820694819092751e-03,-1.284241327084600925e-03
1.045605063438415527e+00,5.038018703460693359e+00,1.937597692012786865e-01,9.999716877937316895e-01,-3.641734365373849869e-04,1.760109444148838520e-03,7.309314329177141190e-03
3.058490037918090820e+00,5.270261764526367188e+00,6.847109317779541016e+00,1.000000000000000000e+00,9.016614058054983616e-05,2.196516870753839612e-04,-2.822409442160278559e-04
6.846519947052001953e+00,6.768793106079101562e+00,4.380175590515136719e+00,9.999994039535522461e-01,6.857134285382926464e-04,-5.007794243283569813e-04,-7.858006283640861511e-04
6.755251884460449219e+00,7.297374010086059570e-01,5.442489147186279297e+00,9.999934434890747070e-01,-2.153100678697228432e-03,-2.875956939533352852e-03,3.750609757844358683e-04
4.315348148345947266e+00,3.486241698265075684e-01,2.863223552703857422e+00,9.999994635581970215e-01,-1.170966934296302497e-04,4.947080742567777634e-04,-9.655100875534117222e-04
1.212788224220275879e+00,1.390094518661499023e+00,6.852972984313964844e+00,9.999998807907104492e-01,4.583045665640383959e-04,9.899029828375205398e-05,-4.527205601334571838e-04
5.799959659576416016e+00,1.769695878028869629e-01,2.092190027236938477e+00,9.999997615814208984e-01,-5.496594239957630634e-04,4.648285103030502796e-04,-2.968702465295791626e-04
6.829908490180969238e-01,4.124974012374877930e-01,3.263538599014282227e+00,9.999999403953552246e-01,-3.272705653216689825e-04,4.930552313453517854e-05,-3.175513411406427622e-04
6.538431644439697266e+00,7.178596019744873047e+00,4.041968822479248047e+00,9.999998807907104492e-01,8.081953274086117744e-05,5.879458039999008179e-04,2.123769227182492614e-04
4.570119380950927734e+00,5.469587326049804688e+00,3.635246038436889648e+00,9.999997019767761230e-01,-6.710913730785250664e-04,4.372675903141498566e-04,-2.749609411694109440e-04
3.321954011917114258e+00,6.715182781219482422e+00,3.710144996643066406e+00,9.998474121093750000e-01,-6.023510824888944626e-03,4.618735052645206451e-03,1.573447696864604950e-02
6.250699043273925781e+00,6.818787097930908203e+00,7.147824168205261230e-01,9.999999403953552246e-01,-3.278725780546665192e-04,3.172671495121903718e-05,-2.976988034788519144e-04
8.608545660972595215e-01,2.928481578826904297e+00,5.805899620056152344e+00,9.999999403953552246e-01,-4.107842396479099989e-04,9.880743164103478193e-05,-2.945544256363064051e-04
5.677837848663330078e+00,4.851046085357666016e+00,1.514962077140808105e+00,9.999487996101379395e-01,-1.004982739686965942e-02,-8.819860522635281086e-04,8.400657097809016705e-04
8.570008277893066406e-01,3.101569652557373047e+00,5.155024528503417969e-01,9.999969601631164551e-01,1.120328903198242188e-03,-4.412811540532857180e-04,-2.177674788981676102e-03
4.029155254364013672e+00,3.002706289291381836e+00,3.731190264225006104e-01,9.999990463256835938e-01,-7.505419489461928606e-05,4.694215895142406225e-04,1.332350773736834526e-03
1.933309674263000488e+00,9.156024456024169922e-01,3.799689769744873047e+00,9.999999403953552246e-01,-2.020009123953059316e-04,2.401513629592955112e-04,-4.094225296285003424e-04
1.385236978530883789e+00,6.905182838439941406e+00,1.270804405212402344e+00,9.999935626983642578e-01,-6.197925540618598461e-05,3.589030355215072632e-03,2.920599945355206728e-04
4.014827251434326172e+00,6.853846549987792969e+00,6.391725540161132812e+00,9.999996423721313477e-01,-5.280933692120015621e-04,-6.447641644626855850e-04,1.606720907147973776e-04
3.092420339584350586e+00,1.573657512664794922e+00,1.836433172225952148e+00,9.999961256980895996e-01,-4.402746271807700396e-04,2.479575108736753464e-03,1.231794361956417561e-03
4.359523952007293701e-01,6.672770023345947266e+00,3.404299497604370117e+00,9.999991059303283691e-01,3.153401194140315056e-04,-1.136605627834796906e-03,6.789345061406493187e-04
2.034351110458374023e+00,2.201589345932006836e+00,6.974283695220947266e+00,1.000000000000000000e+00,-5.134709499543532729e-05,-6.511247192975133657e-05,-9.890312503557652235e-05
1.166336238384246826e-01,1.951166272163391113e+00,3.676353931427001953e+00,9.999989271163940430e-01,-9.510177769698202610e-04,-8.014165214262902737e-04,-7.809104281477630138e-04
6.719116687774658203e+00,7.060517311096191406e+00,6.678146839141845703e+00,9.999980926513671875e-01,9.983831550925970078e-04,-1.596896443516016006e-03,5.935523076914250851e-04
3.851297616958618164e+00,3.939995527267456055e+00,4.717996597290039062e+00,9.999999403953552246e-01,1.836347946664318442e-04,3.159534535370767117e-04,1.726477057673037052e-04
5.874644756317138672e+00,5.464528083801269531e+00,6.502164840698242188e+00,9.999998807907104492e-01,-4.925527027808129787e-04,6.535336433444172144e-05,-3.610978310462087393e-04
2.583100318908691406e+00,3.241789817810058594e+00,6.945689201354980469e+00,9.999996423721313477e-01,4.246481985319405794e-04,-5.801545339636504650e-04,-4.156242066528648138e-04
3.007829904556274414e+00,5.933550834655761719e+00,7.416458606719970703e+00,9.999998807907104492e-01,4.001628258265554905e-04,6.087397196097299457e-05,4.205007280688732862e-04
2.178118944168090820e+00,1.530086874961853027e+00,1.978378176689147949e+00,9.999327659606933594e-01,-9.962486103177070618e-03,-2.750068670138716698e-03,-5.270353984087705612e-03
5.045492649078369141e+00,6.682319164276123047e+00,3.525881052017211914e+00,9.999998807907104492e-01,4.008403338957577944e-04,-2.892952470574527979e-04,2.533972146920859814e-04
3.025264263153076172e+00,2.676569461822509766e+00,3.206328392028808594e+00,9.998290538787841797e-01,1.733091659843921661e-02,5.479457788169384003e-03,-3.414467908442020416e-03
5.739327907562255859e+00,6.525830745697021484e+00,4.213844299316406250e+00,9.999964833259582520e-01,2.417437499389052391e-03,1.032667583785951138e-03,-3.963251656387001276e-04
2.889237165451049805e+00,7.596678733825683594e-01,4.301538467407226562e+00,9.999887943267822266e-01,-1.999528380110859871e-03,4.154298454523086548e-03,1.120328321121633053e-03
5.165031909942626953e+00,5.225933551788330078e+00,2.173785209655761719e+00,9.999997615814208984e-01,-3.884246980305761099e-04,-6.169197149574756622e-04,2.697724848985671997e-04
4.695895671844482422e+00,1.850025057792663574e+00,5.328719615936279297e+00,9.999998211860656738e-01,2.889170718844980001e-04,-5.955683882348239422e-04,-4.213010106468573213e-05
6.156772002577781677e-02,6.591768741607666016e+00,2.154812663793563843e-01,9.999999403953552246e-01,-4.542031674645841122e-04,-1.832505404308903962e-05,-7.114717300282791257e-05
4.960660457611083984e+00,3.252096846699714661e-02,2.252981662750244141e+00,9.999970793724060059e-01,1.705958158709108829e-03,1.676439074799418449e-03,-4.170779138803482056e-04
2.344273805618286133e+00,5.751830101013183594e+00,4.890067577362060547e-01,9.999999403953552246e-01,6.489148654509335756e-05,3.893235698342323303e-04,-3.410468052607029676e-04
7.163952350616455078e+00,7.460753917694091797e+00,8.728919625282287598e-01,9.997551441192626953e-01,-7.387900725007057190e-03,1.278910413384437561e-02,1.647920347750186920e-02
7.107772350311279297e+00,1.657415986061096191e+00,6.620992422103881836e-01,9.999998807907104492e-01,-5.226574139669537544e-04,-3.851657675113528967e-04,-9.042919555213302374e-05
5.379584312438964844e+00,2.219667434692382812e+00,1.489579558372497559e+00,9.999995231628417969e-01,3.417618281673640013e-04,-4.373753035906702280e-04,-7.744121248833835125e-04
3.300017490983009338e-02,3.232286078855395317e-03,6.022854328155517578e+00,9.999997615814208984e-01,-3.531180263962596655e-04,3.352254279889166355e-04,-5.484012654051184654e-04
7.102214336395263672e+00,6.474751949310302734e+00,5.110673427581787109e+00,9.999963045120239258e-01,-4.684925079345703125e-04,2.648175694048404694e-03,-5.421918467618525028e-04
3.905684709548950195e+00,4.180313587188720703e+00,6.988452911376953125e+00,9.999986886978149414e-01,1.296256901696324348e-03,-2.041969564743340015e-04,1.020891708321869373e-03
3.689025878906250000e+00,6.417510509490966797e+00,3.323503732681274414e+00,9.999990463256835938e-01,-8.919216343201696873e-04,4.610309842973947525e-04,-9.800674160942435265e-04
6.656154632568359375e+00,2.414288222789764404e-01,6.575090885162353516e+00,9.999998211860656738e-01,6.808300386182963848e-04,-1.085693584172986448e-04,-1.323680771747604012e-04
7.110380649566650391e+00,4.768138408660888672e+00,9.028540849685668945e-01,9.999650716781616211e-01,4.928847309201955795e-03,-7.190447067841887474e-04,6.716165691614151001e-03
2.616371870040893555e+00,2.252071619033813477e+00,1.916136741638183594e+00,9.999985098838806152e-01,-1.874150912044569850e-04,-9.932069951901212335e-05,1.755605801008641720e-03
3.410067081451416016e+00,5.399604797363281250e+00,3.788310766220092773e+00,1.000000000000000000e+00,-2.713325557124335319e-06,3.840206773020327091e-04,-8.896552026271820068e-05
4.571352005004882812e+00,3.231404542922973633e+00,1.541316211223602295e-01,9.999177455902099609e-01,1.586810336448252201e-03,-1.193404849618673325e-02,4.428866319358348846e-03
4.705021381378173828e+00,3.830983340740203857e-01,1.966575741767883301e+00,9.998645782470703125e-01,-7.777657825499773026e-03,1.449095550924539566e-02,6.192379514686763287e-04
4.805840551853179932e-01,7.534481287002563477e-01,5.288968563079833984e+00,9.999995231628417969e-01,5.537581746466457844e-04,2.164162433473393321e-04,-8.210759842768311501e-04
4.031589031219482422e+00,2.016291141510009766e+00,4.425424575805664062e+00,1.000000000000000000e+00,2.590631193015724421e-04,-8.518323738826438785e-06,-2.525543677620589733e-04
7.388288497924804688e+00,2.504417300224304199e-01,2.952547311782836914e+00,1.000000000000000000e+00,-1.358964655082672834e-04,-2.150464279111474752e-04,9.798364771995693445e-05
6.080550193786621094e+00,3.823365688323974609e+00,5.518265366554260254e-01,9.999955296516418457e-01,-4.213049032841809094e-05,-2.860709792003035545e-03,-9.369403705932199955e-04
7.425808906555175781e+00,1.038535594940185547e+00,1.352931499481201172e+00,9.999986886978149414e-01,2.795509935822337866e-04,-1.105398987419903278e-03,-1.211711321957409382e-03
5.407028198242187500e-01,5.803675055503845215e-01,4.197796344757080078e+00,1.000000000000000000e+00,1.388005039189010859e-04,2.774202730506658554e-04,-5.723431240767240524e-05
2.682947218418121338e-01,2.701366662979125977e+00,2.977610349655151367e+00,9.999942779541015625e-01,-2.573516685515642166e-03,2.146622631698846817e-03,5.917234811931848526e-04
5.790083885192871094e+00,2.109449148178100586e+00,6.746182441711425781e+00,9.999992251396179199e-01,2.984803577419370413e-04,1.069817342795431614e-03,5.678637535311281681e-04
2.521213293075561523e+00,1.454738855361938477e+00,4.592063903808593750e+00,9.999975562095642090e-01,-2.086135558784008026e-03,-4.553660983219742775e-04,-6.703527178615331650e-04
3.797212541103363037e-01,4.746567249298095703e+00,3.350687265396118164e+00,9.999969601631164551e-01,-4.187605227343738079e-04,2.215700689703226089e-03,1.034650718793272972e-03
6.536026477813720703e+00,6.997463226318359375e+00,2.106348037719726562e+00,9.999892711639404297e-01,3.045063233003020287e-03,2.833831356838345528e-03,2.023071749135851860e-03
4.699860572814941406e+00,7.138335227966308594e+00,4.984529495239257812e+00,9.999994635581970215e-01,7.766652852296829224e-04,4.163082921877503395e-04,6.661049555987119675e-04
1.656919121742248535e-01,2.959372758865356445e+00,3.593814134597778320e+00,9.999974370002746582e-01,6.696501513943076134e-04,-7.880330085754394531e-04,2.005694899708032608e-03
1.311059832572937012e+00,7.308134078979492188e+00,6.187799453735351562e+00,9.999849200248718262e-01,4.619339946657419205e-03,2.818964654579758644e-03,-1.000501913949847221e-03
5.628145694732666016e+00,5.449738979339599609e+00,3.962866067886352539e+00,9.999977350234985352e-01,-1.135001075454056263e-03,1.427649171091616154e-03,1.161445747129619122e-03
6.573163032531738281e+00,4.688449859619140625e+00,9.534304589033126831e-02,9.999999403953552246e-01,4.992652684450149536e-04,1.587775332154706120e-04,-2.207966172136366367e-04
1.877824366092681885e-01,3.952240943908691406e+00,1.599868178367614746e+00,1.000000000000000000e+00,-1.966401468962430954e-04,1.179842802230268717e-04,-2.248303790111094713e-04
6.307760238647460938e+00,3.463821411132812500e+00,2.059981822967529297e+00,1.000000000000000000e+00,-2.098359800584148616e-06,-3.965086070820689201e-04,1.061578223016113043e-05
3.288341283798217773e+00,3.930313825607299805e+00,6.956309825181961060e-02,9.999999403953552246e-01,2.497246314305812120e-04,-2.696166338864713907e-04,-2.760213683359324932e-04
5.649365425109863281e+00,3.524779081344604492e+00,6.632383346557617188e+00,1.000000000000000000e+00,3.730762909981422126e-05,-6.211856089066714048e-05,1.492672745371237397e-04
2.667872190475463867e+00,1.803663492202758789e+00,4.152715206146240234e+00,9.999751448631286621e-01,4.165061283856630325e-03,-5.688504315912723541e-03,-7.612408808199688792e-05
2.137289285659790039e+00,2.505059480667114258e+00,4.402050495147705078e+00,9.999724626541137695e-01,5.073988810181617737e-03,2.904519438743591309e-03,4.578357096761465073e-03
1.609196186065673828e+00,2.399138450622558594e+00,3.972443819046020508e+00,9.999988675117492676e-01,1.062513561919331551e-03,-3.711657482199370861e-04,-1.069734687916934490e-03
3.229830265045166016e+00,1.944371700286865234e+00,4.776749134063720703e+00,9.999996423721313477e-01,8.221598691307008266e-04,-3.264231490902602673e-04,1.865115700638853014e-05
1.658417701721191406e+00,1.699752688407897949e+00,4.577732563018798828e+00,9.996236562728881836e-01,-2.145630307495594025e-02,1.381958182901144028e-02,1.006441749632358551e-02
7.285415172576904297e+00,6.978952407836914062e+00,4.983133316040039062e+00,9.999998807907104492e-01,5.420088418759405613e-04,2.473943095537833869e-05,-6.933030090294778347e-05
4.478888034820556641e+00,4.938611984252929688e+00,6.352467060089111328e+00,9.999983906745910645e-01,-1.708330935798585415e-03,4.255210806149989367e-04,4.831244586966931820e-04
6.637355327606201172e+00,6.153047561645507812e+00,7.227013111114501953e+00,9.999552369117736816e-01,-4.323836416006088257e-03,2.112552756443619728e-03,8.148203603923320770e-03
1.485892176628112793e+00,6.064315319061279297e+00,6.805502891540527344e+00,1.000000000000000000e+00,5.772810982307419181e-05,1.364307827316224575e-04,3.100322501268237829e-04
2.745079100131988525e-01,5.378262042999267578e+00,4.469586014747619629e-01,9.999958276748657227e-01,2.829406410455703735e-03,1.177477543023996986e-06,-6.877757259644567966e-04
6.489154338836669922e+00,9.414965510368347168e-01,5.216052532196044922e+00,9.999999403953552246e-01,6.636399484705179930e-05,1.452848300687037408e-05,-4.876951279584318399e-04
3.262295961380004883e+00,1.396016180515289307e-01,3.639339923858642578e+00,9.999989867210388184e-01,1.439620042219758034e-03,-1.129445445258170366e-04,-1.655783125897869468e-04
7.232887268066406250e+00,4.509301185607910156e+00,1.501413464546203613e+00,9.999982118606567383e-01,-4.129744484089314938e-04,-4.589784948620945215e-04,1.825479324907064438e-03
5.118877887725830078e+00,3.770900487899780273e+00,2.478079348802566528e-01,9.999929666519165039e-01,-1.289186300709843636e-03,3.540064906701445580e-03,8.998807606985792518e-05
3.450108528137207031e+00,3.882648468017578125e+00,5.828550815582275391e+00,1.000000000000000000e+00,4.121137408219510689e-06,-2.331725409021601081e-04,2.641624596435576677e-04
7.429293155670166016e+00,1.021817564964294434e+00,6.613023757934570312e+00,9.999963641166687012e-01,1.459781313315033913e-03,1.975646009668707848e-03,-1.192377530969679356e-03
6.782627105712890625e+00,2.645208358764648438e+00,2.030500411987304688e+00,1.000000000000000000e+00,-9.886235056910663843e-05,2.389727305853739381e-04,4.108851426281034946e-04
5.429275512695312500e+00,2.847530364990234375e+00,6.127842426300048828e+00,9.999998807907104492e-01,1.575438946019858122e-04,2.472188207320868969e-04,-4.803945485036820173e-04
7.332990169525146484e+00,5.012229919433593750e+00,2.295754671096801758e+00,9.999974370002746582e-01,-8.493346394971013069e-04,1.943279057741165161e-03,-8.086957386694848537e-04
3.281047105789184570e+00,6.434545516967773438e+00,4.396779060363769531e+00,9.999376535415649414e-01,2.764905337244272232e-03,1.063977833837270737e-02,1.959406770765781403e-03
5.998307228088378906e+00,4.362598419189453125e+00,4.467372417449951172e+00,9.999998807907104492e-01,6.887892232043668628e-05,8.070893090916797519e-05,-5.512519855983555317e-04
7.449003696441650391e+00,5.058421492576599121e-01,5.663240909576416016e+00,9.999875426292419434e-01,1.795739168301224709e-03,4.643094260245561600e-03,2.369006979279220104e-04
3.958258152008056641e+00,6.025448322296142578e+00,5.223133087158203125e+00,9.999985098838806152e-01,1.081643160432577133e-03,1.401336980052292347e-03,8.466466533718630672e-05
5.126515865325927734e+00,3.883505821228027344e+00,1.248677730560302734e+00,9.999981522560119629e-01,-1.984082045964896679e-04,1.755199278704822063e-03,-8.125813910737633705e-04
6.413305550813674927e-02,3.027086734771728516e+00,2.175574779510498047e+00,9.999974966049194336e-01,1.404330483637750149e-03,-8.841676753945648670e-04,-1.539318938739597797e-03
2.635255575180053711e+00,2.898198366165161133e+00,2.650022506713867188e+00,9.999952316284179688e-01,1.504700281657278538e-03,1.561083947308361530e-03,-2.185821067541837692e-03
1.157438158988952637e+00,5.075119495391845703e+00,1.936328172683715820e+00,9.999989867210388184e-01,-5.102308568893931806e-05,1.204472268000245094e-03,8.762936922721564770e-04
1.360592395067214966e-01,4.988851547241210938e+00,4.892853736877441406e+00,9.999995827674865723e-01,-9.497983846813440323e-04,-8.825474651530385017e-05,-1.975144987227395177e-04
4.131252765655517578e+00,4.140245914459228516e+00,3.363343954086303711e+00,9.998671412467956543e-01,1.137480512261390686e-02,-1.133388280868530273e-02,-2.806972479447722435e-03
3.980722650885581970e-02,3.614687442779541016e+00,5.678668022155761719e+00,9.999994635581970215e-01,-3.919815062545239925e-04,-1.050197868607938290e-03,-8.092774805845692754e-06
9.956467151641845703e-01,6.605540752410888672e+00,6.875567436218261719e+00,9.999881982803344727e-01,3.960113041102886200e-03,2.817710395902395248e-03,-2.504262665752321482e-04
4.737796783447265625e+00,2.910767316818237305e+00,4.165626168251037598e-01,9.999986290931701660e-01,1.460043480619788170e-03,7.560182129964232445e-04,-3.197578771505504847e-04
6.855393886566162109e+00,3.683463633060455322e-01,5.519040107727050781e+00,9.999985694885253906e-01,-8.972401265054941177e-04,-5.640249582938849926e-04,1.350503764115273952e-03
1.866079494357109070e-02,1.688239455223083496e+00,3.856957197189331055e+00,9.999988675117492676e-01,-1.245583523996174335e-03,5.421514506451785564e-04,7.429396500810980797e-04
3.575548171997070312e+00,4.919569015502929688e+00,5.299010753631591797e+00,9.999442696571350098e-01,-7.782946340739727020e-03,-4.020913504064083099e-03,5.890822038054466248e-03
2.857770681381225586e+00,4.645904600620269775e-01,3.373547792434692383e+00,9.999989271163940430e-01,-9.323164704255759716e-05,-4.770235973410308361e-04,1.425710041075944901e-03
4.442536830902099609e+00,5.231568813323974609e+00,2.843375205993652344e+00,9.999981522560119629e-01,7.105588447302579880e-04,1.228858134709298611e-03,1.329051097854971886e-03
5.654619693756103516e+00,8.754050135612487793e-01,2.023484945297241211e+00,1.000000000000000000e+00,9.951140236807987094e-05,-5.689576573786325753e-05,-2.208800142398104072e-04
5.281704425811767578e+00,6.700291633605957031e+00,1.170145392417907715e+00,9.999919533729553223e-01,3.221213584765791893e-03,2.404225291684269905e-03,8.490551977047289256e-07
2.319993674755096436e-01,3.550828456878662109e+00,1.166184663772583008e+00,9.999995827674865723e-01,-3.089722304139286280e-05,-7.546280976384878159e-04,-6.216296460479497910e-04
6.212193489074707031e+00,2.013041257858276367e+00,5.682759284973144531e+00,1.000000000000000000e+00,1.338985894108191133e-04,4.888609328190796077e-05,-3.947002551285549998e-05
3.515733480453491211e+00,2.491862535476684570e+00,2.732734203338623047e+00,9.999991059303283691e-01,7.380587630905210972e-04,-1.066135591827332973e-03,-3.315197245683521032e-04
3.622935771942138672e+00,2.939372301101684570e+00,2.175943374633789062e+00,9.999927878379821777e-01,-7.743526948615908623e-04,-3.633796935901045799e-03,8.639818988740444183e-04
4.953672409057617188e+00,4.458003997802734375e+00,1.345278739929199219e+00,9.999992251396179199e-01,-2.997543197125196457e-04,1.242598867975175381e-03,-1.545791747048497200e-04
1.014400482177734375e+00,2.096441984176635742e+00,1.160098433494567871e+00,9.999965429306030273e-01,2.701052871998399496e-04,-5.830218433402478695e-04,2.573425183072686195e-03
2.949734210968017578e+00,3.500052213668823242e+00,5.148299694061279297e+00,9.999912381172180176e-01,2.562762703746557236e-03,3.093786304816603661e-03,1.226312713697552681e-03
1.366316795349121094e+00,5.004114627838134766e+00,4.191229820251464844e+00,9.999989867210388184e-01,-4.547915887087583542e-04,-1.158886821940541267e-03,6.441448349505662918e-04
4.173579692840576172e+00,1.206905007362365723e+00,8.483850359916687012e-01,9.999969601631164551e-01,2.411731984466314316e-04,-2.076365984976291656e-03,-1.325096236541867256e-03
6.681787490844726562e+00,5.037814617156982422e+00,1.425765395164489746e+00,9.999969601631164551e-01,2.641915925778448582e-04,1.224759267643094063e-03,-2.151059452444314957e-03
7.349812030792236328e+00,1.458545565605163574e+00,5.961487770080566406e+00,1.000000000000000000e+00,6.625131209148094058e-05,1.517422788310796022e-04,-2.023352571995928884e-04
1.184792160987854004e+00,3.928715467453002930e+00,2.636744976043701172e+00,9.999983310699462891e-01,1.194769629364600405e-05,-1.800222788006067276e-03,-4.622582928277552128e-04
6.955290317535400391e+00,2.734389781951904297e+00,1.198597908020019531e+00,1.000000000000000000e+00,-1.480898354202508926e-04,-1.198947284137830138e-04,-2.481017509126104414e-05
5.547757148742675781e+00,2.237878561019897461e+00,9.554623365402221680e-01,9.998438358306884766e-01,1.385289523750543594e-02,6.093247793614864349e-03,-9.131091646850109100e-03
1.601402640342712402e+00,1.078398346900939941e+00,4.182452201843261719e+00,9.999946355819702148e-01,2.949852263554930687e-03,-5.592548404820263386e-04,1.324827433563768864e-03
6.258078575134277344e+00,9.547553658485412598e-01,4.109140396118164062e+00,9.999981522560119629e-01,-1.198981190100312233e-03,-1.440344727598130703e-03,-5.740639753639698029e-04
3.939131498336791992e+00,4.826449871063232422e+00,1.245241165161132812e+00,9.999786615371704102e-01,6.398825789801776409e-04,-1.706890761852264404e-03,6.271841004490852356e-03
2.080057621002197266e+00,3.412572622299194336e+00,1.869159102439880371e+00,9.999994039535522461e-01,-6.987660308368504047e-04,-1.280850392504362389e-05,-9.108178783208131790e-04
1.562456716783344746e-03,6.457489013671875000e+00,1.168359518051147461e+00,1.000000000000000000e+00,4.143509140703827143e-04,-6.167521860334090889e-06,-2.434514681226573884e-05
6.545649051666259766e+00,4.557998657226562500e+00,2.850577116012573242e+00,1.000000000000000000e+00,1.297917879128362983e-05,-4.389344394439831376e-05,-1.104561379179358482e-04
1.875044941902160645e+00,1.464020729064941406e+00,3.597187995910644531e+00,9.999997019767761230e-01,-3.311132604721933603e-04,-4.573337791953235865e-04,-4.728856438305228949e-04
5.512940883636474609e+00,1.670041084289550781e+00,2.444195270538330078e+00,9.999998807907104492e-01,4.120199009776115417e-04,-2.501195995137095451e-04,1.328228681813925505e-04
2.269192457199096680e+00,3.261728525161743164e+00,9.583289623260498047e-01,9.999855160713195801e-01,-4.669196438044309616e-03,-2.086073393002152443e-03,1.711790449917316437e-03
6.081525802612304688e+00,4.870903491973876953e+00,5.915218830108642578e+00,1.000000000000000000e+00,3.351302075316198170e-05,-2.482130366843193769e-05,1.383662893204018474e-04
2.185301303863525391e+00,2.826608896255493164e+00,4.795546531677246094e+00,9.999995827674865723e-01,-5.373397143557667732e-04,7.141647511161863804e-04,-1.492868341301800683e-05
5.347020626068115234e+00,3.839061737060546875e+00,4.976486861705780029e-01,9.999675750732421875e-01,1.007297774776816368e-03,-7.950430735945701599e-03,8.569066412746906281e-04
1.422903180122375488e+00,3.815953254699707031e+00,6.981982231140136719e+00,9.999994635581970215e-01,-7.060421921778470278e-05,-1.832271373132243752e-04,1.047700759954750538e-03
4.831984043121337891e+00,1.640380263328552246e+00,2.864036083221435547e+00,9.999999403953552246e-01,2.448981103952974081e-04,2.724960504565387964e-04,-2.026062575168907642e-04
2.856596469879150391e+00,2.504151821136474609e+00,6.058141708374023438e+00,9.999352097511291504e-01,5.597618874162435532e-03,6.578696426004171371e-03,7.412549108266830444e-03
2.309179067611694336e+00,5.419989109039306641e+00,5.254918575286865234e+00,9.999826550483703613e-01,-3.702105022966861725e-04,-2.314289566129446030e-03,-5.414928775280714035e-03
6.702424049377441406e+00,4.789503097534179688e+00,7.057681083679199219e+00,9.999999403953552246e-01,2.618471626192331314e-04,2.885459689423441887e-04,4.423793507157824934e-05
4.391864299774169922e+00,3.968096375465393066e-01,5.993841648101806641e+00,1.000000000000000000e+00,1.934106330736540258e-05,-2.960265264846384525e-04,1.249227061634883285e-04
2.163480520248413086e+00,3.181954622268676758e+00,3.100698709487915039e+00,9.999998807907104492e-01,4.539687652140855789e-04,2.469099417794495821e-04,-1.601128897164016962e-04
6.687857151031494141e+00,7.126574993133544922e+00,3.043319463729858398e+00,9.999737143516540527e-01,-3.812507260590791702e-03,-5.732533987611532211e-03,-2.291306154802441597e-03
1.094179630279541016e+00,4.405951976776123047e+00,7.120037078857421875e-01,9.999997019767761230e-01,-4.959093057550489902e-04,6.935763667570427060e-05,6.654972676187753677e-04
2.444922208786010742e+00,1.446883797645568848e+00,5.191011428833007812e+00,9.999996423721313477e-01,-6.029853830114006996e-05,-3.182372893206775188e-04,-8.170128567144274712e-04
8.211997747421264648e-01,1.500499397516250610e-01,7.405378341674804688e+00,9.999994635581970215e-01,-4.314341058488935232e-04,1.100918016163632274e-04,1.009227242320775986e-03
3.267797946929931641e+00,4.595510661602020264e-01,3.777934312820434570e+00,9.999992847442626953e-01,-5.285383667796850204e-04,-9.455386898480355740e-04,4.990299348719418049e-04
4.486598491668701172e+00,1.534618735313415527e+00,1.049957990646362305e+00,9.999934434890747070e-01,-3.377743065357208252e-03,-1.019229312078095973e-04,-1.364624360576272011e-03
1.076682806015014648e+00,2.516081035137176514e-01,2.003248453140258789e+00,1.000000000000000000e+00,-1.779838203219696879e-05,8.173912647180259228e-05,-1.117399806389585137e-04
3.599229574203491211e+00,6.419755518436431885e-02,3.130792379379272461e+00,1.000000000000000000e+00,-4.215235458104871213e-05,1.926455734064802527e-04,1.464832312194630504e-04
3.937618017196655273e+00,6.822170615196228027e-01,5.825561523437500000e+00,9.999998807907104492e-01,1.047327823471277952e-04,-5.408749566413462162e-04,-2.817815402522683144e-04
5.231397628784179688e+00,4.624109268188476562e+00,3.867539882659912109e+00,9.999991059303283691e-01,-1.229917630553245544e-03,-1.591950785950757563e-05,6.214541499502956867e-04
6.258446216583251953e+00,2.858606338500976562e+00,7.233774662017822266e+00,9.999682307243347168e-01,6.474845577031373978e-04,-7.206963840872049332e-03,3.354027168825268745e-03
4.380487442016601562e+00,6.286286354064941406e+00,3.552772283554077148e+00,1.000000000000000000e+00,-1.117109932238236070e-04,2.124101156368851662e-04,-1.982285357371438295e-05
5.400501728057861328e+00,3.772971034049987793e-01,4.783367514610290527e-01,9.999989271163940430e-01,3.012860834132879972e-04,-7.264226442202925682e-04,1.283840509131550789e-03
5.255862712860107422e+00,6.860214233398437500e+00,6.130305767059326172e+00,9.999992847442626953e-01,-1.151354168541729450e-03,3.079525195062160492e-04,1.593025663169100881e-04
1.650712251663208008e+00,9.400619864463806152e-01,2.141211032867431641e+00,9.999998807907104492e-01,2.997953852172940969e-04,-2.752621367108076811e-04,4.527437849901616573e-04
1.266992092132568359e+00,3.445622444152832031e+00,6.762182712554931641e-01,9.998747706413269043e-01,-1.522172335535287857e-02,3.960077185183763504e-03,1.805618172511458397e-03
5.201770305633544922e+00,3.415077924728393555e+00,3.812268018722534180e+00,9.999999403953552246e-01,5.020734970457851887e-04,8.647775393910706043e-05,-9.250251605408266187e-05
2.480942964553833008e+00,7.766091823577880859e-02,7.147006988525390625e+00,9.997960925102233887e-01,-1.396670751273632050e-02,7.462665438652038574e-03,1.253040507435798645e-02
1.009170174598693848e+00,5.513376712799072266e+00,5.782495975494384766e+00,9.999997019767761230e-01,-2.727073733694851398e-04,2.794238680507987738e-04,-7.362795295193791389e-04
1.707119703292846680e+00,5.344371318817138672e+00,7.143237113952636719e+00,9.999994039535522461e-01,-7.856047595851123333e-04,-8.053826168179512024e-04,-5.685434371116571128e-05
3.475261926651000977e-01,6.998885154724121094e+00,4.439539909362792969e+00,9.999999403953552246e-01,3.786855086218565702e-04,1.848805914050899446e-05,2.659272577147930861e-04
2.089259862899780273e+00,6.422977924346923828e+00,3.029588222503662109e+00,9.999993443489074707e-01,-1.748262002365663648e-04,-1.139912637881934643e-03,-3.047437348868697882e-04
1.842887997627258301e+00,5.405572414398193359e+00,2.181845426559448242e+00,9.999992251396179199e-01,-1.056673820130527020e-03,-6.328106392174959183e-04,-1.181285915663465858e-04
2.420845746994018555e+00,5.302131652832031250e+00,6.879908561706542969e+00,1.000000000000000000e+00,1.068469646270386875e-04,-2.147628583770710975e-05,2.213094740000087768e-05
4.394967079162597656e+00,2.309469223022460938e+00,5.073187351226806641e+00,9.999998211860656738e-01,-3.408241173019632697e-05,-5.965258460491895676e-04,-2.736850583460181952e-04
5.507101058959960938e+00,1.979069590568542480e+00,4.166030511260032654e-02,9.999998807907104492e-01,4.136670613661408424e-04,-3.742136177606880665e-04,2.880531828850507736e-04
3.411739170551300049e-01,6.862911701202392578e+00,2.403270721435546875e+00,1.000000000000000000e+00,1.469194394303485751e-04,1.523970877315150574e-05,-1.584927958901971579e-04
5.466991901397705078e+00,5.035282969474792480e-01,2.353522062301635742e+00,9.999998807907104492e-01,-1.870460400823503733e-04,5.405208794400095940e-04,-1.178145248559303582e-04
7.652782797813415527e-01,5.134566783905029297e+00,1.933242917060852051e+00,9.999048113822937012e-01,-8.928854018449783325e-03,-3.594492096453905106e-03,9.885803796350955963e-03
4.335896015167236328e+00,6.407209396362304688e+00,1.718352079391479492e+00,1.000000000000000000e+00,-1.209180118166841567e-04,-1.546789426356554031e-04,1.060573777067475021e-04
2.757104873657226562e+00,2.114977836608886719e+00,5.779429435729980469e+00,9.999920725822448730e-01,2.906188834458589554e-03,-2.693284768611192703e-03,-3.307682345621287823e-04
8.645777106285095215e-01,2.087393045425415039e+00,2.317009493708610535e-02,9.999995231628417969e-01,-1.826412772061303258e-04,-5.919260438531637192e-04,-8.298880420625209808e-04
1.822869658470153809e+00,3.563282728195190430e+00,2.253225088119506836e+00,9.999997019767761230e-01,-3.176860627718269825e-04,-4.977948265150189400e-04,-5.726912640966475010e-04
6.028198719024658203e+00,6.282444000244140625e+00,5.212104320526123047e+00,1.000000000000000000e+00,-2.369242429267615080e-04,2.348046255065128207e-04,-1.365997159155085683e-04
2.353567838668823242e+00,5.441066741943359375e+00,4.752492427825927734e+00,9.999992847442626953e-01,-1.158452010713517666e-03,-3.529607201926410198e-04,3.623483935371041298e-04
6.843881607055664062e-01,4.958083629608154297e+00,5.016129970550537109e+00,9.999977946281433105e-01,-8.676269790157675743e-04,-1.598792499862611294e-03,-1.055814325809478760e-03
5.605343341827392578e+00,6.332396030426025391e+00,1.545053958892822266e+00,9.999995231628417969e-01,5.793191376142203808e-04,-6.239997455850243568e-04,-5.396340275183320045e-04
4.450007438659667969e+00,7.433087825775146484e+00,2.645068645477294922e+00,9.999102354049682617e-01,-8.548783138394355774e-03,4.222007468342781067e-03,9.411398321390151978e-03
2.414905071258544922e+00,3.771435976028442383e+00,6.274487495422363281e+00,9.999847412109375000e-01,-1.961352769285440445e-03,-5.136073101311922073e-03,5.046779988333582878e-04
2.612997293472290039e-01,3.359053611755371094e+00,3.323932647705078125e+00,9.999991655349731445e-01,3.743066190509125590e-05,-1.182585605420172215e-03,5.379365757107734680e-04
4.208250045776367188e+00,6.064567565917968750e+00,3.268421411514282227e+00,9.999998807907104492e-01,-4.584850394167006016e-04,2.565501490607857704e-04,1.138479055953212082e-04
4.695881843566894531e+00,1.800319671630859375e+00,1.696793675422668457e+00,9.999606013298034668e-01,6.369710317812860012e-04,6.718840450048446655e-04,8.836936205625534058e-03
4.927712440490722656e+00,4.454866886138916016e+00,2.726389169692993164e+00,9.999997615814208984e-01,-7.229429902508854866e-04,1.624152209842577577e-04,-3.069117665290832520e-04
6.322785377502441406e+00,6.877072334289550781e+00,7.093187808990478516e+00,9.998990893363952637e-01,1.261418033391237259e-02,6.296703591942787170e-03,-1.756086945533752441e-03
6.010038375854492188e+00,5.599261760711669922e+00,4.291787624359130859e+00,9.999998807907104492e-01,-2.536428510211408138e-04,-9.978471643989905715e-05,-5.365148535929620266e-04
3.800900220870971680e+00,1.311019062995910645e-01,6.220655918121337891e+00,9.999998807907104492e-01,9.426427277503535151e-05,-2.656306023709475994e-04,3.942451148759573698e-04
1.818149834871292114e-01,2.993228912353515625e+00,5.270970344543457031e+00,9.999989271163940430e-01,-1.430976553820073605e-03,2.608496870379894972e-04,4.074666940141469240e-04
7.514051347970962524e-02,2.549209356307983398e+00,1.996403932571411133e+00,9.998757243156433105e-01,-1.106892433017492294e-02,-1.093506626784801483e-02,2.547293435782194138e-03
1.005623936653137207e+00,3.154777884483337402e-01,7.080962657928466797e+00,1.000000000000000000e+00,2.113431401085108519e-04,-3.653909952845424414e-04,-1.955271181941498071e-05
3.571352958679199219e+00,6.874180436134338379e-01,1.144095286726951599e-01,9.999999403953552246e-01,-4.149029336986131966e-05,4.353850963525474072e-04,1.606558798812329769e-04
1.149415850639343262e+00,1.735288977622985840e+00,4.303019344806671143e-01,9.999991059303283691e-01,8.413095492869615555e-04,8.224303601309657097e-04,-7.648403989151120186e-04
7.246244907379150391e+00,7.162359714508056641e+00,5.695665836334228516e+00,9.999995231628417969e-01,-1.035145716741681099e-03,7.754555554129183292e-06,-2.219445450464263558e-04
4.539958000183105469e+00,6.210441589355468750e+00,5.904204845428466797e+00,9.999773502349853516e-01,6.429345346987247467e-03,1.276297494769096375e-03,1.551827066577970982e-03
3.694718599319458008e+00,3.922443151473999023e+00,1.560840964317321777e+00,9.999995827674865723e-01,-8.160079596564173698e-04,-4.444550722837448120e-04,-3.627104451879858971e-04
6.932185173034667969e+00,7.382673263549804688e+00,3.466016054153442383e+00,9.999995231628417969e-01,-7.568881264887750149e-04,-6.695350748486816883e-04,1.676741230767220259e-04
7.013113975524902344e+00,1.038707852363586426e+00,2.944902896881103516e+00,1.000000000000000000e+00,-1.553658075863495469e-04,2.748757251538336277e-04,1.176184305222705007e-04
1.791082501411437988e+00,3.623659610748291016e+00,7.502748489379882812e+00,9.999961256980895996e-01,-9.779474930837750435e-04,-2.403103280812501907e-03,1.074011554010212421e-03
3.577003240585327148e+00,6.312915325164794922e+00,4.376686573028564453e+00,9.999167323112487793e-01,2.284416928887367249e-03,1.214906945824623108e-02,3.706763032823801041e-03
1.949316263198852539e+00,4.206024169921875000e+00,2.049818515777587891e+00,9.999385476112365723e-01,-6.557299755513668060e-03,-8.705358020961284637e-03,2.046536887064576149e-03
3.887436628341674805e+00,6.285728454589843750e+00,5.694734096527099609e+00,1.000000000000000000e+00,2.248263481305912137e-04,-6.406115426216274500e-05,6.919695442775264382e-05
2.407676696777343750e+00,6.384486198425292969e+00,3.579993486404418945e+00,9.999997615814208984e-01,-5.435895873233675957e-04,5.014796624891459942e-04,-1.471344294259324670e-04
6.097856998443603516e+00,4.881895065307617188e+00,1.863612771034240723e+00,9.999954104423522949e-01,7.623821147717535496e-04,2.913517178967595100e-03,3.766626759897917509e-04
6.554121375083923340e-01,2.797885894775390625e+00,6.720090866088867188e+00,9.999714493751525879e-01,-1.934045343659818172e-03,-7.155436556786298752e-03,1.490832539275288582e-03
3.476765632629394531e+00,2.932991743087768555e+00,3.446737527847290039e+00,9.999994039535522461e-01,4.013338912045583129e-05,9.258060017600655556e-04,6.511370302177965641e-04
6.581295013427734375e+00,1.922659873962402344e+00,4.315941333770751953e+00,1.000000000000000000e+00,3.685153569676913321e-05,1.779060985427349806e-04,1.665535091888159513e-04
3.051612377166748047e+00,4.547982692718505859e+00,6.262867450714111328e-01,1.000000000000000000e+00,1.984076661756262183e-04,-1.639544643694534898e-04,-1.051534782163798809e-04
5.134074211120605469e+00,8.630550503730773926e-01,3.641969442367553711e+00,9.999985694885253906e-01,1.364835421554744244e-03,-1.046735560521483421e-03,-1.150765965576283634e-04
7.122573375701904297e+00,7.618760466575622559e-01,1.050172805786132812e+00,9.999991059303283691e-01,5.157290725037455559e-04,-9.440823487238958478e-05,-1.301378710195422173e-03
2.867473125457763672e+00,4.067081809043884277e-01,4.599025249481201172e+00,9.999905824661254883e-01,3.021616023033857346e-03,1.660057110711932182e-03,2.641283208504319191e-03
7.008426189422607422e+00,3.649078130722045898e+00,5.998590469360351562e+00,9.999840855598449707e-01,-3.870293498039245605e-03,3.358296351507306099e-03,-2.366039669141173363e-03
1.830716729164123535e+00,1.227711319923400879e+00,6.055158138275146484e+00,1.000000000000000000e+00,2.281282504554837942e-04,1.572903420310467482e-04,-1.808374945539981127e-04
1.306208848953247070e+00,2.192332595586776733e-02,3.656096458435058594e+00,9.999998807907104492e-01,-4.355735727585852146e-04,-2.233155100839212537e-04,-2.738095936365425587e-04
3.662913143634796143e-01,1.238244652748107910e+00,6.091548204421997070e-01,9.999996423721313477e-01,3.276644856669008732e-04,6.797982496209442616e-04,-4.487927653826773167e-04
2.273580074310302734e+00,3.644631147384643555e+00,2.202671289443969727e+00,9.999988079071044922e-01,5.725710798287764192e-05,-4.646865127142518759e-04,-1.520908204838633537e-03
6.645966529846191406e+00,3.186760425567626953e+00,4.252297878265380859e+00,9.999997019767761230e-01,2.420129458187147975e-04,5.913343920838087797e-05,-8.337614126503467560e-04
3.252017259597778320e+00,3.505651950836181641e+00,2.134290218353271484e+00,9.999979734420776367e-01,1.871683052740991116e-03,-5.904114223085343838e-04,-6.036563427187502384e-04
1.413311362266540527e-01,6.011389255523681641e+00,1.668199062347412109e+00,9.999997615814208984e-01,7.129706791602075100e-04,2.384687250014394522e-04,-2.712475834414362907e-04
3.381822824478149414e+00,2.982676982879638672e+00,2.388795614242553711e+00,9.999857544898986816e-01,-1.158904633484780788e-04,-5.330480635166168213e-03,-1.425232767360284925e-04
6.556198120117187500e+00,1.080717444419860840e+00,6.340106964111328125e+00,9.999997019767761230e-01,7.006275700405240059e-04,2.759019553195685148e-04,-3.640696813818067312e-04
7.483439445495605469e+00,4.260788440704345703e+00,3.686481475830078125e+00,9.999983906745910645e-01,8.901468827389180660e-04,8.611328084953129292e-04,1.373223843984305859e-03
2.524850368499755859e+00,6.248596191406250000e+00,7.233755588531494141e-01,9.999997615814208984e-01,3.310554602649062872e-04,-1.684133749222382903e-04,-7.289117784239351749e-04
6.988060951232910156e+00,1.713833332061767578e+00,6.800964832305908203e+00,9.999998211860656738e-01,-6.160967168398201466e-04,3.675877524074167013e-04,1.379580353386700153e-04
4.688560009002685547e+00,3.854702949523925781e+00,4.332063674926757812e+00,1.000000000000000000e+00,1.586868893355131149e-04,-7.194676436483860016e-05,1.394601622450863943e-05
1.239482045173645020e+00,3.955771207809448242e+00,4.290603697299957275e-01,9.999982118606567383e-01,-6.853520608274266124e-05,-1.577153685502707958e-03,1.070001395419239998e-03
5.448186397552490234e+00,1.888557910919189453e+00,6.038303375244140625e+00,9.999954104423522949e-01,-1.176203601062297821e-03,-2.594288438558578491e-03,-1.107894931919872761e-03
1.963509440422058105e+00,1.771941781044006348e+00,1.718996614217758179e-01,9.999998211860656738e-01,6.281477981247007847e-04,-7.035380986053496599e-05,2.074057410936802626e-04
5.840782165527343750e+00,6.374350547790527344e+00,3.814044952392578125e+00,9.999536275863647461e-01,7.536377292126417160e-03,2.753222361207008362e-03,-5.332677159458398819e-03
3.675486564636230469e+00,6.625634670257568359e+00,3.233896195888519287e-01,9.999991655349731445e-01,1.267636544071137905e-03,-4.930641152895987034e-04,-3.601089701987802982e-05
4.084954261779785156e+00,4.280235290527343750e+00,8.034967184066772461e-01,9.999973773956298828e-01,2.094268333166837692e-03,9.401498828083276749e-04,8.637928203825140372e-07
3.946467161178588867e+00,6.561439514160156250e+00,5.241104960441589355e-02,9.999989271163940430e-01,1.236087409779429436e-03,-2.007324219448491931e-04,-7.078650523908436298e-04
3.136732101440429688e+00,1.116981863975524902e+00,3.063760995864868164e+00,9.999946355819702148e-01,-9.078134316951036453e-04,3.084067488089203835e-03,6.968360976316034794e-04
6.902596473693847656e+00,7.356659412384033203e+00,5.114046096801757812e+00,9.999992847442626953e-01,-4.525544936768710613e-04,9.676738991402089596e-04,5.020226817578077316e-04
6.798406124114990234e+00,3.358803987503051758e+00,1.807014584541320801e+00,1.000000000000000000e+00,-8.702414925210177898e-05,-4.373763295006938279e-05,-3.073230345762567595e-06
3.430000305175781250e+00,5.275737285614013672e+00,3.037219524383544922e+00,1.000000000000000000e+00,-6.415340612875297666e-05,-3.435056132730096579e-04,-1.975817722268402576e-04
5.684829235076904297e+00,4.836622238159179688e+00,5.447090268135070801e-01,9.999994039535522461e-01,-7.356887217611074448e-04,8.498464012518525124e-05,8.707066881470382214e-04
1.046095371246337891e+00,4.962306022644042969e+00,4.706428527832031250e+00,9.999297261238098145e-01,4.046498797833919525e-03,-7.750739343464374542e-03,-8.008102886378765106e-03
4.925872802734375000e+00,5.452485084533691406e-01,5.764671802520751953e+00,1.000000000000000000e+00,-1.516676711617037654e-04,-3.723062400240451097e-04,1.631371123949065804e-04
4.289009571075439453e+00,2.848180055618286133e+00,3.872485876083374023e+00,9.999999403953552246e-01,-2.740626041486393660e-05,5.356534529710188508e-05,4.312867240514606237e-04
1.525083184242248535e+00,4.118932247161865234e+00,5.395271301269531250e+00,9.999791383743286133e-01,-5.409245379269123077e-03,-3.414278849959373474e-03,9.703451069071888924e-04
2.272267818450927734e+00,4.143641471862792969e+00,6.709635734558105469e+00,9.999995231628417969e-01,-8.766553946770727634e-04,8.669374074088409543e-05,5.148446070961654186e-04
4.783764839172363281e+00,5.751825809478759766e+00,1.374427199363708496e+00,9.999540448188781738e-01,-1.776166143827140331e-03,-8.485742844641208649e-03,-4.091691225767135620e-03
6.767424583435058594e+00,4.836194515228271484e+00,4.108927726745605469e+00,9.999996423721313477e-01,-2.145504840882495046e-04,5.341293872334063053e-04,6.769723840989172459e-04
2.846002817153930664e+00,1.447011470794677734e+00,7.403729915618896484e+00,1.000000000000000000e+00,1.183152126031927764e-04,1.018880138872191310e-04,2.250457182526588440e-04
4.666451215744018555e-01,4.162830352783203125e+00,4.601561069488525391e+00,9.999740719795227051e-01,-1.703922171145677567e-03,6.831324659287929535e-03,1.530909561552107334e-03
3.289047956466674805e+00,7.033138275146484375e+00,3.652003288269042969e+00,9.999930858612060547e-01,1.390402438119053841e-03,9.350336622446775436e-04,3.325629979372024536e-03
1.650840044021606445e+00,5.804050922393798828e+00,5.395907163619995117e-01,9.999259114265441895e-01,4.837390442844480276e-04,-1.193923596292734146e-02,2.345906570553779602e-03
4.645012378692626953e+00,2.626256942749023438e+00,6.375331878662109375e+00,9.999166727066040039e-01,-7.853541523218154907e-03,-1.542772166430950165e-03,-1.012981031090021133e-02
3.409396886825561523e+00,2.166018724441528320e+00,2.578199863433837891e+00,9.999997019767761230e-01,-6.593736179638653994e-05,-4.453227156773209572e-04,7.576332427561283112e-04
4.716733455657958984e+00,3.539531826972961426e-01,4.245351314544677734e+00,9.999991059303283691e-01,-1.196809025714173913e-04,-1.365890842862427235e-03,-5.171732027520192787e-06
5.117224693298339844e+00,4.541648864746093750e+00,7.095046997070312500e+00,9.999999403953552246e-01,-1.256068790098652244e-04,3.732606710400432348e-04,2.296949387528002262e-04
4.427078723907470703e+00,1.333101034164428711e+00,6.499310493469238281e+00,9.999866485595703125e-01,1.820471254177391529e-03,3.318249713629484177e-03,3.513735951855778694e-03
4.527324199676513672e+00,6.502869129180908203e+00,5.024688243865966797e+00,9.999918937683105469e-01,-4.862222704105079174e-05,-3.376152832061052322e-03,-2.225862815976142883e-03
1.732463002204895020e+00,5.788925647735595703e+00,7.441414833068847656e+00,9.999930858612060547e-01,3.099363239016383886e-04,-3.710295539349317551e-03,-1.302259042859077454e-04
1.716599822044372559e+00,9.179403185844421387e-01,2.777604818344116211e+00,9.999997615814208984e-01,7.149202283471822739e-04,-7.085470861056819558e-05,3.302344994153827429e-04
4.755900382995605469e+00,1.238964080810546875e+00,3.786828219890594482e-01,9.999982714653015137e-01,-6.900821463204920292e-04,-1.706521492451429367e-03,-4.738282295875251293e-04
7.168140411376953125e+00,5.944190979003906250e+00,6.953411102294921875e+00,9.999999403953552246e-01,-1.610627077752724290e-05,3.032305685337632895e-04,-3.862991579808294773e-04
1.040712594985961914e+00,2.428226947784423828e+00,5.865887165069580078e+00,9.999998807907104492e-01,-4.519500944297760725e-04,-2.110628265654668212e-04,3.165227099088951945e-05
5.816548824310302734e+00,2.143393039703369141e+00,3.939564228057861328e-01,9.999992251396179199e-01,1.068094745278358459e-03,-4.219116817694157362e-04,6.118933670222759247e-04
6.550875663757324219e+00,4.349560260772705078e+00,7.276567459106445312e+00,9.999997019767761230e-01,5.230233073234558105e-04,2.318703482160344720e-04,6.306960713118314743e-04
7.385507106781005859e+00,9.219197034835815430e-01,3.688923835754394531e+00,9.999997615814208984e-01,7.165881106629967690e-04,-2.846565912477672100e-04,-1.489238366048084572e-05
4.457167148590087891e+00,1.545285135507583618e-01,5.488829612731933594e+00,1.000000000000000000e+00,2.539946217439137399e-05,-2.749561681412160397e-04,-7.837227167328819633e-05
1.215629458427429199e+00,7.292781829833984375e+00,2.135604381561279297e+00,1.000000000000000000e+00,-2.961336285807192326e-04,2.230573882116004825e-04,1.511667960585327819e-05
7.095834732055664062e+00,4.122008979320526123e-01,6.412909984588623047e+00,9.999439120292663574e-01,-7.629779633134603500e-03,-7.356923073530197144e-03,-1.300001895288005471e-04
5.256072044372558594e+00,5.060107231140136719e+00,3.790296792984008789e+00,9.999556541442871094e-01,7.332272361963987350e-03,-4.430538043379783630e-03,-3.916192799806594849e-03
6.853071689605712891e+00,5.258548736572265625e+00,2.654651403427124023e+00,9.999608993530273438e-01,1.520291436463594437e-03,-1.811068854294717312e-03,-8.527360856533050537e-03
2.735423564910888672e+00,5.005141258239746094e+00,2.961097478866577148e+00,9.999973773956298828e-01,-1.980880741029977798e-03,-3.114226274192333221e-04,-1.153346267528831959e-03
6.754817485809326172e+00,2.223294496536254883e+00,7.499318599700927734e+00,9.999999403953552246e-01,1.136409628088586032e-04,-3.523040213622152805e-04,-3.119327884633094072e-04
6.820565223693847656e+00,9.284631013870239258e-01,3.800601720809936523e+00,9.999998807907104492e-01,2.926410816144198179e-04,-5.217632278800010681e-04,-2.545329916756600142e-04
1.769906878471374512e+00,4.385243892669677734e+00,5.817549705505371094e+00,9.999988079071044922e-01,6.470527732744812965e-04,-1.301228883676230907e-03,5.636630812659859657e-04
1.252790987491607666e-01,1.557842969894409180e+00,2.037593364715576172e+00,9.999985694885253906e-01,1.004286459647119045e-03,-7.925434620119631290e-04,-1.080838614143431187e-03
2.182382583618164062e+00,3.810585021972656250e+00,6.051079750061035156e+00,9.999491572380065918e-01,-3.124969545751810074e-03,-4.151339177042245865e-03,-8.641034364700317383e-03
7.347602367401123047e+00,7.340785980224609375e+00,4.404520988464355469e+00,9.999977946281433105e-01,-8.562689181417226791e-04,3.800242557190358639e-04,1.916455570608377457e-03
1.297620385885238647e-01,4.710703849792480469e+00,4.214414060115814209e-01,9.999932646751403809e-01,-3.729648306034505367e-04,1.089846249669790268e-03,3.477721940726041794e-03
4.446456432342529297e+00,2.531405687332153320e+00,2.730574846267700195e+00,9.999995231628417969e-01,1.008165767416357994e-03,2.114894014084711671e-04,-9.150040568783879280e-05
3.234871864318847656e+00,9.464635848999023438e-01,9.541375637054443359e-01,1.000000000000000000e+00,1.036373869283124804e-04,-2.183978795073926449e-04,1.208602116093970835e-04
3.529930114746093750e+00,2.638456821441650391e+00,3.584106445312500000e+00,9.999994635581970215e-01,-5.305200465954840183e-04,2.734431764110922813e-04,9.032070520333945751e-04
7.630776762962341309e-01,4.323599815368652344e+00,4.483764648437500000e+00,9.999673366546630859e-01,3.799335798248648643e-03,-5.978601519018411636e-03,-3.898279042914509773e-03
7.223619461059570312e+00,2.717983245849609375e+00,1.468298673629760742e+00,9.999997615814208984e-01,-5.548541084863245487e-04,-5.371414590626955032e-04,1.442958891857415438e-04
7.311226844787597656e+00,2.559270620346069336e+00,3.333462715148925781e+00,9.999971389770507812e-01,2.309184055775403976e-03,9.283211693400517106e-05,7.225871086120605469e-04
3.603281736373901367e+00,6.856820106506347656e+00,7.037956237792968750e+00,9.998712539672851562e-01,1.305032987147569656e-02,-1.235670410096645355e-03,-9.260283783078193665e-03
6.778712749481201172e+00,2.673171281814575195e+00,6.657512664794921875e+00,9.999672770500183105e-01,1.857851631939411163e-03,7.838245481252670288e-03,7.942942902445793152e-04
6.303068637847900391e+00,4.659563064575195312e+00,6.057623386383056641e+00,1.000000000000000000e+00,-6.285119889071211219e-05,-2.838176624209154397e-05,3.951791441068053246e-04
3.541236639022827148e+00,7.121108531951904297e+00,1.809706330299377441e+00,9.999999403953552246e-01,-6.694223702652379870e-05,-3.068611258640885353e-04,2.613715769257396460e-04
1.561567068099975586e+00,1.298329114913940430e+00,5.716696262359619141e+00,9.999984502792358398e-01,-1.344530959613621235e-03,5.066314042778685689e-05,1.193677308037877083e-03
2.846436798572540283e-01,2.501912117004394531e+00,7.278185844421386719e+00,9.999998807907104492e-01,-3.909494844265282154e-04,2.616864221636205912e-04,-3.539927711244672537e-04
2.888132333755493164e+00,3.181686699390411377e-01,1.193753480911254883e+00,9.999849200248718262e-01,3.085452830418944359e-03,2.131844485120382160e-05,-4.543579183518886566e-03
3.800206899642944336e+00,7.369722843170166016e+00,4.016406536102294922e+00,9.999998807907104492e-01,5.865337443538010120e-04,-3.013905006810091436e-05,-1.236363550560781732e-05
5.542408943176269531e+00,6.575833320617675781e+00,2.956429958343505859e+00,9.999997615814208984e-01,6.300198729149997234e-04,2.274174185004085302e-04,-3.856321854982525110e-04
2.475839853286743164e+00,5.691828727722167969e+00,1.437026858329772949e+00,9.999951124191284180e-01,2.817449159920215607e-03,-2.532281905587296933e-05,1.344462041743099689e-03
6.459818840026855469e+00,2.511715412139892578e+00,7.434998512268066406e+00,1.000000000000000000e+00,-3.123467467958107591e-05,-1.163949200417846441e-04,-2.563549787737429142e-04
3.253519058227539062e+00,1.946683883666992188e+00,5.568735599517822266e+00,9.999997615814208984e-01,7.181941182352602482e-04,-3.231945447623729706e-04,-5.205535126151517034e-05
3.744566440582275391e+00,1.356536388397216797e+00,3.118237733840942383e+00,9.999999403953552246e-01,1.902923249872401357e-04,3.867938357871025801e-04,3.194887831341475248e-04
6.149754047393798828e+00,7.388830661773681641e+00,5.386292457580566406e+00,9.999994635581970215e-01,-1.028735423460602760e-03,-1.622303825570270419e-04,-3.948334197048097849e-04
5.643623828887939453e+00,2.535781860351562500e+00,4.530156135559082031e+00,9.999996423721313477e-01,-4.666667082346975803e-04,-2.690046094357967377e-04,-7.359342998825013638e-04
5.339087009429931641e+00,4.236291885375976562e+00,3.257744073867797852e+00,9.999990463256835938e-01,-4.770058440044522285e-04,-1.268235064344480634e-04,-1.337310881353914738e-03
3.043786287307739258e+00,2.654371023178100586e+00,2.844049692153930664e+00,9.999927282333374023e-01,3.388900775462388992e-03,1.764292479492723942e-03,-7.645339064765721560e-05
2.265234291553497314e-02,4.811271190643310547e+00,1.521470189094543457e+00,9.999983906745910645e-01,-8.903224370442330837e-04,9.224569657817482948e-04,1.316132023930549622e-03
1.174241065979003906e+00,6.117033004760742188e+00,3.952161371707916260e-01,9.999989867210388184e-01,1.037076697684824467e-03,8.110799826681613922e-04,-5.679149180650711060e-04
5.261465549468994141e+00,6.179365158081054688e+00,6.401566505432128906e+00,9.999990463256835938e-01,-4.163220582995563745e-04,6.335477228276431561e-04,1.199032529257237911e-03
1.705778837203979492e+00,2.100648164749145508e+00,1.403045296669006348e+00,9.999478459358215332e-01,3.462612861767411232e-03,8.445583283901214600e-03,-4.586671479046344757e-03
9.799674153327941895e-01,3.451138257980346680e+00,2.312443971633911133e+00,9.999857544898986816e-01,-3.562005003914237022e-03,-3.293601796030998230e-03,-2.262542489916086197e-03
2.910350322723388672e+00,3.128691434860229492e+00,5.427246570587158203e+00,9.999984502792358398e-01,1.039326074533164501e-03,1.139733125455677509e-03,8.058125386014580727e-04
6.597027778625488281e+00,4.262089729309082031e+00,3.867670536041259766e+00,9.999918937683105469e-01,1.102064619772136211e-03,-1.846429775469005108e-03,-3.425900358706712723e-03
4.139711380004882812e+00,1.952293813228607178e-01,3.522639989852905273e+00,1.000000000000000000e+00,4.203353455523028970e-05,2.280834014527499676e-04,-1.788451627362519503e-04
9.174037575721740723e-01,3.035796165466308594e+00,3.958345413208007812e+00,9.999988675117492676e-01,8.186682825908064842e-04,1.282867160625755787e-03,-3.415034734643995762e-05
1.690845131874084473e+00,6.374993324279785156e+00,5.739157795906066895e-01,9.999996423721313477e-01,-1.358612789772450924e-04,-7.554203621111810207e-04,4.904603119939565659e-04
1.964117169380187988e+00,6.011392116546630859e+00,4.770264148712158203e+00,9.999996423721313477e-01,-1.994770136661827564e-04,-1.434312871424481273e-04,8.887767908163368702e-04
4.714254736900329590e-01,7.451040744781494141e-01,6.445065021514892578e+00,9.999938011169433594e-01,2.224484924226999283e-03,2.361078979447484016e-03,-1.394498744048178196e-03
2.497598409652709961e+00,1.495094895362854004e+00,2.762003660202026367e+00,9.999976158142089844e-01,-1.580752315931022167e-03,1.389341312460601330e-03,7.225654553622007370e-04
2.744827508926391602e+00,4.563699722290039062e+00,2.720220565795898438e+00,9.999988079071044922e-01,2.888440503738820553e-04,-1.507884706370532513e-03,4.328712529968470335e-04
6.334640502929687500e+00,6.720339298248291016e+00,4.743663787841796875e+00,9.999895691871643066e-01,2.208892023190855980e-03,3.644527634605765343e-03,-1.684610149823129177e-03
3.923509120941162109e+00,4.081662178039550781e+00,1.121125221252441406e+00,9.998242259025573730e-01,-1.832215301692485809e-02,3.958832006901502609e-03,4.289312928449362516e-04
2.053441762924194336e+00,4.433945178985595703e+00,3.885333061218261719e+00,9.999998211860656738e-01,3.871236112900078297e-04,-5.547112668864428997e-04,1.639320253161713481e-04
2.282997131347656250e+00,4.141950309276580811e-01,2.528475761413574219e+00,9.999998807907104492e-01,-1.827387750381603837e-04,-2.462015254423022270e-04,3.584856458473950624e-04
7.356906890869140625e+00,5.180320262908935547e+00,2.622073650360107422e+00,9.998986124992370605e-01,-1.217563077807426453e-02,-5.838955403305590153e-04,-7.365900557488203049e-03
2.086273431777954102e+00,4.914050579071044922e+00,5.782611370086669922e+00,9.999883770942687988e-01,-2.218594076111912727e-03,2.244570292532444000e-03,3.649048972874879837e-03
2.082522869110107422e+00,4.958277225494384766e+00,2.690219581127166748e-01,1.000000000000000000e+00,-6.312402547337114811e-05,-1.547031424706801772e-04,1.918962698255199939e-05
4.439929962158203125e+00,7.117505073547363281e+00,4.229297637939453125e+00,1.000000000000000000e+00,-6.820881390012800694e-05,-1.964112307177856565e-04,1.788288354873657227e-04
3.680716753005981445e+00,1.635292053222656250e+00,3.613124132156372070e+00,9.999993443489074707e-01,-4.451835702639073133e-04,7.103782845661044121e-04,8.780789794400334358e-04
2.436563014984130859e+00,3.554937601089477539e+00,4.835581779479980469e+00,9.999482035636901855e-01,-6.764508783817291260e-03,-6.857942789793014526e-03,3.287949832156300545e-03
1.541697144508361816e+00,7.416384220123291016e+00,1.020241975784301758e+00,9.999980926513671875e-01,1.707363990135490894e-03,6.428931956179440022e-04,-7.686281460337340832e-04
7.988415956497192383e-01,7.054310798645019531e+00,7.403462409973144531e+00,9.999547004699707031e-01,3.661319380626082420e-03,-8.401043596677482128e-04,-8.748850785195827484e-03
5.082127094268798828e+00,5.688478469848632812e+00,2.299712181091308594e+00,1.000000000000000000e+00,2.004007255891337991e-04,1.524861581856384873e-04,1.261805778085545171e-06
1.348041296005249023e+00,2.092877626419067383e+00,1.952143192291259766e+00,1.000000000000000000e+00,-3.380037742317654192e-05,1.334304834017530084e-04,-2.158900751965120435e-04
3.700839757919311523e+00,6.545314788818359375e+00,5.040266990661621094e+00,9.999991655349731445e-01,-5.250519025139510632e-04,-5.099970148876309395e-04,1.146775088272988796e-03
6.020383358001708984e+00,6.379142284393310547e+00,2.199191570281982422e+00,9.999994039535522461e-01,-8.862961549311876297e-04,-8.919548417907208204e-05,7.450644043274223804e-04
6.079025745391845703e+00,4.550687313079833984e+00,2.238767385482788086e+00,9.999992847442626953e-01,9.931422537192702293e-04,6.010217475704848766e-04,5.012711044400930405e-04
7.261033535003662109e+00,2.067305088043212891e+00,2.051028013229370117e+00,9.999997615814208984e-01,5.000684177502989769e-05,-5.187242641113698483e-05,8.078283281065523624e-04
6.856297016143798828e+00,4.811353683471679688e+00,1.090839385986328125e+00,9.999826550483703613e-01,2.281880937516689301e-03,-2.029131166636943817e-03,5.042218137532472610e-03
6.299214839935302734e+00,2.389397859573364258e+00,1.520605683326721191e+00,1.000000000000000000e+00,-2.295703015988692641e-04,8.579009590903297067e-05,2.254961727885529399e-04
6.131032466888427734e+00,7.438851833343505859e+00,5.880138397216796875e+00,1.000000000000000000e+00,2.141953245882177725e-07,9.936981950886547565e-05,-1.312223757850006223e-04
6.068514347076416016e+00,4.330937862396240234e+00,5.780656337738037109e+00,9.999999403953552246e-01,7.292509690159931779e-05,-2.651260292623192072e-04,3.563568752724677324e-04
2.850079298019409180e+00,1.674176216125488281e+00,7.063259601593017578e+00,1.000000000000000000e+00,1.301065349252894521e-04,-3.447627750574611127e-05,1.311257219640538096e-04
4.697894752025604248e-01,1.883163005113601685e-01,4.591249942779541016e+00,1.000000000000000000e+00,3.781855921261012554e-04,1.370504614897072315e-04,-1.743435423122718930e-04
6.377214431762695312e+00,1.130203127861022949e+00,3.595199346542358398e+00,9.999999403953552246e-01,8.262220217147842050e-05,-4.462397482711821795e-04,-3.191667929058894515e-05
3.317266941070556641e+00,6.845056056976318359e+00,5.298908233642578125e+00,9.999985098838806152e-01,-1.357586355879902840e-03,-8.444798877462744713e-04,7.239448023028671741e-04
1.319139599800109863e+00,1.904477477073669434e+00,6.725663185119628906e+00,9.999911785125732422e-01,3.353446722030639648e-03,-1.556451548822224140e-03,-1.991485012695193291e-03
3.945674896240234375e+00,2.747180700302124023e+00,3.582505226135253906e+00,9.999987483024597168e-01,-4.804324416909366846e-04,-2.846131101250648499e-04,1.537675154395401478e-03
1.485229015350341797e+00,7.465740203857421875e+00,1.519893884658813477e+00,1.000000000000000000e+00,-3.697412612382322550e-04,-7.502423977712169290e-05,2.024082787102088332e-04
3.650135040283203125e+00,5.155176162719726562e+00,3.386130928993225098e-01,9.999994039535522461e-01,-1.729177893139421940e-04,4.974832991138100624e-04,1.021468662656843662e-03
4.310918807983398438e+00,1.072067260742187500e+00,5.242354393005371094e+00,1.000000000000000000e+00,-8.690473623573780060e-05,-3.673018945846706629e-04,-1.475141616538167000e-04
4.140485763549804688e+00,1.081436276435852051e+00,2.300927877426147461e+00,9.999997615814208984e-01,-5.645997589454054832e-04,-1.739886502036824822e-04,-4.078898055013269186e-04
5.822308063507080078e+00,5.897478103637695312e+00,9.701882004737854004e-01,9.999719858169555664e-01,5.451223347336053848e-03,-2.921960316598415375e-03,-4.219677299261093140e-03
4.650374889373779297e+00,3.117628335952758789e+00,5.932557106018066406e+00,9.999940991401672363e-01,-2.256317529827356339e-04,-2.278969855979084969e-03,2.588177798315882683e-03
2.838114500045776367e+00,5.487534523010253906e+00,4.165579319000244141e+00,9.999997019767761230e-01,-2.895578509196639061e-04,2.976788673549890518e-04,-7.849500398151576519e-04
7.279140472412109375e+00,5.504289269447326660e-01,4.460808277130126953e+00,9.999996423721313477e-01,4.200148687232285738e-04,-2.081229613395407796e-04,-7.740253931842744350e-04
4.184878349304199219e+00,2.056925058364868164e+00,6.424133777618408203e-01,9.999987483024597168e-01,-1.189515693113207817e-03,5.331020802259445190e-04,9.599106851965188980e-04
4.687343597412109375e+00,4.192397594451904297e+00,4.962273120880126953e+00,9.999998211860656738e-01,5.118072731420397758e-04,-3.736824146471917629e-04,2.968182961922138929e-04
1.433930754661560059e+00,7.005343914031982422e+00,6.691157817840576172e-01,9.999994635581970215e-01,-3.513243063935078681e-05,-7.750298245809972286e-04,-7.087335106916725636e-04
1.079539179801940918e+00,5.737639427185058594e+00,1.374565720558166504e+00,9.999997019767761230e-01,4.161011893302202225e-04,-6.490707164630293846e-04,2.195253182435408235e-05
4.513149261474609375e+00,3.496612310409545898e+00,2.743755578994750977e+00,9.999994039535522461e-01,-3.002306621056050062e-04,-9.435034735361114144e-05,1.107168733142316341e-03
4.802613735198974609e+00,6.193716526031494141e+00,6.488549709320068359e+00,9.999966621398925781e-01,1.395923900417983532e-04,2.521162154152989388e-03,4.896828322671353817e-04
1.137547850608825684e+00,3.374432086944580078e+00,1.765624165534973145e+00,9.999999403953552246e-01,-4.722034791484475136e-04,-7.123988325474783778e-05,-1.121915847761556506e-04
6.434724807739257812e+00,3.987015962600708008e+00,5.099055290222167969e+00,9.999999403953552246e-01,-1.944530522450804710e-04,-2.482978452462702990e-04,3.329763712827116251e-04
6.905837357044219971e-02,5.503098964691162109e+00,7.302646636962890625e+00,9.999998211860656738e-01,-1.230211491929367185e-04,3.045261837542057037e-04,-4.669788759201765060e-04
1.544743657112121582e+00,3.928353548049926758e+00,2.699389457702636719e+00,9.999994039535522461e-01,-1.166647634818218648e-04,-9.545813081786036491e-04,-5.461376276798546314e-04
6.580541610717773438e+00,1.584753990173339844e+00,5.132698535919189453e+00,1.000000000000000000e+00,-1.566982427902985364e-05,-4.663506479118950665e-05,-3.347116289660334587e-04
4.542939186096191406e+00,3.280393362045288086e+00,6.219020366668701172e+00,9.999900460243225098e-01,7.696430839132517576e-05,4.133159294724464417e-03,-1.660654786974191666e-03
6.508001804351806641e+00,3.852087736129760742e+00,4.359980106353759766e+00,9.999995827674865723e-01,3.799719561357051134e-04,4.252063517924398184e-04,-7.916677277535200119e-04
3.050893068313598633e+00,3.014068126678466797e+00,4.362342357635498047e+00,9.999993443489074707e-01,-2.426481223665177822e-04,-7.555133779533207417e-04,8.588777272962033749e-04
6.178962230682373047e+00,5.885762691497802734e+00,7.126254081726074219e+00,9.999952316284179688e-01,-1.082576345652341843e-03,7.768624927848577499e-04,2.787091769278049469e-03
2.101634740829467773e-01,4.458263874053955078e+00,2.915763616561889648e+00,9.999984502792358398e-01,1.143594621680676937e-03,2.763821976259350777e-04,1.365501200780272484e-03
3.877398252487182617e+00,2.459286928176879883e+00,6.162452220916748047e+00,9.998968839645385742e-01,-1.054895296692848206e-02,9.241865947842597961e-03,3.111879806965589523e-03
5.529377937316894531e+00,3.674007415771484375e+00,1.375016331672668457e+00,9.999979138374328613e-01,-9.151625563390552998e-04,1.355203334242105484e-03,-1.230877358466386795e-03
5.243992328643798828e+00,3.856997013092041016e+00,5.909448146820068359e+00,9.999995827674865723e-01,2.500184054952114820e-04,-3.558483876986429095e-05,9.606763487681746483e-04
2.864293813705444336e+00,3.560270071029663086e+00,6.108888149261474609e+00,9.999997019767761230e-01,1.734952529659494758e-04,5.011183093301951885e-04,6.420066929422318935e-04
5.622415542602539062e-01,3.626218795776367188e+00,4.414980888366699219e+00,9.999982118606567383e-01,-1.180573715828359127e-03,1.159325591288506985e-03,8.728549000807106495e-04
4.429440975189208984e+00,3.489043235778808594e+00,5.515608787536621094e+00,9.999340176582336426e-01,9.135998552665114403e-04,1.137214433401823044e-02,1.395153580233454704e-03
2.196124553680419922e+00,1.632124781608581543e+00,2.472324848175048828e+00,9.999974370002746582e-01,1.762201311066746712e-03,4.099976213183254004e-04,-1.403326634317636490e-03
6.860016822814941406e+00,4.332783699035644531e+00,4.325357437133789062e+00,1.000000000000000000e+00,-1.768304791767150164e-04,-1.014186927932314575e-04,-9.107196092372760177e-05
4.276468276977539062e+00,5.013832569122314453e+00,4.472667217254638672e+00,9.999998807907104492e-01,5.059831310063600540e-04,2.885525464080274105e-04,2.149146894225850701e-04
3.934478282928466797e+00,7.457326412200927734e+00,2.230466842651367188e+00,1.000000000000000000e+00,-1.384570350637659431e-04,-5.155019607627764344e-05,8.384748070966452360e-05
5.302676200866699219e+00,3.950702190399169922e+00,1.962361216545104980e+00,9.997916817665100098e-01,-6.898383609950542450e-03,1.910663209855556488e-02,-2.016116166487336159e-03
6.341883659362792969e+00,1.933544993400573730e+00,2.996921539306640625e+00,9.999991655349731445e-01,5.773309967480599880e-04,-7.942220545373857021e-04,8.613877580501139164e-04
9.155107736587524414e-01,7.381121158599853516e+00,1.016587391495704651e-01,9.999910593032836914e-01,-1.913167769089341164e-03,-1.429339637979865074e-03,3.510422073304653168e-03
2.864364862442016602e+00,5.217932224273681641e+00,6.274353504180908203e+00,9.999542832374572754e-01,6.465065234806388617e-05,-7.287277840077877045e-03,6.202942691743373871e-03
4.378334522247314453e+00,7.886993288993835449e-01,3.604819774627685547e+00,9.999999403953552246e-01,-2.324103697901591659e-04,-6.080443927203305066e-05,-3.652807790786027908e-04
1.662098646163940430e+00,6.133018493652343750e+00,1.768780946731567383e+00,9.999991059303283691e-01,7.663773722015321255e-04,4.732476081699132919e-04,1.068134908564388752e-03
5.645650863647460938e+00,1.497312068939208984e+00,1.628896117210388184e+00,9.999989867210388184e-01,-3.581929486244916916e-04,-1.413798541761934757e-03,9.728577424539253116e-05
6.398202419281005859e+00,2.537907838821411133e+00,8.210366964340209961e-01,9.999998807907104492e-01,-3.513134288368746638e-05,3.516572469379752874e-04,5.244084750302135944e-04
2.446302175521850586e+00,3.541711807250976562e+00,7.013203144073486328e+00,9.999909400939941406e-01,-3.184578672517091036e-04,-2.491411287337541580e-03,-3.440087195485830307e-03
5.757984161376953125e+00,5.572131633758544922e+00,4.192067086696624756e-01,9.999989271163940430e-01,8.476621587760746479e-04,-2.258421300211921334e-04,1.204017549753189087e-03
1.010716199874877930e+00,2.017695307731628418e-01,6.773151397705078125e+00,1.000000000000000000e+00,-1.626151206437498331e-04,-4.135665076319128275e-04,-1.004577716230414808e-04
2.101489067077636719e+00,1.029886960983276367e+00,6.343607902526855469e+00,1.000000000000000000e+00,1.369028177578002214e-04,6.829960329923778772e-05,-1.157378064817748964e-04
7.306685447692871094e+00,6.646886825561523438e+00,1.725402116775512695e+00,1.000000000000000000e+00,1.702505105640739202e-04,2.257367450511083007e-04,-9.983275231206789613e-05
3.211250066757202148e+00,1.303078293800354004e+00,4.334462165832519531e+00,9.998564720153808594e-01,-6.057995837181806564e-03,5.372176878154277802e-03,-1.488603837788105011e-02
7.551204562187194824e-01,3.252938389778137207e-01,2.455188512802124023e+00,9.999998807907104492e-01,-4.925278481096029282e-04,2.173843386117368937e-04,2.206802018918097019e-04
4.741117730736732483e-02,3.231126785278320312e+00,4.436239719390869141e+00,9.999998807907104492e-01,4.452498687896877527e-04,2.318160986760631204e-04,2.147740306099876761e-04
7.352043628692626953e+00,4.088222026824951172e+00,3.336635112762451172e+00,1.000000000000000000e+00,-2.109304332407191396e-04,3.658747009467333555e-04,-7.147910764615517110e-06
6.852588653564453125e+00,2.966324329376220703e+00,4.708087444305419922e-01,9.999997615814208984e-01,4.887834656983613968e-04,-4.022628709208220243e-04,2.297947357874363661e-04
1.065757393836975098e+00,3.112382888793945312e+00,2.584395885467529297e+00,9.999778866767883301e-01,2.996343653649091721e-03,2.796045271679759026e-03,-5.248995963484048843e-03
6.278644084930419922e+00,1.484871983528137207e+00,5.779874324798583984e+00,1.000000000000000000e+00,1.972592435777187347e-04,2.185585617553442717e-04,-2.894241188187152147e-04
4.859416007995605469e+00,3.701386213302612305e+00,7.296832561492919922e+00,1.000000000000000000e+00,-1.028749829856678843e-04,3.659018257167190313e-04,-7.041246863082051277e-05
4.890384674072265625e+00,4.198604524135589600e-01,1.019254207611083984e+00,9.998846650123596191e-01,3.030347637832164764e-03,1.441552024334669113e-02,3.713510464876890182e-03
4.652518272399902344e+00,4.451938152313232422e+00,5.158344268798828125e+00,9.999993443489074707e-01,9.995967848226428032e-04,-5.597721319645643234e-04,3.739079402294009924e-04
5.964178591966629028e-02,2.562726259231567383e+00,3.941850900650024414e+00,9.999954700469970703e-01,9.413349907845258713e-04,-2.382075879722833633e-03,1.609571278095245361e-03
6.869902133941650391e+00,6.705777645111083984e+00,1.322195529937744141e+00,1.000000000000000000e+00,6.353724165819585323e-05,-3.187860711477696896e-04,-1.634697255212813616e-04
5.121791362762451172e+00,7.255236625671386719e+00,7.186109066009521484e+00,9.999645948410034180e-01,-7.011690642684698105e-03,-3.291777335107326508e-03,3.288202220574021339e-03
4.791427612304687500e+00,6.409272193908691406e+00,2.375772476196289062e+00,9.999999403953552246e-01,3.831318463198840618e-05,-1.679863344179466367e-04,-4.585206916090101004e-04
3.668533086776733398e+00,4.657464981079101562e+00,1.251264572143554688e+00,9.999701976776123047e-01,1.530360546894371510e-03,-3.313820343464612961e-03,6.802608259022235870e-03
3.356925725936889648e+00,9.475212097167968750e-01,5.088040351867675781e+00,9.999990463256835938e-01,-1.770637754816561937e-04,1.375801046378910542e-03,-2.504919939383398741e-05
2.159603834152221680e+00,3.733156204223632812e+00,6.535036087036132812e+00,9.999988079071044922e-01,-1.116273459047079086e-03,-1.110994257032871246e-03,5.814655742142349482e-05
3.782209634780883789e+00,5.465734958648681641e+00,3.805439472198486328e+00,1.000000000000000000e+00,6.573562131961807609e-05,-1.154513447545468807e-04,7.286483742063865066e-05
2.916243076324462891e+00,1.417747974395751953e+00,2.234840393066406250e+00,9.998731017112731934e-01,2.053671982139348984e-03,-1.579121500253677368e-02,4.846666706725955009e-04
1.620745658874511719e+00,4.667713940143585205e-01,4.467617511749267578e+00,1.000000000000000000e+00,1.742676540743559599e-04,-9.559879981679841876e-05,2.885820576921105385e-04
9.320711493492126465e-01,4.310585975646972656e+00,2.059760808944702148e+00,1.000000000000000000e+00,1.717316190479323268e-04,-4.110481240786612034e-04,1.430717966286465526e-04
4.733504772186279297e+00,2.445243358612060547e+00,7.360968589782714844e+00,9.999998807907104492e-01,-3.187481197528541088e-04,1.960113004315644503e-04,4.943778621964156628e-04
6.082533359527587891e+00,1.710147857666015625e+00,7.276340007781982422e+00,9.999998807907104492e-01,-3.071405080845579505e-05,-3.464995243120938540e-04,4.810005484614521265e-04
1.670048832893371582e+00,4.197840213775634766e+00,3.001029014587402344e+00,9.999996423721313477e-01,-7.409423706121742725e-04,-5.460573593154549599e-04,-8.391985466005280614e-05
1.518373727798461914e+00,7.438378334045410156e+00,2.913988351821899414e+00,1.000000000000000000e+00,-2.278808242408558726e-04,-5.579549906542524695e-05,-1.054180902428925037e-04
6.144192695617675781e+00,4.806392192840576172e+00,4.031594276428222656e+00,9.999539256095886230e-01,8.179188705980777740e-03,-2.418347634375095367e-03,-4.418324213474988937e-03
4.191595077514648438e+00,5.317539215087890625e+00,4.582380771636962891e+00,9.999994635581970215e-01,-7.501905784010887146e-04,6.820604903623461723e-04,1.690441713435575366e-04
6.478178024291992188e+00,7.059274196624755859e+00,5.373596668243408203e+00,9.999946355819702148e-01,-2.376183867454528809e-03,-1.898134825751185417e-03,1.204781467095017433e-03
2.995106697082519531e+00,4.218964576721191406e+00,2.644533634185791016e+00,9.999445080757141113e-01,8.399321697652339935e-03,-5.344214849174022675e-03,3.468852490186691284e-03
4.835058212280273438e+00,6.513007164001464844e+00,6.985860347747802734e+00,9.999998807907104492e-01,2.523565308365505189e-05,4.481642099563032389e-04,-3.321607655379921198e-04
9.208538532257080078e-01,4.850597381591796875e+00,5.518742084503173828e+00,9.999364614486694336e-01,4.313912708312273026e-03,1.041449420154094696e-02,2.729820262175053358e-04
1.285915374755859375e+00,4.503852367401123047e+00,2.515364587306976318e-01,9.999982714653015137e-01,6.356002995744347572e-04,8.881094981916248798e-04,1.533510745503008366e-03
3.250964879989624023e+00,1.346492171287536621e+00,5.015135765075683594e+00,9.999998807907104492e-01,3.209253773093223572e-04,5.340023199096322060e-04,-5.244552085059694946e-05
2.875699102878570557e-01,5.675866127014160156e+00,6.170215129852294922e+00,9.999998807907104492e-01,-4.125512496102601290e-04,2.231231483165174723e-04,1.810779504012316465e-04
6.149891853332519531e+00,5.554718017578125000e+00,2.448082685470581055e+00,9.999819397926330566e-01,-5.568117834627628326e-03,-5.061555420979857445e-04,2.219015499576926231e-03
5.107524871826171875e+00,1.139376759529113770e+00,4.316265106201171875e+00,9.999998807907104492e-01,-3.825495659839361906e-04,-3.656883200164884329e-04,-3.505687636788934469e-04
2.952390670776367188e+00,1.182990074157714844e+00,2.444517761468887329e-01,1.000000000000000000e+00,2.206114877481013536e-04,9.965604840544983745e-05,1.131567551055923104e-04
2.545424222946166992e+00,6.263833045959472656e+00,6.979517459869384766e+00,9.999958872795104980e-01,-1.313506742008030415e-03,-1.267649582587182522e-03,-2.237555105239152908e-03
4.750001430511474609e+00,1.486991882324218750e+00,1.723197102546691895e+00,9.999619126319885254e-01,7.918641204014420509e-04,9.383443393744528294e-04,8.645506575703620911e-03
6.051509380340576172e+00,6.685708522796630859e+00,6.160195350646972656e+00,9.999858140945434570e-01,-1.929429476149380207e-03,3.163538873195648193e-03,3.838742384687066078e-03
6.422476768493652344e+00,2.457902431488037109e+00,5.740317821502685547e+00,1.000000000000000000e+00,-1.654346560826525092e-04,-7.075729627104010433e-06,-1.508455752627924085e-04
1.889918208122253418e+00,2.493621826171875000e+00,2.643021583557128906e+00,9.999997615814208984e-01,7.491275900974869728e-04,-7.043973891995847225e-05,-1.976574858417734504e-04
5.415890216827392578e+00,6.342248916625976562e-01,4.249000072479248047e+00,9.999999403953552246e-01,-2.178464201278984547e-04,3.849021159112453461e-04,-1.925457036122679710e-04
5.674443244934082031e+00,5.888373374938964844e+00,5.067616462707519531e+00,1.000000000000000000e+00,-9.779274842003360391e-05,2.176783455070108175e-04,-1.917730987770482898e-04
4.143736839294433594e+00,1.246041774749755859e+00,3.453007221221923828e+00,1.000000000000000000e+00,-2.108026237692683935e-04,-7.439050386892631650e-05,-3.618247865233570337e-04
4.227757930755615234e+00,7.206480503082275391e+00,3.800382852554321289e+00,1.000000000000000000e+00,8.956753299571573734e-05,-9.738493827171623707e-05,-3.774366268771700561e-05
6.141314029693603516e+00,5.280529499053955078e+00,2.273125886917114258e+00,9.999809265136718750e-01,-5.693701561540365219e-03,-7.731724763289093971e-04,2.261824905872344971e-03
5.824010372161865234e+00,3.877290964126586914e+00,4.992652893066406250e+00,9.999590516090393066e-01,4.970946814864873886e-03,-1.485561835579574108e-03,7.420907262712717056e-03
5.994578361511230469e+00,5.244873523712158203e+00,3.922012746334075928e-01,9.999978542327880859e-01,-1.146541209891438484e-03,-9.207242401316761971e-04,1.495906850323081017e-03
6.431782245635986328e-01,2.428850650787353516e+00,6.762531280517578125e+00,9.999966025352478027e-01,-6.500737508758902550e-04,1.372748520225286484e-03,2.148751169443130493e-03
1.539579510688781738e+00,5.527227878570556641e+00,2.256048917770385742e+00,9.999996423721313477e-01,-5.339177441783249378e-04,-6.410157075151801109e-04,1.815142604755237699e-05
5.862970352172851562e+00,4.033386707305908203e+00,7.051644802093505859e+00,9.999991655349731445e-01,-6.834064261056482792e-04,3.622209478635340929e-04,-1.107705989852547646e-03
5.271642684936523438e+00,5.199054718017578125e+00,4.366098403930664062e+00,9.999951720237731934e-01,6.174497684696689248e-05,-3.015324473381042480e-03,8.162874728441238403e-04
6.630872488021850586e-01,7.832578420639038086e-01,3.271942615509033203e+00,9.999989867210388184e-01,-7.666734745725989342e-04,8.594894316047430038e-04,-9.300588280893862247e-04
3.307829380035400391e+00,7.174717903137207031e+00,3.203418493270874023e+00,9.999991059303283691e-01,-1.028871396556496620e-03,-2.762201766017824411e-04,8.749465341679751873e-04
2.064137458801269531e+00,2.516833066940307617e+00,1.216686129570007324e+00,9.999989271163940430e-01,-9.240522049367427826e-04,-5.362912779673933983e-04,1.078658271580934525e-03
5.609102249145507812e+00,4.047657966613769531e+00,5.158301830291748047e+00,9.999583363533020020e-01,4.903748165816068649e-03,-1.533668721094727516e-03,7.557953707873821259e-03
2.447762250900268555e+00,4.758529186248779297e+00,3.251173257827758789e+00,9.999997615814208984e-01,-6.789650069549679756e-04,-1.974188926396891475e-04,-2.776685578282922506e-04
6.992981910705566406e+00,3.831724405288696289e+00,1.800827980041503906e+00,9.999999403953552246e-01,-5.271598347462713718e-04,-1.017637623590417206e-04,-4.224605072522535920e-05
6.286987781524658203e+00,6.154297828674316406e+00,5.939087867736816406e+00,9.999992251396179199e-01,2.259402681374922395e-04,1.260132645256817341e-03,-2.194099361076951027e-04
4.937445819377899170e-01,6.592961311340332031e+00,2.574523448944091797e+00,9.999992847442626953e-01,9.799470426514744759e-04,-2.773270243778824806e-04,-7.644631550647318363e-04
4.639384269714355469e+00,4.682423770427703857e-01,6.467232704162597656e+00,9.999999403953552246e-01,-1.420693151885643601e-04,-3.595856833271682262e-04,2.769201819319278002e-04
2.769952535629272461e+00,4.436245918273925781e+00,3.821172952651977539e+00,9.999163746833801270e-01,1.172010879963636398e-02,2.553654601797461510e-03,-4.840285051614046097e-03
5.672544479370117188e+00,3.766223192214965820e+00,2.359380006790161133e+00,9.999996423721313477e-01,7.322866003960371017e-04,4.913982702419161797e-04,9.327971929451450706e-05
1.351072907447814941e+00,2.126970052719116211e+00,4.327771663665771484e+00,9.999816417694091797e-01,3.670358331874012947e-03,3.819415578618645668e-03,-2.965896856039762497e-03
3.695159912109375000e+00,4.379529953002929688e+00,4.704159259796142578e+00,9.999998807907104492e-01,5.091243656352162361e-04,2.744648954831063747e-04,6.133502029115334153e-05
5.413880348205566406e+00,5.852496147155761719e+00,5.764917373657226562e+00,9.999998807907104492e-01,-4.737967101391404867e-04,7.975141488714143634e-05,-3.502924228087067604e-04
3.355145931243896484e+00,1.571949005126953125e+00,6.218126296997070312e+00,9.999993443489074707e-01,8.202231838367879391e-04,3.753519558813422918e-04,8.294282597489655018e-04
2.027010768651962280e-01,5.872609138488769531e+00,3.708063840866088867e+00,9.999979734420776367e-01,1.488638226874172688e-03,4.246557073201984167e-04,1.341676223091781139e-03
3.621892452239990234e+00,1.439108967781066895e+00,4.181932926177978516e+00,9.999997615814208984e-01,-1.025379024213179946e-04,1.366913493257015944e-04,-7.980030495673418045e-04
4.134803771972656250e+00,3.233847320079803467e-01,1.641034632921218872e-01,9.999995231628417969e-01,2.697399759199470282e-04,8.246332290582358837e-04,5.461267428472638130e-04
5.671705245971679688e+00,5.136169433593750000e+00,4.732953548431396484e+00,1.000000000000000000e+00,-2.361162187298759818e-04,-3.944807976949959993e-04,4.026573878945782781e-05
5.280452728271484375e+00,6.807185173034667969e+00,4.621130526065826416e-01,9.999999403953552246e-01,-1.986831048270687461e-04,9.019509161589667201e-05,-3.914259723387658596e-04
3.989508628845214844e+00,2.341595411300659180e+00,3.923700094223022461e+00,9.999994039535522461e-01,3.249190340284258127e-04,-9.727685828693211079e-04,5.473107448779046535e-04
4.168507754802703857e-01,3.205517530441284180e+00,6.181398868560791016e+00,9.999812841415405273e-01,-3.060440765693783760e-03,3.889381187036633492e-03,3.587020328268408775e-03
3.252526760101318359e+00,4.026095867156982422e+00,6.168032646179199219e+00,1.000000000000000000e+00,-1.938309142133221030e-04,-2.003470581257715821e-04,2.551597426645457745e-04
3.174930095672607422e+00,1.809122323989868164e+00,9.005735516548156738e-01,9.999994039535522461e-01,7.851279806345701218e-04,-1.629871549084782600e-04,8.236127905547618866e-04
1.682575583457946777e+00,4.484805107116699219e+00,3.475678920745849609e+00,1.000000000000000000e+00,-1.011956628644838929e-04,6.508075603051111102e-05,-2.338452759431675076e-04
1.893629670143127441e+00,3.488237142562866211e+00,5.736485004425048828e+00,9.999994039535522461e-01,7.716275285929441452e-04,-5.393392057158052921e-04,-6.056104321032762527e-04
2.528368949890136719e+00,1.390299916267395020e+00,5.530340194702148438e+00,9.999998807907104492e-01,2.138560666935518384e-04,-3.577903844416141510e-04,-4.241466231178492308e-04
5.217934608459472656e+00,5.585604667663574219e+00,1.103706359863281250e+00,9.999209642410278320e-01,-1.167111843824386597e-02,-2.277651801705360413e-03,-4.097963683307170868e-03
6.182273864746093750e+00,1.771340131759643555e+00,4.196557521820068359e+00,1.000000000000000000e+00,-1.300538569921627641e-04,2.059899452433455735e-05,1.217246390297077596e-04
2.728059530258178711e+00,7.478957176208496094e-01,4.576118946075439453e+00,9.999820590019226074e-01,-3.432396333664655685e-03,4.815034568309783936e-03,-1.016037072986364365e-03
4.229164600372314453e+00,2.666589498519897461e+00,2.263719081878662109e+00,9.999298453330993652e-01,-3.775615012273192406e-03,-5.790129303932189941e-03,9.627456776797771454e-03
6.288630008697509766e+00,6.246574401855468750e+00,4.586844921112060547e+00,9.999998211860656738e-01,-3.443763707764446735e-04,6.392145296558737755e-04,-1.245203748112544417e-04
3.452275514602661133e+00,4.819400787353515625e+00,7.242924213409423828e+00,9.999997615814208984e-01,5.649476661346852779e-04,-4.889521514996886253e-04,2.639122831169515848e-04
5.216403007507324219e+00,2.922256946563720703e+00,3.947130680084228516e+00,9.999983906745910645e-01,-6.261100061237812042e-04,-1.674154773354530334e-03,1.619430113350972533e-04
5.207540512084960938e+00,4.087019443511962891e+00,7.968192696571350098e-01,9.999942779541015625e-01,-2.624377375468611717e-03,1.378501649014651775e-03,-1.665476709604263306e-03
3.890485286712646484e+00,6.235198497772216797e+00,6.177262306213378906e+00,9.999997615814208984e-01,-2.372846647631376982e-04,-7.300766301341354847e-04,-9.732889884617179632e-05
6.557991504669189453e+00,2.141021966934204102e+00,4.770771265029907227e-01,9.999999403953552246e-01,3.197912592440843582e-04,-4.010400880360975862e-05,3.778650134336203337e-04
6.603066921234130859e+00,4.819512367248535156e+00,5.321385860443115234e+00,9.999995827674865723e-01,-2.617427380755543709e-04,-4.666733439080417156e-04,7.985589327290654182e-04
6.998450756072998047e+00,5.356977462768554688e+00,1.032626509666442871e+00,9.999997615814208984e-01,-4.353281401563435793e-04,9.965879871742799878e-05,-6.483524339273571968e-04
5.021295547485351562e+00,4.747392177581787109e+00,6.072077274322509766e+00,9.999058842658996582e-01,7.548593915998935699e-03,-3.381728427484631538e-03,-1.094919629395008087e-02
2.868193149566650391e+00,8.908589482307434082e-01,3.438476800918579102e+00,9.999228119850158691e-01,2.637189114466309547e-03,1.603903714567422867e-03,-1.203688047826290131e-02
5.337632656097412109e+00,1.179126739501953125e+00,3.149010419845581055e+00,9.999207854270935059e-01,2.619539620354771614e-03,-1.218341477215290070e-02,-1.824597129598259926e-03
6.980370998382568359e+00,4.415746212005615234e+00,6.366004943847656250e+00,9.999996423721313477e-01,-8.563968003727495670e-04,-2.026506408583372831e-04,-8.641838940093293786e-05
5.976519584655761719e+00,3.250025749206542969e+00,4.286152839660644531e+00,9.999999403953552246e-01,2.503985597286373377e-04,1.080277506844140589e-04,-4.606538568623363972e-04
7.124660015106201172e+00,6.941539764404296875e+00,3.393456697463989258e+00,9.999997019767761230e-01,-2.207643701694905758e-04,-7.964079268276691437e-04,2.713428402785211802e-04
5.102575302124023438e+00,5.718762397766113281e+00,1.369005560874938965e+00,9.998778104782104492e-01,-1.150201074779033661e-02,-7.170143537223339081e-03,-7.792165502905845642e-03
2.353774070739746094e+00,1.937356352806091309e+00,6.965648174285888672e+00,1.000000000000000000e+00,2.568413037806749344e-05,-3.254911280237138271e-05,-1.938543136930093169e-04
6.841118335723876953e+00,4.945525646209716797e+00,3.365764617919921875e+00,9.999990463256835938e-01,-1.101795351132750511e-03,-2.903410677390638739e-05,-9.050369262695312500e-04
1.780158877372741699e+00,2.588901519775390625e+00,3.638648033142089844e+00,9.999998807907104492e-01,3.129154210910201073e-04,-2.488768077455461025e-04,-2.924784785136580467e-04
1.193372488021850586e+00,3.136319398880004883e+00,7.062925696372985840e-01,9.998760223388671875e-01,-1.522561535239219666e-02,3.623205702751874924e-03,1.760061481036245823e-03
3.151094198226928711e+00,4.420343399047851562e+00,5.404940605163574219e+00,9.999999403953552246e-01,5.325817983248271048e-05,2.899114042520523071e-04,-3.168368712067604065e-04
2.781782865524291992e+00,6.380064010620117188e+00,3.600307464599609375e+00,9.999996423721313477e-01,-6.435355171561241150e-04,4.547146672848612070e-04,-4.726946935988962650e-04
6.342870712280273438e+00,6.719056367874145508e-01,1.478480935096740723e+00,9.999952912330627441e-01,6.157823372632265091e-04,-2.924631349742412567e-03,-6.747362203896045685e-04
5.638222694396972656e+00,3.527471303939819336e+00,3.779839992523193359e+00,9.999997019767761230e-01,4.734546819236129522e-04,4.839842731598764658e-04,-3.820623387582600117e-04
5.463263034820556641e+00,7.028331756591796875e+00,5.013988494873046875e+00,9.999998807907104492e-01,4.858893807977437973e-04,-2.356904878979548812e-04,-1.787791261449456215e-04
1.059495687484741211e+00,2.815342426300048828e+00,4.996406078338623047e+00,9.999989271163940430e-01,2.087699685944244266e-04,4.782563773915171623e-04,1.403378439135849476e-03
1.457860589027404785e+00,2.160432577133178711e+00,6.892474651336669922e+00,9.999989867210388184e-01,1.335482927970588207e-03,2.239792956970632076e-04,-5.552961374633014202e-04
2.591547250747680664e+00,5.939464569091796875e-01,5.895780086517333984e+00,1.000000000000000000e+00,2.161181037081405520e-04,3.447815834078937769e-05,-5.253433118923567235e-05
2.825882434844970703e+00,4.251919746398925781e+00,5.559330463409423828e+00,9.999998807907104492e-01,-9.045199840329587460e-05,5.497480742633342743e-04,2.127004554495215416e-04
3.684094667434692383e+00,3.533997833728790283e-01,7.217096805572509766e+00,9.999992847442626953e-01,-4.961045924574136734e-04,1.035764464177191257e-03,2.968737098854035139e-04
3.013410806655883789e+00,4.067811965942382812e+00,7.385868072509765625e+00,1.000000000000000000e+00,3.035643021576106548e-04,-1.480481005273759365e-04,-2.151328662876039743e-04
2.652575492858886719e+00,6.336787700653076172e+00,2.317837476730346680e-01,9.999989271163940430e-01,1.497904420830309391e-03,2.559470885898917913e-04,-7.006740815995726734e-06
6.701022148132324219e+00,4.852485179901123047e+00,6.151220202445983887e-01,9.999976158142089844e-01,1.775122364051640034e-03,1.127164694480597973e-03,-6.744995480403304100e-04
1.906774163246154785e+00,1.147217512130737305e+00,5.637056350708007812e+00,9.999998807907104492e-01,-2.240436442662030458e-04,-4.335245175752788782e-04,7.989373989403247833e-05
7.200729846954345703e+00,3.477183103561401367e+00,1.255732774734497070e+00,9.999783635139465332e-01,4.857447464019060135e-03,3.066317178308963776e-03,3.225206863135099411e-03
3.567464828491210938e+00,3.310832500457763672e+00,2.241003274917602539e+00,9.999977350234985352e-01,9.816909441724419594e-04,-1.842548139393329620e-03,-5.446706200018525124e-04
2.639116764068603516e+00,3.350651264190673828e+00,2.816622555255889893e-01,9.999994039535522461e-01,7.494352757930755615e-04,7.755668484605848789e-04,-3.153852594550698996e-04
2.368639945983886719e+00,6.954206943511962891e+00,4.880808889865875244e-01,9.997937679290771484e-01,1.120210159569978714e-02,-1.358416210860013962e-02,-1.012384332716464996e-02
6.977838039398193359e+00,7.498721122741699219e+00,2.060256004333496094e+00,1.000000000000000000e+00,1.135873462771996856e-04,3.824199084192514420e-04,-1.802344049792736769e-04
1.114397406578063965e+00,7.481066226959228516e+00,4.749398708343505859e+00,1.000000000000000000e+00,1.625357544980943203e-04,5.849169974680989981e-05,-3.587782703107222915e-05
7.262898445129394531e+00,6.707973480224609375e-01,1.948464393615722656e+00,1.000000000000000000e+00,7.938843918964266777e-05,-5.947180397924967110e-05,-2.769394450297113508e-05
1.062778159976005554e-01,7.128521442413330078e+00,5.760716438293457031e+00,9.999992251396179199e-01,-1.125644310377538204e-03,6.209315615706145763e-04,-2.296097954967990518e-04
2.123369455337524414e+00,4.635507583618164062e+00,5.188576579093933105e-01,1.000000000000000000e+00,1.882551296148449183e-04,-1.832898487919010222e-05,-6.600878259632736444e-05
5.409276485443115234e+00,5.840157270431518555e-01,3.862876892089843750e+00,9.999698400497436523e-01,1.657184766372665763e-04,7.693592924624681473e-03,1.041541923768818378e-03
6.111835956573486328e+00,1.075808525085449219e+00,1.644658207893371582e+00,9.999995827674865723e-01,9.081534808501601219e-04,-2.882467379095032811e-05,-3.820143465418368578e-04
1.253450751304626465e+00,3.576004803180694580e-01,3.765709161758422852e+00,1.000000000000000000e+00,-2.558165579102933407e-04,-1.143766203313134611e-04,5.941588824498467147e-05
7.327694892883300781e-01,4.508902072906494141e+00,4.771811008453369141e+00,9.999963045120239258e-01,5.934024811722338200e-04,-2.644440857693552971e-03,-3.838949778582900763e-04
6.526449680328369141e+00,4.980336189270019531e+00,2.410202980041503906e+00,9.999983906745910645e-01,-1.022128271870315075e-03,-3.398954868316650391e-04,1.484473585151135921e-03
7.430857181549072266e+00,2.749721050262451172e+00,5.590221881866455078e+00,9.999992847442626953e-01,-1.159424893558025360e-03,4.023394430987536907e-04,1.735429104883223772e-04
2.509478807449340820e+00,4.001556396484375000e+00,2.453147649765014648e+00,9.999982714653015137e-01,8.879340020939707756e-05,2.617927093524485826e-04,-1.825034501962363720e-03
3.358871698379516602e+00,6.669238090515136719e+00,5.869780182838439941e-01,9.999978542327880859e-01,1.867813174612820148e-03,-6.726521532982587814e-04,-6.474836845882236958e-04
7.004280090332031250e+00,2.365712881088256836e+00,6.905975341796875000e+00,9.999982714653015137e-01,2.528452605474740267e-04,-3.098483430221676826e-04,-1.853020279668271542e-03
2.813755869865417480e-01,9.546017050743103027e-01,1.068771481513977051e+00,9.999995231628417969e-01,4.275999381206929684e-04,-2.434887719573453069e-04,-9.385836892761290073e-04
4.501096248626708984e+00,2.484206438064575195e+00,3.936245203018188477e+00,1.000000000000000000e+00,-2.823576687660533935e-05,-1.675701787462458014e-05,2.684733481146395206e-04
3.427222490310668945e+00,3.915221452713012695e+00,4.019187450408935547e+00,1.000000000000000000e+00,-2.115274692187085748e-04,1.339226000709459186e-04,3.354274376761168242e-04
4.015462398529052734e+00,3.400296211242675781e+00,7.739580869674682617e-01,9.999997019767761230e-01,-1.272217923542484641e-05,-1.688709016889333725e-04,8.031639736145734787e-04
3.364427566528320312e+00,5.858839511871337891e+00,2.628230333328247070e+00,9.999997019767761230e-01,4.349573282524943352e-04,3.093814884778112173e-04,5.581969162449240685e-04
7.109937667846679688e+00,6.580038070678710938e+00,6.436181545257568359e+00,9.999998211860656738e-01,2.172361564589664340e-04,-5.865068524144589901e-04,2.891853800974786282e-04
1.866248697042465210e-01,3.994519710540771484e+00,4.429217815399169922e+00,9.999958276748657227e-01,-2.248896984383463860e-03,1.857625553384423256e-03,8.473479101667180657e-05
6.130226254463195801e-01,1.179063200950622559e+00,2.871098756790161133e+00,9.999989867210388184e-01,5.475821089930832386e-04,4.623008135240525007e-04,-1.225800602696835995e-03
3.616626262664794922e-01,5.471258163452148438e+00,4.785636425018310547e+00,1.000000000000000000e+00,2.769163802440743893e-05,2.619189035613089800e-04,7.224090222734957933e-05
2.694313526153564453e+00,2.788291215896606445e+00,1.488918304443359375e+00,9.999994039535522461e-01,6.479023722931742668e-04,-2.628060756251215935e-04,-9.425097377970814705e-04
1.277418136596679688e+00,1.986965060234069824e+00,1.502873301506042480e-01,1.000000000000000000e+00,2.127107582055032253e-04,1.135709098889492452e-04,-2.003917470574378967e-04
6.872422218322753906e+00,9.412563443183898926e-01,5.173875808715820312e+00,9.999990463256835938e-01,-2.314428093086462468e-05,-1.067333039827644825e-03,-8.958111284300684929e-04
5.049001574516296387e-01,3.225366830825805664e+00,2.118861436843872070e+00,9.999995827674865723e-01,-2.663517370820045471e-04,-4.934884782414883375e-05,-9.166852687485516071e-04
2.989898204803466797e+00,5.412123203277587891e+00,6.497829914093017578e+00,9.999590516090393066e-01,-6.587693933397531509e-04,-6.969727575778961182e-03,5.742247682064771652e-03
6.635614871978759766e+00,9.322395324707031250e-01,1.115147233009338379e+00,9.999974966049194336e-01,-1.093427999876439571e-03,6.271122256293892860e-04,1.888731261715292931e-03
5.609706878662109375e+00,5.770212173461914062e+00,6.588985443115234375e+00,9.999966621398925781e-01,-9.107640362344682217e-04,4.240771522745490074e-05,-2.406555693596601486e-03
5.485285520553588867e-01,1.124320268630981445e+00,2.468820571899414062e+00,9.999843835830688477e-01,-4.165759310126304626e-03,2.578838495537638664e-03,2.706634812057018280e-03
6.274499893188476562e+00,6.786302089691162109e+00,1.108189225196838379e+00,9.999951720237731934e-01,-2.576238941401243210e-03,-8.783452794887125492e-04,-1.552830333821475506e-03
4.421322643756866455e-01,6.066307544708251953e+00,3.488786220550537109e+00,9.999793171882629395e-01,5.412162281572818756e-03,2.381001831963658333e-03,2.534343861043453217e-03
1.538125574588775635e-01,1.225746721029281616e-01,2.494027376174926758e+00,1.000000000000000000e+00,-1.017277463688515127e-04,-3.711433237185701728e-05,-2.000248932745307684e-04
9.864590764045715332e-01,5.154219627380371094e+00,4.972632408142089844e+00,9.999856352806091309e-01,-4.338680766522884369e-03,-3.141555935144424438e-03,-1.245958119397982955e-04
2.890174865722656250e+00,1.228203177452087402e+00,2.640793800354003906e+00,9.999964237213134766e-01,-3.720581589732319117e-04,2.228873781859874725e-03,1.440223422832787037e-03
5.331685066223144531e+00,1.201382160186767578e+00,2.239874124526977539e+00,9.999998807907104492e-01,-3.597134200390428305e-04,-2.547349140513688326e-04,3.067127836402505636e-04
5.372176647186279297e+00,4.855174541473388672e+00,4.438904285430908203e+00,9.999983906745910645e-01,1.000442076474428177e-03,-1.406964729540050030e-03,-5.596689297817647457e-04
1.992782115936279297e+00,3.093437671661376953e+00,5.482676029205322266e+00,9.999998807907104492e-01,3.250717418268322945e-04,-5.447541479952633381e-04,-1.684835151536390185e-04
1.039240956306457520e+00,1.184807300567626953e+00,7.472772598266601562e+00,9.999993443489074707e-01,5.745716043747961521e-04,6.400407291948795319e-04,-8.357614278793334961e-04
3.184395074844360352e+00,3.894637823104858398e+00,5.172096490859985352e-01,1.000000000000000000e+00,2.888842136599123478e-04,-6.837089313194155693e-05,-3.008931525982916355e-04
4.598700523376464844e+00,4.230933189392089844e+00,7.881454229354858398e-01,9.999534487724304199e-01,-6.482733413577079773e-03,-5.657162051647901535e-03,-4.376912023872137070e-03
4.533294200897216797e+00,3.689481496810913086e+00,8.469621092081069946e-02,9.999993443489074707e-01,-1.021259231492877007e-03,9.657520422479137778e-05,6.082965992391109467e-04
3.831915855407714844e+00,7.149478912353515625e+00,3.407640695571899414e+00,1.000000000000000000e+00,-3.255154006183147430e-04,1.424283163942163810e-05,-1.367802033200860023e-04
2.851186752319335938e+00,5.668815135955810547e+00,1.045336246490478516e+00,9.999992847442626953e-01,-9.531550458632409573e-04,7.545966655015945435e-04,-9.169944678433239460e-05
9.161606431007385254e-01,4.166755676269531250e+00,2.441708803176879883e+00,9.999994635581970215e-01,6.439361604861915112e-04,-6.760787218809127808e-04,5.798307829536497593e-04
5.420013904571533203e+00,4.375067234039306641e+00,7.329920291900634766e+00,9.999998807907104492e-01,3.260838275309652090e-05,5.786233232356607914e-04,2.227076765848323703e-04
2.462207555770874023e+00,7.046407222747802734e+00,1.990689039230346680e+00,9.999993443489074707e-01,-7.423745701089501381e-04,-3.922011528629809618e-04,8.531614439561963081e-04
1.064515471458435059e+00,4.781937003135681152e-01,6.751867532730102539e-01,1.000000000000000000e+00,-6.613688310608267784e-05,6.464739999501034617e-05,-2.071865310426801443e-04
6.573897838592529297e+00,5.375657081604003906e+00,2.553990602493286133e+00,9.999427795410156250e-01,2.352793235331773758e-03,1.523450773674994707e-04,-1.043655071407556534e-02
6.755557060241699219e-01,3.955055236816406250e+00,5.063257217407226562e+00,9.999982118606567383e-01,-1.616260735318064690e-03,8.328466210514307022e-04,5.740713677369058132e-04
5.082492232322692871e-01,5.758674144744873047e+00,2.470633536577224731e-01,9.999933838844299316e-01,-2.904482884332537651e-03,1.401141169480979443e-03,-1.696152030490338802e-03
5.638671398162841797e+00,2.070509195327758789e+00,2.812430858612060547e+00,9.999993443489074707e-01,1.128482865169644356e-03,1.982860994758084416e-04,-3.800808335654437542e-04
7.271802902221679688e+00,5.536060333251953125e+00,3.622154951095581055e+00,9.999998807907104492e-01,2.018598897848278284e-04,5.052517517469823360e-04,1.294709072681143880e-04
3.224732637405395508e+00,6.535749912261962891e+00,5.783723354339599609e+00,9.999842047691345215e-01,-1.348134479485452175e-03,-2.298290142789483070e-03,4.944333806633949280e-03
3.609493494033813477e+00,6.664712429046630859e+00,4.692786216735839844e+00,9.999988675117492676e-01,-2.864297130145132542e-04,-7.803693879395723343e-04,1.297507435083389282e-03
7.331533432006835938e+00,5.005680084228515625e+00,4.209324836730957031e+00,9.999999403953552246e-01,-2.602809108793735504e-04,2.981348079629242420e-04,1.373378036078065634e-04
5.603078380227088928e-02,3.620414018630981445e+00,4.040771484375000000e+00,9.999583959579467773e-01,-6.417488679289817810e-03,-2.417735056951642036e-03,-6.019885651767253876e-03
4.053867340087890625e+00,5.130978107452392578e+00,3.245596170425415039e+00,1.000000000000000000e+00,9.173491889669094235e-06,2.185453777201473713e-04,2.746996178757399321e-04
3.141345262527465820e+00,3.201029539108276367e+00,1.649809479713439941e+00,9.999999403953552246e-01,-4.003795038443058729e-05,-5.002333782613277435e-04,-1.121516615967266262e-04
3.995691537857055664e+00,2.681936979293823242e+00,5.967309951782226562e+00,9.999167323112487793e-01,-7.913672365248203278e-03,8.260183036327362061e-03,5.983991082757711411e-03
6.624509811401367188e+00,5.862998962402343750e+00,4.590479373931884766e+00,9.999998807907104492e-01,-5.041949916630983353e-04,2.665892243385314941e-04,3.964270581491291523e-05
3.711413621902465820e+00,2.203390598297119141e+00,1.467509984970092773e+00,9.999994039535522461e-01,4.861353372689336538e-04,7.012445130385458469e-04,7.601897814311087132e-04
7.962700724601745605e-01,4.467379093170166016e+00,3.148839473724365234e+00,9.999994039535522461e-01,3.076566790696233511e-04,1.863583020167425275e-04,-1.078815897926688194e-03
7.642802596092224121e-01,5.517437934875488281e+00,6.000579357147216797e+00,9.999986290931701660e-01,-4.730074433609843254e-04,-2.202804753324016929e-04,-1.605389639735221863e-03
1.812634110450744629e+00,2.313857555389404297e+00,4.289623260498046875e+00,9.999980330467224121e-01,1.686346251517534256e-03,-7.986563141457736492e-04,7.544297841377556324e-04
4.198091506958007812e+00,6.389213085174560547e+00,6.692831993103027344e+00,9.999995231628417969e-01,-7.800980238243937492e-04,-5.872164038009941578e-04,8.341390639543533325e-05
1.056220889091491699e+00,7.363426208496093750e+00,5.651446342468261719e+00,9.999997019767761230e-01,-6.656071491306647658e-05,-6.818262045271694660e-04,5.258406745269894600e-04
5.432869911193847656e+00,5.836909294128417969e+00,1.916082948446273804e-01,9.999976158142089844e-01,-1.111201709136366844e-03,1.890568877570331097e-03,-3.441267763264477253e-04
1.310752391815185547e+00,3.094103932380676270e-02,5.406406521797180176e-01,9.999998211860656738e-01,-6.579714827239513397e-04,-2.792079467326402664e-04,5.459532258100807667e-05
5.931945800781250000e+00,2.125029325485229492e+00,6.372149944305419922e+00,9.999596476554870605e-01,1.236406737007200718e-03,-2.579754684120416641e-03,-8.521759882569313049e-03
3.821527957916259766e+00,1.616309046745300293e+00,2.618536472320556641e+00,1.000000000000000000e+00,1.535305345896631479e-04,-2.440941752865910530e-04,1.064793195837410167e-05
6.492342948913574219e+00,2.977155447006225586e+00,4.918437004089355469e+00,9.999998807907104492e-01,-3.025832702405750751e-04,2.013314806390553713e-04,-3.357420791871845722e-04
3.399857044219970703e+00,5.178763866424560547e+00,5.231656074523925781e+00,9.999396204948425293e-01,-7.821305654942989349e-03,-3.991593606770038605e-03,6.614014506340026855e-03
2.434005975723266602e+00,2.355740070343017578e+00,3.050109386444091797e+00,9.999993443489074707e-01,-5.017838557250797749e-04,9.789844043552875519e-04,-4.491595027502626181e-04
2.777104139328002930e+00,2.488526821136474609e+00,1.237378358840942383e+00,1.000000000000000000e+00,1.230946363648399711e-04,-8.803324453765526414e-05,-9.580537880538031459e-05
6.766063690185546875e+00,4.661046981811523438e+00,2.341801643371582031e+00,9.999932646751403809e-01,-4.722293524537235498e-04,3.503118641674518585e-03,-1.003395183943212032e-03
3.442153692245483398e+00,3.419637441635131836e+00,6.376232147216796875e+00,9.999998807907104492e-01,2.521584392525255680e-04,-3.257953212596476078e-04,3.793415089603513479e-04
1.944547533988952637e+00,6.584708213806152344e+00,1.460217356681823730e+00,9.999468922615051270e-01,7.061075884848833084e-03,2.756453119218349457e-03,6.988228298723697662e-03
6.063795089721679688e-01,5.706307411193847656e+00,7.447324275970458984e+00,9.999943375587463379e-01,-2.631415147334337234e-03,1.536479918286204338e-03,-1.463499385863542557e-03
5.835737228393554688e+00,8.983738422393798828e-01,5.535885095596313477e-01,1.000000000000000000e+00,1.270130160264670849e-04,5.379562480811728165e-06,3.073546977248042822e-04
6.747713088989257812e+00,3.318104743957519531e-01,3.870780706405639648e+00,9.999994039535522461e-01,8.100014529190957546e-04,3.180923813488334417e-04,-6.808055914007127285e-04
7.171398997306823730e-01,6.098488807678222656e+00,7.120221614837646484e+00,9.999963641166687012e-01,1.465056091547012329e-03,1.655865809880197048e-03,1.571551547385752201e-03
3.215830326080322266e-01,4.351021766662597656e+00,5.853913426399230957e-01,9.999983906745910645e-01,7.004154213063884526e-06,-7.589294109493494034e-04,-1.629166654311120510e-03
2.954663932323455811e-01,9.623205661773681641e-01,6.835752964019775391e+00,9.999405741691589355e-01,9.380523115396499634e-03,-5.267877131700515747e-03,1.799596473574638367e-03
2.733591794967651367e-01,6.556711673736572266e+00,5.539437770843505859e+00,9.999922513961791992e-01,7.440836052410304546e-04,3.805252956226468086e-03,-6.754257483407855034e-04
7.150701045989990234e+00,1.046630889177322388e-01,7.468750476837158203e+00,9.999997615814208984e-01,-1.808163870009593666e-05,7.343871984630823135e-04,1.155223944806493819e-04
4.857072830200195312e+00,5.684502124786376953e+00,5.114668846130371094e+00,9.999980926513671875e-01,-7.400572649203240871e-04,-1.690705656073987484e-03,-7.424487848766148090e-04
6.041213512420654297e+00,1.063440799713134766e+00,3.857481002807617188e+00,9.999988675117492676e-01,-3.062314499402418733e-05,1.459334860555827618e-03,5.233214469626545906e-04
2.396332025527954102e+00,3.193694949150085449e-01,4.605694770812988281e+00,9.999984502792358398e-01,1.400522189214825630e-03,-6.323339184746146202e-04,8.824104443192481995e-04
3.155360698699951172e+00,4.596980094909667969e+00,2.754597365856170654e-02,9.999999403953552246e-01,2.003984554903581738e-04,-3.350605256855487823e-04,-2.373151946812868118e-04
3.421099424362182617e+00,6.200929164886474609e+00,4.066126823425292969e+00,9.999686479568481445e-01,1.668479875661432743e-03,4.124424420297145844e-03,6.563783157616853714e-03
3.864801824092864990e-01,2.186666727066040039e+00,4.791264533996582031e+00,9.999868869781494141e-01,-4.022295586764812469e-03,-5.718179745599627495e-04,3.130631288513541222e-03
4.841952323913574219e+00,4.061815738677978516e+00,5.245205760002136230e-01,9.999979734420776367e-01,-1.778743229806423187e-03,-9.785438887774944305e-04,-3.106372023466974497e-04
4.719222545623779297e+00,6.759168624877929688e+00,1.498467475175857544e-01,9.999247193336486816e-01,7.395208347588777542e-03,-1.360181136988103390e-03,-9.702618233859539032e-03
4.298698902130126953e+00,6.505607604980468750e+00,6.993842601776123047e+00,9.999998807907104492e-01,-4.250876663718372583e-04,1.962961687240749598e-04,5.585189683188218623e-06
3.850535869598388672e+00,5.153796672821044922e+00,5.284168720245361328e+00,9.999977946281433105e-01,4.763150063809007406e-04,-3.817191172856837511e-04,2.045647706836462021e-03
5.511906147003173828e+00,3.664677143096923828e+00,7.260161399841308594e+00,9.999973773956298828e-01,-2.034105593338608742e-03,1.822247577365487814e-04,-9.947314392775297165e-04
1.717293411493301392e-01,4.890067577362060547e+00,3.058639287948608398e+00,9.999979138374328613e-01,-3.551481131580658257e-05,1.670513418503105640e-03,1.235532457940280437e-03
2.094527959823608398e+00,6.449375152587890625e+00,7.472144603729248047e+00,9.999989271163940430e-01,1.389859826304018497e-03,-1.489188580308109522e-04,6.026452756486833096e-04
5.886436939239501953e+00,2.058463245630264282e-01,9.552548527717590332e-01,9.999997615814208984e-01,-5.800083745270967484e-04,-4.421170742716640234e-04,-2.682833001017570496e-04
1.839221000671386719e+00,4.790803909301757812e+00,3.692349195480346680e+00,9.999999403953552246e-01,3.030608932022005320e-04,6.468671199399977922e-05,3.429768548812717199e-04
3.879406690597534180e+00,7.045912742614746094e-02,1.888065814971923828e+00,9.999999403953552246e-01,-3.561975026968866587e-04,2.985701139550656080e-04,2.200052695116028190e-04
5.406638622283935547e+00,3.347518444061279297e+00,6.302212238311767578e+00,9.999997615814208984e-01,-2.394707262283191085e-04,-5.285753286443650723e-04,5.395055050030350685e-04
8.213902711868286133e-01,4.010870933532714844e+00,6.024726867675781250e+00,9.999224543571472168e-01,-1.104051619768142700e-02,-5.185724236071109772e-03,2.528832759708166122e-03
4.544173240661621094e+00,5.896892070770263672e+00,5.640086650848388672e+00,9.999879598617553711e-01,-4.583919886499643326e-03,4.716245457530021667e-04,1.686166971921920776e-03
6.783977985382080078e+00,3.580063104629516602e+00,5.089432239532470703e+00,9.999939203262329102e-01,-2.414617221802473068e-03,8.001106325536966324e-04,-2.375931013375520706e-03
1.904233455657958984e+00,5.560839176177978516e+00,2.981725215911865234e+00,9.999998211860656738e-01,-5.044314311817288399e-04,-4.373110714368522167e-04,1.469732524128630757e-04
6.626005172729492188e+00,6.765484333038330078e+00,5.223577499389648438e+00,9.999698400497436523e-01,2.297912724316120148e-03,-7.013403344899415970e-03,2.455736277624964714e-03
2.985936164855957031e+00,6.560285568237304688e+00,1.664992451667785645e+00,9.999998211860656738e-01,-4.434812581166625023e-04,-5.114137311466038227e-04,8.680919563630595803e-05
6.757217407226562500e+00,3.492656230926513672e+00,3.440462589263916016e+00,9.999955296516418457e-01,1.657017855904996395e-03,-2.193221007473766804e-04,2.507517579942941666e-03
1.119205594062805176e+00,5.634216308593750000e+00,6.218902587890625000e+00,1.000000000000000000e+00,1.040919305523857474e-04,1.847126404754817486e-04,-1.407655217917636037e-04
3.452548980712890625e+00,7.349921226501464844e+00,6.483620166778564453e+00,9.999992847442626953e-01,7.460023043677210808e-04,2.598742139525711536e-04,9.831925854086875916e-04
4.092864513397216797e+00,1.543896675109863281e+00,5.100003719329833984e+00,9.999998807907104492e-01,3.131792182102799416e-04,-1.794852578314021230e-04,3.687569696921855211e-04
2.027799606323242188e+00,6.844723701477050781e+00,7.697259783744812012e-01,9.998946785926818848e-01,5.093315150588750839e-03,1.088333036750555038e-02,8.148751221597194672e-03
4.843603134155273438e+00,6.794881820678710938e+00,6.065706253051757812e+00,9.999991655349731445e-01,-1.073140767402946949e-03,7.011130219325423241e-04,4.264690796844661236e-04
6.226311206817626953e+00,5.461840152740478516e+00,7.066179752349853516e+00,1.000000000000000000e+00,7.437670137733221054e-05,-2.842171234078705311e-04,1.843416102929040790e-04
1.007086157798767090e+00,6.636844158172607422e+00,7.426415920257568359e+00,9.999777674674987793e-01,2.846796065568923950e-03,-5.363557487726211548e-03,2.776111010462045670e-03
7.041383981704711914e-01,5.521935462951660156e+00,1.772126436233520508e+00,9.999771118164062500e-01,3.648417536169290543e-03,-1.857547438703477383e-03,-5.397839471697807312e-03
5.909628868103027344e+00,3.428376197814941406e+00,6.994099140167236328e+00,9.999967217445373535e-01,5.816600751131772995e-04,2.402570331469178200e-03,-6.233869353309273720e-04
3.529870986938476562e+00,7.288917541503906250e+00,2.908577919006347656e+00,9.999997019767761230e-01,-6.771676708012819290e-04,-4.665919732360634953e-06,4.566532443277537823e-04
3.779495000839233398e+00,7.595529556274414062e-01,2.347590208053588867e+00,9.999997019767761230e-01,-6.347256712615489960e-04,-1.350854872725903988e-04,-5.419939407147467136e-04
2.869855642318725586e+00,8.801361918449401855e-01,3.827974796295166016e-01,1.000000000000000000e+00,8.215298294089734554e-05,-3.092423503403551877e-05,2.016881917370483279e-04
7.078114032745361328e+00,4.984163284301757812e+00,2.962729930877685547e+00,9.999296069145202637e-01,-4.956407356075942516e-04,-3.497224766761064529e-03,-1.133055426180362701e-02
4.868061542510986328e+00,4.982663631439208984e+00,6.646430492401123047e+00,9.999990463256835938e-01,5.518820253200829029e-04,8.415679330937564373e-04,-9.955164277926087379e-04
1.410549283027648926e+00,3.319133996963500977e+00,5.170078754425048828e+00,9.999135136604309082e-01,1.547096995636820793e-03,4.044601693749427795e-03,-1.242166664451360703e-02
6.307461261749267578e+00,6.706851005554199219e+00,4.181551933288574219e+00,1.000000000000000000e+00,-8.435307245235890150e-05,1.082455710275098681e-04,-1.909773709485307336e-04
9.040274024009704590e-01,2.882923364639282227e+00,3.559098243713378906e+00,9.999641180038452148e-01,4.601172171533107758e-03,-1.666578697040677071e-03,6.924576591700315475e-03
7.196574211120605469e+00,5.736953735351562500e+00,7.300899028778076172e+00,9.999998807907104492e-01,2.562732261139899492e-04,2.111838839482516050e-04,-4.347478388808667660e-04
2.876266717910766602e+00,2.622780084609985352e+00,4.016432285308837891e+00,9.999994039535522461e-01,2.971021458506584167e-04,1.601446274435147643e-04,1.125390408560633659e-03
5.473775863647460938e+00,7.166400909423828125e+00,7.153702259063720703e+00,9.999958276748657227e-01,6.369224865920841694e-05,1.728615374304354191e-03,2.347342437133193016e-03
5.246894359588623047e+00,4.077862739562988281e+00,2.249392986297607422e+00,9.997920989990234375e-01,-1.062223687767982483e-02,1.532616280019283295e-02,-8.253742009401321411e-03
9.869319200515747070e-01,2.709441423416137695e+00,1.877772331237792969e+00,9.999968409538269043e-01,6.791173946112394333e-04,1.486504101194441319e-03,1.925829215906560421e-03
2.688217878341674805e+00,2.158005952835083008e+00,4.599553585052490234e+00,9.999942183494567871e-01,-8.589687786297872663e-05,-2.144641941413283348e-03,2.662174403667449951e-03
4.304545402526855469e+00,9.221293330192565918e-01,5.601671695709228516e+00,9.999998807907104492e-01,3.978442691732198000e-05,-6.099067977629601955e-04,1.586337311891838908e-04
5.787083148956298828e+00,3.165036678314208984e+00,5.804012775421142578e+00,9.999994635581970215e-01,-1.069951569661498070e-03,5.054790381109341979e-05,-6.190094427438452840e-05
6.952080249786376953e+00,5.410214424133300781e+00,2.249165534973144531e+00,9.999972581863403320e-01,8.629572403151541948e-05,2.289613708853721619e-03,5.774072487838566303e-04
4.007507801055908203e+00,6.686953544616699219e+00,4.081483364105224609e+00,1.000000000000000000e+00,-5.916445843467954546e-06,9.333786147180944681e-05,3.466622729320079088e-04
6.282478809356689453e+00,1.622763395309448242e+00,3.177914619445800781e+00,9.999993443489074707e-01,1.814822753658518195e-04,-7.091789739206433296e-04,9.674676693975925446e-04
1.467116117477416992e+00,1.882732272148132324e+00,6.287120342254638672e+00,9.999995827674865723e-01,6.445561884902417660e-04,-1.400531909894198179e-04,-7.043596706353127956e-04
4.531755924224853516e+00,6.265449047088623047e+00,1.416887760162353516e+00,9.999997615814208984e-01,-4.190012405160814524e-04,-4.874763835687190294e-04,-4.356300050858408213e-04
6.609198570251464844e+00,3.177475556731224060e-02,2.407533645629882812e+00,9.999998807907104492e-01,5.134074599482119083e-04,3.668138524517416954e-04,-2.841966306732501835e-05
3.465678691864013672e+00,6.072939395904541016e+00,5.264273166656494141e+00,9.999958872795104980e-01,-6.546900840476155281e-04,-2.381914993748068810e-03,1.490372116677463055e-03
2.961006641387939453e+00,2.498947829008102417e-02,4.846291542053222656e+00,9.999998807907104492e-01,5.968760233372449875e-04,1.544164697406813502e-04,2.196643181378021836e-04
4.503676891326904297e+00,2.687838792800903320e+00,3.511851310729980469e+00,9.999999403953552246e-01,-1.682384609011933208e-04,1.450772688258439302e-04,4.937852500006556511e-04
7.308232784271240234e-01,1.499767422676086426e+00,5.553895473480224609e+00,9.999998807907104492e-01,-3.315051726531237364e-04,4.467528196983039379e-04,-9.781581320567056537e-05
7.344113826751708984e+00,1.948574423789978027e+00,7.148397922515869141e+00,1.000000000000000000e+00,-3.343934076838195324e-04,-8.527431054972112179e-05,-1.778740552254021168e-04
6.842586994171142578e+00,2.781078577041625977e+00,1.593445658683776855e+00,1.000000000000000000e+00,-1.504665124230086803e-04,2.268278913106769323e-04,2.743663499131798744e-04
4.770686149597167969e+00,4.660809040069580078e+00,2.438102722167968750e+00,9.999997019767761230e-01,-8.367511327378451824e-04,-2.092485192406456918e-05,2.506432610971387476e-05
4.398862361907958984e+00,3.874773263931274414e+00,3.391960144042968750e+00,9.999965429306030273e-01,7.734242826700210571e-04,-7.066278340062126517e-05,-2.531837439164519310e-03
4.595093131065368652e-01,1.944959282875061035e+00,2.670906305313110352e+00,9.999998211860656738e-01,3.624815144576132298e-04,3.108095188508741558e-05,5.362333613447844982e-04
3.044555664062500000e+00,8.120466470718383789e-01,6.036963462829589844e+00,9.999953508377075195e-01,-1.882782322354614735e-03,2.105593914166092873e-03,-1.181448809802532196e-03
2.913096189498901367e+00,2.204045504331588745e-01,2.510806322097778320e+00,9.999999403953552246e-01,-1.738337887218222022e-04,-3.331110056024044752e-04,3.317745577078312635e-04
3.852502346038818359e+00,4.913244724273681641e+00,6.351422786712646484e+00,9.999983906745910645e-01,-1.065528835169970989e-03,-1.230579800903797150e-03,8.398348581977188587e-04
6.629406929016113281e+00,6.452270030975341797e+00,6.889399290084838867e-01,9.999999403953552246e-01,6.818838301114737988e-05,3.664341784315183759e-05,-5.338688497431576252e-04
4.581908226013183594e+00,5.011629581451416016e+00,5.425002574920654297e+00,9.999974370002746582e-01,2.079801633954048157e-03,-7.444412913173437119e-04,4.594290803652256727e-04
5.622332096099853516e+00,4.178695753216743469e-02,7.046708583831787109e+00,9.999987483024597168e-01,1.423269044607877731e-03,7.478068000636994839e-04,-1.817287993617355824e-04
2.710243165493011475e-01,4.061845839023590088e-01,5.861092090606689453e+00,9.999999403953552246e-01,-4.225097945891320705e-04,1.534160692244768143e-04,8.487739978590980172e-05
3.973866462707519531e+00,6.925574779510498047e+00,1.757138609886169434e+00,9.999998807907104492e-01,5.770282223238609731e-05,-3.943586307286750525e-06,5.742335342802107334e-04
5.586357116699218750e+00,1.842730998992919922e+00,3.789749622344970703e+00,9.999998807907104492e-01,6.624232628382742405e-05,-2.212467807112261653e-04,-4.206930170767009258e-04
5.110360622406005859e+00,5.967849731445312500e+00,2.822082757949829102e+00,1.000000000000000000e+00,-1.406548835802823305e-04,6.701090751448646188e-05,-7.960305083543062210e-05
3.565024137496948242e+00,7.257711887359619141e+00,3.671006441116333008e+00,9.999991655349731445e-01,7.956493645906448364e-04,-4.335453268140554428e-04,-9.882884332910180092e-04
3.340395912528038025e-02,1.741287350654602051e+00,5.141235351562500000e+00,9.999997019767761230e-01,2.811796439345926046e-04,2.971831418108195066e-05,8.075698860920965672e-04
4.587907195091247559e-01,2.851443290710449219e+00,7.457341551780700684e-01,9.999999403953552246e-01,-4.967048153048381209e-05,3.486174100544303656e-04,-2.484703436493873596e-04
7.537515163421630859e-01,2.985252618789672852e+00,4.914312362670898438e+00,9.999977946281433105e-01,-4.401408659759908915e-04,-1.507456618128344417e-04,2.081220271065831184e-03
2.903121232986450195e+00,1.948339462280273438e+00,1.958614110946655273e+00,9.999989867210388184e-01,-5.192698445171117783e-04,-5.064313882030546665e-04,1.295027206651866436e-03
2.248482227325439453e+00,3.884032487869262695e+00,1.824424982070922852e+00,9.999890327453613281e-01,3.109888406470417976e-03,3.122510155662894249e-03,-1.585836522281169891e-03
5.914918422698974609e+00,7.446490287780761719e+00,1.527269244194030762e+00,9.999998807907104492e-01,4.218565300107002258e-04,-2.277251478517428041e-04,3.711221215780824423e-04
3.290595293045043945e+00,6.371489524841308594e+00,7.147985696792602539e-01,9.999744892120361328e-01,5.374223925173282623e-03,-4.578264430165290833e-03,-1.144689624197781086e-03
4.430910587310791016e+00,6.160369396209716797e+00,4.927115917205810547e+00,9.999983906745910645e-01,2.399218210484832525e-04,-1.674480154179036617e-03,-7.094361353665590286e-04
5.097543239593505859e+00,1.823914170265197754e+00,5.332107543945312500e+00,9.999997615814208984e-01,5.954657099209725857e-04,-3.902003518305718899e-04,2.716445014812052250e-04
4.306045055389404297e+00,4.185400962829589844e+00,5.585773468017578125e+00,9.998731017112731934e-01,2.696153940632939339e-03,-1.534837763756513596e-02,-3.320266259834170341e-03
9.647306203842163086e-01,1.531293034553527832e+00,4.920072555541992188e+00,9.999991059303283691e-01,6.680130609311163425e-04,1.015716465190052986e-03,-5.921629490330815315e-04
2.877256631851196289e+00,1.415465354919433594e+00,4.639759540557861328e+00,9.999919533729553223e-01,-2.377493074163794518e-03,1.987485447898507118e-03,-2.573053119704127312e-03
2.850772380828857422e+00,2.145721435546875000e+00,1.695019721984863281e+00,9.999957680702209473e-01,1.562535762786865234e-04,-1.905778772197663784e-04,2.918352372944355011e-03
6.063074469566345215e-01,4.867558002471923828e+00,2.448650121688842773e+00,9.999988079071044922e-01,-5.293223075568675995e-04,-1.448876806534826756e-03,-1.455467136111110449e-04
5.392767786979675293e-01,5.345393657684326172e+00,6.164345264434814453e+00,9.999929070472717285e-01,-1.584979938343167305e-03,-1.153931487351655960e-03,-3.224777523428201675e-03
2.891185522079467773e+00,1.807315945625305176e+00,3.152453660964965820e+00,9.999990463256835938e-01,-8.542626164853572845e-04,9.729582234285771847e-04,4.787075158674269915e-04
2.566481590270996094e+00,7.222702503204345703e+00,6.021447181701660156e+00,9.999934434890747070e-01,3.493444295600056648e-03,-5.320002674125134945e-04,-8.441467653028666973e-04
6.606137275695800781e+00,4.342617988586425781e+00,3.443464040756225586e+00,9.999998211860656738e-01,4.791939863935112953e-05,6.827448960393667221e-04,1.169189818028826267e-05
1.742646336555480957e+00,2.664726257324218750e+00,4.925283908843994141e+00,9.999995231628417969e-01,2.711195556912571192e-04,7.430042605847120285e-04,-6.175457965582609177e-04
1.201954483985900879e+00,4.005685806274414062e+00,1.210221290588378906e+00,1.000000000000000000e+00,-5.819326179334893823e-05,-1.061772127286531031e-04,9.222059452440589666e-05
5.492129325866699219e-01,3.705934882164001465e-01,5.062105655670166016e+00,9.999997019767761230e-01,-1.919008063850924373e-04,3.678136272355914116e-04,-7.123490213416516781e-04
5.344682216644287109e+00,5.021550178527832031e+00,3.077134370803833008e+00,9.999697804450988770e-01,-3.551987931132316589e-03,-2.860330510884523392e-03,6.302814465016126633e-03
9.584036469459533691e-02,5.975500583648681641e+00,6.642817974090576172e+00,1.000000000000000000e+00,1.283494639210402966e-04,1.627995661692693830e-04,3.794312215177342296e-05
1.985664129257202148e+00,1.953816533088684082e+00,2.435142517089843750e+00,9.999978542327880859e-01,1.264409045688807964e-03,3.109093231614679098e-04,-1.632325933314859867e-03
4.963653087615966797e+00,6.348820209503173828e+00,8.744873404502868652e-01,9.999997615814208984e-01,6.962502375245094299e-04,2.289890835527330637e-04,-4.526007251115515828e-05
7.109340190887451172e+00,4.404896497726440430e-01,2.914164304733276367e+00,1.000000000000000000e+00,-6.718505755998194218e-05,-1.086184347514063120e-04,-2.927944024122552946e-06
5.853305339813232422e+00,2.447566509246826172e+00,1.753748416900634766e+00,9.999998211860656738e-01,3.113705897703766823e-04,-5.473406636156141758e-04,-1.636098313611000776e-04
1.199238777160644531e+00,6.516077518463134766e+00,4.449912548065185547e+00,9.999999403953552246e-01,2.859518572222441435e-04,-3.109794633928686380e-04,7.813743286533281207e-05
6.613420963287353516e+00,6.656465053558349609e+00,4.923444747924804688e+00,9.999749064445495605e-01,2.552950289100408554e-03,-6.274012383073568344e-03,2.101005055010318756e-03
6.786262512207031250e+00,7.259071350097656250e+00,6.928947925567626953e+00,9.999984502792358398e-01,9.501726599410176277e-04,-1.371565042063593864e-03,6.239219219423830509e-04
6.222898006439208984e+00,1.748097896575927734e+00,5.946458578109741211e-01,9.999997615814208984e-01,6.260810769163072109e-04,-1.360700989607721567e-04,4.591756151057779789e-04
1.527854800224304199e+00,3.554422140121459961e+00,5.174610614776611328e-01,9.999948143959045410e-01,-2.214886713773012161e-03,1.956097315996885300e-03,-1.348954392597079277e-03
6.115015983581542969e+00,3.934353113174438477e+00,2.418773889541625977e+00,9.999827742576599121e-01,-4.883072338998317719e-03,2.275430364534258842e-03,-2.332914154976606369e-03
1.949316740036010742e+00,2.153641462326049805e+00,1.605209827423095703e+00,9.999603033065795898e-01,7.299977820366621017e-03,5.034714005887508392e-03,-8.774995803833007812e-04
5.194314479827880859e+00,4.249698638916015625e+00,5.724697589874267578e+00,9.999991655349731445e-01,9.803723078221082687e-04,-1.730135991238057613e-04,9.006924228742718697e-04
6.584512233734130859e+00,3.750452756881713867e+00,1.154168605804443359e+00,9.999985098838806152e-01,-8.398362115258350968e-05,6.850591162219643593e-04,1.628274796530604362e-03
5.802024364471435547e+00,1.313846945762634277e+00,2.148947000503540039e+00,9.999997019767761230e-01,1.349457597825676203e-04,-6.865467294119298458e-04,4.128246800974011421e-04
5.085708618164062500e+00,1.633897900581359863e+00,2.275324583053588867e+00,1.000000000000000000e+00,-1.340064627584069967e-04,-1.396574516547843814e-04,1.281235745409503579e-04
4.753965377807617188e+00,5.705651283264160156e+00,3.346333026885986328e+00,1.000000000000000000e+00,-1.145438800449483097e-04,3.971144615206867456e-04,1.098360226023942232e-04
9.025957584381103516e-01,4.709099769592285156e+00,1.922078371047973633e+00,9.999981522560119629e-01,1.483599771745502949e-03,1.753812684910371900e-04,-1.248823013156652451e-03
3.593382120132446289e+00,4.920953750610351562e+00,1.817133069038391113e+00,9.999994635581970215e-01,-4.808133235201239586e-04,1.762259198585525155e-04,8.904352434910833836e-04
5.678997993469238281e+00,5.311218738555908203e+00,2.021914482116699219e+00,9.999979734420776367e-01,-1.972927013412117958e-03,3.483279142528772354e-04,-3.525109204929322004e-04
2.366217851638793945e+00,6.593653678894042969e+00,1.199276208877563477e+00,9.999964833259582520e-01,-7.704187300987541676e-04,-9.376874659210443497e-04,-2.378127072006464005e-03
4.687461376190185547e+00,4.905564486980438232e-01,5.159846782684326172e+00,9.999635219573974609e-01,5.326743703335523605e-03,-6.000302266329526901e-03,-2.919193357229232788e-03
4.236208498477935791e-01,6.645869731903076172e+00,6.436573505401611328e+00,9.999989271163940430e-01,1.323578471783548594e-04,9.835866512730717659e-04,-1.146264839917421341e-03
5.078093528747558594e+00,1.320601820945739746e+00,1.381572365760803223e+00,9.999988675117492676e-01,3.193870070390403271e-04,1.000397605821490288e-03,1.131495344452559948e-03
4.675139904022216797e+00,5.304495811462402344e+00,1.335402846336364746e+00,9.999987483024597168e-01,4.817377775907516479e-04,-8.512281783623620868e-05,1.544810365885496140e-03
3.688744306564331055e+00,5.130758762359619141e+00,2.835556983947753906e+00,9.999994635581970215e-01,6.222000811249017715e-04,-6.663159001618623734e-04,-6.655217730440199375e-04
6.171785593032836914e-01,3.565068483352661133e+00,1.493996739387512207e+00,9.999997615814208984e-01,-7.424112991429865360e-04,-2.521885908208787441e-04,5.947877070866525173e-05
5.202237606048583984e+00,2.107926368713378906e+00,6.673795700073242188e+00,9.999997019767761230e-01,-3.349664912093430758e-04,5.575301111093722284e-05,7.476499304175376892e-04
4.949608325958251953e+00,2.909387588500976562e+00,5.161885738372802734e+00,9.999982714653015137e-01,-5.813466850668191910e-04,-1.290922053158283234e-03,1.270307460799813271e-03
1.576218485832214355e+00,4.003020763397216797e+00,3.173531889915466309e-01,9.999777674674987793e-01,-2.919898368418216705e-03,5.960031878203153610e-03,-6.693276809528470039e-04
5.200831890106201172e+00,9.461227059364318848e-02,3.182154417037963867e+00,9.999998211860656738e-01,-6.522565381601452827e-04,1.207924215123057365e-04,-2.890942269004881382e-04
1.278380155563354492e+00,1.533401846885681152e+00,5.405674457550048828e+00,9.999470114707946777e-01,-9.837835095822811127e-03,-2.735645975917577744e-03,1.305596088059246540e-03
3.758260905742645264e-01,9.087405800819396973e-01,2.270627260208129883e+00,9.998922348022460938e-01,5.544887389987707138e-03,-2.984797116369009018e-03,-1.326357945799827576e-02
4.553043365478515625e+00,1.874224781990051270e+00,4.782763481140136719e+00,9.999999403953552246e-01,2.032113989116623998e-04,-3.622676595114171505e-04,-1.954628824023529887e-04
1.653540134429931641e+00,2.054306268692016602e+00,5.253164768218994141e+00,9.999997019767761230e-01,-6.946505745872855186e-04,3.936528810299932957e-04,-2.780103532131761312e-04
4.257948398590087891e+00,4.362805783748626709e-01,8.101129531860351562e-01,9.999941587448120117e-01,7.495050667785108089e-04,-2.957500051707029343e-03,-1.585789141245186329e-03
2.329533249139785767e-01,1.942025661468505859e+00,6.031922340393066406e+00,9.999998807907104492e-01,3.405513998586684465e-04,3.149253607261925936e-04,2.754407760221511126e-04
5.504914283752441406e+00,2.478736788034439087e-01,3.209787130355834961e+00,9.999990463256835938e-01,-1.371038495562970638e-03,1.679383713053539395e-04,-4.006593371741473675e-04
6.942142009735107422e+00,4.071383953094482422e+00,4.555246353149414062e+00,9.999994635581970215e-01,5.179457948543131351e-04,1.831366244005039334e-04,-9.594332077540457249e-04
6.997270107269287109e+00,6.748165607452392578e+00,3.104695081710815430e+00,9.999993443489074707e-01,-7.537847268395125866e-04,-9.200755739584565163e-04,-2.716545423027127981e-04
1.269495487213134766e+00,7.226114749908447266e+00,1.329516291618347168e+00,9.999998807907104492e-01,4.509787831921130419e-04,1.343787589576095343e-04,-3.221849619876593351e-04
6.083415508270263672e+00,3.044511795043945312e+00,1.788676977157592773e+00,1.000000000000000000e+00,-1.456678583053871989e-04,-1.127173381973989308e-04,-3.452853707130998373e-05
5.722796440124511719e+00,5.910339355468750000e+00,7.120724678039550781e+00,1.000000000000000000e+00,3.013655950780957937e-04,-1.974404003703966737e-04,2.878757659345865250e-04
4.656290113925933838e-01,1.959142088890075684e+00,4.204792022705078125e+00,1.000000000000000000e+00,-1.572405162733048201e-04,-2.280822372995316982e-04,-1.141640459536574781e-04
1.188827872276306152e+00,6.107943058013916016e+00,6.503793716430664062e+00,9.999998211860656738e-01,1.365031639579683542e-04,7.234510267153382301e-04,-1.056861947290599346e-04
8.104103803634643555e-01,9.274514913558959961e-01,2.594410181045532227e+00,9.999987483024597168e-01,-2.962228318210691214e-04,-7.027451065368950367e-04,-1.421642606146633625e-03
5.224807858467102051e-01,4.773862361907958984e+00,5.973878383636474609e+00,9.999930858612060547e-01,2.035576850175857544e-03,2.857603831216692924e-03,-1.210470567457377911e-03
5.770657062530517578e-01,6.344502449035644531e+00,4.088757991790771484e+00,9.999991655349731445e-01,1.148659619502723217e-03,5.897437222301959991e-04,-1.707076735328882933e-04
7.624284029006958008e-01,3.132837772369384766e+00,1.443074643611907959e-01,9.999948740005493164e-01,-4.890709533356130123e-04,-2.363736741244792938e-03,2.134551294147968292e-03
1.501150965690612793e+00,2.883894205093383789e+00,2.922969341278076172e+00,9.999998211860656738e-01,5.771177820861339569e-04,2.357523771934211254e-04,3.330600738991051912e-04
3.452577114105224609e+00,5.656712055206298828e+00,5.103841304779052734e+00,9.998359680175781250e-01,4.719890188425779343e-03,-3.374453866854310036e-03,1.716141402721405029e-02
4.313908100128173828e+00,7.183193683624267578e+00,6.169267654418945312e+00,9.999998807907104492e-01,-5.744587397202849388e-04,-7.411057595163583755e-05,9.573933493811637163e-05
2.100250244140625000e+00,4.046933650970458984e+00,8.125002980232238770e-01,9.999956488609313965e-01,1.104163820855319500e-04,1.531815272755920887e-03,2.548133023083209991e-03
9.150410890579223633e-01,4.908958435058593750e+00,3.338407039642333984e+00,9.999443888664245605e-01,-3.280985634773969650e-03,3.173126606270670891e-03,9.505607187747955322e-03
2.004614830017089844e+00,8.199145793914794922e-01,5.329858779907226562e+00,1.000000000000000000e+00,-2.054394717561081052e-04,-1.772281830199062824e-04,2.724677869991865009e-05
5.932200551033020020e-01,2.162781715393066406e+00,5.033864498138427734e+00,9.999927282333374023e-01,-3.444581525400280952e-03,-5.847136490046977997e-04,1.570066902786493301e-03
4.196060180664062500e+00,4.950490474700927734e+00,2.411302804946899414e+00,9.999996423721313477e-01,3.858502896036952734e-04,-8.439008070126874372e-07,8.260754984803497791e-04
4.720436930656433105e-01,3.625162601470947266e+00,2.492619752883911133e+00,9.999315142631530762e-01,-2.063455212919507176e-06,-1.141075417399406433e-02,-2.612483920529484749e-03
4.689704895019531250e+00,3.239088058471679688e+00,5.301476716995239258e-01,9.999993443489074707e-01,1.143098459579050541e-03,2.379663201281800866e-04,1.929612917592749000e-04
4.592069149017333984e+00,1.156782865524291992e+00,3.385627746582031250e+00,1.000000000000000000e+00,-1.316292036790400743e-04,1.751407980918884277e-04,-3.805499291047453880e-04
5.398121356964111328e+00,5.427257537841796875e+00,6.441629886627197266e+00,9.999999403953552246e-01,-2.505955926608294249e-04,-2.491757040843367577e-04,1.455849997000768781e-04
8.228205442428588867e-01,6.080871582031250000e+00,4.896733462810516357e-01,9.999994039535522461e-01,-1.436276070307940245e-04,9.843937586992979050e-04,-4.527876444626599550e-04
5.515547394752502441e-01,5.938662528991699219e+00,5.217904567718505859e+00,1.000000000000000000e+00,1.032257423503324389e-04,-7.334441033890470862e-05,-1.091689191525802016e-04
6.851909160614013672e+00,6.081195831298828125e+00,8.892506361007690430e-01,9.999994635581970215e-01,5.964742158539593220e-04,1.760467857820913196e-04,-9.111684048548340797e-04
5.522796630859375000e+00,1.125254780054092407e-01,5.811409950256347656e+00,9.999993443489074707e-01,-7.163326954469084740e-04,8.334901067428290844e-04,-1.548314030515030026e-04
3.579755067825317383e+00,1.644383817911148071e-01,3.506095170974731445e+00,9.999984502792358398e-01,1.751660718582570553e-03,3.344848810229450464e-04,9.148213575826957822e-05
3.326703071594238281e+00,2.417767763137817383e+00,1.258038997650146484e+00,9.999999403953552246e-01,4.300521686673164368e-04,-1.575038331793621182e-04,2.796533226501196623e-04
5.420798778533935547e+00,6.348520755767822266e+00,5.821419239044189453e+00,9.999997019767761230e-01,-1.839002652559429407e-04,-4.663550353143364191e-04,6.480265292339026928e-04
8.989135622978210449e-01,5.135708332061767578e+00,3.572712898254394531e+00,9.999384880065917969e-01,-6.187318824231624603e-03,-6.381511222571134567e-03,6.641659419983625412e-03
7.206008434295654297e+00,6.504199981689453125e+00,4.694411277770996094e+00,9.999998807907104492e-01,3.918863876606337726e-05,-5.482871783897280693e-04,1.159834209829568863e-04
7.350489139556884766e+00,5.387605667114257812e+00,5.977938652038574219e+00,9.999999403953552246e-01,-4.219869442749768496e-04,1.313265966018661857e-04,1.539812365081161261e-04
5.247348785400390625e+00,2.304812431335449219e+00,4.495632946491241455e-01,9.999937415122985840e-01,1.956938067451119423e-03,-2.533911494538187981e-03,-1.534366048872470856e-03
7.057191133499145508e-01,6.918632030487060547e+00,1.208164572715759277e+00,9.999997019767761230e-01,4.215640074107795954e-04,8.539432019460946321e-05,7.365541532635688782e-04
3.541029691696166992e+00,3.260742664337158203e+00,5.934537887573242188e+00,9.999992847442626953e-01,6.560507463291287422e-04,-6.961232284083962440e-04,8.069452596828341484e-04
2.127864956855773926e-01,6.920991420745849609e+00,3.445159435272216797e+00,9.999999403953552246e-01,-2.027097070822492242e-05,-3.496713179629296064e-04,3.612589207477867603e-04
4.855556488037109375e+00,6.608975410461425781e+00,6.532135963439941406e+00,9.999993443489074707e-01,-8.035777136683464050e-04,8.919770480133593082e-04,-1.244647683051880449e-05
4.930176734924316406e+00,7.078502178192138672e+00,6.792837142944335938e+00,9.999996423721313477e-01,-5.911802290938794613e-04,5.573980743065476418e-04,-4.397940065246075392e-04
1.383062362670898438e+00,1.927458882331848145e+00,5.905704975128173828e+00,9.999940395355224609e-01,-1.193316304124891758e-03,3.184597007930278778e-03,-6.531596300192177296e-04
1.923143982887268066e+00,2.222970247268676758e+00,3.545027256011962891e+00,9.999998807907104492e-01,2.290251140948385000e-04,-1.988515723496675491e-04,-5.036346265114843845e-04
3.611369371414184570e+00,6.165299415588378906e+00,5.993705749511718750e+00,9.999994039535522461e-01,-8.327010436914861202e-04,-6.984284846112132072e-04,3.165466478094458580e-04
2.028030872344970703e+00,4.253390312194824219e+00,7.200713634490966797e+00,9.999808669090270996e-01,1.502376515418291092e-03,5.356919486075639725e-03,2.726189792156219482e-03
1.015770673751831055e+00,7.243796825408935547e+00,4.507118761539459229e-01,9.999992847442626953e-01,-9.916934650391340256e-04,-7.579393568448722363e-04,2.441440528855309822e-06
5.955539703369140625e+00,7.395133495330810547e+00,4.700323581695556641e+00,9.999995827674865723e-01,7.751285447739064693e-04,-1.077303677448071539e-04,-6.421455182135105133e-04
3.618590161204338074e-02,3.560061454772949219e+00,4.438735485076904297e+00,9.999988079071044922e-01,-1.010304782539606094e-03,1.200575963594019413e-03,9.414109081262722611e-05
1.760515868663787842e-01,5.606512546539306641e+00,1.177255392074584961e+00,9.999998807907104492e-01,5.519088008441030979e-04,-2.281261840835213661e-04,-1.062566007021814585e-04
9.056484699249267578e-01,6.015127658843994141e+00,6.264475822448730469e+00,9.999996423721313477e-01,3.101330657955259085e-04,4.268904740456491709e-04,7.498282939195632935e-04
1.686131358146667480e+00,6.302003860473632812e+00,3.815004587173461914e+00,9.999442100524902344e-01,-7.118513807654380798e-03,-4.240029491484165192e-03,6.560119334608316422e-03
7.224271297454833984e+00,5.201594829559326172e+00,2.042744159698486328e+00,9.999986290931701660e-01,5.537815159186720848e-04,1.607765327207744122e-03,1.170909599750302732e-04
6.922553777694702148e-01,7.293580055236816406e+00,3.283807039260864258e+00,1.000000000000000000e+00,-1.968550495803356171e-04,-6.872857193229719996e-05,2.166486774513032287e-05
2.295432537794113159e-01,1.494236111640930176e+00,2.791067600250244141e+00,9.999696016311645508e-01,-5.256933625787496567e-03,-1.296342350542545319e-03,5.616052541881799698e-03
1.133246779441833496e+00,3.196738004684448242e+00,3.395634412765502930e+00,9.999967813491821289e-01,2.101424150168895721e-03,9.725643321871757507e-04,1.089127035811543465e-03
9.048882722854614258e-01,6.244129657745361328e+00,2.526305913925170898e+00,9.999775886535644531e-01,1.184889697469770908e-03,-3.439459484070539474e-03,5.617740564048290253e-03
3.172990560531616211e+00,7.371662259101867676e-01,3.541634082794189453e+00,9.998939633369445801e-01,9.622725658118724823e-03,-1.005643233656883240e-02,4.296847619116306305e-03
2.146761655807495117e+00,1.927693009376525879e+00,1.792850732803344727e+00,9.999930262565612793e-01,-4.382139886729419231e-04,-3.103925380855798721e-03,-2.012404613196849823e-03
4.297958850860595703e+00,1.176186800003051758e+00,4.513123512268066406e+00,9.999998211860656738e-01,2.815757761709392071e-04,-4.674133961088955402e-04,-4.589291638694703579e-04
2.332485675811767578e+00,5.634043216705322266e+00,3.271292924880981445e+00,1.000000000000000000e+00,-1.881453208625316620e-04,5.158895874046720564e-05,-3.918683432857505977e-05
5.356531143188476562e+00,5.381552696228027344e+00,6.051137447357177734e-01,9.999998211860656738e-01,1.420312182744964957e-04,4.242763970978558064e-04,3.633511951193213463e-04
1.903904438018798828e+00,4.215509891510009766e+00,2.688479185104370117e+00,9.999998807907104492e-01,3.548189706634730101e-04,-3.226128465030342340e-04,-3.750204341486096382e-04
3.779941797256469727e+00,5.273624420166015625e+00,6.417148113250732422e-01,9.999998807907104492e-01,-2.650923561304807663e-04,2.168880164390429854e-04,5.267214146442711353e-04
5.611310958862304688e+00,7.143995285034179688e+00,4.538922786712646484e+00,9.999998807907104492e-01,3.638253256212919950e-04,5.170917720533907413e-04,-1.969128934433683753e-04
6.580293178558349609e+00,4.545629501342773438e+00,4.558101177215576172e+00,9.999997615814208984e-01,-6.427616463042795658e-04,-2.649972657309263013e-06,4.461412900127470493e-04
1.837867498397827148e+00,2.457815170288085938e+00,5.987325668334960938e+00,9.999995827674865723e-01,2.211839600931853056e-04,-7.588937878608703613e-04,-4.069329297635704279e-04
2.521636486053466797e+00,6.481508255004882812e+00,2.678237199783325195e+00,9.999015927314758301e-01,-1.120559591799974442e-02,-8.345721289515495300e-03,-1.268408959731459618e-03
4.994561672210693359e+00,5.048418998718261719e+00,7.083164691925048828e+00,1.000000000000000000e+00,-1.885706005850806832e-04,8.984335727291181684e-05,-1.132192919612862170e-04
4.419548034667968750e+00,4.185011386871337891e+00,1.048758149147033691e+00,9.999630451202392578e-01,-6.030861288309097290e-03,5.419514141976833344e-03,-2.855311846360564232e-03
6.604087829589843750e+00,4.163886547088623047e+00,2.213482856750488281e+00,9.999988675117492676e-01,-1.249178603757172823e-04,-1.116841682232916355e-03,-1.062741386704146862e-03
3.344451665878295898e+00,5.413014411926269531e+00,2.361717700958251953e+00,9.999997615814208984e-01,3.625487079261802137e-05,-5.617095157504081726e-04,-5.094669177196919918e-04
4.547820568084716797e+00,7.194571495056152344e+00,3.924848556518554688e+00,9.999999403953552246e-01,3.736037979251705110e-05,-4.985789419151842594e-04,6.174132431624457240e-05
3.973508775234222412e-01,2.603406906127929688e+00,2.108769893646240234e+00,9.999055266380310059e-01,3.800865728408098221e-03,1.313836593180894852e-02,1.402046065777540207e-03
4.064296722412109375e+00,5.489763736724853516e+00,2.764188766479492188e+00,9.999380707740783691e-01,1.053871400654315948e-02,-2.843534806743264198e-03,-2.178746042773127556e-03
4.024905562400817871e-01,4.726166427135467529e-01,6.813773632049560547e+00,9.999988079071044922e-01,-1.230073743499815464e-03,-9.901013690978288651e-04,-8.268410601885989308e-05
1.979498147964477539e+00,3.021943807601928711e+00,4.211486816406250000e+00,9.999998807907104492e-01,-4.327059141360223293e-04,3.759291430469602346e-04,-1.050797727657482028e-04
1.161409258842468262e+00,6.110145092010498047e+00,6.907120704650878906e+00,9.999998807907104492e-01,-1.846723898779600859e-04,3.108782111667096615e-04,-4.703738377429544926e-04
2.531458854675292969e+00,1.527261376380920410e+00,7.068242073059082031e+00,1.000000000000000000e+00,2.400107186986133456e-04,-1.859269832493737340e-05,5.946760938968509436e-05
1.623401790857315063e-01,3.418306350708007812e+00,1.592906832695007324e+00,9.999996423721313477e-01,-7.163070840761065483e-04,-3.046023775823414326e-04,-2.931063936557620764e-04
2.398857116699218750e+00,1.123173832893371582e+00,5.311690330505371094e+00,9.999998807907104492e-01,-2.505846496205776930e-04,-6.494543777080252767e-05,-5.469807656481862068e-04
2.270429611206054688e+00,2.160870313644409180e+00,2.003974914550781250e+00,9.999955892562866211e-01,-8.152379887178540230e-04,-4.449921543709933758e-04,-2.827535849064588547e-03
3.166102170944213867e+00,5.467288017272949219e+00,1.628453373908996582e+00,1.000000000000000000e+00,1.757408754201605916e-04,-1.650530321057885885e-04,2.266647497890517116e-04
3.147847414016723633e+00,8.345605134963989258e-01,4.074275493621826172e+00,9.999960660934448242e-01,9.461558656767010689e-04,-2.252317965030670166e-03,1.439844607375562191e-03
5.795611381530761719e+00,5.857792854309082031e+00,3.814229249954223633e+00,1.000000000000000000e+00,1.120891392929479480e-04,1.088813223759643734e-04,3.560873738024383783e-04
2.170363903045654297e+00,6.385385036468505859e+00,5.476256370544433594e+00,9.999999403953552246e-01,7.814625132596120238e-05,5.309056723490357399e-04,1.050097052939236164e-04
2.540789604187011719e+00,6.516117572784423828e+00,2.361823081970214844e+00,9.998991489410400391e-01,-1.124792173504829407e-02,-8.568316698074340820e-03,-1.367706223390996456e-03
2.757892608642578125e+00,6.796454906463623047e+00,3.497126579284667969e+00,9.999997615814208984e-01,-2.868249430321156979e-04,5.343198426999151707e-04,-3.147027455270290375e-04
4.533718109130859375e+00,7.123640179634094238e-01,3.262671470642089844e+00,9.999999403953552246e-01,-4.161657998338341713e-04,4.377410368761047721e-05,-1.885318488348275423e-04
3.321030855178833008e+00,3.359998703002929688e+00,3.826131105422973633e+00,9.999914765357971191e-01,-2.629051450639963150e-03,3.140403656288981438e-03,-6.919331499375402927e-04
1.535713195800781250e+00,5.745913505554199219e+00,2.479447871446609497e-01,9.999271035194396973e-01,-1.365795033052563667e-04,-1.183190383017063141e-02,2.405847422778606415e-03
5.061531066894531250e+00,3.332031488418579102e+00,6.445168018341064453e+00,9.999991655349731445e-01,-4.753867397084832191e-04,-1.265390194021165371e-03,-6.286704592639580369e-05
4.009893417358398438e+00,5.843217849731445312e+00,7.092365264892578125e+00,9.999998807907104492e-01,-2.536939573474228382e-04,-2.972652728203684092e-04,3.502322069834917784e-04
4.755747318267822266e+00,4.194458484649658203e+00,4.286967754364013672e+00,1.000000000000000000e+00,2.127901825588196516e-04,-2.600946754682809114e-04,6.535420834552496672e-05
1.664744734764099121e+00,4.203973770141601562e+00,3.716059684753417969e+00,9.998474121093750000e-01,1.436008792370557785e-02,7.067437749356031418e-03,7.010131608694791794e-03
7.405836105346679688e+00,6.629529953002929688e+00,7.109217166900634766e+00,1.000000000000000000e+00,-5.026308645028620958e-05,1.403020141879096627e-04,3.580434713512659073e-04
7.719121873378753662e-02,1.336983680725097656e+00,4.714257240295410156e+00,9.999984502792358398e-01,1.337629393674433231e-03,1.144240668509155512e-04,-1.218703459016978741e-03
7.023614645004272461e-01,6.057559013366699219e+00,4.372233390808105469e+00,9.999912381172180176e-01,4.176600836217403412e-03,-2.804582763928920031e-04,4.085494147147983313e-04
3.149800300598144531e+00,4.401533126831054688e+00,5.815527915954589844e+00,1.000000000000000000e+00,-3.211993898730725050e-04,-9.041407793120015413e-06,1.671791687840595841e-04
2.785820245742797852e+00,4.292943954467773438e+00,4.902113914489746094e+00,9.999964833259582520e-01,2.586224582046270370e-03,2.742918441072106361e-04,-4.751961678266525269e-04
1.873769521713256836e+00,7.433015346527099609e+00,6.463969707489013672e+00,9.999987483024597168e-01,3.755868820007890463e-04,1.026156474836170673e-03,-1.139680389314889908e-03
6.013150691986083984e+00,7.070957183837890625e+00,2.148244082927703857e-01,9.999986886978149414e-01,-6.871860823594033718e-04,-1.489486079663038254e-03,8.017974323593080044e-05
5.740778923034667969e+00,6.283507943153381348e-01,1.756477236747741699e+00,9.999998211860656738e-01,-5.552079892368055880e-05,2.936701639555394650e-04,-6.520416936837136745e-04
6.961461544036865234e+00,7.032034397125244141e+00,5.483889102935791016e+00,9.999992847442626953e-01,-7.990699959918856621e-04,8.729342953301966190e-04,-2.296217280672863126e-05
5.386103153228759766e+00,7.289765357971191406e+00,2.321981430053710938e+00,1.000000000000000000e+00,2.372960734646767378e-04,1.050365317496471107e-04,-1.711460790829733014e-04
6.377948760986328125e+00,1.116014957427978516e+00,2.515783071517944336e+00,9.999848008155822754e-01,-2.007786650210618973e-03,-9.060481679625809193e-04,-5.051512271165847778e-03
3.188921928405761719e+00,2.283001184463500977e+00,6.010224342346191406e+00,9.998424053192138672e-01,5.157145205885171890e-03,9.923436678946018219e-03,1.378903910517692566e-02
5.398009300231933594e+00,5.541829109191894531e+00,2.710529565811157227e+00,9.999997615814208984e-01,-4.433086432982236147e-04,-3.050575614906847477e-04,-4.751993401441723108e-04
5.057406425476074219e+00,1.970595359802246094e+00,2.948813438415527344e+00,1.000000000000000000e+00,2.553766244091093540e-04,6.034208854543976486e-05,-1.338909787591546774e-04
7.204686641693115234e+00,6.956714153289794922e+00,2.001400470733642578e+00,9.999998807907104492e-01,2.232979168184101582e-04,4.725385806523263454e-04,-4.052687654620967805e-05
7.497053146362304688e+00,2.784873485565185547e+00,1.980106681585311890e-01,9.999946355819702148e-01,5.479454994201660156e-04,3.179270308464765549e-03,4.895622259937226772e-04
1.156219363212585449e+00,7.386776208877563477e-01,3.686956405639648438e+00,1.000000000000000000e+00,4.030988784506917000e-04,-3.857908086501993239e-05,8.429856097791343927e-05
7.126459598541259766e+00,3.188081502914428711e+00,4.693519115447998047e+00,9.999998807907104492e-01,-3.477831487543880939e-04,-2.105302701238542795e-04,-3.718752122949808836e-04
7.108816623687744141e+00,6.208915233612060547e+00,5.304072380065917969e+00,9.999979734420776367e-01,-1.472342759370803833e-03,1.385284122079610825e-03,-3.405805036891251802e-04
6.014645576477050781e+00,6.031031131744384766e+00,3.626448631286621094e+00,9.999991059303283691e-01,-1.185688655823469162e-03,-4.257198306731879711e-04,5.361293442547321320e-04
5.577880859375000000e+00,4.737712860107421875e+00,1.034330248832702637e+00,9.999988675117492676e-01,3.940546303056180477e-04,1.004486461170017719e-03,1.089250552468001842e-03
5.160783290863037109e+00,6.532031059265136719e+00,2.094250917434692383e+00,9.999994635581970215e-01,-7.502880180254578590e-04,-6.599525222554802895e-04,-4.053481970913708210e-04
7.287505626678466797e+00,2.260170698165893555e+00,3.524631977081298828e+00,9.999699592590332031e-01,-3.216303419321775436e-03,5.855377297848463058e-03,3.933236468583345413e-03
3.448033809661865234e+00,5.521971583366394043e-01,6.579344868659973145e-01,1.000000000000000000e+00,-1.920572867675218731e-05,-7.363908662227913737e-05,1.427139213774353266e-04
7.325626850128173828e+00,4.240578174591064453e+00,5.531361103057861328e+00,9.999909400939941406e-01,3.906272351741790771e-03,-5.138580454513430595e-04,-1.630143728107213974e-03
1.762767314910888672e+00,2.094511270523071289e+00,1.863693714141845703e+00,9.999911785125732422e-01,3.455939469859004021e-03,-2.411327091977000237e-03,1.005800222628749907e-04
1.646274089813232422e+00,4.403291046619415283e-01,7.359752655029296875e-01,9.999999403953552246e-01,-1.700392458587884903e-04,-1.305409095948562026e-04,-4.260925634298473597e-04
4.263874530792236328e+00,5.932709217071533203e+00,1.607840061187744141e+00,1.000000000000000000e+00,-1.384065108140930533e-04,-2.902050619013607502e-04,-2.099695484503172338e-05
7.458906650543212891e+00,3.331156015396118164e+00,3.818300008773803711e+00,9.999886751174926758e-01,4.147924017161130905e-03,-1.981043955311179161e-03,1.227257540449500084e-03
4.053256809711456299e-01,1.236635327339172363e+00,5.213864803314208984e+00,9.999950528144836426e-01,-2.936907811090350151e-03,7.908660336397588253e-04,8.885155548341572285e-04
2.791096448898315430e+00,6.377090454101562500e+00,1.118274927139282227e+00,9.999968409538269043e-01,-2.211643615737557411e-03,4.506775294430553913e-04,-1.121790613979101181e-03
1.453075170516967773e+00,6.468080997467041016e+00,5.389667987823486328e+00,1.000000000000000000e+00,-3.425391332712024450e-05,3.992160200141370296e-04,-4.106392225367017090e-05
2.175540208816528320e+00,5.657113194465637207e-01,3.888575792312622070e+00,9.999998211860656738e-01,-2.716689486987888813e-04,5.916873342357575893e-04,6.821769147791201249e-06
1.035565044730901718e-02,3.299295008182525635e-01,5.192988872528076172e+00,9.999740123748779297e-01,3.180420724675059319e-03,-2.948092063888907433e-03,5.773736163973808289e-03
2.711814641952514648e+00,2.517728567123413086e+00,1.691846251487731934e+00,9.999991655349731445e-01,1.263061538338661194e-03,-2.340911487408448011e-05,4.698913544416427612e-04
7.380570888519287109e+00,4.467805385589599609e+00,5.781400680541992188e+00,9.999995231628417969e-01,2.295103331562131643e-04,3.899614093825221062e-04,-9.444796596653759480e-04
7.222437381744384766e+00,4.319758892059326172e+00,5.108820915222167969e+00,9.999373555183410645e-01,-1.036363374441862106e-02,1.872622407972812653e-03,-3.799548372626304626e-03
3.478444099426269531e+00,3.941952705383300781e+00,1.255975842475891113e+00,9.999991655349731445e-01,-5.218512960709631443e-04,2.008298033615574241e-04,-1.225405372679233551e-03
4.176539421081542969e+00,7.255424976348876953e+00,5.424901962280273438e+00,9.999951720237731934e-01,-2.976372605189681053e-03,-9.218385675922036171e-04,2.926043816842138767e-04
2.674763202667236328e+00,7.482292652130126953e+00,7.381928443908691406e+00,9.998444318771362305e-01,-1.127724815160036087e-02,8.489575237035751343e-03,1.058028638362884521e-02
1.141878247261047363e+00,6.473812580108642578e+00,7.187380790710449219e+00,9.999738931655883789e-01,2.100273501127958298e-03,-5.520406644791364670e-03,4.177805967628955841e-03
7.284095883369445801e-01,3.755877494812011719e+00,6.520078182220458984e+00,9.999846220016479492e-01,-1.827977714128792286e-03,-4.947136156260967255e-03,-1.711419201456010342e-03
2.209947347640991211e+00,6.435294628143310547e+00,6.297247886657714844e+00,9.998289942741394043e-01,-7.237258250825107098e-04,1.117456145584583282e-02,1.471961010247468948e-02
3.786434978246688843e-02,8.380543589591979980e-01,1.705418348312377930e+00,9.999997615814208984e-01,1.795323187252506614e-04,-6.140337209217250347e-04,-4.062621446792036295e-04
1.256237983703613281e+00,3.732681989669799805e+00,5.888302803039550781e+00,9.999996423721313477e-01,8.165593608282506466e-04,-3.256622294429689646e-04,-7.011637353571131825e-05
3.521780967712402344e+00,5.665258884429931641e+00,2.050822734832763672e+00,9.999994635581970215e-01,-7.578027434647083282e-04,6.494362023659050465e-04,4.559722146950662136e-04
5.643942952156066895e-01,1.988176822662353516e+00,7.144252300262451172e+00,9.999997615814208984e-01,5.555826191994128749e-06,1.503729872638359666e-04,-7.792766555212438107e-04
2.124854803085327148e+00,6.103995323181152344e+00,5.291963815689086914e-01,9.999995231628417969e-01,-6.088934605941176414e-04,8.048607269302010536e-04,-2.986976469401270151e-04
6.154858693480491638e-02,6.187893390655517578e+00,2.354585379362106323e-01,9.999998807907104492e-01,-3.414319944567978382e-04,-3.716213395819067955e-04,-3.213388845324516296e-04
2.957664012908935547e+00,6.612019538879394531e+00,9.644496440887451172e-01,9.999975562095642090e-01,-2.054164651781320572e-03,5.333678564056754112e-04,-7.392614497803151608e-04
1.492068290710449219e+00,1.144210815429687500e+00,2.728974342346191406e+00,9.999977350234985352e-01,2.164512639865279198e-03,-8.121631253743544221e-05,-4.349626397015526891e-05
9.369882345199584961e-01,5.648826599121093750e+00,7.063974380493164062e+00,9.999998211860656738e-01,-5.636269925162196159e-04,1.154863912233849987e-05,-3.548477834556251764e-04
6.126849174499511719e+00,2.395727157592773438e+00,6.850437641143798828e+00,9.999995827674865723e-01,-2.649766975082457066e-04,-4.489001003094017506e-04,8.171648369170725346e-04
5.260989665985107422e+00,4.941087245941162109e+00,6.150159835815429688e+00,9.999203085899353027e-01,5.992496386170387268e-03,-5.095915403217077255e-03,-9.875879622995853424e-03
6.485401093959808350e-02,1.308211922645568848e+00,2.586870193481445312e+00,9.999670982360839844e-01,-5.552849266678094864e-03,-5.421620444394648075e-04,5.894514732062816620e-03
3.065540313720703125e+00,2.462171792984008789e+00,1.430112961679697037e-02,9.999966025352478027e-01,-2.045567147433757782e-03,-2.108298795064911246e-04,1.633356674574315548e-03
3.407186031341552734e+00,9.078506827354431152e-01,5.626879215240478516e+00,9.999566674232482910e-01,5.959612783044576645e-03,-5.581453442573547363e-03,4.470226820558309555e-03
3.170372962951660156e+00,3.831509053707122803e-01,4.247907161712646484e+00,9.999988079071044922e-01,-1.242273021489381790e-03,-8.587553165853023529e-04,-4.720590368378907442e-04
5.970738887786865234e+00,4.283175945281982422e+00,7.378940582275390625e+00,9.999998211860656738e-01,-5.698040477000176907e-04,1.025700184982270002e-04,3.842448641080409288e-04
5.326725482940673828e+00,2.556257724761962891e+00,4.152589321136474609e+00,1.000000000000000000e+00,2.336639736313372850e-04,1.159066960099153221e-04,-2.541952126193791628e-04
3.401684761047363281e+00,4.404022693634033203e+00,1.184709072113037109e+00,9.999558925628662109e-01,-5.304270889610052109e-03,5.890529602766036987e-03,-5.051605403423309326e-03
4.834096908569335938e+00,1.372039556503295898e+00,2.271216176450252533e-02,1.000000000000000000e+00,3.673580795293673873e-05,3.384973024367354810e-05,1.378795604978222400e-05
2.735907554626464844e+00,2.907270908355712891e+00,2.220189094543457031e+00,9.999978542327880859e-01,-6.918823928572237492e-04,3.854783717542886734e-04,-1.942728646099567413e-03
2.389111280441284180e+00,3.093207359313964844e+00,5.467890262603759766e+00,9.999998807907104492e-01,3.620113711804151535e-04,2.426322171231731772e-04,2.389377186773344874e-04
2.984787702560424805e+00,2.683668851852416992e+00,5.826214790344238281e+00,9.998704791069030762e-01,6.896957289427518845e-03,8.462191559374332428e-03,1.183156855404376984e-02
5.511147975921630859e+00,6.664152145385742188e+00,4.034268856048583984e+00,9.999944567680358887e-01,3.186377463862299919e-03,1.400207693222910166e-04,1.002609380520880222e-03
2.757977485656738281e+00,6.911815643310546875e+00,1.727861166000366211e+00,9.999989271163940430e-01,-2.493355423212051392e-04,-9.096898138523101807e-04,1.159173087216913700e-03
4.117595672607421875e+00,4.040113449096679688e+00,4.039123535156250000e+00,9.999998807907104492e-01,3.224516112823039293e-04,-2.206725184805691242e-04,2.737246104516088963e-04
5.498220443725585938e+00,7.256624698638916016e-01,7.065773487091064453e+00,1.000000000000000000e+00,1.214836665894836187e-04,2.162974997190758586e-04,-4.468086262932047248e-05
8.751154541969299316e-01,3.847415208816528320e+00,5.726056098937988281e+00,9.999673366546630859e-01,-2.947825414594262838e-04,4.223322961479425430e-03,-6.894759833812713623e-03
4.127155303955078125e+00,7.347446441650390625e+00,1.246410727500915527e+00,9.999992847442626953e-01,2.115464012604206800e-04,-1.519400830147787929e-04,1.248925458639860153e-03
9.342405200004577637e-01,3.601646423339843750e+00,3.307769536972045898e+00,9.999244809150695801e-01,-6.188034079968929291e-03,9.486256167292594910e-03,4.785160068422555923e-03
5.165594816207885742e-01,4.307410717010498047e+00,4.278835773468017578e+00,9.999715685844421387e-01,4.608615301549434662e-03,-5.056231282651424408e-03,-3.172558965161442757e-03
2.700243473052978516e+00,7.418357849121093750e+00,7.994902133941650391e-01,9.999988079071044922e-01,-9.395667802891694009e-06,-1.384834060445427895e-03,6.956579163670539856e-04
8.801719546318054199e-01,2.105625867843627930e+00,7.024568557739257812e+00,9.999985098838806152e-01,5.966811440885066986e-04,1.216665841639041901e-03,-1.091172220185399055e-03
7.179001331329345703e+00,5.160790443420410156e+00,5.438303470611572266e+00,9.999983310699462891e-01,-6.322196568362414837e-04,-1.544286031275987625e-03,7.059400086291134357e-04
1.293585356324911118e-02,3.291302323341369629e-01,4.567163467407226562e+00,9.999954700469970703e-01,-1.011714688502252102e-03,1.251791138201951981e-03,-2.538283122703433037e-03
3.778622388839721680e+00,2.133974075317382812e+00,3.313433170318603516e+00,9.999382495880126953e-01,-3.919398412108421326e-03,1.030312571674585342e-02,-1.422411063686013222e-03
1.062154054641723633e+00,1.104695320129394531e+00,5.335178852081298828e+00,9.999987483024597168e-01,-1.289657200686633587e-03,6.685174303129315376e-04,-7.084835669957101345e-04
5.559404373168945312e+00,4.341733455657958984e+00,4.274037361145019531e+00,9.999997615814208984e-01,1.005184531095437706e-04,-4.569507727865129709e-04,-6.250581354834139347e-04
5.460122585296630859e+00,2.010087013244628906e+00,6.393182754516601562e+00,9.999995827674865723e-01,-5.719640757888555527e-04,1.935055042849853635e-04,7.367772632278501987e-04
6.405481338500976562e+00,2.081230163574218750e+00,2.294258356094360352e+00,9.999997019767761230e-01,5.919022951275110245e-04,-3.873822279274463654e-04,-4.685917519964277744e-04
6.833171367645263672e+00,1.381073355674743652e+00,4.600347518920898438e+00,1.000000000000000000e+00,1.613989297766238451e-05,7.720672147115692496e-05,-1.032823056448251009e-04
3.317136526107788086e+00,6.344644069671630859e+00,1.033675432205200195e+00,9.999701380729675293e-01,5.807436536997556686e-03,-4.986525513231754303e-03,-1.149341813288629055e-03
2.544097661972045898e+00,6.723564147949218750e+00,6.319328546524047852e-01,9.999819397926330566e-01,1.481248647905886173e-03,1.850984757766127586e-03,5.524978972971439362e-03
1.386139154434204102e+00,5.892874717712402344e+00,7.424470901489257812e+00,9.999977946281433105e-01,9.963691700249910355e-04,-1.524140941910445690e-03,-1.057600602507591248e-03
6.991350650787353516e+00,3.887185335159301758e+00,2.448499679565429688e+00,1.000000000000000000e+00,7.241602725116536021e-05,-2.009062445722520351e-04,-2.338819176657125354e-04
2.179125070571899414e+00,2.256500571966171265e-01,3.081771850585937500e+00,9.999997019767761230e-01,-4.328416252974420786e-04,-3.252431051805615425e-04,6.585769006051123142e-04
3.179011583328247070e+00,5.865670204162597656e+00,4.880936622619628906e+00,9.999848008155822754e-01,-5.318007315509021282e-04,-4.683931358158588409e-03,-2.888411749154329300e-03
3.595099210739135742e+00,1.759126543998718262e+00,5.791254997253417969e+00,9.999998211860656738e-01,6.040224106982350349e-04,1.272725494345650077e-04,3.268805448897182941e-04
2.358002424240112305e+00,7.279056072235107422e+00,4.603451728820800781e+00,9.999989867210388184e-01,1.373797305859625340e-03,4.665090527851134539e-04,-2.054254437098279595e-04
1.506243824958801270e+00,5.360338211059570312e+00,1.538602828979492188e+00,9.999586343765258789e-01,-3.802672494202852249e-03,1.796938246116042137e-03,8.068345487117767334e-03
2.028998851776123047e+00,1.853221535682678223e+00,5.106942653656005859e+00,9.999971389770507812e-01,-2.243465045467019081e-03,6.784214201616123319e-05,8.829745347611606121e-04
3.495650053024291992e+00,1.620852947235107422e-01,1.624328970909118652e+00,9.999967813491821289e-01,-9.914921829476952553e-04,-1.615352812223136425e-03,-1.727205351926386356e-03
6.253487110137939453e+00,6.631036758422851562e+00,6.449347019195556641e+00,9.999991059303283691e-01,-4.070262948516756296e-04,-7.045582169666886330e-04,-1.140999607741832733e-03
5.728610992431640625e+00,4.353790283203125000e+00,3.920107126235961914e+00,9.999996423721313477e-01,2.065800799755379558e-04,-3.496141580399125814e-04,-8.436562493443489075e-04
7.391620635986328125e+00,5.687673568725585938e+00,2.315582513809204102e+00,9.999995231628417969e-01,3.671910089906305075e-04,9.078469011001288891e-04,2.085068845190107822e-04
5.853658199310302734e+00,5.973090171813964844e+00,6.506844997406005859e+00,9.999827742576599121e-01,-8.710648398846387863e-04,1.187001835205592215e-04,-5.805811844766139984e-03
1.346347570419311523e+00,5.555084228515625000e+00,4.199540138244628906e+00,9.999995231628417969e-01,1.591808832017704844e-04,-9.796647354960441589e-04,-2.592089003883302212e-04
4.052429199218750000e+00,6.109631061553955078e+00,2.633202552795410156e+00,9.999976754188537598e-01,2.176570706069469452e-03,1.197199890157207847e-04,2.414346963632851839e-04
6.732418537139892578e+00,2.038310050964355469e+00,5.128489494323730469e+00,1.000000000000000000e+00,5.078886897535994649e-05,9.118107118410989642e-05,-4.266309770173393190e-05
6.713259220123291016e+00,3.179838895797729492e+00,7.122463703155517578e+00,9.999896287918090820e-01,-1.087519340217113495e-03,3.251436632126569748e-03,3.021257696673274040e-03
4.033812046051025391e+00,3.512405157089233398e+00,3.938495874404907227e+00,9.999992251396179199e-01,8.556743850931525230e-04,-9.533077245578169823e-04,-3.094479907304048538e-04
5.363783359527587891e+00,7.445382118225097656e+00,7.328190803527832031e+00,9.999890327453613281e-01,-3.012499073520302773e-03,-3.665497060865163803e-04,3.562471596524119377e-03
4.569021224975585938e+00,3.601388931274414062e+00,2.082985401153564453e+00,9.999998211860656738e-01,-2.781751682050526142e-04,-2.891462600018712692e-06,6.590262637473642826e-04
6.265399932861328125e+00,4.240940570831298828e+00,6.581626892089843750e+00,9.999998211860656738e-01,-3.208864072803407907e-04,1.608116508577950299e-05,5.999194690957665443e-04
5.569715976715087891e+00,4.880683898925781250e+00,6.316073417663574219e+00,9.999704957008361816e-01,-7.489939685910940170e-03,3.723262925632297993e-04,-1.669135177507996559e-03
1.082885384559631348e+00,4.305737018585205078e+00,7.189968585968017578e+00,9.999936223030090332e-01,1.106484211049973965e-03,2.237208653241395950e-03,-2.552611753344535828e-03
3.693459749221801758e+00,5.324532985687255859e+00,1.145552396774291992e+00,9.999994039535522461e-01,8.128511399263516068e-05,2.571498625911772251e-04,1.135163358412683010e-03
4.018836498260498047e+00,3.255360364913940430e+00,1.637241363525390625e+00,1.000000000000000000e+00,5.481791231431998312e-05,-2.041388943325728178e-04,3.435329126659780741e-04
7.990550994873046875e-01,5.747901439666748047e+00,5.110482692718505859e+00,9.999997615814208984e-01,6.229773862287402153e-04,2.003127592615783215e-04,-3.300300741102546453e-04
1.202881455421447754e+00,1.278944969177246094e+00,2.412119060754776001e-01,9.999995231628417969e-01,5.565331666730344296e-04,4.771889070980250835e-04,-7.219164399430155754e-04
3.282646894454956055e+00,5.369448065757751465e-01,6.511797904968261719e+00,9.999997019767761230e-01,-4.968722350895404816e-05,5.349976127035915852e-04,6.286357529461383820e-04
1.617889404296875000e-01,2.456276416778564453e+00,2.289257764816284180e+00,9.999200105667114258e-01,-9.061059914529323578e-03,-8.258218877017498016e-03,3.118614666163921356e-03
6.112390518188476562e+00,6.912651062011718750e+00,5.870240688323974609e+00,9.999998211860656738e-01,-1.067583289113827050e-04,5.056536756455898285e-04,4.676424432545900345e-04
3.859433174133300781e+00,4.561151981353759766e+00,3.760399818420410156e+00,9.999998807907104492e-01,1.629046601010486484e-04,-1.007252067211084068e-04,5.680818576365709305e-04
5.057287216186523438e+00,3.533401489257812500e-01,1.616363048553466797e+00,9.999993443489074707e-01,5.033552297390997410e-04,-9.467586060054600239e-04,-5.058068200014531612e-04
3.667727708816528320e+00,2.666580915451049805e+00,3.482025265693664551e-01,9.999411106109619141e-01,-5.480534862726926804e-03,-4.132806498091667891e-04,9.364507161080837250e-03
5.861889839172363281e+00,1.473194241523742676e+00,3.789835691452026367e+00,9.999999403953552246e-01,-2.486903103999793530e-04,3.563382779248058796e-04,-1.107179850805550814e-04
3.320914030075073242e+00,2.296732187271118164e+00,4.508481025695800781e+00,9.999997019767761230e-01,-2.177572605432942510e-04,4.787467187270522118e-04,5.836876225657761097e-04
2.150192484259605408e-02,3.588862657546997070e+00,1.014837697148323059e-01,9.999998211860656738e-01,1.710759679554030299e-04,1.055739558069035411e-04,-6.970847607590258121e-04
4.614650726318359375e+00,4.307000637054443359e-01,3.709514856338500977e+00,1.000000000000000000e+00,-1.389827957609668374e-04,-2.986075123772025108e-04,-7.536536031693685800e-06
6.512817382812500000e+00,5.172546386718750000e+00,7.175931334495544434e-01,9.999349117279052734e-01,-9.052120149135589600e-03,-2.864112146198749542e-03,6.330236326903104782e-03
4.040911197662353516e+00,5.508146762847900391e+00,4.924667835235595703e+00,9.999945163726806641e-01,-2.958023454993963242e-03,-1.150613650679588318e-03,-9.534054552204906940e-04
5.495707035064697266e+00,2.108244180679321289e+00,4.459491729736328125e+00,9.999999403953552246e-01,-3.650627331808209419e-04,7.153219939937116578e-06,-3.249014262109994888e-04
1.892271041870117188e+00,4.313905239105224609e+00,4.300816655158996582e-01,9.999987483024597168e-01,-7.066827383823692799e-04,1.466064364649355412e-03,1.128518561017699540e-04
4.993155002593994141e+00,2.093961954116821289e+00,1.446353271603584290e-02,1.000000000000000000e+00,2.539739653002470732e-04,9.793376420930144377e-07,1.820928009692579508e-04
5.254588603973388672e+00,8.592893481254577637e-01,6.285445690155029297e-01,9.999980926513671875e-01,1.274932757951319218e-03,1.670916681177914143e-04,1.503830542787909508e-03
2.819076299667358398e+00,3.654657602310180664e-01,5.925855159759521484e+00,9.999998807907104492e-01,3.212440642528235912e-04,2.320558269275352359e-04,2.813845640048384666e-04
1.252410769462585449e+00,2.238409519195556641e-01,1.893204599618911743e-01,9.999998807907104492e-01,-2.081635757349431515e-04,2.832105092238634825e-04,4.386594810057431459e-04
5.290319442749023438e+00,9.346326589584350586e-01,4.786128044128417969e+00,1.000000000000000000e+00,-1.689857308520004153e-04,-6.809977094235364348e-06,-1.680826535448431969e-04
4.966182708740234375e+00,9.575372338294982910e-01,2.054967641830444336e+00,9.999999403953552246e-01,-4.396318690851330757e-04,1.045953249558806419e-04,1.339196751359850168e-04
7.162570953369140625e+00,3.584229648113250732e-01,7.217483043670654297e+00,9.999989271163940430e-01,-1.395056955516338348e-03,-8.235566201619803905e-05,-6.022770539857447147e-04
2.814244747161865234e+00,7.340208530426025391e+00,1.656689882278442383e+00,9.999997615814208984e-01,2.171593805542215705e-04,-7.266985485330224037e-04,2.391606685705482960e-04
4.759864807128906250e+00,2.437826156616210938e+00,3.561248779296875000e+00,1.000000000000000000e+00,9.670620784163475037e-05,1.600839896127581596e-04,1.606780570000410080e-04
6.568747520446777344e+00,1.661195874214172363e+00,4.518951892852783203e+00,1.000000000000000000e+00,-7.638829993084073067e-05,1.733013777993619442e-04,1.567098952364176512e-04
7.725708931684494019e-02,2.179380178451538086e+00,4.939840316772460938e+00,9.999952316284179688e-01,-3.078443987760692835e-04,2.051704330369830132e-03,2.281865337863564491e-03
5.237185955047607422e+00,1.540039926767349243e-01,1.596858352422714233e-01,9.999992847442626953e-01,-8.400142542086541653e-04,8.400155929848551750e-04,-1.544806727906689048e-04
7.021155357360839844e+00,5.855196475982666016e+00,4.181385517120361328e+00,1.000000000000000000e+00,-1.000337142613716424e-04,2.278395113535225391e-04,-5.278462049318477511e-05
1.563026666641235352e+00,6.589189052581787109e+00,6.954505443572998047e+00,9.999975562095642090e-01,1.274802605621516705e-03,4.791976607521064579e-05,1.846031518653035164e-03
4.111251831054687500e+00,6.456937789916992188e+00,5.885567665100097656e+00,9.999999403953552246e-01,2.636911449371837080e-05,5.950775084784254432e-05,-4.845319781452417374e-04
2.772182941436767578e+00,6.834722995758056641e+00,4.557518959045410156e+00,9.999998807907104492e-01,6.084892665967345238e-04,-1.434651931049302220e-04,1.138144652941264212e-04
1.910740971565246582e+00,1.483291089534759521e-01,2.776160240173339844e+00,1.000000000000000000e+00,-1.478718331782147288e-04,-8.998274279292672873e-05,6.361280975397676229e-05
4.534204006195068359e+00,5.295807361602783203e+00,6.521669864654541016e+00,9.999991059303283691e-01,-5.572011577896773815e-04,1.116937026381492615e-03,-4.857099847868084908e-04
2.094122171401977539e+00,8.870775699615478516e-01,6.808666706085205078e+00,1.000000000000000000e+00,1.559602096676826477e-04,2.869518721126951277e-05,-2.329956478206440806e-04
3.395222663879394531e+00,6.978855133056640625e+00,5.739036083221435547e+00,1.000000000000000000e+00,-2.927493187598884106e-04,-2.168021310353651643e-04,-7.742932211840525270e-05
4.390073776245117188e+00,2.633130550384521484e-02,5.796644210815429688e+00,1.000000000000000000e+00,-2.757673501037061214e-04,-1.135252023232169449e-05,-3.725034184753894806e-05
3.247938156127929688e+00,2.695477008819580078e+00,4.932230949401855469e+00,9.999932646751403809e-01,8.371705189347267151e-04,2.475768560543656349e-03,2.579052932560443878e-03
3.974023103713989258e+00,5.663378715515136719e+00,6.438821315765380859e+00,9.999998807907104492e-01,-4.182961420156061649e-04,-7.588135486003011465e-05,3.913511172868311405e-04
2.937688827514648438e+00,1.152673244476318359e+00,4.410858154296875000e+00,9.998828768730163574e-01,-5.089143291115760803e-03,4.794811364263296127e-03,-1.361340191215276718e-02
9.298416972160339355e-01,3.212225198745727539e+00,4.473706245422363281e+00,9.999997019767761230e-01,3.304052806925028563e-04,-7.647743914276361465e-04,-2.309271440026350319e-05
6.948181629180908203e+00,4.288437843322753906e+00,3.146877765655517578e+00,1.000000000000000000e+00,1.312928216066211462e-04,1.696511608315631747e-04,-2.242385562567505985e-05
6.873606204986572266e+00,6.980737686157226562e+00,2.651994943618774414e+00,9.999992847442626953e-01,-9.049801738001406193e-04,1.797581353457644582e-05,8.583482704125344753e-04
3.943592309951782227e+00,3.708802938461303711e+00,2.704012393951416016e+00,9.999207854270935059e-01,-1.146082580089569092e-02,4.110203590244054794e-03,3.211878938600420952e-03
5.769563198089599609e+00,2.845556259155273438e+00,6.154773235321044922e+00,9.999995231628417969e-01,-6.402674480341374874e-04,6.730780587531626225e-04,4.713036760222166777e-04
1.214883804321289062e+00,3.618425846099853516e+00,1.080951333045959473e+00,9.999987483024597168e-01,1.544529222883284092e-03,-2.589157375041395426e-04,4.593593766912817955e-04
3.981654405593872070e+00,1.102184295654296875e+00,7.478576183319091797e+00,9.999998807907104492e-01,-7.988815923454239964e-05,5.940613918937742710e-04,8.572531078243628144e-05
6.200865268707275391e+00,6.012675285339355469e+00,2.868195772171020508e+00,9.999993443489074707e-01,9.958741720765829086e-04,6.258257199078798294e-04,2.476616937201470137e-04
4.377810478210449219e+00,3.173897504806518555e+00,1.900904059410095215e+00,9.999997019767761230e-01,-1.297303824685513973e-04,3.246967098675668240e-04,6.797177484259009361e-04
6.710300922393798828e+00,2.252863407135009766e+00,2.288156032562255859e+00,9.999999403953552246e-01,2.760153438430279493e-04,-2.553679223638027906e-04,1.546189014334231615e-04
5.338330268859863281e+00,4.202896118164062500e+00,3.183600604534149170e-01,9.999984502792358398e-01,1.408144715242087841e-03,3.221864171791821718e-04,1.064651762135326862e-03
4.619227409362792969e+00,6.510287761688232422e+00,5.366436004638671875e+00,9.999993443489074707e-01,1.158263534307479858e-03,-7.356681453529745340e-05,-3.476380370557308197e-04
4.067769527435302734e+00,6.613593101501464844e+00,6.230256557464599609e-01,9.999997615814208984e-01,5.544768646359443665e-04,-2.932066563516855240e-04,4.170093161519616842e-04
1.329360246658325195e+00,5.429109096527099609e+00,8.436372131109237671e-02,9.999970793724060059e-01,-2.423482481390237808e-03,-8.808046550257131457e-05,2.135136601282283664e-04
4.313333988189697266e+00,4.196279525756835938e+00,2.716187238693237305e+00,9.999291300773620605e-01,-3.437809413298964500e-03,5.053504835814237595e-03,1.022614073008298874e-02
6.270158290863037109e+00,4.014477252960205078e+00,1.035338997840881348e+00,9.999711513519287109e-01,3.330934094265103340e-03,-4.742471210192888975e-04,-6.821436341851949692e-03
2.702800035476684570e+00,2.585942745208740234e-01,7.213975191116333008e-01,9.999989867210388184e-01,-8.534396183677017689e-04,-1.039668917655944824e-03,5.880039534531533718e-04
5.401417732238769531e+00,4.530475616455078125e+00,1.606585264205932617e+00,9.999974966049194336e-01,2.684910759853664786e-05,1.871565706096589565e-03,1.276275026611983776e-03
5.345712184906005859e+00,6.545277595520019531e+00,1.793047904968261719e+00,9.999989867210388184e-01,-9.992946870625019073e-04,-9.253740427084267139e-04,-5.126502364873886108e-04
2.474081754684448242e+00,7.128317832946777344e+00,5.199441909790039062e+00,9.999874830245971680e-01,4.529186990112066269e-03,2.120798453688621521e-03,-1.777488214429467916e-04
2.243937253952026367e+00,2.368749618530273438e+00,2.634180486202239990e-01,1.000000000000000000e+00,-2.152158267563208938e-04,1.207463938044384122e-04,1.428951218258589506e-04
6.242785930633544922e+00,5.157667160034179688e+00,3.289638757705688477e+00,9.999994635581970215e-01,2.989901695400476456e-04,-7.633637869730591774e-04,6.205348763614892960e-04
6.323650360107421875e+00,3.382839918136596680e+00,5.636695861816406250e+00,9.999997615814208984e-01,-6.483255419880151749e-04,1.359472225885838270e-04,4.617265949491411448e-04
5.829103946685791016e+00,4.507952690124511719e+00,1.813918948173522949e+00,9.999962449073791504e-01,2.528569428250193596e-03,-8.471430919598788023e-05,1.030889339745044708e-03
5.618195056915283203e+00,3.438629388809204102e+00,1.137923359870910645e+00,9.999968409538269043e-01,2.035301411524415016e-03,1.261427649296820164e-03,-7.792752585373818874e-04
5.302169322967529297e+00,2.642496824264526367e+00,1.137195110321044922e+00,9.999824166297912598e-01,-7.449419354088604450e-04,-2.702095545828342438e-03,5.223624408245086670e-03
2.491731405258178711e+00,6.763373851776123047e+00,3.128038883209228516e+00,9.999989867210388184e-01,-1.447653397917747498e-03,2.260273904539644718e-04,1.911175495479255915e-04
1.433383941650390625e+00,4.471085548400878906e+00,6.998834133148193359e+00,9.999987483024597168e-01,5.005680141039192677e-04,-1.467477180995047092e-03,5.038982490077614784e-04
7.298212051391601562e+00,6.898866653442382812e+00,1.932416260242462158e-01,9.999921917915344238e-01,-4.211654886603355408e-04,2.942407969385385513e-03,-2.635110868141055107e-03
5.623482227325439453e+00,8.752412796020507812e-01,3.788924217224121094e+00,9.999995231628417969e-01,7.721454603597521782e-04,3.644875832833349705e-04,-5.546203465200960636e-04
4.912825584411621094e+00,6.538624286651611328e+00,3.807020902633666992e+00,9.999998807907104492e-01,3.453085664659738541e-04,-2.355532196816056967e-04,3.735033387783914804e-04
1.677770614624023438e+00,3.035653352737426758e+00,1.255438178777694702e-01,9.999967813491821289e-01,-3.731254837475717068e-04,-2.440376672893762589e-03,-6.096619181334972382e-04
2.328301429748535156e+00,2.534399032592773438e+00,5.743626952171325684e-01,1.000000000000000000e+00,-2.298219769727438688e-04,-1.068812780431471765e-04,8.699749741936102509e-05
5.618032813072204590e-01,2.125401496887207031e+00,3.287038207054138184e-01,9.999998807907104492e-01,2.192503452533856034e-04,-2.944925472547765821e-05,-5.605081678368151188e-04
6.073584079742431641e+00,1.366088628768920898e+00,4.982215881347656250e+00,1.000000000000000000e+00,-2.405649138381704688e-04,4.279627773939864710e-06,-2.855713537428528070e-04
2.162212133407592773e+00,3.239318370819091797e+00,6.562677025794982910e-01,9.999837279319763184e-01,-4.960362799465656281e-03,-2.156955422833561897e-03,1.809210400097072124e-03
6.299450874328613281e+00,6.794307231903076172e+00,2.255905151367187500e+00,9.999631047248840332e-01,-7.071205764077603817e-04,2.256273524835705757e-03,8.258835412561893463e-03
6.437417984008789062e+00,2.631623744964599609e+00,2.105589866638183594e+00,1.000000000000000000e+00,1.291477965423837304e-04,-7.317057315958663821e-05,8.617575804237276316e-05
2.377266407012939453e+00,2.747145652770996094e+00,6.514373779296875000e+00,9.999891519546508789e-01,-3.279628930613398552e-03,-2.730641746893525124e-03,-1.898205955512821674e-03
3.330638170242309570e+00,1.428954839706420898e+00,1.302439928054809570e+00,9.999997615814208984e-01,3.723150584846735001e-04,1.273078523809090257e-04,6.629686104133725166e-04
4.285457611083984375e+00,3.132241964340209961e+00,4.545854568481445312e+00,9.999996423721313477e-01,-2.347505142097361386e-05,3.373052750248461962e-04,8.215632988139986992e-04
3.095518589019775391e+00,7.561010718345642090e-01,2.619671106338500977e+00,9.999998211860656738e-01,-4.580086679197847843e-04,2.493220381438732147e-04,4.985495470464229584e-04
5.960410594940185547e+00,6.999859809875488281e+00,2.991480588912963867e+00,9.999998807907104492e-01,4.361857136245816946e-04,-3.572903806343674660e-04,9.986078657675534487e-05
3.669253110885620117e+00,5.445294857025146484e+00,1.846728086471557617e+00,9.999995827674865723e-01,-8.588365744799375534e-04,2.210969541920349002e-04,3.425512695685029030e-04
2.830992937088012695e-01,2.951070308685302734e+00,1.856304407119750977e+00,9.999910593032836914e-01,-1.806447980925440788e-04,-2.978941425681114197e-03,-3.018570132553577423e-03
2.653525829315185547e+00,1.189118981361389160e+00,1.387485861778259277e+00,9.999993443489074707e-01,2.240436151623725891e-04,-7.344638579525053501e-04,8.924361318349838257e-04
5.794334411621093750e+00,6.423657417297363281e+00,2.475991010665893555e+00,1.000000000000000000e+00,8.176946721505373716e-06,1.306186313740909100e-04,3.310054307803511620e-04
4.784204959869384766e+00,5.340563297271728516e+00,4.236256480216979980e-01,9.999993443489074707e-01,-1.064162424881942570e-04,7.859125034883618355e-04,-8.820942603051662445e-04
5.206019401550292969e+00,3.185433626174926758e+00,5.099434375762939453e+00,9.999992847442626953e-01,8.674041600897908211e-04,-8.903550915420055389e-04,1.732484379317611456e-04
4.301684379577636719e+00,4.064694881439208984e+00,1.456696033477783203e+00,9.999336600303649902e-01,4.029446747153997421e-03,-1.076937932521104813e-02,-6.561162881553173065e-04
8.203777074813842773e-01,6.604701042175292969e+00,6.371907711029052734e+00,9.999783635139465332e-01,1.119678607210516930e-03,-3.390409052371978760e-03,5.536822136491537094e-03
3.645084619522094727e+00,6.643607139587402344e+00,5.839558124542236328e+00,9.999994039535522461e-01,-2.117197291227057576e-04,-1.840503682615235448e-04,-1.109640463255345821e-03
7.183207869529724121e-01,6.600090503692626953e+00,5.119832515716552734e+00,1.000000000000000000e+00,-3.912798092642333359e-06,-1.726814080029726028e-04,2.324190063518472016e-06
1.173884630203247070e+00,3.584900140762329102e+00,6.484800815582275391e+00,9.999994635581970215e-01,3.865607141051441431e-05,-1.024065655656158924e-03,-2.698400057852268219e-04
4.558007240295410156e+00,3.214046955108642578e+00,5.051570415496826172e+00,9.999996423721313477e-01,-7.517503690905869007e-04,-4.499503120314329863e-04,-2.292605058755725622e-04
4.438297271728515625e+00,5.040143013000488281e+00,9.935150295495986938e-02,9.999642968177795410e-01,6.174896843731403351e-04,-4.813739098608493805e-03,-6.912906188517808914e-03
1.269212603569030762e+00,2.690141677856445312e+00,7.585083246231079102e-01,9.999994635581970215e-01,-4.655878583434969187e-04,-3.965116047766059637e-05,9.638755000196397305e-04
1.041901707649230957e+00,6.513759136199951172e+00,2.633651256561279297e+00,9.999827742576599121e-01,1.112202648073434830e-03,-2.668790519237518311e-03,5.121413152664899826e-03
6.730709552764892578e+00,7.434886932373046875e+00,1.553513646125793457e+00,9.999993443489074707e-01,-7.935432367958128452e-04,6.226535333553329110e-05,-8.946351590566337109e-04
2.972938716411590576e-01,3.507201671600341797e+00,4.866458415985107422e+00,9.999993443489074707e-01,3.382477443665266037e-04,-4.553637118078768253e-04,1.061384449712932110e-03
2.006415605545043945e+00,8.656509220600128174e-02,6.109178066253662109e+00,9.999997019767761230e-01,5.105292657390236855e-04,5.536880344152450562e-04,-1.957124331966042519e-04
4.141386508941650391e+00,3.618316411972045898e+00,2.447996616363525391e+00,9.999734163284301758e-01,3.086833050474524498e-03,-3.230524947866797447e-03,5.763984285295009613e-03
5.219904184341430664e-01,2.891728401184082031e+00,4.254533290863037109e+00,9.999996423721313477e-01,4.149519954808056355e-04,-1.107184216380119324e-04,8.030515164136886597e-04
4.508507847785949707e-01,1.746960282325744629e+00,5.879470109939575195e-01,9.999997615814208984e-01,1.634379586903378367e-04,3.145794325973838568e-04,-5.991699872538447380e-04
5.002496719360351562e+00,1.275255322456359863e+00,6.722436904907226562e+00,9.999697804450988770e-01,3.685920732095837593e-03,-6.854851264506578445e-03,-1.485909888288006186e-04
4.404805660247802734e+00,2.766797780990600586e+00,3.141819238662719727e+00,9.999997615814208984e-01,-1.544897677376866341e-04,3.841753641609102488e-04,6.354752113111317158e-04
2.100734710693359375e+00,5.763388633728027344e+00,3.665157556533813477e+00,9.999998807907104492e-01,1.534516486572101712e-04,2.615071716718375683e-04,-4.278538981452584267e-04
5.464651584625244141e+00,1.952744007110595703e+00,5.408324241638183594e+00,9.999998807907104492e-01,5.253946874290704727e-04,1.189794347737915814e-04,2.311822318006306887e-04
4.321535587310791016e+00,3.536365270614624023e+00,1.865798354148864746e+00,9.999999403953552246e-01,-1.671043137321248651e-04,1.580647221999242902e-04,4.526437842287123203e-04
4.296789169311523438e+00,2.291896045207977295e-01,1.865092515945434570e+00,9.999974966049194336e-01,-5.207443027757108212e-04,2.195017877966165543e-03,7.196629303507506847e-05
3.562704086303710938e+00,4.549662113189697266e+00,1.852453827857971191e+00,9.999688267707824707e-01,2.013040240854024887e-03,6.512347143143415451e-03,3.991946578025817871e-03
3.355291604995727539e+00,4.386635303497314453e+00,8.006292581558227539e-01,9.999998807907104492e-01,3.207362315151840448e-04,3.075555432587862015e-04,-3.994200960732996464e-04
6.282886028289794922e+00,4.995031356811523438e+00,6.678034305572509766e+00,1.000000000000000000e+00,-7.035981252556666732e-05,2.874945930670946836e-04,-2.031396288657560945e-04
3.706894636154174805e+00,6.984562397003173828e+00,6.554045200347900391e+00,9.999995827674865723e-01,-1.634398358874022961e-04,-9.731211466714739799e-04,1.742309395922347903e-04
6.975985527038574219e+00,2.313291549682617188e+00,4.531043529510498047e+00,1.000000000000000000e+00,-1.566032588016241789e-04,2.658787416294217110e-04,4.316807462600991130e-05
3.708085298538208008e+00,3.232270956039428711e+00,3.853055238723754883e+00,9.999978542327880859e-01,-9.659012430347502232e-04,1.645228359848260880e-03,8.994458476081490517e-04
3.027682065963745117e+00,6.274883270263671875e+00,3.222049951553344727e+00,9.999996423721313477e-01,2.230552672699559480e-05,-1.434225850971415639e-04,9.149335674010217190e-04
5.279754638671875000e+00,7.063967227935791016e+00,7.843180894851684570e-01,9.999988675117492676e-01,-8.200434385798871517e-04,4.175085632596164942e-05,-1.309149782173335552e-03
1.779227137565612793e+00,4.688238203525543213e-01,2.817746162414550781e+00,1.000000000000000000e+00,-1.729865034576505423e-04,-1.742690801620483398e-04,5.222602339927107096e-05
5.285573959350585938e+00,1.414780497550964355e+00,6.799675464630126953e+00,9.999705553054809570e-01,3.592149354517459869e-03,-6.780673749744892120e-03,-1.226211315952241421e-04
3.601378440856933594e+00,4.998930454254150391e+00,4.123197078704833984e+00,9.999994039535522461e-01,-9.051157394424080849e-04,6.533100386150181293e-04,3.382328941370360553e-05
5.941677093505859375e+00,6.100915908813476562e+00,7.273133277893066406e+00,9.999994635581970215e-01,-1.858195537352003157e-05,1.051616505719721317e-03,4.214063810650259256e-04
6.467826843261718750e+00,5.786473274230957031e+00,3.841134607791900635e-01,9.999969601631164551e-01,4.128796572331339121e-04,-1.419298001565039158e-03,-1.993826357647776604e-03
1.900455951690673828e+00,7.176096439361572266e-01,6.288291931152343750e+00,1.000000000000000000e+00,-1.848900319600943476e-05,2.101908030454069376e-04,-2.272667625220492482e-04
4.203361511230468750e+00,2.788961887359619141e+00,7.282436847686767578e+00,9.999784827232360840e-01,3.830032364930957556e-04,-2.998646814376115799e-04,-6.548261735588312149e-03
6.395992279052734375e+00,1.392441391944885254e+00,4.812429904937744141e+00,9.999999403953552246e-01,-3.795565571635961533e-04,1.071442020474933088e-04,-2.515333471819758415e-04
3.092967510223388672e+00,6.507285118103027344e+00,3.641900062561035156e+00,9.999139904975891113e-01,-5.812335293740034103e-03,2.657563192769885063e-03,1.145712099969387054e-02
2.828101634979248047e+00,6.397382259368896484e+00,4.799189567565917969e+00,9.999992847442626953e-01,-1.037808018736541271e-03,-1.404391514370217919e-05,-6.679399521090090275e-04
7.160245895385742188e+00,5.619543552398681641e+00,5.292920112609863281e+00,9.999996423721313477e-01,-3.542117192409932613e-04,-7.023008656688034534e-04,-3.167694376315921545e-04
1.514157176017761230e+00,6.845500946044921875e+00,3.652486801147460938e+00,9.999568462371826172e-01,-6.339306477457284927e-03,-6.413295399397611618e-03,-2.229109173640608788e-03
3.106344938278198242e+00,3.815640926361083984e+00,1.581721901893615723e+00,9.999821782112121582e-01,1.000926829874515533e-03,5.815185140818357468e-03,9.131451952271163464e-04
1.389706134796142578e+00,1.003282308578491211e+00,6.861895084381103516e+00,1.000000000000000000e+00,1.902782678371295333e-04,4.683776933234184980e-05,-1.868590188678354025e-04
1.359951734542846680e+00,1.023988485336303711e+00,3.792113542556762695e+00,9.999998807907104492e-01,5.489927134476602077e-04,2.882516710087656975e-04,1.613561908015981317e-04
3.899194478988647461e+00,4.802414417266845703e+00,2.322140693664550781e+00,9.999997615814208984e-01,-3.716175560839474201e-04,-3.631690342444926500e-04,6.202755612321197987e-04
2.045351862907409668e-01,2.122776269912719727e+00,6.485956192016601562e+00,9.999830722808837891e-01,1.800383557565510273e-03,4.471556283533573151e-03,3.254357725381851196e-03
4.030884742736816406e+00,5.628392219543457031e+00,1.771723389625549316e+00,9.999997615814208984e-01,-4.632514610420912504e-04,-3.403909795451909304e-04,4.621937987394630909e-04
6.309970378875732422e+00,8.629938364028930664e-01,3.087178468704223633e+00,9.999998807907104492e-01,-4.604012356139719486e-04,-3.509515663608908653e-04,-1.183050553663633764e-04
6.324157238006591797e+00,7.480736255645751953e+00,5.947629213333129883e-01,9.999998211860656738e-01,-4.392610571812838316e-04,-3.290656604804098606e-04,-4.259615961927920580e-04
2.691577672958374023e+00,6.895663738250732422e+00,3.951548814773559570e+00,9.999997615814208984e-01,1.711251097731292248e-04,6.026711198501288891e-04,4.040539206471294165e-04
3.116178512573242188e+00,6.742627620697021484e+00,6.836212635040283203e+00,9.999989867210388184e-01,-2.902014239225536585e-04,-3.129408869426697493e-04,-1.375618274323642254e-03
4.317655563354492188e+00,2.812879800796508789e+00,5.685795783996582031e+00,9.999987483024597168e-01,-6.686757551506161690e-04,-1.149497693404555321e-03,9.096509893424808979e-04
1.113078832626342773e+00,6.213449954986572266e+00,6.104516506195068359e+00,9.999997019767761230e-01,3.714302729349583387e-04,5.262601771391928196e-04,3.951184335164725780e-04
3.552935361862182617e+00,2.179137945175170898e+00,3.035785913467407227e+00,9.999983906745910645e-01,1.015317742712795734e-03,-1.365864416584372520e-03,-6.028481875546276569e-04
1.651116728782653809e+00,4.012232303619384766e+00,2.364259481430053711e+00,9.999997615814208984e-01,4.189338942524045706e-04,-4.074326716363430023e-04,5.211411626078188419e-04
9.602653384208679199e-01,3.564667224884033203e+00,5.607916355133056641e+00,9.999290108680725098e-01,4.349483177065849304e-03,6.122619844973087311e-03,-9.251700714230537415e-03
6.781187057495117188e+00,3.771674871444702148e+00,7.340558528900146484e+00,9.999992251396179199e-01,-1.136022037826478481e-03,-5.514620570465922356e-04,-1.956729829544201493e-04
1.689464449882507324e+00,6.030503273010253906e+00,7.111581325531005859e+00,9.999998807907104492e-01,4.796643042936921120e-05,-4.996455390937626362e-04,2.900372783187776804e-04
2.438700199127197266e+00,5.487914562225341797e+00,7.383396148681640625e+00,9.999999403953552246e-01,-1.646202290430665016e-04,-3.872131346724927425e-04,2.170802472392097116e-04
6.709163665771484375e+00,4.541382491588592529e-01,2.308663845062255859e+00,1.000000000000000000e+00,1.199003236251883209e-04,1.808761007850989699e-04,1.008420440484769642e-04
2.391244888305664062e+00,3.481317996978759766e+00,7.328578472137451172e+00,9.999957084655761719e-01,-1.514968695119023323e-03,-2.117257798090577126e-03,-1.373117207549512386e-03
4.187828600406646729e-01,3.915039062500000000e+00,5.419201374053955078e+00,9.999879002571105957e-01,-4.428541753441095352e-03,7.797079160809516907e-04,2.017637016251683235e-03
5.968963503837585449e-01,2.048213630914688110e-01,3.624996900558471680e+00,1.000000000000000000e+00,-7.103278767317533493e-05,-1.124431510106660426e-04,-5.295804658089764416e-05
3.790593147277832031e+00,2.461379051208496094e+00,1.771121144294738770e+00,9.999991655349731445e-01,1.186982844956219196e-03,5.312609719112515450e-04,-2.506875607650727034e-04
1.346188426017761230e+00,1.419277071952819824e+00,5.055968165397644043e-01,9.999975562095642090e-01,4.113251343369483948e-04,1.768482499755918980e-03,-1.302279182709753513e-03
6.428470134735107422e+00,5.420732975006103516e+00,3.760877609252929688e+00,9.999988079071044922e-01,1.539166434668004513e-03,-1.075149339158087969e-04,-3.873478563036769629e-04
2.787383317947387695e+00,2.179754972457885742e+00,2.729694843292236328e+00,9.999985694885253906e-01,-7.204171852208673954e-04,1.188742346130311489e-03,9.980855975300073624e-04
1.974916607141494751e-01,2.793751001358032227e+00,1.364741683006286621e+00,9.999967813491821289e-01,-1.661377376876771450e-03,-1.945565920323133469e-03,-8.482428529532626271e-05
5.366356372833251953e+00,1.140764951705932617e+00,3.466275691986083984e+00,9.999214410781860352e-01,3.078391775488853455e-03,-1.202434208244085312e-02,-1.746590249240398407e-03
7.230891704559326172e+00,7.293795108795166016e+00,5.456840991973876953e-01,9.999101758003234863e-01,1.392117235809564590e-03,-1.042040530592203140e-02,8.315466344356536865e-03
4.030120372772216797e+00,5.974948883056640625e+00,7.715191841125488281e-01,1.000000000000000000e+00,1.529679284431040287e-04,-1.716106053208932281e-04,-1.814688148442655802e-04
6.141040325164794922e+00,6.701320648193359375e+00,1.434789776802062988e+00,9.999961853027343750e-01,-1.483037252910435200e-03,1.027472433634102345e-03,2.100520068779587746e-03
2.370414972305297852e+00,3.046680927276611328e+00,1.195652246475219727e+00,9.999995231628417969e-01,6.074008997529745102e-04,-3.581384662538766861e-04,-7.897434406913816929e-04
6.186618804931640625e+00,3.850988149642944336e+00,4.143865108489990234e+00,9.999983310699462891e-01,-5.070067127235233784e-04,1.464752480387687683e-03,-1.006870646961033344e-03
6.168315410614013672e+00,4.239520072937011719e+00,3.187183141708374023e+00,9.999999403953552246e-01,1.129288648371584713e-04,3.493192198220640421e-04,-3.381439310032874346e-04
7.128563880920410156e+00,5.878659248352050781e+00,6.143858909606933594e+00,1.000000000000000000e+00,-1.600725227035582066e-04,-2.614333061501383781e-04,-1.007824175758287311e-04
1.251316070556640625e+00,1.186282515525817871e+00,1.794583439826965332e+00,9.999976158142089844e-01,1.949826371856033802e-03,-7.089953869581222534e-04,7.795181008987128735e-04
9.541821479797363281e-01,2.704041242599487305e+00,6.782670497894287109e+00,9.998886585235595703e-01,2.600493142381310463e-03,-1.328888535499572754e-02,-6.275368388742208481e-03
1.960896730422973633e+00,6.693622112274169922e+00,5.673879623413085938e+00,1.000000000000000000e+00,-1.170377727248705924e-04,9.937085269484668970e-05,3.441861917963251472e-05
5.579034090042114258e-01,2.985501050949096680e+00,7.389906883239746094e+00,9.999058842658996582e-01,6.402834784239530563e-03,1.210385188460350037e-02,9.417618857696652412e-04
2.273309826850891113e-01,1.238887548446655273e+00,6.301440715789794922e+00,9.999998807907104492e-01,5.960401031188666821e-04,-6.426373875001445413e-05,9.855541429715231061e-05
9.439235925674438477e-01,1.294413089752197266e+00,2.952329397201538086e+00,9.999956488609313965e-01,1.560618984512984753e-03,-2.392432885244488716e-03,7.856559241190552711e-04
3.396996498107910156e+00,6.573887348175048828e+00,2.472917079925537109e+00,9.999997615814208984e-01,-2.795274194795638323e-04,-5.343619850464165211e-04,4.220355767756700516e-04
6.548237055540084839e-02,3.079554796218872070e+00,5.240390300750732422e-01,9.999974370002746582e-01,1.174758421257138252e-03,1.786072854883968830e-03,-7.208737079054117203e-04
1.068202137947082520e+00,8.581927418708801270e-01,1.644191980361938477e+00,9.999999403953552246e-01,4.129732260480523109e-04,3.951416147174313664e-05,-2.117772528436034918e-04
2.699260711669921875e+00,6.187247037887573242e-01,1.417614579200744629e+00,9.999999403953552246e-01,2.213039551861584187e-04,-2.663095947355031967e-04,-3.416860417928546667e-04
5.112174987792968750e+00,3.829685449600219727e+00,4.424298763275146484e+00,1.000000000000000000e+00,4.021415224997326732e-05,-3.307102888356894255e-04,-3.166283204336650670e-05
5.810963630676269531e+00,6.209127426147460938e+00,8.846447467803955078e-01,9.997678399085998535e-01,3.890933701768517494e-03,1.164160948246717453e-02,-1.771280542016029358e-02
7.175844192504882812e+00,3.299131631851196289e+00,7.342689990997314453e+00,9.999470114707946777e-01,-2.211863029515370727e-04,-1.009362656623125076e-02,2.040024613961577415e-03
5.039926528930664062e+00,7.142214775085449219e+00,1.452293395996093750e+00,9.999951124191284180e-01,7.141915848478674889e-04,1.181558589451014996e-03,2.808726392686367035e-03
9.983950853347778320e-01,3.827857017517089844e+00,4.295778274536132812e+00,9.999781250953674316e-01,-4.302677232772111893e-03,3.696614177897572517e-03,3.403633832931518555e-03
2.453821420669555664e+00,6.493628978729248047e+00,5.122816085815429688e+00,9.999972581863403320e-01,-1.205012551508843899e-03,1.656209584325551987e-03,-1.166287343949079514e-03
1.808934688568115234e+00,3.720237910747528076e-01,2.053648948669433594e+00,1.000000000000000000e+00,1.927877601701766253e-04,4.936102413921616971e-05,-3.835808092844672501e-05
5.827579647302627563e-02,2.610200643539428711e+00,4.913313984870910645e-01,9.999998807907104492e-01,1.625042641535401344e-04,4.745157784782350063e-04,-2.337072510272264481e-04
5.694468498229980469e+00,5.459778785705566406e+00,4.980485439300537109e+00,1.000000000000000000e+00,-2.381216327194124460e-04,2.000023087020963430e-04,7.438450120389461517e-05
5.778320312500000000e+00,6.976218700408935547e+00,6.330708980560302734e+00,9.999998211860656738e-01,-2.794507599901407957e-05,2.394877228653058410e-04,-6.336420192383229733e-04
4.459160327911376953e+00,9.068965315818786621e-01,4.086124420166015625e+00,9.999998807907104492e-01,-4.276768231648020446e-05,-4.440313787199556828e-04,-3.251880989409983158e-04
5.318194389343261719e+00,6.556115627288818359e+00,7.356166362762451172e+00,1.000000000000000000e+00,8.563662413507699966e-05,6.080771709093824029e-05,-3.185508248861879110e-04
2.761971235275268555e+00,5.424245834350585938e+00,5.897851467132568359e+00,9.999997019767761230e-01,2.174529945477843285e-04,-5.397656350396573544e-04,-6.027945782989263535e-04
6.053605556488037109e+00,2.369393587112426758e+00,4.370803356170654297e+00,9.999999403953552246e-01,-1.407603940606350079e-05,-5.432382749859243631e-05,-4.287975025363266468e-04
1.405748128890991211e+00,4.740491881966590881e-02,5.493750572204589844e+00,9.999962449073791504e-01,-1.208858680911362171e-03,-2.404890488833189011e-03,-6.584639777429401875e-04
3.529247283935546875e+00,5.830391049385070801e-01,3.535270690917968750e+00,9.999251365661621094e-01,5.541715305298566818e-03,-8.507099933922290802e-03,-6.839035078883171082e-03
4.092978954315185547e+00,2.348722219467163086e+00,2.412683010101318359e+00,9.999997019767761230e-01,-1.742695894790813327e-04,7.887214887887239456e-04,-1.812000118661671877e-04
1.624727010726928711e+00,6.453114509582519531e+00,1.639866352081298828e+00,9.999994039535522461e-01,6.934068514965474606e-04,7.123568211682140827e-04,3.804094740189611912e-04
5.876265764236450195e-01,2.863880872726440430e+00,5.389256477355957031e+00,9.999855160713195801e-01,-1.003322307951748371e-03,-1.140120904892683029e-03,5.162985064089298248e-03
1.596139371395111084e-01,5.108289241790771484e+00,2.393308639526367188e+00,9.999998211860656738e-01,-6.021987064741551876e-04,-3.737666993401944637e-04,-4.058444028487429023e-05
6.403239250183105469e+00,4.557093143463134766e+00,6.291928291320800781e-01,9.999898672103881836e-01,-1.414862927049398422e-03,-2.327299211174249649e-03,-3.585218917578458786e-03
4.677839279174804688e-01,4.230504512786865234e+00,5.441395282745361328e+00,9.999606013298034668e-01,-6.071098614484071732e-03,-3.434255020692944527e-03,-5.490562878549098969e-03
1.461873888969421387e+00,7.785053253173828125e-01,1.748928189277648926e+00,1.000000000000000000e+00,2.572894445620477200e-04,-1.800125173758715391e-04,1.561186218168586493e-04
2.566897630691528320e+00,6.369654178619384766e+00,3.079956054687500000e+00,9.999998807907104492e-01,-3.408274496905505657e-04,1.805910578696057200e-04,3.583316574804484844e-04
1.435532569885253906e+00,9.823047518730163574e-01,7.457479476928710938e+00,9.999999403953552246e-01,2.818104694597423077e-04,2.779096248559653759e-04,-2.389449800830334425e-04
2.760246515274047852e+00,2.147816419601440430e+00,7.052280902862548828e+00,9.999999403953552246e-01,-4.011893470305949450e-04,-6.819511327194049954e-05,1.465796376578509808e-04
4.491422176361083984e+00,5.420763492584228516e+00,7.241753578186035156e+00,9.999999403953552246e-01,1.880561853795370553e-06,3.030361549463123083e-04,-2.554492093622684479e-04
6.404726505279541016e+00,3.254180192947387695e+00,6.413485050201416016e+00,9.999999403953552246e-01,1.659887348068878055e-04,-9.527699876343831420e-05,4.006655071862041950e-04
6.257975101470947266e+00,4.235143184661865234e+00,2.862766742706298828e+00,1.000000000000000000e+00,-1.514279483671998605e-05,4.059943603351712227e-04,-1.656293316045776010e-04
6.948902606964111328e+00,2.673152923583984375e+00,6.293656826019287109e+00,9.999073743820190430e-01,7.917392067611217499e-03,-3.515719436109066010e-03,-1.049847342073917389e-02
5.574014663696289062e+00,6.762142658233642578e+00,3.081713318824768066e-01,9.999999403953552246e-01,-4.285075410734862089e-04,-1.657692191656678915e-04,-1.642609277041628957e-04
5.668322563171386719e+00,1.520638346672058105e+00,9.309106469154357910e-01,9.999991059303283691e-01,2.996561815962195396e-04,4.710381617769598961e-04,-1.268928986974060535e-03
6.505861759185791016e+00,4.457925260066986084e-01,4.072921752929687500e+00,9.999992847442626953e-01,9.347560699097812176e-04,7.374368142336606979e-04,2.977302647195756435e-04
2.187253236770629883e+00,5.649870872497558594e+00,2.710462331771850586e+00,9.999998807907104492e-01,-5.693869898095726967e-04,-2.014789206441491842e-04,-1.403532041877042502e-05
4.390924453735351562e+00,2.476631164550781250e+00,5.785484790802001953e+00,9.999966621398925781e-01,-2.924532163888216019e-04,-2.582044806331396103e-03,2.886713773477822542e-04
1.826056361198425293e+00,2.789435625076293945e+00,2.723404467105865479e-01,9.999999403953552246e-01,-9.129847603617236018e-05,-3.759866813197731972e-04,-2.336284815100952983e-04
2.530234575271606445e+00,6.953797817230224609e+00,4.939856052398681641e+00,9.999852776527404785e-01,4.832316190004348755e-03,2.390534151345491409e-03,-6.082412437535822392e-04
6.019824504852294922e+00,5.378148078918457031e+00,3.715227603912353516e+00,9.999991655349731445e-01,1.275095157325267792e-03,-1.299494470003992319e-04,3.258409560658037663e-04
6.521657466888427734e+00,2.354230165481567383e+00,4.356378555297851562e+00,1.000000000000000000e+00,-2.259023631268064491e-06,9.443765156902372837e-05,-2.024041023105382919e-04
4.351887702941894531e+00,2.673994302749633789e+00,1.033874988555908203e+00,9.999992847442626953e-01,1.080407761037349701e-03,2.020365354837849736e-04,-5.543945590034127235e-04
6.800005435943603516e+00,1.791789531707763672e+00,1.185519218444824219e+00,9.999993443489074707e-01,-4.950183792971074581e-04,8.537158719263970852e-04,6.066962378099560738e-04
3.782876014709472656e+00,4.457707405090332031e+00,7.221221923828125000e+00,9.999966621398925781e-01,1.843965146690607071e-03,-9.241668740287423134e-04,-1.600100775249302387e-03
8.182192444801330566e-01,4.972901821136474609e+00,4.222410202026367188e+00,9.999896883964538574e-01,-3.814331954345107079e-03,-7.634817739017307758e-04,2.365348394960165024e-03
6.670858860015869141e+00,4.865498542785644531e+00,2.805747985839843750e+00,9.999977946281433105e-01,4.135057970415800810e-04,-8.458892698399722576e-04,-1.907590194605290890e-03
1.432775855064392090e+00,4.316265583038330078e+00,4.340011119842529297e+00,9.999640583992004395e-01,6.316374638117849827e-04,-3.355809254571795464e-03,-7.759520318359136581e-03
6.799445629119873047e+00,1.655184984207153320e+00,1.090123653411865234e-01,1.000000000000000000e+00,4.460009222384542227e-05,-2.858238294720649719e-04,2.165046753361821175e-04
1.099689722061157227e+00,7.023541927337646484e+00,3.459505558013916016e+00,9.999996423721313477e-01,-1.018711118376813829e-04,-8.037120569497346878e-04,-4.406643565744161606e-04
1.565744757652282715e+00,5.536963462829589844e+00,9.151741862297058105e-01,9.999936223030090332e-01,2.961379359476268291e-04,-3.454336198046803474e-03,-8.334775920957326889e-04
5.246644496917724609e+00,1.358464717864990234e+00,5.808342933654785156e+00,1.000000000000000000e+00,5.382569361245259643e-05,-2.003942063311114907e-04,-4.896886821370571852e-05
1.381484746932983398e+00,1.801392287015914917e-01,9.294627308845520020e-01,9.999978542327880859e-01,1.821880810894072056e-03,8.571619982831180096e-04,-6.183813093230128288e-04
4.461897850036621094e+00,7.805842757225036621e-01,6.391726493835449219e+00,9.999999403953552246e-01,3.540447505656629801e-04,-1.552974281366914511e-04,2.854549966286867857e-04
3.358868360519409180e+00,1.454342007637023926e+00,7.419583797454833984e+00,9.999991655349731445e-01,6.277445354498922825e-04,1.110671320930123329e-03,1.156742946477606893e-04
3.575094223022460938e+00,7.605860233306884766e-01,2.844397783279418945e+00,9.999982118606567383e-01,-1.683951006270945072e-03,-4.926083493046462536e-04,-7.655912195332348347e-04
4.718864440917968750e+00,1.348613142967224121e+00,1.226976156234741211e+00,9.999979138374328613e-01,-1.292745349928736687e-03,1.511542475782334805e-03,5.897518130950629711e-04
5.772356986999511719e+00,2.677863597869873047e+00,5.568081378936767578e+00,1.000000000000000000e+00,-2.898296224884688854e-04,2.200348826590925455e-04,-1.857489696703851223e-04
6.841418147087097168e-01,4.003057479858398438e+00,1.212506413459777832e+00,9.999996423721313477e-01,-5.737270112149417400e-04,-4.222103161737322807e-04,5.916851805523037910e-04
5.558779239654541016e+00,3.958456039428710938e+00,7.136689662933349609e+00,9.999966025352478027e-01,-2.080923179164528847e-03,2.387953863944858313e-04,-1.535818213596940041e-03
4.532150924205780029e-01,5.375299930572509766e+00,2.854860782623291016e+00,9.999992847442626953e-01,7.578984950669109821e-04,-7.043405203148722649e-04,-6.852922379039227962e-04
4.037514209747314453e+00,7.152137160301208496e-01,6.663648128509521484e+00,1.000000000000000000e+00,1.656618987908586860e-04,1.138748302764724940e-05,1.665697636781260371e-04
4.209555149078369141e+00,6.945703506469726562e+00,3.094410181045532227e+00,9.999999403953552246e-01,-2.361904480494558811e-04,2.801951486617326736e-04,9.186477109324187040e-05
5.949161529541015625e+00,3.383531570434570312e+00,2.532688379287719727e+00,9.999998807907104492e-01,5.195651901885867119e-04,-1.065520409611053765e-04,2.088430192088708282e-04
7.031177997589111328e+00,7.290511608123779297e+00,4.178828239440917969e+00,9.999433159828186035e-01,2.634778385981917381e-03,-5.716432351619005203e-03,-8.587274700403213501e-03
6.392117977142333984e+00,1.469559669494628906e+00,2.427454710006713867e+00,9.999798536300659180e-01,-4.996507894247770309e-03,-3.409148193895816803e-03,1.938211615197360516e-03
6.915416717529296875e+00,3.348570823669433594e+00,2.379071898758411407e-02,9.999418258666992188e-01,-1.100580790080130100e-03,-1.049588806927204132e-02,2.264136215671896935e-03
4.904485702514648438e+00,6.021895885467529297e+00,4.682386815547943115e-01,9.999997019767761230e-01,8.258461020886898041e-04,2.455677313264459372e-04,8.752498251851648092e-05
5.125451564788818359e+00,1.301699399948120117e+00,7.147779464721679688e+00,9.999998807907104492e-01,4.100893056602217257e-05,5.634597619064152241e-04,7.446314702974632382e-05
4.519857466220855713e-01,1.134268045425415039e-01,6.452612400054931641e+00,9.999997019767761230e-01,-6.413783994503319263e-04,-4.670683410950005054e-04,-1.342249452136456966e-04
1.910304546356201172e+00,5.211725234985351562e+00,2.712556600570678711e+00,9.999998807907104492e-01,-5.614904803223907948e-04,-2.700997574720531702e-04,1.855714072007685900e-05
7.085289955139160156e+00,2.670346498489379883e+00,6.751182079315185547e+00,9.999616146087646484e-01,9.767382871359586716e-04,8.658109232783317566e-03,-9.462545858696103096e-04
1.578407406806945801e+00,6.008266925811767578e+00,1.415681362152099609e+00,9.999998211860656738e-01,5.188077338971197605e-04,-2.987751795444637537e-04,4.308813367970287800e-04
2.708276271820068359e+00,1.040616273880004883e+00,4.849160194396972656e+00,9.999905824661254883e-01,-2.930882154032588005e-03,2.441591350361704826e-03,-2.085432410240173340e-03
3.333547711372375488e-01,3.822563648223876953e+00,2.216551303863525391e+00,9.999991655349731445e-01,-4.963555838912725449e-04,-1.057331101037561893e-03,-6.219228962436318398e-04
4.392416954040527344e+00,5.534776210784912109e+00,4.837822914123535156e+00,9.999978542327880859e-01,-1.961619593203067780e-03,-7.692255312576889992e-04,1.023759032250382006e-04
2.110132694244384766e+00,7.265270709991455078e+00,1.488524317741394043e+00,9.999235868453979492e-01,-7.316467817872762680e-03,-2.245451090857386589e-03,9.716002270579338074e-03
2.631533145904541016e-01,3.917816877365112305e+00,3.193050861358642578e+00,9.999980926513671875e-01,-1.759666134603321552e-03,7.436007144860923290e-04,5.827520508319139481e-04
3.371851444244384766e-01,2.371782064437866211e+00,4.191567897796630859e+00,9.999995827674865723e-01,7.180870306910946965e-05,-9.173769503831863403e-04,3.832327201962471008e-04
2.762304544448852539e+00,1.362223267555236816e+00,6.413498878479003906e+00,1.000000000000000000e+00,3.813088114839047194e-04,-3.108596865786239505e-05,-5.974479063297621906e-05
3.268804550170898438e+00,4.923065602779388428e-01,3.038271427154541016e+00,9.999979734420776367e-01,-1.686813193373382092e-03,8.453904301859438419e-04,7.635035435669124126e-04
2.921872615814208984e+00,3.833354949951171875e+00,1.302596926689147949e+00,9.999994039535522461e-01,3.251564921811223030e-04,9.107794612646102905e-04,6.304165581241250038e-04
6.332775115966796875e+00,6.215723991394042969e+00,6.701679706573486328e+00,9.999927878379821777e-01,-1.162608736194670200e-03,2.246759599074721336e-03,2.830560319125652313e-03
1.852064251899719238e+00,3.947473526000976562e+00,2.898705005645751953e+00,9.999995827674865723e-01,-5.057269008830189705e-04,-4.188002494629472494e-04,-6.847046315670013428e-04
7.064858913421630859e+00,5.389267921447753906e+00,5.833522319793701172e+00,1.000000000000000000e+00,-2.831843739841133356e-04,1.093178361770696938e-04,-5.630390660371631384e-05
1.588305950164794922e+00,2.857711553573608398e+00,6.766672134399414062e+00,1.000000000000000000e+00,-7.814460695954039693e-05,1.597851041879039258e-05,1.266881008632481098e-04
5.327606201171875000e+00,3.415988922119140625e+00,6.835975646972656250e+00,9.999998211860656738e-01,5.281120320432819426e-05,-3.535779251251369715e-04,-5.520595586858689785e-04
5.603296756744384766e+00,6.010696411132812500e+00,7.472715377807617188e-01,9.998922348022460938e-01,-2.074492629617452621e-03,1.029664836823940277e-02,-1.026109140366315842e-02
2.370253801345825195e+00,1.083437919616699219e+00,2.849866867065429688e+00,9.999363422393798828e-01,-1.045482978224754333e-02,2.262331778183579445e-03,3.583451267331838608e-03
8.695437312126159668e-01,4.679430484771728516e+00,3.719961643218994141e+00,9.999970197677612305e-01,-5.869402666576206684e-04,-2.206455450505018234e-03,-9.419359266757965088e-04
2.463687062263488770e-01,5.476726055145263672e+00,5.441910266876220703e+00,1.000000000000000000e+00,-2.274668513564392924e-04,1.937173365149646997e-04,-2.520630368962883949e-04
8.874142765998840332e-01,6.759460926055908203e+00,5.385025978088378906e+00,1.000000000000000000e+00,8.988659828901290894e-05,7.230876508401706815e-05,-3.148452378809452057e-05
9.904057979583740234e-01,1.066936731338500977e+00,3.377476215362548828e+00,9.999081492424011230e-01,-1.191573217511177063e-03,-1.312488783150911331e-02,3.179226070642471313e-03
5.677161693572998047e+00,3.068607807159423828e+00,3.209915399551391602e+00,9.999991059303283691e-01,-8.762102806940674782e-04,-1.043238095007836819e-03,-1.581668184371665120e-04
5.770413875579833984e+00,3.172048807144165039e+00,2.131040334701538086e+00,1.000000000000000000e+00,2.078503894153982401e-04,9.501272143097594380e-05,-1.166856600320897996e-04
3.254770517349243164e+00,6.233527183532714844e+00,5.678665637969970703e+00,9.999848008155822754e-01,-1.792914117686450481e-03,-2.252964768558740616e-03,4.702566191554069519e-03
2.908497810363769531e+00,1.168314218521118164e+00,1.594720363616943359e+00,9.999999403953552246e-01,5.973279985482804477e-05,-3.424423921387642622e-04,2.663385821506381035e-04
6.120743751525878906e+00,2.474648952484130859e+00,5.444749832153320312e+00,1.000000000000000000e+00,-1.942184462677687407e-04,3.095127976848743856e-05,-3.678947978187352419e-04
4.614985585212707520e-01,2.120143175125122070e+00,2.330734491348266602e+00,9.999977350234985352e-01,1.710190554149448872e-03,1.318786293268203735e-03,8.917744708014652133e-05
2.933184623718261719e+00,1.258963942527770996e+00,8.265985846519470215e-01,9.999998807907104492e-01,4.373364208731800318e-04,-1.327119534835219383e-04,3.437148116063326597e-04
3.779026031494140625e+00,5.784385204315185547e+00,4.767688751220703125e+00,9.999936819076538086e-01,1.566772582009434700e-03,3.139105625450611115e-03,6.532812840305268764e-04
3.039037704467773438e+00,7.167809486389160156e+00,5.276806354522705078e+00,9.999997019767761230e-01,5.307864048518240452e-04,6.100817117840051651e-04,-1.377149455947801471e-04
7.464641928672790527e-01,4.793051242828369141e+00,6.299377918243408203e+00,9.999685883522033691e-01,4.553877282887697220e-03,3.424481023102998734e-03,5.513836629688739777e-03
6.260768890380859375e+00,4.459000110626220703e+00,4.659854412078857422e+00,1.000000000000000000e+00,-2.274271682836115360e-04,4.164138590567745268e-05,-6.516201392514631152e-05
1.383700132369995117e+00,2.855139017105102539e+00,4.411857604980468750e+00,9.999997615814208984e-01,3.686199488583952188e-04,4.587044822983443737e-04,-4.036135505884885788e-04
5.609264373779296875e+00,2.493488550186157227e+00,1.135460734367370605e+00,9.999472498893737793e-01,9.810830466449260712e-03,-4.561140958685427904e-04,-3.034706460312008858e-03
3.586848735809326172e+00,5.004138946533203125e+00,4.783276557922363281e+00,9.999998211860656738e-01,6.314211641438305378e-04,-7.076275778672425076e-06,1.666651369305327535e-04
5.227126121520996094e+00,6.103531837463378906e+00,7.121534824371337891e+00,9.999992847442626953e-01,1.098667038604617119e-03,5.722825299017131329e-04,-9.515991405351087451e-05
4.049610793590545654e-01,7.381154537200927734e+00,7.148703098297119141e+00,9.998974800109863281e-01,1.081226952373981476e-02,3.092287079198285937e-05,-9.395614266395568848e-03
5.269700527191162109e+00,7.059725284576416016e+00,2.906151771545410156e+00,1.000000000000000000e+00,2.304604568053036928e-04,1.388015225529670715e-04,-3.411159850656986237e-04
5.084964275360107422e+00,5.658704280853271484e+00,6.581321716308593750e+00,9.999998807907104492e-01,4.518712230492383242e-04,2.822159440256655216e-04,3.026291669812053442e-04
1.555415034294128418e+00,7.417914390563964844e+00,5.848873615264892578e+00,9.999622106552124023e-01,-1.334004104137420654e-03,4.127572290599346161e-03,-7.535695564001798630e-03
6.163691878318786621e-01,9.179642796516418457e-01,1.581184267997741699e-01,9.999992847442626953e-01,5.595126422122120857e-04,9.472290403209626675e-04,-6.127271917648613453e-04
7.000368118286132812e+00,4.205235004425048828e+00,6.894917964935302734e+00,9.999922513961791992e-01,-3.015781752765178680e-03,-1.140713342465460300e-03,2.278446219861507416e-03
6.688723087310791016e+00,1.260954260826110840e+00,7.204439163208007812e+00,9.999888539314270020e-01,-4.000777335022576153e-05,2.046605106443166733e-03,-4.254504572600126266e-03
3.273525953292846680e+00,2.735495567321777344e+00,2.054751873016357422e+00,9.999961256980895996e-01,-4.726274055428802967e-04,-2.098683966323733330e-03,1.748072332702577114e-03
5.940531253814697266e+00,3.677701711654663086e+00,4.443886280059814453e+00,9.999997019767761230e-01,6.008074851706624031e-04,3.964086645282804966e-04,-3.998285974375903606e-04
2.332384347915649414e+00,1.550880193710327148e+00,6.116884708404541016e+00,9.999998211860656738e-01,4.958493518643081188e-04,-2.675927535165101290e-04,-3.471313684713095427e-04
4.476430892944335938e+00,4.200924396514892578e+00,3.421957731246948242e+00,9.999975562095642090e-01,1.114448765292763710e-03,-1.193249554489739239e-04,-1.946960110217332840e-03
2.256212711334228516e+00,1.183294504880905151e-01,5.765974521636962891e+00,9.999989271163940430e-01,9.611562127247452736e-04,-3.514978743623942137e-04,1.119839260354638100e-03
7.421317100524902344e+00,6.633317470550537109e+00,2.966507673263549805e+00,1.000000000000000000e+00,-1.128123185480944812e-04,3.150485645164735615e-05,-2.912319541792385280e-05
5.734860897064208984e+00,1.023596048355102539e+00,3.392746448516845703e+00,9.999959468841552734e-01,1.699683605693280697e-03,2.308950759470462799e-03,-6.255602056626230478e-05
6.397613048553466797e+00,2.866001427173614502e-01,6.191562652587890625e+00,9.999970793724060059e-01,3.004494938068091869e-04,-1.173592405393719673e-03,2.121692756190896034e-03
2.124187946319580078e+00,4.518315315246582031e+00,5.466030597686767578e+00,1.000000000000000000e+00,-1.493311137892305851e-04,2.422348770778626204e-04,-1.917987829074263573e-04
5.953463554382324219e+00,9.551430344581604004e-01,4.226078033447265625e+00,9.999994635581970215e-01,-2.902547203120775521e-05,1.112580415792763233e-03,4.414247086970135570e-05
1.248554468154907227e+00,1.775563240051269531e+00,5.611718654632568359e+00,9.999547004699707031e-01,-8.994463831186294556e-03,-2.930285874754190445e-03,1.034485409036278725e-03
7.245234489440917969e+00,9.788370877504348755e-02,1.419341444969177246e+00,9.999992251396179199e-01,-9.600995108485221863e-04,7.605786086060106754e-04,-3.338552778586745262e-04
2.083299875259399414e+00,4.763619899749755859e+00,1.077349781990051270e+00,9.999933242797851562e-01,3.338061505928635597e-03,-1.315856119617819786e-03,-7.415723521262407303e-04
4.396591186523437500e+00,3.097873926162719727e+00,5.417514801025390625e+00,9.999969005584716797e-01,-2.235680818557739258e-03,7.432492566294968128e-04,-7.826222572475671768e-04
6.196442127227783203e+00,3.160753250122070312e-01,4.129067420959472656e+00,9.999998807907104492e-01,1.553426845930516720e-04,4.578970547299832106e-04,2.906018926296383142e-04
7.417200088500976562e+00,3.537858724594116211e+00,7.097608566284179688e+00,9.999993443489074707e-01,1.116300467401742935e-03,-4.201290139462798834e-04,2.436476497678086162e-04
6.570727825164794922e+00,8.461652398109436035e-01,3.486340522766113281e+00,9.999999403953552246e-01,-3.854166061501018703e-05,-4.260723944753408432e-04,-1.043605661834590137e-04
5.675407409667968750e+00,4.941629886627197266e+00,1.820578694343566895e+00,9.999496340751647949e-01,-1.000294368714094162e-02,-8.286270312964916229e-04,1.763139152899384499e-04
2.139867067337036133e+00,3.005844831466674805e+00,3.529859304428100586e+00,9.999998807907104492e-01,5.072688800282776356e-04,1.935915788635611534e-04,4.391132097225636244e-05
6.446096301078796387e-01,1.412959843873977661e-01,6.824549674987792969e+00,9.999988675117492676e-01,-4.560116794891655445e-04,-1.012209220789372921e-03,-1.072686864063143730e-03
6.216336727142333984e+00,4.675493240356445312e+00,2.721027374267578125e+00,9.999999403953552246e-01,1.755988159857224673e-05,4.729471111204475164e-04,2.048371825367212296e-04
5.800513267517089844e+00,6.909401416778564453e+00,3.839676856994628906e+00,9.999042153358459473e-01,-9.687405079603195190e-03,-9.660222567617893219e-03,2.109957393258810043e-03
2.391079425811767578e+00,3.855201721191406250e+00,6.937471389770507812e+00,9.999939203262329102e-01,3.601406933739781380e-04,-1.214979565702378750e-03,-3.268751082941889763e-03
1.214927673339843750e+00,4.727111816406250000e+00,5.502035140991210938e+00,9.999738931655883789e-01,8.588571217842400074e-04,6.876333151012659073e-03,2.087117871269583702e-03
4.336706161499023438e+00,1.968528270721435547e+00,6.724304676055908203e+00,1.000000000000000000e+00,2.687311498448252678e-04,1.143274275818839669e-04,-7.991262827999889851e-05
6.372089862823486328e+00,1.250700473785400391e+00,4.459567070007324219e+00,9.999999403953552246e-01,-4.935449105687439442e-04,1.723736786516383290e-04,-1.831061381381005049e-04
2.516636848449707031e+00,3.568902969360351562e+00,5.703701019287109375e+00,9.999996423721313477e-01,6.185610545799136162e-04,1.130280579673126340e-04,7.125980337150394917e-04
6.013299465179443359e+00,5.557952404022216797e+00,5.560869693756103516e+00,9.999976754188537598e-01,1.443696790374815464e-03,-1.493381452746689320e-03,6.694676703773438931e-04
4.846357345581054688e+00,6.644517898559570312e+00,4.677218437194824219e+00,9.999575614929199219e-01,-5.009067244827747345e-03,6.617795675992965698e-03,3.991147503256797791e-03
1.524770259857177734e+00,8.187763094902038574e-01,6.538010120391845703e+00,1.000000000000000000e+00,-1.979156513698399067e-05,5.739175321650691330e-05,-1.851095148595049977e-04
3.103675127029418945e+00,7.034111976623535156e+00,7.144132137298583984e+00,9.999949932098388672e-01,2.065605251118540764e-03,1.437355531379580498e-03,-1.929239486344158649e-03
3.625832319259643555e+00,1.340969443321228027e+00,1.629485011100769043e+00,1.000000000000000000e+00,-2.053692296613007784e-04,4.199004906695336103e-04,-1.554067057440988719e-05
6.869509220123291016e+00,2.365430831909179688e+00,6.300492286682128906e+00,9.999145865440368652e-01,7.679644506424665451e-03,-2.458306960761547089e-03,-1.029153633862733841e-02
7.501892089843750000e+00,1.251029372215270996e+00,9.467439651489257812e-01,9.999921321868896484e-01,1.874364796094596386e-03,2.365529770031571388e-03,-2.596415579319000244e-03
4.679498195648193359e+00,7.216162681579589844e+00,1.703904122114181519e-01,9.999977350234985352e-01,-1.802012557163834572e-03,-1.104011666029691696e-03,-5.073507199995219707e-04
1.689833104610443115e-01,3.657379865646362305e+00,5.978402137756347656e+00,9.999822378158569336e-01,1.352823921479284763e-03,2.153868786990642548e-03,-5.391536280512809753e-03
7.411572933197021484e+00,2.254228830337524414e+00,6.508115768432617188e+00,9.999786019325256348e-01,2.003097673878073692e-03,4.926422610878944397e-03,3.803623374551534653e-03
4.723717570304870605e-01,2.774996280670166016e+00,3.566127538681030273e+00,9.999958276748657227e-01,8.929771138355135918e-04,-1.307789352722465992e-03,2.429637126624584198e-03
3.833890199661254883e+00,6.521131992340087891e+00,6.904449462890625000e+00,9.999961853027343750e-01,-1.280659111216664314e-03,-1.733527402393519878e-03,1.719258609227836132e-03
4.392895221710205078e+00,6.886727809906005859e+00,1.407359361648559570e+00,9.999991655349731445e-01,1.264778984477743506e-04,-2.198001675424166024e-05,1.313871471211314201e-03
3.363556265830993652e-01,7.271973609924316406e+00,5.460395336151123047e+00,9.999998807907104492e-01,-4.552452010102570057e-04,3.891598898917436600e-04,8.482094563078135252e-05
6.237465381622314453e+00,3.388401985168457031e+00,7.780524492263793945e-01,9.999998211860656738e-01,4.260402056388556957e-04,5.070219631306827068e-04,7.420249858114402741e-06
1.938112378120422363e+00,2.457001686096191406e+00,3.532347381114959717e-01,1.000000000000000000e+00,-1.104059192584827542e-04,-4.367766086943447590e-05,1.204503714689053595e-04
7.202611565589904785e-01,3.123140096664428711e+00,6.972969532012939453e+00,9.999957084655761719e-01,1.757977413944900036e-03,1.727004069834947586e-03,-1.623031217604875565e-03
3.530895709991455078e+00,3.063688755035400391e+00,8.711567521095275879e-01,9.999996423721313477e-01,-7.075512548908591270e-04,2.645171189215034246e-04,4.994690534658730030e-04
2.951920986175537109e+00,3.987418413162231445e+00,2.427628278732299805e+00,9.999306201934814453e-01,9.690309874713420868e-03,-5.681533832103013992e-03,3.538636257871985435e-03
1.251341223716735840e+00,3.924095928668975830e-01,2.403791189193725586e+00,1.000000000000000000e+00,-3.541589539963752031e-04,-6.356565427267923951e-05,-6.397227116394788027e-05
4.189405441284179688e+00,6.506226539611816406e+00,6.220578193664550781e+00,9.999975562095642090e-01,-1.633728970773518085e-03,-1.485322020016610622e-03,-2.842087124008685350e-04
7.107940196990966797e+00,6.743281364440917969e+00,7.434103012084960938e+00,9.999997615814208984e-01,1.643743780732620507e-05,7.162066758610308170e-04,-2.814778126776218414e-04
4.302446842193603516e-01,2.666643142700195312e+00,1.674110651016235352e+00,9.999973773956298828e-01,5.246682558208703995e-04,-2.140946919098496437e-03,-7.194727659225463867e-04
5.643415451049804688e+00,4.355101108551025391e+00,4.192564487457275391e-01,9.999877810478210449e-01,2.266914583742618561e-03,3.578112926334142685e-03,2.565465169027447701e-03
1.845541968941688538e-02,6.180219650268554688e+00,4.759469985961914062e+00,9.999998807907104492e-01,-3.787659807130694389e-04,-4.241572169121354818e-04,3.029324216186068952e-05
4.326205730438232422e+00,3.001482784748077393e-01,1.336426019668579102e+00,9.999930262565612793e-01,-1.335954584646970034e-04,3.715404076501727104e-03,2.778981288429349661e-04
6.490450859069824219e+00,4.490867137908935547e+00,4.153738498687744141e+00,9.999994635581970215e-01,6.144109647721052170e-04,1.874025037977844477e-04,8.798274211585521698e-04
6.225515365600585938e+00,5.118840694427490234e+00,4.891187191009521484e+00,9.999998807907104492e-01,-6.317414809018373489e-04,-6.544870848301798105e-05,1.673014230618719012e-05
1.466348528861999512e+00,6.860363006591796875e+00,2.255086183547973633e+00,9.999998211860656738e-01,-4.305554903112351894e-04,4.288998025003820658e-04,-2.093063812935724854e-04
7.293303966522216797e+00,2.930492877960205078e+00,7.974804043769836426e-01,9.999959468841552734e-01,1.028191181831061840e-03,7.258736295625567436e-04,-2.578098792582750320e-03
2.831589460372924805e+00,2.183944463729858398e+00,6.237102985382080078e+00,9.999985694885253906e-01,1.673806458711624146e-03,-2.571184813859872520e-05,4.151915491092950106e-04
6.146954536437988281e+00,7.117121219635009766e+00,4.554628849029541016e+00,9.999995231628417969e-01,7.748696370981633663e-04,1.298285642405971885e-04,-6.880129221826791763e-04
6.317452907562255859e+00,7.475461006164550781e+00,5.019771099090576172e+00,9.999909996986389160e-01,2.925635548308491707e-03,2.028179587796330452e-04,-3.069377038627862930e-03
3.525377750396728516e+00,3.263750314712524414e+00,6.004613637924194336e-01,9.999994039535522461e-01,-8.460194803774356842e-04,5.800595390610396862e-04,3.959177411161363125e-04
2.836885213851928711e+00,4.438708782196044922e+00,8.873293995857238770e-01,9.999998211860656738e-01,3.837368567474186420e-04,-5.048708408139646053e-04,-3.526276559568941593e-04
6.671477317810058594e+00,9.628163576126098633e-01,7.179300487041473389e-02,9.999768733978271484e-01,5.401747766882181168e-03,-2.696621930226683617e-03,-3.134452272206544876e-03
6.042870521545410156e+00,6.205841302871704102e-01,2.966993331909179688e+00,9.999997615814208984e-01,-5.974053055979311466e-04,-2.331598079763352871e-04,-4.737012786790728569e-04
5.164363861083984375e+00,3.042625427246093750e+00,9.035173058509826660e-01,9.999745488166809082e-01,-1.792793977074325085e-03,6.906111724674701691e-03,1.603566925041377544e-04
1.851083993911743164e+00,2.892459154129028320e+00,3.289088964462280273e+00,9.999998807907104492e-01,5.641110474243760109e-04,6.037936327629722655e-05,1.362540842819726095e-05
2.373472452163696289e+00,6.877086639404296875e+00,3.629861354827880859e+00,9.999998807907104492e-01,-3.829269553534686565e-04,1.331012026639655232e-04,5.089700571261346340e-04
6.065795898437500000e+00,2.704784631729125977e+00,3.310654878616333008e+00,9.999986886978149414e-01,1.003861543722450733e-03,-4.509236314333975315e-04,-1.264097401872277260e-03
4.733593463897705078e+00,3.507307052612304688e+00,6.357984542846679688e+00,9.999989271163940430e-01,-9.729037992656230927e-04,6.938884034752845764e-04,-9.037904674187302589e-04
7.419365406036376953e+00,4.396644592285156250e+00,4.839442729949951172e+00,9.999682903289794922e-01,-6.215196568518877029e-03,1.816080184653401375e-03,-4.636974539607763290e-03
1.393499732017517090e+00,5.068428516387939453e+00,3.106718301773071289e+00,9.999989271163940430e-01,-1.323381147813051939e-04,1.208928370033390820e-04,1.491048606112599373e-03
3.245052814483642578e+00,4.745747089385986328e+00,4.810707092285156250e+00,9.999998211860656738e-01,6.425718311220407486e-04,2.672746486496180296e-04,-2.361921651754528284e-04
5.755318641662597656e+00,2.234476327896118164e+00,3.857390880584716797e+00,9.999999403953552246e-01,2.882246335502713919e-04,2.733312430791556835e-04,-1.809269451769068837e-04
6.715906143188476562e+00,1.200726389884948730e+00,2.859668970108032227e+00,1.000000000000000000e+00,5.365334800444543362e-05,-3.679793735500425100e-05,-1.259556574950693175e-05
1.817876994609832764e-01,2.817186832427978516e+00,5.808312892913818359e+00,9.999994635581970215e-01,-9.649363928474485874e-04,2.870004682336002588e-04,4.347040667198598385e-04
3.158152341842651367e+00,6.785792350769042969e+00,2.773937702178955078e+00,9.999688863754272461e-01,-2.619433216750621796e-03,-7.324319332838058472e-03,1.350481179542839527e-03
2.986787796020507812e+00,2.697196960449218750e+00,1.898458123207092285e+00,9.999997615814208984e-01,-7.837654993636533618e-05,-3.956465516239404678e-04,6.724560516886413097e-04
3.638783216476440430e+00,6.140613555908203125e+00,4.880287647247314453e+00,9.999892115592956543e-01,-3.728630952537059784e-03,-2.959492849186062813e-04,2.781021175906062126e-03
1.115759849548339844e+00,2.896913528442382812e+00,2.965391635894775391e+00,9.999979138374328613e-01,1.322706462815403938e-03,1.583237200975418091e-03,2.840713423211127520e-04
6.895953178405761719e+00,6.124063134193420410e-01,6.262352466583251953e+00,9.999502301216125488e-01,-7.596405223011970520e-03,-6.472099572420120239e-03,2.465959405526518822e-04
1.544854938983917236e-01,7.418651580810546875e+00,4.809060573577880859e+00,9.999997615814208984e-01,2.000480308197438717e-04,-1.069327918230555952e-04,7.223516004160046577e-04
5.549960613250732422e+00,5.601819992065429688e+00,8.766145110130310059e-01,9.999953508377075195e-01,-1.632696832530200481e-03,-1.436374732293188572e-03,2.163200406357645988e-03
3.652446866035461426e-01,5.599005699157714844e+00,2.235918283462524414e+00,1.000000000000000000e+00,-6.424002094718161970e-06,-3.039308649022132158e-05,-3.402256115805357695e-04
3.469582319259643555e+00,2.408886671066284180e+00,3.996585369110107422e+00,9.999996423721313477e-01,-3.331894404254853725e-04,6.880910368636250496e-04,4.362553881946951151e-04
3.653344511985778809e-01,5.074698448181152344e+00,5.131258487701416016e+00,9.999998211860656738e-01,-6.366643356159329414e-04,4.435838945937575772e-06,-2.413850161246955395e-04
3.746579885482788086e-01,4.954701423645019531e+00,3.636977076530456543e-01,9.999992847442626953e-01,-2.877742226701229811e-04,-1.158114755526185036e-03,2.506191085558384657e-04
4.678324699401855469e+00,4.297524452209472656e+00,7.397015571594238281e+00,9.999998807907104492e-01,3.065456112381070852e-04,5.293303984217345715e-04,2.375568583374843001e-04
1.882119774818420410e+00,2.449225425720214844e+00,1.764891624450683594e+00,9.999977350234985352e-01,-2.402183454250916839e-04,-7.854964933358132839e-04,1.992106903344392776e-03
2.869522333145141602e+00,2.014994144439697266e+00,7.354562878608703613e-01,9.999997615814208984e-01,7.398927118629217148e-04,2.413518632238265127e-05,2.397636853856965899e-04
9.413655400276184082e-01,2.779318571090698242e+00,2.371304631233215332e-01,9.999995827674865723e-01,9.701338422019034624e-05,-9.954872075468301773e-04,-9.819827391766011715e-05
2.848104000091552734e+00,1.140550732612609863e+00,4.053325176239013672e+00,9.999796152114868164e-01,5.080728325992822647e-03,-3.832445945590734482e-03,6.244109245017170906e-04
2.892745971679687500e+00,2.770383358001708984e+00,5.506970405578613281e+00,9.999862313270568848e-01,-4.472877189982682467e-04,4.472777713090181351e-03,2.719247480854392052e-03
3.403019189834594727e+00,6.754191398620605469e+00,6.070205688476562500e+00,9.999997019767761230e-01,7.156924111768603325e-04,-1.522752718301489949e-04,-4.413594433572143316e-04
6.035492420196533203e+00,3.676279544830322266e+00,1.445390105247497559e+00,9.999989271163940430e-01,-7.737366831861436367e-04,-2.232059196103364229e-04,-1.283068326301872730e-03
6.632257938385009766e+00,4.139512062072753906e+00,1.330735087394714355e+00,9.999995231628417969e-01,-7.816676516085863113e-04,4.410994588397443295e-04,-5.759442574344575405e-04
5.991151332855224609e+00,2.418418169021606445e+00,6.499109745025634766e+00,9.999972581863403320e-01,-5.386294797062873840e-04,7.303350139409303665e-04,-2.193781780079007149e-03
5.343618869781494141e+00,1.637589216232299805e+00,1.778990626335144043e+00,9.999998807907104492e-01,-1.018262701109051704e-04,-1.709714997559785843e-04,6.003677262924611568e-04
1.561814188957214355e+00,4.890758037567138672e+00,5.110853195190429688e+00,9.999988675117492676e-01,-4.007168754469603300e-04,5.045706056989729404e-04,1.409269985742866993e-03
3.907163858413696289e+00,3.972404718399047852e+00,3.206235408782958984e+00,9.998669624328613281e-01,1.201897021383047104e-02,-1.081107743084430695e-02,-2.195577835664153099e-03
3.632202148437500000e+00,1.309128165245056152e+00,2.638232707977294922e+00,9.999998211860656738e-01,-4.982064710929989815e-04,-4.073101445101201534e-04,-1.383011694997549057e-04
4.220361411571502686e-01,4.014201641082763672e+00,3.760917901992797852e+00,9.999967217445373535e-01,-1.592354034073650837e-03,1.287526247324422002e-04,-2.034171484410762787e-03
2.365668296813964844e+00,1.578543186187744141e+00,2.672202885150909424e-01,9.999999403953552246e-01,3.877484414260834455e-04,-1.518628851044923067e-04,2.046191657427698374e-04
4.123603820800781250e+00,7.231716632843017578e+00,4.859358787536621094e+00,9.999876022338867188e-01,4.850858822464942932e-03,2.323220687685534358e-04,-1.145949354395270348e-03
4.487106800079345703e+00,4.375137984752655029e-01,4.916643619537353516e+00,9.999606609344482422e-01,5.719949491322040558e-03,-6.107779685407876968e-03,-2.931802067905664444e-03
4.374557018280029297e+00,5.789890766143798828e+00,3.514374732971191406e+00,1.000000000000000000e+00,-3.686286217998713255e-04,1.730404910631477833e-04,1.278112031286582351e-04
1.572381019592285156e+00,5.066795349121093750e+00,6.483714103698730469e+00,9.999997019767761230e-01,7.412373088300228119e-05,-1.198356694658286870e-04,8.500937838107347488e-04
3.063228428363800049e-01,6.862929344177246094e+00,2.852445602416992188e+00,9.999998807907104492e-01,-5.215542623773217201e-04,-9.332194895250722766e-05,3.657496708910912275e-04
3.253462553024291992e+00,2.504483938217163086e+00,6.418244242668151855e-01,9.999980330467224121e-01,1.933254068717360497e-03,5.062363925389945507e-04,-3.450616786722093821e-04
1.705894708633422852e+00,3.931455612182617188e+00,3.880182504653930664e+00,9.998503923416137695e-01,1.436218991875648499e-02,6.741041317582130432e-03,6.894642021507024765e-03
6.225465297698974609e+00,1.308919548988342285e+00,5.461243152618408203e+00,1.000000000000000000e+00,7.555291085736826062e-05,1.437681639799848199e-04,-2.410388115094974637e-04
3.647311925888061523e+00,2.598783016204833984e+00,5.773962974548339844e+00,9.999914169311523438e-01,-4.466886821319349110e-05,-3.059799084439873695e-03,-2.811597893014550209e-03
6.755228996276855469e+00,4.580280780792236328e+00,2.026957988739013672e+00,9.999923706054687500e-01,-9.093057014979422092e-04,3.773519070819020271e-03,-6.030922522768378258e-04
4.801753520965576172e+00,3.126452445983886719e+00,5.435922145843505859e+00,9.999933838844299316e-01,-3.386708442121744156e-03,5.632971297018229961e-04,1.222698949277400970e-03
7.448813438415527344e+00,4.918565273284912109e+00,1.226668953895568848e+00,9.999986290931701660e-01,-7.134043844416737556e-04,1.489160495111718774e-04,1.542494515888392925e-03
1.199254870414733887e+00,2.465949296951293945e+00,5.222465991973876953e+00,9.999999403953552246e-01,-2.432247274555265903e-04,4.056901670992374420e-04,-2.955044619739055634e-04
4.557345867156982422e+00,6.221984386444091797e+00,7.739300727844238281e-01,9.999995231628417969e-01,7.455173763446509838e-04,2.799321955535560846e-04,-7.156510837376117706e-04
3.772289991378784180e+00,6.108056068420410156e+00,6.476560592651367188e+00,9.999997615814208984e-01,-4.634381039068102837e-04,-5.587407504208385944e-04,-5.107693868922069669e-05
3.776082694530487061e-01,6.231610298156738281e+00,4.384821355342864990e-01,9.999997019767761230e-01,-7.485481328330934048e-04,-1.196789598907344043e-04,-4.472097207326442003e-04
4.239982664585113525e-01,3.263355016708374023e+00,5.243185997009277344e+00,9.999981522560119629e-01,-2.462406409904360771e-04,-9.885391918942332268e-04,1.687228330411016941e-03
1.430645227432250977e+00,5.529524326324462891e+00,7.215756893157958984e+00,9.999988675117492676e-01,-1.079569221474230289e-03,-1.064112177118659019e-03,-1.045441313181072474e-04
1.031007528305053711e+00,2.433587074279785156e+00,3.062974452972412109e+00,9.999993443489074707e-01,-6.361697451211512089e-04,4.914415767416357994e-04,-8.638056460767984390e-04
2.544538736343383789e+00,6.133586406707763672e+00,4.765049934387207031e+00,9.999974370002746582e-01,-1.193417469039559364e-03,-1.095068873837590218e-03,-1.604959717951714993e-03
4.150716304779052734e+00,3.782176494598388672e+00,6.300967693328857422e+00,9.999998807907104492e-01,1.392986014252528548e-04,5.273895803838968277e-04,-1.500004873378202319e-04
5.206550955772399902e-01,5.013208389282226562e+00,6.350548267364501953e+00,9.999711513519287109e-01,4.360390827059745789e-03,3.165965666994452477e-03,5.358960479497909546e-03
1.228989720344543457e+00,7.479155540466308594e+00,1.855459928512573242e+00,1.000000000000000000e+00,-2.092714130412787199e-04,1.398616295773535967e-04,-2.260461951664183289e-05
3.044410705566406250e+00,5.989837646484375000e+00,2.359916687011718750e+00,9.999998211860656738e-01,-1.477518089814111590e-04,-3.666435077320784330e-05,6.912713870406150818e-04
5.506757259368896484e+00,7.442209720611572266e+00,6.757590293884277344e+00,9.999966621398925781e-01,2.034131670370697975e-03,1.081294147297739983e-03,-1.198915066197514534e-03
3.162609815597534180e+00,7.256968021392822266e-01,5.722469806671142578e+00,9.999625682830810547e-01,5.689236335456371307e-03,-5.152363330125808716e-03,3.996855579316616058e-03
5.419034957885742188e+00,6.968679904937744141e+00,6.619256973266601562e+00,9.999994635581970215e-01,2.575608668848872185e-04,8.873381302691996098e-04,-5.798645433969795704e-04
3.442042350769042969e+00,5.473062515258789062e+00,7.292018413543701172e+00,9.999986886978149414e-01,8.699669851921498775e-04,1.352084567770361900e-03,1.820124452933669090e-04
6.040749073028564453e+00,6.473915576934814453e+00,6.872318267822265625e+00,9.999989867210388184e-01,-2.606096677482128143e-04,4.066167166456580162e-04,-1.382495858706533909e-03
3.647998571395874023e+00,1.309188365936279297e+00,7.440126895904541016e+00,9.999991059303283691e-01,5.237663281150162220e-04,1.242861384525895119e-03,8.523124415660277009e-05
7.459166049957275391e+00,6.644937992095947266e+00,5.615510463714599609e+00,9.999338388442993164e-01,-8.509249426424503326e-03,7.689303252846002579e-03,-8.712941780686378479e-04
7.496659755706787109e+00,4.161397516727447510e-01,7.430663108825683594e-01,9.999813437461853027e-01,2.295518992468714714e-03,-2.534338738769292831e-03,-5.069376900792121887e-03
6.735022068023681641e+00,6.166863918304443359e+00,5.146202564239501953e+00,9.999996423721313477e-01,-8.619302534498274326e-04,1.876103051472455263e-04,-2.590104122646152973e-04
1.557314515113830566e+00,5.409843444824218750e+00,5.505632877349853516e+00,9.999997615814208984e-01,-2.624367189127951860e-04,2.572090306784957647e-04,6.599950138479471207e-04
2.578482151031494141e+00,6.603195667266845703e+00,6.916681766510009766e+00,9.999954700469970703e-01,-1.526181469671428204e-03,-2.036389196291565895e-03,-1.650658319704234600e-03
5.882321834564208984e+00,1.650978446006774902e+00,5.075649738311767578e+00,1.000000000000000000e+00,6.294624472502619028e-05,4.708469714387319982e-05,-1.164215573226101696e-04
4.878810882568359375e+00,4.418655395507812500e+00,3.294761896133422852e+00,1.000000000000000000e+00,-3.011703665833920240e-04,2.257654705317690969e-04,-1.469306298531591892e-04
3.759793043136596680e-01,6.331069946289062500e+00,7.093104839324951172e+00,9.999958276748657227e-01,1.932216575369238853e-03,8.466994622722268105e-04,-1.996539533138275146e-03
6.295948982238769531e+00,8.155020475387573242e-01,2.597545862197875977e+00,9.999868869781494141e-01,-2.441418822854757309e-03,-6.367339519783854485e-04,-4.458335228264331818e-03
9.342198967933654785e-01,7.426854133605957031e+00,6.111151695251464844e+00,9.999955892562866211e-01,-5.445288261398673058e-04,-1.093428581953048706e-03,2.727292710915207863e-03
4.688821792602539062e+00,1.898770809173583984e+00,7.302742481231689453e+00,9.999999403953552246e-01,1.385090145049616694e-04,3.046992351301014423e-04,3.112408157903701067e-04
7.137814044952392578e+00,8.165143132209777832e-01,6.453140735626220703e+00,9.999989271163940430e-01,9.277387289330363274e-04,9.379506809636950493e-05,-1.191944116726517677e-03
5.293145179748535156e+00,1.387946844100952148e+00,7.461462497711181641e+00,1.000000000000000000e+00,3.913668915629386902e-04,-1.788653898984193802e-04,1.516016345703974366e-04
6.735327243804931641e+00,3.270931959152221680e+00,1.256762742996215820e+00,1.000000000000000000e+00,2.193093096138909459e-04,1.460510975448414683e-04,2.936083183158189058e-04
1.580698370933532715e+00,3.221572399139404297e+00,2.934000253677368164e+00,9.999999403953552246e-01,4.255151725374162197e-04,-6.304732232820242643e-05,9.967059304472059011e-05
2.448343038558959961e+00,2.376510381698608398e+00,2.196194410324096680e+00,9.998827576637268066e-01,-2.256975974887609482e-03,9.907119907438755035e-03,-1.145476195961236954e-02
2.455475807189941406e+00,5.702770233154296875e+00,5.064560890197753906e+00,9.999997019767761230e-01,6.540164031321182847e-05,-3.627543046604841948e-04,-7.706884643994271755e-04
7.950415015220642090e-01,1.561120301485061646e-01,4.276593208312988281e+00,1.000000000000000000e+00,1.961108646355569363e-04,2.713007415877655149e-05,-1.908003832795657218e-05
5.874563217163085938e+00,1.950215458869934082e+00,3.967682838439941406e+00,1.000000000000000000e+00,-4.072778392583131790e-04,-2.886724723794031888e-05,-3.665782787720672786e-05
3.180378198623657227e+00,3.906888961791992188e+00,3.034985065460205078e+00,9.999994039535522461e-01,8.260631148004904389e-05,7.990952581167221069e-04,-7.313863607123494148e-04
1.654588818550109863e+00,1.782764196395874023e+00,3.895351648330688477e+00,9.999830126762390137e-01,1.394512510159984231e-04,-5.817968863993883133e-03,-4.499918431974947453e-04
2.587172269821166992e+00,6.043176651000976562e-01,2.922443628311157227e+00,9.999964237213134766e-01,2.875930476875510067e-05,-2.291540382429957390e-03,1.379909575916826725e-03
5.280130386352539062e+00,1.505680033005774021e-03,3.604080677032470703e+00,9.999998211860656738e-01,-1.883045915747061372e-04,-5.438359221443533897e-04,-4.158701922278851271e-04
5.305422544479370117e-01,5.256896018981933594e+00,4.188290119171142578e+00,9.999996423721313477e-01,-1.892847212729975581e-04,2.128739870386198163e-04,8.865226991474628448e-04
3.049114227294921875e+00,1.903831958770751953e+00,6.354895114898681641e+00,9.999979734420776367e-01,1.105652307160198689e-03,9.532305411994457245e-04,1.426548929885029793e-03
2.201432704925537109e+00,4.025700092315673828e+00,2.116148948669433594e+00,9.999757409095764160e-01,-3.775161225348711014e-03,-5.796587560325860977e-03,9.067057981155812740e-04
2.521107196807861328e-01,4.352444708347320557e-01,3.515982151031494141e+00,1.000000000000000000e+00,8.987166802398860455e-05,-1.870265841716900468e-04,-9.883438178803771734e-05
6.046789169311523438e+00,8.094010353088378906e-01,5.227444648742675781e+00,1.000000000000000000e+00,-2.357739504077471793e-06,6.853978993603959680e-05,5.523282379726879299e-05
5.438608646392822266e+00,7.206278324127197266e+00,2.343134433031082153e-01,9.999991059303283691e-01,-1.285480917431414127e-03,-1.671249920036643744e-04,-4.695084353443235159e-04
1.867527365684509277e+00,4.362478256225585938e+00,4.717743873596191406e+00,9.999983906745910645e-01,5.419781082309782505e-04,-1.744620385579764843e-03,-2.452644985169172287e-04
3.140426397323608398e+00,1.388868838548660278e-01,7.344095706939697266e+00,9.999994039535522461e-01,-5.750273703597486019e-04,6.522044423036277294e-04,7.145634735934436321e-04
2.160263776779174805e+00,4.457338809967041016e+00,2.988224029541015625e+00,9.999999403953552246e-01,-5.891409091418609023e-05,-1.501843071309849620e-04,-4.508118145167827606e-04
2.181387186050415039e+00,6.252458572387695312e+00,1.313415884971618652e+00,9.999977946281433105e-01,-1.582913100719451904e-03,9.553823620080947876e-04,1.056095468811690807e-03
2.028622865676879883e+00,5.272731781005859375e+00,1.264742761850357056e-01,9.999998807907104492e-01,-3.005522594321519136e-04,-4.671899368986487389e-04,-9.201432112604379654e-05
8.893076777458190918e-01,7.249357700347900391e+00,1.040478467941284180e+00,1.000000000000000000e+00,3.213346353732049465e-04,-2.340922801522538066e-04,-2.548994671087712049e-04
1.086273789405822754e+00,4.898204505443572998e-01,1.539680004119873047e+00,1.000000000000000000e+00,8.072338823694735765e-05,-5.442190740723162889e-05,-2.610498922877013683e-04
2.635699272155761719e+00,5.491417884826660156e+00,2.666628122329711914e+00,9.999998211860656738e-01,-3.229878784622997046e-04,1.073092716978862882e-04,6.385505548678338528e-04
3.985019445419311523e+00,4.101909697055816650e-01,4.395670890808105469e+00,1.000000000000000000e+00,3.646038821898400784e-04,1.209983383887447417e-05,1.009361949400044978e-04
5.414362907409667969e+00,5.257840156555175781e+00,1.356064677238464355e+00,9.999985098838806152e-01,1.327538280747830868e-03,1.121958950534462929e-03,-2.810686128214001656e-04
1.742208153009414673e-01,5.965541601181030273e-01,5.263275146484375000e+00,9.999736547470092773e-01,3.518475452437996864e-03,-2.830147277563810349e-03,5.688447970896959305e-03
1.912532567977905273e+00,4.827250242233276367e-01,7.361525535583496094e+00,9.999679327011108398e-01,4.011589102447032928e-03,3.329531522467732430e-03,-6.079363171011209488e-03
4.764645099639892578e+00,4.725913047790527344e+00,4.387605190277099609e+00,1.000000000000000000e+00,3.016863483935594559e-04,-1.143223562394268811e-04,1.125755879911594093e-04
4.465300559997558594e+00,2.585979223251342773e+00,6.943698883056640625e+00,9.999969601631164551e-01,2.117585157975554466e-03,8.998971316032111645e-04,-9.159995242953300476e-04
3.450153768062591553e-01,1.595469594001770020e+00,6.100766658782958984e+00,1.000000000000000000e+00,3.939382149837911129e-04,1.526314299553632736e-04,5.321991557138971984e-05
3.423485755920410156e+00,6.792748451232910156e+00,2.044307470321655273e+00,9.999998211860656738e-01,-2.180132578359916806e-04,-5.896505317650735378e-04,2.509389014448970556e-04
3.491468429565429688e+00,3.463763952255249023e+00,1.444779276847839355e+00,9.999996423721313477e-01,-3.051657113246619701e-04,-7.799218292348086834e-04,-3.316803486086428165e-04
7.229305267333984375e+00,8.565173149108886719e-01,2.672444105148315430e+00,9.999998211860656738e-01,-4.176925285719335079e-04,3.964698407799005508e-04,1.067765406332910061e-04
6.523996829986572266e+00,6.978371143341064453e-01,7.465699195861816406e+00,9.999809861183166504e-01,4.556207451969385147e-03,-2.218318870291113853e-03,-3.526294836774468422e-03
6.166536808013916016e-01,2.975026369094848633e+00,1.452103853225708008e+00,9.999987483024597168e-01,-1.124261878430843353e-03,-1.937592460308223963e-04,-1.158053986728191376e-03
7.336305975914001465e-01,8.674504160881042480e-01,4.456136703491210938e+00,1.000000000000000000e+00,3.548977838363498449e-04,2.280794578837230802e-04,1.334586704615503550e-04
1.540388584136962891e+00,8.444328308105468750e-01,5.948253154754638672e+00,1.000000000000000000e+00,-2.864574198611080647e-04,4.752966924570500851e-05,-1.181908373837359250e-04
3.304237127304077148e-01,5.468022227287292480e-01,1.871242284774780273e+00,9.999996423721313477e-01,6.798700778745114803e-04,3.389105768292210996e-05,-6.027819472365081310e-04
5.961676836013793945e-01,2.148351907730102539e+00,3.674079656600952148e+00,9.999992847442626953e-01,2.922307758126407862e-04,-7.723664166405797005e-04,-9.064587648026645184e-04
1.746125459671020508e+00,2.778295755386352539e+00,4.468198776245117188e+00,9.999998211860656738e-01,6.943188782315701246e-05,3.705516573973000050e-04,-6.402438739314675331e-04
3.786515235900878906e+00,6.917030811309814453e+00,7.290270328521728516e+00,9.998714923858642578e-01,1.317932363599538803e-02,-1.086801406927406788e-03,-9.065469726920127869e-03
6.639502644538879395e-01,4.999777793884277344e+00,3.162058830261230469e+00,9.999566674232482910e-01,5.975043750368058681e-04,8.426182903349399567e-03,3.922591917216777802e-03
4.004178524017333984e+00,1.540729641914367676e+00,2.493189573287963867e-01,9.999994039535522461e-01,2.325311506865546107e-04,1.041900715790688992e-03,4.003986832685768604e-04
6.030327796936035156e+00,4.841963201761245728e-02,4.264933109283447266e+00,9.999998211860656738e-01,4.501856165006756783e-04,-6.966702494537457824e-05,-5.569946952164173126e-04
6.493644237518310547e+00,6.171907424926757812e+00,6.430019855499267578e+00,9.999587535858154297e-01,1.359375892207026482e-03,8.963642641901969910e-03,-6.681871018372476101e-04
1.371791601181030273e+00,2.938707351684570312e+00,5.998164653778076172e+00,9.999998211860656738e-01,1.474633318139240146e-04,-1.998801453737542033e-04,-6.075236015021800995e-04
7.261420249938964844e+00,2.841901779174804688e+00,7.475693225860595703e+00,9.999716877937316895e-01,3.729514777660369873e-03,4.953148309141397476e-03,4.258827306330204010e-03
6.188778400421142578e+00,4.974153041839599609e+00,4.314665794372558594e+00,9.999875426292419434e-01,-4.969084635376930237e-03,-3.310001557110808790e-05,5.929049220867455006e-04
4.081260204315185547e+00,2.435655593872070312e+00,3.001036405563354492e+00,9.999997019767761230e-01,-4.387198714539408684e-04,7.818810263415798545e-05,7.587408763356506824e-04
7.205627918243408203e+00,5.264715194702148438e+00,2.888453722000122070e+00,9.997883439064025879e-01,-1.199513301253318787e-02,-2.832079306244850159e-03,-1.647716946899890900e-02
7.238835334777832031e+00,1.309737801551818848e+00,7.111054897308349609e+00,9.999996423721313477e-01,-5.059292889200150967e-04,-6.299327942542731762e-04,1.881024654721841216e-04
4.737298488616943359e+00,2.731287956237792969e+00,3.097962856292724609e+00,9.999999403953552246e-01,-7.417471351800486445e-05,2.586930932011455297e-04,3.500392485875636339e-04
4.464070320129394531e+00,4.819689989089965820e-01,1.571742296218872070e+00,9.999960660934448242e-01,5.856165662407875061e-04,2.443054923787713051e-03,-1.299277995713055134e-03
5.399010658264160156e+00,6.981781721115112305e-01,6.577706813812255859e+00,9.999538064002990723e-01,-2.433487912639975548e-03,-4.190902225673198700e-03,-8.306743577122688293e-03
4.056311607360839844e+00,3.333080112934112549e-01,5.005109310150146484e+00,9.999991655349731445e-01,1.294135581701993942e-03,3.034127876162528992e-04,-5.253774361335672438e-05
2.385566949844360352e+00,1.125969529151916504e+00,7.403582096099853516e+00,1.000000000000000000e+00,3.732690529432147741e-04,1.583695484441705048e-05,-3.128345269942656159e-05
9.733346104621887207e-01,1.200299978256225586e+00,4.911447525024414062e+00,9.999998211860656738e-01,2.291785931447520852e-04,5.821409868076443672e-04,1.411970733897760510e-04
3.887603044509887695e+00,6.793488502502441406e+00,2.438050746917724609e+00,9.999999403953552246e-01,-6.478630530182272196e-05,2.691090630833059549e-04,3.530243993736803532e-04
6.226283073425292969e+00,5.478803634643554688e+00,2.929209709167480469e+00,9.999885559082031250e-01,-9.669213322922587395e-04,4.584856331348419189e-03,-9.273089817725121975e-04
4.244104623794555664e-01,6.553893089294433594e+00,2.247499465942382812e+00,9.999996423721313477e-01,7.197933155111968517e-04,-2.296001039212569594e-04,-5.371827282942831516e-04
1.911195874214172363e+00,6.351696968078613281e+00,6.374914646148681641e+00,9.998435974121093750e-01,1.464456581743434072e-04,1.041662972420454025e-02,1.429575867950916290e-02
6.648977756500244141e+00,6.284123897552490234e+00,3.286103010177612305e+00,1.000000000000000000e+00,-3.052276442758738995e-04,-1.642889837967231870e-04,-1.277139963349327445e-04
5.523568153381347656e+00,6.951633930206298828e+00,5.931151390075683594e+00,9.999999403953552246e-01,1.244449522346258163e-04,1.906967190734576434e-05,-4.260498681105673313e-04
1.418007373809814453e+00,3.833736479282379150e-01,3.370312452316284180e+00,9.999997615814208984e-01,-7.642136770300567150e-04,-2.633334661368280649e-04,-1.001719065243378282e-04
7.454196214675903320e-01,3.544776439666748047e+00,6.052170276641845703e+00,9.998401403427124023e-01,6.577766034752130508e-03,5.424685077741742134e-04,-1.662068255245685577e-02
4.272358894348144531e+00,2.320332050323486328e+00,7.020760059356689453e+00,9.999965429306030273e-01,2.585039008408784866e-03,6.168842082843184471e-04,-2.291067066835239530e-04
2.109093666076660156e+00,2.201559543609619141e+00,4.899144649505615234e+00,9.999125003814697266e-01,1.683205366134643555e-03,1.124760322272777557e-02,-6.758659146726131439e-03
6.562569141387939453e+00,9.870014786720275879e-01,6.050901412963867188e-01,9.999163150787353516e-01,-5.013746209442615509e-03,1.174020487815141678e-02,-2.119235228747129440e-03
4.437768459320068359e+00,5.479811191558837891e+00,8.143391609191894531e-01,9.999926090240478516e-01,2.929229754954576492e-03,-2.127083949744701385e-03,1.321145915426313877e-03
2.677884995937347412e-01,7.461814403533935547e+00,1.179004553705453873e-02,9.999939203262329102e-01,1.975542865693569183e-03,2.561040222644805908e-03,-1.368688070215284824e-03
6.219643592834472656e+00,8.706761598587036133e-01,4.416667938232421875e+00,9.999983310699462891e-01,-1.203948981128633022e-03,-1.224871026352047920e-03,-7.062454242259263992e-04
6.553155422210693359e+00,2.929064273834228516e+00,7.333092212677001953e+00,9.999660253524780273e-01,5.320523632690310478e-04,-7.384055759757757187e-03,3.627446480095386505e-03
5.205792427062988281e+00,6.422163963317871094e+00,5.052278041839599609e+00,9.999959468841552734e-01,-2.061900595435872674e-04,2.049989998340606689e-03,1.944852760061621666e-03
3.057887315750122070e+00,5.476768970489501953e+00,7.095737934112548828e+00,9.999995231628417969e-01,-5.994049715809524059e-04,7.431852864101529121e-04,4.186937294434756041e-04
8.749049305915832520e-01,1.691767573356628418e+00,2.358152389526367188e+00,9.999015927314758301e-01,-6.403161678463220596e-03,-2.189600141718983650e-03,1.229199394583702087e-02
7.236265182495117188e+00,5.273314952850341797e+00,1.809960305690765381e-01,9.999998211860656738e-01,6.545123178511857986e-04,2.225066418759524822e-04,1.575934584252536297e-04
3.148776769638061523e+00,4.182352066040039062e+00,6.922820091247558594e+00,1.000000000000000000e+00,1.632771454751491547e-04,-1.893886947073042393e-04,-1.940380607265979052e-04
6.363811492919921875e+00,3.228603839874267578e+00,4.254541695117950439e-01,9.999994635581970215e-01,1.826124207582324743e-04,-6.699777441099286079e-04,7.382172625511884689e-04
6.687095642089843750e+00,5.777850627899169922e+00,7.271095752716064453e+00,9.999949932098388672e-01,1.168066402897238731e-03,-1.919238857226446271e-04,-2.954150550067424774e-03
5.520802021026611328e+00,4.040516376495361328e+00,1.748386144638061523e+00,9.999516606330871582e-01,2.148904837667942047e-03,8.104040287435054779e-03,5.138957407325506210e-03
3.956861734390258789e+00,9.965681433677673340e-01,4.694577693939208984e+00,9.999997019767761230e-01,4.897713661193847656e-04,-3.306842118036001921e-04,-5.728047108277678490e-04
7.402472019195556641e+00,1.701840400695800781e+00,1.411409080028533936e-01,1.000000000000000000e+00,-1.411864213878288865e-04,-8.878995868144556880e-05,-2.381386002525687218e-04
2.687425613403320312e+00,1.445446312427520752e-01,4.114032745361328125e+00,9.999999403953552246e-01,1.486694090999662876e-04,3.786987217608839273e-04,2.016674698097631335e-04
2.998991608619689941e-01,6.323628902435302734e+00,4.512403488159179688e+00,1.000000000000000000e+00,3.344198921695351601e-05,-1.430422998964786530e-04,2.634847478475421667e-04
5.660486817359924316e-01,4.842361927032470703e+00,4.520740985870361328e+00,9.999992847442626953e-01,-4.857918538618832827e-04,2.826886193361133337e-04,1.137320534326136112e-03
7.124658107757568359e+00,2.488735914230346680e-01,3.810855865478515625e+00,9.999952912330627441e-01,3.430084325373172760e-04,-1.935255480930209160e-03,-2.353968331590294838e-03
7.001883029937744141e+00,4.705188572406768799e-01,8.095150440931320190e-02,9.999849796295166016e-01,2.560901222750544548e-03,3.288119100034236908e-03,3.568836254999041557e-03
5.123117923736572266e+00,3.362411975860595703e+00,2.848243713378906250e+00,9.999999403953552246e-01,-1.002726203296333551e-04,4.063046071678400040e-04,1.790722017176449299e-04
6.089452266693115234e+00,1.134634733200073242e+00,4.627101421356201172e-01,1.000000000000000000e+00,3.429139906074851751e-04,1.075372565537691116e-04,-2.164337493013590574e-04
1.768300175666809082e+00,6.410586357116699219e+00,1.867711544036865234e-01,1.000000000000000000e+00,2.423748373985290527e-04,6.035984915797598660e-05,9.743010741658508778e-05
7.227425098419189453e+00,4.977085113525390625e+00,5.874299526214599609e+00,1.000000000000000000e+00,2.999078424181789160e-04,5.931120904278941453e-05,-1.303227036260068417e-04
5.426010131835937500e+00,7.164284706115722656e+00,3.750436067581176758e+00,9.999989271163940430e-01,-2.520048001315444708e-04,-1.465564477257430553e-03,4.546056879917159677e-05
4.992704868316650391e+00,2.583431482315063477e+00,2.742204904556274414e+00,1.000000000000000000e+00,2.288546420459169894e-05,1.419345790054649115e-04,6.315406062640249729e-05
5.056607723236083984e+00,5.471038341522216797e+00,5.329316139221191406e+00,9.999993443489074707e-01,-3.589860280044376850e-04,1.048545585945248604e-03,3.430409706197679043e-04
3.253806352615356445e+00,3.715453863143920898e+00,7.121758460998535156e+00,1.000000000000000000e+00,3.214388270862400532e-04,-2.428738080197945237e-04,-1.332684914814308286e-04
1.894651293754577637e+00,5.699389457702636719e+00,7.974768280982971191e-01,9.999967217445373535e-01,2.169239101931452751e-03,-2.617831632960587740e-04,-1.373673905618488789e-03
1.435656547546386719e+00,2.489184379577636719e+00,2.435466766357421875e+00,9.999988675117492676e-01,4.253035876899957657e-04,-9.222971275448799133e-04,1.170948147773742676e-03
5.996387004852294922e+00,5.715753436088562012e-01,4.246698856353759766e+00,9.999998807907104492e-01,5.272179841995239258e-04,2.249387616757303476e-04,-1.521947269793599844e-04
1.402144551277160645e+00,3.264836072921752930e+00,3.922960996627807617e+00,9.999992847442626953e-01,9.426129981875419617e-04,3.392784565221518278e-04,-7.216343074105679989e-04
3.531249761581420898e+00,2.066306591033935547e+00,4.055447578430175781e+00,9.999997615814208984e-01,-1.534924667794257402e-04,7.374336128123104572e-04,1.742606982588768005e-04
6.690608978271484375e+00,6.642772197723388672e+00,1.726588726043701172e+00,9.999995231628417969e-01,-9.991559199988842010e-04,1.081678783521056175e-04,2.419105003355070949e-04
6.739990711212158203e+00,1.438369750976562500e+00,6.418869972229003906e+00,9.999998211860656738e-01,3.296263166703283787e-04,3.246034320909529924e-04,-4.556934582069516182e-04
6.148537397384643555e-01,1.200648546218872070e+00,6.217339992523193359e+00,9.999999403953552246e-01,1.666287280386313796e-04,-2.452677872497588396e-04,2.136331750079989433e-04
3.126643419265747070e+00,3.693640708923339844e+00,2.777387857437133789e+00,9.999960064888000488e-01,-1.096473308280110359e-03,2.218995708972215652e-03,-1.402482390403747559e-03
1.976427674293518066e+00,5.057363033294677734e+00,5.083482742309570312e+00,9.999997615814208984e-01,-2.386745472904294729e-04,4.950283982907421887e-05,7.003655773587524891e-04
1.294826745986938477e+00,3.544450283050537109e+00,4.242340087890625000e+00,9.999971985816955566e-01,1.321289455518126488e-03,8.932348573580384254e-04,-1.778491423465311527e-03
1.727042198181152344e+00,2.697834968566894531e+00,2.121853590011596680e+00,9.999963045120239258e-01,-2.672438276931643486e-03,-1.114277474698610604e-04,-6.207971018739044666e-04
5.646327972412109375e+00,3.719726085662841797e+00,5.375584602355957031e+00,9.999633431434631348e-01,6.167466286569833755e-03,8.604752365499734879e-04,-5.875718779861927032e-03
4.465901851654052734e-01,3.329731225967407227e+00,7.202749252319335938e+00,9.999945163726806641e-01,-3.077498695347458124e-04,-2.365828258916735649e-03,-2.320398343726992607e-03
4.515796184539794922e+00,6.200785160064697266e+00,6.224875926971435547e+00,9.999764561653137207e-01,6.620485335588455200e-03,1.341930706985294819e-03,1.221873331815004349e-03
3.374886989593505859e+00,6.769888877868652344e+00,6.402703285217285156e+00,9.999997019767761230e-01,1.121807872550562024e-04,-7.690012571401894093e-04,3.389340126886963844e-04
1.088881611824035645e+00,1.232194066047668457e+00,2.219259023666381836e+00,9.999620914459228516e-01,-6.508111953735351562e-03,-2.243389375507831573e-03,5.349586252123117447e-03
3.107630014419555664e+00,5.140758156776428223e-01,3.797709047794342041e-01,9.999999403953552246e-01,-2.913051284849643707e-04,7.808631198713555932e-05,4.001401248387992382e-04
5.882670879364013672e+00,2.201592445373535156e+00,5.584578037261962891e+00,1.000000000000000000e+00,1.378269225824624300e-04,9.627281542634591460e-05,4.948230707668699324e-05
2.297497034072875977e+00,2.325462818145751953e+00,2.481594085693359375e+00,9.998993277549743652e-01,1.084839366376399994e-02,-4.812953528016805649e-03,-7.774667814373970032e-03
1.208550214767456055e+00,3.215441942214965820e+00,1.302962183952331543e+00,1.000000000000000000e+00,-7.587452273583039641e-05,-2.694339309528004378e-05,1.687869371380656958e-05
5.091742992401123047e+00,4.731824874877929688e+00,3.386968135833740234e+00,9.999994635581970215e-01,-3.226966655347496271e-04,3.152873978251591325e-05,1.032215193845331669e-03
4.026929855346679688e+00,5.239989280700683594e+00,3.756481170654296875e+00,9.999989867210388184e-01,-6.388656911440193653e-04,-1.094090519472956657e-03,6.615698803216218948e-04
1.453173637390136719e+00,3.559786319732666016e+00,1.885855674743652344e+00,9.999998807907104492e-01,-4.339583101682364941e-04,-3.349723992869257927e-04,-2.156629780074581504e-04
8.212348818778991699e-01,6.216506958007812500e+00,1.169122815132141113e+00,9.999998807907104492e-01,5.182105232961475849e-04,-2.515123633202165365e-04,-8.637003338662907481e-05
7.188132286071777344e+00,7.342886447906494141e+00,6.863979339599609375e+00,9.999998211860656738e-01,-3.121637564618140459e-04,4.315474361646920443e-04,-4.328739014454185963e-04
4.737756729125976562e+00,4.244591236114501953e+00,5.766982555389404297e+00,9.999990463256835938e-01,1.230596681125462055e-03,-6.864403258077800274e-04,1.888899860205128789e-04
2.451352119445800781e+00,1.091360926628112793e+00,6.206607818603515625e+00,1.000000000000000000e+00,1.707922783680260181e-04,-8.391728442802559584e-06,-2.333189040655270219e-04
1.349323987960815430e+00,1.895619273185729980e+00,2.394871950149536133e+00,9.999527335166931152e-01,-5.661604460328817368e-03,-7.777208928018808365e-03,-1.398251741193234921e-03
4.142854690551757812e+00,1.620601773262023926e+00,1.226475834846496582e+00,9.999995827674865723e-01,-6.156442686915397644e-04,-4.156522918492555618e-04,-5.786494002677500248e-04
3.916638851165771484e+00,1.220435976982116699e+00,4.701220393180847168e-01,9.999992847442626953e-01,-8.585337491240352392e-05,1.192414318211376667e-03,2.551889920141547918e-04
6.934275150299072266e+00,3.539868071675300598e-02,3.995354890823364258e+00,9.999432563781738281e-01,2.422701800242066383e-03,-5.558788776397705078e-03,-8.761983364820480347e-03
5.095994472503662109e+00,7.233183860778808594e+00,6.516645908355712891e+00,9.999997615814208984e-01,-6.525686476379632950e-04,1.259330019820481539e-04,-4.121051460970193148e-04
2.469561100006103516e+00,2.461549043655395508e+00,3.457239151000976562e+00,9.999998211860656738e-01,-2.599670551717281342e-04,6.361557170748710632e-04,-5.007469371776096523e-05
4.210502624511718750e+00,4.827498435974121094e+00,6.630224704742431641e+00,9.999988079071044922e-01,1.200007158331573009e-03,3.647671546787023544e-04,9.792407508939504623e-04
5.021384239196777344e+00,3.146562337875366211e+00,5.667557239532470703e+00,9.999818205833435059e-01,-2.355577191337943077e-03,4.859527107328176498e-03,2.716024173423647881e-03
2.635631084442138672e+00,2.986163139343261719e+00,7.139593362808227539e-01,9.999983906745910645e-01,6.026980117894709110e-04,-1.545616192743182182e-03,6.425845785997807980e-04
2.063516139984130859e+00,8.188071250915527344e-01,3.510505437850952148e+00,9.999992251396179199e-01,-3.584747901186347008e-04,5.618471186608076096e-04,-1.099648652598261833e-03
4.746958255767822266e+00,6.783802509307861328e+00,2.372685909271240234e+00,1.000000000000000000e+00,1.779398553480859846e-05,2.396217132627498358e-05,7.881297642597928643e-05
1.093447089195251465e+00,2.057617187500000000e+00,7.264863967895507812e+00,9.999992847442626953e-01,-7.513151649618521333e-05,1.210308866575360298e-03,-3.294539346825331450e-04
5.613098621368408203e+00,1.231893658638000488e+00,2.824925184249877930e+00,9.999989271163940430e-01,2.329930430278182030e-04,-1.473311334848403931e-03,-2.799355133902281523e-04
6.345048904418945312e+00,5.403999328613281250e+00,5.762661695480346680e-01,9.999364614486694336e-01,-8.654839359223842621e-03,-2.755443565547466278e-03,6.675866432487964630e-03
4.819212913513183594e+00,4.447524070739746094e+00,6.548614978790283203e+00,9.999972581863403320e-01,-2.021742751821875572e-03,4.174592613708227873e-04,1.151314587332308292e-03
1.528469443321228027e+00,7.314075946807861328e+00,6.707238197326660156e+00,9.999989867210388184e-01,8.866896969266235828e-04,8.622733876109123230e-04,-7.871630950830876827e-04
3.177464962005615234e+00,3.531568527221679688e+00,2.509803056716918945e+00,9.999958872795104980e-01,-7.253991789184510708e-04,1.980723114684224129e-03,-1.975597115233540535e-03
8.115040063858032227e-01,7.109330654144287109e+00,2.945314884185791016e+00,1.000000000000000000e+00,-2.094583178404718637e-04,-2.112894435413181782e-06,1.164981003967113793e-04
2.510936498641967773e+00,5.951096534729003906e+00,2.681047201156616211e+00,9.999995827674865723e-01,9.556752629578113556e-04,2.257430423924233764e-05,2.562097797635942698e-04
7.201826572418212891e+00,4.195845603942871094e+00,1.825496435165405273e+00,9.999997019767761230e-01,-7.992787868715822697e-04,-1.521558733657002449e-04,3.634999156929552555e-04
1.068800449371337891e+00,3.293304443359375000e+00,6.687235355377197266e+00,9.999986886978149414e-01,6.911595119163393974e-04,-1.100543537177145481e-03,-1.059373491443693638e-03
6.635564327239990234e+00,6.071814537048339844e+00,3.761179000139236450e-02,9.999948143959045410e-01,-6.240460788831114769e-04,-3.085867734625935555e-03,-7.845728541724383831e-04
5.275163650512695312e-01,5.413704872131347656e+00,2.025002717971801758e+00,9.999800920486450195e-01,5.061257630586624146e-03,3.458403050899505615e-03,-1.494171330705285072e-03
4.439984798431396484e+00,2.201815128326416016e+00,9.572374820709228516e-01,9.999756217002868652e-01,6.205279380083084106e-03,2.457250840961933136e-03,-2.071690047159790993e-03
4.143939018249511719e+00,3.713048458099365234e+00,6.859740257263183594e+00,9.999989271163940430e-01,1.284948084503412247e-03,8.070543408393859863e-04,-1.147841176134534180e-04
6.406021595001220703e+00,3.855717480182647705e-01,6.731606483459472656e+00,9.999994635581970215e-01,4.707890329882502556e-04,-7.375380664598196745e-05,8.910589967854321003e-04
7.166822433471679688e+00,1.212020158767700195e+00,4.383670330047607422e+00,1.000000000000000000e+00,2.563836460467427969e-04,-3.509697853587567806e-05,-4.719616845250129700e-05
5.101741790771484375e+00,4.838927268981933594e+00,2.057563781738281250e+00,9.999997615814208984e-01,-1.845512597355991602e-04,-7.806385983712971210e-04,9.257624697056598961e-06
7.031636714935302734e+00,2.272645711898803711e+00,3.716287612915039062e+00,9.999711513519287109e-01,-3.290927270427346230e-03,4.881077911704778671e-03,-4.816655069589614868e-03
5.078676700592041016e+00,4.884705543518066406e-01,4.321413993835449219e+00,9.999994635581970215e-01,2.742749056778848171e-04,-9.073723340407013893e-04,-4.695510724559426308e-04
1.900269508361816406e+00,7.379252910614013672e+00,4.389248847961425781e+00,9.999931454658508301e-01,-2.741234377026557922e-03,2.480011200532317162e-03,3.717747749760746956e-04
1.072737455368041992e+00,1.101552844047546387e+00,2.677234888076782227e+00,9.999892711639404297e-01,2.482153009623289108e-03,-2.255000174045562744e-03,-3.202322404831647873e-03
3.816438615322113037e-01,1.196767807006835938e+00,8.078895509243011475e-02,9.999995827674865723e-01,2.066807428491301835e-05,7.406875956803560257e-04,-6.469255895353853703e-04
6.927720546722412109e+00,1.067253351211547852e+00,2.117297172546386719e+00,1.000000000000000000e+00,9.869279892882332206e-05,2.239325840491801500e-04,9.229080751538276672e-05
4.431935310363769531e+00,2.312907934188842773e+00,4.538899421691894531e+00,1.000000000000000000e+00,8.413517207372933626e-05,-5.105509626446291804e-05,-9.459772991249337792e-05
6.307804584503173828e+00,5.462187767028808594e+00,5.189744949340820312e+00,9.999964833259582520e-01,2.015758305788040161e-03,8.805615943856537342e-04,1.478930935263633728e-03
1.888091489672660828e-02,4.717998504638671875e+00,4.480724811553955078e+00,9.999997019767761230e-01,-7.611027103848755360e-04,2.202914038207381964e-04,-2.405359264230355620e-04
2.167087078094482422e+00,6.919548988342285156e+00,6.729707241058349609e+00,9.999844431877136230e-01,-1.287442748434841633e-03,2.502277260646224022e-03,-4.814208485186100006e-03
3.033459663391113281e+00,2.450901642441749573e-02,9.004295468330383301e-01,9.999997615814208984e-01,-4.118561919312924147e-04,-4.907208494842052460e-04,3.556888841558247805e-04
1.852933406829833984e+00,4.026698112487792969e+00,3.212409734725952148e+00,9.999994039535522461e-01,-4.986680578440427780e-04,4.494218737818300724e-04,-9.609733824618160725e-04
3.013464212417602539e+00,8.187060952186584473e-01,6.689665466547012329e-02,1.000000000000000000e+00,-5.144370879861526191e-05,1.871204731287434697e-04,3.397500768187455833e-05
1.883185803890228271e-01,5.812254428863525391e+00,8.117187619209289551e-01,9.999997615814208984e-01,6.688773864880204201e-04,-2.687747473828494549e-04,-2.144297177437692881e-04
2.885704994201660156e+00,1.941506028175354004e+00,4.341822624206542969e+00,9.999738335609436035e-01,4.494176711887121201e-03,-5.657411646097898483e-03,4.153273766860365868e-04
2.820455074310302734e+00,4.982832431793212891e+00,6.891178131103515625e+00,1.000000000000000000e+00,-2.577071136329323053e-04,2.151340595446527004e-04,-1.844476646510884166e-04
2.996838331222534180e+00,4.791542053222656250e+00,4.446337699890136719e+00,9.999997019767761230e-01,3.772929776459932327e-04,3.055845154449343681e-04,-6.315212231129407883e-04
4.960918426513671875e+00,3.094714403152465820e+00,6.001376152038574219e+00,9.999903440475463867e-01,-7.446359377354383469e-04,-4.004762973636388779e-03,1.682158326730132103e-03
1.153607130050659180e+00,2.121878147125244141e+00,3.654610395431518555e+00,9.999998807907104492e-01,2.581292355898767710e-04,-2.546018513385206461e-04,-4.370008246041834354e-04
2.883955717086791992e+00,5.287034988403320312e+00,8.087480068206787109e-01,1.000000000000000000e+00,-1.414148282492533326e-04,-7.128545257728546858e-05,2.438466617604717612e-05
5.900071859359741211e-01,4.748038768768310547e+00,4.760131239891052246e-01,9.999986290931701660e-01,-9.907927596941590309e-04,-1.293657231144607067e-03,-3.661480150185525417e-04
4.731007575988769531e+00,4.974139854311943054e-02,2.741268157958984375e+00,9.999518990516662598e-01,-3.959375433623790741e-03,5.046169273555278778e-03,7.419624365866184235e-03
2.561251640319824219e+00,6.803298950195312500e+00,5.271657943725585938e+00,9.999997615814208984e-01,4.330050433054566383e-04,5.823322571814060211e-04,5.471284748637117445e-05
2.948355436325073242e+00,4.890228509902954102e-01,7.418496131896972656e+00,9.999998211860656738e-01,-5.272346315905451775e-04,-9.299472731072455645e-05,4.163923440501093864e-04
4.999777317047119141e+00,1.437246799468994141e+00,6.123186945915222168e-01,9.999999403953552246e-01,4.426221712492406368e-04,-2.484001161064952612e-04,-1.854017864388879389e-05
7.364622592926025391e+00,3.475593328475952148e+00,9.653954505920410156e-01,9.998661875724792480e-01,-1.329596992582082748e-02,-8.383217267692089081e-03,4.542456474155187607e-03
2.314779281616210938e+00,3.060892343521118164e+00,6.328961849212646484e+00,9.999982714653015137e-01,-1.464119763113558292e-03,1.153058721683919430e-03,2.964276645798236132e-04
6.312067031860351562e+00,5.684078693389892578e+00,4.050838947296142578e+00,9.999955892562866211e-01,-8.348458795808255672e-04,3.895474947057664394e-04,2.812182763591408730e-03
3.253353118896484375e+00,7.410204887390136719e+00,6.048984527587890625e+00,9.999992251396179199e-01,9.429260389879345894e-04,2.969756023958325386e-04,8.517517708241939545e-04
1.028934955596923828e+00,4.725914001464843750e+00,2.629572451114654541e-01,9.999694228172302246e-01,8.808229467831552029e-04,1.966016134247183800e-03,7.517590187489986420e-03
6.161322593688964844e-01,2.336277723312377930e+00,5.896166563034057617e-01,9.999998807907104492e-01,3.656602348200976849e-04,1.697436237009242177e-04,-4.078583442606031895e-04
1.568783044815063477e+00,1.787388682365417480e+00,1.063722252845764160e+00,9.999103546142578125e-01,-1.136533450335264206e-02,-6.257057655602693558e-03,3.333866596221923828e-03
1.620073676109313965e+00,1.560622811317443848e+00,8.480599522590637207e-01,9.998817443847656250e-01,-1.344844140112400055e-02,-6.574303843080997467e-03,3.526832442730665207e-03
2.181715488433837891e+00,6.848054409027099609e+00,6.014398097991943359e+00,9.999989271163940430e-01,-4.037019389215856791e-04,8.026789873838424683e-04,1.160130021162331104e-03
6.026931405067443848e-01,1.308625459671020508e+00,1.128921151161193848e+00,9.999999403953552246e-01,9.501472231931984425e-05,5.171063457964919508e-05,-5.091459024697542191e-04
1.101513266563415527e+00,3.399796009063720703e+00,5.165766239166259766e+00,9.999246597290039062e-01,7.566135027445852757e-04,3.373579354956746101e-03,-1.177779212594032288e-02
3.918093204498291016e+00,4.746149063110351562e+00,7.199460506439208984e+00,9.999964237213134766e-01,1.924668904393911362e-03,-9.134951396845281124e-04,-1.658085267990827560e-03
1.892058365046977997e-02,3.982257127761840820e+00,7.375968694686889648e-01,9.999856352806091309e-01,-4.045823588967323303e-03,-3.409463912248611450e-03,-9.437492117285728455e-04
2.797816753387451172e+00,3.763676404953002930e+00,6.411111831665039062e+00,9.999998807907104492e-01,-2.970016794279217720e-04,1.612025516806170344e-04,4.762637836392968893e-04
7.383635520935058594e+00,2.362009525299072266e+00,5.679507732391357422e+00,9.999999403953552246e-01,-2.668682427611202002e-04,1.649166806600987911e-04,4.063181404490023851e-04
2.360750913619995117e+00,2.488799333572387695e+00,4.172034740447998047e+00,9.999731183052062988e-01,4.708116408437490463e-03,3.135629696771502495e-03,4.673285875469446182e-03
3.007418870925903320e+00,5.073328018188476562e+00,3.596614599227905273e+00,9.999995827674865723e-01,-8.338482002727687359e-04,2.239549212390556931e-04,-3.972721460741013288e-04
2.182422399520874023e+00,4.950201034545898438e+00,4.418085098266601562e+00,9.999993443489074707e-01,5.830134032294154167e-04,-4.491797881200909615e-05,1.064510201103985310e-03
2.912720203399658203e+00,1.426704168319702148e+00,5.565593242645263672e+00,9.999994635581970215e-01,7.354748086072504520e-04,7.553546456620097160e-04,-5.424305345513857901e-05
5.300119876861572266e+00,6.304473400115966797e+00,2.493693828582763672e-01,9.999998211860656738e-01,6.030126241967082024e-04,2.964042141684331000e-05,3.489399387035518885e-04
4.395000040531158447e-01,6.060572147369384766e+00,7.288379669189453125e+00,9.999951720237731934e-01,1.701157656498253345e-03,2.187560312449932098e-03,1.452210941351950169e-03
1.978798747062683105e+00,1.342044115066528320e+00,4.279395580291748047e+00,1.000000000000000000e+00,1.583184493938460946e-04,-9.539251914247870445e-05,-2.829106815624982119e-04
5.614555358886718750e+00,2.892405271530151367e+00,5.346532821655273438e+00,9.999997019767761230e-01,4.767251957673579454e-04,-3.318224044051021338e-04,-6.302994443103671074e-04
6.830226898193359375e+00,1.125848174095153809e+00,7.106118798255920410e-01,9.999267458915710449e-01,-4.666788503527641296e-03,1.104636210948228836e-02,-1.650848309509456158e-03
2.187812805175781250e+00,6.881791591644287109e+00,2.174015760421752930e+00,9.999994039535522461e-01,3.375688393134623766e-04,1.075317733921110630e-03,1.706392649793997407e-04
2.660583734512329102e+00,3.735683917999267578e+00,7.185108184814453125e+00,9.999997615814208984e-01,-3.122744092252105474e-04,-5.026698927395045757e-04,4.847699310630559921e-04
3.617190837860107422e+00,9.990128129720687866e-02,4.179298877716064453e+00,1.000000000000000000e+00,1.724727480905130506e-04,-4.949220965499989688e-06,1.631297927815467119e-04
4.845384359359741211e-01,4.414659500122070312e+00,2.455259561538696289e+00,9.999998211860656738e-01,-5.956474924460053444e-04,-1.864244695752859116e-04,-7.227647438412532210e-05
7.346070766448974609e+00,6.427781581878662109e-01,1.380903840065002441e+00,9.999991059303283691e-01,5.514107760973274708e-04,-5.345810786820948124e-04,-1.130566466599702835e-03
5.529160499572753906e+00,4.217312633991241455e-01,6.682591915130615234e+00,9.999536275863647461e-01,-2.415703376755118370e-03,-4.144426900893449783e-03,-8.352718316018581390e-03
1.560868024826049805e+00,6.064250469207763672e-01,2.475635290145874023e+00,1.000000000000000000e+00,9.703529940452426672e-05,-2.723522484302520752e-04,-6.839432899141684175e-05
7.033101081848144531e+00,6.733068227767944336e-01,7.336230278015136719e+00,9.999854564666748047e-01,3.125042421743273735e-03,3.060353919863700867e-03,3.156752791255712509e-03
6.165415763854980469e+00,2.706482648849487305e+00,3.736395359039306641e+00,9.999992847442626953e-01,6.580988992936909199e-04,-1.611705520190298557e-04,-1.037598005495965481e-03
2.765068292617797852e+00,2.497523546218872070e+00,2.451694965362548828e+00,9.999998807907104492e-01,-2.479600661899894476e-04,-4.942436353303492069e-04,4.815336069441400468e-05
6.283306598663330078e+00,2.338423490524291992e+00,2.587670326232910156e+00,9.999999403953552246e-01,1.863388170022517443e-04,-5.297558382153511047e-04,-6.579264299944043159e-05
6.000543594360351562e+00,3.370779514312744141e+00,6.688394069671630859e+00,9.999972581863403320e-01,5.433768383227288723e-04,2.235660795122385025e-03,-3.689724835567176342e-04
5.518264293670654297e+00,1.322623133659362793e+00,4.463129997253417969e+00,1.000000000000000000e+00,-3.656276967376470566e-04,-1.043180454871617258e-04,-7.988789002411067486e-05
3.625619173049926758e+00,2.545228719711303711e+00,3.122537851333618164e+00,9.999989867210388184e-01,9.820463601499795914e-04,-1.094817882403731346e-03,-1.583362463861703873e-04
5.003283977508544922e+00,5.610194683074951172e+00,8.419571518898010254e-01,9.999892711639404297e-01,1.284990226849913597e-03,4.107447806745767593e-03,-1.715566031634807587e-03
6.237928867340087891e+00,5.490198135375976562e+00,6.591797351837158203e+00,1.000000000000000000e+00,-2.834491897374391556e-04,9.102969488594681025e-05,-1.764253538567572832e-04
3.338764667510986328e+00,5.970713138580322266e+00,4.301853179931640625e-01,9.999997019767761230e-01,-2.903353306464850903e-04,-7.394810672849416733e-04,1.925423275679349899e-04
6.351169109344482422e+00,2.314638614654541016e+00,5.277193546295166016e+00,1.000000000000000000e+00,-1.299723953707143664e-04,1.044567034114152193e-04,-3.680301015265285969e-04
5.258941650390625000e+00,4.463366985321044922e+00,3.524813652038574219e+00,9.999994635581970215e-01,-8.171919616870582104e-04,-5.337055772542953491e-04,-3.454246325418353081e-04
2.720777273178100586e+00,3.137030363082885742e+00,3.794029951095581055e+00,9.999995231628417969e-01,4.826871736440807581e-04,-5.680423928424715996e-04,7.702214643359184265e-04
1.372247934341430664e+00,1.763219118118286133e+00,7.010454177856445312e+00,9.999909400939941406e-01,3.478643018752336502e-03,-1.471579540520906448e-03,-1.986170187592506409e-03
6.151952743530273438e-01,5.907825469970703125e+00,3.266858816146850586e+00,9.998388290405273438e-01,-1.777823269367218018e-02,-1.754718105075880885e-04,-2.510113641619682312e-03
5.449146270751953125e+00,5.423922061920166016e+00,7.014083385467529297e+00,9.999999403953552246e-01,1.718948042253032327e-04,-2.446561411488801241e-04,3.281593963038176298e-04
4.774034500122070312e+00,2.454805612564086914e+00,1.333346009254455566e+00,9.999997019767761230e-01,1.612033956917002797e-04,-4.530403239186853170e-04,7.229516049847006798e-04
2.936865985393524170e-01,9.145391583442687988e-01,3.123310804367065430e+00,9.999998807907104492e-01,-1.284832978853955865e-05,2.168908831663429737e-04,-4.468552360776811838e-04
1.522613286972045898e+00,2.175127506256103516e+00,5.752050876617431641e+00,9.999920129776000977e-01,-3.125097136944532394e-03,2.487331861630082130e-03,-3.927881334675475955e-05
1.698319792747497559e+00,3.128904104232788086e+00,4.893725872039794922e+00,9.999978542327880859e-01,-5.640238669002428651e-06,1.818718737922608852e-03,-9.967522928491234779e-04
1.908216238021850586e+00,5.851868629455566406e+00,1.779980540275573730e+00,9.999992251396179199e-01,-9.020563084050081670e-06,-3.429788921494036913e-04,-1.251223846338689327e-03
4.869580268859863281e+00,6.041038990020751953e+00,3.472626686096191406e+00,1.000000000000000000e+00,-1.330747036263346672e-04,2.600951120257377625e-04,1.542561767564620823e-05
5.218396186828613281e+00,3.284559011459350586e+00,4.572631359100341797e+00,1.000000000000000000e+00,2.367014676565304399e-04,-4.477593029150739312e-05,4.466097379918210208e-05
6.719368457794189453e+00,3.328736782073974609e+00,4.820547103881835938e+00,9.999985098838806152e-01,-8.681327453814446926e-04,4.916244652122259140e-04,-1.470190472900867462e-03
5.475984886288642883e-02,6.447836399078369141e+00,1.604256749153137207e+00,1.000000000000000000e+00,3.285779384896159172e-04,2.997328738274518400e-05,-1.208055036840960383e-04
7.193876743316650391e+00,6.672973632812500000e+00,3.747529268264770508e+00,9.999999403953552246e-01,4.728042695205658674e-04,1.277157025469932705e-05,2.049413888016715646e-04
5.549200057983398438e+00,5.435580253601074219e+00,1.662155270576477051e+00,9.999999403953552246e-01,7.252779141708742827e-06,3.239162324462085962e-04,4.004629445262253284e-04
4.422994613647460938e+00,4.216331005096435547e+00,4.484831809997558594e+00,1.000000000000000000e+00,2.535273961257189512e-04,-1.159430903499014676e-04,2.340616920264437795e-04
2.151715278625488281e+00,1.037891268730163574e+00,1.391453742980957031e+00,9.999232292175292969e-01,8.655076846480369568e-03,-2.151979133486747742e-03,8.610153570771217346e-03
5.533861637115478516e+00,7.423646926879882812e+00,1.690220117568969727e+00,1.000000000000000000e+00,1.775373821146786213e-04,-4.096318662050180137e-05,3.024647958227433264e-05
4.230501174926757812e+00,5.556386470794677734e+00,6.087395668029785156e+00,9.999958276748657227e-01,-1.669116667471826077e-03,7.355009438470005989e-05,-2.380982972681522369e-03
6.456866264343261719e+00,6.503592014312744141e+00,2.923878192901611328e+00,9.999998807907104492e-01,1.658766414038836956e-04,-3.188863629475235939e-04,-4.366565844975411892e-04
2.808067321777343750e+00,1.107066050171852112e-01,2.825558185577392578e+00,9.999998211860656738e-01,-2.292546123499050736e-04,-2.441486285533756018e-04,6.077673169784247875e-04
5.076065063476562500e+00,4.740578651428222656e+00,2.908155918121337891e+00,9.999984502792358398e-01,-8.767757099121809006e-04,-3.884567413479089737e-04,1.465809298679232597e-03
3.502717256546020508e+00,7.437356948852539062e+00,6.439372897148132324e-01,9.999999403953552246e-01,1.580550451762974262e-04,-1.667554024606943130e-04,3.966536314692348242e-04
3.466736555099487305e+00,6.284817218780517578e+00,3.530705213546752930e+00,9.999997615814208984e-01,1.487320150772575289e-05,5.571140791289508343e-04,-5.021512624807655811e-04
3.598984718322753906e+00,4.103153705596923828e+00,2.123609304428100586e+00,9.999994635581970215e-01,9.586272062733769417e-05,-8.690839167684316635e-04,-6.099956226535141468e-04
1.912935853004455566e+00,5.840196609497070312e+00,3.248684644699096680e+00,9.999998807907104492e-01,-3.799061232712119818e-04,-4.905032110400497913e-04,5.373712156142573804e-06
9.096315503120422363e-02,2.461878210306167603e-01,3.966134548187255859e+00,9.999999403953552246e-01,3.908120852429419756e-04,-2.673111739568412304e-04,-6.182919605635106564e-05
2.564179658889770508e+00,2.854207038879394531e+00,4.280251026153564453e+00,9.999992847442626953e-01,1.031906795105896890e-04,-5.611466986010782421e-05,1.245477003976702690e-03
1.391333341598510742e+00,6.281835556030273438e+00,3.994074583053588867e+00,9.999916553497314453e-01,3.832183429040014744e-04,-4.029615782201290131e-03,-6.103294435888528824e-04
7.470313072204589844e+00,4.195326864719390869e-01,2.168725252151489258e+00,1.000000000000000000e+00,6.555219442816451192e-05,8.789713319856673479e-06,-3.860211872961372137e-04
4.678326249122619629e-01,3.810046911239624023e+00,1.012524724006652832e+00,9.999996423721313477e-01,-2.582333690952509642e-04,-8.227400248870253563e-04,8.919377432903274894e-05
3.900353193283081055e+00,2.559271812438964844e+00,2.747211456298828125e+00,9.999979734420776367e-01,1.235387986525893211e-03,-1.540348050184547901e-03,-4.685236199293285608e-04
4.614093303680419922e+00,3.134015560150146484e+00,7.351371765136718750e+00,9.999133348464965820e-01,6.050166557542979717e-04,-1.239248830825090408e-02,4.399857483804225922e-03
3.298707246780395508e+00,2.506975412368774414e+00,5.806916236877441406e+00,9.999414682388305664e-01,2.399794757366180420e-03,5.545491818338632584e-03,8.983992040157318115e-03
3.805097103118896484e+00,3.453811168670654297e+00,5.297456979751586914e-01,9.999998807907104492e-01,-7.625426223967224360e-05,-2.461768599459901452e-05,5.951477796770632267e-04
2.112257480621337891e+00,2.270161211490631104e-01,7.369402885437011719e+00,9.999656081199645996e-01,4.543672315776348114e-03,4.393296316266059875e-03,-5.377831868827342987e-03
6.277587890625000000e+00,4.221786022186279297e+00,3.841048240661621094e+00,9.999905824661254883e-01,1.205117441713809967e-03,-2.056012628600001335e-03,-3.646701807156205177e-03
1.138353824615478516e+00,4.587336540222167969e+00,6.224512100219726562e+00,9.999392628669738770e-01,-1.065137051045894623e-02,2.164529403671622276e-03,1.837842632085084915e-03
5.246990203857421875e+00,3.867176055908203125e+00,3.284894943237304688e+00,9.999977946281433105e-01,-1.531381043605506420e-03,-6.428584456443786621e-04,-1.338132540695369244e-03
2.292899847030639648e+00,5.880026817321777344e+00,7.184130191802978516e+00,9.999570250511169434e-01,2.783755771815776825e-03,1.869859872385859489e-03,8.648413233458995819e-03
1.186253547668457031e+00,5.567643642425537109e+00,4.575143814086914062e+00,9.999987483024597168e-01,1.240789657458662987e-03,-8.226002682931721210e-04,-6.548521923832595348e-04
3.122579097747802734e+00,3.699583768844604492e+00,5.725900650024414062e+00,9.999997615814208984e-01,-1.916044675454031676e-05,3.705416456796228886e-04,7.107139681465923786e-04
3.187029123306274414e+00,6.111612319946289062e+00,3.692101478576660156e+00,9.999995827674865723e-01,8.322678040713071823e-04,-4.474548331927508116e-04,2.691779518499970436e-04
5.120411872863769531e+00,6.776799678802490234e+00,3.137259006500244141e+00,1.000000000000000000e+00,1.630150363780558109e-04,3.436614406382432207e-06,-1.595887297298759222e-04
2.744267702102661133e+00,3.139666557312011719e+00,1.544797062873840332e+00,9.999999403953552246e-01,-2.484850992914289236e-04,-1.329296064795926213e-04,-4.201885021757334471e-04
4.865997791290283203e+00,2.653467416763305664e+00,9.634861946105957031e-01,9.999991655349731445e-01,1.351543585769832134e-03,-1.386553049087524414e-04,-4.203646676614880562e-05
2.777816772460937500e+00,4.315233707427978516e+00,2.259761810302734375e+00,9.999999403953552246e-01,3.603388031478971243e-04,-1.527839485788717866e-04,-2.835185441654175520e-04
6.564849615097045898e-01,4.805524647235870361e-01,7.156704902648925781e+00,9.999998807907104492e-01,1.109679578803479671e-04,-4.344549670349806547e-04,-3.663419629447162151e-04
1.596705555915832520e+00,6.063439369201660156e+00,2.254330158233642578e+00,1.000000000000000000e+00,-2.571608638390898705e-04,-1.710846263449639082e-04,5.779865750810131431e-05
6.855899333953857422e+00,4.539049148559570312e+00,5.919604897499084473e-01,9.999969601631164551e-01,5.262317790766246617e-05,2.270025899633765221e-03,-1.005191472359001637e-03
6.774363517761230469e-01,2.211093902587890625e+00,5.507209300994873047e+00,9.999997019767761230e-01,1.883313816506415606e-04,-7.416354492306709290e-04,1.503568055341020226e-04
6.661370277404785156e+00,4.726173877716064453e+00,1.342267036437988281e+00,9.998993873596191406e-01,-8.564894087612628937e-03,-2.345877932384610176e-03,1.106553804129362106e-02
3.005367755889892578e+00,2.294813394546508789e+00,3.762066841125488281e+00,9.999992251396179199e-01,-9.611955611035227776e-04,6.768797757104039192e-04,5.613387911580502987e-04
6.387316226959228516e+00,3.386536598205566406e+00,4.503295898437500000e+00,9.999996423721313477e-01,1.761103630997240543e-04,9.093681001104414463e-05,-8.702800842002034187e-04
4.609878063201904297e+00,2.716707468032836914e+00,2.223146915435791016e+00,9.999961853027343750e-01,-2.287581592099741101e-04,2.269301563501358032e-03,-1.589933759532868862e-03
6.293425559997558594e+00,1.974521875381469727e-01,5.739984989166259766e+00,1.000000000000000000e+00,1.036096655298024416e-04,-2.900254003179725260e-05,2.423938567517325282e-04
6.110277175903320312e+00,2.783478021621704102e+00,1.589612007141113281e+00,1.000000000000000000e+00,-6.082187246647663414e-05,6.341543485177680850e-05,-1.060978756868280470e-04
1.865917801856994629e+00,3.934562444686889648e+00,5.024138689041137695e-01,9.999971985816955566e-01,-9.671488078311085701e-04,2.106729894876480103e-03,6.522471667267382145e-04
1.537243843078613281e+00,5.508356094360351562e+00,1.238756418228149414e+00,9.999915361404418945e-01,-1.436759135685861111e-03,-3.794420277699828148e-03,-7.025196682661771774e-04
7.094204425811767578e+00,6.387604713439941406e+00,3.546812057495117188e+00,1.000000000000000000e+00,-2.542339643696323037e-05,-2.516105087124742568e-05,1.557283540023490787e-04
2.115353941917419434e-01,5.186818599700927734e+00,1.153505802154541016e+00,9.999994635581970215e-01,4.614350909832865000e-04,-9.022249141708016396e-04,-4.049186827614903450e-05
4.065474033355712891e+00,2.538438320159912109e+00,4.907693862915039062e+00,9.999993443489074707e-01,-6.769855390302836895e-04,-9.793003555387258530e-04,-9.589740511728450656e-05
6.558729171752929688e+00,7.152310848236083984e+00,1.812015175819396973e+00,9.999806284904479980e-01,3.275371855124831200e-04,3.838472301140427589e-03,-4.890702199190855026e-03
3.677888154983520508e+00,2.106813192367553711e-01,3.849481582641601562e+00,9.999995231628417969e-01,9.710387093946337700e-04,3.299538802821189165e-04,6.429646600736305118e-05
4.180771350860595703e+00,4.522025585174560547e+00,2.826041221618652344e+00,9.999951720237731934e-01,-5.219356971792876720e-04,1.214266303577460349e-04,3.074851352721452713e-03
7.159339904785156250e+00,8.117243051528930664e-01,4.131664752960205078e+00,9.999998807907104492e-01,4.669026238843798637e-04,-2.232899860246106982e-04,-2.966938191093504429e-04
3.775034666061401367e+00,6.326013088226318359e+00,7.246625423431396484e+00,9.999999403953552246e-01,-3.777372767217457294e-04,3.425885552132967860e-06,9.703003888716921210e-05
6.919911384582519531e+00,5.160013198852539062e+00,6.769049644470214844e+00,1.000000000000000000e+00,3.024941543117165565e-05,-1.018722759908996522e-04,-2.969464985653758049e-04
6.904450416564941406e+00,2.806912422180175781e+00,4.334764957427978516e+00,9.999999403953552246e-01,-4.870301836490398273e-06,1.123018591897562146e-04,-4.261720750946551561e-04
4.972255229949951172e+00,5.475084304809570312e+00,7.324795722961425781e+00,9.999992847442626953e-01,-5.465502181323245168e-05,9.524186607450246811e-04,-7.245864835567772388e-04
3.297332048416137695e+00,3.054890632629394531e+00,2.857504844665527344e+00,9.999997615814208984e-01,4.897014005109667778e-04,1.988819567486643791e-04,3.444656322244554758e-04
4.608122825622558594e+00,5.336323738098144531e+00,5.184041976928710938e+00,9.999983310699462891e-01,1.753864344209432602e-03,6.967788795009255409e-05,-5.990253412164747715e-04
1.894849658012390137e+00,1.804776787757873535e+00,4.364471435546875000e+00,9.996402859687805176e-01,9.002344682812690735e-03,1.480315113440155983e-04,-2.526384964585304260e-02
1.385471463203430176e+00,4.821559906005859375e+00,3.736599206924438477e+00,9.999997019767761230e-01,2.315858146175742149e-04,1.056057008099742234e-04,8.305184310302138329e-04
5.978670597076416016e+00,1.713589131832122803e-01,5.056827545166015625e+00,9.999999403953552246e-01,5.043150667916052043e-05,-6.770003528799861670e-05,5.005268030799925327e-04
6.639459133148193359e+00,2.237486600875854492e+00,3.654828786849975586e+00,9.999972581863403320e-01,-1.017316244542598724e-03,1.352030085399746895e-03,-1.621817005798220634e-03
5.204169750213623047e+00,5.955914974212646484e+00,3.406747102737426758e+00,9.999998211860656738e-01,-3.544736246112734079e-04,4.509838181547820568e-04,-2.847986179403960705e-04
5.043472647666931152e-01,4.693251252174377441e-01,5.471012115478515625e+00,9.999993443489074707e-01,8.309911354444921017e-04,-1.863624347606673837e-04,-8.393563912250101566e-04
5.917664527893066406e+00,4.592861175537109375e+00,5.394658088684082031e+00,1.000000000000000000e+00,1.139398227678611875e-04,-3.889522486133500934e-05,-3.042302560061216354e-04
2.537536859512329102e+00,4.065772056579589844e+00,2.793968915939331055e+00,9.999998211860656738e-01,2.661363032530061901e-05,-5.524808075278997421e-04,-3.082930343225598335e-04
5.054331302642822266e+00,9.598969817161560059e-01,6.309751033782958984e+00,9.999998807907104492e-01,-6.509421655209735036e-05,-5.228955997154116631e-04,3.566068189684301615e-04
4.222985267639160156e+00,1.526487112045288086e+00,7.251242637634277344e+00,9.999998807907104492e-01,-6.397563993232324719e-05,5.640034796670079231e-04,1.578410592628642917e-05
7.147039413452148438e+00,3.923565864562988281e+00,6.924479007720947266e+00,9.999922513961791992e-01,-2.909389790147542953e-03,-1.049075275659561157e-03,2.455676207318902016e-03
2.351847410202026367e+00,6.967969238758087158e-02,3.350886344909667969e+00,9.999991655349731445e-01,-5.222411709837615490e-04,-1.683571608737111092e-04,1.233269344083964825e-03
6.821429252624511719e+00,1.755881071090698242e+00,6.129336357116699219e+00,9.999998807907104492e-01,4.367535002529621124e-04,2.456177608110010624e-04,-1.290284562855958939e-04
1.814298868179321289e+00,5.278024673461914062e+00,3.364677429199218750e+00,9.999999403953552246e-01,-3.913491091225296259e-04,-7.219205144792795181e-05,2.821371599566191435e-04
3.927659511566162109e+00,3.851991891860961914e+00,5.349700927734375000e+00,9.999991655349731445e-01,-3.026926133316010237e-04,1.211765920743346214e-03,4.208864120300859213e-04
6.465132713317871094e+00,6.257618427276611328e+00,9.161432981491088867e-01,9.999996423721313477e-01,4.891781136393547058e-04,2.653610135894268751e-04,-7.040273048914968967e-04
3.739855289459228516e+00,5.441879630088806152e-01,1.629625439643859863e+00,9.999998211860656738e-01,-4.863399371970444918e-04,-1.150523094111122191e-04,-5.006873980164527893e-04
5.266755104064941406e+00,3.877276897430419922e+00,2.817985773086547852e+00,9.999997615814208984e-01,1.400548935635015368e-04,4.682404687628149986e-04,-5.509680486284196377e-04
4.941224575042724609e+00,3.194156646728515625e+00,4.312670230865478516e+00,1.000000000000000000e+00,8.024372800718992949e-05,1.673009251135226805e-07,1.232401846209540963e-04
5.450571060180664062e+00,6.083159923553466797e+00,5.451727390289306641e+00,9.999998807907104492e-01,-4.396460426505655050e-04,1.928791025420650840e-04,1.528538559796288610e-04
1.969254493713378906e+00,1.194139242172241211e+00,1.601691603660583496e+00,9.999229311943054199e-01,8.928521536290645599e-03,-2.020393032580614090e-03,8.394152857363224030e-03
4.576064109802246094e+00,4.161227703094482422e+00,1.326502919197082520e+00,9.999109506607055664e-01,1.330624613910913467e-02,-9.061597520485520363e-04,-6.211881991475820541e-04
4.394732713699340820e-01,3.478740215301513672e+00,5.987368583679199219e+00,9.998859763145446777e-01,3.685323055833578110e-03,2.445786492899060249e-03,-1.443813834339380264e-02
6.524058818817138672e+00,3.893993854522705078e+00,3.381129980087280273e+00,9.999998211860656738e-01,1.941077789524570107e-05,1.639362744754180312e-05,-6.823314470238983631e-04
4.661602020263671875e+00,5.648568153381347656e+00,6.597791671752929688e+00,9.999998807907104492e-01,-8.724227518541738391e-05,4.318558785598725080e-04,1.585324062034487724e-04
4.471807956695556641e+00,1.444430112838745117e+00,2.940139770507812500e-01,1.000000000000000000e+00,-3.328035745653323829e-05,-2.364614338148385286e-04,-3.644641255959868431e-04
4.768266081809997559e-01,1.933928728103637695e+00,1.132828950881958008e+00,9.999946951866149902e-01,-8.834326581563800573e-05,9.148019016720354557e-04,-3.140969900414347649e-03
7.143496990203857422e+00,7.186379432678222656e+00,6.273113250732421875e+00,9.999999403953552246e-01,-2.953397233795840293e-05,-3.114791761618107557e-04,-3.115753643214702606e-04
1.143354773521423340e+00,4.505683898925781250e+00,7.440122604370117188e+00,9.999938607215881348e-01,1.941418857313692570e-03,2.279252512380480766e-03,-1.807643333449959755e-03
5.707214355468750000e+00,2.218402147293090820e+00,3.339853525161743164e+00,9.999009966850280762e-01,1.348663121461868286e-02,3.846701234579086304e-03,1.174767850898206234e-03
6.191965579986572266e+00,3.077804803848266602e+00,5.284949302673339844e+00,1.000000000000000000e+00,1.332763058599084616e-04,2.689813554752618074e-04,-5.703209535568021238e-05
7.428094387054443359e+00,7.072134494781494141e+00,6.990985393524169922e+00,9.999998807907104492e-01,-3.033985267393290997e-04,3.182847576681524515e-04,4.284050082787871361e-04
5.047380447387695312e+00,6.293349862098693848e-01,3.358967781066894531e+00,9.999993443489074707e-01,-2.344217209611088037e-04,1.155796227976679802e-03,1.702603331068530679e-04
1.741686820983886719e+00,6.652637004852294922e+00,3.528823137283325195e+00,9.999567270278930664e-01,-7.002768572419881821e-03,-5.830094218254089355e-03,-1.897710259072482586e-03
5.944260597229003906e+00,2.770954132080078125e+00,6.882370948791503906e+00,9.999990463256835938e-01,1.544690021546557546e-04,-1.384659553878009319e-03,2.426799619570374489e-04
6.347651958465576172e+00,6.162660598754882812e+00,7.082038879394531250e+00,9.999511837959289551e-01,-4.466985817998647690e-03,2.337276935577392578e-03,8.498189970850944519e-03
2.446892023086547852e+00,4.196455478668212891e+00,3.788746595382690430e+00,9.999027252197265625e-01,4.420835059136152267e-03,3.845973405987024307e-03,-1.266099605709314346e-02
1.780193090438842773e+00,2.445605039596557617e+00,1.056453227996826172e+00,9.999997615814208984e-01,-1.844891521614044905e-04,-7.681792340008541942e-05,7.495654863305389881e-04
1.632322072982788086e+00,8.783351182937622070e-01,3.541147708892822266e+00,1.000000000000000000e+00,-2.069508263957686722e-05,-1.872209832072257996e-04,-2.653721312526613474e-04
1.718372106552124023e+00,5.185411930084228516e+00,1.706801295280456543e+00,9.999546408653259277e-01,-3.968456294387578964e-03,2.649225527420639992e-03,8.241388946771621704e-03
1.943342924118041992e+00,1.092493295669555664e+00,1.070722818374633789e+00,9.999983906745910645e-01,1.331159030087292194e-03,9.609487024135887623e-04,-7.843191269785165787e-04
2.066369533538818359e+00,5.610580921173095703e+00,4.702319145202636719e+00,9.999993443489074707e-01,-5.895300419069826603e-04,-2.457288210280239582e-04,1.011312124319374561e-03
2.227123260498046875e+00,5.038841724395751953e+00,3.112114667892456055e+00,9.999998807907104492e-01,-5.709617398679256439e-04,-2.322945947526022792e-04,-1.094080507755279541e-04
6.637664794921875000e+00,4.055307388305664062e+00,6.406267166137695312e+00,9.999998211860656738e-01,-3.874252142850309610e-04,-4.456236274563707411e-05,5.382509552873671055e-04
6.190386414527893066e-01,5.145751476287841797e+00,5.640127182006835938e+00,9.999992847442626953e-01,2.303107321495190263e-04,7.873987779021263123e-04,-9.544959757477045059e-04
8.075963258743286133e-01,6.849681854248046875e+00,2.138863086700439453e+00,9.999997615814208984e-01,-6.308911251835525036e-04,-8.559287380194291472e-05,3.964388452004641294e-04
3.835409581661224365e-01,3.220764636993408203e+00,8.339478373527526855e-01,9.999963045120239258e-01,8.609176147729158401e-04,1.090287114493548870e-03,2.354006282985210419e-03
3.152670145034790039e+00,6.899535655975341797e+00,5.030136585235595703e+00,9.999985098838806152e-01,-1.022300100885331631e-03,-1.022856449708342552e-03,9.222928783856332302e-04
7.365884184837341309e-01,6.101958274841308594e+00,3.884484291076660156e+00,9.999988675117492676e-01,1.116432249546051025e-03,8.297266322188079357e-04,-5.542103899642825127e-04
1.119145870208740234e+00,6.715889453887939453e+00,6.399176120758056641e+00,9.999780654907226562e-01,5.349977873265743256e-04,-3.786713117733597755e-03,5.421382840722799301e-03
2.126118242740631104e-01,3.203211069107055664e+00,6.804332256317138672e+00,9.999985694885253906e-01,-1.837509989854879677e-05,-8.435935014858841896e-04,-1.508092158474028111e-03
3.842664003372192383e+00,5.644457340240478516e+00,9.827572107315063477e-01,1.000000000000000000e+00,-1.020223571686074138e-04,3.652313898783177137e-05,2.996792027261108160e-04
7.789165377616882324e-01,6.984905242919921875e+00,6.681846976280212402e-01,9.999961256980895996e-01,1.419882988557219505e-03,-2.255765954032540321e-03,8.094160002656280994e-04
7.225529193878173828e+00,2.424371004104614258e+00,6.260313510894775391e+00,9.999964237213134766e-01,-6.630043499171733856e-04,-6.061640669940970838e-05,2.608605893328785896e-03
7.014668464660644531e+00,1.927088260650634766e+00,4.559429287910461426e-01,1.000000000000000000e+00,2.031501026067417115e-05,-6.222065712790936232e-05,1.201068735099397600e-04
2.060476303100585938e+00,1.795697927474975586e+00,2.118617296218872070e+00,9.999338388442993164e-01,-1.013082265853881836e-02,-3.054859116673469543e-03,-4.518048837780952454e-03
4.939103603363037109e+00,3.863827466964721680e+00,1.891117572784423828e+00,9.999998211860656738e-01,1.190692200907506049e-04,-4.259498382452875376e-04,-5.271114059723913670e-04
3.356149673461914062e+00,1.037354588508605957e+00,1.299174308776855469e+00,1.000000000000000000e+00,-5.689904355676844716e-05,-7.958954665809869766e-05,-3.622715303208678961e-05
6.017396450042724609e+00,6.687648296356201172e+00,3.751741170883178711e+00,9.999030232429504395e-01,-1.176100969314575195e-02,-7.063501980155706406e-03,2.409531967714428902e-03
5.459188938140869141e+00,2.915379524230957031e+00,2.828917980194091797e+00,9.999994635581970215e-01,-7.714912062510848045e-04,3.265993145760148764e-04,-6.811033817939460278e-04
2.402504205703735352e+00,5.205782890319824219e+00,4.103130340576171875e+00,9.999998211860656738e-01,-6.901453598402440548e-04,-1.657569955568760633e-04,-1.458977785659953952e-04
5.854538917541503906e+00,7.560777068138122559e-01,2.423973798751831055e+00,9.999998211860656738e-01,1.875189918791875243e-04,-5.283606151351705194e-05,-6.330831092782318592e-04
7.150769710540771484e+00,6.139146327972412109e+00,4.595054626464843750e+00,1.000000000000000000e+00,-2.926003362517803907e-04,-2.087084430968388915e-04,1.354418054688721895e-04
3.417752742767333984e+00,4.623086929321289062e+00,6.193853855133056641e+00,9.999994635581970215e-01,-8.764392696321010590e-04,-4.919174243696033955e-04,4.040815401822328568e-04
3.077012300491333008e+00,5.372412204742431641e+00,2.934983968734741211e+00,1.000000000000000000e+00,3.033343527931720018e-04,-1.684250310063362122e-04,1.915772591019049287e-04
7.333638668060302734e+00,4.193792343139648438e+00,5.860716104507446289e-01,9.999885559082031250e-01,-3.818192752078175545e-03,-2.854963764548301697e-03,-3.779340186156332493e-04
2.915798664093017578e+00,2.115581035614013672e+00,1.208479762077331543e+00,9.999938607215881348e-01,1.707165793050080538e-04,1.295028370805084705e-03,-3.261374542489647865e-03
4.141778945922851562e+00,2.221856355667114258e+00,1.063509225845336914e+00,9.999099373817443848e-01,4.504132084548473358e-03,8.599705994129180908e-03,9.273335337638854980e-03
1.213917043060064316e-02,4.225153446197509766e+00,6.689677238464355469e+00,9.999999403953552246e-01,2.772285661194473505e-04,3.978564345743507147e-04,-1.099503788282163441e-04
7.366663813591003418e-01,2.257552862167358398e+00,1.269840002059936523e+00,9.999000430107116699e-01,-2.948439912870526314e-03,-6.462698802351951599e-03,1.223119441419839859e-02
5.649266242980957031e+00,3.113350391387939453e+00,3.626484394073486328e+00,9.999998211860656738e-01,6.655824836343526840e-04,2.093653019983321428e-04,-7.390420796582475305e-05
2.514528930187225342e-01,4.078958034515380859e+00,4.072036743164062500e+00,9.999845027923583984e-01,4.841738846153020859e-03,-1.961318543180823326e-03,1.935053849592804909e-03
2.193472623825073242e+00,4.178609371185302734e+00,4.465974330902099609e+00,9.999988675117492676e-01,-4.633374373952392489e-06,-5.909545870963484049e-05,-1.486349385231733322e-03
3.917784690856933594e+00,1.676812410354614258e+00,2.924917221069335938e+00,9.999998807907104492e-01,8.861779497237876058e-05,-2.734128793235868216e-04,4.513901367317885160e-04
6.221158504486083984e+00,4.343443512916564941e-01,2.706606388092041016e+00,9.999999403953552246e-01,-4.365521017462015152e-04,-1.200047991005703807e-04,-2.631499082781374454e-04
4.685625076293945312e+00,5.979517698287963867e-01,7.020066261291503906e+00,9.999998807907104492e-01,3.306041762698441744e-04,4.990595625713467598e-04,1.368568973703077063e-06
4.409157276153564453e+00,2.218369245529174805e+00,3.219249725341796875e+00,9.999974966049194336e-01,-3.631830913946032524e-04,2.101975493133068085e-03,-7.374031702056527138e-04
5.056722640991210938e+00,2.981135606765747070e+00,3.675454854965209961e+00,9.999982714653015137e-01,-5.953796207904815674e-04,-1.733742305077612400e-03,3.473946126177906990e-04
1.755580663681030273e+00,1.105439543724060059e+00,4.702279090881347656e+00,9.999999403953552246e-01,2.177097921958193183e-04,2.714564616326242685e-04,-1.821699261199682951e-04
6.772016525268554688e+00,2.246485233306884766e+00,3.323249816894531250e+00,9.999996423721313477e-01,7.497965270886197686e-05,-6.279979133978486061e-04,-5.307167884893715382e-04
4.392690181732177734e+00,6.753660202026367188e+00,2.507946252822875977e+00,1.000000000000000000e+00,-1.130480723077198491e-05,2.420967066427692771e-04,3.343945427332073450e-04
5.675559997558593750e+00,6.042901039123535156e+00,1.724133014678955078e+00,9.999995231628417969e-01,2.593032259028404951e-04,-2.239753521280363202e-04,-9.429870406165719032e-04
1.969452500343322754e-01,3.793115854263305664e+00,3.809323310852050781e+00,9.999526143074035645e-01,-7.073648273944854736e-03,-2.383498474955558777e-03,-6.254404317587614059e-03
6.565299987792968750e+00,4.924606978893280029e-01,6.372611045837402344e+00,9.999944567680358887e-01,2.997569972649216652e-04,-4.112886090297251940e-04,3.281114622950553894e-03
4.399932384490966797e+00,4.784879207611083984e+00,2.870226502418518066e-01,9.999669790267944336e-01,5.417245556600391865e-04,-4.572184756398200989e-03,-6.697688251733779907e-03
5.687518596649169922e+00,6.521420001983642578e+00,6.792755126953125000e+00,9.999992847442626953e-01,6.268275901675224304e-04,9.487106581218540668e-04,-4.665238666348159313e-04
8.419002890586853027e-01,1.246899485588073730e+00,2.482725381851196289e+00,9.999946951866149902e-01,-5.020359531044960022e-04,1.521506696008145809e-03,-2.863777801394462585e-03
3.994183540344238281e+00,5.806835174560546875e+00,3.812561511993408203e+00,9.999999403953552246e-01,2.090924390358850360e-04,2.547288895584642887e-04,1.930282596731558442e-04
7.172845363616943359e+00,5.858900547027587891e-01,5.871041297912597656e+00,9.998396635055541992e-01,-5.481873173266649246e-03,-1.482989359647035599e-02,-8.404053747653961182e-03
4.699352383613586426e-01,5.656389594078063965e-01,2.373517036437988281e+00,1.000000000000000000e+00,-3.056392306461930275e-04,2.762543408607598394e-05,-2.239169552922248840e-04
1.949766635894775391e+00,7.531320452690124512e-01,4.668399810791015625e+00,9.999997615814208984e-01,9.090294042835012078e-05,-7.065314566716551781e-04,2.318586193723604083e-04
4.198740959167480469e+00,7.387668490409851074e-01,2.950500726699829102e+00,9.999996423721313477e-01,-6.496117566712200642e-04,-2.575423277448862791e-04,-5.974493687972426414e-04
3.198021888732910156e+00,3.510536193847656250e+00,4.753326416015625000e+00,9.999996423721313477e-01,2.722074277698993683e-04,8.603427559137344360e-04,1.751409872667863965e-04
5.816734790802001953e+00,5.268198013305664062e+00,6.013106346130371094e+00,9.999994039535522461e-01,-8.264706702902913094e-04,5.562505684792995453e-04,-6.062969332560896873e-04
2.370506286621093750e+00,7.263257026672363281e+00,6.365494251251220703e+00,9.999858140945434570e-01,3.610123181715607643e-03,3.524316474795341492e-03,-1.732038799673318863e-03
2.724925994873046875e+00,1.827127933502197266e+00,3.733262062072753906e+00,9.999986290931701660e-01,8.341975626535713673e-04,-1.377569162286818027e-03,4.593632475007325411e-04
4.597971439361572266e+00,1.782861948013305664e+00,3.746756553649902344e+00,1.000000000000000000e+00,1.883002114482223988e-04,-6.712377944495528936e-05,-3.494844131637364626e-04
6.019327163696289062e+00,6.701097011566162109e+00,3.414163291454315186e-01,1.000000000000000000e+00,1.522395177744328976e-04,-2.613880205899477005e-04,-2.094629780913237482e-05
4.246927261352539062e+00,4.330283641815185547e+00,6.387290000915527344e+00,9.999946951866149902e-01,-2.225181320682168007e-03,1.120964181609451771e-03,-2.123481361195445061e-03
5.487607002258300781e+00,7.491514682769775391e+00,2.065776586532592773e+00,1.000000000000000000e+00,4.001653869636356831e-04,1.888755796244367957e-04,-6.441766890930011868e-05
1.997092843055725098e+00,6.056644439697265625e+00,2.623405218124389648e+00,1.000000000000000000e+00,-2.766835677903145552e-04,-1.719597348710522056e-04,-1.717762352200224996e-04
6.148258686065673828e+00,6.873380184173583984e+00,5.503474235534667969e+00,9.999994635581970215e-01,1.346184435533359647e-04,-9.682374075055122375e-04,4.745582700707018375e-04
5.795502066612243652e-01,3.525149583816528320e+00,5.338364124298095703e+00,9.999980926513671875e-01,-3.775084333028644323e-04,-1.174245844595134258e-04,1.947678392753005028e-03
5.079924583435058594e+00,3.714992284774780273e+00,6.729766368865966797e+00,1.000000000000000000e+00,-8.077156962826848030e-06,-1.564470585435628891e-04,5.593254172708839178e-05
1.368224501609802246e+00,4.428620815277099609e+00,4.722119331359863281e+00,9.999959468841552734e-01,-1.033037202432751656e-03,2.258780412375926971e-03,-1.434233272448182106e-03
5.235636711120605469e+00,4.776196956634521484e+00,2.557779073715209961e+00,9.999997019767761230e-01,-7.609959575347602367e-04,-4.254028026480227709e-04,4.027657996630296111e-05
4.879809379577636719e+00,1.133225798606872559e+00,3.610820293426513672e+00,9.999996423721313477e-01,-1.826415245886892080e-04,-8.254915592260658741e-04,-1.912532316055148840e-04
9.953081607818603516e-01,1.871082663536071777e+00,8.638677000999450684e-01,9.999992847442626953e-01,5.330594140104949474e-04,9.312070906162261963e-04,-4.933230229653418064e-04
2.501940011978149414e+00,5.118800163269042969e+00,2.628978252410888672e+00,9.999997019767761230e-01,-7.405549986287951469e-04,-4.403130151331424713e-04,-1.732894306769594550e-04
1.004149675369262695e+00,2.458696603775024414e+00,6.981996059417724609e+00,9.999191164970397949e-01,4.373992793262004852e-03,-7.297782693058252335e-03,-9.453315287828445435e-03
4.403223395347595215e-01,1.815464615821838379e+00,6.462580204010009766e+00,9.999999403953552246e-01,3.397209002287127078e-05,3.387217584531754255e-04,-3.578403848223388195e-04
3.995751380920410156e+00,4.388766288757324219e+00,1.172413229942321777e+00,9.998337626457214355e-01,-1.759265549480915070e-02,4.747458733618259430e-03,-6.850942736491560936e-04
4.555330753326416016e+00,7.404478073120117188e+00,7.315269112586975098e-01,9.999330639839172363e-01,4.546809475868940353e-03,9.083032608032226562e-03,5.543152801692485809e-03
3.394194602966308594e+00,6.741144657135009766e+00,2.987359285354614258e+00,9.999698400497436523e-01,-2.882784698158502579e-03,-7.097575347870588303e-03,1.263886573724448681e-03
5.180906295776367188e+00,2.421329975128173828e+00,5.229114532470703125e+00,9.999391436576843262e-01,1.028554141521453857e-02,-1.865336962509900331e-04,3.987004980444908142e-03
5.945158481597900391e+00,9.174810647964477539e-01,1.299708962440490723e+00,9.999991655349731445e-01,-1.289856038056313992e-03,-2.238110901089385152e-04,-1.534363982500508428e-04
1.153153300285339355e+00,1.512025833129882812e+00,4.479471683502197266e+00,9.999991655349731445e-01,1.551948516862466931e-04,1.349786529317498207e-03,-4.441529381438158453e-05
4.070627212524414062e+00,5.696267604827880859e+00,2.521465539932250977e+00,9.999387860298156738e-01,1.049689296633005142e-02,-2.842894056811928749e-03,-2.037664409726858139e-03
2.497581243515014648e+00,1.295477151870727539e+00,3.051367998123168945e+00,9.999362230300903320e-01,-1.021857839077711105e-02,2.379477722570300102e-03,4.194549284875392914e-03
5.448706150054931641e+00,2.921200513839721680e+00,4.788824170827865601e-02,9.999999403953552246e-01,1.723364403005689383e-04,3.440402797423303127e-04,-2.793806488625705242e-04
2.908579826354980469e+00,4.312822818756103516e+00,2.951208829879760742e+00,9.999971389770507812e-01,1.661310903728008270e-03,-1.471795607358217239e-03,9.890270885080099106e-04
6.540195465087890625e+00,7.409386157989501953e+00,6.399114131927490234e+00,1.000000000000000000e+00,1.262964651687070727e-04,2.364318934269249439e-04,-5.475739817484281957e-05
1.673660516738891602e+00,6.641060829162597656e+00,4.141944408416748047e+00,9.999983906745910645e-01,-8.248476660810410976e-04,-8.734789444133639336e-04,1.359055051580071449e-03
6.050599575042724609e+00,5.194188117980957031e+00,7.263409137725830078e+00,9.999999403953552246e-01,-1.530464505776762962e-04,-2.533774822950363159e-04,2.173348184442147613e-04
7.236329078674316406e+00,1.428218126296997070e+00,9.246439933776855469e-01,9.999945163726806641e-01,1.411014469340443611e-03,2.399744931608438492e-03,-1.825561863370239735e-03
7.269370555877685547e+00,9.495745301246643066e-01,5.485408782958984375e+00,9.999997019767761230e-01,-5.445128772407770157e-04,1.597393275005742908e-04,-6.837742985226213932e-04
6.073458671569824219e+00,2.281973838806152344e+00,2.987231731414794922e+00,9.999997019767761230e-01,-7.668872713111341000e-04,-2.688344975467771292e-04,-3.307136648800224066e-04
3.301916599273681641e+00,1.713989138603210449e+00,1.461109280586242676e+00,9.999993443489074707e-01,4.457096219994127750e-04,3.793135110754519701e-04,1.040989765897393227e-03
3.063317060470581055e+00,4.952775478363037109e+00,2.173569500446319580e-01,9.999997019767761230e-01,4.200697585474699736e-04,-6.979898316785693169e-04,-1.892042055260390043e-04
1.482707381248474121e+00,6.926849365234375000e+00,5.467370033264160156e+00,9.999995827674865723e-01,6.359955877996981144e-04,5.499978433363139629e-04,-4.661454295273870230e-04
4.217923164367675781e+00,1.462935060262680054e-01,6.821454048156738281e+00,9.999998807907104492e-01,-3.297130460850894451e-04,2.079050609609112144e-04,4.155757487751543522e-04
2.687505722045898438e+00,2.871590375900268555e+00,3.516830444335937500e+00,9.999844431877136230e-01,2.000443870201706886e-03,1.251774723641574383e-03,5.063850898295640945e-03
4.215555191040039062e+00,1.294963836669921875e+00,5.779656887054443359e+00,9.999992847442626953e-01,-6.885445327498018742e-04,6.655832985416054726e-04,-8.235449786297976971e-04
4.388736248016357422e+00,6.643959045410156250e+00,4.095353931188583374e-02,9.999975562095642090e-01,-7.620626711286604404e-04,1.822150952648371458e-04,2.098147291690111160e-03
3.422147035598754883e+00,1.772043347358703613e+00,3.179214239120483398e+00,9.999991655349731445e-01,-5.434665363281965256e-04,6.560889305546879768e-04,1.011208049021661282e-03
5.518399715423583984e+00,1.253862231969833374e-01,4.805491447448730469e+00,9.999998211860656738e-01,5.210804520174860954e-04,1.515766343800351024e-04,-4.310547665227204561e-04
3.068336009979248047e+00,2.985170364379882812e+00,6.888891220092773438e+00,9.999997019767761230e-01,-5.274158902466297150e-04,-6.505889468826353550e-04,3.735919744940474629e-05
4.149007797241210938e+00,4.195517539978027344e+00,7.411447048187255859e+00,9.999995827674865723e-01,9.530114039080217481e-05,4.260810383129864931e-04,8.831832674331963062e-04
2.945032119750976562e+00,3.306199789047241211e+00,2.453851222991943359e+00,9.999915957450866699e-01,-1.124880160205066204e-03,2.899296348914504051e-03,-2.669101115316152573e-03
7.055854320526123047e+00,1.863187193870544434e+00,1.642796277999877930e+00,9.999964833259582520e-01,-1.560821314342319965e-03,-2.145029837265610695e-03,-1.635288936085999012e-04
4.555063247680664062e+00,4.958131790161132812e+00,3.595610857009887695e+00,9.999792575836181641e-01,5.735285580158233643e-03,1.585573889315128326e-03,2.485386561602354050e-03
2.099987506866455078e+00,1.851937294006347656e+00,4.606026649475097656e+00,9.999966025352478027e-01,9.173589060083031654e-04,-1.999621046707034111e-03,-1.440837047994136810e-03
2.573293447494506836e+00,4.842274188995361328e+00,6.616837024688720703e+00,9.999999403953552246e-01,-3.490933158900588751e-04,2.539403212722390890e-04,-2.297018218087032437e-04
3.258529186248779297e+00,4.777870178222656250e+00,3.315700769424438477e+00,9.999995827674865723e-01,-7.549346191808581352e-04,5.512014613486826420e-04,-9.484278416493907571e-05
7.305098176002502441e-01,5.377384662628173828e+00,3.854508399963378906e+00,9.999977946281433105e-01,-1.321953488513827324e-03,-1.230174442753195763e-03,1.124538714066147804e-03
6.543787002563476562e+00,3.276744186878204346e-01,2.867615699768066406e+00,9.999991059303283691e-01,-1.253329450264573097e-03,-5.656854482367634773e-04,-1.151925753219984472e-04
3.163342237472534180e+00,1.439008235931396484e+00,6.341465711593627930e-01,9.999999403953552246e-01,3.524968924466520548e-04,-1.743410211929585785e-05,3.714033809956163168e-04
4.315673828125000000e+00,7.396917819976806641e+00,7.309451580047607422e+00,9.999986290931701660e-01,-8.878887165337800980e-04,1.064029405824840069e-03,9.117808658629655838e-04
2.394962310791015625e+00,4.692271709442138672e+00,4.818725585937500000e+00,9.999992847442626953e-01,1.192869618535041809e-03,3.682426759041845798e-04,1.793297560652717948e-04
2.703732490539550781e+00,5.261518359184265137e-01,6.731510162353515625e+00,9.999998807907104492e-01,-2.980577119160443544e-05,-5.930273910053074360e-04,1.406104565830901265e-04
1.473807334899902344e+00,6.289358437061309814e-02,4.380627632141113281e+00,1.000000000000000000e+00,1.170747054857201874e-04,9.716038039186969399e-05,1.024473967845551670e-04
1.591935992240905762e+00,3.527198553085327148e+00,1.074165701866149902e+00,9.999989867210388184e-01,9.750744793564081192e-04,-1.497010671300813556e-04,-1.119444146752357483e-03
3.043130338191986084e-01,5.566579818725585938e+00,4.168408393859863281e+00,1.000000000000000000e+00,9.579103789292275906e-05,4.011091368738561869e-04,-1.446071109967306256e-04
2.427225589752197266e+00,8.128494620323181152e-01,4.688121795654296875e+00,9.999920725822448730e-01,-1.775333541445434093e-03,-3.039717441424727440e-03,-1.887037302367389202e-03
1.807548165321350098e+00,7.244595050811767578e+00,1.215303778648376465e+00,9.999952316284179688e-01,-2.648666268214583397e-03,-6.153969443403184414e-04,1.523107639513909817e-03
4.542904376983642578e+00,6.103124618530273438e+00,2.406196117401123047e+00,9.999971389770507812e-01,1.972764497622847557e-03,1.184262568131089211e-03,-6.412226939573884010e-04
5.989409446716308594e+00,5.555280685424804688e+00,7.493584156036376953e+00,9.999999403953552246e-01,-1.349808298982679844e-04,-2.855479833669960499e-04,4.262702423147857189e-04
4.023167610168457031e+00,4.405128479003906250e+00,5.711578845977783203e+00,9.999998211860656738e-01,-3.672867896966636181e-04,4.000955668743699789e-04,2.064000000245869160e-04
1.405988097190856934e+00,1.900856852531433105e+00,7.342283248901367188e+00,1.000000000000000000e+00,-3.404653980396687984e-04,1.119667940656654537e-04,-2.103430415445473045e-05
5.168227195739746094e+00,3.007396221160888672e+00,5.836942195892333984e-01,9.999763965606689453e-01,-1.966584473848342896e-03,6.574795581400394440e-03,-4.442337958607822657e-04
1.381443262100219727e+00,4.745805263519287109e+00,2.787765264511108398e+00,9.999982118606567383e-01,1.533194154035300016e-04,-1.855062786489725113e-03,-3.629546554293483496e-04
7.232582569122314453e+00,4.880679607391357422e+00,1.415439248085021973e-01,9.999997019767761230e-01,7.038352778181433678e-04,4.220799019094556570e-04,9.794492507353425026e-05
6.066626071929931641e+00,5.282578468322753906e+00,5.763130187988281250e+00,9.999992847442626953e-01,-1.146656926721334457e-03,2.525842573959380388e-04,-3.839820055873133242e-05
6.986096382141113281e+00,1.503940522670745850e-01,6.916138648986816406e+00,9.999998807907104492e-01,-5.993649247102439404e-04,-9.779346146387979388e-05,-8.433400216745212674e-05
5.314027786254882812e+00,3.196347951889038086e-01,6.185775756835937500e+00,1.000000000000000000e+00,1.672045764280483127e-04,-1.892933651106432080e-04,2.195335691794753075e-04
3.060456275939941406e+00,1.163579598069190979e-01,3.190517663955688477e+00,1.000000000000000000e+00,-2.865719434339553118e-04,-3.008622479683253914e-05,2.748688275460153818e-04
2.615562200546264648e+00,5.713314056396484375e+00,5.449459075927734375e+00,9.999986290931701660e-01,5.460885004140436649e-04,6.148422835394740105e-05,-1.594920409843325615e-03
4.495106697082519531e+00,1.196982026100158691e+00,9.374856352806091309e-01,9.999555945396423340e-01,6.394711323082447052e-03,-6.130642257630825043e-03,-3.211144590750336647e-03
6.511106491088867188e+00,4.590483665466308594e+00,6.752666950225830078e+00,9.999999403953552246e-01,-1.533203321741893888e-04,1.685398601694032550e-04,4.219092370476573706e-04
6.055807113647460938e+00,5.974396705627441406e+00,5.022285461425781250e+00,9.999999403953552246e-01,-2.092541835736483335e-04,2.470255421940237284e-04,-2.829177828971296549e-04
1.919127225875854492e+00,4.827213287353515625e+00,4.652630329132080078e+00,9.999977350234985352e-01,1.111503108404576778e-03,-5.187139613553881645e-04,1.728097209706902504e-03
1.703057050704956055e+00,1.541997909545898438e+00,5.553523540496826172e+00,9.999978542327880859e-01,-4.994438495486974716e-04,-3.196843317709863186e-04,2.019511768594384193e-03
5.728578567504882812e+00,6.370286941528320312e+00,3.513058900833129883e+00,9.998905658721923828e-01,1.181479264050722122e-02,5.577670875936746597e-03,-6.948601920157670975e-03
3.015129566192626953e-01,4.798948287963867188e+00,5.337372779846191406e+00,9.999997615814208984e-01,-5.655821878463029861e-04,4.150696331635117531e-04,-3.300260286778211594e-04
2.718368053436279297e+00,4.205233573913574219e+00,3.607694625854492188e+00,9.999264478683471680e-01,8.824937976896762848e-03,8.031102479435503483e-04,-8.285087533295154572e-03
1.319513797760009766e+00,6.842753410339355469e+00,2.947064399719238281e+00,9.999995231628417969e-01,7.657455862499773502e-04,-3.791073977481573820e-04,-5.985971656627953053e-04
4.598323345184326172e+00,5.915934562683105469e+00,4.789222717285156250e+00,9.999980330467224121e-01,-8.573484956286847591e-04,-1.538916607387363911e-03,-9.847487090155482292e-04
3.408748149871826172e+00,1.064925342798233032e-01,6.672614097595214844e+00,9.999655485153198242e-01,3.240091260522603989e-03,7.473869249224662781e-03,1.616589841432869434e-03
6.184921741485595703e+00,4.307392120361328125e+00,9.381961226463317871e-01,9.999576807022094727e-01,3.864049213007092476e-04,-2.659316640347242355e-03,-8.800672367215156555e-03
1.272108256816864014e-01,5.463521480560302734e+00,2.906493663787841797e+00,9.999989867210388184e-01,-9.341142140328884125e-05,5.694017745554447174e-04,-1.376102794893085957e-03
3.276168346405029297e+00,5.480851650238037109e+00,9.353776574134826660e-01,9.999998211860656738e-01,-2.723056823015213013e-04,-4.119198420085012913e-04,3.487768117338418961e-04
4.694083213806152344e+00,5.426381587982177734e+00,5.790099620819091797e+00,9.998329281806945801e-01,5.005236598663032055e-04,-4.210408776998519897e-03,1.778328418731689453e-02
3.731639146804809570e+00,2.802415132522583008e+00,4.654768943786621094e+00,9.998685717582702637e-01,5.952470237389206886e-04,3.314424538984894753e-03,1.586488261818885803e-02
5.410100460052490234e+00,1.516115307807922363e+00,3.108681678771972656e+00,9.999930262565612793e-01,2.925211330875754356e-03,-1.049015903845429420e-03,-2.105254447087645531e-03
2.963020324707031250e+00,2.968976974487304688e+00,1.313046813011169434e-01,9.998646378517150879e-01,-3.106628311797976494e-03,1.575301028788089752e-02,3.620463656261563301e-03
8.961315751075744629e-01,3.743097066879272461e+00,3.023822546005249023e+00,9.999229907989501953e-01,-5.758603103458881378e-03,9.546567685902118683e-03,5.464031361043453217e-03
3.233566522598266602e+00,1.472624778747558594e+00,5.905041694641113281e+00,9.999993443489074707e-01,1.031068386510014534e-03,5.019596210331656039e-05,6.362574058584868908e-04
2.484320402145385742e+00,7.246784687042236328e+00,7.205897331237792969e+00,9.998221397399902344e-01,3.097816836088895798e-03,-1.852946169674396515e-02,1.672765356488525867e-03
6.744166374206542969e+00,1.230906963348388672e+00,6.018461704254150391e+00,9.999992847442626953e-01,5.740982596762478352e-04,5.233167903497815132e-04,-9.420729475095868111e-04
9.294515252113342285e-01,5.816831588745117188e-01,2.258295536041259766e+00,9.999997019767761230e-01,-1.464656670577824116e-04,3.534348215907812119e-04,-7.811115938238799572e-04
6.076129913330078125e+00,2.354373931884765625e+00,3.340133666992187500e+00,9.999944567680358887e-01,8.180954318959265947e-05,-4.695001698564738035e-04,-3.309148130938410759e-03
8.781639337539672852e-01,2.302260160446166992e+00,4.380733013153076172e+00,9.999999403953552246e-01,2.533631632104516029e-04,2.633294789120554924e-04,-2.450703759677708149e-04
3.923856735229492188e+00,6.489420413970947266e+00,1.742352485656738281e+00,1.000000000000000000e+00,-3.796261808020062745e-05,-6.021612716722302139e-05,3.937148430850356817e-04
1.289353251457214355e+00,6.110273838043212891e+00,1.707154870033264160e+00,9.999998211860656738e-01,6.388532347045838833e-04,-3.213587042409926653e-04,-1.027250618790276349e-06
1.640513539314270020e+00,3.973043441772460938e+00,4.622279644012451172e+00,9.999963045120239258e-01,-1.003051176667213440e-03,1.763783977366983891e-03,1.852045534178614616e-03
7.018898487091064453e+00,1.133304953575134277e+00,9.993445873260498047e-01,9.999998807907104492e-01,3.657504566945135593e-04,-1.998603111132979393e-04,2.975652751047164202e-04
3.547118902206420898e+00,5.181515693664550781e+00,6.593207359313964844e+00,9.999631643295288086e-01,-5.191635806113481522e-03,4.593410994857549667e-03,5.067259073257446289e-03
4.947584152221679688e+00,3.375829219818115234e+00,2.569413900375366211e+00,9.999997019767761230e-01,-3.463636676315218210e-04,5.725346272811293602e-04,5.228212103247642517e-04
5.877042412757873535e-01,3.653493642807006836e+00,3.052777528762817383e+00,9.999822974205017090e-01,-1.943631330505013466e-03,4.863052628934383392e-03,2.819459186866879463e-03
2.048601865768432617e+00,1.158655166625976562e+00,2.819998979568481445e+00,9.999898672103881836e-01,7.417472079396247864e-04,3.481298685073852539e-03,-2.774979686364531517e-03
5.786891937255859375e+00,6.250342845916748047e+00,6.211573600769042969e+00,9.999970197677612305e-01,-9.890282526612281799e-04,-2.205635653808712959e-03,3.860606811940670013e-04
4.772539138793945312e+00,2.647331237792968750e+00,5.494262695312500000e+00,9.999974966049194336e-01,-1.847555628046393394e-03,-1.216760370880365372e-03,-4.583240952342748642e-04
1.379272103309631348e+00,6.297752857208251953e+00,3.283489465713500977e+00,9.999943375587463379e-01,-8.065675501711666584e-04,-3.236788790673017502e-03,-5.835791234858334064e-04
5.540475845336914062e+00,3.750127077102661133e+00,4.674469470977783203e+00,9.999989271163940430e-01,5.483082495629787445e-04,7.947355625219643116e-04,-1.156313694082200527e-03
5.922516345977783203e+00,1.010420203208923340e+00,5.751180171966552734e+00,1.000000000000000000e+00,4.224048825562931597e-05,1.851553388405591249e-04,-1.808019005693495274e-04
6.693933010101318359e+00,5.502360343933105469e+00,6.340815220028162003e-03,9.999997019767761230e-01,1.208268731716088951e-04,-3.770890471059828997e-04,-7.557616336271166801e-04
2.540510892868041992e+00,2.052570819854736328e+00,3.891854763031005859e+00,9.999956488609313965e-01,1.732525881379842758e-03,-7.940641371533274651e-04,-2.256716834381222725e-03
2.579631567001342773e+00,4.362395286560058594e+00,4.205263614654541016e+00,9.998827576637268066e-01,-4.300836939364671707e-03,-5.179956089705228806e-03,1.375309471040964127e-02
3.067065477371215820e+00,4.478147506713867188e+00,2.439032316207885742e+00,9.999964833259582520e-01,-2.251103520393371582e-03,1.194734591990709305e-03,7.731932564638555050e-04
1.207649827003479004e+00,8.210865855216979980e-01,5.727836489677429199e-01,9.999999403953552246e-01,5.656292341882362962e-05,3.392553189769387245e-04,-3.610479470808058977e-04
6.738455295562744141e+00,5.779362678527832031e+00,5.457567691802978516e+00,9.999998211860656738e-01,1.470437018724624068e-05,-1.861952187027782202e-04,-5.383459501899778843e-04
1.798517227172851562e+00,7.257713317871093750e+00,5.712172031402587891e+00,9.999726414680480957e-01,-3.384096198715269566e-04,3.735376987606287003e-03,-6.382750812917947769e-03
2.716407299041748047e+00,3.623026609420776367e+00,7.500335693359375000e+00,9.999999403953552246e-01,2.695370931178331375e-04,3.415032915654592216e-05,-3.761951229535043240e-04
4.682072639465332031e+00,3.536494016647338867e+00,5.846968173980712891e+00,9.999977350234985352e-01,-1.398163149133324623e-04,-2.213065454270690680e-05,-2.159084659069776535e-03
3.308072566986083984e+00,5.775696754455566406e+00,1.233592510223388672e+00,9.999272823333740234e-01,8.247220888733863831e-03,8.713643066585063934e-03,1.217888668179512024e-03
1.995140433311462402e+00,5.762740612030029297e+00,1.102267026901245117e+00,9.999996423721313477e-01,3.267266947659663856e-05,-8.874768391251564026e-04,2.957486685772892088e-05
7.133886337280273438e+00,5.325657725334167480e-01,2.570382595062255859e+00,1.000000000000000000e+00,-4.584681664709933102e-05,7.720243593212217093e-05,-3.550211840774863958e-05
4.681864738464355469e+00,6.441771984100341797e+00,1.626387238502502441e-01,9.999254345893859863e-01,7.624761667102575302e-03,-1.301053562201559544e-03,-9.450622834265232086e-03
2.780221462249755859e+00,7.319211959838867188e+00,4.123456478118896484e+00,9.999997019767761230e-01,6.802975549362599850e-04,2.478473179508000612e-04,4.543175455182790756e-04
4.534134864807128906e+00,2.976377904415130615e-01,2.432283639907836914e+00,9.999814629554748535e-01,2.542741829529404640e-03,-5.418470595031976700e-03,-1.079097273759543896e-03
5.085485935211181641e+00,3.797822713851928711e+00,6.800550818443298340e-01,9.999567270278930664e-01,8.143269806168973446e-04,-9.258483536541461945e-03,3.861444711219519377e-04
4.490360736846923828e+00,4.920252323150634766e+00,6.852932453155517578e+00,9.999992847442626953e-01,6.007390911690890789e-04,8.828144636936485767e-04,-6.565361982211470604e-04
3.956481218338012695e+00,3.149456501007080078e+00,2.850424766540527344e+00,9.999960064888000488e-01,-7.882571662776172161e-04,-1.456958125345408916e-03,2.288456074893474579e-03
7.245773792266845703e+00,4.687273025512695312e+00,2.675780534744262695e+00,9.999988079071044922e-01,1.309431390836834908e-03,1.846674276748672128e-04,8.245113422162830830e-04
6.258358061313629150e-02,4.472860336303710938e+00,6.911150932312011719e+00,9.999997615814208984e-01,1.304823963437229395e-04,8.545743912691250443e-05,-7.958073983900249004e-04
9.915051460266113281e-01,8.680802583694458008e-01,9.263896942138671875e-01,9.999998807907104492e-01,1.503639941802248359e-04,1.826405641622841358e-04,-5.777196492999792099e-04
1.887989640235900879e+00,3.529740810394287109e+00,2.879697084426879883e+00,9.999998807907104492e-01,7.238525722641497850e-05,-2.557405969128012657e-04,-5.407898570410907269e-04
3.344077587127685547e+00,5.513725280761718750e+00,3.472374677658081055e+00,1.000000000000000000e+00,7.101958908606320620e-05,1.290627114940434694e-04,-8.683063060743734241e-05
6.709636211395263672e+00,6.942671775817871094e+00,1.107172846794128418e+00,9.999993443489074707e-01,4.163634730502963066e-04,-7.742584566585719585e-04,-7.405300275422632694e-04
7.046722412109375000e+00,5.672070980072021484e+00,2.820742845535278320e+00,9.999939799308776855e-01,-2.245311625301837921e-03,-1.926825731061398983e-03,1.852918416261672974e-03
3.979854583740234375e+00,1.830756187438964844e+00,6.227347850799560547e+00,9.999991059303283691e-01,4.188143357168883085e-04,3.020366129931062460e-04,1.252823625691235065e-03
2.546021223068237305e+00,6.251057147979736328e+00,4.061896800994873047e+00,9.999992251396179199e-01,-7.422192138619720936e-04,1.110104858526028693e-04,-1.067485893145203590e-03
3.441419839859008789e+00,3.605031013488769531e+00,6.711552619934082031e+00,1.000000000000000000e+00,1.858198374975472689e-04,-8.668408554513007402e-05,2.271505363751202822e-04
9.610457420349121094e-01,6.477715015411376953e+00,4.750176429748535156e+00,1.000000000000000000e+00,-1.329309743596240878e-04,5.290013723424635828e-05,-7.322825695155188441e-05
1.800758391618728638e-01,6.511290669441223145e-01,7.160079002380371094e+00,9.999997019767761230e-01,1.355064741801470518e-04,-1.540241792099550366e-04,-8.094424265436828136e-04
2.463948875665664673e-01,6.291162967681884766e+00,5.039588928222656250e+00,9.999991655349731445e-01,-6.026991177350282669e-04,-1.142904162406921387e-03,2.600534062366932631e-04
1.846226930618286133e+00,3.612884759902954102e+00,7.186110496520996094e+00,9.999966621398925781e-01,-1.360997266601771116e-04,-2.488599857315421104e-03,7.929060375317931175e-04
3.279009580612182617e+00,1.828855037689208984e+00,4.052120208740234375e+00,9.999976754188537598e-01,-4.546238342300057411e-04,2.083554631099104881e-03,2.758408954832702875e-04
1.229645609855651855e+00,7.195195674896240234e+00,3.800055265426635742e+00,9.999998807907104492e-01,-2.370794536545872688e-04,-2.979877463076263666e-04,-4.752721579279750586e-04
6.060519814491271973e-01,2.916146993637084961e+00,2.392973899841308594e+00,9.999998211860656738e-01,-9.456765110371634364e-05,5.882777040824294090e-04,-3.295593487564474344e-04
2.985980510711669922e+00,6.695104122161865234e+00,2.177442789077758789e+00,9.999976754188537598e-01,-3.170790296280756593e-05,-2.180792391300201416e-03,2.438832416373770684e-05
1.763145804405212402e+00,4.682697296142578125e+00,2.736618280410766602e+00,1.000000000000000000e+00,-3.201746221748180687e-05,7.237344834720715880e-05,-8.205918129533529282e-05
6.445832729339599609e+00,7.194240093231201172e+00,3.249386548995971680e+00,9.999749660491943359e-01,-3.816158743575215340e-03,-5.436369217932224274e-03,-2.452853135764598846e-03
4.896448612213134766e+00,6.181789398193359375e+00,3.946414709091186523e+00,1.000000000000000000e+00,-1.737510174280032516e-04,7.944263779791072011e-05,2.753628650680184364e-04
6.904597759246826172e+00,7.402009487152099609e+00,7.349068164825439453e+00,9.999999403953552246e-01,-1.511138543719425797e-04,3.762900596484541893e-04,2.745496458373963833e-04
6.788890361785888672e+00,5.065946102142333984e+00,5.816421031951904297e+00,9.999978542327880859e-01,-1.089411438442766666e-03,5.816426128149032593e-04,1.685809926129877567e-03
3.483624935150146484e+00,7.275125980377197266e+00,6.805029869079589844e+00,9.999985098838806152e-01,-1.568364910781383514e-03,-4.455763264559209347e-04,-7.105820695869624615e-04
5.200563907623291016e+00,4.345207214355468750e+00,4.505337238311767578e+00,1.000000000000000000e+00,8.824572432786226273e-05,-4.195643996354192495e-04,-4.276705294614657760e-05
2.684949338436126709e-01,1.200736522674560547e+00,2.191653966903686523e+00,9.998607039451599121e-01,6.270586978644132614e-03,-3.573702415451407433e-03,-1.505211554467678070e-02
5.719596385955810547e+00,5.104559421539306641e+00,1.176624894142150879e+00,9.999966621398925781e-01,2.528226934373378754e-03,-5.201909807510674000e-04,-4.022122084279544652e-05
3.742908000946044922e+00,1.788321852684020996e+00,3.959393739700317383e+00,9.999999403953552246e-01,7.654653745703399181e-05,3.632502339314669371e-04,3.620600036811083555e-04
6.291580200195312500e+00,3.740250349044799805e+00,3.857270479202270508e+00,9.999984502792358398e-01,-7.073140004649758339e-04,1.198330428451299667e-03,-1.130328979343175888e-03
2.425075054168701172e+00,1.379295825958251953e+00,2.174772500991821289e+00,9.999957084655761719e-01,-1.240245881490409374e-03,-2.648675115779042244e-03,-1.334599801339209080e-04
6.121080875396728516e+00,6.220278143882751465e-01,7.188810825347900391e+00,1.000000000000000000e+00,2.756290268735028803e-05,7.095917680999264121e-06,-3.831072244793176651e-04
2.497814893722534180e+00,5.486239910125732422e+00,1.895574450492858887e+00,9.999949932098388672e-01,-7.454102160409092903e-04,1.120649976655840874e-03,2.890826668590307236e-03
4.561860561370849609e+00,3.350702524185180664e+00,3.760092973709106445e+00,1.000000000000000000e+00,2.236814034404233098e-04,7.153704791562631726e-05,7.175106293288990855e-05
5.982929706573486328e+00,3.533703327178955078e+00,2.184314489364624023e+00,9.999998211860656738e-01,4.353006661403924227e-04,-5.179514409974217415e-04,8.237317524617537856e-05
5.752785205841064453e+00,6.543067932128906250e+00,6.455571651458740234e+00,9.999994635581970215e-01,-2.841489913407713175e-04,5.395893240347504616e-04,-8.841048111207783222e-04
3.419243812561035156e+00,3.268846988677978516e+00,7.275075912475585938e+00,9.999989271163940430e-01,6.239743670448660851e-04,-1.275187241844832897e-03,-4.641067062038928270e-04
3.417153596878051758e+00,2.864725828170776367e+00,4.656132221221923828e+00,9.998675584793090820e-01,7.310821674764156342e-04,3.089769044890999794e-03,1.596627198159694672e-02
4.477749347686767578e+00,5.783680438995361328e+00,5.278695106506347656e+00,9.999649524688720703e-01,1.846155268140137196e-03,-5.839884281158447266e-03,-5.715066101402044296e-03
3.175931692123413086e+00,4.390565395355224609e+00,1.411024451255798340e+00,9.999449253082275391e-01,-6.099819671362638474e-03,6.140245124697685242e-03,-5.932321306318044662e-03
5.271936893463134766e+00,3.233701705932617188e+00,1.417261600494384766e+00,9.999998807907104492e-01,1.419707550667226315e-04,4.387848603073507547e-04,3.548453096300363541e-04
6.832280635833740234e+00,2.915309667587280273e-01,7.579767704010009766e-01,9.999988079071044922e-01,-1.348118821624666452e-04,5.462825065478682518e-04,1.460892381146550179e-03
5.513377189636230469e+00,2.470290422439575195e+00,6.619822502136230469e+00,9.999998807907104492e-01,-1.466338726459071040e-04,2.222997318312991410e-05,-5.390727310441434383e-04
1.843904137611389160e+00,5.670652866363525391e+00,2.558649539947509766e+00,9.999998211860656738e-01,-5.722909700125455856e-04,-3.456484118942171335e-04,-8.598780550528317690e-05
1.130697607994079590e+00,6.508257389068603516e+00,1.539129614830017090e+00,9.999989271163940430e-01,1.112693105824291706e-03,-9.879854042083024979e-04,-1.001931013888679445e-05
4.655384063720703125e+00,6.146250724792480469e+00,7.404466152191162109e+00,9.999983310699462891e-01,1.743261236697435379e-03,2.629785740282386541e-04,-6.428731139749288559e-04
4.497056484222412109e+00,4.636375427246093750e+00,6.252738952636718750e+00,9.999985694885253906e-01,-1.659534871578216553e-03,3.832688671536743641e-04,2.737617760431021452e-04
1.100685119628906250e+00,1.477919697761535645e+00,2.421552419662475586e+00,9.998146891593933105e-01,-1.113573648035526276e-02,-3.751693991944193840e-03,1.524653099477291107e-02
2.369329929351806641e+00,3.933578968048095703e+00,3.621521711349487305e+00,9.999305009841918945e-01,6.110187154263257980e-03,4.011473152786493301e-03,-9.259180165827274323e-03
5.506776809692382812e+00,5.731847763061523438e+00,3.615796089172363281e+00,9.999998211860656738e-01,-6.597228930331766605e-04,1.745660847518593073e-04,-6.366044090100331232e-06
7.051917076110839844e+00,3.478841543197631836e+00,5.729058265686035156e+00,9.999825954437255859e-01,-4.323697648942470551e-03,3.369939280673861504e-03,-2.197623718529939651e-03
4.533615112304687500e+00,4.162145614624023438e+00,2.083691596984863281e+00,9.999997019767761230e-01,-7.778118597343564034e-04,-1.851531123975291848e-04,-1.781531755113974214e-04
1.083927631378173828e+00,2.833028316497802734e+00,2.425042867660522461e+00,9.999822378158569336e-01,3.022699384018778801e-03,2.374121919274330139e-03,-4.560540430247783661e-03
3.494012117385864258e+00,2.670416116714477539e+00,1.806126832962036133e+00,9.999990463256835938e-01,8.532533538527786732e-04,-8.597359410487115383e-04,7.176087237894535065e-04
1.888636827468872070e+00,3.037879705429077148e+00,7.378587722778320312e+00,9.999977350234985352e-01,-6.076451973058283329e-04,-2.001776127144694328e-03,-3.909789375029504299e-04
2.345826864242553711e+00,1.363460540771484375e+00,1.280954957008361816e+00,9.999993443489074707e-01,1.059173722751438618e-03,-2.258183376397937536e-04,5.142416339367628098e-04
6.120431423187255859e+00,7.073476314544677734e+00,1.817090988159179688e+00,9.999992251396179199e-01,8.729778928682208061e-04,-9.067472419701516628e-04,3.611748979892581701e-04
7.001021862030029297e+00,8.473591208457946777e-01,4.430358886718750000e+00,9.999999403953552246e-01,3.656285407487303019e-04,5.526258519239490852e-06,-3.066710196435451508e-04
6.444962978363037109e+00,5.353651523590087891e+00,2.166360616683959961e+00,9.999985098838806152e-01,-1.609534774615895003e-05,-1.642753602936863899e-03,5.474684876389801502e-04
4.007462024688720703e+00,3.825982570648193359e+00,1.968725204467773438e+00,9.999983310699462891e-01,2.977263648062944412e-04,-1.828115433454513550e-03,-1.213591458508744836e-04
3.920145928859710693e-01,1.887301802635192871e+00,3.875742435455322266e+00,9.999997615814208984e-01,8.698803867446258664e-05,-3.397170221433043480e-04,-7.160337409004569054e-04
2.560588359832763672e+00,2.464819431304931641e+00,5.563591957092285156e+00,9.999988675117492676e-01,1.289412728510797024e-03,-2.311449206899851561e-04,6.963847554288804531e-04
4.017044305801391602e-01,1.508816719055175781e+00,5.009279251098632812e+00,9.999827146530151367e-01,-2.636470366269350052e-03,3.519987221807241440e-04,5.247063469141721725e-03
5.444535255432128906e+00,6.358665823936462402e-01,3.548932075500488281e+00,9.999682307243347168e-01,1.476517645642161369e-04,7.915458641946315765e-03,9.307361324317753315e-04
2.055060863494873047e+00,5.389684200286865234e+00,5.466007232666015625e+00,9.999888539314270020e-01,2.052215393632650375e-03,2.431037835776805878e-03,3.492578631266951561e-03
2.169924259185791016e+00,3.215290069580078125e+00,2.499194860458374023e+00,9.999995827674865723e-01,-6.513166008517146111e-04,-2.822021087922621518e-05,-7.287252228707075119e-04
3.536655902862548828e+00,4.837687492370605469e+00,3.653976440429687500e+00,1.000000000000000000e+00,-2.427432627882808447e-04,2.937832032330334187e-04,3.403157506909337826e-07
3.703250885009765625e+00,7.255816459655761719e+00,5.929183959960937500e+00,1.000000000000000000e+00,8.049770985962823033e-05,-1.548136642668396235e-04,3.398487751837819815e-04
5.761465072631835938e+00,4.403077125549316406e+00,7.104615688323974609e+00,9.999998807907104492e-01,2.604304609121754766e-05,5.326168611645698547e-04,3.859612334053963423e-04
4.798710823059082031e+00,5.343030452728271484e+00,4.906483650207519531e+00,9.999997615814208984e-01,-1.946862175827845931e-04,-5.459323292598128319e-04,-1.606708974577486515e-04
2.100267171859741211e+00,5.075885057449340820e-01,4.405377388000488281e+00,9.999996423721313477e-01,5.089240730740129948e-04,-7.173546473495662212e-04,2.633857657201588154e-04
4.432960987091064453e+00,5.297720432281494141e+00,6.088781356811523438e+00,9.999864697456359863e-01,-4.659361671656370163e-03,9.650126448832452297e-04,-2.094106515869498253e-03
5.491322517395019531e+00,2.748869180679321289e+00,1.508804559707641602e+00,9.999985694885253906e-01,6.090989336371421814e-04,-1.091902377083897591e-03,1.151273143477737904e-03
7.498022556304931641e+00,3.883187770843505859e+00,1.165464282035827637e+00,9.999954700469970703e-01,-6.614275625906884670e-04,-1.323982141911983490e-03,-2.614748198539018631e-03
3.815724849700927734e+00,5.280004501342773438e+00,4.203841209411621094e+00,9.999959468841552734e-01,-1.148995710536837578e-03,-2.611907664686441422e-03,2.622045576572418213e-04
6.413357257843017578e+00,2.187257289886474609e+00,7.348481655120849609e+00,9.999997019767761230e-01,-6.200841744430363178e-04,-1.091576341423206031e-04,5.876116920262575150e-04
2.434185445308685303e-01,6.903483867645263672e+00,2.048828601837158203e+00,1.000000000000000000e+00,1.882469223346561193e-04,1.125825438066385686e-04,-1.343261101283133030e-04
2.942452192306518555e+00,4.715671062469482422e+00,5.143106937408447266e+00,9.999997615814208984e-01,6.183914956636726856e-04,4.390510730445384979e-04,5.476742080645635724e-05
3.351231336593627930e+00,4.118026793003082275e-01,1.477885842323303223e+00,9.999972581863403320e-01,-1.301642740145325661e-03,-1.684634597040712833e-03,-1.049733604304492474e-03
7.171496391296386719e+00,1.714791178703308105e+00,5.541780471801757812e+00,1.000000000000000000e+00,9.720619709696620703e-05,-7.630897016497328877e-05,-1.298531133215874434e-04
3.616251468658447266e+00,6.121993064880371094e-02,4.927877426147460938e+00,9.999971389770507812e-01,4.969558212906122208e-04,-2.006256021559238434e-03,-1.249447115696966648e-03
1.679028153419494629e+00,1.383577227592468262e+00,4.117082118988037109e+00,9.999932646751403809e-01,1.308918232098221779e-03,-1.498036901466548443e-03,3.097111359238624573e-03
1.854859232902526855e+00,6.980816841125488281e+00,6.756499767303466797e+00,9.999887943267822266e-01,-3.071458195336163044e-04,2.129892818629741669e-03,-4.218013025820255280e-03
5.098896026611328125e+00,7.112115383148193359e+00,5.813850402832031250e+00,9.999898672103881836e-01,-3.516883822157979012e-03,2.688442589715123177e-03,8.535044617019593716e-04
4.434779167175292969e+00,3.194545954465866089e-02,4.625414311885833740e-01,9.999098181724548340e-01,4.456105176359415054e-03,1.191611494868993759e-02,4.308112896978855133e-03
2.949715375900268555e+00,2.968362092971801758e+00,2.792660713195800781e+00,9.999957084655761719e-01,1.571046770550310612e-03,2.361716702580451965e-03,-6.968980305828154087e-04
3.053185939788818359e+00,4.327849864959716797e+00,3.284069299697875977e+00,9.999991655349731445e-01,9.983087657019495964e-04,-3.322920529171824455e-04,8.287796517834067345e-04
6.585236191749572754e-01,2.849120140075683594e+00,3.127072572708129883e+00,9.999994635581970215e-01,2.585181791801005602e-04,-8.511896012350916862e-04,5.997451371513307095e-04
2.312944412231445312e+00,2.344713687896728516e+00,1.481834292411804199e+00,9.999986290931701660e-01,1.134726480813696980e-04,-4.655247030314058065e-04,-1.599197043105959892e-03
1.055263757705688477e+00,2.759354829788208008e+00,1.060480713844299316e+00,9.999996423721313477e-01,-8.669790113344788551e-04,1.992837060242891312e-04,1.699806743999943137e-04
1.757874965667724609e+00,3.174957275390625000e+00,7.636294960975646973e-01,9.999997615814208984e-01,1.473098236601799726e-04,7.660745759494602680e-04,-5.798024358227849007e-05
3.189984858036041260e-01,4.090222358703613281e+00,4.874204158782958984e+00,9.999715089797973633e-01,-2.038903068751096725e-03,7.224881555885076523e-03,8.342806249856948853e-04
3.081709444522857666e-01,1.391860127449035645e+00,7.053749561309814453e+00,9.998998641967773438e-01,-1.376335415989160538e-02,5.661101895384490490e-04,3.248121589422225952e-03
5.976921081542968750e+00,4.526184499263763428e-01,6.097986698150634766e-01,9.999998807907104492e-01,-5.044030840508639812e-04,-2.510807244107127190e-04,1.947414857568219304e-04
4.602707386016845703e+00,7.089232444763183594e+00,9.475590586662292480e-01,9.999843239784240723e-01,-8.554732194170355797e-04,-2.367369830608367920e-03,4.998848307877779007e-03
1.793536067008972168e+00,1.238809227943420410e+00,3.185191392898559570e+00,9.999994635581970215e-01,2.848062422344810329e-06,3.708802396431565285e-04,-1.034633954986929893e-03
4.514758110046386719e+00,6.329691410064697266e-01,1.061002135276794434e+00,9.999756813049316406e-01,-1.981981797143816948e-03,-3.103540744632482529e-03,-5.924655590206384659e-03
2.661981344223022461e+00,3.945841789245605469e+00,4.052921772003173828e+00,9.999994635581970215e-01,9.625361417420208454e-05,1.046898309141397476e-03,-2.113448135787621140e-04
2.084973096847534180e+00,6.988427162170410156e+00,2.474063634872436523e+00,9.999995827674865723e-01,6.731840549036860466e-04,6.549254758283495903e-04,2.288023242726922035e-04
6.752622127532958984e+00,7.749475240707397461e-01,2.690870285034179688e+00,9.999999403953552246e-01,-1.793103438103571534e-04,1.425868395017459989e-04,4.130463057663291693e-04
4.783366203308105469e+00,6.182248115539550781e+00,5.318310260772705078e+00,9.999988675117492676e-01,6.904921028763055801e-04,-1.346843549981713295e-03,-3.792212519329041243e-04
2.953201532363891602e+00,5.991131305694580078e+00,5.855937957763671875e+00,9.999976158142089844e-01,-1.706908456981182098e-03,4.189708561170846224e-04,-1.359881716780364513e-03
3.625950813293457031e+00,5.729646205902099609e+00,3.227117776870727539e+00,9.999999403953552246e-01,-2.234541316283866763e-04,-2.696508890949189663e-04,-1.388654782203957438e-04
2.236168384552001953e+00,5.904415130615234375e+00,5.290254116058349609e+00,9.999992847442626953e-01,8.832818712107837200e-04,8.043344714678823948e-04,2.807583950925618410e-04
8.529051393270492554e-02,1.561947703361511230e+00,4.185578346252441406e+00,1.000000000000000000e+00,3.711677272804081440e-04,-1.825701838242821395e-05,5.821076047141104937e-05
3.262476682662963867e+00,5.858103752136230469e+00,6.166185379028320312e+00,9.999991655349731445e-01,-1.337200752459466457e-03,5.001352838007733226e-05,-2.068541944026947021e-04
2.165465354919433594e+00,3.782714843750000000e+00,9.808841347694396973e-01,9.999958276748657227e-01,-1.955143670784309506e-04,1.523522892966866493e-03,2.459075534716248512e-03
6.259841918945312500e+00,1.803096890449523926e+00,5.154062747955322266e+00,1.000000000000000000e+00,4.801907562068663538e-05,6.385940650943666697e-05,-2.243331691715866327e-04
2.287579536437988281e+00,5.758754253387451172e+00,4.156497001647949219e+00,1.000000000000000000e+00,-1.250239583896473050e-04,-1.299731229664757848e-04,8.507751772413030267e-05
3.448054313659667969e+00,8.225850462913513184e-01,7.165965080261230469e+00,1.000000000000000000e+00,-2.095806848956272006e-04,3.124208014924079180e-04,4.895448364550247788e-05
7.126516819000244141e+00,7.502964138984680176e-01,4.918403625488281250e+00,9.999998211860656738e-01,-2.149696774722542614e-05,-2.257355517940595746e-04,-6.731828325428068638e-04
6.212307453155517578e+00,4.523324012756347656e+00,1.735066771507263184e+00,9.999998807907104492e-01,3.570865374058485031e-04,1.945554104167968035e-04,4.031833086628466845e-04
5.502488136291503906e+00,3.031223535537719727e+00,4.904078483581542969e+00,9.999989271163940430e-01,1.370815094560384750e-03,-4.566636634990572929e-04,-4.527614510152488947e-04
2.551632881164550781e+00,6.070441722869873047e+00,3.661324024200439453e+00,9.999999403953552246e-01,-2.694286522455513477e-04,3.811923379544168711e-04,-2.463800046825781465e-05
3.797743558883666992e+00,8.017601966857910156e-01,4.088745117187500000e-01,1.000000000000000000e+00,1.680219138506799936e-04,4.006256931461393833e-04,1.295950187341077253e-05
2.007599115371704102e+00,4.086033999919891357e-02,2.162108898162841797e+00,9.999998807907104492e-01,4.603218112606555223e-04,1.970724260900169611e-04,-3.053795126106706448e-06
4.737489223480224609e+00,3.619877099990844727e+00,5.169649600982666016e+00,9.999992251396179199e-01,5.390723817981779575e-04,-1.066807890310883522e-03,-3.488008806016296148e-04
1.466350913047790527e+00,1.439146637916564941e+00,3.535036087036132812e+00,9.999997615814208984e-01,2.870458411052823067e-04,-1.679048000369220972e-04,-5.788154667243361473e-04
6.189234733581542969e+00,5.973153114318847656e+00,3.984934568405151367e+00,9.999964237213134766e-01,-1.007063619908876717e-04,9.261230006814002991e-04,2.501492854207754135e-03
6.734598636627197266e+00,4.329343318939208984e+00,5.998632431030273438e+00,1.000000000000000000e+00,-5.042769043939188123e-05,-9.509566552878823131e-06,2.933277573902159929e-04
6.862960338592529297e+00,2.225243806838989258e+00,1.256228804588317871e+00,1.000000000000000000e+00,1.001970013021491468e-04,1.678003463894128799e-04,3.723343252204358578e-04
3.479461431503295898e+00,7.953150272369384766e-01,1.961723685264587402e+00,9.999998211860656738e-01,-4.225700686220079660e-04,3.997032399638555944e-05,-5.481837433762848377e-04
1.120534777641296387e+00,6.000748157501220703e+00,3.772012472152709961e+00,9.999995827674865723e-01,-3.176920581609010696e-04,3.135155420750379562e-04,8.697690791450440884e-04
1.079859375953674316e+00,6.050789833068847656e+00,1.014173269271850586e+00,9.999997615814208984e-01,4.463806399144232273e-04,-5.510709015652537346e-04,4.278020060155540705e-05
5.768908500671386719e+00,1.860841870307922363e+00,6.027211189270019531e+00,9.999994039535522461e-01,-5.857755313627421856e-04,-5.650168750435113907e-04,8.005676208995282650e-04
6.625576972961425781e+00,1.303367495536804199e+00,1.798616170883178711e+00,9.999998211860656738e-01,6.585962837561964989e-04,2.629983355291187763e-04,-1.325290795648470521e-04
4.215723991394042969e+00,5.193737030029296875e+00,6.937604546546936035e-01,9.999997019767761230e-01,4.890993586741387844e-04,-3.145954542560502887e-05,6.656943005509674549e-04
3.568813323974609375e+00,4.186469554901123047e+00,4.402041435241699219e+00,1.000000000000000000e+00,1.789337838999927044e-04,8.415381307713687420e-05,5.765779496869072318e-05
4.542273521423339844e+00,1.933978199958801270e+00,1.105714678764343262e+00,9.998859167098999023e-01,1.246769796125590801e-03,-6.729337386786937714e-03,-1.346635911613702774e-02
3.364659547805786133e-01,5.069795608520507812e+00,4.555634498596191406e+00,9.999993443489074707e-01,-4.973360337316989899e-04,4.224886070005595684e-04,9.906135965138673782e-04
7.333967685699462891e+00,1.411542743444442749e-01,3.848198056221008301e-01,9.999769330024719238e-01,-6.189263891428709030e-03,8.390903822146356106e-04,-2.663456834852695465e-03
5.008761882781982422e+00,3.942425489425659180e+00,5.600860595703125000e+00,9.999990463256835938e-01,7.329963846132159233e-04,-7.643629214726388454e-04,9.005924221128225327e-04
7.454063415527343750e+00,7.119839191436767578e+00,3.922218084335327148e-01,9.999468922615051270e-01,-2.369474386796355247e-03,-8.213293738663196564e-03,5.756567232310771942e-03
2.741989374160766602e+00,2.761434793472290039e+00,5.055620670318603516e+00,9.999983310699462891e-01,-4.293432866688817739e-04,1.586263766512274742e-03,8.546918979845941067e-04
1.929875850677490234e+00,2.850742101669311523e+00,5.857219099998474121e-01,9.999995827674865723e-01,-7.666001911275088787e-04,-8.046987204579636455e-05,6.412750226445496082e-04
4.860743522644042969e+00,3.531097412109375000e+00,3.912787675857543945e+00,1.000000000000000000e+00,2.161260490538552403e-04,-4.932237425236962736e-05,-1.226969179697334766e-04
1.250440478324890137e-01,5.327880978584289551e-01,4.885838508605957031e+00,9.999999403953552246e-01,-3.443646419327706099e-04,2.585706824902445078e-04,-6.891365046612918377e-06
5.729192256927490234e+00,3.697895050048828125e+00,1.641283631324768066e+00,9.999920129776000977e-01,-2.457864815369248390e-03,-3.039096773136407137e-04,-3.147342009469866753e-03
4.508916378021240234e+00,6.242947578430175781e+00,5.578119277954101562e+00,9.999982714653015137e-01,1.740251784212887287e-03,6.037182756699621677e-04,3.760987310670316219e-04
6.886656761169433594e+00,3.401611328125000000e+00,4.099818468093872070e-01,9.999998211860656738e-01,-2.836093481164425611e-04,5.944964359514415264e-04,1.589085586601868272e-04
7.609404921531677246e-01,7.346088886260986328e+00,1.472733259201049805e+00,9.999995827674865723e-01,-8.396647172048687935e-04,4.081144870724529028e-04,1.221991115016862750e-04
2.694199323654174805e+00,7.194396018981933594e+00,6.966830730438232422e+00,9.997937679290771484e-01,-6.413810187950730324e-04,-1.967771723866462708e-02,4.987491760402917862e-03
7.020555973052978516e+00,5.251423358917236328e+00,6.277784824371337891e+00,1.000000000000000000e+00,-3.025720943696796894e-04,-1.124795453506521881e-04,-2.331584255443885922e-04
7.057383060455322266e+00,6.014581203460693359e+00,1.957511067390441895e+00,9.999998211860656738e-01,3.105777432210743427e-04,5.467222654260694981e-04,-1.535610499558970332e-04
3.419352054595947266e+00,2.096917152404785156e+00,1.075528979301452637e+00,9.999999403953552246e-01,3.977874875999987125e-04,-6.148350075818598270e-05,3.249409492127597332e-04
7.385485649108886719e+00,7.385549545288085938e+00,3.039572477340698242e+00,9.999998211860656738e-01,-1.717507402645424008e-04,-5.855000345036387444e-04,2.363861422054469585e-04
4.985675811767578125e-01,1.648297071456909180e+00,7.451800823211669922e+00,9.999994635581970215e-01,1.374513085465878248e-04,3.505974600557237864e-04,-1.018926152028143406e-03
3.109350502490997314e-01,2.113212585449218750e+00,1.762738704681396484e+00,9.999998211860656738e-01,-3.211814910173416138e-04,-5.637248395942151546e-04,5.071748819318599999e-05
6.438368320465087891e+00,2.928622253239154816e-02,2.472253590822219849e-01,9.999997615814208984e-01,-7.197048980742692947e-04,-2.391407615505158901e-04,-1.796997935343824793e-06
3.794816017150878906e+00,4.072904884815216064e-01,1.121682405471801758e+00,9.999993443489074707e-01,6.535879219882190228e-04,-9.666000260040163994e-04,1.323362084804102778e-04
4.773657798767089844e+00,5.874947071075439453e+00,2.419309854507446289e+00,9.999977946281433105e-01,1.552012981846928596e-03,1.198185025714337826e-03,-7.221382693387567997e-04
1.486626744270324707e+00,1.915475368499755859e+00,3.525937795639038086e+00,9.999998211860656738e-01,2.472921623848378658e-04,-2.014892525039613247e-04,-5.678758025169372559e-04
3.253230810165405273e+00,4.239923655986785889e-01,7.169782161712646484e+00,9.999992251396179199e-01,-1.278962008655071259e-03,-1.654839479670044966e-06,2.023491542786359787e-04
5.827671527862548828e+00,4.292755126953125000e+00,1.264862179756164551e+00,9.999994039535522461e-01,-9.394277003593742847e-04,6.186180398799479008e-04,3.081522299908101559e-04
6.076498985290527344e+00,2.191874027252197266e+00,1.072177886962890625e+00,9.999932050704956055e-01,-2.455760259181261063e-04,2.920848317444324493e-03,2.239177003502845764e-03
6.049679279327392578e+00,1.508926868438720703e+00,1.608993053436279297e+00,9.999644756317138672e-01,6.183088757097721100e-03,4.302066750824451447e-03,-3.791700815781950951e-03
3.951754331588745117e+00,6.312990665435791016e+00,2.331801652908325195e+00,9.999997615814208984e-01,6.404232699424028397e-04,1.826750667532905936e-04,2.873738994821906090e-04
3.636286497116088867e+00,3.732904434204101562e+00,1.982009887695312500e+00,9.999991059303283691e-01,7.611800683662295341e-04,-1.131964963860809803e-03,1.985909766517579556e-04
5.604323863983154297e+00,6.170477867126464844e+00,6.480199337005615234e+00,9.999880194664001465e-01,5.273576243780553341e-04,4.280096982256509364e-05,-4.861574154347181320e-03
3.593341827392578125e+00,6.969553470611572266e+00,4.461369514465332031e+00,9.999998807907104492e-01,1.125046110246330500e-04,-3.266007115598767996e-04,4.154952475801110268e-04
5.331120491027832031e+00,6.249259948730468750e+00,6.704534292221069336e-01,9.999948740005493164e-01,2.004616428166627884e-03,1.555943628773093224e-03,-1.932606101036071777e-03
8.311710953712463379e-01,2.554915189743041992e+00,6.389053344726562500e+00,9.999992847442626953e-01,-6.887924973852932453e-04,1.014916691929101944e-03,-5.469865573104470968e-05
4.572528362274169922e+00,7.334978103637695312e+00,2.930279493331909180e+00,9.999923110008239746e-01,-2.825939329341053963e-03,-2.727652201429009438e-03,3.167808245052583516e-05
5.529010295867919922e+00,5.018977165222167969e+00,3.460256099700927734e+00,9.999964833259582520e-01,-1.013403991237282753e-03,-2.352296374738216400e-03,6.640196079388260841e-04
2.518210887908935547e+00,2.824965000152587891e+00,7.361829757690429688e+00,9.999991059303283691e-01,-8.082271669991314411e-04,9.308541775681078434e-04,4.648227768484503031e-04
2.714583277702331543e-02,5.594027042388916016e+00,2.612283825874328613e-01,9.999993443489074707e-01,6.132344133220613003e-04,-1.032745232805609703e-03,1.225376618094742298e-04
1.264892101287841797e+00,6.818256378173828125e-01,5.207054615020751953e+00,1.000000000000000000e+00,-2.702189376577734947e-04,-1.230453053722158074e-04,-1.931585575221106410e-05
2.400733470916748047e+00,4.207927703857421875e+00,5.775271415710449219e+00,9.999994635581970215e-01,-7.056078175082802773e-04,-2.115156094077974558e-04,-7.998907240107655525e-04
6.029293537139892578e-01,6.835832118988037109e+00,6.698035240173339844e+00,9.999991655349731445e-01,-1.294811809202656150e-04,9.710177546367049217e-04,-8.407548884861171246e-04
1.689465284347534180e+00,2.317360877990722656e+00,2.077235221862792969e+00,9.999985098838806152e-01,1.692934310995042324e-03,-4.917621263302862644e-04,1.793225528672337532e-04
6.916188597679138184e-01,5.425054430961608887e-01,1.196253299713134766e-01,9.999998807907104492e-01,3.674379258882254362e-04,3.775696968659758568e-04,-3.564065264072269201e-04
6.937546730041503906e+00,1.664196699857711792e-01,3.907391130924224854e-01,9.999971985816955566e-01,-1.944294897839426994e-03,8.645521011203527451e-04,1.096736057661473751e-03
1.619819402694702148e+00,4.930149078369140625e+00,2.147886514663696289e+00,9.999988675117492676e-01,-6.183697259984910488e-04,-1.267248997464776039e-03,-5.791118601337075233e-04
4.912788391113281250e+00,2.684103965759277344e+00,1.985410928726196289e+00,9.999999403953552246e-01,2.395916089881211519e-04,3.968012460973113775e-04,3.195996105205267668e-04
1.102187633514404297e+00,6.684660911560058594e-02,1.217080473899841309e+00,9.999997615814208984e-01,1.222292339662089944e-04,-2.726626989897340536e-04,-7.219309918582439423e-04
4.050095081329345703e+00,8.423950672149658203e-01,3.981444120407104492e+00,9.999998807907104492e-01,-2.078512334264814854e-04,-9.756313374964520335e-05,-5.165256443433463573e-04
2.836791515350341797e+00,6.076356887817382812e+00,9.313867688179016113e-01,9.999988079071044922e-01,8.614347898401319981e-04,1.164684188552200794e-03,5.322049255482852459e-04
1.814498901367187500e+00,7.141502857208251953e+00,5.829732418060302734e-01,9.999987483024597168e-01,1.071163453161716461e-03,8.929169271141290665e-04,8.282538619823753834e-04
7.279488563537597656e+00,5.658071517944335938e+00,4.227975368499755859e+00,1.000000000000000000e+00,-1.047203186317346990e-04,2.631135284900665283e-04,-1.123708898376207799e-06
6.573585510253906250e+00,3.587105989456176758e+00,4.020596027374267578e+00,9.999997019767761230e-01,5.562819751503411680e-06,-2.369393187109380960e-04,-7.908088155090808868e-04
2.484103679656982422e+00,1.000104069709777832e+00,2.196229219436645508e+00,9.999994039535522461e-01,4.894893500022590160e-04,-8.866161224432289600e-04,4.947968991473317146e-04
3.543618679046630859e+00,6.387359619140625000e+00,1.432412862777709961e+00,1.000000000000000000e+00,-1.981154637178406119e-04,-1.455775782233104110e-04,2.396963536739349365e-04
6.846592903137207031e+00,5.372525215148925781e+00,7.173674583435058594e+00,9.999999403953552246e-01,3.321989497635513544e-04,1.259704004041850567e-05,-4.186292353551834822e-04
5.344731807708740234e+00,4.582933425903320312e+00,6.604547977447509766e+00,9.999992251396179199e-01,9.965422796085476875e-04,-1.548363070469349623e-04,8.043174166232347488e-04
6.880848884582519531e+00,4.389541149139404297e+00,2.664004325866699219e+00,9.999999403953552246e-01,4.310362273827195168e-04,1.392684498568996787e-04,-2.384533581789582968e-04
1.252082586288452148e-01,2.147216320037841797e+00,3.321560919284820557e-01,9.999999403953552246e-01,-6.239073991309851408e-05,-8.355401951121166348e-05,-4.646031302399933338e-04
4.040567398071289062e+00,4.477853298187255859e+00,6.840730190277099609e+00,9.999998807907104492e-01,-1.713604433462023735e-04,4.050817806273698807e-04,-4.245129530318081379e-04
9.701411128044128418e-01,5.170292854309082031e+00,4.475507259368896484e+00,9.999257326126098633e-01,4.014221951365470886e-03,-8.044128306210041046e-03,-8.227390237152576447e-03
4.618260383605957031e+00,1.746180534362792969e+00,3.190910577774047852e+00,9.999999403953552246e-01,1.561677636345848441e-04,3.634374588727951050e-04,-2.793507301248610020e-04
6.389659404754638672e+00,6.451608180999755859e+00,3.514913320541381836e-01,9.999998211860656738e-01,4.255477979313582182e-04,-1.519295910838991404e-04,-5.254013813100755215e-04
2.352258920669555664e+00,5.202429771423339844e+00,2.020006895065307617e+00,9.999997615814208984e-01,-4.298062995076179504e-04,-3.227339475415647030e-04,-4.916419275104999542e-04
4.202488899230957031e+00,7.051198005676269531e+00,5.112212181091308594e+00,9.999876022338867188e-01,4.839913453906774521e-03,3.345375298522412777e-04,-1.172758871689438820e-03
7.070634841918945312e+00,3.425079584121704102e+00,3.021516799926757812e+00,9.999999403953552246e-01,-3.197650949005037546e-04,-3.443146124482154846e-05,-3.510461538098752499e-04
2.577372789382934570e+00,7.791788578033447266e-01,3.369641065597534180e+00,9.999477267265319824e-01,1.740167965181171894e-03,2.180023351684212685e-03,-9.845064952969551086e-03
8.107209801673889160e-01,6.827323913574218750e+00,3.902159035205841064e-01,9.999933838844299316e-01,1.918241265229880810e-03,-3.058544825762510300e-03,4.439816111698746681e-04
4.004863739013671875e+00,2.290917634963989258e+00,5.924080371856689453e+00,9.999862909317016602e-01,-4.415538627654314041e-03,-3.675332991406321526e-04,-2.805898431688547134e-03
6.943359851837158203e+00,7.435491681098937988e-01,5.713865756988525391e+00,9.998263716697692871e-01,-6.180567201226949692e-03,-1.549165602773427963e-02,-8.308003656566143036e-03
4.030678749084472656e+00,1.922272205352783203e+00,3.633740425109863281e+00,9.999971389770507812e-01,1.478976570069789886e-03,-1.189960166811943054e-03,-1.464006723836064339e-03
2.499254465103149414e+00,4.655116081237792969e+00,2.337000370025634766e+00,9.999997615814208984e-01,-2.032221818808466196e-04,-6.889638025313615799e-04,-3.524545754771679640e-04
6.648931980133056641e+00,7.310894489288330078e+00,5.813027381896972656e+00,1.000000000000000000e+00,-2.602273598313331604e-04,-2.082720584439812228e-06,1.448455877834931016e-04
1.749681711196899414e+00,4.198907852172851562e+00,7.347672462463378906e+00,9.999811053276062012e-01,1.050033140927553177e-03,5.314655601978302002e-03,2.904566237702965736e-03
5.520430088043212891e+00,2.840618371963500977e+00,6.755183219909667969e+00,9.999946355819702148e-01,-1.570599735714495182e-03,-2.834713784977793694e-03,-6.020066794008016586e-04
3.499463319778442383e+00,7.179807186126708984e+00,4.766879081726074219e+00,9.999994039535522461e-01,6.720662931911647320e-04,-1.119852531701326370e-04,9.072854882106184959e-04
7.136365890502929688e+00,3.994691848754882812e+00,6.371868133544921875e+00,9.999996423721313477e-01,4.906299873255193233e-04,7.538308855146169662e-04,-9.261189552489668131e-05
2.138546258211135864e-01,3.339923620223999023e+00,3.650341331958770752e-01,9.999985098838806152e-01,8.018771768547594547e-04,1.386292511597275734e-03,-7.095093606039881706e-04
2.354037761688232422e+00,5.131754875183105469e+00,5.384442806243896484e+00,9.999796748161315918e-01,-6.756660295650362968e-04,-2.674538409337401390e-03,-5.755185149610042572e-03
7.290553092956542969e+00,6.757143974304199219e+00,1.262073755264282227e+00,1.000000000000000000e+00,4.115999618079513311e-04,1.401743938913568854e-04,3.298902811366133392e-05
3.217521667480468750e+00,2.123412787914276123e-01,5.614787101745605469e+00,9.999967217445373535e-01,-1.325579942204058170e-04,4.450482665561139584e-04,2.522419439628720284e-03
5.718618392944335938e+00,2.567047834396362305e+00,6.318443775177001953e+00,9.999999403953552246e-01,-3.276066854596138000e-04,3.625729295890778303e-04,-5.671427516062976792e-06
6.056075572967529297e+00,3.966019868850708008e+00,7.376083850860595703e+00,9.999997615814208984e-01,-4.695795068982988596e-04,-3.873902605846524239e-04,2.797623455990105867e-04
3.527716398239135742e+00,8.719387650489807129e-01,4.254139423370361328e+00,9.999983310699462891e-01,-1.394600694766268134e-04,-1.605188706889748573e-03,-9.204291854985058308e-04
6.695084571838378906e+00,2.028439044952392578e+00,7.927967905998229980e-01,1.000000000000000000e+00,2.142660669051110744e-04,-1.892630825750529766e-05,3.352472558617591858e-04
3.586440086364746094e+00,7.434586048126220703e+00,5.266807079315185547e+00,9.999989271163940430e-01,2.061025952571071684e-05,1.340259099379181862e-03,7.032796274870634079e-04
6.330529451370239258e-01,6.981723785400390625e+00,5.387017726898193359e+00,1.000000000000000000e+00,-7.033842848613858223e-05,2.072866045637056231e-04,-5.026269718655385077e-05
4.416697025299072266e+00,6.776566982269287109e+00,6.653100490570068359e+00,9.999995827674865723e-01,-9.339199168607592583e-04,-1.730514195514842868e-04,2.257183950860053301e-04
7.332683563232421875e+00,1.554656267166137695e+00,3.508087873458862305e+00,9.999159574508666992e-01,-2.380122430622577667e-03,-1.170663442462682724e-02,-5.037022288888692856e-03
4.386508941650390625e+00,6.572578430175781250e+00,5.122912526130676270e-01,1.000000000000000000e+00,1.470500137656927109e-04,-2.977260737679898739e-04,1.151592077803798020e-04
5.402388095855712891e+00,4.658600807189941406e+00,4.160806655883789062e+00,9.999993443489074707e-01,5.304582300595939159e-04,-5.840074154548346996e-04,-8.242189651355147362e-04
6.521799564361572266e+00,3.186101198196411133e+00,9.537093043327331543e-01,9.999999403953552246e-01,4.573425030685029924e-05,1.590913452673703432e-04,5.266300868242979050e-04
7.494396686553955078e+00,1.712872236967086792e-01,6.446183204650878906e+00,9.999998807907104492e-01,-6.011815858073532581e-04,-6.172011489979922771e-05,-2.360846119699999690e-04
6.767111301422119141e+00,5.511963844299316406e+00,3.872093677520751953e+00,9.999995231628417969e-01,2.807901473715901375e-04,9.789643809199333191e-04,7.323396130232140422e-05
4.710591316223144531e+00,4.653033733367919922e+00,2.944507122039794922e+00,9.999999403953552246e-01,-2.912891213782131672e-04,-6.715903873555362225e-05,4.109555156901478767e-04
2.649787664413452148e+00,6.846467971801757812e+00,6.452468395233154297e+00,9.998465776443481445e-01,-4.648715723305940628e-03,1.183846499770879745e-02,-1.204725913703441620e-02
9.247053861618041992e-01,3.277082681655883789e+00,4.919674873352050781e+00,9.999928474426269531e-01,-9.383737342432141304e-04,-3.079900052398443222e-03,1.993054989725351334e-03
6.493865013122558594e+00,9.436579346656799316e-01,6.760356903076171875e+00,9.999956488609313965e-01,-2.673433300515171140e-06,-2.955354750156402588e-03,2.283908688696101308e-04
5.827774524688720703e+00,2.655208110809326172e-01,7.353413581848144531e+00,9.999999403953552246e-01,-4.662836727220565081e-04,8.950394840212538838e-05,7.023382204351946712e-05
2.855575561523437500e+00,5.092392444610595703e+00,1.308784961700439453e+00,1.000000000000000000e+00,3.683552204165607691e-04,2.999304706463590264e-05,-1.610053877811878920e-04
2.545652389526367188e+00,3.378683090209960938e+00,1.417119860649108887e+00,1.000000000000000000e+00,-3.009045321960002184e-04,-2.370404981775209308e-04,-1.873574510682374239e-04
2.148220062255859375e+00,2.881574869155883789e+00,2.592765092849731445e+00,9.999979138374328613e-01,1.698120031505823135e-03,2.553414669819176197e-04,1.167513662949204445e-03
8.695556521415710449e-01,6.531262397766113281e+00,2.161253452301025391e+00,9.999998807907104492e-01,-2.251275582239031792e-04,-4.829719546250998974e-04,1.057600238709710538e-04
2.854610919952392578e+00,4.893689155578613281e+00,8.609450459480285645e-01,1.000000000000000000e+00,1.744634791975840926e-04,-2.095567324431613088e-04,-1.375795545754954219e-04
6.972825527191162109e+00,9.525750279426574707e-01,4.616280794143676758e-01,9.999992847442626953e-01,5.449508898891508579e-05,1.191384857520461082e-03,-3.376281529199331999e-04
4.830118179321289062e+00,3.604085683822631836e+00,3.034376621246337891e+00,9.999998211860656738e-01,3.754867066163569689e-05,-7.148572476580739021e-04,7.288729102583602071e-05
3.537655115127563477e+00,3.338748216629028320e+00,3.553653955459594727e+00,9.999954104423522949e-01,-1.642093528062105179e-03,2.463319804519414902e-03,6.925337365828454494e-04
5.706385612487792969e+00,3.404253959655761719e+00,5.388388156890869141e+00,9.999663829803466797e-01,5.049435887485742569e-03,7.156470092013478279e-04,-6.420933641493320465e-03
6.170620441436767578e+00,6.491971969604492188e+00,7.393338203430175781e+00,9.999985694885253906e-01,1.544412691146135330e-03,5.821756785735487938e-04,-4.850068653468042612e-04
6.493471622467041016e+00,7.190639972686767578e+00,9.480417966842651367e-01,9.999994039535522461e-01,2.454135101288557053e-04,-7.028891122899949551e-04,-8.345833048224449158e-04
1.161326169967651367e+00,2.391155004501342773e+00,1.204554557800292969e+00,9.999956488609313965e-01,1.812111731851473451e-04,-5.143183516338467598e-04,2.918738173320889473e-03
3.738674163818359375e+00,5.923610210418701172e+00,5.786004066467285156e+00,9.999998807907104492e-01,-4.327142960391938686e-04,-2.421980607323348522e-04,3.654019965324550867e-04
3.109748601913452148e+00,5.124097824096679688e+00,2.475520372390747070e+00,9.999927878379821777e-01,-3.683712799102067947e-03,7.316771661862730980e-04,-5.788801354356110096e-04
4.359391689300537109e+00,1.577814221382141113e+00,6.302373886108398438e+00,9.999881386756896973e-01,1.721782609820365906e-03,3.168953116983175278e-03,3.291787812486290932e-03
6.247101306915283203e+00,5.604381084442138672e+00,1.730597376823425293e+00,9.999998807907104492e-01,5.250684916973114014e-04,1.648033648962154984e-04,-2.899406827054917812e-04
3.158922433853149414e+00,6.227833628654479980e-01,5.197379589080810547e+00,9.999995231628417969e-01,-4.287189221940934658e-05,1.043704687617719173e-03,2.409467197139747441e-05
9.955508708953857422e-01,3.603655099868774414e+00,1.430732011795043945e+00,1.000000000000000000e+00,-9.319278615294024348e-05,-3.046196361538022757e-04,8.377336780540645123e-05
8.119168281555175781e-01,3.506961822509765625e+00,1.160116672515869141e+00,9.999998211860656738e-01,-1.239490375155583024e-04,-3.945655189454555511e-04,5.588008207269012928e-04
1.234862327575683594e+00,7.482221126556396484e+00,5.205065250396728516e+00,1.000000000000000000e+00,1.367127115372568369e-04,-2.131295623257756233e-04,-1.454381854273378849e-04
2.952912807464599609e+00,1.622916162014007568e-01,3.501638174057006836e+00,1.000000000000000000e+00,1.436588354408740997e-04,2.208845835411921144e-04,3.818214754574000835e-04
4.629336357116699219e+00,2.467416286468505859e+00,2.431154251098632812e+00,9.999985098838806152e-01,1.322122523561120033e-03,7.340209558606147766e-04,-9.049499640241265297e-04
7.454070091247558594e+00,6.067782402038574219e+00,3.452995061874389648e+00,9.999996423721313477e-01,2.313352597411721945e-04,-1.545292179798707366e-04,8.868442382663488388e-04
6.208972454071044922e+00,4.151912927627563477e-01,1.268218040466308594e+00,9.999973773956298828e-01,1.961580710485577583e-04,-2.247608732432126999e-03,5.209534429013729095e-04
4.921873092651367188e+00,7.455860137939453125e+00,7.039679527282714844e+00,9.999637603759765625e-01,-6.954200100153684616e-03,-3.519123652949929237e-03,3.417874686419963837e-03
1.684481978416442871e+00,5.070363998413085938e+00,2.524252891540527344e+00,9.999998807907104492e-01,-3.604027733672410250e-04,-5.184980691410601139e-04,-1.244173326995223761e-04
2.092283725738525391e+00,1.655910611152648926e+00,8.613041043281555176e-01,9.999987483024597168e-01,8.724381332285702229e-04,-1.303869066759943962e-03,4.257307737134397030e-04
3.719095706939697266e+00,1.015396833419799805e+00,2.997072219848632812e+00,9.999987483024597168e-01,-5.681036855094134808e-04,-4.983172984793782234e-04,-1.425022725015878677e-03
5.154865264892578125e+00,1.605336740612983704e-02,7.958164811134338379e-01,9.999489188194274902e-01,-3.832000307738780975e-03,-9.284575469791889191e-03,-1.138459541834890842e-03
3.837758302688598633e+00,5.298971176147460938e+00,4.523544311523437500e+00,9.999949932098388672e-01,-2.025650814175605774e-03,-2.447094302624464035e-03,1.788031368050724268e-04
2.239584922790527344e+00,2.548300743103027344e+00,7.383097648620605469e+00,9.999999403953552246e-01,-3.708433650899678469e-04,2.674758725333958864e-04,2.037327358266338706e-04
4.372237682342529297e+00,4.497992515563964844e+00,3.600264072418212891e+00,1.000000000000000000e+00,-2.524834708310663700e-04,-1.540187513455748558e-04,1.167606606031768024e-04
1.586221694946289062e+00,1.797126889228820801e+00,4.282602310180664062e+00,9.996565580368041992e-01,-1.408676523715257645e-02,1.447694003582000732e-02,-1.669892482459545135e-02
4.979304790496826172e+00,6.910187244415283203e+00,4.295068264007568359e+00,9.999617338180541992e-01,6.859188899397850037e-03,-1.948655582964420319e-03,5.075766704976558685e-03
2.740977287292480469e+00,7.054407119750976562e+00,6.676408290863037109e+00,9.999177455902099609e-01,-1.221169903874397278e-02,3.813228802755475044e-03,-9.310725145041942596e-04
4.962395668029785156e+00,5.078298568725585938e+00,5.638617038726806641e+00,9.999978542327880859e-01,1.005238853394985199e-03,9.486866474617272615e-05,1.838848111219704151e-03
7.362640380859375000e+00,5.486243247985839844e+00,6.637277126312255859e+00,9.999998807907104492e-01,1.642436291149351746e-05,-4.546094569377601147e-04,-1.959244837053120136e-04
1.558670401573181152e+00,3.541802644729614258e+00,4.604815959930419922e+00,9.999976754188537598e-01,-5.863229744136333466e-04,2.117129974067211151e-03,-2.126623985532205552e-05
7.039989471435546875e+00,2.244171649217605591e-01,4.668132305145263672e+00,1.000000000000000000e+00,1.594196946825832129e-04,-1.505204563727602363e-04,-1.330886589130386710e-04
1.329314231872558594e+00,4.870164394378662109e+00,2.490810155868530273e+00,9.999977350234985352e-01,-5.415669875219464302e-05,-2.071532187983393669e-03,-6.398635450750589371e-04
2.252590894699096680e+00,5.656227111816406250e+00,6.627420902252197266e+00,9.999999403953552246e-01,-2.362235973123461008e-04,-2.510863123461604118e-04,-3.472988901194185019e-04
2.553262472152709961e+00,7.194696426391601562e+00,3.892830908298492432e-01,9.998700022697448730e-01,6.862985435873270035e-03,-8.788801729679107666e-03,-1.165311504155397415e-02
4.614149570465087891e+00,3.406286954879760742e+00,1.711639046669006348e+00,9.999998807907104492e-01,1.436405091226333752e-05,1.051493309205397964e-04,6.272719474509358406e-04
2.420821972191333771e-02,7.381891727447509766e+00,1.629224896430969238e+00,9.999998807907104492e-01,-5.895178765058517456e-04,1.402138586854562163e-04,-8.668842201586812735e-05
1.739231944084167480e+00,1.713531732559204102e+00,3.036201238632202148e+00,9.999996423721313477e-01,2.342289953958243132e-04,4.858204047195613384e-04,-6.753609050065279007e-04
6.880952358245849609e+00,4.755155086517333984e+00,5.921429634094238281e+00,9.999994635581970215e-01,-3.694124752655625343e-04,8.740494376979768276e-05,1.015541143715381622e-03
3.449254512786865234e+00,5.790750503540039062e+00,7.234967231750488281e+00,9.999962449073791504e-01,2.591719850897789001e-03,-4.579562228173017502e-04,-7.297394913621246815e-04
1.179169535636901855e+00,5.685338497161865234e+00,2.402702569961547852e+00,9.999997019767761230e-01,-3.208616981282830238e-04,-5.561091238632798195e-04,5.313121364451944828e-04
3.700830221176147461e+00,5.859095573425292969e+00,5.068339824676513672e+00,9.998568892478942871e-01,6.215710192918777466e-03,-1.506378175690770149e-03,1.566091179847717285e-02
6.363025665283203125e+00,5.726375579833984375e+00,6.076284408569335938e+00,9.999989271163940430e-01,-2.667677181307226419e-04,9.357595117762684822e-04,-1.092459424398839474e-03
2.053560972213745117e+00,3.575049713253974915e-02,5.215864181518554688e+00,9.999996423721313477e-01,4.959989455528557301e-04,-6.913812831044197083e-05,7.617913070134818554e-04
2.216802358627319336e+00,4.129443168640136719e+00,6.058691024780273438e+00,9.999608993530273438e-01,-1.552578411065042019e-03,9.350784239359200001e-05,-8.711310103535652161e-03
4.088541030883789062e+00,3.525690555572509766e+00,1.791551411151885986e-01,9.999998211860656738e-01,8.764060476096346974e-05,-2.730594715103507042e-04,6.541368784382939339e-04
3.741213321685791016e+00,2.159244775772094727e+00,6.165984153747558594e+00,9.999520778656005859e-01,7.949963212013244629e-03,-2.671291818842291832e-03,5.061334464699029922e-03
7.220940589904785156e+00,1.397446036338806152e+00,2.775409460067749023e+00,9.999983310699462891e-01,-3.432542143855243921e-04,1.783227315172553062e-03,-3.864910104312002659e-04
4.242590665817260742e-01,7.484788894653320312e+00,5.090287208557128906e+00,1.000000000000000000e+00,6.886285700602456927e-05,2.409330227237660438e-05,3.614782472141087055e-04
6.618996620178222656e+00,4.913088321685791016e+00,1.889326095581054688e+00,9.999982714653015137e-01,1.435216749086976051e-03,1.201447332277894020e-03,3.144408692605793476e-04
7.764037847518920898e-01,5.898586750030517578e+00,3.591492652893066406e+00,9.999933242797851562e-01,3.206758992746472359e-03,-9.458149434067308903e-04,-1.514485920779407024e-03
2.509567499160766602e+00,6.407954096794128418e-01,7.241131305694580078e+00,9.999996423721313477e-01,9.062389726750552654e-04,6.730643690389115363e-06,-2.260662149637937546e-04
4.504532814025878906e+00,1.688868403434753418e+00,6.742513179779052734e+00,9.999997019767761230e-01,-7.260887650772929192e-04,-2.007122529903426766e-04,-3.704311966430395842e-04
5.336704850196838379e-01,4.484830379486083984e+00,7.433449745178222656e+00,9.999997019767761230e-01,4.215274529997259378e-04,-3.087533696088939905e-04,-6.354795186780393124e-04
3.341058254241943359e+00,1.977030515670776367e+00,6.112346053123474121e-01,9.999999403953552246e-01,5.068570608273148537e-04,-7.510970317525789142e-05,1.248702319571748376e-04
1.933419942855834961e+00,6.836127281188964844e+00,3.850058078765869141e+00,9.999986886978149414e-01,-1.170132774859666824e-03,2.425951824989169836e-04,1.065225224010646343e-03
6.145536899566650391e+00,5.219666481018066406e+00,5.330636501312255859e+00,9.999967813491821289e-01,2.057124627754092216e-03,-1.380414585582911968e-03,5.381955998018383980e-04
7.023111343383789062e+00,1.942157506942749023e+00,2.640976667404174805e+00,9.999997615814208984e-01,6.490665837191045284e-04,-3.125036600977182388e-04,2.063285210169851780e-04
7.266933917999267578e+00,6.062952995300292969e+00,4.995428562164306641e+00,9.999997019767761230e-01,-8.349433774128556252e-04,-3.276245115557685494e-05,2.243480048491619527e-05
1.771112561225891113e+00,7.144315719604492188e+00,7.456655502319335938e+00,9.999994039535522461e-01,4.682906728703528643e-04,9.943648474290966988e-04,3.268564469181001186e-04
2.361841678619384766e+00,4.752928256988525391e+00,5.799093723297119141e+00,9.999949932098388672e-01,-1.009719213470816612e-03,1.924129901453852654e-03,2.329427283257246017e-03
4.837852954864501953e+00,6.480981349945068359e+00,4.950885295867919922e+00,9.999660849571228027e-01,-3.950463142246007919e-03,5.946860183030366898e-03,4.125308711081743240e-03
3.447167634963989258e+00,7.261599540710449219e+00,7.406192302703857422e+00,9.999992847442626953e-01,-6.187761755427345634e-05,8.846681157592684031e-05,1.258861855603754520e-03
5.319358110427856445e-01,6.166075229644775391e+00,5.492183208465576172e+00,1.000000000000000000e+00,-1.821567275328561664e-04,-3.688132710522040725e-05,2.120244607795029879e-04
2.688026905059814453e+00,5.160042762756347656e+00,2.327030897140502930e+00,9.999977946281433105e-01,-1.253373804502189159e-03,5.531797069124877453e-04,1.577479648403823376e-03
3.916825294494628906e+00,7.350485771894454956e-02,6.536489486694335938e+00,9.999998211860656738e-01,-2.426378632662817836e-04,-4.709759377874433994e-04,3.289846645202487707e-04
5.825017452239990234e+00,6.467410564422607422e+00,3.113770008087158203e+00,9.999989271163940430e-01,1.356425462290644646e-03,-7.015761802904307842e-04,-5.661582690663635731e-05
3.282838106155395508e+00,2.092394351959228516e+00,3.400096178054809570e+00,9.999989867210388184e-01,-9.755268110893666744e-04,9.914233814924955368e-04,5.239396705292165279e-04
7.389866352081298828e+00,6.529880523681640625e+00,5.326095104217529297e+00,9.999332427978515625e-01,-8.386570028960704803e-03,7.844207808375358582e-03,-1.287420629523694515e-03
4.844821617007255554e-02,3.223581075668334961e+00,1.031321763992309570e+00,9.998521804809570312e-01,-1.401722710579633713e-02,-8.923921734094619751e-03,4.432487767189741135e-03
5.957991600036621094e+00,5.036134719848632812e+00,6.674800515174865723e-01,9.999997019767761230e-01,-1.673035731073468924e-04,-2.992216614075005054e-04,6.700655794702470303e-04
2.397637128829956055e+00,7.190492630004882812e+00,2.636210918426513672e+00,1.000000000000000000e+00,3.085657663177698851e-04,8.379331848118454218e-05,1.685722672846168280e-04
1.493080139160156250e+00,2.996626198291778564e-01,6.950103759765625000e+00,9.999998211860656738e-01,-1.386231742799282074e-04,4.090072179678827524e-04,4.080031067132949829e-04
1.879501700401306152e+00,2.009470224380493164e+00,7.055224180221557617e-01,9.999998807907104492e-01,3.646369732450693846e-04,-3.714381891768425703e-04,1.718586718197911978e-04
7.448225975036621094e+00,2.845306396484375000e+00,7.219678878784179688e+00,9.998998641967773438e-01,-5.371067090891301632e-04,8.601925335824489594e-03,1.122641377151012421e-02
3.763384342193603516e+00,2.240938663482666016e+00,5.174192428588867188e+00,9.999998807907104492e-01,2.407193096587434411e-05,-1.868461113190278411e-04,4.546910349745303392e-04
1.889421701431274414e+00,4.371050834655761719e+00,6.931097507476806641e+00,9.999886155128479004e-01,1.527075539343059063e-03,4.207847639918327332e-03,1.642994931899011135e-03
1.484645009040832520e+00,2.031391859054565430e+00,8.647922277450561523e-01,9.999954104423522949e-01,-2.752783941105008125e-03,-1.083055278286337852e-03,7.001506164669990540e-04
4.439057826995849609e+00,2.481665611267089844e+00,1.359020546078681946e-02,9.999957680702209473e-01,-1.934098429046571255e-03,8.303892682306468487e-04,2.028397517278790474e-03
4.091891348361968994e-01,6.260845184326171875e+00,2.850205659866333008e+00,9.999660849571228027e-01,4.029394593089818954e-03,3.796110861003398895e-03,-6.101040169596672058e-03
5.990006446838378906e+00,4.222814559936523438e+00,3.450539112091064453e-01,9.999960064888000488e-01,9.805845329537987709e-04,-2.645401051267981529e-03,-3.725978895090520382e-04
7.301582336425781250e+00,4.667962551116943359e+00,3.478397130966186523e+00,9.999994039535522461e-01,-3.300557436887174845e-04,7.850492838770151138e-04,7.906447863206267357e-04
1.661414980888366699e+00,1.998298287391662598e+00,6.656460285186767578e+00,9.999992251396179199e-01,6.444159080274403095e-04,-8.452978800050914288e-04,-7.072367006912827492e-04
5.797494411468505859e+00,1.952370762825012207e+00,3.189593315124511719e+00,9.999014735221862793e-01,1.346926297992467880e-02,3.793305484578013420e-03,1.121093519032001495e-03
1.355920076370239258e+00,5.950955867767333984e+00,2.638680219650268555e+00,9.999997615814208984e-01,-5.520321428775787354e-04,-4.794213164132088423e-04,1.671305508352816105e-04
2.321914911270141602e+00,4.954624652862548828e+00,3.901948451995849609e+00,9.999987483024597168e-01,-1.399572240188717842e-03,-7.111044833436608315e-04,4.138044605497270823e-04
2.719873189926147461e+00,6.554153442382812500e+00,5.550693035125732422e+00,1.000000000000000000e+00,8.014189370442181826e-05,1.881653588498011231e-05,-6.373487849486991763e-05
1.414638757705688477e+00,2.385597467422485352e+00,6.567029476165771484e+00,9.999995231628417969e-01,8.232200052589178085e-04,2.130147731804754585e-05,-6.098771118558943272e-04
6.186453342437744141e+00,1.229670763015747070e+00,6.044335842132568359e+00,9.999999403953552246e-01,1.627504389034584165e-04,2.924545260611921549e-04,-2.523281727917492390e-04
2.688870906829833984e+00,6.262968063354492188e+00,5.080999851226806641e+00,9.999936819076538086e-01,5.290448898449540138e-04,2.859303727746009827e-03,-2.067730762064456940e-03
8.951361477375030518e-02,5.191790103912353516e+00,7.581112384796142578e-01,9.999985694885253906e-01,1.582334050908684731e-03,4.735757829621434212e-04,5.060748662799596786e-04
6.420626640319824219e+00,3.265774250030517578e+00,6.080336093902587891e+00,9.999999403953552246e-01,-1.144122215919196606e-04,9.961990144802257419e-05,5.123426672071218491e-04
5.410108089447021484e+00,5.107965469360351562e+00,1.693714022636413574e+00,9.999961256980895996e-01,-1.131419208832085133e-03,-2.552971942350268364e-03,1.845505903474986553e-04
4.992804527282714844e+00,1.577149510383605957e+00,1.116258025169372559e+00,9.999987483024597168e-01,-4.720186989288777113e-04,1.236701849848031998e-03,9.034861577674746513e-04
6.784667372703552246e-01,6.796474456787109375e+00,1.773942589759826660e+00,1.000000000000000000e+00,3.174268931616097689e-05,-1.224828447448089719e-04,-1.237687538377940655e-04
2.246395111083984375e+00,7.096774101257324219e+00,4.335803985595703125e+00,9.999997019767761230e-01,6.268928409554064274e-04,4.266205942258238792e-04,-3.664158284664154053e-04
3.051525592803955078e+00,3.791209459304809570e+00,1.898071169853210449e+00,9.999803900718688965e-01,1.679877284914255142e-03,5.988333374261856079e-03,7.312524248845875263e-04
5.622002124786376953e+00,1.123250365257263184e+00,4.106946468353271484e+00,9.999995827674865723e-01,-6.657794001512229443e-04,7.245690212585031986e-04,-1.508827263023704290e-04
6.323872566223144531e+00,3.855831384658813477e+00,6.525120258331298828e+00,9.999999403953552246e-01,-1.020168710965663195e-04,4.378926314529962838e-05,5.250376998446881771e-04
5.294233322143554688e+00,4.330755233764648438e+00,1.042407989501953125e+00,9.999990463256835938e-01,-9.167957468889653683e-04,1.069462043233215809e-03,-3.807109533227048814e-05
6.609712600708007812e+00,9.788820743560791016e-01,7.061473369598388672e+00,9.999920725822448730e-01,-3.475856210570782423e-04,-1.107719843275845051e-03,-3.811636706814169884e-03
6.606040477752685547e+00,3.010168075561523438e+00,1.874771565198898315e-01,9.999901652336120605e-01,3.430325887165963650e-04,-4.156837239861488342e-03,1.496001030318439007e-03
1.251080393791198730e+00,3.956576347351074219e+00,5.501835346221923828e+00,9.999732971191406250e-01,8.242231560871005058e-04,7.260753773152828217e-03,3.109899989794939756e-04
2.763145923614501953e+00,1.506644845008850098e+00,4.155267179012298584e-01,9.999999403953552246e-01,3.539315075613558292e-04,-6.241311348276212811e-05,2.430411550449207425e-04
5.474137306213378906e+00,1.717917084693908691e+00,4.151790440082550049e-01,9.999998211860656738e-01,3.442421148065477610e-04,-2.183822798542678356e-04,5.900847609154880047e-04
2.110466718673706055e+00,3.703588247299194336e+00,5.745536088943481445e-01,9.999997019767761230e-01,5.779307102784514427e-04,2.130413304257672280e-05,-6.123503553681075573e-04
5.365906238555908203e+00,7.354772567749023438e+00,4.186951160430908203e+00,9.999948740005493164e-01,-1.074421219527721405e-03,2.762320917099714279e-03,1.213533105328679085e-03
1.382361412048339844e+00,7.262115478515625000e+00,4.090690135955810547e+00,9.999999403953552246e-01,1.428624527761712670e-04,5.968457116978242993e-05,-4.290668002795428038e-04
3.852606058120727539e+00,2.671334266662597656e+00,4.234655380249023438e+00,9.999976158142089844e-01,8.087169844657182693e-04,2.006333088502287865e-03,2.056765079032629728e-04
2.211179018020629883e+00,1.697928905487060547e+00,4.093797683715820312e+00,9.999967217445373535e-01,-1.247709733434021473e-04,1.409294549375772476e-03,-2.178876893594861031e-03
5.201897144317626953e+00,2.287411451339721680e+00,2.682157993316650391e+00,1.000000000000000000e+00,8.865889685694128275e-05,-8.824119868222624063e-05,-4.354966222308576107e-05
5.971673965454101562e+00,7.047808170318603516e+00,6.094923019409179688e-01,9.999999403953552246e-01,-4.298498970456421375e-04,-3.354508589836768806e-05,-1.621464616619050503e-04
2.744590520858764648e+00,4.561517238616943359e+00,1.594472646713256836e+00,9.999999403953552246e-01,3.281578756286762655e-05,-9.265979315387085080e-05,-5.111974896863102913e-04
4.636121273040771484e+00,5.023762226104736328e+00,4.998456001281738281e+00,9.999997615814208984e-01,6.381505518220365047e-04,-4.045788955409079790e-04,2.632363466545939445e-04
2.381675243377685547e+00,5.263830661773681641e+00,6.509059429168701172e+00,9.999998807907104492e-01,-1.815248833736404777e-04,5.250594695098698139e-04,-3.406237810850143433e-04
1.688930034637451172e+00,2.137942552566528320e+00,7.374852657318115234e+00,1.000000000000000000e+00,-1.011234562611207366e-04,2.557152765803039074e-04,1.639865367906168103e-04
3.000790119171142578e+00,2.906261205673217773e+00,3.426308870315551758e+00,9.998994469642639160e-01,1.397245749831199646e-02,2.260491019114851952e-03,9.292220929637551308e-04
5.810124397277832031e+00,6.932176589965820312e+00,1.779492616653442383e+00,9.999991655349731445e-01,2.670205722097307444e-04,1.903081865748390555e-04,1.271357527002692223e-03
4.907647609710693359e+00,5.967355966567993164e-01,6.094988346099853516e+00,9.999998211860656738e-01,-3.091364924330264330e-04,-5.411386373452842236e-04,3.456251870375126600e-04
1.324623346328735352e+00,1.165231943130493164e+00,7.700234055519104004e-01,9.999984502792358398e-01,-8.371490403078496456e-04,9.878596756607294083e-04,-1.259633223526179790e-03
7.164918422698974609e+00,7.285426139831542969e+00,1.698737621307373047e+00,9.999999403953552246e-01,-2.976935938932001591e-04,4.013537545688450336e-04,-2.806944830808788538e-04
3.304823637008666992e+00,1.308656573295593262e+00,4.677328586578369141e+00,9.999817609786987305e-01,4.026367329061031342e-03,-4.207015968859195709e-03,-1.583815668709576130e-03
6.643103599548339844e+00,5.947097301483154297e+00,2.056238412857055664e+00,9.999998211860656738e-01,2.209841331932693720e-04,4.281251749489456415e-04,-3.833716618828475475e-04
3.690986871719360352e+00,6.977500438690185547e+00,6.209075927734375000e+00,9.999999403953552246e-01,-2.648330410011112690e-04,-4.206577723380178213e-04,2.440918760839849710e-04
4.753649711608886719e+00,5.170401573181152344e+00,2.955713510513305664e+00,9.999988079071044922e-01,-2.909388858824968338e-04,-6.808197358623147011e-04,1.377997803501784801e-03
6.453347682952880859e+00,1.457329154014587402e+00,4.001244544982910156e+00,9.999998807907104492e-01,4.352782270871102810e-04,-2.720650809351354837e-04,1.435327867511659861e-04
2.744196891784667969e+00,4.413148403167724609e+00,6.420892238616943359e+00,9.999998807907104492e-01,-5.559124401770532131e-04,3.885829210048541427e-05,2.550146600697189569e-04
1.850494027137756348e+00,3.090773522853851318e-01,4.693987846374511719e+00,9.999998807907104492e-01,3.651549050118774176e-04,-2.205149503424763680e-04,4.359426384326070547e-04
5.262488365173339844e+00,5.664224147796630859e+00,4.495596885681152344e+00,9.999999403953552246e-01,-3.326795122120529413e-04,-3.775261866394430399e-04,1.258486445294693112e-04
2.548277854919433594e+00,7.179460048675537109e+00,7.002163678407669067e-02,9.998902082443237305e-01,-6.941556930541992188e-03,-1.291142683476209641e-02,2.196196001023054123e-03
1.506646871566772461e+00,2.299388885498046875e+00,6.144154548645019531e+00,9.999998807907104492e-01,4.563858092296868563e-04,-2.686725929379463196e-04,-3.661460359580814838e-04
2.630228996276855469e+00,5.631040573120117188e+00,4.471520423889160156e+00,9.999989867210388184e-01,-4.104247782379388809e-04,4.389817186165601015e-04,-1.331665087491273880e-03
3.850552320480346680e+00,1.874955415725708008e+00,6.546072483062744141e+00,9.999988079071044922e-01,8.191505330614745617e-04,7.961763185448944569e-04,1.079751295037567616e-03
6.614299774169921875e+00,6.754893779754638672e+00,2.303601264953613281e+00,9.998993277549743652e-01,1.122690227930434048e-04,6.564775016158819199e-03,1.257961336523294449e-02
2.835683584213256836e+00,6.017976760864257812e+00,4.702205181121826172e+00,9.999966025352478027e-01,-1.306925201788544655e-03,-9.505352936685085297e-04,-2.075087046250700951e-03
1.157153844833374023e+00,7.084282398223876953e+00,7.451584815979003906e+00,9.999955296516418457e-01,-1.496998011134564877e-03,2.558424603193998337e-03,4.537717322818934917e-04
2.353024244308471680e+00,2.049055814743041992e+00,2.834522485733032227e+00,9.999989867210388184e-01,-1.197460107505321503e-03,6.084142951294779778e-04,-4.215374065097421408e-04
3.539945840835571289e+00,7.607196569442749023e-01,3.272197246551513672e+00,9.999318122863769531e-01,3.979129251092672348e-03,-6.667505484074354172e-03,-8.730469271540641785e-03
6.375701904296875000e+00,2.034767866134643555e+00,1.899133443832397461e+00,9.999999403953552246e-01,-3.634367603808641434e-04,-3.103818162344396114e-04,-1.411198609275743365e-04
6.461000919342041016e+00,6.948571205139160156e+00,1.580188870429992676e+00,9.999755620956420898e-01,5.262871272861957550e-04,3.710316959768533707e-03,-5.915650166571140289e-03
6.399337649345397949e-01,5.607887268066406250e+00,3.377611398696899414e+00,9.997844696044921875e-01,-2.031094767153263092e-02,-2.899269107729196548e-03,-3.184922970831394196e-03
2.671998739242553711e+00,6.222799420356750488e-01,1.933843731880187988e+00,9.999998211860656738e-01,-6.548140663653612137e-05,-5.564084858633577824e-04,2.240899339085444808e-04
1.928231477737426758e+00,3.538162469863891602e+00,5.225853443145751953e+00,9.999977350234985352e-01,2.074355026707053185e-03,-1.397827581968158484e-04,5.848325672559440136e-04
6.349210262298583984e+00,2.911716103553771973e-01,3.161723375320434570e+00,1.000000000000000000e+00,-3.133826830890029669e-04,-1.330139202764257789e-04,-1.390310208080336452e-04
4.478998661041259766e+00,3.904288053512573242e+00,3.063582181930541992e+00,9.999967813491821289e-01,4.940392682328820229e-04,3.441536973696202040e-04,-2.495473949238657951e-03
6.216334700584411621e-01,1.341252207756042480e+00,6.926949024200439453e+00,9.999908208847045898e-01,-2.547513460740447044e-03,1.703834743238985538e-03,-3.009166801348328590e-03
6.857329607009887695e-01,5.640774250030517578e+00,4.570032596588134766e+00,9.999975562095642090e-01,-1.660783425904810429e-03,-3.533940471243113279e-04,1.448805560357868671e-03
5.204220294952392578e+00,4.784933090209960938e+00,5.779622554779052734e+00,9.999973177909851074e-01,2.230446320027112961e-03,4.859514301642775536e-04,4.990281304344534874e-04
1.331296086311340332e+00,4.072341918945312500e+00,4.573372840881347656e+00,9.999909400939941406e-01,-2.496004570275545120e-03,2.787849400192499161e-03,2.020551590248942375e-03
3.374823331832885742e+00,3.663926720619201660e-01,4.697995185852050781e+00,1.000000000000000000e+00,1.095464103855192661e-04,-1.415211154380813241e-04,3.363676660228520632e-05
3.172887265682220459e-01,5.352134227752685547e+00,7.084736824035644531e+00,9.999994635581970215e-01,-4.479099879972636700e-04,7.875583833083510399e-04,-6.305010756477713585e-04
7.118185043334960938e+00,7.426110267639160156e+00,2.394582748413085938e+00,1.000000000000000000e+00,2.455733774695545435e-04,1.619894464965909719e-04,1.797132863430306315e-04
2.850336551666259766e+00,6.250376224517822266e+00,7.224750518798828125e+00,9.999996423721313477e-01,1.456210593460127711e-04,-6.232482846826314926e-04,-5.249559762887656689e-04
8.961955904960632324e-01,2.776650428771972656e+00,5.340032100677490234e+00,9.999895095825195312e-01,-2.871914184652268887e-04,-1.087153097614645958e-03,4.437696188688278198e-03
5.033198833465576172e+00,2.617341756820678711e+00,3.140079677104949951e-01,9.999995827674865723e-01,5.526416352950036526e-04,4.291986115276813507e-04,-6.757616647519171238e-04
3.414322853088378906e+00,6.693225383758544922e+00,4.181267261505126953e+00,9.999933838844299316e-01,-9.054171823663637042e-05,-3.359510097652673721e-03,-1.411951961927115917e-03
2.215720891952514648e+00,3.691330909729003906e+00,4.645471096038818359e+00,9.999549984931945801e-01,8.878730237483978271e-03,3.132813842967152596e-03,1.173708704300224781e-03
1.003360986709594727e+00,2.625284910202026367e+00,4.504064559936523438e+00,9.999999403953552246e-01,2.475294750183820724e-04,3.355134685989469290e-04,-6.871104415040463209e-05
3.141387999057769775e-01,5.861093044281005859e+00,1.970868945121765137e+00,9.999995231628417969e-01,9.106604848057031631e-04,3.369616169948130846e-04,-3.361022390890866518e-04
7.430664539337158203e+00,6.536932587623596191e-01,3.437933206558227539e+00,9.999999403953552246e-01,3.201961808372288942e-04,-2.692146808840334415e-04,-1.094364270102232695e-04
6.285936832427978516e+00,4.069062232971191406e+00,2.180265426635742188e+00,9.999822974205017090e-01,-5.114811938256025314e-03,1.892892410978674889e-03,-2.381765283644199371e-03
6.683058738708496094e+00,1.331472098827362061e-01,7.085107803344726562e+00,9.999999403953552246e-01,-2.676695585250854492e-04,-2.500752161722630262e-04,1.883415534393861890e-04
5.276601314544677734e+00,1.931563019752502441e+00,1.198476433753967285e+00,9.999886751174926758e-01,-3.524031955748796463e-03,-2.878736937418580055e-03,1.389760640449821949e-03
3.197578191757202148e+00,7.400287628173828125e+00,3.975784063339233398e+00,9.999994635581970215e-01,1.022310694679617882e-03,2.369860012549906969e-04,3.770188195630908012e-04
5.187523365020751953e+00,2.792952358722686768e-01,2.815293312072753906e+00,9.999996423721313477e-01,-4.937133053317666054e-04,6.850524223409593105e-04,6.902001132402801886e-06
2.987595558166503906e+00,3.247932910919189453e+00,5.845747947692871094e+00,9.999985694885253906e-01,9.734220802783966064e-04,3.164782247040420771e-04,1.363830058835446835e-03
2.488665342330932617e+00,4.776503562927246094e+00,3.042289316654205322e-01,9.999999403953552246e-01,8.103340951493009925e-05,-4.290647921152412891e-04,-1.480943174101412296e-04
3.565436124801635742e+00,1.184327244758605957e+00,5.766385555267333984e+00,9.999957084655761719e-01,1.890994841232895851e-03,-1.734637771733105183e-03,1.459115999750792980e-03
1.064185500144958496e+00,3.415473699569702148e+00,4.028009891510009766e+00,9.999988079071044922e-01,8.745125378482043743e-04,-2.485991863068193197e-04,-1.293351408094167709e-03
1.228797197341918945e+00,8.498902320861816406e-01,4.166537284851074219e+00,9.999998807907104492e-01,5.461673135869204998e-04,2.767182013485580683e-04,2.117500262102112174e-04
9.295529723167419434e-01,9.326783418655395508e-01,6.491325855255126953e+00,1.000000000000000000e+00,9.509910159977152944e-05,-2.464627323206514120e-04,1.131324897869490087e-04
2.706147909164428711e+00,7.163547039031982422e+00,3.121532678604125977e+00,9.999942183494567871e-01,-1.068766927346587181e-03,2.765374956652522087e-03,-1.710428507067263126e-03
3.802292823791503906e+00,3.515588521957397461e+00,3.576335906982421875e+00,9.999945759773254395e-01,-1.760173006914556026e-03,2.230133162811398506e-03,1.678204745985567570e-03
2.406173944473266602e+00,4.628765106201171875e+00,4.216804504394531250e+00,9.998703598976135254e-01,-5.584812257438898087e-03,-5.188764072954654694e-03,1.418802421540021896e-02
7.113114356994628906e+00,6.939871311187744141e+00,4.173050880432128906e+00,9.999974370002746582e-01,2.050414215773344040e-03,6.016629049554467201e-05,-9.328576852567493916e-04
5.690912723541259766e+00,1.232990741729736328e+00,6.726646423339843750e+00,9.999995231628417969e-01,2.371156442677602172e-04,2.475228393450379372e-04,-1.006046775728464127e-03
2.129164218902587891e+00,8.793580532073974609e-01,3.721995353698730469e-01,1.000000000000000000e+00,2.516789245419204235e-04,5.995555329718627036e-05,1.348057558061555028e-04
1.310374736785888672e+00,5.509496212005615234e+00,2.793295383453369141e+00,9.999997019767761230e-01,-4.059089405927807093e-04,-5.406410782597959042e-04,5.403368268162012100e-04
4.171977519989013672e+00,3.215401887893676758e+00,6.052437782287597656e+00,9.999980330467224121e-01,1.876386930234730244e-03,-1.093551472877152264e-04,7.598736556246876717e-04
8.751903176307678223e-01,3.059156894683837891e+00,2.189120531082153320e+00,9.999997019767761230e-01,-6.317677907645702362e-04,-4.966932465322315693e-04,1.600703835720196366e-04
4.564404785633087158e-01,6.716052532196044922e+00,1.325017809867858887e+00,1.000000000000000000e+00,3.276722563896328211e-04,-1.217467433889396489e-04,-5.897570190427359194e-06
1.542387127876281738e+00,3.154087364673614502e-01,5.137007236480712891e+00,1.000000000000000000e+00,6.372170173563063145e-05,-7.241307321237400174e-05,1.155017162091098726e-04
6.030722141265869141e+00,2.002373218536376953e+00,8.946439623832702637e-02,9.999998211860656738e-01,2.625016204547137022e-04,-1.575070491526275873e-04,6.239252397790551186e-04
1.159625768661499023e+00,7.874168753623962402e-01,2.602633953094482422e+00,9.999970197677612305e-01,4.327139758970588446e-04,-6.296184437815099955e-05,-2.432937268167734146e-03
1.688238620758056641e+00,3.713825225830078125e+00,1.615192294120788574e+00,9.999999403953552246e-01,-9.856513497652485967e-05,-1.003784273052588105e-04,-4.200512485112994909e-04
5.768026351928710938e+00,6.585048884153366089e-02,2.518138885498046875e-01,9.999996423721313477e-01,-8.403627434745430946e-04,-3.208317793905735016e-04,-1.869998668553307652e-04
3.085602998733520508e+00,9.157859086990356445e-01,6.398024559020996094e+00,9.999999403953552246e-01,-1.393082493450492620e-04,4.911537980660796165e-04,2.670187495823483914e-05
4.350808143615722656e+00,1.837922334671020508e+00,5.059956073760986328e+00,9.999998807907104492e-01,2.239037276012822986e-04,-4.296656406950205564e-04,-1.857689640019088984e-04
2.259456396102905273e+00,6.987541675567626953e+00,1.540149331092834473e+00,9.999312758445739746e-01,-6.008874624967575073e-03,-2.755907131358981133e-03,9.685664437711238861e-03
1.080828905105590820e+00,4.166412830352783203e+00,4.997829914093017578e+00,9.999929666519165039e-01,-6.503079785034060478e-04,-3.114685183390974998e-03,-2.021732041612267494e-03
2.996338605880737305e+00,2.942044496536254883e+00,6.414830207824707031e+00,9.999992847442626953e-01,-9.771344484761357307e-04,-8.287476521218195558e-05,-7.606931612826883793e-04
1.543082118034362793e+00,4.550458431243896484e+00,6.600052356719970703e+00,9.999982714653015137e-01,-1.078716246411204338e-03,1.318995375186204910e-03,8.107813191600143909e-04
3.224062204360961914e+00,2.692540407180786133e+00,5.407898902893066406e+00,9.999966621398925781e-01,-1.717340084724128246e-03,1.728356699459254742e-03,9.061024175025522709e-04
1.218994379043579102e+00,1.938681602478027344e+00,2.685350894927978516e+00,9.999532103538513184e-01,-5.258881952613592148e-03,-8.001679554581642151e-03,-1.434387988410890102e-03
5.804616928100585938e+00,7.173778057098388672e+00,4.952142715454101562e+00,9.999994039535522461e-01,9.266196284443140030e-04,6.477390998043119907e-04,-1.205606604344211519e-04
6.395147442817687988e-01,5.425034523010253906e+00,1.342171132564544678e-01,9.999976158142089844e-01,-1.680243993178009987e-03,-8.928355528041720390e-04,-1.158473780378699303e-03
2.435000419616699219e+00,7.387878894805908203e+00,9.921628236770629883e-01,9.999984502792358398e-01,-3.108418022748082876e-04,-1.661833608523011208e-03,6.328269373625516891e-04
2.416914463043212891e+00,6.451784610748291016e+00,6.621361255645751953e+00,9.999911785125732422e-01,-3.057899884879589081e-03,-2.273313468322157860e-03,-1.751343137584626675e-03
2.994560718536376953e+00,2.517055034637451172e+00,1.493770003318786621e+00,9.999997019767761230e-01,6.091878749430179596e-04,-2.642737526912242174e-04,5.667987279593944550e-04
4.734634876251220703e+00,4.228596210479736328e+00,6.099515914916992188e+00,9.999995231628417969e-01,8.983738371171057224e-05,6.139269098639488220e-04,8.406420820392668247e-04
2.364205837249755859e+00,3.135545253753662109e+00,1.981577634811401367e+00,9.999992847442626953e-01,-9.050444932654500008e-04,-9.731895261211320758e-05,-8.360493229702115059e-04
4.166825771331787109e+00,3.181483745574951172e+00,6.943389892578125000e+00,9.999760389328002930e-01,5.243842955678701401e-03,3.739434061571955681e-03,-2.530605299398303032e-03
4.427820682525634766e+00,3.001789093017578125e+00,6.885119915008544922e+00,9.999402165412902832e-01,-1.046447362750768661e-02,2.558371284976601601e-03,-1.880945404991507530e-03
2.671706676483154297e+00,6.776288509368896484e+00,7.222264289855957031e+00,9.999962449073791504e-01,1.549275941215455532e-03,-2.242197282612323761e-03,-3.185638634022325277e-04
6.137460708618164062e+00,4.855607509613037109e+00,1.214580893516540527e+00,9.999968409538269043e-01,2.216478344053030014e-03,-1.218029647134244442e-03,-4.839530811295844615e-05
2.893274068832397461e+00,3.717000484466552734e-01,5.093498229980468750e+00,9.999995231628417969e-01,6.047122296877205372e-04,6.875849212519824505e-04,3.590721171349287033e-04
2.345167398452758789e+00,8.536719083786010742e-01,6.193813085556030273e-01,1.000000000000000000e+00,8.504425932187587023e-05,-1.923358213389292359e-04,2.739800256676971912e-04
6.203754901885986328e+00,1.645734190940856934e+00,2.232602357864379883e+00,9.999765753746032715e-01,-5.368884652853012085e-03,-3.563182428479194641e-03,2.323539927601814270e-03
2.370109319686889648e+00,3.284321069717407227e+00,3.877465963363647461e+00,1.000000000000000000e+00,-2.348700072616338730e-04,1.672897196840494871e-04,3.156942548230290413e-04
4.149338245391845703e+00,2.476766347885131836e+00,7.310992717742919922e+00,9.999812841415405273e-01,1.029313541948795319e-03,-2.761747782642487437e-05,-6.040671374648809433e-03
5.735837459564208984e+00,3.045911788940429688e+00,4.410652160644531250e+00,9.999999403953552246e-01,1.562504185130819678e-04,3.201483923476189375e-05,-4.782993346452713013e-04
5.954676151275634766e+00,6.749263405799865723e-01,5.545965671539306641e+00,1.000000000000000000e+00,1.279938005609437823e-04,6.394883530447259545e-05,1.006297025014646351e-04
3.840734004974365234e+00,4.587354362010955811e-01,8.994794636964797974e-02,9.999997615814208984e-01,-7.897125760791823268e-05,5.495422519743442535e-04,4.886488895863294601e-04
3.072490930557250977e+00,6.714542865753173828e+00,3.232680320739746094e+00,9.999996423721313477e-01,-5.773056764155626297e-04,-4.515548935160040855e-04,5.427303258329629898e-04
2.830542564392089844e+00,7.129401206970214844e+00,2.148351818323135376e-01,9.999286532402038574e-01,-5.450266879051923752e-03,-1.060482859611511230e-02,-7.019783952273428440e-04
5.310422897338867188e+00,4.372694969177246094e+00,2.807634592056274414e+00,9.999995827674865723e-01,-3.561623161658644676e-04,4.720836877822875977e-04,-7.717250846326351166e-04
3.601399660110473633e+00,4.923317432403564453e+00,3.149461746215820312e+00,1.000000000000000000e+00,-3.446075133979320526e-04,1.803781196940690279e-04,1.768084912328049541e-04
6.461536407470703125e+00,1.730172276496887207e+00,6.160192966461181641e+00,9.999994635581970215e-01,4.923903616145253181e-04,7.367949001491069794e-04,-6.040161824785172939e-04
5.174134254455566406e+00,6.707676887512207031e+00,4.557065963745117188e+00,9.999972581863403320e-01,-1.094546983949840069e-03,-2.058039885014295578e-03,3.561947669368237257e-04
2.082193195819854736e-01,1.893428206443786621e+00,5.501696109771728516e+00,9.999992251396179199e-01,1.001643948256969452e-03,-3.688546421471983194e-04,7.093341555446386337e-04
1.575557589530944824e+00,5.449431896209716797e+00,4.710191726684570312e+00,9.999999403953552246e-01,-1.163216729764826596e-04,1.306101148657035083e-05,4.641772538889199495e-04
1.548546552658081055e+00,6.377451896667480469e+00,4.876138210296630859e+00,1.000000000000000000e+00,-4.531799277174286544e-05,9.127303928835317492e-05,-1.241845075128367171e-05
9.745535850524902344e-01,1.496870994567871094e+00,1.783004403114318848e+00,9.999983310699462891e-01,1.459298306144773960e-03,3.404447634238749743e-04,-1.105954870581626892e-03
4.381904602050781250e+00,4.584548950195312500e+00,6.944722652435302734e+00,9.999994635581970215e-01,-4.198366659693419933e-04,6.528053199872374535e-04,-7.617020746693015099e-04
4.960262298583984375e+00,3.199981153011322021e-01,3.767402887344360352e+00,9.999993443489074707e-01,2.279592154081910849e-04,-1.144172856584191322e-03,-1.647203753236681223e-04
2.653557777404785156e+00,6.038176059722900391e+00,5.366765022277832031e+00,9.999991655349731445e-01,-5.354801396606490016e-05,7.982762763276696205e-04,-1.018207985907793045e-03
3.015963554382324219e+00,4.883431911468505859e+00,2.663995027542114258e+00,9.999930262565612793e-01,-3.616948612034320831e-03,8.138610282912850380e-04,-4.290629003662616014e-04
1.385081410408020020e+00,3.882606029510498047e+00,3.755833625793457031e+00,9.999923706054687500e-01,1.287763123400509357e-03,-2.626933855935931206e-03,-2.617436693981289864e-03
6.665887236595153809e-01,5.944756507873535156e+00,4.669574737548828125e+00,9.999968409538269043e-01,1.504259416833519936e-03,-1.198777346871793270e-03,1.641444629058241844e-03
3.778262615203857422e+00,1.539104223251342773e+00,5.162133216857910156e+00,9.999997615814208984e-01,5.672725383192300797e-04,-1.996635255636647344e-04,4.880432388745248318e-04
3.877902984619140625e+00,4.207527160644531250e+00,4.466925561428070068e-01,9.999997019767761230e-01,6.844990421086549759e-04,-4.752969543915241957e-04,7.378408190561458468e-05
7.030097007751464844e+00,2.862852573394775391e+00,5.804720878601074219e+00,9.999971985816955566e-01,-2.333711832761764526e-03,4.023229121230542660e-04,-2.961845311801880598e-04
4.585842132568359375e+00,6.540456771850585938e+00,8.358964920043945312e-01,9.999996423721313477e-01,6.262182141654193401e-04,7.669841579627245665e-05,-6.778242532163858414e-04
3.118037462234497070e+00,1.452890932559967041e-01,1.332833647727966309e+00,9.999868273735046387e-01,2.883234061300754547e-03,-9.091154061025008559e-05,-4.244723822921514511e-03
4.419510364532470703e+00,2.181167125701904297e+00,2.812353074550628662e-01,9.999995827674865723e-01,-3.273769398219883442e-04,9.348777821287512779e-04,2.188051730627194047e-04
3.184532642364501953e+00,1.335833191871643066e+00,5.403329372406005859e+00,9.999991655349731445e-01,5.326283862814307213e-04,1.156158861704170704e-03,4.935244214721024036e-04
5.181499958038330078e+00,2.869266510009765625e+00,1.350872278213500977e+00,9.999997615814208984e-01,2.270626573590561748e-04,-9.968857921194285154e-05,7.550296140834689140e-04
4.290110111236572266e+00,4.804093360900878906e+00,5.658215522766113281e+00,9.999990463256835938e-01,1.360255875624716282e-03,-1.595082721905782819e-04,3.550464462023228407e-04
4.262885093688964844e+00,6.397503376007080078e+00,5.347020149230957031e+00,9.999979138374328613e-01,1.753964810632169247e-03,1.031407737173140049e-03,-3.049499064218252897e-04
5.701336383819580078e+00,3.677290678024291992e-02,2.366011381149291992e+00,9.999995827674865723e-01,-6.526712677441537380e-04,6.002591107971966267e-04,-3.691297606565058231e-04
5.046106815338134766e+00,5.886672973632812500e+00,1.986101746559143066e+00,1.000000000000000000e+00,8.740837802179157734e-05,1.239867851836606860e-04,-1.692949881544336677e-04
7.328147411346435547e+00,4.922695636749267578e+00,6.199248313903808594e+00,9.999994039535522461e-01,9.077048744075000286e-04,-1.402564375894144177e-04,-7.044750964269042015e-04
4.063213348388671875e+00,2.244773149490356445e+00,3.406449794769287109e+00,9.999356269836425781e-01,-3.865427570417523384e-03,1.057409774512052536e-02,-1.451236312277615070e-03
2.271412611007690430e+00,6.090748310089111328e+00,4.123711109161376953e+00,9.999994039535522461e-01,-4.178889794275164604e-04,-1.931169681483879685e-04,-1.015382120385766029e-03
1.390955448150634766e+00,6.812977313995361328e+00,1.579114079475402832e+00,9.999900460243225098e-01,1.810954854590818286e-04,4.387533757835626602e-03,7.589631131850183010e-04
5.005098819732666016e+00,2.360907554626464844e+00,2.014618396759033203e+00,9.999998807907104492e-01,3.841002762783318758e-04,1.982842513825744390e-04,-2.475005749147385359e-04
5.513058662414550781e+00,4.879513740539550781e+00,7.244730949401855469e+00,1.000000000000000000e+00,-4.395583528093993664e-05,1.698564592516049743e-04,3.196686739102005959e-04
5.885094404220581055e-01,3.420330286026000977e+00,3.842357397079467773e+00,9.999985694885253906e-01,-9.932372486218810081e-04,-7.675071246922016144e-04,1.161140156909823418e-03
8.430520892143249512e-01,6.110366821289062500e+00,2.150799512863159180e+00,9.999988675117492676e-01,9.229108109138906002e-04,-1.194063341245055199e-03,3.948592348024249077e-04
3.420713841915130615e-01,3.732996702194213867e+00,6.766681194305419922e+00,1.000000000000000000e+00,2.584141038823872805e-04,-2.232626866316422820e-04,-2.513807849027216434e-04
2.511022329330444336e+00,2.516144037246704102e+00,6.691963672637939453e+00,9.999857544898986816e-01,-3.333293832838535309e-03,-3.223390318453311920e-03,-2.662419341504573822e-03
1.503938198089599609e+00,1.488843321800231934e+00,7.357497692108154297e+00,9.999997019767761230e-01,6.844763411208987236e-04,2.704175713006407022e-04,-4.419570905156433582e-04
3.234448909759521484e+00,1.102291822433471680e+00,7.127889156341552734e+00,1.000000000000000000e+00,-2.364116153330542147e-05,7.385272328974679112e-05,1.934252941282466054e-04
6.510336875915527344e+00,2.607624292373657227e+00,2.869488239288330078e+00,9.999958276748657227e-01,-1.370123587548732758e-03,-2.406265819445252419e-03,9.250591974705457687e-04
5.148980140686035156e+00,5.245901942253112793e-01,4.978610992431640625e+00,9.999993443489074707e-01,7.848677341826260090e-05,1.052995794452726841e-03,-4.742738383356481791e-04
3.814117908477783203e+00,6.467694282531738281e+00,3.018221378326416016e+00,9.999998807907104492e-01,-1.940642396220937371e-04,3.478563448879867792e-04,-4.199901886750012636e-04
2.278122663497924805e+00,4.531608581542968750e+00,1.701792955398559570e+00,9.999998807907104492e-01,1.901810901472344995e-04,-1.730869116727262735e-04,-4.643832508008927107e-04
3.537492752075195312e+00,1.274598479270935059e+00,5.197770595550537109e+00,9.999997615814208984e-01,2.891865442506968975e-04,3.026334452442824841e-04,5.022932309657335281e-04
9.703819751739501953e-01,4.106929302215576172e+00,3.111899137496948242e+00,9.999918937683105469e-01,3.934776410460472107e-03,-5.691464757546782494e-04,-6.600060733035206795e-04
5.625104427337646484e+00,2.164419740438461304e-02,4.097239494323730469e+00,9.999922513961791992e-01,-4.693299415521323681e-04,2.855140017345547676e-03,2.692843321710824966e-03
2.561755657196044922e+00,1.505125641822814941e+00,3.657331228256225586e+00,9.999996423721313477e-01,4.043873341288417578e-04,-7.042246870696544647e-04,4.944284446537494659e-04
6.059677124023437500e+00,2.868762969970703125e+00,6.408830165863037109e+00,9.999999403953552246e-01,1.078936256817542017e-04,-4.376219876576215029e-04,-1.479261118220165372e-04
1.936130642890930176e+00,6.507637500762939453e+00,2.256546735763549805e+00,9.999992847442626953e-01,-3.583021461963653564e-04,1.165880355983972549e-03,1.835860748542472720e-04
5.825819015502929688e+00,9.160982370376586914e-01,7.236199855804443359e+00,1.000000000000000000e+00,7.951437146402895451e-05,-9.171605051960796118e-05,-1.007321334327571094e-04
5.144827365875244141e+00,2.290469646453857422e+00,3.601574182510375977e+00,9.999998807907104492e-01,3.789345792029052973e-04,6.222830415936186910e-05,4.117138159926980734e-04
7.146625995635986328e+00,3.748774051666259766e+00,4.827518463134765625e+00,9.998375177383422852e-01,1.403180044144392014e-02,2.778417663648724556e-03,-1.097692083567380905e-02
5.085796356201171875e+00,4.852155685424804688e+00,2.901575863361358643e-01,9.999998211860656738e-01,-3.147723909933120012e-04,6.176960305310785770e-04,2.639748854562640190e-04
6.764592170715332031e+00,5.437892436981201172e+00,4.607887268066406250e+00,9.999998807907104492e-01,-5.471204058267176151e-04,1.357305591227486730e-04,1.365639618597924709e-04
5.661479473114013672e+00,2.427172660827636719e+00,5.038950443267822266e+00,9.999974370002746582e-01,-6.854568491689860821e-04,-1.394001184962689877e-03,-1.642285613343119621e-03
3.084526777267456055e+00,6.237795352935791016e+00,4.845118522644042969e-01,9.999998211860656738e-01,4.527203564066439867e-04,4.827772208955138922e-04,-1.172096890513785183e-04
1.841557145118713379e+00,6.017614364624023438e+00,5.181259155273437500e+00,9.999997019767761230e-01,-1.643010182306170464e-05,5.364138633012771606e-04,5.600346485152840614e-04
6.321407794952392578e+00,2.781389951705932617e+00,5.262035369873046875e+00,9.999999403953552246e-01,-1.958810935320798308e-05,2.673027047421783209e-04,-3.235309850424528122e-04
7.920836657285690308e-02,2.388858079910278320e+00,3.510358095169067383e+00,9.999621510505676270e-01,-4.437620518729090691e-04,2.668367000296711922e-03,8.276633918285369873e-03
5.992126941680908203e+00,1.223480701446533203e+00,3.355061531066894531e+00,1.000000000000000000e+00,-2.642814615683164448e-05,2.679614990483969450e-04,1.662480353843420744e-04
7.105639576911926270e-01,8.584593534469604492e-01,5.552370548248291016e+00,1.000000000000000000e+00,-5.526915265363641083e-05,-4.663871004595421255e-05,-5.049280662206001580e-05
4.667316913604736328e+00,5.668851375579833984e+00,6.881834864616394043e-01,9.999921321868896484e-01,3.356692148372530937e-03,-2.025271765887737274e-03,6.662760279141366482e-04
6.025520563125610352e-01,1.640272617340087891e+00,7.112384796142578125e+00,9.999970197677612305e-01,-7.151330355554819107e-04,2.158406859962269664e-04,-2.309074392542243004e-03
2.001987457275390625e+00,6.782136440277099609e+00,5.146016597747802734e+00,9.999998807907104492e-01,2.896557853091508150e-04,3.440068976487964392e-04,-3.442475572228431702e-04
3.802345395088195801e-01,3.626774072647094727e+00,1.368990819901227951e-02,9.999995231628417969e-01,1.888949918793514371e-04,-5.210745803196914494e-05,-1.005653291940689087e-03
4.876354694366455078e+00,6.769356250762939453e+00,6.932103633880615234e-01,9.999988079071044922e-01,1.311428146436810493e-03,8.727338281460106373e-04,2.803925963235087693e-05
6.955226898193359375e+00,3.732212781906127930e+00,3.352668046951293945e+00,9.999952316284179688e-01,1.616530353203415871e-03,-2.400622033746913075e-04,2.643071347847580910e-03
4.705793380737304688e+00,1.619273424148559570e+00,6.340154170989990234e+00,9.999974370002746582e-01,4.299661668483167887e-04,-1.596747781150043011e-03,-1.583273056894540787e-03
5.756654262542724609e+00,2.998839378356933594e+00,7.598397135734558105e-01,9.999814033508300781e-01,-5.772831384092569351e-03,-1.955477753654122353e-03,-4.292771045584231615e-04
2.245548926293849945e-02,4.729907512664794922e+00,6.446865558624267578e+00,9.999998211860656738e-01,5.142445443198084831e-04,2.191011153627187014e-04,3.323284327052533627e-04
2.804030656814575195e+00,7.754376530647277832e-01,5.088691711425781250e+00,9.999985098838806152e-01,-2.721007622312754393e-04,1.728343777358531952e-03,-1.191416449728421867e-04
2.858359098434448242e+00,5.064755439758300781e+00,7.407161712646484375e+00,9.999998211860656738e-01,3.006978658959269524e-04,-6.093594129197299480e-04,-1.821687765186652541e-04
5.270536422729492188e+00,1.748391747474670410e+00,3.621751785278320312e+00,9.999999403953552246e-01,-5.281668854877352715e-04,-1.551591558381915092e-04,-1.287905161007074639e-05
2.140187263488769531e+00,2.705395698547363281e+00,5.309197425842285156e+00,9.999985098838806152e-01,-9.239572100341320038e-04,-8.815754554234445095e-04,1.230440335348248482e-03
2.573115587234497070e+00,1.961643844842910767e-01,3.617225885391235352e+00,9.999989271163940430e-01,-4.434465081430971622e-04,4.379825841169804335e-04,1.368862809613347054e-03
5.473941564559936523e-01,4.026787757873535156e+00,7.324251174926757812e+00,1.000000000000000000e+00,-1.190006514661945403e-04,4.347569483797997236e-05,-3.994893340859562159e-04
5.255941390991210938e+00,1.481570482254028320e+00,5.319621562957763672e+00,1.000000000000000000e+00,1.148574956459924579e-04,-1.784060295904055238e-04,1.003885554382577538e-04
6.211907863616943359e+00,2.916796207427978516e+00,1.047362565994262695e+00,9.999994635581970215e-01,-8.604239556007087231e-04,2.559337881393730640e-04,6.555819418281316757e-04
2.054223299026489258e+00,1.124185442924499512e+00,2.129204750061035156e+00,9.999998211860656738e-01,-1.555084600113332272e-04,-3.587275932659395039e-05,-6.888616480864584446e-04
2.943869829177856445e+00,7.378854274749755859e+00,6.152048110961914062e+00,9.999986290931701660e-01,1.174097065813839436e-03,4.870894772466272116e-04,1.092561404220759869e-03
4.379258632659912109e+00,2.432184219360351562e-01,3.203658819198608398e+00,1.000000000000000000e+00,-2.081378333969041705e-04,1.863637044152710587e-05,-1.550897723063826561e-04
1.539655029773712158e-01,6.255234241485595703e+00,5.819572448730468750e+00,9.999985098838806152e-01,1.579138450324535370e-03,7.498222985304892063e-04,-3.026892954949289560e-04
2.382758617401123047e+00,2.620921134948730469e+00,2.389510393142700195e+00,9.997607469558715820e-01,9.514922276139259338e-03,3.889780957251787186e-03,-1.931025087833404541e-02
6.551405906677246094e+00,3.748934984207153320e+00,6.138169765472412109e+00,9.999999403953552246e-01,-1.547459032735787332e-05,-1.394128194078803062e-04,4.525962576735764742e-04
4.388317584991455078e+00,7.479777336120605469e+00,1.069578647613525391e+00,9.999956488609313965e-01,-6.744284764863550663e-04,-2.075569238513708115e-03,2.028001239523291588e-03
3.461838960647583008e+00,1.205036520957946777e+00,6.514528274536132812e+00,1.000000000000000000e+00,1.355843996861949563e-04,1.649795158300548792e-04,1.546060957480221987e-04
3.482670187950134277e-01,4.163439273834228516e-01,3.174036026000976562e+00,1.000000000000000000e+00,-1.519366778666153550e-04,-3.212313458789139986e-05,-1.324742770520970225e-04
2.621505022048950195e+00,5.610516548156738281e+00,3.426688432693481445e+00,1.000000000000000000e+00,-1.642769057070836425e-04,1.422368659405037761e-04,-7.105345866875723004e-05
7.416024208068847656e+00,7.401848316192626953e+00,7.228428840637207031e+00,9.999990463256835938e-01,4.997765063308179379e-04,1.316177193075418472e-03,2.855513885151594877e-04
4.989699840545654297e+00,4.172356724739074707e-01,1.470614373683929443e-01,9.999991059303283691e-01,6.434694514609873295e-04,1.191869378089904785e-03,-1.615973742445930839e-04
5.090947151184082031e-01,7.248544216156005859e+00,1.007568314671516418e-01,9.999945163726806641e-01,-2.772888401523232460e-03,1.765890279784798622e-03,-5.621467716991901398e-04
4.486738443374633789e-01,5.038980007171630859e+00,3.695964336395263672e+00,9.999995827674865723e-01,1.665602394496090710e-05,-7.145953713916242123e-04,5.367902922444045544e-04
2.579201221466064453e+00,6.189951896667480469e+00,6.190412521362304688e+00,9.999970197677612305e-01,-1.619742135517299175e-03,8.684962522238492966e-04,-1.645844080485403538e-03
6.693245887756347656e+00,7.793757319450378418e-01,1.553626537322998047e+00,9.999271035194396973e-01,-9.465362876653671265e-03,1.549395266920328140e-03,-7.340197917073965073e-03
2.683166027069091797e+00,4.024571895599365234e+00,7.474732875823974609e+00,9.999998211860656738e-01,2.963839797303080559e-04,-3.132320707663893700e-04,-5.265481886453926563e-04
4.168731689453125000e+00,5.845340251922607422e+00,2.970725595951080322e-01,1.000000000000000000e+00,4.082408850081264973e-04,1.940869406098499894e-04,-6.088694135542027652e-05
4.826772212982177734e-01,6.572869300842285156e+00,7.277943611145019531e+00,9.999979138374328613e-01,2.051638439297676086e-03,1.089646757463924587e-04,-2.429582673357799649e-04
4.703086376190185547e+00,7.161188602447509766e+00,4.522365570068359375e+00,9.999955296516418457e-01,1.972705591470003128e-03,-3.859977587126195431e-04,2.224685158580541611e-03
6.696370840072631836e-01,6.291600704193115234e+00,6.111260890960693359e+00,9.999994635581970215e-01,4.027464310638606548e-04,-5.271431291475892067e-04,8.027998846955597401e-04
2.765232920646667480e-01,2.728566884994506836e+00,6.511660099029541016e+00,9.999995827674865723e-01,-7.582915714010596275e-04,2.342894003959372640e-04,5.761800566688179970e-04
2.174106597900390625e+00,6.844258308410644531e-01,2.057784795761108398e+00,1.000000000000000000e+00,1.209542460856027901e-04,-2.521913265809416771e-04,-1.126358620240353048e-05
5.599817752838134766e+00,6.011143684387207031e+00,4.228095531463623047e+00,9.999998211860656738e-01,5.338977207429707050e-04,-4.409287066664546728e-04,-1.576786453370004892e-04
5.103431701660156250e+00,6.653539657592773438e+00,1.562118232250213623e-01,9.999997615814208984e-01,-1.231845963047817349e-04,-3.304179990664124489e-04,-6.563572096638381481e-04
6.915038824081420898e-01,5.601357221603393555e-01,3.605972766876220703e+00,1.000000000000000000e+00,3.907202699338085949e-05,-1.416178565705195069e-04,-1.467719412175938487e-04
7.135419368743896484e+00,1.219782710075378418e+00,3.768174409866333008e+00,9.999994039535522461e-01,7.300134748220443726e-04,-8.614374673925340176e-04,-3.214754769942373969e-06
3.095102548599243164e+00,5.374367237091064453e+00,5.679678440093994141e+00,9.999998807907104492e-01,1.747786736814305186e-04,3.208975249435752630e-04,4.032935539726167917e-04
8.423358798027038574e-01,1.645605206489562988e+00,5.700488686561584473e-01,9.999993443489074707e-01,4.283040470909327269e-04,7.282696897163987160e-04,-8.757573668844997883e-04
2.486125707626342773e+00,1.717142462730407715e+00,1.366439938545227051e+00,9.999960660934448242e-01,2.265129936859011650e-03,8.216305868700146675e-04,-1.471811439841985703e-03
6.820849418640136719e+00,1.976255893707275391e+00,3.541048049926757812e+00,9.999985098838806152e-01,1.377219101414084435e-03,-1.052018138580024242e-03,1.267622865270823240e-04
1.246307641267776489e-01,2.587073802947998047e+00,3.246265411376953125e+00,9.999727010726928711e-01,-2.704076236113905907e-03,5.474596284329891205e-03,4.180441144853830338e-03
4.869940280914306641e+00,1.413548588752746582e-01,4.447296142578125000e+00,9.999994635581970215e-01,3.206198744010180235e-04,-9.795784717425704002e-04,2.869974705390632153e-04
7.474166154861450195e-01,3.806594133377075195e+00,4.099098682403564453e+00,9.999865889549255371e-01,-3.673094091936945915e-03,2.739771036431193352e-03,2.415564842522144318e-03
6.888501167297363281e+00,5.779495716094970703e+00,7.642836570739746094e-01,9.999992847442626953e-01,6.915635312907397747e-04,5.394202889874577522e-05,-1.021584961563348770e-03
6.884335041046142578e+00,9.345290064811706543e-01,1.349510431289672852e+00,9.999329447746276855e-01,-8.987458422780036926e-03,1.016048365272581577e-03,-7.240854669362306595e-03
6.565726280212402344e+00,3.026206970214843750e+00,5.500143051147460938e+00,9.999997019767761230e-01,-8.375113247893750668e-04,2.051994379144161940e-04,3.724346242961473763e-05
1.366531550884246826e-01,1.281428098678588867e+00,3.999242305755615234e+00,1.000000000000000000e+00,2.756975009106099606e-04,-3.436804763623513281e-05,1.056561668519861996e-04
5.348167419433593750e-01,7.348903656005859375e+00,1.153699994087219238e+00,9.999629855155944824e-01,-7.486081216484308243e-03,2.658429555594921112e-03,-3.292300272732973099e-03
6.921550631523132324e-01,2.832628972828388214e-02,9.382200241088867188e-01,9.999628663063049316e-01,-7.471826858818531036e-03,2.876615384593605995e-03,-3.210432128980755806e-03
3.588702082633972168e-01,4.437184810638427734e+00,9.852938652038574219e-01,9.999990463256835938e-01,-9.102390031330287457e-04,-1.039094058796763420e-03,9.043491445481777191e-05
7.191359043121337891e+00,4.033070564270019531e+00,4.970314979553222656e+00,9.999161958694458008e-01,3.079144051298499107e-03,4.366425331681966782e-03,-1.179646607488393784e-02
7.317739129066467285e-01,3.679800033569335938e+00,2.314463376998901367e+00,9.999266862869262695e-01,-2.168337377952411771e-04,-1.175611931830644608e-02,-2.913733245804905891e-03
3.845834016799926758e+00,3.535784959793090820e+00,1.579459071159362793e+00,9.999997615814208984e-01,-2.541507419664412737e-04,-7.093264139257371426e-04,5.815865370095707476e-05
6.175794124603271484e+00,2.988656461238861084e-01,8.429519534111022949e-01,9.999997615814208984e-01,-6.163961370475590229e-04,4.558957589324563742e-04,-2.753355947788804770e-04
1.468653798103332520e+00,3.382819414138793945e+00,1.446935534477233887e+00,9.999999403953552246e-01,1.556176575832068920e-04,-2.445695281494408846e-04,-2.278636820847168565e-04
5.994008064270019531e+00,9.700912833213806152e-01,9.326723814010620117e-01,9.999997615814208984e-01,-5.991182988509535789e-04,-2.333062730031087995e-04,3.730490570887923241e-04
5.778906345367431641e+00,1.121695518493652344e+00,1.501065254211425781e+00,9.999976754188537598e-01,-2.032779855653643608e-03,8.176253177225589752e-04,1.269782078452408314e-04
6.007618904113769531e+00,3.912309408187866211e+00,6.084566116333007812e+00,9.999999403953552246e-01,-1.271032524527981877e-04,-2.029384449997451156e-05,4.611106705851852894e-04
5.802176952362060547e+00,4.453928470611572266e+00,1.585756391286849976e-01,9.999912977218627930e-01,1.165219349786639214e-03,3.163991030305624008e-03,2.478480106219649315e-03
9.356931447982788086e-01,3.802875995635986328e+00,6.240132331848144531e+00,9.999006390571594238e-01,-1.157500874251127243e-02,-7.474519312381744385e-03,2.986375009641051292e-03
3.331391811370849609e+00,2.311257869005203247e-01,2.507144451141357422e+00,9.999998807907104492e-01,-4.298449784982949495e-04,-1.903483207570388913e-04,9.510872769169509411e-05
5.301228761672973633e-01,5.235057830810546875e+00,1.742800116539001465e+00,9.999248981475830078e-01,-7.235448807477951050e-03,-4.164014477282762527e-03,8.977735415101051331e-03
3.430066108703613281e+00,6.479159355163574219e+00,3.899326086044311523e+00,9.999464154243469238e-01,-5.583799793384969234e-04,4.403182305395603180e-03,9.353065863251686096e-03
4.343164443969726562e+00,2.170340269804000854e-01,5.175654888153076172e+00,9.999978542327880859e-01,-1.153548248112201691e-03,1.599945593625307083e-03,7.019350887276232243e-04
5.308041572570800781e+00,6.138016700744628906e+00,3.125257253646850586e+00,9.999995231628417969e-01,3.447198105277493596e-05,8.156374096870422363e-04,-6.022756570018827915e-04
2.118435382843017578e+00,6.795835494995117188e+00,1.289309740066528320e+00,9.999328851699829102e-01,1.000612974166870117e-02,4.199848975986242294e-03,4.076732322573661804e-03
2.892845630645751953e+00,1.430997967720031738e+00,6.064773559570312500e+00,9.999997615814208984e-01,7.684252341277897358e-04,7.150045712478458881e-05,1.079045468941330910e-04
6.132543563842773438e+00,5.070773124694824219e+00,3.853486537933349609e+00,9.999465942382812500e-01,9.099079295992851257e-03,-2.526041818782687187e-03,-4.204034339636564255e-03
5.597837924957275391e+00,4.842756748199462891e+00,3.139147281646728516e+00,9.999703764915466309e-01,-3.566439263522624969e-03,-2.539887791499495506e-03,6.343379151076078415e-03
3.679527759552001953e+00,4.604468822479248047e+00,3.095356702804565430e+00,9.999998211860656738e-01,-3.462730674073100090e-04,3.298378142062574625e-04,3.771044139284640551e-04
2.249761104583740234e+00,5.320262908935546875e+00,9.395954012870788574e-01,9.999999403953552246e-01,4.261492576915770769e-04,-2.966308784380089492e-06,-2.674542774911969900e-04
3.237828969955444336e+00,6.982741832733154297e+00,4.302508354187011719e+00,9.999995231628417969e-01,8.260415052063763142e-04,-6.511287647299468517e-04,-4.948804053128696978e-05
4.109503269195556641e+00,2.894206047058105469e+00,4.864606380462646484e+00,9.999987483024597168e-01,-4.847908858209848404e-04,-7.322029559873044491e-04,1.347740413621068001e-03
1.927267909049987793e+00,4.501008033752441406e+00,9.749892950057983398e-01,9.999928474426269531e-01,3.586179343983530998e-03,-1.115434104576706886e-03,-5.476129008457064629e-04
4.026909351348876953e+00,1.644805312156677246e+00,4.107461452484130859e+00,1.000000000000000000e+00,1.800753962015733123e-04,-7.499351340811699629e-05,-1.722909219097346067e-04
7.667679190635681152e-01,8.519993424415588379e-01,2.173397302627563477e+00,9.999988079071044922e-01,4.651269991882145405e-04,1.457200851291418076e-03,1.497052726335823536e-04
5.832051753997802734e+00,4.765251636505126953e+00,6.705142021179199219e+00,9.999989867210388184e-01,1.096564577892422676e-03,8.200703887268900871e-04,-5.426818388514220715e-04
2.725341081619262695e+00,3.705068588256835938e+00,5.043210029602050781e+00,9.999139904975891113e-01,5.585134029388427734e-03,-7.748853880912065506e-03,-8.990713395178318024e-03
1.935738623142242432e-01,4.406150817871093750e+00,1.533538222312927246e+00,9.999999403953552246e-01,-2.645401982590556145e-04,-1.703173329588025808e-04,4.073125310242176056e-04
7.214734077453613281e+00,2.313066869974136353e-01,7.094658017158508301e-01,9.998035430908203125e-01,-7.903634570538997650e-03,1.102839596569538116e-02,1.444714702665805817e-02
9.457077980041503906e-01,1.970237493515014648e+00,4.962455272674560547e+00,9.999961853027343750e-01,6.553563289344310760e-04,1.821769052185118198e-03,-2.003084169700741768e-03
7.368509769439697266e+00,3.212086677551269531e+00,1.558544635772705078e-01,9.999979138374328613e-01,-1.402940251864492893e-03,1.095236511901021004e-03,-1.074934727512300014e-03
3.175993204116821289e+00,5.930636405944824219e+00,9.886660575866699219e-01,9.999282360076904297e-01,8.218964561820030212e-03,8.635045029222965240e-03,1.210325979627668858e-03
2.503343820571899414e-01,1.783171653747558594e+00,1.336646676063537598e+00,9.999992847442626953e-01,-7.247568573802709579e-04,-1.413453173881862313e-05,-1.011333893984556198e-03
1.428665041923522949e+00,6.307891368865966797e+00,7.152320384979248047e+00,9.999937415122985840e-01,-6.249084253795444965e-04,-3.114113816991448402e-03,1.568336971104145050e-03
5.683928012847900391e+00,1.732692003250122070e+00,4.351959705352783203e+00,1.000000000000000000e+00,-2.897753729484975338e-04,-1.338315200882789213e-06,-2.180780866183340549e-04
6.253446340560913086e-01,3.985085487365722656e+00,1.770821571350097656e+00,9.999998807907104492e-01,-5.786473593616392463e-06,4.857846943195909262e-04,2.986516919918358326e-04
5.075173377990722656e+00,1.473962306976318359e+00,4.633819580078125000e+00,1.000000000000000000e+00,-7.369365630438551307e-05,-2.670344838406890631e-04,-1.820770557969808578e-04
3.421641826629638672e+00,4.284497737884521484e+00,2.959897756576538086e+00,9.999995231628417969e-01,2.188636281061917543e-04,5.438842927105724812e-04,-8.577844128012657166e-04
5.407282829284667969e+00,3.534655094146728516e+00,3.176248073577880859e+00,9.999784827232360840e-01,1.616444322280585766e-03,-5.502261221408843994e-03,3.207188332453370094e-03
6.820402145385742188e+00,5.520503997802734375e+00,3.408735752105712891e+00,9.999907612800598145e-01,1.428405172191560268e-03,4.064936190843582153e-03,1.170797113445587456e-04
3.228251934051513672e+00,5.393626689910888672e+00,1.304353475570678711e+00,9.999993443489074707e-01,1.176986843347549438e-03,-8.176916890079155564e-05,-1.859038893599063158e-04
3.403778553009033203e+00,3.560260295867919922e+00,5.554393291473388672e+00,9.999997019767761230e-01,2.650048409122973680e-04,1.980036468012258410e-04,7.657945971004664898e-04
4.601973533630371094e+00,3.003059327602386475e-01,1.085059881210327148e+00,9.999562501907348633e-01,2.882884116843342781e-03,-3.672413993626832962e-03,8.114116266369819641e-03
4.143924236297607422e+00,4.111928939819335938e+00,5.849781990051269531e+00,9.998765587806701660e-01,2.506709424778819084e-03,-1.522838231176137924e-02,-2.943157218396663666e-03
2.943757772445678711e-01,2.581508874893188477e+00,6.901050567626953125e+00,9.999980330467224121e-01,3.544037754181772470e-04,1.104173250496387482e-03,1.642617629840970039e-03
4.045258045196533203e+00,2.185092926025390625e+00,5.364726543426513672e+00,9.999995827674865723e-01,9.310652239946648479e-05,-3.422508307266980410e-04,-9.291405440308153629e-04
6.485976219177246094e+00,3.401883542537689209e-01,4.565917491912841797e+00,1.000000000000000000e+00,2.767422411125153303e-04,1.177311933133751154e-04,-2.340090723009780049e-04
5.848842144012451172e+00,7.149041652679443359e+00,5.616218566894531250e+00,9.999998807907104492e-01,-1.402782654622569680e-04,1.058230482158251107e-04,-3.996970772277563810e-04
3.602633476257324219e+00,8.926043510437011719e-01,6.519097805023193359e+00,1.000000000000000000e+00,1.318175782216712832e-04,1.811600814107805490e-04,1.014027147903107107e-04
5.661708831787109375e+00,7.183814048767089844e+00,1.469195485115051270e+00,9.999991059303283691e-01,1.345831842627376318e-04,4.346082860138267279e-04,1.310508581809699535e-03
4.774024486541748047e+00,4.947924137115478516e+00,5.665938258171081543e-01,9.999984502792358398e-01,-7.176398648880422115e-04,1.303821569308638573e-03,8.984130690805613995e-04
4.353342533111572266e+00,2.023648262023925781e+00,2.710130929946899414e+00,1.000000000000000000e+00,1.448030670871958137e-04,-5.382671224651858211e-05,9.422055882168933749e-06
7.403314590454101562e+00,2.081693172454833984e+00,6.782464504241943359e+00,9.999992251396179199e-01,2.023162523983046412e-04,1.089781406335532665e-03,5.487166345119476318e-04
1.732610464096069336e+00,5.686375141143798828e+00,6.010647773742675781e+00,9.999999403953552246e-01,-7.584406557725742459e-05,7.361877942457795143e-05,5.195637349970638752e-04
5.332992076873779297e+00,1.799112796783447266e+00,6.640696525573730469e+00,9.999991059303283691e-01,-4.153873014729470015e-04,5.061448318883776665e-04,1.217290642671287060e-03
6.635504722595214844e+00,1.450174450874328613e+00,3.415126562118530273e+00,9.999997019767761230e-01,2.023111446760594845e-04,-6.930739618837833405e-04,4.138338845223188400e-04
7.017063140869140625e+00,2.482355833053588867e+00,5.850881576538085938e+00,9.999997019767761230e-01,-8.276547887362539768e-04,1.527033891761675477e-04,1.295939291594550014e-04
6.039303302764892578e+00,6.228236198425292969e+00,6.562799453735351562e+00,9.999624490737915039e-01,-3.535279771313071251e-03,-6.700105033814907074e-03,4.210662096738815308e-03
3.542690992355346680e+00,3.855984210968017578e+00,6.418700695037841797e+00,1.000000000000000000e+00,9.965757635654881597e-05,-2.757623151410371065e-04,2.089112676912918687e-04
4.130682468414306641e+00,6.195455074310302734e+00,4.370796978473663330e-01,9.999999403953552246e-01,2.374329051235690713e-04,-9.308478911407291889e-05,-3.948255325667560101e-04
3.699310779571533203e+00,1.928136229515075684e+00,5.107161045074462891e+00,9.999998807907104492e-01,2.755652240011841059e-04,-2.788309648167341948e-04,4.924295353703200817e-04
4.787179470062255859e+00,5.031847476959228516e+00,2.659793138504028320e+00,9.999991059303283691e-01,-5.236635333858430386e-04,-7.718249107711017132e-04,1.043709344230592251e-03
6.096517562866210938e+00,4.593026161193847656e+00,8.252307772636413574e-01,9.999853372573852539e-01,-2.458266913890838623e-03,-2.808647463098168373e-03,-3.943774849176406860e-03
6.102842330932617188e+00,5.866949081420898438e+00,6.236968040466308594e+00,9.999990463256835938e-01,1.026120036840438843e-03,7.319261203519999981e-04,6.708896835334599018e-04
5.447117328643798828e+00,1.619152426719665527e+00,5.564288616180419922e+00,1.000000000000000000e+00,1.667062024353072047e-04,-5.975812018732540309e-05,1.886548307084012777e-05
1.670137166976928711e+00,3.107370853424072266e+00,6.970813751220703125e+00,9.999998807907104492e-01,-5.390145233832299709e-04,2.628049114719033241e-04,7.354660920100286603e-05
7.369441032409667969e+00,6.267635822296142578e+00,2.220677137374877930e+00,9.999998807907104492e-01,3.770487091969698668e-04,3.441588487476110458e-04,-2.260652399854734540e-04
1.965258717536926270e-01,5.151284694671630859e+00,3.392099857330322266e+00,9.999986886978149414e-01,4.318778228480368853e-04,1.571440254338085651e-03,-3.161990316584706306e-04
2.912012338638305664e-01,4.838104546070098877e-01,4.501442432403564453e+00,9.999950528144836426e-01,-1.068345503881573677e-03,1.533460337668657303e-03,-2.549578202888369560e-03
1.284271717071533203e+00,4.453265666961669922e+00,2.297990798950195312e+00,9.999997615814208984e-01,-1.368263497170119081e-06,-6.463735480792820454e-04,1.210061054734978825e-05
1.373301386833190918e+00,1.334735631942749023e+00,2.069428443908691406e+00,9.999873042106628418e-01,3.025443525984883308e-03,-2.741016913205385208e-03,2.955653471872210503e-03
9.133803248405456543e-01,2.988954484462738037e-01,3.475805282592773438e+00,1.000000000000000000e+00,-3.146606031805276871e-04,-1.389860117342323065e-04,-2.605484914965927601e-04
5.766692638397216797e+00,6.898019313812255859e+00,6.928935527801513672e+00,9.999987483024597168e-01,3.854807582683861256e-04,1.447530696168541908e-03,-4.972075694240629673e-04
3.108488798141479492e+00,6.427374839782714844e+00,1.383434653282165527e+00,9.999997615814208984e-01,-1.204527725349180400e-04,-7.895243470557034016e-04,3.989341712440364063e-05
1.565727472305297852e+00,3.712966918945312500e+00,4.110239505767822266e+00,9.999985098838806152e-01,5.435067578218877316e-04,-1.267235056729987264e-04,-1.689617405645549297e-03
7.283349514007568359e+00,7.233744144439697266e+00,2.765290737152099609e+00,9.999999403953552246e-01,-1.057223853422328830e-04,-3.886661434080451727e-04,3.575072041712701321e-04
1.041438102722167969e+00,5.437030792236328125e+00,1.757667779922485352e+00,9.999994635581970215e-01,-1.681332105363253504e-05,-1.452162250643596053e-04,1.072236686013638973e-03
6.364556789398193359e+00,3.282438278198242188e+00,2.433431148529052734e+00,9.999998211860656738e-01,6.321563851088285446e-04,-3.115893923677504063e-04,1.104170733015052974e-04
5.945168495178222656e+00,3.248032629489898682e-01,1.782906413078308105e+00,9.999997019767761230e-01,1.279356511076912284e-04,8.378438069485127926e-04,-1.246145839104428887e-04
3.518357515335083008e+00,5.834132671356201172e+00,3.878686904907226562e+00,9.999971389770507812e-01,2.246680436655879021e-03,7.361336611211299896e-04,5.012108013033866882e-04
6.643673896789550781e+00,4.233138561248779297e+00,4.661880016326904297e+00,1.000000000000000000e+00,-3.429111966397613287e-04,-7.222411659313365817e-05,6.117619341239333153e-05
5.241130352020263672e+00,7.226122856140136719e+00,1.975440859794616699e+00,9.999998807907104492e-01,5.311940331012010574e-04,1.918979833135381341e-04,-4.220290065859444439e-05
5.868078231811523438e+00,7.232695102691650391e+00,7.366596698760986328e+00,9.999995827674865723e-01,-7.060762727633118629e-04,-5.980476271361112595e-04,2.919253602158278227e-04
2.761826276779174805e+00,2.005260944366455078e+00,5.943629145622253418e-02,1.000000000000000000e+00,-5.248272282187826931e-05,2.424843478365801275e-05,3.448926727287471294e-04
6.102798461914062500e+00,3.322772026062011719e+00,1.099208950996398926e+00,9.999998807907104492e-01,2.945763699244707823e-04,2.670926623977720737e-04,-3.641110379248857498e-04
9.355901479721069336e-01,6.689363956451416016e+00,2.933427333831787109e+00,1.000000000000000000e+00,-5.714402504963800311e-05,2.228441589977592230e-04,1.742489075695630163e-05
7.337340831756591797e+00,3.060339689254760742e+00,7.010470867156982422e+00,9.999408125877380371e-01,-4.899336956441402435e-03,5.497846752405166626e-03,8.014599792659282684e-03
1.603281617164611816e+00,4.325988292694091797e+00,1.263970583677291870e-01,9.999934434890747070e-01,-1.353937084786593914e-03,3.047740086913108826e-03,-1.459925784729421139e-03
6.236233711242675781e+00,2.650068521499633789e+00,6.129362106323242188e+00,1.000000000000000000e+00,-1.546104176668450236e-04,-5.457313454826362431e-05,-8.020673703867942095e-05
6.148666858673095703e+00,2.953273773193359375e+00,4.472987174987792969e+00,9.999998807907104492e-01,9.533816773910075426e-05,-2.277091334690339863e-05,-6.182578508742153645e-04
4.652329921722412109e+00,3.935774564743041992e+00,9.468308091163635254e-01,9.999900460243225098e-01,-4.061270505189895630e-03,-1.319872448220849037e-03,1.312915817834436893e-03
6.396687984466552734e+00,4.406578838825225830e-03,1.360025644302368164e+00,9.999989867210388184e-01,-4.189376195427030325e-04,-9.562669438309967518e-04,-1.037897076457738876e-03
3.876874685287475586e+00,1.204907298088073730e+00,4.110025882720947266e+00,9.999994635581970215e-01,-1.884772354969754815e-04,-3.885432088281959295e-04,-9.775686776265501976e-04
4.779643058776855469e+00,3.173194646835327148e+00,2.003248929977416992e+00,9.999997615814208984e-01,5.031955515732988715e-05,5.077396635897457600e-04,5.715495790354907513e-04
4.590100765228271484e+00,3.846596717834472656e+00,1.380150914192199707e+00,9.999174475669860840e-01,1.270256470888853073e-02,4.297612176742404699e-04,-1.913627027533948421e-03
2.668294429779052734e+00,5.006273746490478516e+00,5.009580135345458984e+00,9.999992251396179199e-01,9.452057420276105404e-04,4.903504741378128529e-04,7.323363097384572029e-04
4.332129955291748047e+00,6.951785087585449219e+00,3.570425510406494141e+00,1.000000000000000000e+00,-4.218170579406432807e-05,-5.925241930526681244e-05,-1.137166982516646385e-04
5.593649864196777344e+00,3.437020063400268555e+00,2.936278581619262695e+00,9.999772310256958008e-01,1.606999081559479237e-03,-5.557073280215263367e-03,3.484704298898577690e-03
5.122140884399414062e+00,6.860033512115478516e+00,2.317427873611450195e+00,1.000000000000000000e+00,-2.257495943922549486e-04,4.326523048803210258e-05,-1.409137348673539236e-05
1.817983508110046387e+00,4.575349807739257812e+00,1.385746836662292480e+00,9.999998211860656738e-01,4.093637689948081970e-04,2.012501499848440289e-04,-4.393790441099554300e-04
6.435285091400146484e+00,3.870170831680297852e+00,5.368433594703674316e-01,9.999992847442626953e-01,1.087767654098570347e-03,5.943875294178724289e-04,8.919506944948807359e-05
3.479912757873535156e+00,2.440932512283325195e+00,5.497473239898681641e+00,9.999932050704956055e-01,-2.748572267591953278e-03,4.291574005037546158e-04,-2.421317389234900475e-03
3.384045124053955078e+00,9.749971032142639160e-01,3.571957111358642578e+00,9.998987913131713867e-01,9.707005694508552551e-03,-8.245917968451976776e-03,6.343521177768707275e-03
3.773258924484252930e+00,7.712771296501159668e-01,6.933702945709228516e+00,1.000000000000000000e+00,-1.742923814163077623e-05,3.359403053764253855e-04,1.438188046449795365e-04
1.635285854339599609e+00,4.339643478393554688e+00,7.063835859298706055e-01,9.999995827674865723e-01,5.955807409918634221e-06,9.910847293213009834e-04,2.148824569303542376e-04
2.683983564376831055e+00,4.088832378387451172e+00,1.792880296707153320e+00,9.999995231628417969e-01,6.356322555802762508e-04,-6.284195696935057640e-04,3.402052971068769693e-04
2.948273122310638428e-01,5.478752136230468750e+00,2.562053203582763672e+00,9.999996423721313477e-01,-3.767047310248017311e-04,-7.745077600702643394e-04,1.912974403239786625e-04
5.044273853302001953e+00,2.323089599609375000e+00,1.578030467033386230e+00,1.000000000000000000e+00,1.028710539685562253e-04,3.830551868304610252e-04,2.065315929939970374e-04
1.874734044075012207e+00,3.264843463897705078e+00,1.515807271003723145e+00,9.999998807907104492e-01,-3.146934031974524260e-04,-2.953049552161246538e-04,-4.641972191166132689e-04
4.893313407897949219e+00,2.268545627593994141e+00,4.274632930755615234e+00,1.000000000000000000e+00,-5.734832666348665953e-05,9.446606418350711465e-05,-4.939510472468100488e-05
5.922413349151611328e+00,4.148052632808685303e-01,1.407546520233154297e+00,9.999984502792358398e-01,1.926709228428080678e-04,-1.772374496795237064e-03,3.164209192618727684e-04
1.198698401451110840e+00,5.640884876251220703e+00,3.763011455535888672e+00,9.999992847442626953e-01,-9.731607278808951378e-04,-4.108819121029227972e-04,6.425477913580834866e-04
6.617245197296142578e+00,2.741168737411499023e+00,5.194111466407775879e-01,9.999995231628417969e-01,6.117183947935700417e-04,-7.602084660902619362e-04,2.693445421755313873e-04
6.793839454650878906e+00,3.726512670516967773e+00,6.784302234649658203e+00,9.999970197677612305e-01,9.397696121595799923e-04,8.327473187819123268e-04,-2.109882188960909843e-03
3.174099445343017578e+00,3.493746280670166016e+00,1.367775559425354004e+00,9.999997615814208984e-01,-5.593240493908524513e-04,-1.390455436194315553e-04,-5.560399731621146202e-04
1.328395366668701172e+00,7.045651435852050781e+00,6.006134986877441406e+00,9.999912977218627930e-01,2.062040613964200020e-03,-1.137149753049015999e-03,-3.455370897427201271e-03
2.320574522018432617e+00,6.044213294982910156e+00,1.639234066009521484e+00,9.999746680259704590e-01,-6.173762027174234390e-03,1.492915675044059753e-03,3.241290105506777763e-03
1.734892964363098145e+00,6.981854438781738281e+00,1.833196759223937988e+00,9.999993443489074707e-01,-7.086109253577888012e-04,9.435627725906670094e-04,-2.406964340480044484e-04
6.043083190917968750e+00,5.762664794921875000e+00,5.809146404266357422e+00,9.999972581863403320e-01,1.817893120460212231e-03,-1.168361748568713665e-03,9.303346741944551468e-04
1.286544322967529297e+00,4.464106082916259766e+00,2.948335886001586914e+00,9.999996423721313477e-01,7.246627355925738811e-04,-4.672588547691702843e-04,-1.882761134766042233e-04
1.000469207763671875e+00,1.564026594161987305e+00,6.607145786285400391e+00,1.000000000000000000e+00,-1.432595308870077133e-04,3.510451060719788074e-04,-1.315425761276856065e-04
2.554173231124877930e+00,9.407382607460021973e-01,7.080691337585449219e+00,1.000000000000000000e+00,1.850634871516376734e-04,-8.984912710729986429e-06,-1.417342573404312134e-04
7.208673000335693359e+00,2.954630374908447266e+00,2.463211774826049805e+00,9.999834299087524414e-01,2.154488582164049149e-03,4.306598100811243057e-03,3.174138721078634262e-03
2.312982797622680664e+00,9.036737680435180664e-01,1.682198166847229004e+00,9.999945759773254395e-01,-2.329947892576456070e-03,-2.321904292330145836e-03,3.806478925980627537e-04
5.314773082733154297e+00,5.659926891326904297e+00,7.452766895294189453e+00,9.999958872795104980e-01,-1.856317743659019470e-03,2.202793722972273827e-03,-3.208417911082506180e-04
6.557423472404479980e-01,2.012205600738525391e+00,1.815693736076354980e+00,9.999988675117492676e-01,-7.068423437885940075e-04,1.485422399127855897e-04,-1.367667224258184433e-03
5.620625615119934082e-01,6.892337322235107422e+00,5.740419387817382812e+00,9.999998211860656738e-01,-4.461546632228419185e-05,4.655938246287405491e-04,-4.510660073719918728e-04
3.711344003677368164e+00,5.878921031951904297e+00,5.437911033630371094e+00,9.999966025352478027e-01,1.910344930365681648e-03,-1.741077867336571217e-03,5.155609687790274620e-04
1.682135015726089478e-01,4.142070770263671875e+00,2.941100358963012695e+00,9.999986290931701660e-01,1.212197705172002316e-03,4.317954881116747856e-04,1.107289455831050873e-03
2.131398439407348633e+00,2.607463300228118896e-01,1.055833697319030762e+00,9.999994635581970215e-01,-8.370115538127720356e-04,-6.888160132803022861e-04,-6.970173853915184736e-05
3.348893880844116211e+00,4.761227607727050781e+00,1.100812435150146484e+00,9.999986290931701660e-01,1.432637567631900311e-03,-7.611275650560855865e-04,4.653613723348826170e-04
2.226722240447998047e+00,4.524118423461914062e+00,7.243481159210205078e+00,9.999953508377075195e-01,1.756822573952376842e-03,-2.352104522287845612e-03,8.715545991435647011e-04
6.421884059906005859e+00,1.616429209709167480e+00,1.446734219789505005e-01,9.999998211860656738e-01,3.630197606980800629e-04,-3.168880066368728876e-04,4.864433722104877234e-04
6.559022903442382812e+00,6.425537586212158203e+00,4.185485363006591797e+00,1.000000000000000000e+00,4.469301347853615880e-05,7.375704444712027907e-05,-3.130414406768977642e-04
1.479995846748352051e+00,6.197484016418457031e+00,5.571064472198486328e+00,1.000000000000000000e+00,-1.501490187365561724e-04,2.869463933166116476e-04,2.674513962119817734e-05
6.194775581359863281e+00,4.328859329223632812e+00,6.150596141815185547e+00,9.999998807907104492e-01,-2.121956640621647239e-04,-2.617291756905615330e-04,4.774526751134544611e-04
5.160739421844482422e+00,5.319743633270263672e+00,2.082475572824478149e-01,9.999997615814208984e-01,-4.184466088190674782e-04,6.247357232496142387e-04,-1.651250786380842328e-04
5.301205635070800781e+00,7.350492477416992188e+00,5.880593776702880859e+00,9.999904036521911621e-01,-3.382422728464007378e-03,2.720593940466642380e-03,6.475524278357625008e-04
3.473798990249633789e+00,4.422898769378662109e+00,4.032164573669433594e+00,1.000000000000000000e+00,2.020835090661421418e-04,3.318726085126399994e-04,-8.908932795748114586e-05
5.793702602386474609e+00,3.923341035842895508e+00,7.890920639038085938e-01,9.999532103538513184e-01,-3.612204454839229584e-03,8.940832689404487610e-03,-7.770583615638315678e-04
1.597086787223815918e+00,5.665415287017822266e+00,3.265125274658203125e+00,9.999995827674865723e-01,-8.163657621480524540e-04,-4.093050083611160517e-04,2.984071034006774426e-04
4.823862075805664062e+00,6.220026612281799316e-01,4.482831478118896484e+00,9.999992847442626953e-01,4.850885015912353992e-04,-1.084238290786743164e-03,-4.147080762777477503e-04
2.745315730571746826e-01,3.126417875289916992e+00,7.453320503234863281e+00,9.999096393585205078e-01,6.157877389341592789e-03,1.192141231149435043e-02,8.918424136936664581e-04
4.183867454528808594e+00,7.290839552879333496e-01,2.349823713302612305e+00,9.999995827674865723e-01,-6.751923938281834126e-04,-4.683502193074673414e-04,-5.255576106719672680e-04
3.986285924911499023e+00,4.616427898406982422e+00,4.115552425384521484e+00,9.999999403953552246e-01,2.071572234854102135e-04,-5.068049722467549145e-05,4.297628474887460470e-04
6.334190845489501953e+00,5.919153690338134766e+00,1.419969558715820312e+00,9.999987483024597168e-01,1.564280944876372814e-03,2.369858411839231849e-04,-2.647940418682992458e-04
9.048938751220703125e-02,7.182855129241943359e+00,3.658936977386474609e+00,9.999992847442626953e-01,2.775116399789112620e-06,-1.165083609521389008e-03,4.405378131195902824e-04
8.338509202003479004e-01,5.066423416137695312e+00,6.065998077392578125e+00,9.999942779541015625e-01,2.474515698850154877e-03,1.781416358426213264e-03,1.487893983721733093e-03
1.028058528900146484e+00,6.884122848510742188e+00,4.267179012298583984e+00,9.999999403953552246e-01,4.622614069376140833e-04,-8.951850759331136942e-05,8.846019045449793339e-05
3.788560867309570312e+00,5.213800430297851562e+00,6.799098014831542969e+00,9.999610185623168945e-01,-5.366799887269735336e-03,4.354840144515037537e-03,5.507990717887878418e-03
6.134692430496215820e-01,4.815326213836669922e+00,6.921799659729003906e+00,9.999998211860656738e-01,-2.795555919874459505e-04,-1.415447477484121919e-04,-6.088807131163775921e-04
3.391224145889282227e+00,1.094182804226875305e-01,6.995028495788574219e+00,9.999646544456481934e-01,2.262720372527837753e-03,8.090573363006114960e-03,5.284846411086618900e-04
4.342122077941894531e+00,3.432856559753417969e+00,5.819375991821289062e+00,9.999398589134216309e-01,1.292309025302529335e-03,1.088164560496807098e-02,5.113700754009187222e-04
6.338279247283935547e+00,2.129233360290527344e+00,3.632217168807983398e+00,9.999927878379821777e-01,-1.099321525543928146e-03,3.213613992556929588e-03,-1.744839013554155827e-03
3.129085540771484375e+00,5.120075702667236328e+00,4.603178024291992188e+00,1.000000000000000000e+00,-1.274682872463017702e-04,-1.072902086889371276e-04,-3.220054786652326584e-04
5.769141674041748047e+00,2.095253705978393555e+00,1.136627316474914551e+00,9.999976754188537598e-01,1.575491856783628464e-03,-8.851332240737974644e-04,-1.179806189611554146e-03
2.266779899597167969e+00,3.574854612350463867e+00,1.503651976585388184e+00,9.999998211860656738e-01,-6.098411395214498043e-04,-6.009378921589814126e-05,-2.986975887324661016e-04
5.577236652374267578e+00,6.034366607666015625e+00,6.089590549468994141e+00,9.999980330467224121e-01,-6.256320630200207233e-04,-1.590068452060222626e-03,9.917885763570666313e-04
6.569217681884765625e+00,7.119554042816162109e+00,7.225747585296630859e+00,9.999997019767761230e-01,-7.236995152197778225e-04,8.166209590854123235e-05,2.600768930278718472e-04
1.035766080021858215e-01,6.466523170471191406e+00,4.278268814086914062e+00,9.999999403953552246e-01,4.567813011817634106e-04,1.090070363716222346e-04,1.847245875978842378e-04
4.129920303821563721e-01,4.938210487365722656e+00,1.805297732353210449e+00,9.999885559082031250e-01,-7.064083474688231945e-04,6.010052165947854519e-04,4.691075533628463745e-03
4.617945671081542969e+00,2.948611021041870117e+00,8.993003964424133301e-01,9.999992251396179199e-01,1.124684698879718781e-03,-3.508285444695502520e-04,5.649363738484680653e-04
5.551076889038085938e+00,4.632499694824218750e+00,6.115250110626220703e+00,9.999642372131347656e-01,-8.393692784011363983e-03,7.731760269962251186e-04,-7.487333496101200581e-04
1.038690567016601562e+00,1.631460309028625488e+00,2.761513233184814453e+00,9.999883770942687988e-01,2.177173504605889320e-03,-3.757463302463293076e-03,2.085615880787372589e-03
5.744495391845703125e+00,7.049387931823730469e+00,5.247331142425537109e+00,9.999995827674865723e-01,6.849025958217680454e-04,5.938831600360572338e-04,3.217001503799110651e-04
4.063565135002136230e-01,7.103550434112548828e+00,3.686040639877319336e+00,9.999992847442626953e-01,-1.323847682215273380e-04,-1.197361270897090435e-03,3.390977508388459682e-04
7.056795120239257812e+00,5.730088233947753906e+00,1.107156157493591309e+00,1.000000000000000000e+00,3.508974914439022541e-04,1.241663849214091897e-04,-1.890166167868301272e-04
1.097277104854583740e-01,4.169351100921630859e+00,5.612761527299880981e-02,9.999993443489074707e-01,-7.089528953656554222e-04,-7.658752147108316422e-04,-5.348387639969587326e-04
4.850877285003662109e+00,3.924855709075927734e+00,4.631206989288330078e+00,1.000000000000000000e+00,1.293542009079828858e-04,-1.724559406284242868e-04,1.070934013114310801e-04
6.808012962341308594e+00,2.488049507141113281e+00,5.552614212036132812e+00,9.999998807907104492e-01,-5.322303040884435177e-04,-3.101337642874568701e-04,1.076341650332324207e-04
7.486561298370361328e+00,3.788125276565551758e+00,2.415503025054931641e+00,9.999986886978149414e-01,-1.740057632559910417e-04,-1.367708551697432995e-03,-9.488481446169316769e-04
3.796649217605590820e+00,7.355536937713623047e+00,1.316704273223876953e+00,9.999994039535522461e-01,8.302097558043897152e-04,-3.091876860707998276e-04,7.493131561204791069e-04
6.558639526367187500e+00,2.821571111679077148e+00,2.548657655715942383e+00,9.999986290931701660e-01,7.938060443848371506e-04,-1.335877343080937862e-03,5.610394291579723358e-04
5.008378505706787109e+00,3.484183251857757568e-01,7.318423986434936523e-01,9.997668862342834473e-01,-2.141588920494541526e-04,2.146757207810878754e-02,-2.315952209755778313e-03
2.600860357284545898e+00,6.527188301086425781e+00,4.438877105712890625e+00,9.999991655349731445e-01,-7.354348199442028999e-04,-4.440094053279608488e-04,-1.051565399393439293e-03
5.746580362319946289e-01,2.700871706008911133e+00,4.668972969055175781e+00,9.999998807907104492e-01,3.683260583784431219e-04,-2.117473050020635128e-04,3.092374536208808422e-04
2.847981214523315430e+00,4.262662887573242188e+00,1.360922217369079590e+00,9.999985694885253906e-01,8.844377007335424423e-04,-1.425393740646541119e-03,-2.382994134677574039e-04
5.966336250305175781e+00,2.060628682374954224e-01,2.736657619476318359e+00,1.000000000000000000e+00,-2.519995905458927155e-04,4.525150507106445730e-05,-3.302771074231714010e-04
7.640492916107177734e-01,4.470660984516143799e-01,4.592206954956054688e+00,1.000000000000000000e+00,2.080275880871340632e-04,1.511125301476567984e-04,-2.598276187200099230e-04
4.893294334411621094e+00,7.376253604888916016e+00,5.607713222503662109e+00,9.999980926513671875e-01,1.062191324308514595e-03,-4.424764483701437712e-04,-1.616478897631168365e-03
7.115971088409423828e+00,1.982320308685302734e+00,9.865505695343017578e-01,1.000000000000000000e+00,2.655895514180883765e-05,-1.819478202378377318e-04,-1.615787368791643530e-05
3.792918205261230469e+00,3.163688898086547852e+00,4.889380931854248047e+00,9.999991059303283691e-01,-5.825563566759228706e-04,8.846519631333649158e-05,1.232616486959159374e-03
3.196723699569702148e+00,4.540286064147949219e+00,6.741843700408935547e+00,1.000000000000000000e+00,-3.359440597705543041e-04,4.434689617482945323e-05,1.160595274996012449e-04
1.871884942054748535e+00,6.028360366821289062e+00,2.925473928451538086e+00,9.999997019767761230e-01,-4.283282614778727293e-04,-6.374444346874952316e-04,-1.092645907192490995e-04
2.159533023834228516e+00,4.672838687896728516e+00,3.450013160705566406e+00,9.999998807907104492e-01,-5.654506385326385498e-04,-2.708070096559822559e-04,-7.294883835129439831e-05
8.578512072563171387e-01,4.851810634136199951e-01,5.225289821624755859e+00,1.000000000000000000e+00,-9.887552732834592462e-05,1.068319543264806271e-04,-3.946292272303253412e-04
2.869697093963623047e+00,2.680985927581787109e+00,4.672268390655517578e+00,9.999986886978149414e-01,-2.847050200216472149e-04,6.989353569224476814e-04,1.471014460548758507e-03
5.980230331420898438e+00,3.853579461574554443e-01,6.538166522979736328e+00,9.999992251396179199e-01,2.920080733019858599e-04,9.533580741845071316e-04,7.686135359108448029e-04
9.665966629981994629e-01,7.771888375282287598e-01,1.253743410110473633e+00,9.999999403953552246e-01,2.394924813415855169e-04,1.623258503968827426e-05,-4.516933113336563110e-04
4.388631343841552734e+00,6.722188949584960938e+00,4.726538658142089844e+00,9.999999403953552246e-01,9.185893577523529530e-05,2.448710729368031025e-04,2.645590866450220346e-04
4.230405330657958984e+00,5.285628318786621094e+00,2.426759004592895508e+00,1.000000000000000000e+00,-1.505576074123382568e-04,-3.100782487308606505e-05,-1.380971525577479042e-06
6.176176548004150391e+00,6.413874626159667969e+00,1.573321580886840820e+00,9.999957680702209473e-01,-1.245236839167773724e-03,9.705635602585971355e-04,2.457038965076208115e-03
3.185388565063476562e+00,3.453736543655395508e+00,5.734562277793884277e-01,9.999995827674865723e-01,-9.498515282757580280e-04,2.297606697538867593e-04,-1.009390980470925570e-04
1.223002076148986816e+00,6.601271152496337891e+00,5.185296058654785156e+00,1.000000000000000000e+00,1.212084534927271307e-04,2.049872418865561485e-04,-4.237993562128394842e-05
9.882240742444992065e-02,7.120920181274414062e+00,1.441527009010314941e+00,1.000000000000000000e+00,-3.909427032340317965e-04,1.292024244321510196e-04,1.067821649485267699e-04
1.573430776596069336e+00,3.914253473281860352e+00,9.601335041224956512e-03,9.999781847000122070e-01,-3.591957502067089081e-03,5.493422970175743103e-03,7.322454475797712803e-04
4.302219867706298828e+00,1.954656720161437988e+00,7.208065986633300781e+00,9.999997019767761230e-01,3.940506430808454752e-04,5.753207369707524776e-04,2.773076994344592094e-04
2.852150678634643555e+00,2.160164356231689453e+00,5.178231239318847656e+00,9.999994635581970215e-01,3.197632031515240669e-05,9.684351971372961998e-04,-4.298926796764135361e-04
5.295816659927368164e-01,2.488021135330200195e+00,1.351405143737792969e+00,9.998942613601684570e-01,-3.221604041755199432e-03,-6.916673388332128525e-03,1.237851940095424652e-02
1.172892928123474121e+00,4.151761531829833984e+00,1.709305763244628906e+00,1.000000000000000000e+00,-5.596712526312330738e-06,-2.095148520311340690e-04,6.801013660151511431e-05
5.801405429840087891e+00,2.053294181823730469e+00,5.230432987213134766e+00,9.999999403953552246e-01,2.692214038688689470e-04,2.870508760679513216e-04,7.880439079599454999e-05
5.328379631042480469e+00,1.488133311271667480e+00,6.424018383026123047e+00,9.999986290931701660e-01,-7.034736336208879948e-04,1.527973916381597519e-03,2.360174548812210560e-04
7.143272876739501953e+00,5.932046890258789062e+00,3.879788160324096680e+00,1.000000000000000000e+00,7.784683111822232604e-05,2.908184251282364130e-04,3.868867133860476315e-05
1.446334958076477051e+00,6.446519851684570312e+00,2.801330327987670898e+00,9.999988079071044922e-01,6.113306735642254353e-04,-5.903647397644817829e-04,-1.317553804256021976e-03
3.136482000350952148e+00,7.033973693847656250e+00,3.557255864143371582e-01,9.999989867210388184e-01,9.287637076340615749e-04,9.644569363445043564e-04,-6.161099299788475037e-04
4.329051017761230469e+00,3.215088605880737305e+00,6.669600963592529297e+00,9.998862743377685547e-01,-1.279939245432615280e-02,-7.770197000354528427e-03,1.808336121030151844e-03
3.229552984237670898e+00,1.467276096343994141e+00,2.215850830078125000e+00,9.998749494552612305e-01,1.991417724639177322e-03,-1.568044535815715790e-02,5.058607202954590321e-04
4.850932598114013672e+00,7.441452026367187500e+00,8.612017035484313965e-01,9.999881982803344727e-01,-7.067869591992348433e-05,-4.428550601005554199e-03,1.996075967326760292e-03
6.469398021697998047e+00,4.362399578094482422e+00,5.160968780517578125e+00,9.999995231628417969e-01,-1.215163647430017591e-04,-5.246337386779487133e-04,9.042021702043712139e-04
1.775973796844482422e+00,5.345041751861572266e+00,5.032977581024169922e+00,9.999983906745910645e-01,-6.439746939577162266e-04,3.901146119460463524e-04,1.625930774025619030e-03
4.950397491455078125e+00,3.347863435745239258e+00,4.904216766357421875e+00,9.999996423721313477e-01,4.025995440315455198e-05,-9.448804194107651711e-04,-5.770981442765332758e-05
2.020055055618286133e+00,1.950417995452880859e+00,3.345992565155029297e+00,1.000000000000000000e+00,9.585369298292789608e-06,-1.462792570237070322e-04,-4.220965784043073654e-04
7.143843173980712891e+00,2.726565837860107422e+00,4.028800964355468750e+00,1.000000000000000000e+00,-1.999143278226256371e-04,2.239561144961044192e-04,-3.624885866884142160e-04
5.734846591949462891e+00,6.427517414093017578e+00,5.622693523764610291e-02,9.999998807907104492e-01,4.474702000152319670e-04,3.135820152238011360e-04,1.904626988107338548e-04
1.456407070159912109e+00,6.272350788116455078e+00,3.592541456222534180e+00,9.999509453773498535e-01,-6.299593020230531693e-03,-4.845045041292905807e-03,5.922253709286451340e-03
5.758345603942871094e+00,3.926399469375610352e+00,4.670690000057220459e-01,9.999569654464721680e-01,-3.545179497450590134e-03,8.565689437091350555e-03,2.704843936953693628e-04
6.473011016845703125e+00,5.276165962219238281e+00,6.073679447174072266e+00,9.999995827674865723e-01,-4.455924208741635084e-04,8.109110058285295963e-04,-1.770286762621253729e-04
4.918017387390136719e+00,5.947419166564941406e+00,1.128501415252685547e+00,9.999990463256835938e-01,-1.166546368040144444e-03,-7.660870323888957500e-04,-1.185608853120356798e-04
7.410906314849853516e+00,1.679005622863769531e+00,3.223092794418334961e+00,9.999110102653503418e-01,-2.168879145756363869e-03,-1.215363666415214539e-02,-5.062828306108713150e-03
4.485454559326171875e+00,3.761391043663024902e-01,6.792060852050781250e+00,1.000000000000000000e+00,-1.287313643842935562e-04,1.684689777903258801e-04,1.854396541602909565e-04
2.601335048675537109e+00,2.461084604263305664e+00,7.420981407165527344e+00,9.999994039535522461e-01,-1.003513927571475506e-03,3.196195466443896294e-04,4.373881383799016476e-04
3.622013807296752930e+00,5.489658832550048828e+00,5.689122200012207031e+00,9.999998807907104492e-01,5.352828884497284889e-04,2.755066961981356144e-04,-1.632970379432663321e-04
1.794626712799072266e+00,3.563355684280395508e+00,6.370635986328125000e+00,9.999998807907104492e-01,-3.619045601226389408e-04,4.802840121556073427e-04,-1.460846833651885390e-04
4.161861419677734375e+00,5.515405178070068359e+00,4.990808069705963135e-01,9.999997019767761230e-01,7.249939953908324242e-04,-3.201543586328625679e-04,1.777797442628070712e-04
2.468896389007568359e+00,1.835444569587707520e+00,5.950266361236572266e+00,9.999988675117492676e-01,1.179520855657756329e-03,-9.228922426700592041e-04,-3.675834159366786480e-04
1.684440374374389648e-01,5.779932975769042969e+00,4.478673934936523438e+00,1.000000000000000000e+00,1.420601474819704890e-04,1.012757638818584383e-05,-3.854618626064620912e-05
4.993381500244140625e+00,7.222386837005615234e+00,4.362642765045166016e+00,9.999647736549377441e-01,7.119769696146249771e-03,-1.341805094853043556e-03,4.260108340531587601e-03
6.219870567321777344e+00,7.631286382675170898e-01,5.746562957763671875e+00,1.000000000000000000e+00,9.804990258999168873e-05,2.816120104398578405e-04,1.311298110522329807e-04
2.571260690689086914e+00,5.578521251678466797e+00,2.834665179252624512e-01,1.000000000000000000e+00,-9.665287507232278585e-05,-8.780953794484958053e-05,4.069944407092407346e-05
1.887090563774108887e+00,7.289294242858886719e+00,4.804855823516845703e+00,9.999998211860656738e-01,6.602958892472088337e-04,-1.260029239347204566e-04,2.627266985655296594e-05
6.073989868164062500e+00,8.973725438117980957e-01,6.209714412689208984e+00,1.000000000000000000e+00,1.699899148661643267e-04,3.793674404732882977e-04,-3.989838296547532082e-05
5.757865905761718750e+00,6.140587329864501953e+00,3.287440776824951172e+00,9.999913573265075684e-01,2.255102153867483139e-03,2.364786341786384583e-03,-2.571767196059226990e-03
2.576947212219238281e+00,2.212711274623870850e-01,1.464073419570922852e+00,9.999999403953552246e-01,3.212229557902901433e-06,2.463302225805819035e-04,-4.783326876349747181e-04
5.117238163948059082e-01,7.105727195739746094e+00,7.274955749511718750e+00,9.998410344123840332e-01,1.208537630736827850e-02,-3.087169898208230734e-04,-1.310862787067890167e-02
8.258677124977111816e-01,1.139682173728942871e+00,3.642508506774902344e+00,9.999194145202636719e-01,-2.279709791764616966e-03,-1.233987230807542801e-02,1.915474771521985531e-03
3.750990927219390869e-01,3.162101030349731445e+00,4.769890785217285156e+00,9.999994039535522461e-01,5.747418035753071308e-04,-5.611419910565018654e-04,8.322043577209115028e-04
1.489777803421020508e+00,6.385293006896972656e+00,6.166590213775634766e+00,9.999985098838806152e-01,-2.389781548117753118e-05,-5.196168785914778709e-04,-1.663213479332625866e-03
2.185989856719970703e+00,6.178941249847412109e+00,7.137495517730712891e+00,9.999551773071289062e-01,2.951569622382521629e-03,1.887016696855425835e-03,8.805094286799430847e-03
6.036129951477050781e+00,4.881987094879150391e+00,1.828013807535171509e-01,9.999998807907104492e-01,-2.388908324064686894e-04,-5.315401358529925346e-04,3.210038412362337112e-04
2.830607414245605469e+00,3.484897375106811523e+00,4.764781951904296875e+00,9.999985694885253906e-01,1.205399981699883938e-03,9.746353607624769211e-04,7.517579360865056515e-04
7.731924653053283691e-01,5.301572799682617188e+00,6.920169353485107422e+00,9.999994635581970215e-01,-5.439237575046718121e-04,5.353922606445848942e-04,-7.485467940568923950e-04
5.544036388397216797e+00,1.812193393707275391e+00,1.063755035400390625e+00,9.999884963035583496e-01,-1.310941181145608425e-03,-4.600009415298700333e-03,2.866733993869274855e-04
6.519196510314941406e+00,2.062841176986694336e+00,4.774540901184082031e+00,1.000000000000000000e+00,-8.456775685772299767e-05,2.179770963266491890e-04,-1.074184328899718821e-04
5.922825813293457031e+00,1.456477284431457520e+00,1.320803284645080566e+00,9.999643564224243164e-01,6.361563224345445633e-03,3.960907459259033203e-03,-3.890908323228359222e-03
5.426545619964599609e+00,5.732336521148681641e+00,5.286458015441894531e+00,9.999995827674865723e-01,-5.439279484562575817e-04,7.209556060843169689e-04,-3.369926998857408762e-04
