6.835530281066894531e+00,7.169911861419677734e+00,3.767525196075439453e+00,9.999981522560119629e-01,1.191999530419707298e-03,-7.236679084599018097e-04,-1.364431111142039299e-03
2.943046808242797852e+00,1.263145916163921356e-02,9.698848128318786621e-01,9.999980330467224121e-01,-1.942210830748081207e-03,-4.652345087379217148e-04,2.970566856674849987e-04
1.810818433761596680e+00,1.132310271263122559e+00,9.869952797889709473e-01,9.999984502792358398e-01,-3.671413869597017765e-04,-3.991902849520556629e-05,1.752965035848319530e-03
3.347922801971435547e+00,6.241765499114990234e+00,1.773588180541992188e+00,9.999958872795104980e-01,-5.999981076456606388e-04,-2.649468136951327324e-03,-9.077312424778938293e-04
8.421561717987060547e-01,5.494691848754882812e+00,2.474411010742187500e+00,9.999698400497436523e-01,5.162737332284450531e-03,-5.729659926146268845e-03,-9.074306581169366837e-04
1.953885555267333984e+00,3.376579999923706055e+00,4.312788486480712891e+00,9.999990463256835938e-01,1.154802041128277779e-03,-6.780675175832584500e-05,-8.317038882523775101e-04
4.318234920501708984e+00,5.776808261871337891e+00,7.578637003898620605e-01,9.999122023582458496e-01,-9.425749070942401886e-03,7.301786681637167931e-04,9.288974106311798096e-03
5.628966331481933594e+00,6.888502597808837891e+00,1.770029067993164062e+00,9.999996423721313477e-01,2.800166839733719826e-04,7.885629893280565739e-04,-3.094216226600110531e-04
8.338792920112609863e-01,5.970690727233886719e+00,4.066131114959716797e+00,9.999972581863403320e-01,2.258028835058212280e-04,1.076034735888242722e-03,2.110266126692295074e-03
1.663334369659423828e+00,5.258809566497802734e+00,5.603238105773925781e+00,9.999985694885253906e-01,-1.343951094895601273e-03,-7.910763961263000965e-04,7.259132107719779015e-04
1.850937247276306152e+00,2.630186378955841064e-01,6.535780429840087891e+00,9.999945163726806641e-01,-2.713069086894392967e-03,-8.443199330940842628e-04,-1.750600873492658138e-03
5.177866935729980469e+00,5.395893096923828125e+00,3.809738397598266602e+00,9.999982118606567383e-01,-1.188054447993636131e-03,1.433083903975784779e-03,-5.072056083008646965e-04
4.397607445716857910e-01,1.880851149559020996e+00,3.051185846328735352e+00,9.999156594276428223e-01,-7.185395807027816772e-03,3.415539395064115524e-03,1.026435010135173798e-02
2.560060620307922363e-01,1.938639521598815918e+00,2.794075012207031250e+00,9.998506307601928711e-01,-9.141117334365844727e-03,6.148416548967361450e-03,1.331690791994333267e-02
3.710164070129394531e+00,5.484332084655761719e+00,7.458354234695434570e-01,9.999433755874633789e-01,4.777482710778713226e-03,-7.848629727959632874e-03,5.381885450333356857e-03
1.643007755279541016e+00,9.289865195751190186e-02,1.000443577766418457e+00,9.999300241470336914e-01,-4.652861040085554123e-03,-1.636943197809159756e-04,1.088017597794532776e-02
6.778373718261718750e+00,1.442553997039794922e+00,3.783954858779907227e+00,9.998490214347839355e-01,-1.268287561833858490e-02,8.004874922335147858e-03,-8.778485469520092010e-03
6.051073074340820312e+00,2.446445941925048828e+00,4.769296169281005859e+00,9.999992847442626953e-01,3.121010086033493280e-04,-2.515850792406126857e-05,1.189172849990427494e-03
6.266529560089111328e+00,6.226660728454589844e+00,4.050496578216552734e+00,9.998806715011596680e-01,1.223743148148059845e-02,7.682616822421550751e-03,-5.463476292788982391e-03
6.118194460868835449e-01,5.211967468261718750e+00,4.835713386535644531e+00,9.999587535858154297e-01,5.911399144679307938e-03,-9.193616569973528385e-04,-6.840901449322700500e-03
4.679853439331054688e+00,1.833136796951293945e+00,4.204456806182861328e+00,9.999989271163940430e-01,9.892843663692474365e-04,9.097917354665696621e-04,-5.783234955742955208e-04
6.077775955200195312e+00,1.109566211700439453e+00,5.802327632904052734e+00,9.999439120292663574e-01,-7.032097317278385162e-03,1.569827552884817123e-03,-7.765342015773057938e-03
2.907697439193725586e+00,1.838186740875244141e+00,1.082717537879943848e+00,9.998363256454467773e-01,9.987467201426625252e-04,1.198138296604156494e-02,1.352434698492288589e-02
4.079845905303955078e+00,1.491599321365356445e+00,5.656041622161865234e+00,9.999975562095642090e-01,-7.518932688981294632e-04,-2.090905327349901199e-03,-3.692861646413803101e-04
8.331876993179321289e-01,4.939824104309082031e+00,5.340906620025634766e+00,9.998657703399658203e-01,-2.649936126545071602e-03,9.381936863064765930e-03,-1.317443139851093292e-02
5.459164619445800781e+00,4.994131088256835938e+00,7.862899303436279297e-01,9.999979734420776367e-01,-6.388933397829532623e-04,7.424429059028625488e-04,-1.787798944860696793e-03
2.927759170532226562e+00,3.978917121887207031e+00,3.947676181793212891e+00,9.999934434890747070e-01,1.934246101882308722e-04,2.332038478925824165e-03,2.796434098854660988e-03
1.403072834014892578e+00,3.758182525634765625e+00,6.327213287353515625e+00,9.999994635581970215e-01,6.576064042747020721e-04,-6.456308183260262012e-04,-4.857712774537503719e-04
1.885179400444030762e+00,1.151688583195209503e-02,2.012732028961181641e+00,9.999995827674865723e-01,-2.989992499351501465e-04,5.203314940445125103e-04,-7.139265071600675583e-04
5.387856006622314453e+00,4.613326072692871094e+00,4.185147762298583984e+00,9.999942779541015625e-01,-1.976683503016829491e-03,-2.707621315494179726e-03,-6.119556492194533348e-04
2.292045116424560547e+00,6.530981659889221191e-01,3.894906282424926758e+00,9.999946951866149902e-01,2.461215015500783920e-03,1.271788147278130054e-03,1.745757879689335823e-03
1.468743920326232910e+00,2.654270410537719727e+00,7.440331935882568359e+00,9.999998807907104492e-01,2.520427515264600515e-04,-1.460745552321895957e-04,5.240092868916690350e-04
7.069125175476074219e+00,6.351545333862304688e+00,1.607342362403869629e+00,9.999921917915344238e-01,1.240539830178022385e-03,-3.235962009057402611e-03,1.909661688841879368e-03
7.185255527496337891e+00,6.921158313751220703e+00,6.208374977111816406e+00,9.999952316284179688e-01,1.446312759071588516e-03,3.980231122113764286e-04,2.724278718233108521e-03
1.493739724159240723e+00,2.938493251800537109e+00,1.891878962516784668e+00,9.999991655349731445e-01,-1.986934512387961149e-04,-1.337471534498035908e-03,1.645587872189935297e-05
9.539679288864135742e-01,3.233810424804687500e+00,2.956941127777099609e+00,9.999963641166687012e-01,1.070247031748294830e-03,1.777194323949515820e-03,1.751264906488358974e-03
5.667398929595947266e+00,3.933969974517822266e+00,5.268905639648437500e+00,9.999198317527770996e-01,-7.302918937057256699e-03,-7.421860937029123306e-03,-7.213767617940902710e-03
2.412136554718017578e+00,5.631246566772460938e-01,5.685822486877441406e+00,1.000000000000000000e+00,2.552550868131220341e-04,-1.991156022995710373e-04,-5.763028457295149565e-05
1.162212014198303223e+00,6.521944522857666016e+00,2.048732042312622070e+00,9.999575614929199219e-01,4.398390650749206543e-03,-2.068457892164587975e-03,7.836682721972465515e-03
5.405352115631103516e+00,2.110167145729064941e-01,5.260123729705810547e+00,9.999995231628417969e-01,8.753324073040857911e-05,3.466616908553987741e-04,-9.631373686715960503e-04
7.486575245857238770e-01,5.487265586853027344e+00,5.203757286071777344e+00,9.999842047691345215e-01,4.344388144090771675e-04,-4.645079374313354492e-03,3.152178833261132240e-03
2.232620716094970703e+00,6.304491996765136719e+00,7.292823791503906250e+00,9.999247193336486816e-01,9.044525213539600372e-04,-8.657464757561683655e-03,8.655103854835033417e-03
8.189693093299865723e-01,5.008922100067138672e+00,2.153621912002563477e+00,9.999933838844299316e-01,2.245360985398292542e-03,2.861263230443000793e-03,9.312698966823518276e-05
4.709328413009643555e-01,5.391291618347167969e+00,4.081304073333740234e+00,9.999976158142089844e-01,-9.857139084488153458e-04,9.598264005035161972e-04,1.727874507196247578e-03
6.211205959320068359e+00,1.122676968574523926e+00,1.320842981338500977e+00,9.999992251396179199e-01,9.205454261973500252e-04,-4.997192882001399994e-04,7.997271604835987091e-04
1.890858054161071777e+00,6.838229894638061523e-01,1.798894524574279785e+00,9.999940991401672363e-01,-1.794804702512919903e-03,-5.640527815558016300e-04,2.893041586503386497e-03
6.766217231750488281e+00,6.304968357086181641e+00,2.870531558990478516e+00,9.999524950981140137e-01,7.477288134396076202e-03,-9.514804696664214134e-04,6.177521776407957077e-03
1.497822642326354980e+00,5.620453357696533203e-01,5.200284957885742188e+00,9.999960064888000488e-01,-2.432397333905100822e-03,-6.121312617324292660e-04,1.356220105662941933e-03
3.578419923782348633e+00,8.702809214591979980e-01,4.493550300598144531e+00,9.999997615814208984e-01,-1.681671565165743232e-04,3.695456834975630045e-04,6.615371676161885262e-04
4.659493923187255859e+00,1.489994525909423828e+00,7.543512582778930664e-01,9.999982118606567383e-01,1.519053475931286812e-03,-5.976281827315688133e-04,9.889630600810050964e-04
8.143235445022583008e-01,6.595644950866699219e-01,6.262020587921142578e+00,9.999988675117492676e-01,-1.298624556511640549e-03,4.971299204044044018e-04,7.171416073106229305e-04
7.033303380012512207e-01,6.851787090301513672e+00,5.964661121368408203e+00,9.999880194664001465e-01,4.163276404142379761e-03,1.802530488930642605e-03,-1.875290181487798691e-03
4.690477848052978516e+00,6.070599079132080078e+00,2.359968900680541992e+00,9.999998807907104492e-01,2.108357293764129281e-04,-4.655985976569354534e-04,-1.967535499716177583e-04
3.117635965347290039e+00,1.638158917427062988e+00,1.219883799552917480e+00,9.998161792755126953e-01,2.187560079619288445e-03,1.174658443778753281e-02,1.499206572771072388e-02
6.400551795959472656e+00,4.275634765625000000e+00,1.383665204048156738e+00,9.999990463256835938e-01,1.329056103713810444e-03,-1.528090215288102627e-04,-5.557423573918640614e-04
9.223241209983825684e-01,4.408990383148193359e+00,5.805107355117797852e-01,9.999980330467224121e-01,7.691475329920649529e-04,-1.806935179047286510e-03,-3.715033526532351971e-04
7.145776748657226562e+00,6.146679878234863281e+00,6.997561931610107422e+00,9.999605417251586914e-01,5.385231692343950272e-03,-9.494973928667604923e-04,7.012912072241306305e-03
3.601773500442504883e+00,3.834745883941650391e+00,1.742416858673095703e+00,9.999984502792358398e-01,4.445991653483361006e-04,1.112279598601162434e-03,-1.335759530775249004e-03
6.492431163787841797e+00,3.806659221649169922e+00,2.599482297897338867e+00,9.999981522560119629e-01,5.913576460443437099e-04,-1.839462784118950367e-03,2.146075566997751594e-04
3.626018524169921875e+00,2.778245210647583008e+00,5.200365543365478516e+00,9.999999403953552246e-01,6.812672381784068421e-06,-3.821060236077755690e-04,3.101079200860112906e-04
2.066704034805297852e+00,5.694256782531738281e+00,1.128309130668640137e+00,9.999974370002746582e-01,1.941486843861639500e-03,6.971008260734379292e-04,-1.015792251564562321e-03
4.806143045425415039e-01,4.558236122131347656e+00,7.105668544769287109e+00,9.998903274536132812e-01,2.652873052284121513e-03,-4.291700664907693863e-03,-1.392904110252857208e-02
7.943934947252273560e-02,2.917939662933349609e+00,7.157081604003906250e+00,9.999989867210388184e-01,-7.242620922625064850e-04,1.277602743357419968e-03,-1.776796561898663640e-04
3.729748725891113281e+00,3.600896120071411133e+00,6.570364475250244141e+00,9.999932646751403809e-01,2.892582211643457413e-03,-2.262176480144262314e-03,3.429554926697164774e-04
6.636693954467773438e+00,2.129189968109130859e+00,5.852701663970947266e-01,9.999681115150451660e-01,-1.162773696705698967e-03,-1.244956860318779945e-03,7.806143257766962051e-03
7.072052478790283203e+00,1.887427449226379395e+00,7.926549911499023438e-01,9.999969005584716797e-01,-1.159268431365489960e-03,-2.201954135671257973e-03,1.384989300277084112e-04
5.277158737182617188e+00,1.763876914978027344e+00,1.421582579612731934e+00,9.999574422836303711e-01,-4.578194115310907364e-03,4.327180329710245132e-03,-6.747311446815729141e-03
1.661888241767883301e+00,2.530986547470092773e+00,6.926085472106933594e+00,9.999986290931701660e-01,9.960371535271406174e-04,1.274599577300250530e-03,5.574504612013697624e-04
7.364031314849853516e+00,1.514672160148620605e+00,2.499172925949096680e+00,9.999172091484069824e-01,-2.750878222286701202e-03,-6.825419142842292786e-03,-1.055753882974386215e-02
6.782948493957519531e+00,3.645040988922119141e+00,7.225748538970947266e+00,9.999905228614807129e-01,3.013465320691466331e-03,7.775925332680344582e-04,-3.069875761866569519e-03
6.836033344268798828e+00,1.860102415084838867e+00,6.014460563659667969e+00,9.998219013214111328e-01,1.626455783843994141e-02,-7.524255663156509399e-03,-5.927142687141895294e-03
6.650338649749755859e+00,6.547011375427246094e+00,4.173403263092041016e+00,9.999043941497802734e-01,1.008610241115093231e-02,5.855890456587076187e-03,-7.432910148054361343e-03
6.615166068077087402e-01,1.959882862865924835e-02,6.919373035430908203e+00,9.999976158142089844e-01,2.068898029392585158e-04,7.278920966200530529e-04,2.086156280711293221e-03
6.914354801177978516e+00,4.600552558898925781e+00,4.966259002685546875e+00,9.999941587448120117e-01,-7.940977229736745358e-04,2.547425916418433189e-03,2.120976336300373077e-03
4.454943656921386719e+00,1.358571290969848633e+00,6.696712017059326172e+00,9.999970793724060059e-01,7.409005775116384029e-04,1.698656124062836170e-03,-1.572761568240821362e-03
6.822597980499267578e+00,6.972299575805664062e+00,1.063935995101928711e+00,9.999983310699462891e-01,8.255228749476373196e-05,1.831396017223596573e-03,2.911104529630392790e-04
5.493299007415771484e+00,3.248896121978759766e+00,3.120844364166259766e+00,9.999977946281433105e-01,-1.468515722081065178e-03,-1.279791933484375477e-03,-9.025540784932672977e-04
4.007648944854736328e+00,7.480045318603515625e+00,1.244309067726135254e+00,9.999986290931701660e-01,1.552934991195797920e-03,-5.584585596807301044e-04,3.770924522541463375e-04
2.175253391265869141e+00,4.088596820831298828e+00,5.699372768402099609e+00,9.999327659606933594e-01,3.879500553011894226e-03,-8.975382894277572632e-03,6.230831146240234375e-03
2.515150070190429688e+00,6.751782417297363281e+00,7.058367252349853516e+00,9.999998211860656738e-01,-3.999879700131714344e-04,5.655821878463029861e-04,-5.758226689067669213e-05
6.771660327911376953e+00,6.295100450515747070e-01,4.074324131011962891e+00,9.999907016754150391e-01,3.510517068207263947e-03,2.431418281048536301e-03,6.395580712705850601e-04
4.452380657196044922e+00,3.466686725616455078e+00,9.457653164863586426e-01,9.999900460243225098e-01,2.236804459244012833e-03,-2.759613795205950737e-03,2.726127859205007553e-03
5.291935920715332031e+00,7.105640888214111328e+00,4.835052967071533203e+00,9.999998807907104492e-01,-5.219699814915657043e-04,-1.266059116460382938e-04,2.061051927739754319e-04
4.670260429382324219e+00,3.442089319229125977e+00,6.004600524902343750e+00,9.999998211860656738e-01,3.739225212484598160e-04,6.105957436375319958e-04,-7.322784222196787596e-05
3.172032833099365234e+00,1.359679222106933594e+00,9.091803431510925293e-01,9.999971389770507812e-01,2.126258565112948418e-03,-9.546247310936450958e-04,6.952179828658699989e-04
5.152207374572753906e+00,2.418121337890625000e+00,6.497888565063476562e+00,9.999861121177673340e-01,-2.208337420597672462e-03,-3.711310680955648422e-03,3.042029449716210365e-03
6.809630870819091797e+00,1.268385052680969238e-01,6.897008419036865234e+00,9.998564124107360840e-01,-9.958877228200435638e-03,1.326089445501565933e-02,-3.493671538308262825e-03
1.675447463989257812e+00,2.402918040752410889e-02,1.344968285411596298e-02,9.999887347221374512e-01,7.110898150131106377e-04,-3.045458579435944557e-03,-3.564472775906324387e-03
6.252218723297119141e+00,2.392533302307128906e+00,8.028789162635803223e-01,9.998424649238586426e-01,8.526562713086605072e-03,1.506602950394153595e-02,3.921290393918752670e-03
4.842204228043556213e-02,1.453891396522521973e+00,8.965185284614562988e-01,9.999998211860656738e-01,-1.899423514259979129e-04,-3.211729053873568773e-04,5.366890109144151211e-04
3.969746828079223633e+00,7.288856983184814453e+00,4.825670242309570312e+00,9.999994039535522461e-01,-4.170515167061239481e-04,-6.591217243112623692e-04,-8.667986257933080196e-04
2.159762382507324219e+00,1.019361987709999084e-01,6.407115459442138672e-01,9.999981522560119629e-01,-1.594809931702911854e-03,5.526681197807192802e-04,-9.764521382749080658e-04
5.816201686859130859e+00,3.040840387344360352e+00,4.040706634521484375e+00,9.999983310699462891e-01,-1.322290045209228992e-03,6.656883633695542812e-04,1.147679286077618599e-03
2.924961805343627930e+00,4.675044536590576172e+00,1.943018794059753418e+00,9.999997615814208984e-01,-6.196108879521489143e-04,-5.077686510048806667e-04,-1.264674647245556116e-04
6.008628368377685547e+00,1.442510604858398438e+00,3.149405479431152344e+00,9.999685287475585938e-01,-1.448374707251787186e-03,7.095637265592813492e-04,7.768964394927024841e-03
6.175638675689697266e+00,7.217628002166748047e+00,3.192089319229125977e+00,9.999995231628417969e-01,4.976337077096104622e-04,7.033249130472540855e-04,-6.141596822999417782e-04
2.469746351242065430e+00,5.666068553924560547e+00,5.087607383728027344e+00,9.999983906745910645e-01,-8.901374530978500843e-04,-1.431341283023357391e-03,6.991849513724446297e-04
1.448518991470336914e+00,4.654976367950439453e+00,6.869941711425781250e+00,9.999985694885253906e-01,3.749870811589062214e-04,3.724049020092934370e-04,-1.659728935919702053e-03
6.482542991638183594e+00,5.064400672912597656e+00,4.310028553009033203e+00,9.999161958694458008e-01,-4.972101887688040733e-04,9.094630368053913116e-03,-9.207204915583133698e-03
1.335424184799194336e+00,7.053861141204833984e+00,2.719813823699951172e+00,9.999455809593200684e-01,-1.878684561233967543e-04,1.537740463390946388e-04,-1.042850315570831299e-02
5.770090103149414062e+00,1.678930163383483887e+00,2.210514307022094727e+00,9.999918341636657715e-01,4.758228315040469170e-04,-2.775085624307394028e-03,-2.920607104897499084e-03
4.345190048217773438e+00,2.999302625656127930e+00,1.049755692481994629e+00,9.999974966049194336e-01,-1.129215699620544910e-03,-1.862672041170299053e-03,-6.348565802909433842e-04
6.843257427215576172e+00,6.229200363159179688e-01,6.048233985900878906e+00,1.000000000000000000e+00,4.508905476541258395e-05,-1.618640962988138199e-04,8.008231816347688437e-05
5.399346828460693359e+00,7.359537124633789062e+00,2.836607933044433594e+00,9.999973773956298828e-01,5.903135752305388451e-04,2.187076723203063011e-03,-4.611246113199740648e-04
6.614582061767578125e+00,1.241671800613403320e+00,5.016321659088134766e+00,9.999893903732299805e-01,-6.229248247109353542e-04,-3.426506649702787399e-03,-3.019365947693586349e-03
5.677313804626464844e+00,1.714425444602966309e+00,7.123025417327880859e+00,9.999976158142089844e-01,-5.730738048441708088e-04,-2.016320358961820602e-03,-7.192262564785778522e-04
3.112586736679077148e+00,2.008847713470458984e+00,3.131043195724487305e+00,9.999949932098388672e-01,8.652150863781571388e-04,5.266072112135589123e-04,-3.008847823366522789e-03
5.442473888397216797e+00,4.047917366027832031e+00,4.752298831939697266e+00,9.999991655349731445e-01,6.757689407095313072e-04,9.870914509519934654e-04,6.473838584497570992e-04
1.283897161483764648e+00,5.460171699523925781e+00,3.033562421798706055e+00,9.999991059303283691e-01,-1.099901041015982628e-03,8.305139490403234959e-04,-3.150103293592110276e-05
4.514198303222656250e+00,1.287533402442932129e+00,1.739005446434020996e+00,9.999890923500061035e-01,-5.286536761559545994e-04,2.638269448652863503e-03,3.820412093773484230e-03
7.528263330459594727e-01,3.054650068283081055e+00,5.598293781280517578e+00,9.999237656593322754e-01,1.136054005473852158e-02,-2.650246256962418556e-03,4.050522577017545700e-03
3.087974548339843750e+00,5.939199924468994141e+00,8.127340078353881836e-01,9.999982714653015137e-01,3.905948833562433720e-04,-5.684277857653796673e-04,1.737946877256035805e-03
1.040591001510620117e-01,5.930233001708984375e+00,3.885605096817016602e+00,9.999758005142211914e-01,4.858474712818861008e-03,3.255154471844434738e-03,-3.785409964621067047e-03
4.451764106750488281e+00,3.982352733612060547e+00,4.545269489288330078e+00,9.999996423721313477e-01,-1.774978882167488337e-04,7.347994833253324032e-04,-3.904413315467536449e-04
6.384264945983886719e+00,3.303481340408325195e+00,7.463222026824951172e+00,9.999931454658508301e-01,4.048555565532296896e-04,3.578538773581385612e-03,8.465879946015775204e-04
4.198354244232177734e+00,5.882125854492187500e+00,1.788650870323181152e+00,9.999996423721313477e-01,7.572696194984018803e-04,4.662003484554588795e-04,1.286523911403492093e-04
6.118156909942626953e+00,1.273164510726928711e+00,7.103060722351074219e+00,9.999696612358093262e-01,1.320750685408711433e-03,-5.007073283195495605e-03,5.823389161378145218e-03
1.712034702301025391e+00,7.142763614654541016e+00,3.975936889648437500e+00,9.999995231628417969e-01,3.905491903424263000e-04,8.990147034637629986e-04,1.029648774419911206e-04
5.365838527679443359e+00,4.585925102233886719e+00,2.167346179485321045e-01,9.999967217445373535e-01,2.262734808027744293e-03,1.191985211335122585e-03,-4.291087388992309570e-04
2.692112445831298828e+00,2.124226570129394531e+00,4.755485534667968750e+00,9.999964237213134766e-01,1.619094400666654110e-03,1.980586443096399307e-03,8.436863427050411701e-04
2.027881145477294922e+00,1.579691052436828613e+00,5.087909698486328125e-01,9.999973177909851074e-01,5.089310579933226109e-04,-3.693620383273810148e-04,2.254122169688344002e-03
2.420855760574340820e+00,5.044930934906005859e+00,6.627552986145019531e+00,9.999898076057434082e-01,-2.272838028147816658e-03,-1.307463622651994228e-03,-3.677352797240018845e-03
1.300506353378295898e+00,2.248952150344848633e+00,5.660126209259033203e+00,9.999378323554992676e-01,-1.497967168688774109e-04,-1.643227296881377697e-03,-1.103050168603658676e-02
7.395431995391845703e+00,6.270884513854980469e+00,7.495028972625732422e+00,9.999988675117492676e-01,9.790732292458415031e-04,-1.048750360496342182e-03,-6.342278793454170227e-04
6.703794479370117188e+00,7.304795265197753906e+00,2.858857631683349609e+00,9.999994635581970215e-01,-5.765053792856633663e-04,-5.389110883697867393e-04,7.382681942544877529e-04
4.618438243865966797e+00,6.616863608360290527e-01,6.918389320373535156e+00,9.999940395355224609e-01,-2.546304895076900721e-04,-3.179654944688081741e-03,-1.368377008475363255e-03
1.016048192977905273e+00,4.197143316268920898e-01,6.375233650207519531e+00,9.999994039535522461e-01,-3.388715849723666906e-04,3.358140820637345314e-04,1.034657121635973454e-03
4.169219493865966797e+00,1.494507789611816406e+00,6.608939170837402344e+00,9.997275471687316895e-01,-4.708483349531888962e-03,-1.967213861644268036e-02,-1.165061071515083313e-02
6.430129528045654297e+00,2.275139093399047852e+00,2.707202196121215820e+00,9.999438524246215820e-01,7.891754619777202606e-03,5.058140959590673447e-03,-4.950465634465217590e-03
4.853907585144042969e+00,2.011675357818603516e+00,6.601772308349609375e+00,9.999992251396179199e-01,-3.750054747797548771e-04,-7.907461840659379959e-04,9.766200091689825058e-04
3.470864772796630859e+00,5.668323040008544922e+00,2.137932062149047852e+00,9.999993443489074707e-01,-6.939366576261818409e-04,-3.874021349474787712e-04,8.556761313229799271e-04
3.807672739028930664e+00,3.794332981109619141e+00,3.636785030364990234e+00,9.999971389770507812e-01,2.278654836118221283e-03,-8.159154094755649567e-04,-6.999984907452017069e-05
3.598947286605834961e+00,3.308126449584960938e+00,1.593112945556640625e+00,9.999886155128479004e-01,-5.805729306302964687e-04,4.613474477082490921e-03,-1.083783572539687157e-03
5.552070140838623047e-01,2.513121128082275391e+00,1.555036902427673340e+00,9.999982118606567383e-01,7.823522319085896015e-04,1.416118931956589222e-03,-1.052268431521952152e-03
1.834851503372192383e+00,1.126523971557617188e+00,1.905831933021545410e+00,9.999667406082153320e-01,-3.500156337395310402e-03,2.243206370621919632e-03,-7.022606208920478821e-03
4.257096290588378906e+00,6.416072249412536621e-01,3.084558486938476562e+00,9.999899864196777344e-01,-2.512785606086254120e-03,-2.656629309058189392e-03,-2.607120433822274208e-03
6.954404354095458984e+00,4.580740451812744141e+00,3.137564182281494141e+00,9.999983906745910645e-01,-1.774032483808696270e-03,1.742990571074187756e-04,-3.628300619311630726e-04
6.658808231353759766e+00,5.626540660858154297e+00,3.455345332622528076e-02,9.999169707298278809e-01,3.410966834053397179e-03,9.175306768156588078e-04,1.239656656980514526e-02
4.266301631927490234e+00,6.869116306304931641e+00,5.931634902954101562e+00,9.999983310699462891e-01,-1.121172099374234676e-03,-5.228909431025385857e-04,-1.361631788313388824e-03
1.617438316345214844e+00,3.837173700332641602e+00,1.599955201148986816e+00,9.999963045120239258e-01,-7.583454862469807267e-05,-1.902643823996186256e-03,-1.940298359841108322e-03
1.202607989311218262e+00,4.169185161590576172e+00,3.763973951339721680e+00,9.999995827674865723e-01,-2.732259454205632210e-04,-1.759731821948662400e-04,9.182961075566709042e-04
3.761675834655761719e+00,2.291017532348632812e+00,3.339502334594726562e+00,9.999859929084777832e-01,-2.344459528103470802e-03,-5.531738679565023631e-06,-4.750704858452081680e-03
3.920471668243408203e+00,1.174702048301696777e+00,1.222574338316917419e-01,9.999397993087768555e-01,-2.891719108447432518e-03,2.981082070618867874e-04,1.058209035545587540e-02
6.544079184532165527e-01,4.815207481384277344e+00,3.195673465728759766e+00,9.999979734420776367e-01,1.142254797741770744e-03,8.836040506139397621e-04,-1.424785703420639038e-03
6.060519695281982422e+00,1.779399633407592773e+00,1.714070558547973633e+00,9.999989867210388184e-01,-4.345764755271375179e-04,-8.110969793051481247e-04,1.102212350815534592e-03
2.378350973129272461e+00,4.232973098754882812e+00,5.411849021911621094e+00,9.999963045120239258e-01,3.732845943886786699e-04,2.723104786127805710e-03,-3.276474217273062095e-06
3.728291988372802734e+00,2.453725814819335938e+00,6.335552692413330078e+00,9.999969005584716797e-01,-1.900253701023757458e-03,-1.257976400665938854e-03,1.032789237797260284e-03
3.421492815017700195e+00,6.391071319580078125e+00,3.305737495422363281e+00,9.999530315399169922e-01,-4.700890742242336273e-03,-8.245581761002540588e-03,-1.945339143276214600e-03
1.081209659576416016e+00,3.782586097717285156e+00,6.510221481323242188e+00,9.999929666519165039e-01,2.055832184851169586e-03,-4.287108313292264938e-04,-3.123147645965218544e-03
5.827687978744506836e-01,2.648210525512695312e+00,2.029706239700317383e+00,9.999881982803344727e-01,2.627002308145165443e-03,1.642875489778816700e-03,3.761159023270010948e-03
6.178947925567626953e+00,2.681516885757446289e+00,3.136063575744628906e+00,9.999189376831054688e-01,-8.435336872935295105e-03,-9.371429681777954102e-03,1.812719623558223248e-03
6.015470981597900391e+00,2.982754707336425781e+00,5.020719051361083984e+00,9.999984502792358398e-01,-5.655174609273672104e-04,-1.907030236907303333e-04,1.689550001174211502e-03
1.608427643775939941e+00,6.348208427429199219e+00,4.063188076019287109e+00,9.999980926513671875e-01,1.454282435588538647e-03,4.097965429536998272e-04,1.296620117500424385e-03
4.544008731842041016e+00,5.059345722198486328e+00,3.121729612350463867e+00,9.999977350234985352e-01,-1.717382227070629597e-03,-1.089213183149695396e-03,6.932606338523328304e-04
5.686545848846435547e+00,4.788809776306152344e+00,4.149659633636474609e+00,9.999951720237731934e-01,-1.974040642380714417e-03,-2.027286449447274208e-03,-1.292500761337578297e-03
4.030180454254150391e+00,1.083066344261169434e+00,2.535345315933227539e+00,9.999989271163940430e-01,-7.789700757712125778e-04,-1.191903022117912769e-03,-5.128176999278366566e-04
4.908338546752929688e+00,3.276723384857177734e+00,3.103871583938598633e+00,9.999995827674865723e-01,-7.116935448721051216e-04,-5.804429529234766960e-04,2.040376712102442980e-04
1.777462601661682129e+00,3.314920425415039062e+00,6.907418251037597656e+00,9.999998211860656738e-01,-3.810814232565462589e-04,1.414806320099160075e-04,5.658456939272582531e-04
4.437362194061279297e+00,5.538558483123779297e+00,3.113565206527709961e+00,9.999091625213623047e-01,-4.503296688199043274e-03,-1.060703117400407791e-02,6.994468159973621368e-03
6.628500819206237793e-01,2.879556179046630859e+00,6.637475967407226562e+00,9.999998807907104492e-01,5.236508441157639027e-04,1.782843901310116053e-04,2.687925589270889759e-04
1.032495856285095215e+00,5.740761280059814453e+00,2.878633022308349609e+00,9.999936819076538086e-01,-2.014185767620801926e-03,-1.738182269036769867e-03,-2.362534869462251663e-03
1.640517234802246094e+00,6.716845989227294922e+00,4.910344600677490234e+00,9.999919533729553223e-01,1.615188375581055880e-05,3.564572893083095551e-03,-1.862843753769993782e-03
8.437269926071166992e-02,4.894597053527832031e+00,4.225476264953613281e+00,9.999982118606567383e-01,6.960493628866970539e-04,-4.529442521743476391e-04,-1.734777586534619331e-03
6.439238071441650391e+00,4.082969665527343750e+00,7.257787704467773438e+00,9.999959468841552734e-01,-1.209654146805405617e-03,1.197747187688946724e-03,2.315683523193001747e-03
3.024078607559204102e+00,4.472447872161865234e+00,5.755553245544433594e+00,9.999992847442626953e-01,-6.735558854416012764e-04,9.441757574677467346e-04,-4.826306540053337812e-04
5.579410552978515625e+00,1.319298148155212402e+00,6.426282525062561035e-01,9.999997615814208984e-01,-5.394524196162819862e-04,4.714801616501063108e-04,-2.635660930536687374e-04
5.566381812095642090e-01,1.909215211868286133e+00,3.454557418823242188e+00,9.999982118606567383e-01,-1.223685685545206070e-03,7.846780354157090187e-04,1.258740900084376335e-03
1.415768265724182129e+00,2.263639688491821289e+00,1.899684548377990723e+00,9.999594092369079590e-01,2.025402849540114403e-03,-5.380684509873390198e-03,-6.936532445251941681e-03
2.693027496337890625e+00,4.840144634246826172e+00,3.952776193618774414e+00,1.000000000000000000e+00,1.193693678942508996e-04,3.236624252167530358e-05,-1.249347842531278729e-04
5.142462730407714844e+00,7.076198101043701172e+00,2.902541875839233398e+00,9.999977350234985352e-01,-9.238584316335618496e-04,-1.117962994612753391e-03,-1.578276627697050571e-03
4.199856817722320557e-01,2.068292796611785889e-01,3.566332340240478516e+00,9.999898672103881836e-01,-1.487360917963087559e-03,3.630561695899814367e-04,-4.252624697983264923e-03
1.628710031509399414e+00,4.684033870697021484e+00,2.779403924942016602e+00,9.999918341636657715e-01,-1.221498358063399792e-03,3.620603121817111969e-03,1.333441585302352905e-03
6.645085334777832031e+00,7.121405601501464844e+00,3.193717479705810547e+00,9.999994039535522461e-01,-7.055234891595318913e-05,-1.111056306399405003e-03,-2.865241549443453550e-04
4.596821784973144531e+00,7.029293060302734375e+00,5.468565464019775391e+00,9.999930858612060547e-01,-4.874180012848228216e-04,-1.973844366148114204e-03,-3.139369655400514603e-03
3.144144535064697266e+00,3.540301322937011719e-01,1.631185889244079590e+00,9.999940991401672363e-01,-2.283637877553701401e-03,1.151786185801029205e-03,-2.327644033357501030e-03
9.061359167098999023e-01,2.610611915588378906e+00,2.641241788864135742e+00,9.999960064888000488e-01,-1.143917557783424854e-03,6.026178598403930664e-04,2.532487967982888222e-03
1.630524516105651855e+00,4.923884391784667969e+00,1.247282862663269043e+00,9.999575018882751465e-01,-5.578787531703710556e-03,-5.829729139804840088e-03,4.454116802662611008e-03
4.977283000946044922e+00,2.185179710388183594e+00,1.164573788642883301e+00,9.999992847442626953e-01,-4.881843779003247619e-05,1.197850448079407215e-03,2.987877232953906059e-04
7.098180770874023438e+00,4.321562767028808594e+00,1.450166225433349609e+00,9.999510645866394043e-01,-7.162641733884811401e-03,4.990785848349332809e-03,-4.661183338612318039e-03
6.820080280303955078e+00,4.964445590972900391e+00,1.481004595756530762e+00,9.999974370002746582e-01,2.056560711935162544e-03,-8.612509118393063545e-04,-5.246084765531122684e-04
2.085351228713989258e+00,4.844518661499023438e+00,2.388764768838882446e-01,9.999958276748657227e-01,-2.188039710745215416e-03,2.606083289720118046e-04,-1.892811502330005169e-03
3.843882322311401367e+00,6.972362995147705078e+00,5.657233715057373047e+00,9.999704360961914062e-01,6.442562211304903030e-03,1.570236403495073318e-03,-3.916997928172349930e-03
1.319380283355712891e+00,5.882824897766113281e+00,5.455747604370117188e+00,9.999960660934448242e-01,-6.651307921856641769e-04,-9.946526261046528816e-04,2.550490433350205421e-03
1.600661039352416992e+00,5.585280418395996094e+00,1.560121893882751465e+00,9.999843239784240723e-01,1.525948318885639310e-04,-3.359083551913499832e-03,-4.498685244470834732e-03
1.786725997924804688e+00,3.330095291137695312e+00,7.133485078811645508e-01,1.000000000000000000e+00,1.187731977552175522e-04,2.431262109894305468e-04,1.457400212530046701e-04
6.810843467712402344e+00,1.234466195106506348e+00,3.544963598251342773e+00,9.998425245285034180e-01,-1.302171032875776291e-02,8.215943351387977600e-03,-8.829765953123569489e-03
7.655842304229736328e-01,4.013178825378417969e+00,6.542075634002685547e+00,9.999743700027465820e-01,1.091942889615893364e-03,-6.758386269211769104e-03,-2.100215759128332138e-03
4.309566020965576172e+00,2.718816995620727539e+00,7.621378898620605469e-01,9.999959468841552734e-01,-1.697235042229294777e-03,-1.363977906294167042e-03,-1.880200463347136974e-03
6.107716083526611328e+00,3.681013107299804688e+00,5.409157752990722656e+00,9.999045133590698242e-01,-4.463212564587593079e-03,2.254189224913716316e-03,-1.288365479558706284e-02
5.149949550628662109e+00,4.615023136138916016e+00,4.438005447387695312e+00,9.999982118606567383e-01,-9.485115879215300083e-04,1.607381738722324371e-03,-3.240555815864354372e-04
5.184420108795166016e+00,2.852839231491088867e+00,1.128754258155822754e+00,9.999978542327880859e-01,1.873494125902652740e-03,-9.457201231271028519e-04,1.276819966733455658e-04
3.832463979721069336e+00,4.606424331665039062e+00,3.371194124221801758e+00,9.999985694885253906e-01,1.081517431885004044e-03,8.172239904524758458e-05,1.338594593107700348e-03
6.252589225769042969e+00,3.363010883331298828e+00,6.192902088165283203e+00,9.999938607215881348e-01,-2.841404173523187637e-03,2.054922049865126610e-03,2.903191780205816031e-04
2.168298698961734772e-02,1.280213832855224609e+00,5.139971375465393066e-01,9.999989271163940430e-01,6.586049566976726055e-04,-1.265508937649428844e-03,3.978381573688238859e-04
6.108753204345703125e+00,3.977586030960083008e+00,6.915765762329101562e+00,9.999997019767761230e-01,6.065303023206070065e-05,2.766582183539867401e-04,8.099819533526897430e-04
4.562273025512695312e+00,2.413587093353271484e+00,2.430845022201538086e+00,9.999080300331115723e-01,8.771514520049095154e-03,9.517918340861797333e-03,4.061604384332895279e-03
3.410542249679565430e+00,3.226989030838012695e+00,1.846214771270751953e+00,9.999899268150329590e-01,-1.271066488698124886e-03,4.056144505739212036e-03,-1.421795226633548737e-03
2.066438913345336914e+00,6.826574802398681641e+00,3.347139596939086914e+00,9.999988079071044922e-01,9.354899520985782146e-04,6.951596587896347046e-04,1.076956628821790218e-03
6.168025970458984375e+00,2.491164684295654297e+00,3.391869068145751953e+00,9.998974800109863281e-01,-1.141089294105768204e-02,1.920976676046848297e-03,8.435377851128578186e-03
5.459324836730957031e+00,2.105869531631469727e+00,3.933455944061279297e+00,9.999996423721313477e-01,6.961320759728550911e-04,-1.968696888070553541e-04,5.877586663700640202e-04
6.355241298675537109e+00,2.834108173847198486e-01,3.615865111351013184e-01,9.999997019767761230e-01,-2.780669310595840216e-04,-7.355592097155749798e-04,-8.741238707443699241e-05
6.203747749328613281e+00,5.913020133972167969e+00,4.551682949066162109e+00,9.999201893806457520e-01,-3.982500638812780380e-03,-1.188633777201175690e-02,-1.610812149010598660e-03
1.333324551582336426e+00,6.541335582733154297e+00,6.510432064533233643e-02,9.999948740005493164e-01,2.972928341478109360e-03,1.462111977161839604e-04,1.257599564269185066e-03
7.099803090095520020e-01,5.267727375030517578e+00,2.732853651046752930e+00,9.998522400856018066e-01,-5.069650243967771530e-03,-1.166323665529489517e-02,1.157256029546260834e-02
7.263095378875732422e+00,1.239990830421447754e+00,1.876497745513916016e+00,9.999986886978149414e-01,1.357944100163877010e-03,-8.266267250292003155e-04,-4.780295712407678366e-04
2.630860090255737305e+00,4.972273349761962891e+00,5.906750679016113281e+00,9.999111294746398926e-01,-1.261741481721401215e-02,4.113229922950267792e-03,1.282769488170742989e-03
2.106572628021240234e+00,5.140967845916748047e+00,3.084671497344970703e+00,9.999981522560119629e-01,-5.538080004043877125e-04,-1.668987097218632698e-03,-8.522625430487096310e-04
7.271601200103759766e+00,1.158518314361572266e+00,7.208125114440917969e+00,9.999648928642272949e-01,6.511965300887823105e-03,3.987528849393129349e-03,3.465989138931035995e-03
1.925627827644348145e+00,2.258387327194213867e+00,5.669678747653961182e-02,9.999503493309020996e-01,-3.550272085703909397e-04,6.561775226145982742e-03,7.490254472941160202e-03
4.339382171630859375e+00,2.213766098022460938e+00,3.826555252075195312e+00,9.999436736106872559e-01,-5.453906022012233734e-03,-2.556237159296870232e-03,8.741093799471855164e-03
2.922068834304809570e+00,4.100563049316406250e+00,7.230413913726806641e+00,9.999950528144836426e-01,1.632339670322835445e-03,9.878933196887373924e-04,-2.539022825658321381e-03
2.723032951354980469e+00,2.456639289855957031e+00,6.934085845947265625e+00,9.999994039535522461e-01,6.376605015248060226e-04,7.839694735594093800e-04,5.371271981857717037e-04
5.554644465446472168e-01,6.323318004608154297e+00,5.943512916564941406e+00,9.999991655349731445e-01,5.725198207073844969e-05,-1.135923783294856548e-03,6.493628025054931641e-04
3.578139543533325195e+00,6.652885913848876953e+00,2.487147092819213867e+00,9.999749660491943359e-01,1.307991798967123032e-03,-6.133801303803920746e-03,-3.280685516074299812e-03
6.585865497589111328e+00,1.443874090909957886e-01,8.145109415054321289e-01,9.999981522560119629e-01,-1.508726039901375771e-03,-9.538591839373111725e-04,7.933838642202317715e-04
7.431608676910400391e+00,2.446318149566650391e+00,5.958202838897705078e+00,9.999991059303283691e-01,1.085942029021680355e-03,4.103591199964284897e-04,7.659726543352007866e-04
2.743920497596263885e-02,6.052193164825439453e+00,2.173151016235351562e+00,9.999705553054809570e-01,1.290264190174639225e-04,-5.871563684195280075e-03,-4.957644734531641006e-03
4.603010654449462891e+00,1.048978120088577271e-01,5.092912673950195312e+00,9.998829364776611328e-01,1.251317560672760010e-02,4.599730484187602997e-03,-7.511592470109462738e-03
3.993298768997192383e+00,5.275882244110107422e+00,5.230789661407470703e+00,9.999960660934448242e-01,-2.000812208279967308e-03,-3.601686621550470591e-04,1.956705702468752861e-03
5.377401828765869141e+00,5.278090000152587891e+00,5.789916038513183594e+00,9.999972581863403320e-01,8.018756489036604762e-06,-7.403845083899796009e-04,-2.261658664792776108e-03
6.402988910675048828e+00,1.186127424240112305e+00,6.809189319610595703e+00,9.999681115150451660e-01,-5.473380908370018005e-03,5.458137951791286469e-03,-2.003106987103819847e-03
6.538843631744384766e+00,6.118852615356445312e+00,1.183418631553649902e-01,9.999980926513671875e-01,-5.233307601884007454e-04,1.579269417561590672e-03,-1.015653833746910095e-03
4.154458522796630859e+00,3.677787780761718750e+00,6.370300054550170898e-02,9.999989271163940430e-01,1.292788190767168999e-03,3.292450564913451672e-04,6.621336797252297401e-04
4.790513992309570312e+00,6.373297691345214844e+00,1.894928932189941406e+00,9.999979138374328613e-01,1.110091689042747021e-03,-1.301458687521517277e-03,1.162018743343651295e-03
2.034934043884277344e+00,3.838337182998657227e+00,5.550106525421142578e+00,9.999241828918457031e-01,1.867332030087709427e-03,-8.438553661108016968e-03,8.776855655014514923e-03
2.311326026916503906e+00,4.922175407409667969e+00,5.337261199951171875e+00,9.999945759773254395e-01,-1.618966227397322655e-03,-1.675078965490683913e-04,-2.890488365665078163e-03
8.536524772644042969e-01,4.511265456676483154e-02,6.219600677490234375e+00,9.999817013740539551e-01,4.307178314775228500e-04,-6.011299323290586472e-03,6.069451337680220604e-04
1.601209640502929688e-01,4.778015613555908203e+00,6.032095432281494141e+00,9.999393820762634277e-01,-4.422554746270179749e-03,-9.671837091445922852e-03,2.864629728719592094e-03
2.214190721511840820e+00,2.201128482818603516e+00,3.400759696960449219e-01,9.999992251396179199e-01,-5.843481631018221378e-04,-1.080518588423728943e-03,-1.324419572483748198e-04
5.483978748321533203e+00,5.831289768218994141e+00,2.261880159378051758e+00,9.999997019767761230e-01,-7.746026967652142048e-04,2.571494842413812876e-04,-2.596402009658049792e-05
5.044968605041503906e+00,3.008795499801635742e+00,3.289020061492919922e+00,9.999973773956298828e-01,-4.501617804635316133e-04,-1.037987531162798405e-03,2.015766920521855354e-03
1.752058863639831543e+00,4.436928272247314453e+00,1.682208061218261719e+00,9.999994039535522461e-01,-2.142438461305573583e-04,-3.654984757304191589e-04,-1.066812081262469292e-03
7.103259563446044922e+00,5.764366626739501953e+00,5.307365417480468750e+00,9.999992847442626953e-01,-4.823647323064506054e-04,-9.766442235559225082e-04,5.661243922077119350e-04
3.996362924575805664e+00,8.555729985237121582e-01,7.310944557189941406e+00,9.999989867210388184e-01,1.373837236315011978e-03,-8.320313645526766777e-05,5.356048350222408772e-04
1.333068609237670898e+00,1.513666152954101562e+00,1.629401564598083496e+00,9.999480247497558594e-01,-8.924417197704315186e-03,-4.930609837174415588e-03,5.020522439735941589e-05
6.740579009056091309e-01,4.043596386909484863e-01,5.527822494506835938e+00,9.999982714653015137e-01,-1.010067760944366455e-03,-9.628045954741537571e-04,1.285512815229594707e-03
1.810176730155944824e+00,5.967435836791992188e+00,1.930722713470458984e+00,9.999963641166687012e-01,-2.373356139287352562e-03,7.468277472071349621e-04,-1.092099002562463284e-03
6.730232715606689453e+00,1.807028174400329590e+00,2.101302705705165863e-02,9.999967813491821289e-01,1.595453359186649323e-04,2.486083423718810081e-03,-4.587048315443098545e-04
2.081404685974121094e+00,4.188589572906494141e+00,3.939221858978271484e+00,9.999997615814208984e-01,-4.258451808709651232e-04,3.542874765116721392e-04,-5.601439625024795532e-04
1.727076411247253418e+00,5.533675670623779297e+00,6.922109127044677734e+00,9.996073246002197266e-01,2.081694640219211578e-02,6.995123811066150665e-03,1.740457490086555481e-02
4.148388862609863281e+00,1.034590363502502441e+00,1.082063794136047363e+00,9.999984502792358398e-01,-4.101702943444252014e-04,-1.710048876702785492e-03,3.609318227972835302e-04
5.412900924682617188e+00,2.632607460021972656e+00,4.579782485961914062e+00,9.999976754188537598e-01,1.838067313656210899e-03,-2.439870586385950446e-04,1.074699801392853260e-03
1.757992267608642578e+00,6.977358818054199219e+00,3.944816887378692627e-01,9.999803900718688965e-01,-1.861129188910126686e-03,-5.683458410203456879e-03,1.896124333143234253e-03
5.123772621154785156e+00,1.980940937995910645e+00,2.835502862930297852e+00,9.999991655349731445e-01,1.294490764848887920e-03,-2.127340267179533839e-04,7.395677585009252653e-06
7.097651004791259766e+00,6.250823020935058594e+00,2.061607599258422852e+00,9.999964833259582520e-01,2.420644043013453484e-03,1.008898951113224030e-03,4.739994183182716370e-04
6.060009479522705078e+00,3.168892621994018555e+00,6.542242527008056641e+00,9.999983310699462891e-01,-5.395015468820929527e-04,-1.499932724982500076e-03,-9.231817093677818775e-04
3.920810699462890625e+00,1.346895337104797363e+00,4.431321144104003906e+00,9.999895095825195312e-01,2.959280507639050484e-03,-1.466892426833510399e-03,-3.192045493051409721e-03
2.919671773910522461e+00,5.326330661773681641e+00,6.556653976440429688e+00,9.999998807907104492e-01,-5.030613392591476440e-04,3.635694156400859356e-04,8.855249325279146433e-05
5.624426364898681641e+00,5.095516204833984375e+00,7.479125022888183594e+00,9.999969601631164551e-01,2.418203745037317276e-03,-5.249992245808243752e-04,-1.184662905870936811e-04
2.477862119674682617e+00,6.072604656219482422e+00,6.287526130676269531e+00,9.999989271163940430e-01,-7.663625001441687346e-05,8.346162503585219383e-04,1.218766439706087112e-03
1.469350576400756836e+00,6.554898619651794434e-01,6.360142230987548828e-01,9.999740719795227051e-01,5.707355216145515442e-03,2.176195150241255760e-03,3.810524009168148041e-03
2.653638839721679688e+00,5.705348014831542969e+00,6.959427356719970703e+00,9.999366402626037598e-01,7.135666906833648682e-03,-5.588631145656108856e-03,-6.677999161183834076e-03
7.328177928924560547e+00,4.824545860290527344e+00,2.680701971054077148e+00,9.999978542327880859e-01,-2.035051584243774414e-03,5.048623424954712391e-04,2.405669947620481253e-04
5.654781818389892578e+00,3.076716184616088867e+00,6.597094058990478516e+00,9.999972581863403320e-01,3.636147885117679834e-04,-2.316617406904697418e-03,-2.203089388785883784e-04
6.743050098419189453e+00,3.513361692428588867e+00,4.559392452239990234e+00,9.999806284904479980e-01,-1.167688053101301193e-03,-5.955995060503482819e-03,-1.435099984519183636e-03
7.273269176483154297e+00,5.661634445190429688e+00,1.214107275009155273e+00,9.999979138374328613e-01,1.014533918350934982e-03,1.749652321450412273e-03,5.104492302052676678e-04
5.554584503173828125e+00,1.108881115913391113e+00,4.447203636169433594e+00,1.000000000000000000e+00,-1.367582299280911684e-04,-1.876828173408284783e-04,3.258785291109234095e-04
6.560967445373535156e+00,2.789978981018066406e+00,1.923000097274780273e+00,9.999999403953552246e-01,3.177183680236339569e-04,-5.658305235556326807e-05,4.152441979385912418e-04
6.254319190979003906e+00,6.971812248229980469e+00,5.809028148651123047e+00,9.999822378158569336e-01,-4.414464347064495087e-03,-3.819063771516084671e-03,1.178039237856864929e-03
6.213474869728088379e-01,5.652627468109130859e+00,4.159761369228363037e-01,9.999949336051940918e-01,2.657093806192278862e-03,-4.249838239047676325e-04,1.721318578347563744e-03
5.434607505798339844e+00,5.296118736267089844e+00,2.288727045059204102e+00,9.999999403953552246e-01,-3.123442002106457949e-04,-3.066040808334946632e-04,4.037215694552287459e-05
1.231887936592102051e+00,4.565290451049804688e+00,4.340664386749267578e+00,9.999989271163940430e-01,1.449702889658510685e-03,-1.950945588760077953e-04,-2.403863472864031792e-04
6.881860733032226562e+00,5.478957176208496094e+00,9.457474350929260254e-01,9.997044205665588379e-01,-9.964948520064353943e-03,-1.259141787886619568e-02,-1.825737208127975464e-02
4.279011249542236328e+00,5.950486660003662109e+00,4.161918640136718750e+00,9.999892115592956543e-01,2.996678464114665985e-03,3.528446890413761139e-03,3.936432767659425735e-04
2.277420282363891602e+00,2.010670453310012817e-01,5.091425895690917969e+00,9.999958276748657227e-01,-2.859492669813334942e-04,2.058651443803682923e-04,2.880445914342999458e-03
4.185512065887451172e+00,5.913402557373046875e+00,2.622762203216552734e+00,9.999991059303283691e-01,4.740472941193729639e-04,5.259539466351270676e-04,-1.157947233878076077e-03
1.129126310348510742e+00,5.977382659912109375e+00,3.760104417800903320e+00,9.999992847442626953e-01,3.586252860259264708e-04,6.261221715249121189e-04,9.434760431759059429e-04
2.053155899047851562e+00,8.393434435129165649e-02,4.378337383270263672e+00,9.999970793724060059e-01,-1.926972647197544575e-03,-9.477499406784772873e-04,-1.177408383227884769e-03
6.293705940246582031e+00,3.504525184631347656e+00,6.841179370880126953e+00,9.999998807907104492e-01,-6.159382173791527748e-04,1.157216611318290234e-04,1.630824845051392913e-04
3.273605108261108398e+00,2.536576032638549805e+00,4.716976642608642578e+00,9.999998807907104492e-01,5.247676162980496883e-04,-1.093316386686637998e-04,1.840806653490290046e-04
5.791189670562744141e-01,6.322860240936279297e+00,1.057377815246582031e+00,9.999942183494567871e-01,-2.871388336643576622e-03,-1.033316017128527164e-03,-1.539596123620867729e-03
6.560065269470214844e+00,4.844296932220458984e+00,5.903411865234375000e+00,9.999954104423522949e-01,-3.299361851532012224e-04,2.776317065581679344e-03,-1.235466799698770046e-03
4.288750171661376953e+00,7.170680999755859375e+00,6.579425811767578125e+00,9.999792575836181641e-01,-9.886920452117919922e-04,-3.912473097443580627e-03,-5.025783553719520569e-03
7.218815803527832031e+00,1.923422336578369141e+00,1.685003995895385742e+00,9.999990463256835938e-01,-1.079404726624488831e-03,-6.634502788074314594e-04,6.296934443525969982e-04
4.104618549346923828e+00,3.443341732025146484e+00,7.185655117034912109e+00,9.999982714653015137e-01,1.408511423505842686e-03,3.632482257671654224e-04,1.232763752341270447e-03
1.317027688026428223e+00,3.204105138778686523e+00,6.829598426818847656e+00,9.999979734420776367e-01,-1.069982768967747688e-03,-1.387384370900690556e-03,-1.018974347971379757e-03
3.673444271087646484e+00,6.340160846710205078e+00,2.689758837223052979e-01,9.999932646751403809e-01,-2.840963192284107208e-03,-1.729640876874327660e-03,-1.603018608875572681e-03
5.175067901611328125e+00,1.714066386222839355e+00,5.887234210968017578e+00,9.995876550674438477e-01,2.647148212417960167e-04,-2.157137542963027954e-02,-1.895143464207649231e-02
4.910432815551757812e+00,3.261900901794433594e+00,5.172991275787353516e+00,9.999998211860656738e-01,3.712488978635519743e-04,-4.623560816980898380e-04,2.622455358505249023e-04
7.306622028350830078e+00,6.479263305664062500e-01,1.070056080818176270e+00,9.999392032623291016e-01,7.145360577851533890e-04,1.099905651062726974e-02,3.788648755289614201e-04
1.866756677627563477e+00,4.804044723510742188e+00,6.966157436370849609e+00,9.999985694885253906e-01,5.407042917795479298e-04,6.684182444587349892e-04,-1.495798700489103794e-03
4.734378814697265625e+00,6.125838756561279297e+00,6.228145360946655273e-01,9.998810887336730957e-01,-1.144917216151952744e-02,1.014909707009792328e-02,1.955408602952957153e-03
3.701436281204223633e+00,1.229176670312881470e-01,1.354300379753112793e+00,9.999706149101257324e-01,1.040598261170089245e-03,-7.172725163400173187e-03,2.502083312720060349e-03
6.707957267761230469e+00,6.350379467010498047e+00,3.212504148483276367e+00,9.996472001075744629e-01,-2.467291895300149918e-03,-2.632915973663330078e-02,-2.498952206224203110e-03
6.354886293411254883e-01,1.212220191955566406e+00,5.708079338073730469e+00,9.999946355819702148e-01,-3.165798261761665344e-03,8.966913446784019470e-04,2.455629582982510328e-04
4.357645511627197266e+00,7.417014122009277344e+00,5.306011676788330078e+00,9.999907016754150391e-01,-2.440936863422393799e-03,4.157600051257759333e-04,-3.555014729499816895e-03
1.752525568008422852e+00,6.662582874298095703e+00,7.222379207611083984e+00,9.998610019683837891e-01,9.390682913362979889e-03,-7.736588828265666962e-03,1.140618138015270233e-02
4.760920047760009766e+00,5.173814296722412109e+00,1.099236607551574707e+00,9.999845623970031738e-01,1.346404082141816616e-03,9.648937848396599293e-04,5.307638086378574371e-03
3.991318225860595703e+00,2.278689742088317871e-01,8.001833558082580566e-01,9.999935626983642578e-01,2.044097054749727249e-03,1.505670952610671520e-04,2.972259186208248138e-03
6.686776638031005859e+00,5.238693237304687500e+00,6.920256137847900391e+00,9.999759793281555176e-01,1.363489544019103050e-03,1.150279771536588669e-03,6.700900848954916000e-03
1.491047501564025879e+00,5.893870353698730469e+00,1.526772618293762207e+00,9.999909996986389160e-01,1.466609770432114601e-03,-1.871166401542723179e-03,-3.523407503962516785e-03
5.333998203277587891e+00,2.774130821228027344e+00,2.145678281784057617e+00,9.999299645423889160e-01,3.003868740051984787e-03,-9.817763231694698334e-03,5.886333063244819641e-03
4.035291671752929688e+00,5.587387084960937500e+00,6.081791877746582031e+00,9.999950528144836426e-01,4.885471425950527191e-04,-6.354069337248802185e-04,3.053486812859773636e-03
1.693475991487503052e-01,5.225053787231445312e+00,3.574399650096893311e-01,9.999980330467224121e-01,1.242115977220237255e-03,-1.041336567141115665e-03,1.175244455225765705e-03
1.005346700549125671e-01,6.086617469787597656e+00,2.944634199142456055e+00,9.999973773956298828e-01,6.625072564929723740e-04,3.818045952357351780e-04,-2.202480798587203026e-03
5.857044696807861328e+00,1.604295372962951660e+00,3.702026128768920898e+00,9.999993443489074707e-01,3.900070623785723001e-06,-3.698719374369829893e-04,1.152618438936769962e-03
5.347436428070068359e+00,2.609412431716918945e+00,4.956387042999267578e+00,1.000000000000000000e+00,-1.801661710487678647e-04,-1.065597316483035684e-04,2.492027706466615200e-04
3.109857559204101562e+00,3.874189615249633789e+00,4.852550506591796875e+00,9.999998807907104492e-01,5.564306629821658134e-04,3.869390639010816813e-05,3.115606377832591534e-04
5.971960544586181641e+00,3.403309583663940430e+00,5.145880579948425293e-01,9.999999403953552246e-01,1.706825860310345888e-04,4.667501489166170359e-04,-4.399185127113014460e-05
5.304774284362792969e+00,5.954617977142333984e+00,3.455444574356079102e+00,9.999929666519165039e-01,-2.278339117765426636e-03,-2.583292080089449883e-03,1.520742429420351982e-03
4.080656051635742188e+00,4.845679283142089844e+00,4.275737762451171875e+00,9.999986886978149414e-01,-5.243750638328492641e-04,1.515267649665474892e-03,-5.114386658533476293e-05
3.077608585357666016e+00,1.855913698673248291e-01,2.987394630908966064e-01,9.999811053276062012e-01,-4.754055291414260864e-03,-8.916428778320550919e-04,-3.818032797425985336e-03
1.356039047241210938e-01,6.510515689849853516e+00,4.394984245300292969e+00,9.999534487724304199e-01,-1.232283655554056168e-03,-9.028375148773193359e-03,3.190524876117706299e-03
2.458887174725532532e-02,2.667406082153320312e+00,3.303774833679199219e+00,9.998729228973388672e-01,1.315832044929265976e-02,-3.189116949215531349e-03,8.421337231993675232e-03
3.572829484939575195e+00,5.428759574890136719e+00,4.860908985137939453e+00,9.999476075172424316e-01,-8.893596008419990540e-03,1.648262375965714455e-03,-4.803352523595094681e-03
7.201633453369140625e+00,4.447496891021728516e+00,2.664220333099365234e+00,9.999989271163940430e-01,2.770679711829870939e-04,-1.751923118717968464e-04,1.467855297960340977e-03
6.384729862213134766e+00,3.217129230499267578e+00,7.035128116607666016e+00,9.999979734420776367e-01,-7.652195636183023453e-04,-5.668876692652702332e-04,1.817838987335562706e-03
1.966356277465820312e+00,2.587876021862030029e-01,5.183709621429443359e+00,9.999959468841552734e-01,2.671386464498937130e-04,-2.332794829271733761e-04,2.854457125067710876e-03
5.462644100189208984e+00,5.702930450439453125e+00,7.140702247619628906e+00,9.999918341636657715e-01,-3.916233777999877930e-03,2.743565128184854984e-04,-1.041127019561827183e-03
3.141337394714355469e+00,4.627000808715820312e+00,2.853358983993530273e-01,9.999993443489074707e-01,8.481108234263956547e-04,3.573512367438524961e-04,-8.014297927729785442e-04
4.758122444152832031e+00,9.718633890151977539e-01,2.788135528564453125e+00,9.999944567680358887e-01,-1.411638339050114155e-03,-1.104508875869214535e-03,2.826565410941839218e-03
2.320829868316650391e+00,4.727608680725097656e+00,2.299674987792968750e+00,1.000000000000000000e+00,-3.033072061953134835e-05,-1.473206939408555627e-04,-5.007315394323086366e-06
3.625756025314331055e+00,4.558569908142089844e+00,2.455428361892700195e+00,9.999911785125732422e-01,-3.360372269526124001e-03,2.160137519240379333e-03,-1.324358396232128143e-03
5.286599159240722656e+00,5.845143795013427734e+00,5.366470813751220703e+00,9.999881982803344727e-01,-1.805051229894161224e-03,1.791453803889453411e-03,-4.132006317377090454e-03
6.098995685577392578e+00,1.280803799629211426e+00,5.058156013488769531e+00,9.999945759773254395e-01,2.994856564328074455e-03,1.172231277450919151e-03,7.891136338002979755e-04
4.176014423370361328e+00,1.705883502960205078e+00,4.946581363677978516e+00,9.999920129776000977e-01,3.302420722320675850e-03,-2.736417809501290321e-04,-2.254698425531387329e-03
2.482413768768310547e+00,6.557314395904541016e+00,1.208281517028808594e+00,9.999964237213134766e-01,5.957192042842507362e-04,8.502262062393128872e-04,2.490686951205134392e-03
1.089113354682922363e-01,4.364746570587158203e+00,5.881062030792236328e+00,9.997912645339965820e-01,-1.246736664324998856e-02,-1.661333371885120869e-03,1.610125787556171417e-02
3.331983089447021484e+00,4.517601966857910156e+00,3.602002143859863281e+00,9.999952912330627441e-01,1.012654276564717293e-03,-2.905409084632992744e-03,2.283105568494647741e-04
4.090327262878417969e+00,3.026261806488037109e+00,5.441596508026123047e+00,1.000000000000000000e+00,2.278486063005402684e-04,-1.588122722750995308e-05,3.229183494113385677e-04
6.371293544769287109e+00,3.115596055984497070e+00,3.736018896102905273e+00,9.999966025352478027e-01,2.445450518280267715e-03,-7.267511100508272648e-04,6.367650930769741535e-04
1.098190248012542725e-01,6.545049190521240234e+00,5.379660725593566895e-01,9.999967813491821289e-01,-1.113962964154779911e-03,1.197742181830108166e-03,-1.978654414415359497e-03
3.270910978317260742e+00,6.225885391235351562e+00,7.181655883789062500e+00,9.999951720237731934e-01,3.931326500605791807e-04,-3.681608359329402447e-04,3.074046457186341286e-03
4.959773063659667969e+00,3.656750440597534180e+00,1.285550147294998169e-01,9.999886751174926758e-01,-2.783566596917808056e-04,1.679261680692434311e-03,4.457271192222833633e-03
2.893677234649658203e+00,5.964156627655029297e+00,4.435789883136749268e-01,9.999960064888000488e-01,2.293733879923820496e-03,-3.331612679176032543e-04,-1.644244417548179626e-03
7.059872150421142578e+00,5.298283696174621582e-01,5.398280143737792969e+00,9.999574422836303711e-01,5.670743994414806366e-03,5.220361636020243168e-04,-7.256849668920040131e-03
5.990931034088134766e+00,3.882352113723754883e+00,4.638416767120361328e+00,9.999984502792358398e-01,1.550832064822316170e-03,9.132839040830731392e-04,-4.267703843652270734e-05
6.172984600067138672e+00,7.019455909729003906e+00,2.163286447525024414e+00,9.998989701271057129e-01,1.101138629019260406e-02,6.324202753603458405e-03,6.388022098690271378e-03
6.007269859313964844e+00,2.464186429977416992e+00,6.758816242218017578e+00,9.999930262565612793e-01,6.326312723103910685e-05,-8.332130964845418930e-04,3.649266436696052551e-03
5.952229499816894531e+00,4.600278854370117188e+00,5.780602931976318359e+00,9.999970793724060059e-01,1.084899413399398327e-03,-5.555216557695530355e-05,2.185376826673746109e-03
1.288947820663452148e+00,6.347240924835205078e+00,6.841170191764831543e-01,9.999986290931701660e-01,7.285709143616259098e-04,-1.503154286183416843e-03,-1.774886186467483640e-04
5.285018444061279297e+00,6.954474449157714844e+00,5.326064109802246094e+00,9.999974966049194336e-01,-1.013372639135923237e-05,2.234730636700987816e-03,2.571246586740016937e-04
2.392199039459228516e+00,3.934458494186401367e+00,2.729042291641235352e+00,9.999997019767761230e-01,-1.160008396254852414e-04,8.985209569800645113e-05,-8.463974227197468281e-04
7.464213371276855469e+00,4.028478860855102539e-01,3.494809865951538086e+00,9.999966025352478027e-01,-2.443948993459343910e-03,4.118525539524853230e-04,-8.917588274925947189e-04
6.124952316284179688e+00,1.292409300804138184e+00,6.062068462371826172e+00,9.999092817306518555e-01,5.662675015628337860e-03,9.540888480842113495e-03,-7.639300543814897537e-03
7.110598683357238770e-01,1.651060342788696289e+00,4.040125846862792969e+00,9.998293519020080566e-01,-2.325721143279224634e-04,-1.754922792315483093e-02,-5.763285793364048004e-03
1.484701514244079590e+00,1.727820754051208496e+00,3.039189815521240234e+00,9.999967217445373535e-01,-4.422346246428787708e-04,-2.336522331461310387e-03,-9.431631769984960556e-04
5.887063503265380859e+00,4.232838153839111328e+00,5.727253913879394531e+00,9.999980926513671875e-01,-6.189478444866836071e-04,1.858946401625871658e-03,3.167954855598509312e-04
6.264607429504394531e+00,6.809955596923828125e+00,3.039634704589843750e+00,9.999956488609313965e-01,4.511611768975853920e-05,-2.874462399631738663e-03,7.395631400868296623e-04
6.922335624694824219e+00,6.498296737670898438e+00,2.667389154434204102e+00,9.999243021011352539e-01,8.978242985904216766e-03,-1.991191180422902107e-03,8.172165602445602417e-03
4.453219890594482422e+00,9.147124290466308594e-01,7.331377983093261719e+00,9.999996423721313477e-01,-3.393238584976643324e-04,-6.246379925869405270e-04,-3.998662577942013741e-04
1.496498703956604004e+00,6.384107589721679688e+00,3.045924901962280273e+00,1.000000000000000000e+00,2.462764496158342808e-05,2.051800947810988873e-05,1.907537516672164202e-04
5.512339115142822266e+00,4.925852298736572266e+00,2.192228078842163086e+00,9.999988675117492676e-01,7.133133476600050926e-04,9.545382345095276833e-04,-1.008752500638365746e-03
5.731598854064941406e+00,6.033722877502441406e+00,3.271659612655639648e+00,9.999796152114868164e-01,-5.854235030710697174e-03,-2.238428220152854919e-03,1.227190019562840462e-03
1.858566045761108398e+00,4.802317142486572266e+00,3.168147325515747070e+00,9.999982714653015137e-01,-4.267930926289409399e-04,-1.231252215802669525e-03,1.364749972708523273e-03
5.078922271728515625e+00,1.134079601615667343e-02,3.840373277664184570e+00,9.999020695686340332e-01,7.130697835236787796e-03,-1.203098334372043610e-02,6.355007644742727280e-04
6.158280849456787109e+00,5.686117649078369141e+00,1.171716570854187012e+00,9.999859929084777832e-01,-2.571157179772853851e-03,-4.471760243177413940e-03,1.267335494048893452e-03
2.904389619827270508e+00,7.421104431152343750e+00,3.762926101684570312e+00,9.999997615814208984e-01,-1.167932932730764151e-04,5.159417632967233658e-04,-5.976153770461678505e-04
7.398142814636230469e+00,4.008002281188964844e+00,4.748535156250000000e+00,9.997983574867248535e-01,-1.999606937170028687e-02,1.476643956266343594e-03,-1.061018207110464573e-03
3.674844503402709961e+00,1.034512281417846680e+00,4.216155529022216797e+00,9.999993443489074707e-01,-5.324602243490517139e-04,2.934348885901272297e-04,1.067257835529744625e-03
2.174422264099121094e+00,1.376053810119628906e+00,1.111074686050415039e+00,9.999998211860656738e-01,-7.533581992902327329e-06,-1.199887537950417027e-05,6.701205857098102570e-04
2.623505115509033203e+00,4.405134677886962891e+00,5.615368366241455078e+00,9.999993443489074707e-01,-8.181103621609508991e-04,7.356292335316538811e-04,5.116459215059876442e-04
3.476905345916748047e+00,2.923815548419952393e-01,3.576535224914550781e+00,9.999995827674865723e-01,-3.010269392689224333e-05,-8.826742414385080338e-04,4.543082905001938343e-04
7.245572566986083984e+00,4.516837120056152344e+00,4.246516704559326172e+00,9.999871253967285156e-01,-4.974869545549154282e-03,9.931218810379505157e-04,-3.675775369629263878e-04
5.346309542655944824e-01,6.896024346351623535e-01,4.415928840637207031e+00,9.999771714210510254e-01,-4.003109876066446304e-03,-2.063408959656953812e-03,5.050953943282365799e-03
3.607404947280883789e+00,7.196810722351074219e+00,5.468852043151855469e+00,9.999101758003234863e-01,-1.082369964569807053e-02,-7.696440909057855606e-03,1.794637180864810944e-03
4.395777225494384766e+00,5.801478385925292969e+00,5.939236164093017578e+00,9.998368620872497559e-01,9.739740751683712006e-03,-1.515926700085401535e-02,1.288112602196633816e-03
5.639029026031494141e+00,7.416161060333251953e+00,6.409136295318603516e+00,9.999893903732299805e-01,2.256670704809948802e-04,3.656247165054082870e-03,-2.827495569363236427e-03
6.437320113182067871e-01,6.650739192962646484e+00,1.839784681797027588e-01,9.998096227645874023e-01,8.242400945164263248e-04,-1.809314079582691193e-02,7.262096274644136429e-03
2.873887062072753906e+00,7.328186988830566406e+00,4.393481910228729248e-01,9.999986290931701660e-01,1.678683911450207233e-03,2.705084043554961681e-04,-3.241177182644605637e-05
6.986968517303466797e-01,3.323189735412597656e+00,1.954328298568725586e+00,9.999712705612182617e-01,-3.664797637611627579e-03,4.921370185911655426e-03,4.456724040210247040e-03
7.752849906682968140e-02,6.751119136810302734e+00,3.880099296569824219e+00,9.999815821647644043e-01,3.932497464120388031e-03,-8.797717164270579815e-04,4.541814792901277542e-03
5.334440708160400391e+00,6.214639663696289062e+00,5.921393394470214844e+00,9.999984502792358398e-01,-2.723606121435295790e-05,-7.585950661450624466e-04,1.630438142456114292e-03
5.103826045989990234e+00,6.357414126396179199e-01,5.993548870086669922e+00,9.999982714653015137e-01,1.177189114969223738e-04,1.776730408892035484e-03,6.324294372461736202e-04
5.044993162155151367e-01,4.545609951019287109e+00,5.759106159210205078e+00,9.999531507492065430e-01,-8.556222543120384216e-03,3.311262000352144241e-03,3.104490693658590317e-03
1.301936149597167969e+00,3.361174583435058594e+00,3.711172580718994141e+00,9.999994635581970215e-01,-6.721849786117672920e-04,7.822808693163096905e-04,3.427315969020128250e-04
6.033972740173339844e+00,4.021971225738525391e+00,6.065161228179931641e+00,9.999969601631164551e-01,-1.487036701291799545e-03,6.470758671639487147e-05,2.009407849982380867e-03
7.398545265197753906e+00,3.911014795303344727e+00,4.442582607269287109e+00,9.998816251754760742e-01,-1.511072833091020584e-02,2.899331972002983093e-03,-3.880556032527238131e-04
5.553873538970947266e+00,1.467404127120971680e+00,1.575707554817199707e+00,9.999223947525024414e-01,-6.951260846108198166e-03,6.975792814046144485e-03,7.633842993527650833e-03
4.414347171783447266e+00,7.283550739288330078e+00,1.088823795318603516e+00,9.998764991760253906e-01,-1.196637842804193497e-02,8.773832581937313080e-03,5.178531166166067123e-03
5.812726974487304688e+00,2.534716129302978516e+00,3.016923427581787109e+00,9.999995231628417969e-01,-5.877804942429065704e-04,-6.206685065990313888e-05,8.627414354123175144e-04
5.970858097076416016e+00,5.611422061920166016e-01,7.375015258789062500e+00,9.999998211860656738e-01,-4.746569029521197081e-04,-4.021227650810033083e-04,9.647498518461361527e-05
3.570983886718750000e+00,1.849892497062683105e+00,6.952880382537841797e+00,9.999901056289672852e-01,1.879332587122917175e-03,3.320371964946389198e-03,2.275619423016905785e-03
4.609925746917724609e+00,5.044475555419921875e+00,3.604516088962554932e-01,9.998126029968261719e-01,-1.331382431089878082e-02,-1.901655341498553753e-03,1.392234209924936295e-02
7.882359027862548828e-01,7.017736911773681641e+00,6.115865707397460938e-01,9.999958872795104980e-01,4.053548327647149563e-04,4.604459682013839483e-04,2.808097517117857933e-03
7.072228908538818359e+00,5.633683204650878906e+00,7.391610741615295410e-01,9.998908042907714844e-01,-8.751767687499523163e-03,-5.336735397577285767e-03,-1.064368709921836853e-02
3.666194677352905273e+00,3.376387834548950195e+00,2.295210838317871094e+00,9.999895691871643066e-01,-5.458139348775148392e-04,3.045253106392920017e-04,-4.527910146862268448e-03
5.396961212158203125e+00,6.805457592010498047e+00,4.687287211418151855e-01,9.999993443489074707e-01,1.130416785599663854e-04,1.090143574401736259e-03,-4.366644134279340506e-04
2.031978845596313477e+00,2.517391920089721680e+00,1.506544351577758789e+00,9.999997615814208984e-01,3.171510252286680043e-05,6.638444028794765472e-04,3.288992738816887140e-04
6.535958647727966309e-01,4.756094455718994141e+00,1.874607324600219727e+00,9.999923110008239746e-01,-3.067717188969254494e-03,-2.177250571548938751e-03,1.070208498276770115e-03
6.601672649383544922e+00,5.530488967895507812e+00,5.401008605957031250e+00,9.999993443489074707e-01,-6.735065835528075695e-04,-7.795093697495758533e-04,5.972356302663683891e-04
1.550224900245666504e+00,5.785334587097167969e+00,7.091811180114746094e+00,9.999799132347106934e-01,-5.724649410694837570e-03,1.422523171640932560e-03,-2.335481345653533936e-03
4.605820655822753906e+00,6.688943386077880859e+00,1.855698585510253906e+00,9.999998807907104492e-01,-4.212961648590862751e-04,-4.836923835682682693e-05,-3.082786279264837503e-04
2.773605346679687500e+00,2.144782781600952148e+00,2.791405677795410156e+00,9.999998807907104492e-01,5.243450868874788284e-04,-3.047049358428921551e-05,-2.653634292073547840e-04
7.184348583221435547e+00,1.739834070205688477e+00,4.321802139282226562e+00,9.999995827674865723e-01,-4.631561751011759043e-04,6.733970949426293373e-04,5.487857270054519176e-04
6.654788017272949219e+00,4.918684959411621094e+00,4.569454669952392578e+00,9.999918937683105469e-01,-1.090386416763067245e-03,-3.881577868014574051e-03,-9.014784882310777903e-05
4.067826271057128906e+00,4.937947273254394531e+00,2.382631540298461914e+00,9.998039007186889648e-01,-6.787292193621397018e-03,-1.430128701031208038e-02,-1.189901866018772125e-02
1.808376908302307129e-01,6.231160163879394531e+00,5.139214038848876953e+00,9.999984502792358398e-01,3.008706844411790371e-04,1.230754423886537552e-03,-1.291838008910417557e-03
2.590920686721801758e+00,7.084845542907714844e+00,5.806070327758789062e+00,9.999950528144836426e-01,-1.231092028319835663e-03,-2.335570519790053368e-03,-1.687124837189912796e-03
2.888524293899536133e+00,5.576792716979980469e+00,2.072812557220458984e+00,9.999993443489074707e-01,-1.106384675949811935e-03,-4.484248638618737459e-04,-9.523240441922098398e-05
1.566331624984741211e+00,4.673942565917968750e+00,1.367752254009246826e-01,9.999992847442626953e-01,3.806877357419580221e-04,-6.048990762792527676e-04,-1.026233192533254623e-03
4.627099037170410156e+00,2.310261726379394531e+00,6.743784904479980469e+00,9.999932646751403809e-01,3.565636696293950081e-03,-5.660422029905021191e-04,-7.515553734265267849e-04
4.445790767669677734e+00,1.603791713714599609e+00,2.400680303573608398e+00,9.999998807907104492e-01,-3.701330228977894876e-07,9.545956709189340472e-05,6.268984288908541203e-04
6.556159019470214844e+00,6.134236812591552734e+00,7.031436443328857422e+00,9.999988675117492676e-01,-1.455657416954636574e-03,9.309349115937948227e-05,5.475095822475850582e-04
6.640524387359619141e+00,5.656763553619384766e+00,1.247643828392028809e+00,9.999126195907592773e-01,-6.212146021425724030e-03,-1.016232557594776154e-02,5.741950590163469315e-03
3.260900735855102539e+00,7.975205183029174805e-01,3.014653027057647705e-01,9.999908208847045898e-01,-7.739186403341591358e-04,1.669596531428396702e-04,-4.220898728817701340e-03
3.082811832427978516e+00,1.352401852607727051e+00,2.947051286697387695e+00,1.000000000000000000e+00,6.883856985950842500e-05,-1.480416394770145416e-04,2.706849481910467148e-04
2.236020088195800781e+00,3.324274778366088867e+00,6.875542402267456055e-01,9.999064803123474121e-01,-8.945219218730926514e-03,-6.673342548310756683e-03,7.911283522844314575e-03
1.739632725715637207e+00,2.975380897521972656e+00,5.981096744537353516e+00,9.999953508377075195e-01,-2.939208643510937691e-03,4.958463832736015320e-04,-7.693626102991402149e-04
1.672959178686141968e-01,4.896894454956054688e+00,2.071225643157958984e+00,9.999983310699462891e-01,1.514039468020200729e-03,-1.028088969178497791e-03,2.647721266839653254e-04
1.653489708900451660e+00,1.985821008682250977e+00,4.957609653472900391e+00,9.997469782829284668e-01,-1.753862574696540833e-02,1.375415083020925522e-02,3.038555383682250977e-03
6.037602901458740234e+00,2.458760261535644531e+00,2.710925601422786713e-02,9.999991059303283691e-01,-4.849112592637538910e-04,5.991986836306750774e-04,1.169872935861349106e-03
5.755939960479736328e+00,2.594910562038421631e-02,3.958871603012084961e+00,9.999993443489074707e-01,1.899388880701735616e-04,6.741004472132772207e-05,-1.197045552544295788e-03
1.251864433288574219e+00,7.292508125305175781e+00,6.447967052459716797e+00,9.999186396598815918e-01,6.383887375704944134e-04,1.221347786486148834e-02,3.616396337747573853e-03
4.734965801239013672e+00,1.178032040596008301e+00,4.196533203125000000e+00,9.999986886978149414e-01,-4.661175189539790154e-04,-1.131684868596494198e-03,-1.125659444369375706e-03
6.627068996429443359e+00,1.862066984176635742e+00,4.989165306091308594e+00,9.999617934226989746e-01,-5.108516197651624680e-03,6.922387517988681793e-03,-1.570808817632496357e-03
1.075963616371154785e+00,1.174953937530517578e+00,6.608016490936279297e+00,9.999645948410034180e-01,-6.903722882270812988e-03,-2.087886445224285126e-03,4.347308538854122162e-03
6.636743068695068359e+00,1.715909242630004883e-01,3.775129079818725586e+00,9.999974966049194336e-01,-1.845521968789398670e-03,-8.919698302634060383e-04,-9.572774870321154594e-04
6.671712398529052734e+00,4.179449677467346191e-01,6.699435234069824219e+00,9.999994039535522461e-01,-9.726587450131773949e-04,8.343403351318556815e-06,-5.764528177678585052e-04
1.346113204956054688e+00,5.078349113464355469e+00,1.260228991508483887e+00,9.999781250953674316e-01,-6.190700922161340714e-03,-2.011204371228814125e-03,1.195655902847647667e-03
1.055720567703247070e+00,5.993062496185302734e+00,3.371508121490478516e+00,9.999997615814208984e-01,-2.529298071749508381e-04,3.560654586181044579e-04,6.588376127183437347e-04
2.697973966598510742e+00,5.232860565185546875e+00,5.376750946044921875e+00,9.999896287918090820e-01,-3.031348809599876404e-03,-4.700765712186694145e-04,-3.366951132193207741e-03
2.489796638488769531e+00,1.592299044132232666e-01,4.540235400199890137e-01,9.999980926513671875e-01,5.185399204492568970e-04,1.928221783600747585e-03,5.532010982278734446e-05
4.913496971130371094e+00,7.325256824493408203e+00,7.887952327728271484e-01,9.999989271163940430e-01,-5.376751651056110859e-04,1.133456476964056492e-03,-8.499632822349667549e-04
4.729001522064208984e+00,1.979193687438964844e+00,5.993893146514892578e+00,9.999927878379821777e-01,2.309747040271759033e-03,9.334947098977863789e-04,2.861532382667064667e-03
5.613907705992460251e-03,7.284351825714111328e+00,6.771849632263183594e+00,9.999828338623046875e-01,-4.429150372743606567e-03,4.212656931485980749e-04,3.815236967056989670e-03
2.120552659034729004e-01,4.119085788726806641e+00,6.908459663391113281e+00,9.999944567680358887e-01,-1.985392067581415176e-03,-2.338636899366974831e-03,1.345503027550876141e-03
6.140345096588134766e+00,4.496220111846923828e+00,4.560930252075195312e+00,9.999988675117492676e-01,1.216388773173093796e-03,-9.156086016446352005e-04,1.193636271636933088e-04
1.590224653482437134e-01,4.987096309661865234e+00,5.729461669921875000e+00,9.999939799308776855e-01,3.460341831669211388e-03,-2.165686237276531756e-05,4.317931015975773335e-04
6.995911598205566406e+00,2.983073472976684570e+00,6.295622825622558594e+00,9.999973177909851074e-01,-2.065182430669665337e-03,3.295006172265857458e-04,1.025821082293987274e-03
4.249083042144775391e+00,4.977515220642089844e+00,6.176856040954589844e+00,9.999999403953552246e-01,-4.684247833210974932e-04,5.130831050337292254e-05,-2.380202786298468709e-04
2.830182313919067383e+00,5.406376905739307404e-03,2.294411420822143555e+00,9.999995231628417969e-01,-1.015250571072101593e-03,1.265428727492690086e-04,1.885633719211909920e-05
3.788955926895141602e+00,3.412509918212890625e+00,1.068878173828125000e+00,9.999057054519653320e-01,1.178430765867233276e-02,1.199708203785121441e-03,6.945422850549221039e-03
2.324769973754882812e+00,5.349206924438476562e+00,6.591705322265625000e+00,9.999873638153076172e-01,-1.882824697531759739e-03,-1.317689078859984875e-03,-4.487151745706796646e-03
9.949644207954406738e-01,2.359619855880737305e+00,6.021795272827148438e+00,9.999939799308776855e-01,5.963306757621467113e-04,-1.948575605638325214e-03,-2.831461140885949135e-03
4.952665805816650391e+00,2.370852231979370117e-01,3.436763286590576172e-01,9.999999403953552246e-01,-1.442724751541391015e-04,-1.693069061730057001e-04,-4.120458906982094049e-04
6.782877922058105469e+00,2.800868511199951172e+00,7.368068218231201172e+00,9.999881982803344727e-01,-4.299925640225410461e-03,-2.273310208693146706e-03,-3.003038873430341482e-04
6.231309413909912109e+00,6.142413616180419922e+00,7.282327651977539062e+00,9.999898076057434082e-01,-3.412001533433794975e-03,-2.921788720414042473e-03,-5.891303881071507931e-04
2.192676782608032227e+00,5.076816082000732422e+00,1.619225025177001953e+00,9.998012781143188477e-01,-1.425527036190032959e-02,1.321690995246171951e-02,4.413352347910404205e-03
5.879411220550537109e+00,1.532675862312316895e+00,6.604966163635253906e+00,9.999988675117492676e-01,9.766868315637111664e-04,-5.137895350344479084e-04,-1.118548098020255566e-03
1.811859369277954102e+00,3.301336050033569336e+00,5.904575824737548828e+00,9.999889135360717773e-01,-6.028477801010012627e-04,3.278932999819517136e-03,-3.339544637128710747e-03
3.913877248764038086e+00,5.244405746459960938e+00,7.222545146942138672e+00,9.999982118606567383e-01,3.802135761361569166e-04,5.735612357966601849e-04,1.795465475879609585e-03
2.520261764526367188e+00,2.312981605529785156e+00,1.367618680000305176e+00,9.999985694885253906e-01,5.374459433369338512e-04,1.602915232069790363e-03,-5.536186654353514314e-05
1.355135321617126465e+00,5.209382534027099609e+00,6.936348915100097656e+00,9.999890327453613281e-01,3.609410254284739494e-03,2.728399587795138359e-03,-1.209618058055639267e-03
5.660609245300292969e+00,5.858494281768798828e+00,1.263816475868225098e+00,9.999979138374328613e-01,7.005174411460757256e-04,-4.524946270976215601e-04,-1.903634285554289818e-03
2.215696334838867188e+00,1.197807341814041138e-01,6.325716495513916016e+00,9.999916553497314453e-01,2.496409462764859200e-03,-2.516485750675201416e-03,-2.050610492005944252e-03
3.776056289672851562e+00,3.888102054595947266e+00,6.987224102020263672e+00,9.999992847442626953e-01,-1.312087260885164142e-04,-2.756599769782042131e-06,1.216170378029346466e-03
2.526268661022186279e-01,7.052469730377197266e+00,9.600526690483093262e-01,9.999930262565612793e-01,-2.762560732662677765e-03,-2.423343947157263756e-03,6.090705865062773228e-04
2.076791763305664062e+00,2.010720252990722656e+00,6.505619049072265625e+00,9.999992251396179199e-01,-1.035254681482911110e-03,2.716164453886449337e-04,-7.143455441109836102e-04
5.666874408721923828e+00,4.830221176147460938e+00,4.813044071197509766e+00,9.999983310699462891e-01,-7.026140228845179081e-04,-1.120039029046893120e-03,-1.290052197873592377e-03
3.079197645187377930e+00,3.300301074981689453e+00,4.754468426108360291e-02,9.999998807907104492e-01,-1.493693562224507332e-04,-2.064735745079815388e-04,4.154268244747072458e-04
5.313246250152587891e+00,4.501962184906005859e+00,5.020495414733886719e+00,9.997575879096984863e-01,-1.510126981884241104e-02,1.578496955335140228e-02,2.754357876256108284e-03
1.262417435646057129e+00,1.182563781738281250e+00,7.281290531158447266e+00,9.999990463256835938e-01,-8.043173584155738354e-04,-1.103813527151942253e-03,-3.981961344834417105e-04
4.405475616455078125e+00,5.659297943115234375e+00,2.456978082656860352e+00,9.999998211860656738e-01,6.056503043510019779e-04,-2.140235592378303409e-04,-2.324303350178524852e-04
4.780436038970947266e+00,6.159438610076904297e+00,6.211298465728759766e+00,9.999874830245971680e-01,-4.325650632381439209e-03,2.114186296239495277e-03,1.391506870277225971e-03
3.534796476364135742e+00,7.023799896240234375e+00,7.234491825103759766e+00,9.997891783714294434e-01,-1.808338239789009094e-02,4.616667050868272781e-03,8.559048175811767578e-03
1.821064472198486328e+00,7.131913185119628906e+00,5.857821941375732422e+00,9.999931454658508301e-01,-3.553406568244099617e-03,-1.078721019439399242e-03,2.592814271338284016e-04
1.254289627075195312e+00,6.316136837005615234e+00,5.934701442718505859e+00,9.999970793724060059e-01,2.979732817038893700e-04,-4.351887037046253681e-04,2.384052146226167679e-03
4.033193588256835938e+00,4.565093040466308594e+00,8.459341526031494141e-01,9.998772740364074707e-01,6.944509688764810562e-03,-2.979170996695756912e-03,1.372739486396312714e-02
6.980647563934326172e+00,1.076447725296020508e+00,5.483003139495849609e+00,9.999154210090637207e-01,4.504410549998283386e-03,-1.157351396977901459e-02,3.878864459693431854e-03
6.005008697509765625e+00,7.345763683319091797e+00,6.965442180633544922e+00,9.999957084655761719e-01,4.524317919276654720e-04,-2.922685584053397179e-03,6.141717312857508659e-05
2.789331436157226562e+00,5.118649482727050781e+00,6.860874593257904053e-02,9.999973773956298828e-01,-1.380191097268834710e-04,-1.839540665969252586e-03,-1.348656485788524151e-03
5.502408504486083984e+00,7.014356613159179688e+00,3.446836948394775391e+00,9.999720454216003418e-01,-4.403100349009037018e-03,5.461737047880887985e-03,-2.626157132908701897e-03
1.097428441047668457e+00,6.375262260437011719e+00,4.126430034637451172e+00,9.999973177909851074e-01,-9.161818306893110275e-04,-1.002398552373051643e-03,1.917326240800321102e-03
7.419512271881103516e+00,5.377265453338623047e+00,4.535563468933105469e+00,9.999991059303283691e-01,6.197201437316834927e-04,1.085391268134117126e-03,-5.277175223454833031e-04
4.628729343414306641e+00,5.904664039611816406e+00,3.086683988571166992e+00,9.999839663505554199e-01,-2.361360471695661545e-03,-1.301962765865027905e-04,-5.158326588571071625e-03
7.202620506286621094e+00,3.280958175659179688e+00,6.495953083038330078e+00,9.999992847442626953e-01,-1.034051645547151566e-03,4.195469373371452093e-04,-5.591068766079843044e-04
6.787828803062438965e-01,3.747039318084716797e+00,4.993385791778564453e+00,9.999978542327880859e-01,1.822448917664587498e-03,1.011936925351619720e-03,-2.021552500082179904e-04
6.303302764892578125e+00,2.464706420898437500e+00,2.104284763336181641e+00,9.999997019767761230e-01,3.204943786840885878e-04,4.284850438125431538e-04,6.878767744638025761e-04
3.585451126098632812e+00,6.268010616302490234e+00,3.893674612045288086e+00,9.998835921287536621e-01,-4.183975979685783386e-03,2.162458375096321106e-03,1.451414916664361954e-02
7.040954113006591797e+00,6.020719528198242188e+00,2.704928159713745117e+00,9.999067187309265137e-01,-1.068783830851316452e-02,5.734073929488658905e-03,6.285603623837232590e-03
6.218032360076904297e+00,4.414175033569335938e+00,7.189082622528076172e+00,9.999837875366210938e-01,-1.698408974334597588e-03,-5.279555916786193848e-03,1.279958290979266167e-03
4.333954334259033203e+00,1.284937977790832520e+00,2.297913789749145508e+00,9.999998807907104492e-01,-3.300558601040393114e-04,-2.491781779099255800e-04,3.123348578810691833e-04
3.617160558700561523e+00,3.266947746276855469e+00,2.495471388101577759e-01,9.999995827674865723e-01,3.320226387586444616e-04,5.979494744678959250e-05,-9.403041913174092770e-04
3.664108753204345703e+00,4.226720809936523438e+00,3.380747735500335693e-01,9.999982714653015137e-01,2.875352511182427406e-04,-1.131510012783110142e-03,-1.487191999331116676e-03
4.775533199310302734e+00,6.056488513946533203e+00,4.751693725585937500e+00,1.000000000000000000e+00,2.117537951562553644e-04,-1.015861125779338181e-04,-3.272029280196875334e-04
6.979111194610595703e+00,6.808213233947753906e+00,5.307294368743896484e+00,9.998949170112609863e-01,-7.198383100330829620e-03,-3.996592015027999878e-03,-1.193362567573785782e-02
1.442967176437377930e+00,2.902222394943237305e+00,2.524846553802490234e+00,9.999966621398925781e-01,-2.694312133826315403e-04,-2.585028298199176788e-03,-1.393653510604053736e-04
2.824936389923095703e+00,6.792508602142333984e+00,7.110136151313781738e-01,9.999983310699462891e-01,-1.353798550553619862e-03,-6.700972444377839565e-04,-1.017309608869254589e-03
6.175087928771972656e+00,2.026708364486694336e+00,2.721247911453247070e+00,9.999304413795471191e-01,-1.408472657203674316e-03,1.135912165045738220e-02,-2.850268734619021416e-03
3.707296252250671387e-01,1.279721409082412720e-01,5.509366989135742188e+00,9.999905824661254883e-01,-4.094462841749191284e-03,1.076719956472516060e-03,-1.044303993694484234e-03
5.161327838897705078e+00,4.380948543548583984e+00,1.732231616973876953e+00,9.999793171882629395e-01,-6.165547296404838562e-03,1.053249463438987732e-03,1.491967006586492062e-03
3.123095989227294922e+00,2.266424179077148438e+00,4.101890563964843750e+00,9.999977350234985352e-01,-8.205221092794090509e-05,6.351590272970497608e-04,2.051130635663866997e-03
1.494459390640258789e+00,2.283493429422378540e-01,2.180177211761474609e+00,9.999997615814208984e-01,3.078162553720176220e-04,4.581891116686165333e-04,4.821263137273490429e-04
7.340559959411621094e+00,2.922597825527191162e-01,2.144868135452270508e+00,9.999997019767761230e-01,7.369756349362432957e-04,3.362444404046982527e-04,1.023730801534838974e-04
2.414938926696777344e+00,3.933484077453613281e+00,4.924167633056640625e+00,9.999938011169433594e-01,2.238366578239947557e-04,-2.651579910889267921e-03,-2.338557736948132515e-03
7.034733772277832031e+00,5.891697406768798828e+00,6.806252479553222656e+00,9.999956488609313965e-01,-2.385418629273772240e-03,1.578926225192844868e-03,-7.607088191434741020e-04
6.301910400390625000e+00,4.960716724395751953e+00,6.921296119689941406e-01,9.999178051948547363e-01,-1.129729673266410828e-03,-1.275023166090250015e-02,-8.363613160327076912e-04
1.293512105941772461e+00,2.442553281784057617e+00,3.152463436126708984e+00,9.999918937683105469e-01,2.213600091636180878e-03,-1.620037830434739590e-03,-2.955832052975893021e-03
1.433766841888427734e+00,5.707000255584716797e+00,3.827135086059570312e+00,9.999995231628417969e-01,7.392890402115881443e-04,6.604377413168549538e-04,1.976682833628728986e-04
5.991868019104003906e+00,6.670039653778076172e+00,3.361202716827392578e+00,9.998809099197387695e-01,-1.516944542527198792e-02,-1.587782870046794415e-03,-2.378530334681272507e-03
3.145571231842041016e+00,2.902706623077392578e+00,1.962831020355224609e+00,9.999993443489074707e-01,1.069360296241939068e-03,3.667223791126161814e-04,-4.239070694893598557e-04
1.511864542961120605e+00,5.204532146453857422e+00,2.608625173568725586e+00,9.999957680702209473e-01,2.769438317045569420e-03,6.532890838570892811e-04,-7.294685929082334042e-04
1.695700764656066895e+00,6.417021274566650391e+00,5.991237163543701172e+00,9.998830556869506836e-01,9.066860191524028778e-03,8.081103675067424774e-03,-9.298169985413551331e-03
7.006504535675048828e+00,1.728247404098510742e+00,2.847105860710144043e-01,9.999473690986633301e-01,9.289670735597610474e-03,2.293469849973917007e-03,-3.707997966557741165e-03
7.392165660858154297e+00,1.788654446601867676e+00,3.390336513519287109e+00,9.998032450675964355e-01,-1.329879928380250931e-02,1.384933013468980789e-02,-4.992276430130004883e-03
6.997928142547607422e+00,2.055482625961303711e+00,3.314603090286254883e+00,9.999768733978271484e-01,6.035240832716226578e-03,1.343370415270328522e-03,-2.839632565155625343e-03
2.859388828277587891e+00,7.377700805664062500e+00,6.790651798248291016e+00,9.999989867210388184e-01,-5.018495139665901661e-04,9.758574888110160828e-04,-9.136500884778797626e-04
1.288179010152816772e-01,4.247478008270263672e+00,7.273867607116699219e+00,9.999908208847045898e-01,-1.414254889823496342e-03,3.543237457051873207e-03,1.980537781491875648e-03
6.684686183929443359e+00,2.937724590301513672e-01,7.371093273162841797e+00,9.999972581863403320e-01,-1.203416963107883930e-03,-1.416703802533447742e-03,-1.420009881258010864e-03
1.011611223220825195e+00,2.520745277404785156e+00,3.809364080429077148e+00,9.999926686286926270e-01,2.777692629024386406e-03,-2.614217111840844154e-03,-2.497581590432673693e-04
4.356175899505615234e+00,6.506533145904541016e+00,1.312591910362243652e+00,9.999999403953552246e-01,-4.458353214431554079e-04,1.371971211483469233e-05,2.911121118813753128e-04
4.460232257843017578e+00,2.676656961441040039e+00,3.299283266067504883e+00,9.999951720237731934e-01,3.023368539288640022e-03,3.178169208695180714e-05,-7.785633788444101810e-04
4.192902565002441406e+00,4.466742038726806641e+00,6.327879905700683594e+00,9.999996423721313477e-01,-4.780998860951513052e-04,4.542746464721858501e-04,6.712504546158015728e-04
1.057202339172363281e+00,1.592887878417968750e+00,4.154839992523193359e+00,9.999878406524658203e-01,-3.268298169132322073e-04,-3.990878351032733917e-03,-2.910463139414787292e-03
4.527091503143310547e+00,6.322171688079833984e+00,4.115824699401855469e+00,9.999976158142089844e-01,-1.905445358715951443e-03,-2.010656171478331089e-04,-1.071616192348301411e-03
6.376219272613525391e+00,5.493667602539062500e+00,7.123718261718750000e+00,9.999880194664001465e-01,3.853058209642767906e-03,2.399297198280692101e-03,-1.869441708549857140e-03
8.302519917488098145e-01,6.063343524932861328e+00,5.470734119415283203e+00,9.998984336853027344e-01,-1.311669312417507172e-02,-2.163575263693928719e-03,-5.137832369655370712e-03
2.987510204315185547e+00,3.568277657032012939e-01,7.313522815704345703e+00,9.999895691871643066e-01,1.055038417689502239e-03,-4.431508481502532959e-03,4.067343543283641338e-04
1.796787619590759277e+00,6.157248020172119141e+00,5.831766128540039062e+00,9.998847842216491699e-01,1.039957907050848007e-02,6.903053727000951767e-03,-8.643737062811851501e-03
5.583692550659179688e+00,1.375335693359375000e+00,5.022757530212402344e+00,9.999983906745910645e-01,1.330441911704838276e-03,1.215309370309114456e-03,1.879115588963031769e-04
3.720716476440429688e+00,6.366499423980712891e+00,1.831731438636779785e+00,9.999942779541015625e-01,2.709778957068920135e-03,-1.960649853572249413e-03,-5.390048027038574219e-04
3.208654642105102539e+00,5.287710189819335938e+00,4.183914959430694580e-01,9.999985098838806152e-01,2.376788324909284711e-04,2.819410583470016718e-04,1.736266305670142174e-03
3.957066774368286133e+00,2.444012641906738281e+00,2.716653823852539062e+00,9.999653100967407227e-01,5.618906114250421524e-03,-2.273267135024070740e-03,-5.722376052290201187e-03
6.156781196594238281e+00,1.630342006683349609e+00,5.371106863021850586e-01,9.999985694885253906e-01,4.150662862230092287e-04,-2.347343834117054939e-04,-1.652859151363372803e-03
3.771321296691894531e+00,4.648202419281005859e+00,1.651762843132019043e+00,9.999961853027343750e-01,-7.410033722408115864e-04,2.367072505876421928e-03,1.259040436707437038e-03
4.966881275177001953e+00,6.462792873382568359e+00,1.539668202400207520e+00,9.999973773956298828e-01,-1.921624178066849709e-03,1.814954302972182631e-04,-1.292617642320692539e-03
5.133646488189697266e+00,6.567303180694580078e+00,8.672465384006500244e-02,9.999642968177795410e-01,-3.279327880591154099e-03,-3.038934664800763130e-03,7.174963597208261490e-03
3.045932531356811523e+00,6.726227760314941406e+00,2.563724994659423828e+00,9.999997019767761230e-01,6.325981812551617622e-04,4.928454291075468063e-04,-3.060297749470919371e-04
7.380195140838623047e+00,3.562501430511474609e+00,5.178638458251953125e+00,9.999977350234985352e-01,4.547531134448945522e-04,-2.037968486547470093e-03,-4.807305231224745512e-04
2.946424007415771484e+00,2.650757551193237305e+00,1.802240848541259766e+00,9.999977946281433105e-01,2.105870982632040977e-03,-1.476539327995851636e-04,-2.094085939461365342e-04
7.220920085906982422e+00,7.424378871917724609e+00,5.317219257354736328e+00,9.999969005584716797e-01,9.943281766027212143e-04,-1.230247784405946732e-03,-1.945973490364849567e-03
1.249613642692565918e+00,-7.138337474316358566e-03,5.194701194763183594e+00,9.999821186065673828e-01,-4.192472435534000397e-03,4.031538497656583786e-03,-1.375763909891247749e-03
7.343367576599121094e+00,4.923031806945800781e+00,5.711148738861083984e+00,9.999966621398925781e-01,2.315771766006946564e-03,-9.765017894096672535e-04,6.605096277780830860e-04
5.236068725585937500e+00,5.541189193725585938e+00,1.044689893722534180e+00,9.998139739036560059e-01,-1.359538268297910690e-02,-8.820902556180953979e-03,-1.046239770948886871e-02
5.309946537017822266e-01,5.099720954895019531e+00,1.811797857284545898e+00,9.999975562095642090e-01,1.908647827804088593e-03,-9.879976278170943260e-04,6.644707173109054565e-04
3.257739543914794922e+00,4.098286628723144531e+00,6.852159976959228516e+00,9.999977350234985352e-01,-7.966404082253575325e-04,1.422298082616180182e-04,-2.009895863011479378e-03
6.709605693817138672e+00,9.114497303962707520e-01,5.540232181549072266e+00,9.999921321868896484e-01,2.941476705018430948e-04,-3.250660607591271400e-03,2.282786183059215546e-03
4.410536289215087891e+00,1.944654941558837891e+00,5.327358245849609375e+00,9.999937415122985840e-01,2.424368169158697128e-03,2.606932073831558228e-03,-1.338441070402041078e-04
5.826986312866210938e+00,7.183172702789306641e+00,3.943867206573486328e+00,9.999989271163940430e-01,8.739372424315661192e-05,-1.005170051939785480e-03,-1.099101267755031586e-03
1.619620472192764282e-01,1.117797017097473145e+00,3.950259208679199219e+00,9.999932050704956055e-01,-2.562132896855473518e-03,-1.778847537934780121e-03,-2.007716335356235504e-03
6.034766674041748047e+00,5.665147304534912109e+00,7.120770931243896484e+00,9.999848604202270508e-01,-1.153770019300282001e-03,-5.374895874410867691e-03,-3.439000283833593130e-04
4.805046916007995605e-01,3.037480354309082031e+00,3.545554637908935547e+00,9.998019337654113770e-01,-7.845113053917884827e-03,1.708379946649074554e-02,6.541614420711994171e-03
1.453209280967712402e+00,2.521871566772460938e+00,4.859374523162841797e+00,9.999983906745910645e-01,-7.131187012419104576e-04,1.591732725501060486e-03,-4.667783796321600676e-04
2.991791486740112305e+00,3.293935537338256836e+00,7.849143147468566895e-01,9.999998807907104492e-01,-1.845446240622550249e-04,-4.679106932599097490e-04,-4.856114173890091479e-05
2.313053607940673828e+00,1.055006265640258789e+00,5.042713165283203125e+00,9.999828338623046875e-01,-1.726175541989505291e-03,1.762837637215852737e-03,-5.331241525709629059e-03
9.334760308265686035e-01,2.032550334930419922e+00,3.924040555953979492e+00,9.999933838844299316e-01,7.931641885079443455e-04,-1.760578481480479240e-03,3.100589849054813385e-03
3.050333023071289062e+00,6.744833946228027344e+00,3.643523216247558594e+00,9.998939037322998047e-01,-9.454984217882156372e-03,-7.544726599007844925e-03,8.117869496345520020e-03
6.062531471252441406e+00,6.656070709228515625e+00,1.277884840965270996e+00,9.999979734420776367e-01,1.978751271963119507e-03,4.612851480487734079e-04,-9.306086576543748379e-05
4.492013931274414062e+00,3.605166673660278320e+00,5.570161342620849609e+00,1.000000000000000000e+00,4.035388410557061434e-04,3.325191210024058819e-05,2.150045293092262000e-05
4.225408077239990234e+00,7.100838422775268555e-01,3.730429887771606445e+00,9.999998807907104492e-01,3.766138397622853518e-04,3.561940102372318506e-04,-1.512463932158425450e-04
1.954487919807434082e+00,6.393550872802734375e+00,1.674412965774536133e+00,9.998807311058044434e-01,-6.363070104271173477e-03,1.355424243956804276e-02,-3.796976059675216675e-03
2.310786962509155273e+00,1.143555045127868652e+00,3.176800012588500977e-01,9.999957084655761719e-01,-2.937855897471308708e-04,1.560419448651373386e-03,-2.496279077604413033e-03
5.404458045959472656e+00,5.621230602264404297e-01,6.013416871428489685e-02,9.999545216560363770e-01,5.453940830193459988e-04,-3.615100402384996414e-03,-8.808107115328311920e-03
3.459833145141601562e+00,6.653884887695312500e+00,6.843798160552978516e+00,9.999943375587463379e-01,-1.842044526711106300e-03,-2.785166725516319275e-03,5.495081422850489616e-04
7.152181625366210938e+00,9.611550569534301758e-01,2.307790517807006836e+00,9.999560117721557617e-01,-6.242623087018728256e-03,5.986653733998537064e-03,-3.641252405941486359e-03
3.014981985092163086e+00,3.195569992065429688e+00,4.354918956756591797e+00,9.999839067459106445e-01,9.208282572217285633e-04,-3.622435033321380615e-03,-4.279842134565114975e-03
7.835111618041992188e-01,6.575814723968505859e+00,8.886861801147460938e-01,9.999967813491821289e-01,-1.671793521381914616e-03,-1.838423660956323147e-03,-6.406898028217256069e-04
5.209424495697021484e+00,6.486773014068603516e+00,1.828430652618408203e+00,9.999800324440002441e-01,2.868515904992818832e-03,5.530797876417636871e-03,-1.093906117603182793e-03
8.969262838363647461e-01,2.500631332397460938e+00,2.917265892028808594e-01,9.999998807907104492e-01,1.706452749203890562e-04,2.232606930192559958e-04,-5.026479484513401985e-04
4.415462017059326172e+00,5.451280593872070312e+00,4.973488330841064453e+00,9.999949336051940918e-01,-5.755143502028658986e-05,-2.594347577542066574e-03,1.840263837948441505e-03
3.545030355453491211e+00,3.983520984649658203e+00,5.432914257049560547e+00,9.999985694885253906e-01,1.120263943448662758e-03,-1.215538592077791691e-03,3.357852110639214516e-04
1.208057999610900879e+00,2.155139207839965820e+00,6.959671497344970703e+00,9.999990463256835938e-01,7.567699649371206760e-04,9.769673488335683942e-05,1.217308104969561100e-03
2.669296026229858398e+00,2.441314935684204102e+00,6.582716464996337891e+00,9.999986290931701660e-01,1.026716083288192749e-03,9.655561880208551884e-04,8.610745426267385483e-04
3.799179792404174805e+00,6.530894041061401367e-01,1.666608214378356934e+00,9.999992251396179199e-01,-4.372400580905377865e-04,-1.002311939373612404e-03,6.427713087759912014e-04
1.272775411605834961e+00,7.389163970947265625e+00,7.273254543542861938e-02,9.999994039535522461e-01,1.042635412886738777e-03,2.263912610942497849e-04,4.432728164829313755e-04
4.963993072509765625e+00,3.580268383026123047e+00,3.881553649902343750e+00,9.997826814651489258e-01,1.999731920659542084e-02,-3.167930524796247482e-03,-4.983277060091495514e-03
3.837219476699829102e+00,5.189575195312500000e+00,2.547801733016967773e+00,9.999948740005493164e-01,-2.264997456222772598e-03,-1.044700387865304947e-03,-2.055376768112182617e-03
6.868475437164306641e+00,3.016166210174560547e+00,2.076688855886459351e-01,9.999997615814208984e-01,-6.516141584143042564e-04,2.901971747633069754e-04,-4.106574633624404669e-04
1.042069792747497559e+00,1.873854637145996094e+00,3.482817173004150391e+00,9.997847676277160645e-01,-9.215611964464187622e-03,1.504037156701087952e-02,-1.092040445655584335e-02
5.803085803985595703e+00,3.595038056373596191e-01,2.776306629180908203e+00,9.999994039535522461e-01,-2.869157469831407070e-04,9.215921163558959961e-04,-6.455137627199292183e-04
3.997376680374145508e+00,1.368214249610900879e+00,1.076135873794555664e+00,9.999955296516418457e-01,5.923846038058400154e-04,-2.600983250886201859e-03,1.395908067934215069e-03
1.198140263557434082e+00,5.789844989776611328e+00,1.967289686203002930e+00,9.999963641166687012e-01,2.728139748796820641e-03,1.107221687561832368e-04,4.831811384065076709e-05
2.267652750015258789e+00,3.712925910949707031e+00,2.419030189514160156e+00,9.999984502792358398e-01,-1.358991372399032116e-03,4.372462572064250708e-04,-1.111987861804664135e-03
4.881534099578857422e+00,6.865974903106689453e+00,4.750089645385742188e+00,9.999996423721313477e-01,-8.786478429101407528e-04,-2.073541509162168950e-05,-1.705345930531620979e-04
7.546029090881347656e-01,5.513466835021972656e+00,5.962675094604492188e+00,9.999973177909851074e-01,-1.288742292672395706e-03,1.911508035846054554e-03,3.729942254722118378e-04
4.501041412353515625e+00,3.159704685211181641e+00,4.977553367614746094e+00,9.999998807907104492e-01,4.449907864909619093e-04,-3.395813400857150555e-04,-8.608135249232873321e-05
2.845945835113525391e+00,7.130141735076904297e+00,3.203527688980102539e+00,9.999998807907104492e-01,-2.302781649632379413e-04,-5.107896868139505386e-04,-8.715389412827789783e-05
1.899007797241210938e+00,5.109010696411132812e+00,1.494210600852966309e+00,9.998171329498291016e-01,-8.703709580004215240e-03,7.766213733702898026e-03,1.515611447393894196e-02
2.963131189346313477e+00,5.376669883728027344e+00,3.305614709854125977e+00,9.999998807907104492e-01,4.615740326698869467e-04,-1.905647659441456199e-04,-1.340789749519899487e-04
4.691822528839111328e+00,7.124982357025146484e+00,3.012551307678222656e+00,9.999989271163940430e-01,-2.876291691791266203e-04,1.241533434949815273e-03,-7.808933150954544544e-04
4.590342998504638672e+00,2.122689485549926758e+00,1.204892992973327637e+00,9.999153017997741699e-01,5.426425952464342117e-03,-1.061622984707355499e-02,-5.219059530645608902e-03
3.475242853164672852e+00,3.463336229324340820e+00,3.811236381530761719e+00,9.999998211860656738e-01,-1.888455153675749898e-04,-3.245041880290955305e-04,5.285390652716159821e-04
1.582667946815490723e+00,7.022269725799560547e+00,5.108579635620117188e+00,9.999189376831054688e-01,4.922714550048112869e-03,-1.091926265507936478e-02,4.336902406066656113e-03
1.647048830986022949e+00,2.950258016586303711e+00,3.389435529708862305e+00,9.999995231628417969e-01,-2.308492257725447416e-04,8.309878758154809475e-04,5.055175279267132282e-04
3.660706877708435059e-01,2.269695043563842773e+00,3.119281053543090820e+00,9.999711513519287109e-01,1.569405663758516312e-03,-3.172264434397220612e-03,6.720958277583122253e-03
5.694976806640625000e+00,2.822047710418701172e+00,1.678616523742675781e+00,9.999993443489074707e-01,-1.938299537869170308e-04,-1.170039176940917969e-03,-2.513988001737743616e-04
3.717821836471557617e+00,3.819152593612670898e+00,3.287633895874023438e+00,9.999961256980895996e-01,1.696385792456567287e-03,4.271921352483332157e-04,-2.206818899139761925e-03
3.264070272445678711e+00,2.853602647781372070e+00,3.738092184066772461e+00,9.998492002487182617e-01,-2.720325719565153122e-03,8.648996241390705109e-03,-1.481071859598159790e-02
2.692022800445556641e+00,3.848519325256347656e-01,3.284103870391845703e+00,9.999978542327880859e-01,-1.325579709373414516e-03,-1.378410612232983112e-03,-8.149098721332848072e-04
3.973818540573120117e+00,3.831537485122680664e+00,2.098631381988525391e+00,9.999810457229614258e-01,-4.113513045012950897e-03,1.385537441819906235e-03,-4.386971239000558853e-03
5.817104816436767578e+00,6.039107322692871094e+00,4.755553007125854492e-01,9.999998807907104492e-01,1.942102389875799417e-04,4.395472060423344374e-04,2.464778663124889135e-04
3.363355875015258789e+00,4.801508903503417969e+00,1.088627338409423828e+00,9.999994635581970215e-01,2.375000985921360552e-05,4.325398185756057501e-04,-9.887794731184840202e-04
5.737071990966796875e+00,4.157757759094238281e+00,2.740653038024902344e+00,9.999924898147583008e-01,-1.898529357276856899e-03,-3.031999804079532623e-03,-1.534435199573636055e-03
2.947339534759521484e+00,4.358044624328613281e+00,5.441699504852294922e+00,9.999796152114868164e-01,5.027731414884328842e-03,-6.631588330492377281e-04,3.894648049026727676e-03
8.816967010498046875e-01,5.115315914154052734e+00,7.414102554321289062e+00,9.999981522560119629e-01,3.157239698339253664e-04,-7.087473641149699688e-04,1.799677731469273567e-03
7.399429321289062500e+00,5.878823280334472656e+00,4.922234058380126953e+00,9.999997019767761230e-01,-2.501531853340566158e-04,2.953082366730086505e-05,8.296507876366376877e-04
6.115277767181396484e+00,6.786910057067871094e+00,2.731166601181030273e+00,9.999978542327880859e-01,-1.307851285673677921e-03,1.013996879919432104e-04,-1.631507533602416515e-03
7.279565334320068359e+00,5.986069679260253906e+00,6.595724105834960938e+00,9.999988675117492676e-01,-1.284449826925992966e-03,8.878462249413132668e-04,1.138593579526059330e-04
5.621157169342041016e+00,6.871246695518493652e-01,4.992512702941894531e+00,9.999995231628417969e-01,8.326138049596920609e-05,8.211568347178399563e-04,-6.653682794421911240e-04
7.127480506896972656e+00,3.241972923278808594e+00,3.094391822814941406e+00,9.999722838401794434e-01,-2.020307583734393120e-03,1.615317771211266518e-03,6.988273933529853821e-03
1.976264595985412598e+00,5.937617778778076172e+00,2.716253995895385742e+00,9.999982118606567383e-01,-1.303140423260629177e-03,-1.423211069777607918e-03,6.791907071601599455e-05
7.240422725677490234e+00,2.652702331542968750e+00,1.246425390243530273e+00,9.999980926513671875e-01,-1.760004670359194279e-03,5.396374617703258991e-04,-6.022595334798097610e-04
6.062890529632568359e+00,5.711497306823730469e+00,1.258413344621658325e-01,9.999431371688842773e-01,-6.839602719992399216e-03,-3.070730483159422874e-03,-7.591995410621166229e-03
6.359625339508056641e+00,4.158018112182617188e+00,6.792875289916992188e+00,9.999985098838806152e-01,1.371368882246315479e-03,1.122116344049572945e-03,-2.949422560050152242e-05
1.998705983161926270e+00,4.413229942321777344e+00,3.497812509536743164e+00,9.999993443489074707e-01,5.453898920677602291e-04,-9.022234007716178894e-04,-3.937925503123551607e-04
6.181042671203613281e+00,5.760146141052246094e+00,5.595470905303955078e+00,9.999986886978149414e-01,-1.454778481274843216e-03,-7.741130539216101170e-04,-1.799292804207652807e-04
4.523847579956054688e+00,4.759904384613037109e+00,6.164589881896972656e+00,9.999988079071044922e-01,-7.462390931323170662e-04,1.134020625613629818e-03,-8.250544779002666473e-04
7.681815028190612793e-01,7.195156097412109375e+00,6.358813285827636719e+00,9.999990463256835938e-01,2.165864862035959959e-04,-1.333824708126485348e-03,4.874507139902561903e-04
7.316953182220458984e+00,6.521602153778076172e+00,5.547018051147460938e+00,9.999745488166809082e-01,-3.886459395289421082e-03,-2.578945131972432137e-03,-5.412461701780557632e-03
4.617062568664550781e+00,3.234640836715698242e+00,2.123918771743774414e+00,9.999988675117492676e-01,-1.391476253047585487e-03,1.955194020410999656e-04,5.962224677205085754e-04
1.621579289436340332e+00,3.543327748775482178e-01,2.598793268203735352e+00,9.999975562095642090e-01,1.100777648389339447e-03,-1.062492607161402702e-03,1.577662653289735317e-03
4.889666140079498291e-01,1.491297006607055664e+00,4.545681476593017578e+00,9.999036192893981934e-01,3.860019845888018608e-03,1.298947539180517197e-02,3.037282964214682579e-03
6.252553462982177734e-01,3.227648258209228516e+00,1.610507369041442871e+00,9.999686479568481445e-01,-6.307305302470922470e-03,4.578785970807075500e-03,1.392571371980011463e-03
4.460856914520263672e+00,4.539794445037841797e+00,5.418559551239013672e+00,9.999997615814208984e-01,-6.789878825657069683e-04,-2.351064322283491492e-04,1.676706160651519895e-04
1.492826223373413086e+00,4.563445568084716797e+00,6.277741909027099609e+00,9.999959468841552734e-01,-2.591734519228339195e-03,-3.563668578863143921e-04,1.171798910945653915e-03
2.286648988723754883e+00,7.224767208099365234e-01,4.984004020690917969e+00,9.999066591262817383e-01,5.614962428808212280e-04,-1.360927987843751907e-02,1.116566709242761135e-03
4.670394897460937500e+00,7.253743648529052734e+00,7.344608783721923828e+00,9.999983906745910645e-01,1.016556867398321629e-03,2.864234556909650564e-04,-1.513680093921720982e-03
5.748876094818115234e+00,2.024580955505371094e+00,6.745681285858154297e+00,9.998400807380676270e-01,1.250903587788343430e-02,1.268811058253049850e-02,-1.593488501384854317e-03
4.227805137634277344e+00,3.419412136077880859e+00,6.161128520965576172e+00,9.999997615814208984e-01,4.849573015235364437e-04,5.662022158503532410e-04,2.965344465337693691e-04
2.214437723159790039e+00,4.697660446166992188e+00,7.240001678466796875e+00,9.999995827674865723e-01,-5.883696721866726875e-04,1.861504097178112715e-05,-7.484483649022877216e-04
4.595890998840332031e+00,5.089376449584960938e+00,2.053133726119995117e+00,9.999982118606567383e-01,-7.541179656982421875e-04,-1.652322942391037941e-03,-6.306757568381726742e-04
8.923625946044921875e-01,5.413067817687988281e+00,7.250399112701416016e+00,9.999858736991882324e-01,-7.430948899127542973e-04,-7.678360561840236187e-04,5.218721460551023483e-03
2.753435134887695312e+00,1.774848818778991699e+00,2.910666942596435547e+00,9.999999403953552246e-01,4.586910654325038195e-04,8.331900608027353883e-05,1.148931914940476418e-04
5.415995717048645020e-01,6.825115680694580078e+00,5.208241462707519531e+00,9.999995231628417969e-01,7.536205812357366085e-04,7.518926868215203285e-04,-4.045097011839970946e-05
4.848431587219238281e+00,3.929325580596923828e+00,3.485792875289916992e+00,9.999880194664001465e-01,3.189081326127052307e-03,1.479725004173815250e-03,3.421272384002804756e-03
1.470259666442871094e+00,1.129767656326293945e+00,5.264549255371093750e+00,9.999998807907104492e-01,-2.193118125433102250e-04,-3.818683326244354248e-04,-4.606028669513761997e-04
5.198966979980468750e+00,3.542061805725097656e+00,1.730124950408935547e+00,9.998643398284912109e-01,-4.721919074654579163e-03,-1.243080198764801025e-02,9.730520658195018768e-03
7.945758700370788574e-01,6.350190162658691406e+00,1.921133041381835938e+00,9.999955892562866211e-01,1.098582288250327110e-03,-2.752520376816391945e-03,4.662564315367490053e-04
6.659792661666870117e-01,4.033516407012939453e+00,3.619716644287109375e+00,9.997841715812683105e-01,1.190495397895574570e-02,7.552568800747394562e-03,1.526415534317493439e-02
3.559351921081542969e+00,6.908191680908203125e+00,5.504002571105957031e-01,9.999977350234985352e-01,6.904083420522511005e-04,-1.571082277223467827e-03,1.291847554966807365e-03
1.705449461936950684e+00,4.149646282196044922e+00,1.830516576766967773e+00,9.999974370002746582e-01,1.270350650884211063e-03,6.382767460308969021e-04,-1.778141944669187069e-03
7.047079563140869141e+00,8.247714042663574219e-01,5.254437923431396484e+00,9.997221231460571289e-01,4.171576816588640213e-03,5.095498636364936829e-03,-2.263578027486801147e-02
1.658887863159179688e+00,4.086433947086334229e-01,4.821835756301879883e-01,9.999977946281433105e-01,4.826439544558525085e-04,-2.020619576796889305e-03,4.371807444840669632e-04
5.540969371795654297e+00,1.171174883842468262e+00,3.581357717514038086e+00,9.999915957450866699e-01,-2.547473181039094925e-03,2.843694761395454407e-03,1.521303202025592327e-03
4.803298115730285645e-01,5.270398616790771484e+00,1.050015807151794434e+00,9.999986290931701660e-01,-1.506997388787567616e-03,4.917284823022782803e-04,5.928747123107314110e-04
4.226090908050537109e+00,1.833577752113342285e+00,6.129653930664062500e+00,9.999967217445373535e-01,1.022965647280216217e-03,-6.176171009428799152e-04,2.288112649694085121e-03
2.383129835128784180e+00,1.326020479202270508e+00,4.111433982849121094e+00,1.000000000000000000e+00,1.886364589154254645e-05,-2.855782513506710529e-04,4.875070590060204268e-05
2.405978441238403320e+00,6.700130462646484375e+00,5.311421871185302734e+00,9.999995827674865723e-01,7.409349200315773487e-04,5.768949049524962902e-04,3.203827654942870140e-04
5.318580627441406250e+00,7.111505985260009766e+00,2.189209699630737305e+00,9.999985098838806152e-01,-2.869344461942091584e-05,3.339277554914588109e-06,1.762717729434370995e-03
5.058701992034912109e+00,7.508714199066162109e-01,6.608390331268310547e+00,9.999972581863403320e-01,1.762926229275763035e-03,-6.312335608527064323e-04,1.431561773642897606e-03
8.570235967636108398e-01,4.319466590881347656e+00,2.006764888763427734e+00,9.999994039535522461e-01,-5.148670170456171036e-04,-4.649617767427116632e-04,-9.029680513776838779e-04
3.817964076995849609e+00,3.526344299316406250e+00,6.874046802520751953e+00,9.999954104423522949e-01,2.286413218826055527e-03,-1.969232223927974701e-03,2.813476312439888716e-04
9.688406586647033691e-01,4.646192550659179688e+00,3.271281719207763672e+00,9.999985098838806152e-01,7.736049010418355465e-04,1.320365001447498798e-03,-7.705923053435981274e-04
6.058452129364013672e+00,4.383251190185546875e+00,3.789114475250244141e+00,9.999986886978149414e-01,1.655946020036935806e-03,9.892951493384316564e-05,9.169979603029787540e-05
5.993072986602783203e+00,5.441456794738769531e+00,1.836469173431396484e+00,9.999997615814208984e-01,3.049698134418576956e-04,-6.814331281930208206e-04,-6.731256871717050672e-05
6.111851215362548828e+00,5.021374225616455078e+00,1.844928562641143799e-01,9.999994039535522461e-01,-1.823057828005403280e-04,-2.946499444078654051e-04,-1.126044895499944687e-03
5.208071231842041016e+00,5.547226905822753906e+00,4.446365356445312500e+00,9.999962449073791504e-01,1.653359388001263142e-03,6.192094879224896431e-04,2.118438016623258591e-03
8.194426894187927246e-01,3.306630134582519531e+00,6.375776976346969604e-02,9.999995827674865723e-01,2.355109427298884839e-05,9.262568783015012741e-04,3.569232940208166838e-04
3.432400941848754883e+00,5.459064006805419922e+00,4.390661239624023438e+00,9.998840689659118652e-01,3.613729495555162430e-03,-1.343359146267175674e-02,6.204356905072927475e-03
2.181801080703735352e+00,5.865515470504760742e-01,6.068678379058837891e+00,1.000000000000000000e+00,7.097481284290552139e-05,4.179697498329915106e-05,2.751432839431799948e-05
2.179098844528198242e+00,4.484690666198730469e+00,1.001934528350830078e+00,9.999989867210388184e-01,2.669410023372620344e-04,1.153056393377482891e-03,-8.468299056403338909e-04
3.909841299057006836e+00,5.739743232727050781e+00,5.698904037475585938e+00,9.999928474426269531e-01,-2.767256519291549921e-04,3.696990665048360825e-03,8.449191809631884098e-04
2.803530991077423096e-01,3.602871417999267578e+00,4.462175667285919189e-01,9.999981522560119629e-01,1.240171724930405617e-03,-4.879123880527913570e-04,-1.440364401787519455e-03
4.370566844940185547e+00,3.253853023052215576e-01,7.076688289642333984e+00,9.999960064888000488e-01,-2.706145634874701500e-03,-6.238124333322048187e-04,6.352996570058166981e-04
2.695474147796630859e+00,6.629209518432617188e+00,1.920495629310607910e+00,9.998964071273803711e-01,4.728088621050119400e-03,-1.065650023519992828e-02,8.448194712400436401e-03
6.129486083984375000e+00,4.667626380920410156e+00,2.639973759651184082e-01,9.999977350234985352e-01,5.846830899827182293e-04,1.309922081418335438e-03,-1.591465668752789497e-03
6.680329799652099609e+00,4.910811424255371094e+00,3.567827224731445312e+00,9.999992251396179199e-01,1.753157121129333973e-04,-5.000432429369539022e-05,-1.274766749702394009e-03
4.856577873229980469e+00,4.720806598663330078e+00,3.879766464233398438e+00,9.999996423721313477e-01,7.350985542871057987e-04,4.940729704685509205e-04,1.458363985875621438e-04
4.648107051849365234e+00,5.228708267211914062e+00,3.385245323181152344e+00,9.999993443489074707e-01,-9.543993510305881500e-04,2.912191848736256361e-04,6.758990348316729069e-04
8.715680837631225586e-01,3.741090059280395508e+00,1.604311108589172363e+00,9.999981522560119629e-01,-1.451318035833537579e-03,3.175354213453829288e-04,1.279365271329879761e-03
5.671584129333496094e+00,8.103418350219726562e-01,6.027633666992187500e+00,9.999979138374328613e-01,1.148382900282740593e-03,-8.954038494266569614e-04,-1.469088951125741005e-03
6.423883438110351562e+00,1.380972266197204590e+00,2.073997497558593750e+00,9.999989271163940430e-01,5.428331787697970867e-04,8.047557203099131584e-04,1.171682379208505154e-03
6.051437854766845703e+00,3.736231088638305664e+00,1.286401510238647461e+00,9.999917149543762207e-01,1.257229945622384548e-03,-1.539633492939174175e-03,-3.564469050616025925e-03
6.112642765045166016e+00,6.539065361022949219e+00,1.813397049903869629e+00,9.999961256980895996e-01,1.649026176892220974e-03,1.274292473681271076e-03,-1.891092630103230476e-03
7.450034618377685547e-01,6.039563655853271484e+00,6.005050659179687500e+00,9.999989867210388184e-01,-4.198488022666424513e-04,-8.773774607107043266e-04,1.086869160644710064e-03
6.654654026031494141e+00,6.377585411071777344e+00,4.590742111206054688e+00,9.999861717224121094e-01,1.729575800709426403e-03,-4.233847372233867645e-03,2.619665581732988358e-03
1.964276075363159180e+00,7.304020881652832031e+00,6.486366748809814453e+00,9.999397397041320801e-01,-1.012010220438241959e-02,1.585176330991089344e-03,-3.972057718783617020e-03
6.947827816009521484e+00,6.706229686737060547e+00,4.974929332733154297e+00,9.999799728393554688e-01,4.005539231002330780e-03,-9.658774361014366150e-04,4.800515249371528625e-03
8.023106455802917480e-01,6.677700042724609375e+00,5.530613422393798828e+00,9.999983310699462891e-01,1.496989047154784203e-03,6.857417174614965916e-04,7.487376569770276546e-04
6.284280300140380859e+00,3.339979171752929688e+00,2.116118907928466797e+00,9.999997019767761230e-01,-6.277167703956365585e-04,4.858907777816057205e-04,3.677228232845664024e-04
5.789162635803222656e+00,4.481964111328125000e+00,1.644158810377120972e-01,9.999987483024597168e-01,1.230722293257713318e-03,6.316668004728853703e-04,8.394225151278078556e-04
6.293301582336425781e+00,7.227668762207031250e+00,4.059416294097900391e+00,9.999971985816955566e-01,1.502660161349922419e-04,-5.322163342498242855e-04,-2.285805996507406235e-03
2.007089376449584961e+00,7.347525119781494141e+00,6.170970916748046875e+00,9.998876452445983887e-01,-1.465177629142999649e-02,-2.190329832956194878e-03,-2.305550035089254379e-03
3.774228811264038086e+00,1.634740114212036133e+00,4.140848159790039062e+00,9.999999403953552246e-01,3.656637854874134064e-04,2.151345688616856933e-05,-2.536534157115966082e-04
4.416027545928955078e+00,4.414187908172607422e+00,3.910602569580078125e+00,9.999977946281433105e-01,1.124619739130139351e-03,1.460420549847185612e-03,1.074980362318456173e-03
1.847499728202819824e+00,4.647272586822509766e+00,3.771756410598754883e+00,9.999998807907104492e-01,1.492134906584396958e-04,-4.248086770530790091e-04,1.848614047048613429e-04
2.080653905868530273e+00,5.641593933105468750e+00,6.036012172698974609e+00,9.998980164527893066e-01,-7.410992868244647980e-03,-4.442931618541479111e-03,1.137906778603792191e-02
4.427411556243896484e+00,4.155168056488037109e+00,5.443378448486328125e+00,9.999989271163940430e-01,-5.129183773533441126e-05,1.243464532308280468e-03,8.769687265157699585e-04
2.587752819061279297e+00,1.151499032974243164e+00,7.549563050270080566e-01,9.999969601631164551e-01,-1.133192796260118484e-03,-1.947625569300726056e-04,-2.200534334406256676e-03
7.334793090820312500e+00,1.572013854980468750e+00,7.209581375122070312e+00,9.999955892562866211e-01,-3.538350938470102847e-05,2.333641517907381058e-03,1.862069242633879185e-03
3.510080099105834961e+00,4.119845867156982422e+00,4.309958934783935547e+00,9.999998807907104492e-01,-1.860044576460495591e-04,-5.046125734224915504e-04,2.592890232335776091e-04
4.570662081241607666e-01,4.310301303863525391e+00,3.162295818328857422e+00,9.999992251396179199e-01,-9.543960914015769958e-04,-6.485048215836286545e-04,-6.029036594554781914e-04
5.168430805206298828e+00,1.382063984870910645e+00,2.691287398338317871e-01,9.998310804367065430e-01,1.763716526329517365e-02,4.409452434629201889e-03,-2.714090514928102493e-03
1.610618472099304199e+00,1.436714887619018555e+00,6.265818595886230469e+00,9.999672174453735352e-01,-2.896006451919674873e-03,-5.144420079886913300e-03,5.552679765969514847e-03
5.956507205963134766e+00,2.452538728713989258e+00,5.737995147705078125e+00,9.999992251396179199e-01,-1.209254493005573750e-03,2.336798934265971184e-04,4.467320977710187435e-04
3.702524185180664062e+00,4.700274467468261719e+00,9.369377493858337402e-01,9.999912381172180176e-01,8.077143138507381082e-05,1.860487973317503929e-04,-4.193136002868413925e-03
1.649753570556640625e+00,6.364608287811279297e+00,1.479775428771972656e+00,9.999990463256835938e-01,3.258191864006221294e-04,-8.785446989350020885e-04,-1.067837467417120934e-03
2.105189800262451172e+00,1.936859250068664551e+00,7.608053088188171387e-01,9.999945759773254395e-01,-2.951370552182197571e-04,-2.567302435636520386e-04,3.289535641670227051e-03
2.341036558151245117e+00,2.975342562422156334e-03,2.549241065979003906e+00,9.999998211860656738e-01,1.387290685670450330e-04,-2.975888492073863745e-04,-6.449357606470584869e-04
7.472241520881652832e-01,3.757017850875854492e+00,1.307486295700073242e-01,9.999998211860656738e-01,6.699247751384973526e-04,1.588377926964312792e-04,2.866538125090301037e-04
5.264120578765869141e+00,5.014992713928222656e+00,5.117567539215087891e+00,9.999901056289672852e-01,3.548203036189079285e-03,3.696174535434693098e-04,2.683441154658794403e-03
7.097581386566162109e+00,7.090170383453369141e+00,3.404329419136047363e-01,9.999397993087768555e-01,-8.389784954488277435e-03,1.504046260379254818e-03,-6.910108961164951324e-03
1.270489931106567383e+00,8.810601234436035156e-01,1.373727679252624512e+00,9.999999403953552246e-01,-1.817173179006204009e-04,3.373250729055143893e-05,4.011972341686487198e-04
3.584676742553710938e+00,7.192205429077148438e+00,2.527758121490478516e+00,9.999896883964538574e-01,3.797072684392333031e-03,5.354015156626701355e-04,2.447484759613871574e-03
4.056706905364990234e+00,3.936995506286621094e+00,3.192361593246459961e+00,9.999996423721313477e-01,-7.907701074145734310e-04,2.898690872825682163e-04,-4.214021610096096992e-04
1.479208946228027344e+00,2.896296262741088867e+00,4.590994834899902344e+00,9.999188780784606934e-01,-2.496262546628713608e-03,-1.230118423700332642e-02,-2.179453149437904358e-03
9.190379381179809570e-01,2.372389793395996094e+00,4.816228389739990234e+00,9.999938011169433594e-01,-7.080945069901645184e-04,-1.370027079246938229e-03,3.189096227288246155e-03
1.705332040786743164e+00,3.864305496215820312e+00,5.693943500518798828e+00,9.999943971633911133e-01,-1.422854023985564709e-03,2.261588815599679947e-03,-2.028906950727105141e-03
4.538840770721435547e+00,3.144803047180175781e+00,7.426504135131835938e+00,9.999890923500061035e-01,3.398829605430364609e-03,-1.868486986495554447e-03,2.598476829007267952e-03
1.326485633850097656e+00,1.021165013313293457e+00,4.772117137908935547e+00,9.999998807907104492e-01,-5.725093651562929153e-04,-1.775952696334570646e-04,2.841778223228175193e-05
2.263847827911376953e+00,3.540077209472656250e+00,4.325736522674560547e+00,9.999221563339233398e-01,-6.988047622144222260e-03,1.003408059477806091e-02,2.502916846424341202e-03
6.749357700347900391e+00,6.456815719604492188e+00,5.426982879638671875e+00,9.999971389770507812e-01,-1.633898937143385410e-03,8.796286419965326786e-04,1.566808088682591915e-03
2.869422674179077148e+00,3.481162548065185547e+00,6.293815135955810547e+00,9.999982714653015137e-01,2.787965931929647923e-04,-1.704965485259890556e-03,-7.943470845930278301e-04
2.269233614206314087e-01,2.412009000778198242e+00,3.880584955215454102e+00,9.999966025352478027e-01,-5.979636916890740395e-04,2.469124272465705872e-03,-7.035617600195109844e-04
3.224802970886230469e+00,3.462614774703979492e+00,4.020866394042968750e+00,9.999983906745910645e-01,-1.259199809283018112e-03,-1.303029013797640800e-03,3.744979621842503548e-04
1.531552433967590332e+00,7.347746372222900391e+00,2.098746538162231445e+00,9.999993443489074707e-01,-7.588666630908846855e-04,7.286082254722714424e-04,-5.221950123086571693e-04
9.640915989875793457e-01,4.954101085662841797e+00,1.841983199119567871e+00,9.999908804893493652e-01,3.867578925564885139e-03,-1.457595848478376865e-03,1.135137164965271950e-03
6.507127761840820312e+00,2.148574352264404297e+00,1.322595834732055664e+00,9.999995231628417969e-01,5.987038020975887775e-04,6.133255283202743158e-06,8.239914895966649055e-04
5.346559882164001465e-01,4.945808410644531250e+00,2.588528394699096680e+00,9.999900460243225098e-01,-3.117382992058992386e-03,2.125744707882404327e-03,-2.400084398686885834e-03
4.123102664947509766e+00,3.395301818847656250e+00,1.349466085433959961e+00,9.999929666519165039e-01,1.795079209841787815e-03,2.787798410281538963e-03,-1.779817976057529449e-03
6.832477569580078125e+00,5.061336994171142578e+00,7.292074680328369141e+00,9.999971985816955566e-01,-1.929888967424631119e-03,1.395787112414836884e-03,-2.917428500950336456e-04
2.267251968383789062e+00,1.269457459449768066e+00,7.448487758636474609e+00,9.999962449073791504e-01,-7.241268758662045002e-04,1.188836060464382172e-03,-2.371694194152951241e-03
2.875275611877441406e+00,6.107836723327636719e+00,5.258601665496826172e+00,9.998853802680969238e-01,-1.473435945808887482e-02,3.480863058939576149e-03,3.574402362573891878e-04
5.819641113281250000e+00,7.064476490020751953e+00,6.146990776062011719e+00,9.999872446060180664e-01,3.347556106746196747e-03,-2.910528099164366722e-03,2.446508500725030899e-03
4.113802909851074219e+00,4.150217026472091675e-02,5.088457107543945312e+00,9.999991059303283691e-01,-1.726144109852612019e-04,-6.123837665654718876e-04,-1.253776019439101219e-03
3.030379533767700195e+00,2.605538368225097656e+00,5.470362663269042969e+00,9.999514222145080566e-01,8.515448309481143951e-03,4.012683872133493423e-03,-2.917467150837182999e-03
4.769995212554931641e+00,9.262682199478149414e-01,9.043588638305664062e-01,9.999873042106628418e-01,4.025432746857404709e-03,-2.876972313970327377e-03,1.028025639243423939e-03
5.940608501434326172e+00,5.211574077606201172e+00,8.073926568031311035e-01,9.998075366020202637e-01,-1.504427753388881683e-02,1.082007028162479401e-02,6.447692401707172394e-03
1.854070663452148438e+00,5.386505126953125000e-01,1.486220479011535645e+00,9.999858140945434570e-01,1.895317342132329941e-03,4.337128251791000366e-03,-2.439361531287431717e-03
3.677664756774902344e+00,5.577249050140380859e+00,4.040368556976318359e+00,9.999930858612060547e-01,3.320185700431466103e-03,-1.546261133626103401e-03,6.017705309204757214e-04
8.313555121421813965e-01,9.728530049324035645e-01,1.904195189476013184e+00,9.999983906745910645e-01,-1.573135727085173130e-03,-1.705810718704015017e-04,9.266308625228703022e-04
2.715638160705566406e+00,6.291154384613037109e+00,1.926394104957580566e+00,9.999870061874389648e-01,-4.734278656542301178e-03,-1.610058592632412910e-03,-9.915652917698025703e-04
1.093218803405761719e+00,1.477127790451049805e+00,5.052086830139160156e+00,9.998934268951416016e-01,-1.348910294473171234e-02,3.766469424590468407e-03,4.127779044210910797e-03
2.766406297683715820e+00,4.007516860961914062e+00,6.917012691497802734e+00,9.999967217445373535e-01,-1.187972025945782661e-03,-2.028232906013727188e-03,1.052381587214767933e-03
4.191322028636932373e-01,3.948619365692138672e+00,2.376694440841674805e+00,9.999989867210388184e-01,3.736651851795613766e-04,1.357371802441775799e-03,-3.351552295498549938e-04
2.924618482589721680e+00,3.640981912612915039e+00,4.094061851501464844e+00,9.999997615814208984e-01,-4.137188952881842852e-04,-5.006790161132812500e-04,4.899105988442897797e-04
6.069416999816894531e+00,3.964758872985839844e+00,2.231201648712158203e+00,9.999988079071044922e-01,-5.110700731165707111e-04,1.118530635721981525e-03,-1.012115040794014931e-03
4.734771251678466797e+00,6.156414747238159180e-01,2.369032621383666992e+00,9.999918937683105469e-01,7.717088446952402592e-04,3.914941102266311646e-03,6.397791439667344093e-04
3.326054811477661133e+00,8.818487077951431274e-02,5.607226371765136719e+00,9.999932050704956055e-01,-3.500654129311442375e-03,3.540035104379057884e-04,1.180555322207510471e-03
1.423057794570922852e+00,1.836341500282287598e+00,1.920625805854797363e+00,9.999989271163940430e-01,-1.365563715808093548e-03,3.894519177265465260e-04,-4.475103924050927162e-04
2.391221284866333008e+00,1.805443167686462402e+00,1.198061585426330566e+00,9.999931454658508301e-01,1.854285248555243015e-03,1.946598989889025688e-03,2.556854858994483948e-03
8.567375689744949341e-02,1.789688169956207275e-01,5.723937988281250000e+00,9.999482035636901855e-01,-6.350322626531124115e-03,6.865939125418663025e-03,4.017737694084644318e-03
4.018828868865966797e+00,5.191002368927001953e+00,2.113591909408569336e+00,9.999817013740539551e-01,3.033992368727922440e-03,4.317955579608678818e-03,2.951898844912648201e-03
5.474298954010009766e+00,2.096681833267211914e+00,4.917659759521484375e+00,9.999992251396179199e-01,1.043377327732741833e-03,3.880508011206984520e-04,6.551770493388175964e-04
2.125457048416137695e+00,2.378314495086669922e+00,6.054056167602539062e+00,9.999989271163940430e-01,1.301349140703678131e-03,-5.030836910009384155e-04,5.851662717759609222e-04
4.520030498504638672e+00,7.274771690368652344e+00,3.589286804199218750e+00,9.999222755432128906e-01,3.168503288179636002e-03,-1.113235391676425934e-02,4.632849711924791336e-03
6.615740299224853516e+00,2.908749103546142578e+00,6.077739715576171875e+00,9.999974966049194336e-01,-1.484720036387443542e-03,1.679905341006815434e-03,3.016179653059225529e-05
3.083949565887451172e+00,1.238051414489746094e+00,7.207261562347412109e+00,9.999982714653015137e-01,6.182530778460204601e-04,1.328403363004326820e-03,1.170762116089463234e-03
4.301846981048583984e+00,4.351637840270996094e+00,2.595564603805541992e+00,9.999924302101135254e-01,-1.378799555823206902e-03,3.508547786623239517e-03,-1.025371369905769825e-03
1.386687874794006348e+00,6.857120037078857422e+00,6.773134708404541016e+00,9.999673962593078613e-01,-1.545049715787172318e-03,-7.531560491770505905e-03,2.471800660714507103e-03
3.970485031604766846e-01,6.155649572610855103e-02,2.220530986785888672e+00,9.999998211860656738e-01,-5.331303109414875507e-04,-1.866590318968519568e-04,-4.016816674266010523e-04
2.582057476043701172e+00,1.353584527969360352e+00,2.641616106033325195e+00,9.999985098838806152e-01,-1.066928380168974400e-03,-7.105657714419066906e-04,1.228427630849182606e-03
1.028919100761413574e+00,2.907468080520629883e+00,1.314930558204650879e+00,9.999986886978149414e-01,3.516251163091510534e-04,-1.358698238618671894e-03,8.486800943501293659e-04
5.038946151733398438e+00,4.660886287689208984e+00,1.174539208412170410e+00,9.999653697013854980e-01,6.835491862148046494e-03,-2.289127325639128685e-03,-4.161702003329992294e-03
4.304455757141113281e+00,5.626910209655761719e+00,5.679915428161621094e+00,9.999835491180419922e-01,4.340020939707756042e-03,2.505282871425151825e-03,-2.823494840413331985e-03
7.329213023185729980e-01,3.330814838409423828e+00,5.091506004333496094e+00,9.999983906745910645e-01,1.675585168413817883e-03,7.411695551127195358e-04,-1.045375538524240255e-04
7.236637592315673828e+00,3.759775876998901367e+00,6.443737983703613281e+00,9.999820590019226074e-01,2.125399885699152946e-03,3.843219485133886337e-03,-4.085409455001354218e-03
7.224016189575195312e+00,5.029774188995361328e+00,7.104347705841064453e+00,9.999886751174926758e-01,-2.552665304392576218e-03,2.060017781332135201e-03,-3.473061369732022285e-03
6.917451381683349609e+00,6.556626796722412109e+00,3.572479188442230225e-01,9.999982118606567383e-01,1.625159638933837414e-03,5.670490736520150676e-06,-1.033799373544752598e-03
2.820693492889404297e+00,2.906868696212768555e+00,4.529929637908935547e+00,9.999995827674865723e-01,2.603824832476675510e-04,6.465030601248145103e-04,7.229216280393302441e-04
1.924740552902221680e+00,2.352595567703247070e+00,4.989558696746826172e+00,9.999881386756896973e-01,-3.609735751524567604e-03,2.475693356245756149e-03,-2.137674717232584953e-03
1.800403952598571777e+00,3.858032464981079102e+00,2.123376607894897461e+00,9.999583363533020020e-01,1.275673566851764917e-04,5.494026467204093933e-03,-7.298232987523078918e-03
5.777267456054687500e+00,7.443856716156005859e+00,1.904834508895874023e+00,9.999923110008239746e-01,-2.115082228556275368e-03,-1.246623811312019825e-03,-3.074680222198367119e-03
5.958806037902832031e+00,1.245951533317565918e+00,2.452687978744506836e+00,9.999212622642517090e-01,-3.188221715390682220e-03,-1.204264629632234573e-02,1.537696691229939461e-03
6.716351032257080078e+00,7.241614341735839844e+00,2.274836778640747070e+00,9.999987483024597168e-01,9.219137136824429035e-04,-2.043868880718946457e-04,1.315399655140936375e-03
1.299156248569488525e-01,7.393143177032470703e+00,3.193848371505737305e+00,9.999997019767761230e-01,3.550697874743491411e-04,-4.627982852980494499e-04,5.967175820842385292e-04
3.399567127227783203e+00,6.919355869293212891e+00,4.610497474670410156e+00,9.999970197677612305e-01,-2.448761370033025742e-03,-3.493051044642925262e-04,1.260194694623351097e-04
5.527046203613281250e+00,3.235656499862670898e+00,2.747997522354125977e+00,9.999996423721313477e-01,-6.589010008610785007e-04,-3.894607361871749163e-04,-2.821742673404514790e-04
7.222646713256835938e+00,1.434900879859924316e+00,1.916635036468505859e-01,9.999962449073791504e-01,2.396491472609341145e-04,-2.670519985258579254e-03,6.615241291001439095e-04
2.547942161560058594e+00,1.241107106208801270e+00,4.637868404388427734e+00,9.999962449073791504e-01,-2.028621267527341843e-03,-6.644118693657219410e-04,1.765405409969389439e-03
7.086813449859619141e+00,2.632883787155151367e+00,3.330993652343750000e+00,9.999912381172180176e-01,3.629304934293031693e-03,-1.883546588942408562e-03,8.682020707055926323e-04
8.888665437698364258e-01,1.264351725578308105e+00,6.244473457336425781e-01,9.999985098838806152e-01,1.499960490036755800e-04,-1.078951405361294746e-03,-1.356495078653097153e-03
8.531475067138671875e-01,6.395828247070312500e+00,3.911446094512939453e+00,9.999977946281433105e-01,-2.402135432930663228e-04,-1.300629461184144020e-03,1.654093852266669273e-03
4.382133483886718750e+00,6.895761013031005859e+00,2.725543022155761719e+00,9.999114871025085449e-01,-3.400304121896624565e-04,5.686222575604915619e-03,-1.202815212309360504e-02
2.897909879684448242e+00,4.724042892456054688e+00,1.077243089675903320e+00,9.999999403953552246e-01,4.891874850727617741e-04,1.586425496498122811e-04,2.402944519417360425e-04
3.801720619201660156e+00,1.374864697456359863e+00,1.738700747489929199e+00,9.997985959053039551e-01,-1.525845937430858612e-02,1.292276382446289062e-02,1.733027515001595020e-03
3.726966619491577148e+00,2.264707088470458984e+00,5.330226898193359375e+00,9.999995231628417969e-01,3.729337768163532019e-04,5.482818232849240303e-04,7.675663218833506107e-04
3.198491096496582031e+00,4.828594684600830078e+00,2.497429370880126953e+00,9.999879002571105957e-01,1.670153462328016758e-03,3.993299324065446854e-03,-2.330288989469408989e-03
6.115918159484863281e+00,4.924879074096679688e+00,3.736818075180053711e+00,9.999930262565612793e-01,2.495088381692767143e-03,1.831990783102810383e-03,2.133418107405304909e-03
3.474600791931152344e+00,2.395569086074829102e+00,1.524311423301696777e+00,9.999987483024597168e-01,5.811920855194330215e-04,1.311846077442169189e-03,-6.711152964271605015e-04
3.815766572952270508e+00,2.142883300781250000e+00,1.748860329389572144e-01,9.999275803565979004e-01,5.409287754446268082e-03,6.087412592023611069e-03,8.858772926032543182e-03
5.344282627105712891e+00,4.807449817657470703e+00,6.817600250244140625e+00,9.999945759773254395e-01,-9.559602476656436920e-04,2.886425470933318138e-03,-1.258253236301243305e-03
2.854963839054107666e-01,6.959286689758300781e+00,3.752308368682861328e+00,9.999791383743286133e-01,3.081796225160360336e-03,-8.592063677497208118e-04,5.628351587802171707e-03
2.188323497772216797e+00,2.470904588699340820e+00,3.245163202285766602e+00,9.999990463256835938e-01,1.865379163064062595e-04,-1.135175534727750346e-05,1.410560100339353085e-03
6.928107738494873047e+00,3.260268688201904297e+00,2.216890573501586914e+00,9.999995827674865723e-01,7.279657293111085892e-04,-2.384276012890040874e-05,6.471271044574677944e-04
7.269682407379150391e+00,5.305231213569641113e-01,6.720074653625488281e+00,1.000000000000000000e+00,-5.884426354896277189e-05,-1.622196868993341923e-04,-3.401236026547849178e-04
5.878790378570556641e+00,5.101395606994628906e+00,5.293407440185546875e+00,9.999960064888000488e-01,2.240181900560855865e-03,1.251936540938913822e-03,1.220510457642376423e-03
9.642587900161743164e-01,3.078338623046875000e+00,2.568303108215332031e+00,9.999964833259582520e-01,6.841103895567357540e-04,2.396388677880167961e-03,-9.114613640122115612e-04
1.615867972373962402e+00,5.648350238800048828e+00,1.436101738363504410e-02,9.999967813491821289e-01,-2.093304414302110672e-03,-2.684553037397563457e-04,1.442103181034326553e-03
6.707620024681091309e-01,2.614460706710815430e+00,3.648842811584472656e+00,9.999458193778991699e-01,4.041307605803012848e-03,-3.030989784747362137e-03,9.107711724936962128e-03
4.668940901756286621e-01,4.886511802673339844e+00,4.927292346954345703e+00,9.999099969863891602e-01,7.929628714919090271e-03,-1.018036622554063797e-02,-3.669398603960871696e-03
3.718365669250488281e+00,6.443739891052246094e+00,6.830789566040039062e+00,9.999989271163940430e-01,-4.817602894036099315e-05,-1.494242576882243156e-03,1.517990313004702330e-04
1.582926273345947266e+00,4.665215969085693359e+00,4.449249267578125000e+00,9.999800920486450195e-01,-4.384944040793925524e-04,-2.337523037567734718e-03,-5.844010971486568451e-03
5.213369369506835938e+00,3.972006797790527344e+00,1.433726549148559570e+00,9.999981522560119629e-01,8.743686485104262829e-04,1.044336589984595776e-03,1.399661530740559101e-03
5.855565547943115234e+00,1.129945039749145508e+00,4.842902660369873047e+00,9.999991655349731445e-01,-2.825303527060896158e-04,9.563831845298409462e-04,9.088671067729592323e-04
5.071320056915283203e+00,6.393224239349365234e+00,2.526415109634399414e+00,9.998792409896850586e-01,1.182422507554292679e-02,-7.611801847815513611e-03,6.628208793699741364e-03
4.833252429962158203e+00,6.011934280395507812e+00,1.997638583183288574e+00,9.999996423721313477e-01,4.736304108519107103e-04,-5.278808530420064926e-04,-5.348864360712468624e-04
4.315997123718261719e+00,7.652719020843505859e-01,4.812476634979248047e-01,9.999997019767761230e-01,5.149213247932493687e-04,-6.207337719388306141e-04,3.576446033548563719e-04
3.184870958328247070e+00,1.857240557670593262e+00,4.646166324615478516e+00,9.999995827674865723e-01,7.821135222911834717e-04,-4.903044900856912136e-04,3.214185999240726233e-04
6.681003093719482422e+00,7.445595264434814453e-01,6.810970783233642578e+00,9.999979734420776367e-01,3.621416690293699503e-04,3.332521737320348620e-05,-2.003906760364770889e-03
6.742427825927734375e+00,4.832190036773681641e+00,5.424626350402832031e+00,9.999907612800598145e-01,-8.629409712739288807e-04,-3.498630365356802940e-03,-2.378918696194887161e-03
3.873491048812866211e+00,7.183233261108398438e+00,3.647932291030883789e+00,9.999956488609313965e-01,-2.852470206562429667e-04,-2.474319888278841972e-03,1.572162262164056301e-03
4.089903354644775391e+00,5.940214157104492188e+00,4.439506053924560547e+00,9.999556541442871094e-01,6.507164333015680313e-03,-1.333610620349645615e-03,-6.686847656965255737e-03
3.379719734191894531e+00,1.421724259853363037e-01,1.334253907203674316e+00,9.999736547470092773e-01,-8.491954649798572063e-04,-6.781207863241434097e-03,2.461733529344201088e-03
2.148549318313598633e+00,6.522528648376464844e+00,4.341100215911865234e+00,9.998911023139953613e-01,1.231887028552591801e-03,4.910477437078952789e-04,1.469801273196935654e-02
1.598392844200134277e+00,1.131714463233947754e+00,2.367957353591918945e+00,9.999960660934448242e-01,9.446546318940818310e-04,2.420302480459213257e-03,-1.072179409675300121e-03
6.803805351257324219e+00,3.015161514282226562e+00,7.044475078582763672e+00,9.999207854270935059e-01,9.040400385856628418e-03,7.550507783889770508e-03,-4.444825928658246994e-03
6.560889244079589844e+00,5.589761734008789062e+00,6.246959209442138672e+00,9.999983310699462891e-01,7.431272533722221851e-04,7.860768237151205540e-04,-1.509594731032848358e-03
7.071986675262451172e+00,3.453681945800781250e+00,6.961885452270507812e+00,9.999759197235107422e-01,-2.204332035034894943e-03,3.706946503371000290e-03,-5.432700272649526596e-03
5.302532196044921875e+00,1.292612195014953613e+00,2.504618644714355469e+00,9.999971389770507812e-01,2.200673916377127171e-04,1.819683471694588661e-03,1.527599641121923923e-03
5.363499641418457031e+00,3.933915138244628906e+00,5.083348751068115234e+00,9.999958872795104980e-01,-7.990936865098774433e-04,-2.547780051827430725e-03,1.032383996061980724e-03
4.986491203308105469e+00,1.356876194477081299e-01,5.798643112182617188e+00,9.999696612358093262e-01,3.033247776329517365e-04,7.613471709191799164e-03,-1.673932303674519062e-03
1.131580471992492676e+00,1.432115316390991211e+00,1.669102460145950317e-01,9.999883770942687988e-01,4.034156911075115204e-03,8.434494957327842712e-04,-2.524293027818202972e-03
1.833896160125732422e+00,2.626676082611083984e+00,5.491163253784179688e+00,9.999698996543884277e-01,3.263286780565977097e-03,-6.887455005198717117e-03,1.469748327508568764e-03
4.888672828674316406e+00,1.138075470924377441e+00,6.935721039772033691e-01,9.999947547912597656e-01,1.988199073821306229e-03,-2.374400384724140167e-03,9.534205310046672821e-04
7.138000488281250000e+00,5.103976726531982422e+00,6.708959579467773438e+00,9.999991059303283691e-01,8.441391400992870331e-04,-5.413788603618741035e-04,9.602307691238820553e-04
7.018641948699951172e+00,4.471729755401611328e+00,1.961478471755981445e+00,9.999990463256835938e-01,-1.049602171406149864e-03,4.930621944367885590e-04,-7.785308989696204662e-04
2.301767766475677490e-01,4.893021583557128906e-01,3.682116985321044922e+00,9.999965429306030273e-01,2.360032405704259872e-03,5.157792475074529648e-04,1.132689183577895164e-03
2.060308456420898438e+00,6.871125221252441406e+00,5.553873538970947266e+00,9.998876452445983887e-01,2.454997273162007332e-03,-1.345429662615060806e-02,-6.140741519629955292e-03
5.600353240966796875e+00,2.551847696304321289e-01,3.549331903457641602e+00,1.000000000000000000e+00,-2.466104051563888788e-04,1.054742897395044565e-04,2.366077096667140722e-04
5.122168540954589844e+00,6.382404804229736328e+00,2.860428571701049805e+00,9.999812245368957520e-01,-4.205879289656877518e-03,4.435235168784856796e-03,-3.644631069619208574e-04
5.323116302490234375e+00,6.920958042144775391e+00,1.550623178482055664e-01,9.999980330467224121e-01,-8.070291951298713684e-04,1.461829408071935177e-03,-1.065884716808795929e-03
1.144521713256835938e+00,1.043051555752754211e-01,2.107863664627075195e+00,9.999997019767761230e-01,-3.130966506432741880e-04,4.999835509806871414e-04,6.507710786536335945e-04
1.441605687141418457e+00,1.764549970626831055e+00,4.856726169586181641e+00,9.998307228088378906e-01,-1.481341943144798279e-02,1.030627917498350143e-02,-3.609005128964781761e-03
2.311191320419311523e+00,3.697950124740600586e+00,1.281031012535095215e+00,9.998733401298522949e-01,6.916928105056285858e-04,-1.555712893605232239e-02,-3.303740639239549637e-03
6.861797332763671875e+00,6.286103248596191406e+00,6.238740921020507812e+00,9.999982118606567383e-01,4.638473037630319595e-04,-2.287489915033802390e-04,-1.834558439441025257e-03
1.648299694061279297e+00,3.427995920181274414e+00,1.126513600349426270e+00,9.999846816062927246e-01,-8.005449199117720127e-04,-5.473573226481676102e-03,3.780881816055625677e-04
3.303623199462890625e+00,7.185623168945312500e+00,5.751091957092285156e+00,9.998722672462463379e-01,1.489255391061306000e-02,9.848742047324776649e-04,-5.721248220652341843e-03
1.076469540596008301e+00,5.146759748458862305e-01,4.667799472808837891e+00,9.999904036521911621e-01,-2.746201818808913231e-03,-5.452558398246765137e-04,3.387813922017812729e-03
1.805086493492126465e+00,7.067312717437744141e+00,6.652903556823730469e+00,9.999783635139465332e-01,6.142024416476488113e-03,-2.851639874279499054e-04,2.369863679632544518e-03
7.113304138183593750e+00,3.018085002899169922e+00,6.695084571838378906e+00,9.999954700469970703e-01,-3.018646268174052238e-03,1.660917187109589577e-04,1.553380425320938230e-04
3.081483840942382812e+00,4.293638706207275391e+00,3.345206499099731445e+00,9.999919533729553223e-01,-1.352500403299927711e-03,-2.932401839643716812e-03,-2.401071600615978241e-03
6.920650482177734375e+00,1.403489589691162109e+00,7.404032945632934570e-01,9.999588727951049805e-01,-8.075179532170295715e-03,3.976866137236356735e-03,-1.105894334614276886e-03
6.588267326354980469e+00,1.674021363258361816e+00,1.356887221336364746e+00,9.999995231628417969e-01,-1.469190738134784624e-05,-9.563333587720990181e-04,1.722807210171595216e-04
6.347157955169677734e+00,2.635269403457641602e+00,3.799653053283691406e+00,9.999499917030334473e-01,-7.652943168068304658e-05,9.097471833229064941e-03,4.159269388765096664e-03
6.488313674926757812e+00,1.289410591125488281e+00,3.929783582687377930e+00,9.999809265136718750e-01,3.502008505165576935e-03,-3.774404525756835938e-03,3.426847746595740318e-03
2.655756473541259766e+00,5.944118499755859375e+00,6.744748592376708984e+00,9.999245405197143555e-01,7.059469353407621384e-03,-7.462377194315195084e-03,-6.748878862708806992e-03
3.608227729797363281e+00,4.741006374359130859e+00,5.219393730163574219e+00,9.999966025352478027e-01,2.381426980718970299e-03,-8.374468889087438583e-04,-7.522135856561362743e-04
4.306120872497558594e+00,9.775105714797973633e-01,6.387853622436523438e+00,9.999973177909851074e-01,1.075637992471456528e-03,4.818872839678078890e-04,-2.022098749876022339e-03
1.535003304481506348e+00,2.312566995620727539e+00,1.353801369667053223e+00,9.999710321426391602e-01,-1.979604130610823631e-03,-4.879666026681661606e-03,-5.507664754986763000e-03
3.604138374328613281e+00,5.660940170288085938e+00,5.460737228393554688e+00,9.999981522560119629e-01,-2.391804155195131898e-04,1.640652306377887726e-03,9.744659764692187309e-04
3.183293342590332031e+00,3.000595092773437500e+00,4.553715229034423828e+00,9.999883174896240234e-01,1.116283936426043510e-03,-2.822215901687741280e-03,-3.781525185331702232e-03
3.535674333572387695e+00,1.097390890121459961e+00,5.804640650749206543e-01,9.999913573265075684e-01,3.453503130003809929e-03,-1.367468968965113163e-03,-1.910476945340633392e-03
4.553045272827148438e+00,4.973579883575439453e+00,3.877912521362304688e+00,9.999105930328369141e-01,4.659907426685094833e-03,-3.576479386538267136e-03,-1.201245561242103577e-02
3.792066574096679688e+00,3.138287305831909180e+00,4.268127918243408203e+00,9.999948740005493164e-01,1.093972823582589626e-03,-1.868939376436173916e-03,-2.382697304710745811e-03
2.074167728424072266e+00,7.332875251770019531e+00,5.170294761657714844e+00,9.999989867210388184e-01,-7.496805628761649132e-04,-1.816828735172748566e-04,1.250602188520133495e-03
3.217626333236694336e+00,1.576912283897399902e+00,6.640404224395751953e+00,9.999918341636657715e-01,3.139164298772811890e-03,-2.175404457375407219e-03,1.370453974232077599e-03
3.340038537979125977e+00,3.328673124313354492e+00,5.197348594665527344e+00,1.000000000000000000e+00,2.397225944150704890e-05,-2.663716732058674097e-04,1.678038825048133731e-04
7.268847465515136719e+00,6.945946693420410156e+00,5.280870914459228516e+00,9.999409317970275879e-01,8.185947313904762268e-03,2.369409659877419472e-03,-6.757524795830249786e-03
8.647729158401489258e-01,1.986095905303955078e+00,6.155143260955810547e+00,9.998654723167419434e-01,-1.030210684984922409e-02,4.117453005164861679e-03,1.208287384361028671e-02
2.868339061737060547e+00,4.162351131439208984e+00,4.557227611541748047e+00,9.999997019767761230e-01,5.394434556365013123e-04,2.167578350054100156e-04,5.590301007032394409e-04
2.085242271423339844e+00,5.010102272033691406e+00,2.613869905471801758e+00,9.999985694885253906e-01,-1.120854751206934452e-03,-1.171968688140623271e-04,-1.313909422606229782e-03
6.205173015594482422e+00,5.451730728149414062e+00,1.431503415107727051e+00,9.999982714653015137e-01,9.872779482975602150e-04,-1.570117427036166191e-03,-3.525280917529016733e-04
7.452668190002441406e+00,5.248832225799560547e+00,7.232506752014160156e+00,9.999647140502929688e-01,-9.043876780197024345e-04,-3.727789502590894699e-03,7.480354513972997665e-03
5.203667163848876953e+00,8.766153454780578613e-01,7.303122520446777344e+00,9.999306797981262207e-01,-9.915204718708992004e-03,2.738401526585221291e-03,-5.724369082599878311e-03
3.954879045486450195e+00,1.382926821708679199e+00,1.446794629096984863e+00,9.999916553497314453e-01,1.368033932521939278e-03,-2.867647679522633553e-03,2.567202551290392876e-03
6.733429431915283203e+00,5.165359497070312500e+00,3.805232048034667969e+00,9.999986886978149414e-01,1.506072934716939926e-03,2.085180749418213964e-04,-6.811692728661000729e-04
4.999402999877929688e+00,1.244047760963439941e+00,1.493769049644470215e+00,9.999949932098388672e-01,1.638100016862154007e-03,2.206169767305254936e-03,-1.600009505636990070e-03
6.782630443572998047e+00,4.582278430461883545e-01,1.129922151565551758e+00,9.999976754188537598e-01,-4.572631733026355505e-04,2.021121792495250702e-03,-6.365467561408877373e-04
7.393830776214599609e+00,6.381692886352539062e+00,1.887416243553161621e+00,9.999975562095642090e-01,1.735815603751689196e-04,-2.134768990799784660e-03,6.360719562508165836e-04
1.153776496648788452e-01,1.921025156974792480e+00,2.483716011047363281e+00,9.999890327453613281e-01,1.845022547058761120e-03,-1.172540141851641238e-04,4.314229357987642288e-03
4.279008388519287109e+00,1.608229875564575195e+00,5.071215704083442688e-02,9.999982118606567383e-01,-1.790198293747380376e-04,-1.087617012672126293e-03,-1.561152748763561249e-03
3.848970413208007812e+00,6.454883098602294922e+00,6.211000680923461914e-01,9.999991059303283691e-01,7.172102341428399086e-04,-1.190382405184209347e-03,-1.508141758677083999e-05
6.224544525146484375e+00,2.706317663192749023e+00,7.359181880950927734e+00,9.999990463256835938e-01,-7.777772843837738037e-04,9.831256465986371040e-05,1.179846352897584438e-03
4.088993549346923828e+00,7.472862720489501953e+00,7.493642807006835938e+00,9.999958872795104980e-01,-2.144782105460762978e-03,-1.457340200431644917e-03,-1.223662868142127991e-03
4.024705410003662109e+00,1.892206311225891113e+00,5.159350872039794922e+00,9.999591708183288574e-01,2.600101288408041000e-03,9.323686826974153519e-04,-8.600923232734203339e-03
1.420802235603332520e+00,7.481765747070312500e+00,3.485101222991943359e+00,9.999989271163940430e-01,-4.894172307103872299e-04,-1.394959981553256512e-03,1.512678718427196145e-04
9.105046987533569336e-01,5.757866859436035156e+00,5.411918640136718750e+00,9.999115467071533203e-01,-1.232694275677204132e-02,-3.080551279708743095e-03,-3.938180394470691681e-03
6.831804275512695312e+00,2.951163053512573242e-01,5.743586421012878418e-01,9.999998211860656738e-01,-3.658761270344257355e-04,5.792595402454026043e-06,-6.249957950785756111e-04
7.184942245483398438e+00,3.074038624763488770e-01,3.510058522224426270e-01,9.999836683273315430e-01,-2.081556478515267372e-03,5.313712172210216522e-03,-4.747924685943871737e-04
2.804247140884399414e+00,9.745752066373825073e-02,6.658522486686706543e-01,9.999999403953552246e-01,-3.171743301209062338e-04,1.386425719829276204e-04,3.297945368103682995e-04
1.854796528816223145e+00,5.659519672393798828e+00,2.052745103836059570e+00,9.999972581863403320e-01,1.880379277281463146e-03,-1.434099511243402958e-03,1.856089220382273197e-04
7.268977165222167969e+00,6.075059890747070312e+00,8.004179000854492188e-01,9.999998807907104492e-01,5.233365809544920921e-04,-1.817329939513001591e-05,3.223789972253143787e-04
2.535546541213989258e+00,1.959264755249023438e+00,3.437434434890747070e+00,1.000000000000000000e+00,1.362233015242964029e-04,1.767876165104098618e-05,4.841999907512217760e-05
2.167563736438751221e-01,1.749736428260803223e+00,9.622858762741088867e-01,9.999991059303283691e-01,-1.076616114005446434e-03,-8.505667210556566715e-04,-5.235040953266434371e-05
5.990302562713623047e+00,6.500881671905517578e+00,6.731864929199218750e+00,9.999936223030090332e-01,-5.199665974942035973e-05,-3.119854722172021866e-03,1.760916318744421005e-03
7.467712759971618652e-01,2.094265699386596680e+00,2.247018814086914062e+00,9.999791383743286133e-01,1.605903846211731434e-03,5.569025408476591110e-03,-2.845857990905642509e-03
3.207581490278244019e-02,4.132106781005859375e+00,1.408182233572006226e-01,9.999657273292541504e-01,2.434638794511556625e-03,-7.491645403206348419e-03,-2.542273141443729401e-03
5.945338010787963867e-01,2.849591493606567383e+00,3.082262754440307617e+00,9.999911189079284668e-01,4.180395510047674179e-03,-5.076962988823652267e-04,-3.562392084859311581e-04
3.576006889343261719e+00,1.924920797348022461e+00,5.481690883636474609e+00,9.999996423721313477e-01,-1.270793873118236661e-04,5.544879240915179253e-04,-6.644607055932283401e-04
1.614965796470642090e+00,2.720687389373779297e+00,5.777369976043701172e+00,9.999954700469970703e-01,-1.862549106590449810e-03,2.325461711734533310e-03,5.698095192201435566e-04
2.187327861785888672e+00,6.704955101013183594e+00,2.425072431564331055e+00,9.999994039535522461e-01,1.005198340862989426e-03,3.193086304236203432e-04,4.047968541271984577e-04
6.943818569183349609e+00,3.047823667526245117e+00,5.701204299926757812e+00,9.999985694885253906e-01,1.871605127234943211e-05,3.098019224125891924e-04,1.680781831964850426e-03
6.303517341613769531e+00,4.787886619567871094e+00,6.753324508666992188e+00,9.999991655349731445e-01,1.149798161350190639e-03,5.945051671005785465e-04,1.441796048311516643e-04
3.015967845916748047e+00,4.954335689544677734e+00,1.310206770896911621e+00,9.999992251396179199e-01,-4.508768615778535604e-04,-1.048961057676933706e-04,1.226495718583464622e-03
6.185922622680664062e+00,1.039689540863037109e+00,5.301465988159179688e+00,9.999902844429016113e-01,3.134376369416713715e-03,1.860012416727840900e-03,2.494827611371874809e-03
5.409809112548828125e+00,1.912994980812072754e+00,5.968149662017822266e+00,9.998547434806823730e-01,-4.093283787369728088e-03,-1.489190943539142609e-02,7.219314575195312500e-03
3.595073223114013672e+00,6.218747615814208984e+00,5.026933193206787109e+00,9.999985694885253906e-01,1.266371458768844604e-03,-4.538022622000426054e-04,-1.103709684684872627e-03
7.373110771179199219e+00,7.026871204376220703e+00,1.840762645006179810e-01,9.999657869338989258e-01,-2.675391267985105515e-03,3.322970354929566383e-03,7.088302168995141983e-03
1.616567850112915039e+00,5.783942222595214844e+00,1.162340641021728516e+00,9.999982714653015137e-01,-2.411337336525321007e-04,-3.720225358847528696e-04,-1.831020810641348362e-03
5.924221038818359375e+00,2.238368272781372070e+00,2.718310058116912842e-01,9.999994635581970215e-01,-1.056232795235700905e-04,6.670065340586006641e-04,8.767495746724307537e-04
3.856947660446166992e+00,1.799757838249206543e+00,5.995591640472412109e+00,9.999994635581970215e-01,-2.474698121659457684e-04,1.017647213302552700e-03,3.226686749258078635e-05
1.670143485069274902e+00,3.015791893005371094e+00,1.102996706962585449e+00,9.999977946281433105e-01,1.000704476609826088e-03,-2.124842139892280102e-04,-1.871119253337383270e-03
7.202677249908447266e+00,6.470790386199951172e+00,2.478794097900390625e+00,9.999773502349853516e-01,-6.590665318071842194e-03,9.301775717176496983e-04,-9.886509506031870842e-04
2.973004102706909180e+00,4.698111534118652344e+00,7.467314243316650391e+00,9.999993443489074707e-01,4.380052268970757723e-04,2.516489767003804445e-04,-1.083708833903074265e-03
3.177852153778076172e+00,4.234318256378173828e+00,2.589663743972778320e+00,9.999995231628417969e-01,-8.172039088094606996e-05,9.882745798677206039e-04,-1.470611750846728683e-04
5.652144432067871094e+00,6.596688747406005859e+00,7.020005226135253906e+00,9.999999403953552246e-01,-1.864883088273927569e-04,4.514475294854491949e-04,-5.610613516182638705e-05
7.481379508972167969e+00,7.037150263786315918e-01,1.096151694655418396e-01,9.998992085456848145e-01,-9.559027850627899170e-03,9.448697790503501892e-03,-4.578160587698221207e-03
5.033143043518066406e+00,6.210545539855957031e+00,5.697798728942871094e+00,9.999973773956298828e-01,-1.496638986282050610e-03,9.984404314309358597e-04,-1.390383113175630569e-03
4.128359317779541016e+00,1.271058320999145508e+00,4.138697624206542969e+00,9.999997019767761230e-01,2.091327478410676122e-04,2.804363248287700117e-05,-8.009274024516344070e-04
3.783368587493896484e+00,2.203978300094604492e+00,5.773629665374755859e+00,9.999853968620300293e-01,3.454131307080388069e-03,3.442175686359405518e-03,2.330421004444360733e-03
5.324937105178833008e-01,6.364136219024658203e+00,3.684801816940307617e+00,9.999606609344482422e-01,4.047304391860961914e-03,-5.226615816354751587e-03,-5.920965690165758133e-03
8.433252573013305664e-01,4.874714374542236328e+00,5.719475746154785156e+00,9.999544024467468262e-01,7.476973114535212517e-04,-1.212593284435570240e-03,-9.441297501325607300e-03
6.744095683097839355e-01,6.570149898529052734e+00,6.951509475708007812e+00,9.999883174896240234e-01,3.900569863617420197e-03,2.388712717220187187e-03,1.606954843737185001e-03
2.707523822784423828e+00,3.015958964824676514e-01,3.925615072250366211e+00,9.999621510505676270e-01,2.578963758423924446e-03,6.842258851975202560e-03,4.722961690276861191e-03
3.238076925277709961e+00,3.674969673156738281e-01,8.815308660268783569e-02,9.999669194221496582e-01,-6.259977351874113083e-03,1.871527289040386677e-03,-4.847893957048654556e-03
2.078739881515502930e+00,7.299781322479248047e+00,1.647258281707763672e+00,9.999971985816955566e-01,-8.727265521883964539e-04,2.134531037881970406e-03,-6.386484601534903049e-04
2.434426069259643555e+00,4.732786178588867188e+00,3.180256128311157227e+00,9.999982714653015137e-01,4.839396860916167498e-04,1.464571920223534107e-03,1.112975412979722023e-03
7.199293136596679688e+00,6.519369125366210938e+00,6.337915420532226562e+00,9.999960660934448242e-01,4.254151717759668827e-04,-1.050400314852595329e-03,2.555095823481678963e-03
1.981625318527221680e+00,4.752756595611572266e+00,2.177319288253784180e+00,1.000000000000000000e+00,-1.583851990289986134e-04,-1.453301229048520327e-04,-3.011676599271595478e-04
1.181884765625000000e+00,2.233554124832153320e+00,6.021406054496765137e-01,9.999875426292419434e-01,1.076591361197642982e-04,-4.963966552168130875e-03,6.379203987307846546e-04
2.303956598043441772e-01,6.220616340637207031e+00,1.985636234283447266e+00,9.999687075614929199e-01,-3.139729378744959831e-03,-5.117385648190975189e-03,-5.152773112058639526e-03
6.553886413574218750e+00,3.560517430305480957e-01,3.137825965881347656e+00,9.999963641166687012e-01,-1.082302653230726719e-03,5.832855240441858768e-04,2.416137140244245529e-03
3.709758758544921875e+00,1.529831051826477051e+00,5.106826305389404297e+00,9.999777674674987793e-01,-3.355040913447737694e-03,3.094905521720647812e-03,4.874106496572494507e-03
7.100495815277099609e+00,3.285717248916625977e+00,6.107575416564941406e+00,9.999997019767761230e-01,-6.121508195064961910e-04,-1.567685249028727412e-04,5.096964887343347073e-04
1.058583140373229980e+00,3.878538846969604492e+00,5.507618427276611328e+00,9.999993443489074707e-01,4.264270537532866001e-04,-1.022135838866233826e-03,-3.598991897888481617e-04
4.119949340820312500e-01,4.812404155731201172e+00,5.234476089477539062e+00,9.999167919158935547e-01,7.331749889999628067e-03,-1.053060311824083328e-02,-1.344917924143373966e-03
4.702973842620849609e+00,6.009825229644775391e+00,3.753617286682128906e+00,9.999936223030090332e-01,-2.032996155321598053e-03,2.952421782538294792e-03,-1.244219893123954535e-04
9.187789559364318848e-01,1.963985204696655273e+00,5.500084877014160156e+00,9.999924302101135254e-01,3.406054805964231491e-03,4.772692918777465820e-04,1.846333499997854233e-03
4.631196022033691406e+00,2.724911689758300781e+00,1.638968110084533691e+00,9.999999403953552246e-01,1.224420702783390880e-04,1.220577250933274627e-04,-2.957848773803561926e-04
7.171031951904296875e+00,2.469130516052246094e+00,5.090898513793945312e+00,9.999967813491821289e-01,1.489223446696996689e-03,1.549882581457495689e-03,-1.380284084007143974e-03
7.031958699226379395e-01,7.390253543853759766e+00,3.369792699813842773e+00,9.999968409538269043e-01,-1.369096571579575539e-03,-1.117807347327470779e-03,-1.825917861424386501e-03
2.847734212875366211e+00,4.948514938354492188e+00,3.624435186386108398e+00,9.999996423721313477e-01,8.019790984690189362e-04,-4.405231447890400887e-04,-1.209661495522595942e-04
7.486299037933349609e+00,1.465135931968688965e+00,1.983103752136230469e+00,9.999997019767761230e-01,-2.416063653072342277e-04,2.592921664472669363e-04,-7.843145285733044147e-04
1.734113574028015137e+00,7.123427391052246094e+00,4.778446674346923828e+00,9.999897480010986328e-01,-9.376836242154240608e-04,4.369758535176515579e-03,7.357597351074218750e-04
5.513718128204345703e+00,2.911513447761535645e-01,1.961354166269302368e-01,9.999520778656005859e-01,7.041948847472667694e-04,-3.551805624738335609e-03,-9.095425717532634735e-03
2.724016427993774414e+00,1.985054731369018555e+00,6.302044987678527832e-01,9.999534487724304199e-01,-5.110871046781539917e-03,5.117728142067790031e-04,-8.166773244738578796e-03
5.734331607818603516e+00,1.895393252372741699e+00,1.518716335296630859e+00,9.999994039535522461e-01,-1.705983231659047306e-05,-7.738543208688497543e-04,8.661049650982022285e-04
2.971081018447875977e+00,3.578388690948486328e-01,5.647827625274658203e+00,9.999997615814208984e-01,-7.130500307539477944e-05,-7.309873471967875957e-04,-3.047180362045764923e-04
3.736776351928710938e+00,4.557295799255371094e+00,4.970457553863525391e+00,9.999223947525024414e-01,-5.733875557780265808e-03,-9.946331381797790527e-03,-4.843106959015130997e-03
4.479730606079101562e+00,1.106564402580261230e+00,3.698611021041870117e+00,9.998987913131713867e-01,7.476346567273139954e-03,-6.494266912341117859e-03,-1.021700911223888397e-02
2.047587156295776367e+00,2.811724901199340820e+00,1.308870196342468262e+00,9.999998211860656738e-01,4.803295305464416742e-04,4.640810075215995312e-04,-1.401767985953483731e-05
6.573335647583007812e+00,3.094226360321044922e+00,2.687416076660156250e+00,9.999985098838806152e-01,3.795529119088314474e-05,1.728231203742325306e-03,-2.607962524052709341e-04
8.570393919944763184e-01,3.822869777679443359e+00,3.469227075576782227e+00,9.999235272407531738e-01,8.601215668022632599e-03,3.201186656951904297e-03,8.294277824461460114e-03
3.190412223339080811e-01,2.317338466644287109e+00,7.552499324083328247e-02,9.999793171882629395e-01,-4.124682396650314331e-03,-4.771427251398563385e-03,1.294903922826051712e-03
2.623179912567138672e+00,4.066539287567138672e+00,5.718216419219970703e+00,9.999002814292907715e-01,8.968248963356018066e-03,-1.042879279702901840e-02,3.190724411979317665e-03
4.833849906921386719e+00,6.132876873016357422e+00,2.989880084991455078e+00,9.999887347221374512e-01,-1.909298152895644307e-04,-2.122365869581699371e-03,-4.256128333508968353e-03
3.423649549484252930e+00,2.080665826797485352e+00,5.762357711791992188e+00,9.999854564666748047e-01,3.673550905659794807e-03,2.412299858406186104e-03,-3.138813655823469162e-03
7.703692466020584106e-02,6.891505241394042969e+00,4.377584457397460938e+00,9.999915957450866699e-01,1.407095696777105331e-03,-2.324103610590100288e-03,-3.067564917728304863e-03
8.427271246910095215e-01,5.377127170562744141e+00,6.865545749664306641e+00,9.999980330467224121e-01,1.263536978513002396e-03,-1.303710974752902985e-03,7.472289144061505795e-04
2.942789316177368164e+00,3.073488950729370117e+00,6.452350616455078125e+00,9.999618530273437500e-01,1.755968085490167141e-03,-2.716396469622850418e-03,8.123198524117469788e-03
6.445188522338867188e+00,7.463714599609375000e+00,6.912973880767822266e+00,9.998243451118469238e-01,1.592134311795234680e-02,9.232798591256141663e-03,-3.550691530108451843e-03
2.614035129547119141e+00,4.289771556854248047e+00,1.344491958618164062e+00,9.999995231628417969e-01,5.953329382464289665e-04,-3.779006656259298325e-04,-7.408948731608688831e-04
6.503344058990478516e+00,5.118314743041992188e+00,6.283093452453613281e+00,9.999877214431762695e-01,3.049520892091095448e-04,4.048914648592472076e-03,-2.870425581932067871e-03
4.268537044525146484e+00,3.212450027465820312e+00,7.271265387535095215e-01,9.999700188636779785e-01,7.498883642256259918e-04,-7.680891081690788269e-03,6.394066731445491314e-04
4.975581645965576172e+00,4.128262042999267578e+00,2.769857168197631836e+00,9.999973177909851074e-01,-1.940265763550996780e-03,-1.207618624903261662e-03,-5.262226914055645466e-04
2.874764800071716309e-01,6.676613330841064453e+00,6.279765129089355469e+00,9.999860525131225586e-01,2.304456895217299461e-03,-3.883395809680223465e-03,-2.758255228400230408e-03
3.186271786689758301e-01,6.076179981231689453e+00,5.399770259857177734e+00,9.999771714210510254e-01,-5.273197893984615803e-05,6.767848506569862366e-03,-1.170020041172392666e-04
2.851394414901733398e+00,6.542504787445068359e+00,4.817262291908264160e-01,9.999988079071044922e-01,6.972473056521266699e-05,-3.362753486726433039e-04,-1.483445172198116779e-03
3.155653715133666992e+00,3.237403631210327148e-01,7.041461467742919922e+00,9.998592734336853027e-01,7.212395779788494110e-03,-1.414875686168670654e-02,5.413366481661796570e-03
6.292835712432861328e+00,5.633004665374755859e+00,3.865529596805572510e-01,9.999464750289916992e-01,3.753336612135171890e-03,7.565946318209171295e-03,-5.987317766994237900e-03
6.695734977722167969e+00,6.531916141510009766e+00,5.759582519531250000e+00,9.999929666519165039e-01,-2.488044323399662971e-03,1.114226528443396091e-03,2.602507593110203743e-03
2.076715230941772461e+00,4.485288143157958984e+00,6.351702213287353516e+00,9.999994635581970215e-01,-4.440073462319560349e-05,-6.676044431515038013e-04,-8.709566900506615639e-04
5.231937393546104431e-02,3.516027688980102539e+00,1.080105006694793701e-01,9.999966621398925781e-01,1.607737620361149311e-03,-2.064374275505542755e-03,-1.555509952595457435e-04
7.217533588409423828e+00,5.693315982818603516e+00,1.791004180908203125e+00,9.999448657035827637e-01,-6.883516442030668259e-03,7.934098131954669952e-03,-3.315658541396260262e-04
6.339057445526123047e+00,4.636830806732177734e+00,2.669571638107299805e+00,9.997527003288269043e-01,-2.176056429743766785e-02,-2.992239780724048615e-03,-3.482948523014783859e-03
1.341531038284301758e+00,4.495738983154296875e+00,1.099681138992309570e+00,9.999998807907104492e-01,-5.554837407544255257e-04,1.785258646123111248e-04,-8.697473094798624516e-05
7.077753543853759766e+00,4.025700092315673828e+00,3.500611066818237305e+00,9.999984502792358398e-01,9.396622772328555584e-04,1.268608029931783676e-03,-8.680232567712664604e-04
3.227724552154541016e+00,1.948692440986633301e+00,5.338460445404052734e+00,9.999993443489074707e-01,-6.276287604123353958e-04,-1.010222593322396278e-03,2.586218761280179024e-04
4.503390789031982422e-01,3.304390609264373779e-01,1.854041576385498047e+00,9.999952912330627441e-01,-5.657337023876607418e-04,2.575222868472337723e-03,-1.624570810236036777e-03
2.659478902816772461e+00,3.909779310226440430e+00,1.456559538841247559e+00,9.999967217445373535e-01,1.037328154779970646e-03,-2.338424790650606155e-03,-3.419144777581095695e-04
2.753299474716186523e+00,5.304344654083251953e+00,9.460768103599548340e-01,9.999350905418395996e-01,-9.477823972702026367e-03,-5.084515083581209183e-03,3.769817063584923744e-03
5.647237777709960938e+00,4.703443527221679688e+00,2.716806888580322266e+00,9.999969601631164551e-01,-2.023002132773399353e-03,-1.269036554731428623e-03,-7.020483608357608318e-04
2.222824990749359131e-01,2.202216386795043945e+00,6.229556560516357422e+00,9.999974370002746582e-01,-9.729552548378705978e-04,2.073038602247834206e-03,-1.271087530767545104e-04
1.606002688407897949e+00,4.276084423065185547e+00,3.056470394134521484e+00,9.999929666519165039e-01,1.268944237381219864e-03,-3.467317670583724976e-03,7.076936890371143818e-04
6.646728515625000000e+00,2.616611123085021973e-01,5.604262828826904297e+00,9.999961256980895996e-01,-9.582461207173764706e-04,1.959425164386630058e-03,1.769577618688344955e-03
7.293438434600830078e+00,3.731930494308471680e+00,6.017524600028991699e-01,9.999937415122985840e-01,2.329592360183596611e-03,2.538743894547224045e-03,8.898117812350392342e-04
4.954153537750244141e+00,6.688094139099121094e+00,7.493243217468261719e-01,9.999965429306030273e-01,-1.514788018539547920e-03,1.435810234397649765e-03,1.613439409993588924e-03
1.879347085952758789e+00,5.888926506042480469e+00,5.661404609680175781e+00,9.999916553497314453e-01,3.043483244255185127e-03,-2.668742323294281960e-03,-5.576174007728695869e-04
4.751592636108398438e+00,6.882006168365478516e+00,3.616685152053833008e+00,9.999960064888000488e-01,-2.265547169372439384e-03,-8.631396340206265450e-04,-1.491902628913521767e-03
7.197562694549560547e+00,2.345690429210662842e-01,6.211065292358398438e+00,9.999970197677612305e-01,3.427478368394076824e-04,-2.415278926491737366e-03,2.912970085162669420e-04
7.301767826080322266e+00,1.107738971710205078e+00,5.504819869995117188e+00,9.999657273292541504e-01,1.987229799851775169e-03,-8.004441857337951660e-03,-7.750909426249563694e-04
1.265193462371826172e+00,2.138762235641479492e+00,2.518269300460815430e+00,9.999899268150329590e-01,2.487750025466084480e-03,6.245836266316473484e-04,-3.673070343211293221e-03
2.598872661590576172e+00,4.481587886810302734e+00,1.630516529083251953e+00,9.999996423721313477e-01,-7.717506960034370422e-04,-3.788734902627766132e-04,-3.527626686263829470e-04
7.461159229278564453e-01,3.104316711425781250e+00,3.713257551193237305e+00,9.998281002044677734e-01,-7.469182834029197693e-03,1.248715352267026901e-02,1.149560511112213135e-02
4.591154098510742188e+00,7.027166366577148438e+00,6.709742069244384766e+00,9.999673962593078613e-01,-8.547984907636418939e-05,-7.207400631159543991e-03,-3.645860357210040092e-03
5.331140995025634766e+00,7.103319168090820312e+00,1.676202535629272461e+00,1.000000000000000000e+00,-3.631157160270959139e-04,1.649146142881363630e-04,-1.085801632143557072e-04
6.745345592498779297e+00,2.194599866867065430e+00,4.701378345489501953e+00,9.999076724052429199e-01,-4.235352098476141691e-04,-4.558531101793050766e-03,1.279764249920845032e-02
6.150773048400878906e+00,5.761694908142089844e+00,6.214549064636230469e+00,9.999989867210388184e-01,7.529651338700205088e-05,-5.406764685176312923e-04,-1.345132477581501007e-03
2.207626581192016602e+00,1.071581721305847168e+00,6.027086734771728516e+00,9.999999403953552246e-01,-3.335993387736380100e-04,7.858316530473530293e-05,3.391676582396030426e-04
3.979823827743530273e+00,1.902244091033935547e+00,7.069681644439697266e+00,9.999992251396179199e-01,3.282102697994560003e-04,6.960196187719702721e-04,1.027071382850408554e-03
4.798847675323486328e+00,7.145102500915527344e+00,1.303886771202087402e+00,9.999969601631164551e-01,1.112903584726154804e-03,4.647513269446790218e-04,-2.171600004658102989e-03
5.401459217071533203e+00,1.833249568939208984e+00,4.728502750396728516e+00,9.999996423721313477e-01,8.766780956648290157e-04,9.303366823587566614e-05,2.602018939796835184e-04
1.527675032615661621e+00,3.904402971267700195e+00,4.374598503112792969e+00,9.999991655349731445e-01,-2.891374751925468445e-04,-1.204797183163464069e-03,-3.739542444236576557e-04
4.503759860992431641e+00,5.413874149322509766e+00,2.748920917510986328e+00,9.999983906745910645e-01,5.886957515031099319e-04,-1.697420142590999603e-03,3.127430973108857870e-04
3.564923763275146484e+00,2.709819316864013672e+00,4.029016017913818359e+00,9.999380707740783691e-01,1.091583049856126308e-03,-8.247378282248973846e-03,-7.394598796963691711e-03
3.489372014999389648e+00,9.161699414253234863e-01,6.233848571777343750e+00,9.999992847442626953e-01,-5.871638422831892967e-04,7.493794546462595463e-04,8.133461815305054188e-04
6.876478672027587891e+00,5.692429542541503906e+00,1.463083863258361816e+00,9.999055862426757812e-01,-4.147820640355348587e-03,-1.059339754283428192e-02,7.715029176324605942e-03
2.430986404418945312e+00,4.996104240417480469e+00,6.207719802856445312e+00,9.999960064888000488e-01,-2.935097145382314920e-04,-2.196784131228923798e-03,-1.781410537660121918e-03
4.396792411804199219e+00,1.206118583679199219e+00,4.428855419158935547e+00,9.999793171882629395e-01,2.537017688155174255e-03,-5.877040792256593704e-03,6.233656895346939564e-04
7.915286421775817871e-01,2.256340026855468750e+00,1.639332890510559082e+00,9.999970197677612305e-01,-2.488928148522973061e-04,1.989467302337288857e-03,-1.424390007741749287e-03
4.996976375579833984e+00,2.927186727523803711e+00,7.286510467529296875e+00,9.999975562095642090e-01,-1.620658091269433498e-03,-1.320187468081712723e-03,-7.828355883248150349e-04
2.053402900695800781e+00,1.718560457229614258e+00,6.331647396087646484e+00,9.999862909317016602e-01,-1.666856813244521618e-03,-1.420809276169165969e-04,4.967720247805118561e-03
4.777150630950927734e+00,3.264974355697631836e+00,7.192790985107421875e+00,9.999939799308776855e-01,1.135889091528952122e-03,-1.098732347600162029e-03,3.113034879788756371e-03
3.606090068817138672e+00,6.391977310180664062e+00,5.378359317779541016e+00,9.999821186065673828e-01,5.922032054513692856e-03,-2.797663619276136160e-04,-8.612584206275641918e-04
2.651436090469360352e+00,6.756251335144042969e+00,3.109081506729125977e+00,1.000000000000000000e+00,3.370536796865053475e-05,2.556414110586047173e-04,7.506444671889767051e-05
5.487252712249755859e+00,3.693568229675292969e+00,5.657640933990478516e+00,9.999997019767761230e-01,-5.405384581536054611e-04,5.964430747553706169e-04,1.400399778503924608e-04
1.330483198165893555e+00,6.001807689666748047e+00,5.813124656677246094e+00,9.999997019767761230e-01,-4.633268108591437340e-04,-1.683047303231433034e-04,7.381881005130708218e-04
2.761357426643371582e-01,1.018010854721069336e+00,6.697703361511230469e+00,9.999989867210388184e-01,-9.614798473194241524e-04,1.103890244849026203e-03,-2.781285438686609268e-04
6.485395431518554688e+00,1.180456638336181641e+00,3.375836849212646484e+00,9.999924898147583008e-01,1.156550069936201908e-06,3.513438627123832703e-03,-1.667029922828078270e-03
3.389250278472900391e+00,4.409155368804931641e+00,5.277512073516845703e+00,9.999988675117492676e-01,3.139470936730504036e-04,7.021427154541015625e-04,1.344974618405103683e-03
3.851504802703857422e+00,6.377604484558105469e+00,3.228515148162841797e+00,9.999663829803466797e-01,-5.158567801117897034e-04,-4.116470925509929657e-03,-7.085416000336408615e-03
4.151600837707519531e+00,2.386702060699462891e+00,4.520118236541748047e+00,9.999998807907104492e-01,-5.449626405606977642e-05,-4.275390238035470247e-04,-2.642396721057593822e-04
1.680013835430145264e-01,1.806996464729309082e-01,5.063218593597412109e+00,9.999950528144836426e-01,5.933678476139903069e-04,2.904150169342756271e-03,-1.053662388585507870e-03
1.995451688766479492e+00,3.055899620056152344e+00,2.588606357574462891e+00,9.999999403953552246e-01,-1.855348236858844757e-04,-3.537018492352217436e-04,2.696254232432693243e-04
3.762166023254394531e+00,5.259193420410156250e+00,6.215264320373535156e+00,9.999996423721313477e-01,-3.731242613866925240e-04,5.569328204728662968e-04,5.917772650718688965e-04
4.826797008514404297e+00,4.021742343902587891e+00,5.956789970397949219e+00,9.999973177909851074e-01,-1.438993494957685471e-03,5.103705188957974315e-05,1.837396644987165928e-03
4.398039340972900391e+00,5.406869947910308838e-02,6.488031744956970215e-01,9.999997615814208984e-01,-4.276909166947007179e-04,-5.275359144434332848e-04,2.546753676142543554e-04
5.206467628479003906e+00,4.179862976074218750e+00,6.005684852600097656e+00,9.999919533729553223e-01,-1.706727896817028522e-03,-2.987746614962816238e-03,-2.080106642097234726e-03
5.111553668975830078e+00,5.982766628265380859e+00,3.958820343017578125e+00,9.999982714653015137e-01,6.259892834350466728e-04,1.478958292864263058e-03,9.285340202040970325e-04
3.470279216766357422e+00,1.160478949546813965e+00,4.646472454071044922e+00,9.999989867210388184e-01,-2.616855781525373459e-04,-4.835182153328787535e-06,1.433849218301475048e-03
2.625925540924072266e+00,3.068878173828125000e+00,6.404165744781494141e+00,9.999765157699584961e-01,2.587320632301270962e-04,-1.478993683122098446e-03,6.683871615678071976e-03
2.357422828674316406e+00,4.837344169616699219e+00,1.479656934738159180e+00,9.998733997344970703e-01,-1.390671823173761368e-03,7.698832079768180847e-03,-1.385909132659435272e-02
5.894901275634765625e+00,3.754499435424804688e+00,7.076759338378906250e+00,9.999982118606567383e-01,-1.842690049670636654e-03,2.779226924758404493e-04,-4.579288361128419638e-04
4.049501895904541016e+00,2.547656059265136719e+00,5.108612060546875000e+00,9.999990463256835938e-01,-5.816990742459893227e-04,3.537409356795251369e-04,1.266974955797195435e-03
3.592514395713806152e-01,8.418889641761779785e-01,2.816976070404052734e+00,9.999458193778991699e-01,-6.027226336300373077e-04,-1.030811294913291931e-02,1.330958795733749866e-03
7.147634983062744141e+00,6.573712348937988281e+00,5.858675479888916016e+00,9.999918341636657715e-01,3.131072735413908958e-04,2.215471817180514336e-03,3.391280304640531540e-03
3.959303379058837891e+00,2.164860248565673828e+00,1.875125050544738770e+00,9.999999403953552246e-01,1.815335708670318127e-04,-4.484072269406169653e-04,5.180440348340198398e-05
3.046988010406494141e+00,4.652534484863281250e+00,6.972127437591552734e+00,9.999992251396179199e-01,1.694553357083350420e-04,6.430084467865526676e-04,-1.098820008337497711e-03
1.082092523574829102e+00,3.845870256423950195e+00,4.626852512359619141e+00,9.999961256980895996e-01,-1.841608667746186256e-03,-6.729011074639856815e-04,-1.991346711292862892e-03
5.274714946746826172e+00,5.652996540069580078e+00,5.719954013824462891e+00,9.999252557754516602e-01,2.281588531332090497e-04,-6.706292741000652313e-03,-1.021730713546276093e-02
4.061690330505371094e+00,1.075258135795593262e+00,1.520731925964355469e+00,9.999969005584716797e-01,-5.399835063144564629e-04,-2.096586627885699272e-03,1.222360064275562763e-03
7.191733837127685547e+00,5.333051204681396484e+00,1.988693356513977051e+00,9.999998807907104492e-01,9.500189480604603887e-05,1.040511124301701784e-04,-5.526542663574218750e-04
4.020004749298095703e+00,1.330955922603607178e-01,7.060677528381347656e+00,9.999842643737792969e-01,-3.642816329374909401e-03,-4.232484381645917892e-03,-5.281849880702793598e-04
4.064877986907958984e+00,5.301984310150146484e+00,1.684167385101318359e+00,9.999970793724060059e-01,3.142477071378380060e-04,2.313585020601749420e-03,7.205184665508568287e-04
5.391520023345947266e+00,3.001823186874389648e+00,6.945740699768066406e+00,9.999966025352478027e-01,-2.569850767031311989e-03,2.549742930568754673e-04,-5.467306473292410374e-04
3.025461912155151367e+00,1.784391283988952637e+00,2.746409177780151367e-01,9.999983310699462891e-01,6.244918913580477238e-04,-1.523239479865878820e-04,1.748678041622042656e-03
1.066469311714172363e+00,6.474297523498535156e+00,2.879094362258911133e+00,9.999984502792358398e-01,-5.276639130897819996e-04,6.595517043024301529e-04,1.596299465745687485e-03
2.127994537353515625e+00,3.411919593811035156e+00,2.414926290512084961e+00,9.999988675117492676e-01,-1.405208720825612545e-03,2.651113027241080999e-04,-5.737784667871892452e-04
3.306116580963134766e+00,5.875441074371337891e+00,5.422751307487487793e-01,9.999759793281555176e-01,3.307569073513150215e-03,-6.567493546754121780e-04,6.057802587747573853e-03
6.496483325958251953e+00,3.652448415756225586e+00,4.237706959247589111e-01,9.999980926513671875e-01,4.216936067678034306e-04,-1.735276891849935055e-03,8.681461913511157036e-04
1.875629544258117676e+00,3.790393590927124023e+00,2.436256170272827148e+00,9.999594688415527344e-01,-9.004889987409114838e-03,1.324915210716426373e-04,1.171981421066448092e-04
6.690754890441894531e+00,5.195709705352783203e+00,1.085765719413757324e+00,9.999885559082031250e-01,-2.381724538281559944e-03,-2.497829264029860497e-03,3.307372331619262695e-03
7.489738941192626953e+00,6.719625949859619141e+00,1.043313026428222656e+00,9.999926090240478516e-01,-3.373477607965469360e-03,-1.372551894746720791e-03,1.227224012836813927e-03
7.165804505348205566e-01,7.181990623474121094e+00,1.792532086372375488e+00,9.999997615814208984e-01,-3.828314365819096565e-04,3.116438165307044983e-05,-6.957540172152221203e-04
1.702466130256652832e+00,1.041660070419311523e+00,6.784367084503173828e+00,9.999987483024597168e-01,1.642444840399548411e-04,4.810132377315312624e-04,1.517627504654228687e-03
5.197958946228027344e+00,1.708122491836547852e-01,1.549844503402709961e+00,9.998718500137329102e-01,4.301300796214491129e-04,-6.721285171806812286e-04,-1.598916947841644287e-02
2.489775657653808594e+00,1.577081084251403809e+00,4.801450252532958984e+00,9.999853968620300293e-01,-1.026142388582229614e-03,-3.640140872448682785e-03,-3.863845719024538994e-03
7.260601520538330078e+00,6.856719970703125000e+00,2.673003673553466797e+00,9.999980926513671875e-01,7.448987162206321955e-05,-1.415522187016904354e-03,1.364370575174689293e-03
1.483652949333190918e+00,4.266864776611328125e+00,2.622908353805541992e+00,9.999908208847045898e-01,1.283353893086314201e-03,-2.918280428275465965e-03,2.883180277422070503e-03
1.501640200614929199e+00,2.587188720703125000e+00,1.858343720436096191e+00,9.999997615814208984e-01,1.282042794628068805e-04,-1.741519954521209002e-04,6.300747627392411232e-04
4.472266674041748047e+00,2.894922494888305664e+00,6.720565795898437500e+00,9.999992251396179199e-01,4.226568853482604027e-04,1.209817477501928806e-03,-5.993628656142391264e-05
2.432516813278198242e+00,5.617566585540771484e+00,2.931934595108032227e+00,9.999877214431762695e-01,-4.512718878686428070e-03,1.969503471627831459e-03,-5.444817943498492241e-04
4.978003025054931641e+00,2.873501777648925781e+00,3.820527791976928711e+00,9.998745322227478027e-01,1.042099390178918839e-02,-1.478221500292420387e-03,1.183818746358156204e-02
1.497936129570007324e+00,3.543816804885864258e+00,6.085854053497314453e+00,9.999983310699462891e-01,3.685021074488759041e-04,7.113810861483216286e-04,1.700660563074052334e-03
1.109192490577697754e+00,1.549587011337280273e+00,1.288283824920654297e+00,9.999992847442626953e-01,1.061076181940734386e-03,6.611438584513962269e-05,6.899883737787604332e-04
1.191749811172485352e+00,2.828986883163452148e+00,3.363734722137451172e+00,9.999955296516418457e-01,-6.308506126515567303e-04,2.881742781028151512e-03,5.698728491552174091e-04
6.811532974243164062e-01,2.424724996089935303e-01,5.000772476196289062e+00,9.997557997703552246e-01,-1.112892758101224899e-02,-1.664871722459793091e-02,9.351798333227634430e-03
3.819583654403686523e+00,3.799166202545166016e+00,5.916375160217285156e+00,9.999987483024597168e-01,-2.273651261930353940e-05,1.581376069225370884e-03,-3.632687439676374197e-04
3.097014427185058594e+00,4.407407283782958984e+00,4.725461959838867188e+00,9.999971389770507812e-01,1.230239635333418846e-03,-1.206504763104021549e-03,1.700881635770201683e-03
5.746171951293945312e+00,5.856879949569702148e-01,1.348838686943054199e+00,9.999402165412902832e-01,-4.637679085135459900e-03,3.620660863816738129e-03,-9.220435284078121185e-03
8.640372008085250854e-02,6.298696994781494141e-01,1.227845668792724609e+00,9.999037981033325195e-01,3.299078438431024551e-03,1.347246672958135605e-02,2.033498749369755387e-04
7.341867923736572266e+00,3.105081081390380859e+00,4.864131927490234375e+00,9.999993443489074707e-01,-2.024271088885143399e-05,5.363434902392327785e-04,-1.050215912982821465e-03
3.914949655532836914e+00,6.287771463394165039e-01,2.907657623291015625e+00,9.998152256011962891e-01,-1.798909902572631836e-02,-3.846796753350645304e-04,6.771226879209280014e-03
6.976234912872314453e+00,1.587527155876159668e+00,6.864344120025634766e+00,9.999886155128479004e-01,-3.221826860681176186e-03,-2.773789223283529282e-03,-2.174172317609190941e-03
5.091330051422119141e+00,1.222839117050170898e+00,7.316349983215332031e+00,9.999971985816955566e-01,-6.664783577434718609e-04,1.078414265066385269e-03,-1.984349451959133148e-03
5.852237343788146973e-02,5.329061150550842285e-01,5.846528530120849609e+00,9.999562501907348633e-01,6.753276102244853973e-03,-5.529229529201984406e-03,3.373725339770317078e-03
3.837657690048217773e+00,4.707318782806396484e+00,2.648508071899414062e+00,9.999985098838806152e-01,9.381029522046446800e-04,1.373917679302394390e-03,5.717942840419709682e-04
3.284979343414306641e+00,1.703738927841186523e+00,2.049502611160278320e+00,9.999995827674865723e-01,-1.784427149686962366e-04,-5.678477464243769646e-04,7.527456618845462799e-04
6.727791309356689453e+00,7.261586666107177734e+00,5.246017456054687500e+00,9.999979734420776367e-01,-2.034610370174050331e-03,-1.520532823633402586e-04,1.186537119792774320e-04
5.804025173187255859e+00,5.423798084259033203e+00,3.485339403152465820e+00,9.999250173568725586e-01,6.332292221486568451e-03,9.280031546950340271e-03,-4.870288074016571045e-03
2.664537668228149414e+00,5.478126525878906250e+00,1.452170491218566895e+00,9.999959468841552734e-01,-1.448048744350671768e-03,-1.637504552491009235e-03,1.846719183959066868e-03
7.083693027496337891e+00,1.880066394805908203e-01,7.263354301452636719e+00,9.999479055404663086e-01,7.090816739946603775e-03,7.284669205546379089e-03,9.498705039732158184e-04
1.360298514366149902e+00,3.037377119064331055e+00,3.926615238189697266e+00,9.999996423721313477e-01,3.010295040439814329e-04,-1.654027801123447716e-05,-8.394676842726767063e-04
3.349898338317871094e+00,3.291191816329956055e+00,6.244421482086181641e+00,9.998916983604431152e-01,-1.000613626092672348e-02,4.219217225909233093e-03,-9.934008121490478516e-03
4.175738811492919922e+00,5.159027099609375000e+00,7.688183784484863281e-01,9.999834299087524414e-01,2.839615568518638611e-03,-7.841389742679893970e-04,4.959459882229566574e-03
1.470623254776000977e+00,1.014685258269309998e-01,3.927688837051391602e+00,9.999987483024597168e-01,-1.403292873874306679e-03,8.093626820482313633e-05,-7.905680686235427856e-04
6.445277690887451172e+00,4.908448457717895508e-01,5.908492565155029297e+00,9.999974370002746582e-01,-5.059462855570018291e-04,1.112658181227743626e-03,1.923237694427371025e-03
4.903265953063964844e+00,1.220219612121582031e+00,3.504486382007598877e-01,9.999841451644897461e-01,-2.214702311903238297e-03,1.685312949120998383e-03,-4.898590967059135437e-03
5.352813243865966797e+00,2.145232915878295898e+00,7.109762668609619141e+00,9.999538660049438477e-01,7.790335454046726227e-03,-4.672307055443525314e-03,3.136443207040429115e-03
4.618497848510742188e+00,9.875595569610595703e-01,7.028250694274902344e+00,9.999970197677612305e-01,-1.877905888250097632e-04,-2.163861936423927546e-04,-2.453530207276344299e-03
7.689489722251892090e-01,6.579078674316406250e+00,3.634078741073608398e+00,9.999501109123229980e-01,4.073515534400939941e-03,-6.689541507512331009e-03,-6.203627213835716248e-03
1.559585213661193848e+00,7.147205352783203125e+00,2.075315862894058228e-01,9.999777078628540039e-01,-3.164044348523020744e-03,-5.352057516574859619e-03,2.417681738734245300e-03
1.496405601501464844e+00,2.241783142089843750e+00,2.720233440399169922e+00,9.999803900718688965e-01,4.117488861083984375e-03,-3.154150545014999807e-05,-4.718838725239038467e-03
1.806922912597656250e+00,1.264500617980957031e+00,3.495964765548706055e+00,9.999999403953552246e-01,3.348418249515816569e-05,-4.144333652220666409e-04,2.803565585054457188e-04
5.441699028015136719e+00,1.337231248617172241e-01,6.079841613769531250e+00,9.999946355819702148e-01,3.403345472179353237e-04,-3.262825775891542435e-03,-2.013748453464359045e-04
4.550829887390136719e+00,4.212339401245117188e+00,6.102959632873535156e+00,9.999993443489074707e-01,-4.010024422314018011e-04,5.587310297414660454e-04,9.626197861507534981e-04
1.994428753852844238e+00,6.302051544189453125e+00,2.031394004821777344e+00,9.998908042907714844e-01,4.689287394285202026e-03,1.293541956692934036e-02,-5.397525615990161896e-03
4.446377277374267578e+00,1.062684208154678345e-01,7.339066982269287109e+00,9.999960064888000488e-01,-2.346517285332083702e-03,3.121047629974782467e-04,-1.518585602752864361e-03
3.140324115753173828e+00,2.045567989349365234e+00,3.685665845870971680e+00,9.999997019767761230e-01,-8.202541503123939037e-04,-2.644121123012155294e-04,7.299471326405182481e-05
2.711422204971313477e+00,4.921667098999023438e+00,1.951338410377502441e+00,9.999987483024597168e-01,-9.903280297294259071e-04,-1.212881412357091904e-03,3.791158378589898348e-04
3.662491559982299805e+00,6.334832668304443359e+00,4.307121753692626953e+00,9.999814629554748535e-01,4.616262856870889664e-03,2.253282349556684494e-03,3.286738647148013115e-03
2.062371969223022461e+00,6.759872436523437500e+00,3.789750933647155762e-01,9.999899268150329590e-01,4.037845879793167114e-03,1.964299008250236511e-03,-1.175247871287865564e-05
4.522080898284912109e+00,6.180068016052246094e+00,4.456422328948974609e+00,9.999982714653015137e-01,-4.943469539284706116e-04,4.287588817533105612e-04,1.768122077919542789e-03
6.649408936500549316e-01,2.068603515625000000e+00,5.163871765136718750e+00,9.998337626457214355e-01,-1.590650528669357300e-02,-7.590418681502342224e-03,-4.684627521783113480e-03
4.745733261108398438e+00,2.256472826004028320e+00,3.030432462692260742e+00,9.999991655349731445e-01,-4.418659373186528683e-04,-5.912064807489514351e-04,1.086684875190258026e-03
5.382413864135742188e+00,2.472394943237304688e+00,4.997187256813049316e-01,9.999985694885253906e-01,6.269699661061167717e-04,-1.403361675329506397e-04,1.593940542079508305e-03
5.122556686401367188e+00,6.997803211212158203e+00,8.899371623992919922e-01,9.999991059303283691e-01,7.945238612592220306e-04,9.671769221313297749e-04,-5.953137879259884357e-04
1.080427885055541992e+00,1.738128900527954102e+00,8.263445496559143066e-01,9.999998807907104492e-01,1.410283039149362594e-05,-3.119051107205450535e-04,5.221912288106977940e-04
3.099145412445068359e+00,7.357660770416259766e+00,7.344367980957031250e+00,9.999988675117492676e-01,-4.284842289052903652e-04,1.065525226294994354e-03,1.054936670698225498e-03
2.860462427139282227e+00,2.783156633377075195e+00,6.819568157196044922e+00,9.999986290931701660e-01,1.620057504624128342e-03,2.579234751465264708e-05,-4.719582793768495321e-04
2.537647724151611328e+00,6.981484413146972656e+00,2.508866071701049805e+00,9.999989867210388184e-01,6.217038608156144619e-04,8.481622207909822464e-04,-1.021520118229091167e-03
3.777684926986694336e+00,3.209230422973632812e+00,5.588774681091308594e+00,9.999977946281433105e-01,-1.213574199937283993e-03,-1.417745021171867847e-03,-9.973894339054822922e-04
7.059723854064941406e+00,4.016853332519531250e+00,6.323873043060302734e+00,9.999974966049194336e-01,-5.310991546139121056e-04,4.363294574432075024e-04,-2.155071357265114784e-03
9.903782606124877930e-02,5.955076217651367188e+00,1.369253277778625488e+00,9.999984502792358398e-01,1.591952750459313393e-03,6.861822330392897129e-04,4.189573810435831547e-04
3.466265201568603516e+00,1.977484941482543945e+00,3.574918031692504883e+00,9.999969005584716797e-01,-1.549980137497186661e-03,1.266189967282116413e-03,-1.526505686342716217e-03
4.365602016448974609e+00,6.706358432769775391e+00,8.501989841461181641e-01,9.999957084655761719e-01,-2.065566834062337875e-03,-8.769736741669476032e-04,1.912299660034477711e-03
5.311776638031005859e+00,4.343880176544189453e+00,7.418440341949462891e+00,9.999984502792358398e-01,1.026722486130893230e-03,1.401574816554784775e-03,-4.814082349184900522e-04
1.016645878553390503e-01,4.037564754486083984e+00,6.471696853637695312e+00,9.999905228614807129e-01,8.416236378252506256e-04,-4.222976975142955780e-03,7.225935114547610283e-04
2.129805564880371094e+00,4.811788082122802734e+00,3.927507400512695312e+00,1.000000000000000000e+00,7.327832281589508057e-05,-7.829632522771134973e-05,9.172328645945526659e-06
4.407905042171478271e-01,5.596632957458496094e+00,7.378239035606384277e-01,9.999781847000122070e-01,-6.256019114516675472e-04,5.019965581595897675e-03,-4.262089263647794724e-03
1.280324697494506836e+00,4.189661026000976562e+00,3.355921983718872070e+00,9.999933838844299316e-01,1.691325916908681393e-03,2.750930434558540583e-04,3.228963818401098251e-03
5.089401721954345703e+00,6.703133106231689453e+00,7.158186435699462891e+00,9.999989867210388184e-01,9.115556604228913784e-04,1.137955114245414734e-03,2.140017895726487041e-04
8.354629389941692352e-04,3.129062056541442871e-01,6.567575454711914062e+00,1.000000000000000000e+00,-2.771409635897725821e-04,-1.658639084780588746e-04,2.758282353170216084e-04
4.536491870880126953e+00,2.729882001876831055e+00,6.081613063812255859e+00,9.999976754188537598e-01,-8.160038851201534271e-04,-2.465886063873767853e-04,-2.013525692746043205e-03
4.851382732391357422e+00,6.742087364196777344e+00,6.081077575683593750e+00,9.999186992645263672e-01,-1.010015048086643219e-02,-1.730669755488634109e-03,-7.593017537146806717e-03
2.414970159530639648e+00,6.180728673934936523e-01,4.246676921844482422e+00,9.999983906745910645e-01,7.313053356483578682e-04,5.525090964511036873e-04,1.578824943862855434e-03
4.935833454132080078e+00,3.892758607864379883e+00,3.166146516799926758e+00,9.999973773956298828e-01,4.958073841407895088e-04,2.204310614615678787e-03,-2.495852240826934576e-04
4.196911334991455078e+00,3.702498674392700195e+00,3.387407779693603516e+00,9.999994635581970215e-01,5.028811283409595490e-04,-2.598418795969337225e-04,-9.196742903441190720e-04
9.540290236473083496e-01,6.330125331878662109e+00,6.708204150199890137e-01,9.999841451644897461e-01,-4.135386552661657333e-03,3.810909343883395195e-03,1.015539819491095841e-04
4.250284671783447266e+00,1.756037831306457520e+00,1.996348619461059570e+00,9.999991059303283691e-01,5.042589036747813225e-04,1.119923079386353493e-03,6.032843375578522682e-04
9.775216579437255859e-01,3.777775526046752930e+00,6.101222038269042969e+00,9.999865293502807617e-01,1.222382066771388054e-03,2.533574588596820831e-03,-4.370516166090965271e-03
2.968482971191406250e+00,2.747380495071411133e+00,3.817650794982910156e+00,9.998723864555358887e-01,-4.571339115500450134e-03,6.193502806127071381e-03,-1.399603206664323807e-02
2.188734054565429688e+00,6.044178962707519531e+00,6.041982650756835938e+00,9.999992251396179199e-01,-4.472305881790816784e-04,-4.244187730364501476e-04,1.123139983974397182e-03
4.924366950988769531e+00,5.560538291931152344e+00,4.785887718200683594e+00,9.999828934669494629e-01,4.654216114431619644e-03,2.824469702318310738e-03,2.153781475499272346e-03
5.311461448669433594e+00,6.084452271461486816e-01,2.235413551330566406e+00,9.999997019767761230e-01,7.439323235303163528e-04,2.931237977463752031e-04,3.503103507682681084e-04
6.480325698852539062e+00,4.162101268768310547e+00,3.968876361846923828e+00,9.999924898147583008e-01,2.120645716786384583e-03,4.692025249823927879e-04,-3.226801520213484764e-03
1.605712652206420898e+00,4.320425033569335938e+00,4.572237491607666016e+00,9.999988079071044922e-01,-6.526119541376829147e-04,-1.334176980890333652e-03,-5.548133631236851215e-04
9.823307394981384277e-01,5.961941242218017578e+00,2.172542095184326172e+00,9.999986290931701660e-01,1.268939464353024960e-03,1.106557087041437626e-03,-1.899011258501559496e-04
4.823811531066894531e+00,2.584709882736206055e+00,6.812112331390380859e+00,9.999908208847045898e-01,-4.286826122552156448e-03,1.958634093170985579e-04,2.695880539249628782e-04
5.203509807586669922e+00,4.164968490600585938e+00,4.284324169158935547e+00,9.999716281890869141e-01,-3.784750879276543856e-04,7.470829878002405167e-03,-9.058773866854608059e-04
2.086563825607299805e+00,1.655729174613952637e+00,4.260066509246826172e+00,9.999983310699462891e-01,-2.341116341995075345e-04,5.838335491716861725e-04,1.744432491250336170e-03
1.066842749714851379e-01,2.919450044631958008e+00,3.762107133865356445e+00,9.999867081642150879e-01,-1.877621980383992195e-03,4.793695639818906784e-03,-9.801008854992687702e-05
1.801361143589019775e-01,2.171235084533691406e+00,2.213342666625976562e+00,9.999171495437622070e-01,6.677787285298109055e-03,8.251792751252651215e-03,7.289464585483074188e-03
9.542269706726074219e-01,7.385336875915527344e+00,2.933982849121093750e+00,9.999911785125732422e-01,3.551129950210452080e-03,2.751348656602203846e-04,-2.246040152385830879e-03
4.257007122039794922e+00,7.034441947937011719e+00,4.853659629821777344e+00,9.999993443489074707e-01,-7.663983269594609737e-04,3.362165880389511585e-04,-8.464846760034561157e-04
6.030062198638916016e+00,2.892197608947753906e+00,6.774665355682373047e+00,9.999207258224487305e-01,-2.244671806693077087e-03,8.617193438112735748e-03,-8.900523185729980469e-03
5.338441371917724609e+00,7.557733058929443359e-01,5.737429618835449219e+00,9.999907612800598145e-01,1.184108550660312176e-03,4.050778225064277649e-03,8.937833481468260288e-04
1.655366539955139160e+00,8.550464510917663574e-01,1.947505474090576172e+00,9.999947547912597656e-01,5.011970060877501965e-04,-2.433923073112964630e-03,2.099952427670359612e-03
3.182024955749511719e+00,2.843851089477539062e+00,2.327836275100708008e+00,9.999991059303283691e-01,3.198494232492521405e-05,1.161970663815736771e-03,-7.054201560094952583e-04
3.679354429244995117e+00,4.500049591064453125e+00,4.617512702941894531e+00,9.999951124191284180e-01,-2.141307108104228973e-03,9.844391024671494961e-05,-2.306574722751975060e-03
4.821330070495605469e+00,2.750200748443603516e+00,5.866094112396240234e+00,9.999994635581970215e-01,-4.544013645499944687e-04,-2.219543675892055035e-04,-9.714413317851722240e-04
5.269888401031494141e+00,1.839522123336791992e+00,4.253838539123535156e+00,9.999995827674865723e-01,5.250676185823976994e-04,-4.146802821196615696e-04,7.173942285589873791e-04
4.015509128570556641e+00,1.668497681617736816e+00,6.388002395629882812e+00,9.998692870140075684e-01,-9.877234697341918945e-03,-9.387684985995292664e-03,-8.700956590473651886e-03
2.701434373855590820e+00,6.021071910858154297e+00,1.415258169174194336e+00,9.999999403953552246e-01,1.894963643280789256e-04,-2.678423188626766205e-04,2.348099078517407179e-04
1.877173423767089844e+00,5.842889308929443359e+00,3.211680889129638672e+00,9.999524354934692383e-01,5.510705057531595230e-03,7.903116755187511444e-03,-1.521745696663856506e-03
4.984292507171630859e+00,2.480229854583740234e+00,1.579305529594421387e+00,9.999532699584960938e-01,2.386502223089337349e-03,8.758523501455783844e-03,-3.322281176224350929e-03
3.019764423370361328e+00,9.572840929031372070e-01,9.328855872154235840e-01,9.999962449073791504e-01,7.455033482983708382e-05,1.349699305137619376e-04,2.757546491920948029e-03
3.121302604675292969e+00,5.574145317077636719e+00,5.389179229736328125e+00,9.998810291290283203e-01,-7.659195922315120697e-03,-1.176069583743810654e-02,-6.397957447916269302e-03
2.261873483657836914e+00,2.365784406661987305e+00,8.761783242225646973e-01,9.999997019767761230e-01,1.018160473904572427e-04,2.477973175700753927e-04,8.289327961392700672e-04
4.095723152160644531e+00,6.745333671569824219e+00,5.677289009094238281e+00,9.999977946281433105e-01,-2.190097002312541008e-04,8.934690267778933048e-04,-1.913831918500363827e-03
6.928871631622314453e+00,1.894054055213928223e+00,4.119211673736572266e+00,9.999993443489074707e-01,-9.673662716522812843e-04,4.600640386343002319e-04,-5.448655574582517147e-04
1.657261699438095093e-01,2.832175254821777344e+00,7.575028538703918457e-01,9.999984502792358398e-01,3.907539212377741933e-05,2.396335548837669194e-05,1.801946549676358700e-03
3.465216875076293945e+00,4.364276409149169922e+00,7.466907501220703125e+00,9.999485611915588379e-01,7.977417553775012493e-04,-5.394621752202510834e-03,8.557565510272979736e-03
5.620026111602783203e+00,2.628946781158447266e+00,4.154898166656494141e+00,9.999998807907104492e-01,-2.361907390877604485e-04,-4.447534738574177027e-04,2.685209037736058235e-04
6.508623600006103516e+00,6.524330139160156250e+00,1.338141083717346191e+00,9.999909996986389160e-01,3.832082264125347137e-03,-1.693422556854784489e-03,-7.782042957842350006e-04
4.972254276275634766e+00,4.886840820312500000e+00,5.569379329681396484e-01,9.999945163726806641e-01,-4.193183267489075661e-04,2.113558875862509012e-04,-3.294305177405476570e-03
6.750481605529785156e+00,4.624215126037597656e+00,6.244892597198486328e+00,9.999819993972778320e-01,-3.157870960421860218e-04,2.219798509031534195e-03,-5.563654936850070953e-03
6.749293327331542969e+00,4.603812694549560547e+00,1.612407684326171875e+00,9.999967813491821289e-01,6.454250542446970940e-04,-2.886506263166666031e-04,-2.455159556120634079e-03
2.027262210845947266e+00,2.749171257019042969e+00,3.369162082672119141e+00,9.999983906745910645e-01,5.365854594856500626e-04,5.544827436096966267e-04,1.659020548686385155e-03
4.561385154724121094e+00,4.277431368827819824e-01,5.649010181427001953e+00,9.999939203262329102e-01,3.366286400705575943e-03,-4.227455065120011568e-04,8.898968226276338100e-04
3.584505081176757812e+00,7.060874938964843750e+00,1.489695191383361816e+00,9.999985098838806152e-01,-1.384465489536523819e-03,1.060344977304339409e-03,-1.910805003717541695e-04
2.349018573760986328e+00,5.521143913269042969e+00,5.730586051940917969e+00,9.999986290931701660e-01,-1.236077281646430492e-03,-7.530501461587846279e-04,7.674551452510058880e-04
4.556623458862304688e+00,4.391859173774719238e-01,4.248265266418457031e+00,9.999957084655761719e-01,1.880677446024492383e-04,-1.593443215824663639e-03,2.461551455780863762e-03
4.260605335235595703e+00,4.683012962341308594e+00,2.301474332809448242e+00,9.999825954437255859e-01,5.184161942452192307e-03,2.174953697249293327e-03,1.836066949181258678e-03
4.815927982330322266e+00,7.223673343658447266e+00,5.334822177886962891e+00,9.999958276748657227e-01,-8.178533753380179405e-04,-2.247271360829472542e-03,-1.666399883106350899e-03
3.967214822769165039e-01,6.356631755828857422e+00,5.584781169891357422e+00,9.998875856399536133e-01,1.139970961958169937e-02,-2.425778191536664963e-03,9.437214583158493042e-03
2.591943144798278809e-01,2.658472061157226562e+00,6.860902309417724609e+00,9.999898672103881836e-01,1.022473792545497417e-03,-3.381492802873253822e-03,2.813233761116862297e-03
2.196861743927001953e+00,2.695653200149536133e+00,3.842476367950439453e+00,9.999982118606567383e-01,1.725802780129015446e-03,7.553012692369520664e-04,-3.769956529140472412e-04
1.709185719490051270e+00,2.235773563385009766e+00,3.906039476394653320e+00,9.999920725822448730e-01,-1.625507502467371523e-05,2.333223586902022362e-03,3.256891854107379913e-03
6.433863639831542969e-01,5.679719448089599609e+00,4.357035636901855469e+00,9.999990463256835938e-01,5.124120798427611589e-05,6.194116431288421154e-04,1.283281482756137848e-03
5.667771339416503906e+00,3.173531532287597656e+00,6.096395492553710938e+00,9.999763965606689453e-01,2.195809036493301392e-03,-2.914539538323879242e-03,-5.830248817801475525e-03
6.332468032836914062e+00,3.846218585968017578e+00,5.977728366851806641e+00,9.996052384376525879e-01,3.816660027951002121e-03,2.209866233170032501e-02,-1.692436262965202332e-02
2.751638367772102356e-02,4.314792156219482422e+00,6.626702785491943359e+00,9.999958872795104980e-01,-7.988449651747941971e-04,-2.440687501803040504e-03,1.338706002570688725e-03
3.049485206604003906e+00,6.369812965393066406e+00,6.837466239929199219e+00,9.999932646751403809e-01,1.617389847524464130e-03,-3.061841940507292747e-03,-1.288244384340941906e-03
6.636186838150024414e-01,3.557927370071411133e+00,5.952693223953247070e-01,9.999990463256835938e-01,1.384873525239527225e-03,-2.879344101529568434e-04,-2.322433574590831995e-04
8.556584119796752930e-01,3.011286973953247070e+00,5.296753406524658203e+00,9.999295473098754883e-01,1.089266873896121979e-02,-3.072607098147273064e-03,3.581129945814609528e-03
4.540556907653808594e+00,6.771529197692871094e+00,4.026541233062744141e+00,9.999997615814208984e-01,-6.848064949735999107e-04,-1.128574003814719617e-04,-2.938043908216059208e-04
1.891628742218017578e+00,1.421965599060058594e+00,3.821471691131591797e+00,9.999999403953552246e-01,3.324410645291209221e-04,-9.736751235323026776e-05,2.409018052276223898e-04
2.095862865447998047e+00,6.946302413940429688e+00,3.782366514205932617e+00,9.999988079071044922e-01,1.242822036147117615e-03,3.705482231453061104e-04,8.878808002918958664e-04
2.019005566835403442e-01,5.032476425170898438e+00,3.584524869918823242e+00,9.999446272850036621e-01,6.614947691559791565e-03,7.008532527834177017e-03,4.232390783727169037e-03
1.463986039161682129e+00,1.058300256729125977e+00,9.455338716506958008e-01,9.999988675117492676e-01,5.882742116227746010e-04,1.412765355780720711e-03,-2.089389599859714508e-04
6.273587703704833984e+00,6.974887371063232422e+00,3.679939210414886475e-01,9.999999403953552246e-01,4.816422297153621912e-04,-1.570652530062943697e-04,-1.426220987923443317e-04
4.972314357757568359e+00,4.384989261627197266e+00,6.237468242645263672e+00,9.999994039535522461e-01,-9.985630167648196220e-04,-4.800611350219696760e-04,3.092211845796555281e-04
6.855343818664550781e+00,6.876567363739013672e+00,7.180474996566772461e-01,9.999995827674865723e-01,-5.035480135120451450e-04,8.584777824580669403e-04,-6.583614595001563430e-05
7.488242983818054199e-01,4.679555892944335938e+00,2.825514078140258789e+00,9.999862909317016602e-01,-3.669065423309803009e-03,-7.455079467035830021e-04,-3.657569875940680504e-03
6.384991645812988281e+00,6.225819587707519531e+00,1.202533245086669922e+00,9.999846816062927246e-01,-4.196408670395612717e-03,8.223528275266289711e-04,-3.529284149408340454e-03
5.397760868072509766e+00,5.912760734558105469e+00,6.138963222503662109e+00,9.999971985816955566e-01,-2.173951826989650726e-03,-7.211787160485982895e-04,6.846190080977976322e-04
7.387498855590820312e+00,2.267869710922241211e+00,1.018296718597412109e+00,9.999966025352478027e-01,-5.686363510903902352e-05,2.397548640146851540e-03,1.066436991095542908e-03
4.090783119201660156e+00,4.081092357635498047e+00,7.417628914117813110e-02,1.000000000000000000e+00,-5.900525593460770324e-06,2.771961444523185492e-04,5.989866986055858433e-05
8.040716499090194702e-02,2.015261888504028320e+00,6.448148250579833984e+00,9.999970793724060059e-01,-2.013552701100707054e-03,1.285517937503755093e-03,-3.924748452845960855e-04
4.769538342952728271e-01,5.596680164337158203e+00,5.671492099761962891e+00,9.999825358390808105e-01,-2.090480178594589233e-03,5.064608994871377945e-03,-2.220262074843049049e-03
1.870781302452087402e+00,1.155939579010009766e+00,7.293665409088134766e+00,9.999953508377075195e-01,-9.387031313963234425e-04,1.260728458873927593e-03,-2.635176293551921844e-03
6.816716670989990234e+00,2.313069343566894531e+00,3.216633081436157227e+00,9.999864697456359863e-01,-7.688651094213128090e-04,1.524718245491385460e-04,5.151432938873767853e-03
2.154215097427368164e+00,3.485681772232055664e+00,5.086359977722167969e+00,9.999997615814208984e-01,1.424054353265091777e-04,7.232332718558609486e-04,2.753427252173423767e-04
6.996730327606201172e+00,5.359058380126953125e+00,3.551124811172485352e+00,9.999983906745910645e-01,4.472952277865260839e-04,1.124754664488136768e-03,1.338793896138668060e-03
3.466019153594970703e+00,7.197780609130859375e+00,3.421642303466796875e+00,9.999991655349731445e-01,-7.014375296421349049e-04,-8.357406477443873882e-04,7.335466798394918442e-04
5.730500221252441406e+00,2.227259635925292969e+00,5.939668655395507812e+00,9.999857544898986816e-01,-3.887514118105173111e-03,3.590126521885395050e-03,8.222511387430131435e-04
3.470237255096435547e+00,6.969620704650878906e+00,6.400238990783691406e+00,9.999966621398925781e-01,7.915481110103428364e-04,6.579540786333382130e-04,-2.397145843133330345e-03
6.254225730895996094e+00,7.349442005157470703e+00,5.865967273712158203e+00,9.999682903289794922e-01,-2.636487479321658611e-04,4.688528366386890411e-03,-6.443177815526723862e-03
4.085280001163482666e-02,5.798140048980712891e+00,6.498466014862060547e+00,9.999990463256835938e-01,-8.515872177667915821e-04,6.096188444644212723e-04,9.445740142837166786e-04
6.887636184692382812e+00,4.796574592590332031e+00,3.873576641082763672e+00,9.999996423721313477e-01,-4.679232079070061445e-04,1.602553311386145651e-05,-7.925627287477254868e-04
1.302955985069274902e+00,2.925932407379150391e-01,1.446759819984436035e+00,9.999993443489074707e-01,-9.090688545256853104e-04,7.453641737811267376e-04,-2.670867543201893568e-04
4.139860153198242188e+00,1.203912615776062012e+00,4.619604110717773438e+00,9.999738335609436035e-01,4.076745826750993729e-03,-5.956257227808237076e-03,6.082963664084672928e-04
1.925748586654663086e+00,1.566185802221298218e-01,7.072655677795410156e+00,9.999994635581970215e-01,-2.400294761173427105e-04,2.005689748330041766e-04,-1.009065192192792892e-03
1.167876243591308594e+00,2.819662809371948242e+00,1.857620596885681152e+00,9.999984502792358398e-01,-6.564960349351167679e-04,-1.532802009023725986e-03,7.002179627306759357e-04
1.408332109451293945e+00,3.407397031784057617e+00,1.921642780303955078e+00,9.999992251396179199e-01,-3.487399662844836712e-04,-1.111198798753321171e-03,3.980472101829946041e-04
3.178364038467407227e+00,3.892246007919311523e+00,7.324871063232421875e+00,9.999984502792358398e-01,5.330031854100525379e-04,1.281672157347202301e-03,-1.102068345062434673e-03
6.852437019348144531e+00,6.915415287017822266e+00,6.412826061248779297e+00,9.999318122863769531e-01,-7.194614037871360779e-03,1.896203379146754742e-03,9.002556093037128448e-03
1.240072369575500488e+00,2.120517969131469727e+00,3.987839937210083008e+00,9.999952316284179688e-01,2.840174362063407898e-03,5.613666726276278496e-04,1.129618030972778797e-03
1.756078243255615234e+00,3.631822764873504639e-01,8.581932783126831055e-01,9.998738765716552734e-01,7.940143346786499023e-03,-1.347532961517572403e-02,2.760994480922818184e-03
6.584746360778808594e+00,2.202094316482543945e+00,5.491634368896484375e+00,9.997912645339965820e-01,-1.201129518449306488e-02,-1.629080437123775482e-02,2.790391910821199417e-03
4.173733711242675781e+00,4.971379756927490234e+00,5.643921375274658203e+00,9.999927282333374023e-01,2.659193007275462151e-03,-2.386192791163921356e-03,1.311683910898864269e-03
4.763945579528808594e+00,2.398182392120361328e+00,2.184258937835693359e+00,9.998306035995483398e-01,1.764839515089988708e-02,-7.651498890481889248e-04,5.167881492525339127e-03
4.117582798004150391e+00,2.596812963485717773e+00,3.055134534835815430e+00,9.998279809951782227e-01,1.273374352604150772e-02,1.341333147138357162e-03,-1.342008542269468307e-02
6.647489547729492188e+00,2.583053827285766602e+00,1.021753787994384766e+00,9.999990463256835938e-01,4.901951178908348083e-04,1.334968488663434982e-03,2.387885760981589556e-04
6.711608409881591797e+00,5.661396026611328125e+00,3.469428062438964844e+00,9.999370574951171875e-01,-2.447306644171476364e-03,-3.938587382435798645e-03,-1.021823193877935410e-02
5.206401824951171875e+00,2.522147417068481445e+00,7.907933592796325684e-01,9.999992847442626953e-01,5.510350456461310387e-04,-2.477590460330247879e-04,1.091430196538567543e-03
2.940770983695983887e-01,7.369804859161376953e+00,4.616063594818115234e+00,9.999931454658508301e-01,-2.868265379220247269e-03,-1.237455056980252266e-03,2.001004992052912712e-03
5.551334381103515625e+00,4.381632328033447266e+00,6.429396629333496094e+00,9.999716281890869141e-01,-3.358760848641395569e-03,6.221964024007320404e-03,-2.629408380016684532e-03
6.380267620086669922e+00,9.422473907470703125e-01,2.335598230361938477e+00,9.999982714653015137e-01,1.670001307502388954e-03,3.698569780681282282e-04,-8.271124679595232010e-04
4.366202354431152344e-01,7.075174450874328613e-01,1.202638983726501465e+00,9.999991059303283691e-01,3.012049710378050804e-04,-1.051133498549461365e-03,-8.370198775082826614e-04
1.004415273666381836e+00,3.781788110733032227e+00,3.779130697250366211e+00,9.999845623970031738e-01,-4.638297017663717270e-03,-2.401082310825586319e-03,1.922060735523700714e-03
6.577404022216796875e+00,6.692348957061767578e+00,4.929133415222167969e+00,9.999895095825195312e-01,1.487491535954177380e-04,-4.453965462744235992e-03,-1.110664801672101021e-03
5.299834609031677246e-01,6.655109405517578125e+00,2.015711545944213867e+00,9.999986886978149414e-01,-1.080070855095982552e-03,-1.228193868882954121e-03,2.376057818764820695e-04
2.293185949325561523e+00,6.000429630279541016e+00,1.904435992240905762e+00,9.999961256980895996e-01,-8.051784825511276722e-04,2.260192530229687691e-03,-1.446745358407497406e-03
6.651065349578857422e+00,1.606857776641845703e-01,5.978144645690917969e+00,9.999988675117492676e-01,1.181548941531218588e-04,1.207426423206925392e-03,-9.747222648002207279e-04
6.254051685333251953e+00,1.750973761081695557e-01,6.130466461181640625e+00,9.999635219573974609e-01,1.140682841651141644e-03,8.362937718629837036e-03,-1.342067727819085121e-03
2.500386476516723633e+00,5.975412368774414062e+00,6.994594335556030273e-01,9.999970197677612305e-01,-1.068667275831103325e-03,2.874778001569211483e-04,-2.168199280276894569e-03
2.909236669540405273e+00,6.305541515350341797e+00,5.010549068450927734e+00,9.999362826347351074e-01,2.074341988191008568e-03,7.046397775411605835e-03,8.573637343943119049e-03
3.300302982330322266e+00,6.147780895233154297e+00,3.106300115585327148e+00,9.999908804893493652e-01,3.286104882135987282e-03,-2.669265028089284897e-03,6.563733331859111786e-04
2.224409818649291992e+00,6.647204875946044922e+00,6.319901466369628906e+00,9.999958872795104980e-01,2.129987115040421486e-03,1.787318964488804340e-03,-6.802598945796489716e-04
5.210952281951904297e+00,5.390745639801025391e+00,3.269904375076293945e+00,9.998592734336853027e-01,8.255398832261562347e-03,3.536127740517258644e-03,-1.416880544275045395e-02
9.425658583641052246e-01,6.200099945068359375e+00,5.753293991088867188e+00,9.999997019767761230e-01,4.262586007826030254e-04,4.071942530572414398e-04,-5.468361196108162403e-04
7.331588745117187500e+00,2.194381475448608398e+00,3.449533939361572266e+00,9.999967813491821289e-01,-1.936609973199665546e-03,1.639645081013441086e-03,-3.484016342554241419e-04
3.819100141525268555e+00,3.643501043319702148e+00,3.182254433631896973e-01,9.999996423721313477e-01,7.305237231776118279e-04,3.602131037041544914e-04,-4.051466530654579401e-04
6.506761550903320312e+00,4.398308098316192627e-01,9.644359946250915527e-01,9.999980330467224121e-01,-6.331455660983920097e-04,1.572481007315218449e-03,-1.015283633023500443e-03
7.043240070343017578e+00,1.503983974456787109e+00,2.517297744750976562e+00,9.999411702156066895e-01,-1.312892651185393333e-03,-8.349105715751647949e-03,-6.805622484534978867e-03
3.284585714340209961e+00,2.484804391860961914e+00,1.240258216857910156e+00,9.999977946281433105e-01,8.833606261759996414e-05,1.094096573069691658e-03,-1.811619615182280540e-03
7.003343582153320312e+00,1.783635139465332031e+00,5.486724376678466797e+00,9.996616840362548828e-01,-2.477566525340080261e-02,-6.468155770562589169e-04,7.895342074334621429e-03
3.109219789505004883e+00,2.454045057296752930e+00,2.667390108108520508e+00,9.999995231628417969e-01,4.330578958615660667e-04,5.879113450646400452e-04,-7.339674630202353001e-04
5.328247070312500000e+00,5.791033267974853516e+00,6.810974597930908203e+00,9.999918341636657715e-01,3.256093012169003487e-03,2.402948448434472084e-03,-1.074081665137782693e-04
5.856377601623535156e+00,5.145284533500671387e-01,1.994005441665649414e+00,9.999995827674865723e-01,5.286271916702389717e-04,-2.838309446815401316e-04,7.971489685587584972e-04
2.743491232395172119e-01,3.310271978378295898e+00,3.879017829895019531e+00,9.999875426292419434e-01,-2.873757155612111092e-03,1.486660585214849561e-05,-4.100269638001918793e-03
6.357310771942138672e+00,7.245381832122802734e+00,1.482700347900390625e+00,9.999974966049194336e-01,1.854156726039946079e-03,-4.513357707764953375e-04,1.238140393979847431e-03
5.534244060516357422e+00,5.492215156555175781e+00,2.791477680206298828e+00,9.999492168426513672e-01,5.903953686356544495e-03,-7.029184140264987946e-03,-4.170916508883237839e-03
6.228278875350952148e-01,1.295688629150390625e+00,7.218050479888916016e+00,9.999889731407165527e-01,-4.413309972733259201e-03,-1.455978373996913433e-03,-6.673770840279757977e-04
5.559757232666015625e+00,6.882209300994873047e+00,5.109045982360839844e+00,9.999902844429016113e-01,2.042349893599748611e-03,2.194367116317152977e-03,-3.249160945415496826e-03
5.003219604492187500e+00,5.956986904144287109e+00,6.338864803314208984e+00,9.999803900718688965e-01,-6.071815267205238342e-03,4.556556232273578644e-04,-1.490665134042501450e-03
2.475031852722167969e+00,2.856091022491455078e+00,3.286547422409057617e+00,9.999951720237731934e-01,1.945437281392514706e-03,-7.977987406775355339e-04,2.298180712386965752e-03
2.009653329849243164e+00,4.183200359344482422e+00,6.557189464569091797e+00,9.999213218688964844e-01,-7.887765765190124512e-03,-8.412243798375129700e-03,-4.954762291163206100e-03
5.440495491027832031e+00,3.411381721496582031e+00,7.383715152740478516e+00,9.998523592948913574e-01,-1.202690135687589645e-02,-9.295905008912086487e-03,8.018496446311473846e-03
6.330931186676025391e+00,4.400033473968505859e+00,3.034779071807861328e+00,9.999741315841674805e-01,6.421423517167568207e-03,-1.137609360739588737e-03,3.043792909011244774e-03
2.012077808380126953e+00,2.700809955596923828e+00,5.228679180145263672e+00,9.999555349349975586e-01,3.144733840599656105e-03,-8.702860213816165924e-03,1.816491596400737762e-03
3.975387573242187500e+00,5.081131935119628906e+00,5.193946957588195801e-01,9.999974370002746582e-01,2.306404057890176773e-04,1.326687051914632320e-03,1.842492609284818172e-03
4.045936107635498047e+00,6.808981418609619141e+00,1.221224665641784668e+00,9.999952316284179688e-01,-1.992789097130298615e-03,2.334899269044399261e-03,4.944541724398732185e-04
3.173856496810913086e+00,2.384883165359497070e+00,1.931281805038452148e+00,9.999989867210388184e-01,1.347750076092779636e-03,6.161799537949264050e-04,-6.080949606257490814e-05
1.237058997154235840e+00,4.193324565887451172e+00,4.548041343688964844e+00,9.999086260795593262e-01,7.653767243027687073e-03,1.113400980830192566e-02,5.752833094447851181e-04
4.466688156127929688e+00,5.494778633117675781e+00,6.698129653930664062e+00,9.999923706054687500e-01,-1.043451135046780109e-03,-3.445068839937448502e-03,-1.523651764728128910e-03
1.540770530700683594e+00,6.161872386932373047e+00,3.010079264640808105e-02,9.999969005584716797e-01,-2.298543462529778481e-03,8.340674685314297676e-04,4.676067910622805357e-04
8.557505011558532715e-01,6.373974800109863281e+00,6.516709327697753906e+00,9.999999403953552246e-01,4.513786116149276495e-04,-9.041775774676352739e-05,-2.477791567798703909e-04
2.291002035140991211e+00,5.748565196990966797e+00,3.576844930648803711e+00,9.999775886535644531e-01,1.850925618782639503e-03,-4.397938027977943420e-03,4.707507323473691940e-03
1.829785585403442383e+00,1.087568521499633789e+00,6.154610157012939453e+00,9.999988675117492676e-01,-1.465762266889214516e-03,-3.931467363145202398e-04,7.697060209466144443e-05
6.626636981964111328e+00,1.700919151306152344e+00,2.128759622573852539e+00,9.999967813491821289e-01,2.033851633314043283e-04,-2.080425154417753220e-03,1.425281516276299953e-03
4.035520076751708984e+00,6.172792434692382812e+00,7.752559185028076172e-01,9.999993443489074707e-01,-3.145180235151201487e-04,6.576717714779078960e-04,9.355514193885028362e-04
5.078333377838134766e+00,5.134633541107177734e+00,1.755619198083877563e-01,9.999876618385314941e-01,-3.188473347108811140e-04,4.822179675102233887e-03,1.214175252243876457e-03
2.958009004592895508e+00,2.364467859268188477e+00,3.829211950302124023e+00,9.999988079071044922e-01,3.953603736590594053e-04,2.524728479329496622e-04,1.500795944593846798e-03
5.423878192901611328e+00,6.217259407043457031e+00,6.873814582824707031e+00,9.999971389770507812e-01,-8.284898358397185802e-04,1.813545590266585350e-03,-1.327452016994357109e-03
4.180339813232421875e+00,3.553415536880493164e+00,1.907496809959411621e+00,9.999981522560119629e-01,1.683196314843371511e-04,-4.600167740136384964e-04,1.852810033597052097e-03
2.665915012359619141e+00,1.062017157673835754e-01,3.650866508483886719e+00,9.999967813491821289e-01,-1.857774332165718079e-03,1.676314044743776321e-03,-5.535475211217999458e-04
1.628218054771423340e+00,3.182256937026977539e+00,4.332754611968994141e+00,9.999977946281433105e-01,1.582749187946319580e-03,-1.529952278360724449e-04,-1.438080100342631340e-03
1.181463822722434998e-01,2.388199329376220703e+00,2.497254133224487305e+00,9.999946355819702148e-01,9.883347665891051292e-04,2.431119559332728386e-03,-1.980060245841741562e-03
5.392813682556152344e-01,7.402740001678466797e+00,2.914526224136352539e+00,1.000000000000000000e+00,-2.097305550705641508e-04,-3.176875470671802759e-04,2.350541035411879420e-05
4.372324466705322266e+00,1.190347194671630859e+00,6.028176784515380859e+00,9.999982118606567383e-01,1.016531139612197876e-03,1.515667070634663105e-03,-4.640598490368574858e-04
3.336749672889709473e-01,1.091761946678161621e+00,6.308270931243896484e+00,9.999373555183410645e-01,-5.042654462158679962e-03,1.329085207544267178e-03,-9.902283549308776855e-03
1.931636810302734375e+00,5.236989498138427734e+00,2.331855535507202148e+00,9.997789859771728516e-01,-8.426357060670852661e-03,1.888937130570411682e-02,3.777958918362855911e-03
6.785253882408142090e-01,7.158293247222900391e+00,5.871690273284912109e+00,9.999915957450866699e-01,2.839132910594344139e-03,2.282519126310944557e-03,-1.932228682562708855e-03
5.370404243469238281e+00,2.910703122615814209e-01,7.205387115478515625e+00,9.999966621398925781e-01,-2.568440511822700500e-03,-1.665427262196317315e-04,4.427421663422137499e-04
2.623135805130004883e+00,3.413981199264526367e+00,2.012517601251602173e-01,9.999997019767761230e-01,-2.123981685144826770e-04,-5.871171015314757824e-04,5.175307742320001125e-04
6.280324459075927734e+00,8.586345314979553223e-01,6.153876304626464844e+00,9.999646544456481934e-01,-1.259766519069671631e-03,-1.319540431722998619e-03,8.214266039431095123e-03
3.771486043930053711e+00,1.596631526947021484e+00,2.037945747375488281e+00,9.999976158142089844e-01,-5.407317075878381729e-04,-1.126935705542564392e-03,1.821941812522709370e-03
1.621746659278869629e+00,5.162037849426269531e+00,6.483974933624267578e+00,9.999992251396179199e-01,-5.346412654034793377e-04,8.479874668410047889e-05,1.164114917628467083e-03
3.574758052825927734e+00,1.245579242706298828e+00,7.431558609008789062e+00,9.999983310699462891e-01,1.385470153763890266e-03,3.786050074268132448e-04,-1.169862458482384682e-03
4.730658531188964844e+00,5.218333721160888672e+00,5.443656921386718750e+00,9.999978542327880859e-01,-1.017591494019143283e-04,-2.074632793664932251e-03,3.049096558243036270e-04
6.077440738677978516e+00,1.869550943374633789e+00,3.442736864089965820e+00,9.999790787696838379e-01,5.539044737815856934e-03,-3.226189175620675087e-03,-9.414917440153658390e-04
2.073336601257324219e+00,5.610093116760253906e+00,6.844551086425781250e+00,9.996345639228820801e-01,1.029784511774778366e-02,-6.147183943539857864e-03,-2.422784082591533661e-02
5.839236736297607422e+00,1.985537648200988770e+00,2.057203054428100586e+00,9.999987483024597168e-01,-5.972246872261166573e-04,-1.387812779285013676e-03,6.260529044084250927e-04
1.995229721069335938e+00,2.257084131240844727e+00,4.087634563446044922e+00,9.999316334724426270e-01,4.435283597558736801e-03,-3.232948249205946922e-03,-1.033096294850111008e-02
6.915728569030761719e+00,4.047784805297851562e+00,7.025636672973632812e+00,9.999998807907104492e-01,1.407437521265819669e-04,6.450008368119597435e-04,5.438111656985711306e-06
3.439847469329833984e+00,5.025969982147216797e+00,7.319642066955566406e+00,9.999935030937194824e-01,-9.069896768778562546e-04,2.291240030899643898e-03,-2.658331301063299179e-03
9.318591356277465820e-01,4.319700300693511963e-01,2.991899967193603516e+00,9.999741315841674805e-01,-4.567581228911876678e-03,2.057682955637574196e-03,5.168676842004060745e-03
3.640637397766113281e+00,4.604020595550537109e+00,5.603357791900634766e+00,9.999994039535522461e-01,-7.372284890152513981e-04,-6.185472593642771244e-04,-6.554780993610620499e-04
6.461455821990966797e+00,4.377706527709960938e+00,4.723951816558837891e+00,9.999974370002746582e-01,8.821434457786381245e-04,-8.551868959330022335e-04,1.950226025655865669e-03
5.018236637115478516e+00,5.662621021270751953e+00,3.965977191925048828e+00,9.999981522560119629e-01,2.991908404510468245e-04,1.790789887309074402e-03,6.123414495959877968e-04
5.873981475830078125e+00,3.903521776199340820e+00,5.028237342834472656e+00,9.999378919601440430e-01,-6.120777223259210587e-03,-5.789695773273706436e-03,-7.306073792278766632e-03
6.897174835205078125e+00,2.413954287767410278e-01,4.642534732818603516e+00,9.999938607215881348e-01,-7.482076762244105339e-04,-2.862217370420694351e-03,1.893950975500047207e-03
3.980323076248168945e+00,4.043129444122314453e+00,5.003478527069091797e-01,9.999998211860656738e-01,6.154525908641517162e-04,2.003951885853894055e-05,1.988414442166686058e-04
1.225206494331359863e+00,7.403110980987548828e+00,6.146812438964843750e+00,9.999135136604309082e-01,1.016419380903244019e-03,1.253390777856111526e-02,3.844578750431537628e-03
3.344930648803710938e+00,7.969865798950195312e-01,1.540148735046386719e+00,9.999983310699462891e-01,1.048634294420480728e-03,-5.142721929587423801e-04,1.466351212002336979e-03
6.635297298431396484e+00,2.923464775085449219e+00,4.661814689636230469e+00,9.999992251396179199e-01,-8.182018063962459564e-04,8.027453441172838211e-04,-5.400833906605839729e-04
5.823384284973144531e+00,5.510149002075195312e+00,4.660181403160095215e-01,9.999917745590209961e-01,3.971494734287261963e-03,8.602376910857856274e-04,-2.140117285307496786e-04
3.915748119354248047e+00,5.778331756591796875e+00,4.839787006378173828e+00,9.999971985816955566e-01,3.481909807305783033e-04,-2.240998204797506332e-03,-7.248722249642014503e-04
2.414845228195190430e+00,5.176305770874023438e-02,1.471044778823852539e+00,9.999994039535522461e-01,3.047850332222878933e-04,7.151992758736014366e-05,-1.096155727282166481e-03
6.906575679779052734e+00,2.410069704055786133e+00,4.254991531372070312e+00,9.998859763145446777e-01,-2.045481232926249504e-03,-1.111267413944005966e-02,1.001782994717359543e-02
4.114449501037597656e+00,2.561876058578491211e+00,6.986289501190185547e+00,9.998615980148315430e-01,-2.106256084516644478e-03,-9.938398376107215881e-03,-1.317507307976484299e-02
7.172141551971435547e+00,1.648020148277282715e+00,3.637165307998657227e+00,9.999999403953552246e-01,3.311586915515363216e-04,5.699154644389636815e-05,-1.440294727217406034e-04
3.217680215835571289e+00,1.735494613647460938e+00,5.660082817077636719e+00,1.000000000000000000e+00,1.944037940120324492e-04,-1.872272514447104186e-05,-1.914486347232013941e-04
5.610255718231201172e+00,5.661689758300781250e+00,5.360386848449707031e+00,9.999457001686096191e-01,-2.098010387271642685e-03,3.454345744103193283e-03,-9.607895277440547943e-03
2.756181955337524414e+00,1.272328019142150879e+00,2.457382977008819580e-01,9.999969005584716797e-01,1.485311426222324371e-03,1.885776524432003498e-03,-7.610376342199742794e-04
5.791783809661865234e+00,5.526388168334960938e+00,6.335668563842773438e+00,9.999991059303283691e-01,-2.208952646469697356e-04,7.749440846964716911e-04,-1.119946828112006187e-03
4.237071990966796875e+00,6.813864707946777344e-01,2.677739143371582031e+00,9.999223947525024414e-01,-3.999974112957715988e-03,-1.257465919479727745e-03,-1.173756178468465805e-02
1.872558832168579102e+00,1.075912475585937500e+00,2.595058083534240723e-01,9.998680353164672852e-01,-5.695248488336801529e-03,1.435239566490054131e-03,-1.514898054301738739e-02
4.224793434143066406e+00,2.177416980266571045e-01,5.643583774566650391e+00,9.998605847358703613e-01,6.603473331779241562e-03,1.467427890747785568e-02,4.470757208764553070e-03
3.992468595504760742e+00,6.985484361648559570e-01,4.350400447845458984e+00,9.999997019767761230e-01,3.998365427833050489e-04,-4.854058206547051668e-04,-5.092811770737171173e-04
4.742594242095947266e+00,4.688217163085937500e+00,5.197454452514648438e+00,9.999991059303283691e-01,-4.191246407572180033e-04,-1.338537782430648804e-03,1.397588403051486239e-05
3.565492153167724609e+00,6.724096298217773438e+00,4.090873241424560547e+00,9.999848008155822754e-01,1.860983786173164845e-03,-4.543032497167587280e-03,2.538286615163087845e-03
8.511733412742614746e-01,6.374589443206787109e+00,7.135593414306640625e+00,9.999881386756896973e-01,3.650350961834192276e-03,3.232175484299659729e-03,-2.921058039646595716e-04
6.463937282562255859e+00,6.409061908721923828e+00,7.435174942016601562e+00,9.999990463256835938e-01,-4.305680922698229551e-04,-1.084928808268159628e-04,-1.353831030428409576e-03
4.588286876678466797e+00,9.868756532669067383e-01,5.215230941772460938e+00,9.998824000358581543e-01,4.612330230884253979e-04,-1.373139116913080215e-02,-6.822202354669570923e-03
3.294610381126403809e-01,3.795766115188598633e+00,2.810028553009033203e+00,9.999671578407287598e-01,-4.565908573567867279e-03,5.265514366328716278e-03,-4.150979686528444290e-03
5.581989884376525879e-01,1.724710017442703247e-01,9.406995177268981934e-01,9.999990463256835938e-01,1.059189788065850735e-03,9.862144943326711655e-04,-4.220231494400650263e-05
7.286154747009277344e+00,1.019366502761840820e+00,2.846633911132812500e+00,9.998048543930053711e-01,-2.441061660647392273e-03,1.703626709058880806e-03,-1.952949538826942444e-02
1.569229722023010254e+00,4.731628417968750000e+00,7.301150321960449219e+00,9.999976158142089844e-01,4.550016310531646013e-04,2.109667257172986865e-04,-2.158025978133082390e-03
3.414083003997802734e+00,5.023617744445800781e+00,1.429396122694015503e-01,9.999867677688598633e-01,2.468329854309558868e-03,4.223914816975593567e-03,1.651384402066469193e-03
5.840137958526611328e+00,5.187570095062255859e+00,1.387504816055297852e+00,9.999994039535522461e-01,7.127950084395706654e-04,-4.990933230146765709e-04,7.137763313949108124e-04
6.526637554168701172e+00,2.441438913345336914e+00,7.150040149688720703e+00,9.999990463256835938e-01,-8.037977386265993118e-04,-1.145887537859380245e-03,-1.144052730523981154e-04
1.824385762214660645e+00,3.030677795410156250e+00,1.556505918502807617e+00,9.999998807907104492e-01,4.483235825318843126e-04,-3.779080871026962996e-04,5.383473398978821933e-05
5.221333503723144531e+00,1.274424910545349121e+00,2.061205148696899414e+00,9.999982714653015137e-01,-6.306819268502295017e-04,-1.743868575431406498e-03,4.412403795868158340e-04
7.233285427093505859e+00,2.596319675445556641e+00,4.333036899566650391e+00,9.999966621398925781e-01,2.590846270322799683e-04,-1.950237201526761055e-03,1.723203924484550953e-03
7.328493118286132812e+00,6.040144920349121094e+00,6.269633293151855469e+00,9.999997019767761230e-01,1.288445055251941085e-04,7.871201960369944572e-04,3.467746137175709009e-04
3.047095060348510742e+00,3.839967489242553711e+00,6.519814491271972656e+00,9.999998807907104492e-01,-2.552944933995604515e-04,8.353423618245869875e-05,-5.794093012809753418e-04
4.305726051330566406e+00,6.553367137908935547e+00,3.890205383300781250e+00,9.999932050704956055e-01,-9.324704878963530064e-04,-4.779163282364606857e-04,-3.539476078003644943e-03
1.406416416168212891e+00,7.559571862220764160e-01,2.128354310989379883e+00,9.999783635139465332e-01,4.281574860215187073e-03,-1.701201894320547581e-03,4.705842584371566772e-03
5.515306472778320312e+00,6.388315200805664062e+00,1.580155491828918457e+00,9.999991655349731445e-01,1.199393649585545063e-03,4.095815529581159353e-04,-4.330663650762289762e-04
2.830466032028198242e+00,6.154611587524414062e+00,6.239675998687744141e+00,9.999983906745910645e-01,2.396355848759412766e-04,-1.293456763960421085e-03,-1.269029802642762661e-03
2.467016696929931641e+00,6.643624782562255859e+00,4.882413864135742188e+00,9.999968409538269043e-01,-1.569182961247861385e-03,1.961991190910339355e-03,-2.216218854300677776e-04
6.893427371978759766e+00,3.836471796035766602e+00,4.323205947875976562e+00,9.999933838844299316e-01,-6.051163072697818279e-04,3.142063040286302567e-03,-1.769308350048959255e-03
2.173212766647338867e+00,4.095313549041748047e+00,3.349935054779052734e+00,9.999977350234985352e-01,1.513669965788722038e-03,-1.292261411435902119e-03,-8.401580853387713432e-04
1.944786190986633301e+00,1.375004649162292480e+00,1.253460198640823364e-01,9.999967217445373535e-01,-4.611219919752329588e-04,1.758901402354240417e-03,1.830100547522306442e-03
6.388721942901611328e+00,7.525289058685302734e-01,7.159196376800537109e+00,9.999973177909851074e-01,1.137295039370656013e-03,-1.156325684860348701e-03,-1.695464132353663445e-03
1.436991810798645020e+00,5.472132563591003418e-01,1.281301259994506836e+00,9.999982118606567383e-01,-9.893159585772082210e-06,1.836776849813759327e-03,-4.981310921721160412e-04
5.889520645141601562e+00,6.051694393157958984e+00,4.479174613952636719e+00,9.990104436874389648e-01,3.407322242856025696e-02,1.614462025463581085e-02,-2.359379269182682037e-02
4.937521219253540039e-01,4.047637879848480225e-01,6.368533611297607422e+00,9.999982118606567383e-01,-1.374223968014121056e-03,-6.819012924097478390e-04,1.123024732805788517e-03
2.186459779739379883e+00,3.369738817214965820e+00,2.045477628707885742e-01,9.999994039535522461e-01,5.773106240667402744e-04,7.043526275083422661e-04,-7.038991316221654415e-04
5.559813022613525391e+00,9.581965804100036621e-01,7.428805828094482422e-01,9.999970793724060059e-01,-4.687156761065125465e-04,2.367750974372029305e-03,3.693567996378988028e-04
6.310626506805419922e+00,3.174103260040283203e+00,7.384525537490844727e-01,9.999999403953552246e-01,-8.045486174523830414e-05,-8.281612826976925135e-05,-5.382475792430341244e-04
3.333229541778564453e+00,1.410166144371032715e+00,2.374219655990600586e+00,9.999998807907104492e-01,1.495421747677028179e-04,-2.779949281830340624e-04,4.141379322391003370e-04
3.436992645263671875e+00,5.866107940673828125e+00,3.423428297042846680e+00,9.999649524688720703e-01,5.400035064667463303e-03,6.405526772141456604e-03,-7.817928417352959514e-05
3.848857879638671875e-01,1.338428497314453125e+00,7.143735289573669434e-01,9.999985098838806152e-01,1.671301899477839470e-03,5.447102921607438475e-06,5.775299505330622196e-04
2.468162536621093750e+00,3.778566122055053711e+00,3.675115108489990234e+00,9.999937415122985840e-01,3.063527168706059456e-03,-5.660899914801120758e-04,1.711478806100785732e-03
1.207160353660583496e+00,1.190279364585876465e+00,6.280847549438476562e+00,9.999961256980895996e-01,-5.253013805486261845e-04,-2.614164492115378380e-03,-8.337247418239712715e-04
4.808712482452392578e+00,5.624147891998291016e+00,3.683471679687500000e+00,9.999917149543762207e-01,3.188222413882613182e-03,2.473514294251799583e-03,5.843537510372698307e-04
5.191741466522216797e+00,7.281301498413085938e+00,5.388934135437011719e+00,1.000000000000000000e+00,-2.275498845847323537e-04,-8.670032002555672079e-06,-2.296754828421398997e-04
7.168858051300048828e+00,3.866367578506469727e+00,5.737977027893066406e+00,9.999941587448120117e-01,2.992013469338417053e-03,6.441721343435347080e-04,1.543140271678566933e-03
1.811226963996887207e+00,1.877948641777038574e+00,3.088037490844726562e+00,9.999030232429504395e-01,-1.056110300123691559e-02,-4.911332391202449799e-03,7.636716589331626892e-03
3.327953338623046875e+00,5.564775943756103516e+00,1.803456425666809082e+00,9.999997615814208984e-01,-4.900176427327096462e-04,-5.381494993343949318e-04,1.584361161803826690e-04
1.338040471076965332e+00,6.865633010864257812e+00,3.503236532211303711e+00,9.999870061874389648e-01,1.152205164544284344e-03,-4.978314507752656937e-03,7.390292012132704258e-05
5.722050189971923828e+00,2.988576650619506836e+00,2.428963184356689453e+00,9.999974370002746582e-01,-2.209358935942873359e-04,1.908000325784087181e-03,-1.201641163788735867e-03
6.050037860870361328e+00,3.662557303905487061e-01,5.960870742797851562e+00,9.999930858612060547e-01,1.931657083332538605e-03,3.042934695258736610e-03,-9.774048812687397003e-04
2.491650581359863281e+00,5.998654365539550781e+00,3.599294900894165039e+00,9.999833703041076660e-01,2.844454429578036070e-04,-2.096680924296379089e-03,5.362090189009904861e-03
7.190734863281250000e+00,7.340397357940673828e+00,6.550197124481201172e+00,9.999979734420776367e-01,-1.997278304770588875e-03,-3.253129762015305459e-05,4.855217703152447939e-04
2.067349195480346680e+00,4.167664527893066406e+00,2.870020389556884766e+00,9.998847246170043945e-01,8.674897253513336182e-03,1.154347136616706848e-02,-4.701703321188688278e-03
3.343953609466552734e+00,9.118755459785461426e-01,3.165524721145629883e+00,9.999997615814208984e-01,2.219947054982185364e-04,-3.620395727921277285e-04,6.753870402462780476e-04
2.353180170059204102e+00,5.128662109375000000e+00,1.062985062599182129e+00,9.999356269836425781e-01,-1.101002562791109085e-02,-1.997474115341901779e-03,1.890886807814240456e-03
4.076541423797607422e+00,6.373091697692871094e+00,1.899809360504150391e+00,9.999999403953552246e-01,2.057347155641764402e-04,-9.599901386536657810e-05,-4.112384340260177851e-04
4.718443393707275391e+00,5.806377410888671875e+00,7.776556015014648438e-01,9.994729757308959961e-01,-6.921218242496252060e-03,3.133105859160423279e-02,-4.926405847072601318e-03
5.662585258483886719e+00,7.041386961936950684e-01,6.403114318847656250e+00,9.999963641166687012e-01,7.340808515436947346e-04,-7.709258352406322956e-04,-2.510910620912909508e-03
5.745387554168701172e+00,6.581159591674804688e+00,3.731105089187622070e+00,9.999785423278808594e-01,2.388165798038244247e-03,-2.227506134659051895e-03,-5.682063288986682892e-03
9.742525815963745117e-01,5.895033359527587891e+00,6.612310886383056641e+00,9.998977780342102051e-01,5.344180390238761902e-03,-1.287765894085168839e-02,-3.179166698828339577e-03
4.211805343627929688e+00,7.448444843292236328e+00,5.929651737213134766e+00,9.999913573265075684e-01,-1.267938641831278801e-03,3.540445119142532349e-03,1.774961012415587902e-03
4.972300529479980469e+00,7.094113349914550781e+00,7.271806716918945312e+00,9.999985694885253906e-01,4.307290655560791492e-04,9.169931581709533930e-05,-1.684317947365343571e-03
5.180360794067382812e+00,6.363343000411987305e-01,4.362669944763183594e+00,9.999628663063049316e-01,-2.239533001556992531e-03,-5.869997665286064148e-03,5.895805079489946365e-03
2.696917951107025146e-01,4.488001823425292969e+00,4.094063758850097656e+00,9.999966621398925781e-01,2.233249368146061897e-03,7.491952856071293354e-04,-1.136731822043657303e-03
7.050776004791259766e+00,3.242120265960693359e+00,1.168241143226623535e+00,9.999976158142089844e-01,-8.477708324790000916e-04,1.703751622699201107e-03,1.101829460822045803e-03
5.928610324859619141e+00,6.423782825469970703e+00,2.708922386169433594e+00,9.999986290931701660e-01,-5.284528597258031368e-04,-1.565274200402200222e-03,-3.139304462820291519e-04
2.890153169631958008e+00,3.612997055053710938e+00,1.755027413368225098e+00,9.999995231628417969e-01,2.549380587879568338e-04,-1.777236029738560319e-04,-9.512039832770824432e-04
6.824285507202148438e+00,1.113589167594909668e+00,2.214162349700927734e+00,9.999860525131225586e-01,3.943961113691329956e-03,-4.596819417201913893e-05,-3.511158050969243050e-03
2.309413552284240723e-01,1.384310603141784668e+00,1.757212638854980469e+00,9.999971389770507812e-01,1.795217045582830906e-03,1.581270829774439335e-03,3.729647505679167807e-05
4.397083282470703125e+00,3.541657924652099609e-01,3.060466527938842773e+00,9.999799728393554688e-01,-4.410080611705780029e-03,3.752212040126323700e-03,2.589734271168708801e-03
8.371053934097290039e-01,3.643476009368896484e+00,4.545527458190917969e+00,9.999986886978149414e-01,-7.551363087259232998e-04,-1.722122833598405123e-04,-1.480347011238336563e-03
6.645901799201965332e-01,2.879913806915283203e+00,2.597748994827270508e+00,9.999915957450866699e-01,-3.424630267545580864e-05,1.068279030732810497e-03,3.970890771597623825e-03
5.433126449584960938e+00,7.480514526367187500e+00,6.963378429412841797e+00,9.999470114707946777e-01,-2.436140784993767738e-03,1.000290922820568085e-02,2.276780433021485806e-04
4.018696308135986328e+00,4.210494756698608398e-01,2.624698400497436523e+00,9.999908804893493652e-01,-3.056606510654091835e-03,-1.463109394535422325e-03,2.620982239022850990e-03
5.914615154266357422e+00,1.067414045333862305e+00,8.596820235252380371e-01,9.999979138374328613e-01,-1.100932015106081963e-03,1.760626211762428284e-03,1.616246008779853582e-04
2.606364011764526367e+00,7.528647780418395996e-01,5.004957199096679688e+00,9.999170303344726562e-01,1.098317792639136314e-03,-1.277064066380262375e-02,1.325826742686331272e-03
2.166647672653198242e+00,6.095297813415527344e+00,2.207485914230346680e+00,9.999922513961791992e-01,2.424995182082056999e-03,2.769553568214178085e-03,-1.402735710144042969e-03
1.804501295089721680e+00,4.427704811096191406e+00,6.533346176147460938e+00,9.999224543571472168e-01,-8.304928429424762726e-03,-7.660824339836835861e-03,-5.243564955890178680e-03
4.912938117980957031e+00,2.816330909729003906e+00,2.027463436126708984e+00,9.999907612800598145e-01,3.617781330831348896e-04,-1.021036063320934772e-03,4.173237364739179611e-03
1.042183756828308105e+00,1.910103559494018555e+00,3.099352359771728516e+00,9.999082088470458984e-01,1.103676669299602509e-02,1.551324734464287758e-03,7.716098800301551819e-03
6.772590637207031250e+00,9.969010353088378906e-01,8.126639723777770996e-01,9.999917149543762207e-01,2.912002382799983025e-03,-2.139801625162363052e-03,-1.882760436274111271e-03
2.730986595153808594e+00,5.675089359283447266e+00,1.741871237754821777e+00,9.999993443489074707e-01,-3.744047426152974367e-04,-1.000223448500037193e-03,3.674217150546610355e-04
2.047787308692932129e-01,7.493454217910766602e-01,5.148150920867919922e+00,9.999986290931701660e-01,-2.463362761773169041e-04,1.670803409069776535e-03,-1.372399274259805679e-04
3.303863108158111572e-01,2.821686506271362305e+00,2.371490955352783203e+00,9.999595284461975098e-01,-7.549467496573925018e-03,-4.331309348344802856e-03,2.296579070389270782e-03
3.170249700546264648e+00,1.468620896339416504e-01,6.468513488769531250e+00,9.999991655349731445e-01,-1.977867650566622615e-04,1.353151048533618450e-03,1.085790881916182116e-05
3.576323032379150391e+00,5.502527236938476562e+00,6.036436557769775391e+00,9.999986290931701660e-01,-3.362963907420635223e-04,8.627114002592861652e-04,1.409870455972850323e-03
1.773036122322082520e+00,3.694186925888061523e+00,5.898769497871398926e-01,1.000000000000000000e+00,-4.037432518089190125e-05,3.327580343466252089e-04,1.836168376030400395e-04
6.364474892616271973e-01,3.206250965595245361e-01,3.336440563201904297e+00,9.999945163726806641e-01,-1.622346695512533188e-03,2.826027339324355125e-03,-6.433797534555196762e-04
1.419018030166625977e+00,6.882267475128173828e+00,1.728659510612487793e+00,9.999992251396179199e-01,2.933517098426818848e-04,1.014699810184538364e-03,6.863554590381681919e-04
6.165922641754150391e+00,8.911827206611633301e-01,5.585290908813476562e+00,9.999151229858398438e-01,-1.248018350452184677e-02,-3.168652066960930824e-03,2.039258601143956184e-03
3.066578865051269531e+00,2.920664548873901367e-01,3.788419008255004883e+00,9.999988079071044922e-01,-6.681343656964600086e-04,-1.111986231990158558e-03,-8.868860895745456219e-04
6.501090526580810547e+00,6.624507904052734375e-01,7.009249925613403320e-01,9.999982714653015137e-01,3.262421523686498404e-04,-8.408153662458062172e-04,-1.666710246354341507e-03
2.758125543594360352e+00,2.557113170623779297e-01,2.541907548904418945e+00,9.999998211860656738e-01,1.651811908232048154e-04,5.600662552751600742e-04,-1.309570652665570378e-04
3.250612258911132812e+00,6.484743356704711914e-01,1.102506756782531738e+00,9.999994635581970215e-01,-3.663788374979048967e-04,-3.246431588195264339e-04,-9.602046920917928219e-04
5.669992446899414062e+00,8.036874532699584961e-01,3.388128042221069336e+00,9.999935030937194824e-01,2.130626933649182320e-03,1.843647565692663193e-03,2.279063686728477478e-03
1.292638778686523438e+00,4.078059196472167969e-01,3.590452432632446289e+00,9.999982118606567383e-01,-1.566558261401951313e-03,-1.005816622637212276e-03,-4.446891543921083212e-04
5.334977149963378906e+00,3.290465116500854492e+00,7.108027458190917969e+00,9.999207854270935059e-01,-2.031779615208506584e-03,2.122166188200935721e-04,1.241768989711999893e-02
5.234874248504638672e+00,4.478478431701660156e+00,5.330664157867431641e+00,9.999532103538513184e-01,7.954332046210765839e-03,-5.153607111424207687e-03,1.942147850058972836e-03
3.870676517486572266e+00,2.135117292404174805e+00,2.736437797546386719e+00,9.999807476997375488e-01,4.570581018924713135e-03,-5.672625266015529633e-04,-4.177018534392118454e-03
1.603936195373535156e+00,6.893210411071777344e+00,4.541579723358154297e+00,9.999991655349731445e-01,1.509910798631608486e-04,-1.070042853825725615e-04,-1.343621523119509220e-03
7.436557292938232422e+00,1.941837310791015625e+00,3.670944929122924805e+00,9.998019933700561523e-01,-1.339945662766695023e-02,1.362611632794141769e-02,-5.542922299355268478e-03
4.409047126770019531e+00,5.420883893966674805e-01,2.033790588378906250e+00,9.999997019767761230e-01,7.674958906136453152e-04,8.518885442754253745e-05,2.662470215000212193e-04
6.391825675964355469e+00,1.129357457160949707e+00,6.288642883300781250e+00,9.999771714210510254e-01,-2.453596680425107479e-04,4.608136077877134085e-04,6.736902520060539246e-03
2.231033563613891602e+00,1.729882836341857910e+00,3.979051589965820312e+00,9.999992847442626953e-01,6.584578077308833599e-04,1.368012453895062208e-04,1.077136490494012833e-03
4.563278675079345703e+00,3.136713027954101562e+00,1.719781279563903809e+00,9.998389482498168945e-01,1.411897595971822739e-02,9.132133796811103821e-03,-6.275822874158620834e-03
6.598888397216796875e+00,1.928908526897430420e-01,4.940885543823242188e+00,9.999192953109741211e-01,-6.945182569324970245e-03,4.384481813758611679e-03,-9.696401655673980713e-03
4.497429728507995605e-01,4.921934127807617188e+00,4.048130035400390625e+00,9.999980330467224121e-01,1.125931856222450733e-03,5.860871169716119766e-04,-1.575635862536728382e-03
7.903717756271362305e-01,7.263259410858154297e+00,7.092421531677246094e+00,9.999811053276062012e-01,-2.298457780852913857e-03,5.341947078704833984e-03,1.982941292226314545e-03
2.916289329528808594e+00,5.732480525970458984e+00,1.432833909988403320e+00,9.999984502792358398e-01,-1.597407273948192596e-03,-8.607178460806608200e-04,-7.071677100611850619e-05
2.298059225082397461e+00,1.200639486312866211e+00,2.846172332763671875e+00,9.999999403953552246e-01,1.842404162744060159e-04,3.424157912377268076e-04,2.628751972224563360e-04
1.546236991882324219e+00,7.870391011238098145e-01,5.473990917205810547e+00,9.998202919960021973e-01,-9.150858037173748016e-03,1.604575477540493011e-02,4.255299456417560577e-03
1.416886568069458008e+00,2.737327337265014648e+00,3.067213773727416992e+00,9.999983310699462891e-01,-2.462892734911292791e-04,-1.561427488923072815e-03,9.078927687369287014e-04
5.802593708038330078e+00,6.721802234649658203e+00,5.870735168457031250e+00,9.999026656150817871e-01,-5.737465340644121170e-03,1.259761489927768707e-02,-1.786978566087782383e-03
7.178093433380126953e+00,5.266921043395996094e+00,1.421859741210937500e+00,9.999597668647766113e-01,-7.763279136270284653e-03,-3.090108511969447136e-03,-3.281459212303161621e-03
3.423638045787811279e-01,2.777556896209716797e+00,4.117232799530029297e+00,9.999366998672485352e-01,2.287211595103144646e-03,-1.095544733107089996e-02,1.138714142143726349e-03
8.506511449813842773e-01,1.113534439355134964e-02,3.601244091987609863e-01,9.999986886978149414e-01,1.613051048479974270e-03,-1.829676184570416808e-04,3.549839602783322334e-04
5.081855773925781250e+00,2.416153430938720703e+00,6.170947551727294922e+00,9.999895095825195312e-01,-3.179701743647456169e-03,-1.635647378861904144e-03,2.852238016203045845e-03
3.583929538726806641e+00,5.488317608833312988e-01,6.198145866394042969e+00,9.999990463256835938e-01,-1.011910571833141148e-04,1.236197771504521370e-03,5.675251013599336147e-04
7.080723285675048828e+00,4.632784366607666016e+00,6.836304664611816406e+00,9.999923706054687500e-01,1.279263058677315712e-03,3.262423444539308548e-03,1.721717300824820995e-03
7.470099925994873047e+00,6.456037759780883789e-01,1.886387467384338379e+00,9.999970793724060059e-01,-9.662614320404827595e-04,-2.209737198427319527e-03,-3.102185437455773354e-04
6.145215511322021484e+00,3.169208526611328125e+00,4.036808013916015625e+00,9.999975562095642090e-01,-1.932479557581245899e-03,4.187736776657402515e-04,1.058123540133237839e-03
7.086166381835937500e+00,5.967627465724945068e-02,5.545302033424377441e-01,9.999992251396179199e-01,1.195817836560308933e-03,1.070803918992169201e-04,4.254920349922031164e-04
5.490151882171630859e+00,5.361443042755126953e+00,3.431204319000244141e+00,9.999455809593200684e-01,1.022145710885524750e-02,-1.563918194733560085e-03,1.367053366266191006e-03
4.421023845672607422e+00,6.457169532775878906e+00,2.652482032775878906e+00,9.999989271163940430e-01,-2.641765786393079907e-05,2.214878186350688338e-04,-1.478593796491622925e-03
4.893219470977783203e+00,5.654397010803222656e+00,7.384093284606933594e+00,9.999936819076538086e-01,-1.502075698226690292e-03,2.244802657514810562e-03,2.324225381016731262e-03
4.583416938781738281e+00,6.329279899597167969e+00,1.470278739929199219e+00,9.999998807907104492e-01,3.695701016113162041e-04,-3.450615331530570984e-04,2.428685984341427684e-04
3.163780212402343750e+00,5.600413322448730469e+00,1.172127127647399902e+00,9.999941587448120117e-01,-3.072077874094247818e-03,4.721731820609420538e-04,1.443033223040401936e-03
5.344671726226806641e+00,1.840741038322448730e+00,3.108188211917877197e-01,9.999988675117492676e-01,-5.485590663738548756e-04,9.266046690754592419e-04,1.130960532464087009e-03
4.014110565185546875e+00,5.412643432617187500e+00,3.584598064422607422e+00,9.999911189079284668e-01,-9.599737240932881832e-04,-3.951501566916704178e-03,1.141892978921532631e-03
7.381382465362548828e+00,7.446233749389648438e+00,1.582360148429870605e+00,9.999406337738037109e-01,-9.691632352769374847e-03,-4.718270618468523026e-03,1.637045410461723804e-03
3.546394348144531250e+00,3.157398939132690430e+00,2.566612005233764648e+00,9.999992251396179199e-01,-6.202532094903290272e-04,1.132117235101759434e-03,-2.163714725611498579e-06
7.432565212249755859e+00,3.638966381549835205e-01,2.529540777206420898e+00,9.999978542327880859e-01,1.823141355998814106e-03,-2.565837166912388057e-05,1.058240537531673908e-03
1.376222014427185059e+00,6.638914942741394043e-01,2.508875608444213867e+00,9.999984502792358398e-01,-1.552433059259783477e-05,1.789268688298761845e-03,2.047808957286179066e-04
4.360624790191650391e+00,5.690876960754394531e+00,4.731580734252929688e+00,9.999971985816955566e-01,9.540700702928006649e-04,-1.921403571031987667e-03,9.910141816362738609e-04
2.158766746520996094e+00,2.099410057067871094e+00,1.746859073638916016e+00,1.000000000000000000e+00,1.872841967269778252e-04,2.544346498325467110e-04,9.373500506626442075e-05
2.513870298862457275e-01,6.757673621177673340e-02,6.041756629943847656e+00,9.999955296516418457e-01,7.042140932753682137e-04,-1.135097350925207138e-03,-2.671571914106607437e-03
4.901068210601806641e+00,5.330126762390136719e+00,6.217456459999084473e-01,9.999814033508300781e-01,-2.701987745240330696e-03,1.141859567724168301e-03,-5.356196779757738113e-03
5.019114017486572266e+00,7.171411037445068359e+00,3.966368675231933594e+00,9.999978542327880859e-01,-3.604271478252485394e-05,-1.728906529024243355e-03,-1.185468863695859909e-03
1.799267292022705078e+00,5.963362693786621094e+00,5.349069118499755859e+00,9.999654293060302734e-01,7.549414876848459244e-03,-1.535987597890198231e-03,3.132123500108718872e-03
2.156261444091796875e+00,2.723089456558227539e+00,6.548534870147705078e+00,9.999979734420776367e-01,1.549655105918645859e-03,6.119086174294352531e-04,1.194960321299731731e-03
5.288103580474853516e+00,3.891181945800781250e+00,7.791232466697692871e-01,9.999980330467224121e-01,1.818863092921674252e-03,4.148466105107218027e-04,7.866536034271121025e-04
5.752146720886230469e+00,4.355167865753173828e+00,6.183186054229736328e+00,9.999793767929077148e-01,-3.527243388816714287e-03,5.288979969918727875e-03,-9.602968930266797543e-04
4.146716117858886719e+00,2.172389984130859375e+00,1.421289563179016113e+00,9.999945163726806641e-01,-5.844227853231132030e-04,3.251254791393876076e-03,2.422793040750548244e-04
5.167097568511962891e+00,4.909253597259521484e+00,1.004551410675048828e+00,9.999615550041198730e-01,4.739483352750539780e-03,-4.062511492520570755e-03,-6.168952211737632751e-03
2.562580108642578125e+00,1.657607674598693848e+00,3.994279384613037109e+00,9.999999403953552246e-01,1.042613002937287092e-04,-4.921361687593162060e-04,3.469082002993673086e-05
4.999964237213134766e+00,5.016078472137451172e+00,6.578844070434570312e+00,9.999110698699951172e-01,-9.120571427047252655e-03,7.512537296861410141e-03,-6.195125635713338852e-03
6.457573413848876953e+00,1.719443082809448242e+00,2.480692625045776367e+00,9.999949932098388672e-01,-2.201240044087171555e-03,1.943401730386540294e-04,-2.276909770444035530e-03
3.975212097167968750e+00,6.678642749786376953e+00,2.919306039810180664e+00,9.999964833259582520e-01,1.316442037932574749e-03,-1.679911394603550434e-03,1.608034828677773476e-03
5.011034607887268066e-01,5.320106983184814453e+00,5.859104156494140625e+00,9.999946355819702148e-01,1.165473950095474720e-03,2.873139921575784683e-03,1.145755755715072155e-03
6.673440337181091309e-02,7.086444377899169922e+00,7.339441776275634766e+00,9.999716877937316895e-01,6.242437753826379776e-03,-1.390925259329378605e-03,-3.986168652772903442e-03
1.787724852561950684e+00,3.648052930831909180e+00,5.198413848876953125e+00,9.999994635581970215e-01,-3.320289542898535728e-04,-6.226970581337809563e-04,-7.300101569853723049e-04
3.172132968902587891e+00,5.156677246093750000e+00,6.897007465362548828e+00,9.999996423721313477e-01,-6.416278192773461342e-04,4.407837113831192255e-04,4.857258463744074106e-04
6.774352073669433594e+00,1.382722139358520508e+00,2.040955066680908203e+00,9.999933242797851562e-01,3.130432451143860817e-03,-1.392509089782834053e-03,-1.289088395424187183e-03
9.200202226638793945e-01,6.916344165802001953e+00,2.326729059219360352e+00,9.999987483024597168e-01,8.466567378491163254e-04,-8.679708698764443398e-04,-1.037548761814832687e-03
8.949452042579650879e-01,3.163834571838378906e+00,6.599099636077880859e+00,9.999992251396179199e-01,2.737037139013409615e-04,1.812880509532988071e-04,-1.250440254807472229e-03
1.042276144027709961e+00,1.493945121765136719e+00,2.737532138824462891e+00,9.999988675117492676e-01,1.181826228275895119e-03,6.411836366169154644e-04,-7.447819225490093231e-04
5.892717361450195312e+00,2.436377048492431641e+00,7.220820903778076172e+00,9.999995827674865723e-01,-3.237141063436865807e-04,-2.270357217639684677e-04,8.864355622790753841e-04
1.096200704574584961e+00,5.917153358459472656e+00,4.371799468994140625e+00,9.999991655349731445e-01,6.285940180532634258e-04,5.738699110224843025e-04,9.990050457417964935e-04
2.946832895278930664e+00,7.196186542510986328e+00,4.475653648376464844e+00,1.000000000000000000e+00,8.756712304602842778e-06,-1.135077691287733614e-04,6.857013067929074168e-05
3.718655347824096680e+00,6.678209781646728516e+00,5.669631958007812500e+00,9.999831318855285645e-01,4.409424494951963425e-03,3.760413732379674911e-03,-4.025049565825611353e-04
5.616097450256347656e+00,2.223109960556030273e+00,5.592031955718994141e+00,9.999973177909851074e-01,4.646687302738428116e-04,1.256701652891933918e-04,2.302482957020401955e-03
7.737262845039367676e-01,2.117632150650024414e+00,6.576688766479492188e+00,9.999974966049194336e-01,-9.310597088187932968e-04,-1.839134260080754757e-03,-8.525917655788362026e-04
4.362244129180908203e+00,5.505695819854736328e+00,3.889595508575439453e+00,9.999808669090270996e-01,2.591575263068079948e-03,2.332082949578762054e-03,5.107183475047349930e-03
9.051415324211120605e-02,9.718530774116516113e-01,4.270471572875976562e+00,9.999878406524658203e-01,-1.638265559449791908e-03,-8.398370700888335705e-04,-4.580789245665073395e-03
2.628165721893310547e+00,1.584887981414794922e+00,1.967438340187072754e+00,9.999995827674865723e-01,3.317708615213632584e-04,-7.454407750628888607e-04,-5.910862819291651249e-04
2.297363281250000000e+00,5.073544502258300781e+00,4.368967533111572266e+00,9.999998211860656738e-01,-5.515154043678194284e-05,-2.442703116685152054e-04,6.377326208166778088e-04
4.765952587127685547e+00,6.344513893127441406e+00,5.308435916900634766e+00,9.999989867210388184e-01,-1.035951543599367142e-03,7.522004307247698307e-04,-7.031342247501015663e-04
1.997845530509948730e+00,5.512682914733886719e+00,7.181970596313476562e+00,9.999983906745910645e-01,-9.428671328350901604e-04,1.880274503491818905e-04,1.554932096041738987e-03
5.229828834533691406e+00,1.330605864524841309e+00,3.596552371978759766e+00,9.999668598175048828e-01,8.039761334657669067e-03,1.316977315582334995e-03,4.250791607773862779e-05
5.540338754653930664e-01,6.316622257232666016e+00,4.589181900024414062e+00,9.999839663505554199e-01,2.716086804866790771e-03,3.282228950411081314e-03,-3.731478238478302956e-03
4.031736850738525391e+00,2.854304075241088867e+00,1.851714253425598145e-01,9.997460246086120605e-01,-9.620779193937778473e-03,1.968354173004627228e-02,-5.283296573907136917e-03
3.248922348022460938e+00,6.690638542175292969e+00,3.890954017639160156e+00,9.999645352363586426e-01,-3.752687014639377594e-03,-7.462886162102222443e-03,1.123152906075119972e-03
4.753965377807617188e+00,4.279984474182128906e+00,1.433640122413635254e+00,9.999681711196899414e-01,-7.895280577940866351e-05,-5.438834428787231445e-03,-5.847423803061246872e-03
7.490312576293945312e+00,1.289193391799926758e+00,5.785685539245605469e+00,9.999970197677612305e-01,-4.002937348559498787e-04,-9.343186975456774235e-04,2.236149972304701805e-03
3.963759422302246094e+00,6.621470451354980469e+00,1.594370007514953613e-01,9.997878074645996094e-01,-1.850155927240848541e-02,-5.930453538894653320e-03,6.853140890598297119e-03
4.669775962829589844e+00,3.873122453689575195e+00,1.533023595809936523e+00,9.999974370002746582e-01,1.247741020051762462e-04,-2.149690641090273857e-03,6.658481433987617493e-04
5.661035537719726562e+00,5.105292320251464844e+00,2.435585975646972656e+00,9.999918937683105469e-01,-5.139497807249426842e-04,-7.884327205829322338e-04,3.933132160454988480e-03
1.882257580757141113e+00,4.211960315704345703e+00,2.607960462570190430e+00,9.997270703315734863e-01,1.781136356294155121e-02,1.508032996207475662e-02,-1.134495134465396404e-03
6.192006587982177734e+00,5.708367347717285156e+00,3.556156396865844727e+00,9.999961853027343750e-01,-4.819849855266511440e-04,8.832215098664164543e-04,2.595865633338689804e-03
6.891563415527343750e+00,6.419244766235351562e+00,7.915903329849243164e-01,1.000000000000000000e+00,2.961678546853363514e-04,2.858411608031019568e-05,2.779284841381013393e-04
1.159899950027465820e+00,6.792907714843750000e+00,7.788147926330566406e-01,9.999994635581970215e-01,-1.840558834373950958e-04,-6.225655670277774334e-04,-8.724021608941257000e-04
6.985411643981933594e+00,3.788802146911621094e+00,7.429210662841796875e+00,9.999888539314270020e-01,3.799224738031625748e-03,-3.118146269116550684e-04,-2.796528162434697151e-03
7.346330165863037109e+00,4.236122608184814453e+00,4.372682094573974609e+00,9.999931454658508301e-01,2.963752252981066704e-03,2.205603988841176033e-03,-1.558627263875678182e-04
5.095971107482910156e+00,1.293283343315124512e+00,4.365422725677490234e+00,9.999997019767761230e-01,2.862258115783333778e-04,-7.979549118317663670e-04,9.699466318124905229e-05
2.288393974304199219e+00,5.315315246582031250e+00,2.779397010803222656e+00,9.998729825019836426e-01,1.568549312651157379e-02,2.401047386229038239e-03,-1.493103103712201118e-03
6.391326189041137695e-01,7.112271785736083984e+00,2.535405874252319336e+00,9.999950528144836426e-01,-7.398659945465624332e-04,5.623791003017686307e-05,-3.078379668295383453e-03
5.856124877929687500e+00,2.061509132385253906e+00,3.210238695144653320e+00,9.999958276748657227e-01,2.605042653158307076e-03,-1.253534923307597637e-03,-3.539076133165508509e-04
5.744134426116943359e+00,4.246519565582275391e+00,4.955326557159423828e+00,9.999945163726806641e-01,3.210577648133039474e-03,3.239583747927099466e-04,8.129170164465904236e-04
4.806235432624816895e-01,1.160297632217407227e+00,3.402009010314941406e-01,1.000000000000000000e+00,-2.779319474939256907e-04,1.882391370600089431e-04,-1.344787888228893280e-04
5.821307659149169922e+00,2.493778467178344727e+00,1.525476336479187012e+00,9.999904036521911621e-01,2.004453446716070175e-03,-2.151704393327236176e-03,3.248622873798012733e-03
4.075480461120605469e+00,6.242967128753662109e+00,6.100935459136962891e+00,9.999981522560119629e-01,-7.600865210406482220e-04,-1.536144176498055458e-03,-9.044900652952492237e-04
1.889711380004882812e+00,6.167597174644470215e-01,4.559773921966552734e+00,9.999924898147583008e-01,-2.163622761145234108e-03,-2.632629824802279472e-03,-1.880527590401470661e-03
5.395686626434326172e+00,5.982155323028564453e+00,4.392050266265869141e+00,9.996286630630493164e-01,-8.131369948387145996e-03,9.956707246601581573e-03,2.402983978390693665e-02
1.254883766174316406e+00,6.632397174835205078e+00,5.381148815155029297e+00,9.999262690544128418e-01,-1.180306659080088139e-03,1.186921633780002594e-02,2.267912961542606354e-03
1.736816167831420898e-01,1.696684479713439941e+00,6.987002372741699219e+00,9.999992847442626953e-01,8.882401016307994723e-05,1.255337498150765896e-03,1.180257459054701030e-04
2.011561870574951172e+00,6.841133236885070801e-01,6.771362781524658203e+00,9.999994635581970215e-01,3.417567641008645296e-04,-2.262771013192832470e-04,-1.028821570798754692e-03
2.184818506240844727e+00,1.508334636688232422e+00,6.089211463928222656e+00,9.999984502792358398e-01,1.641777926124632359e-03,7.470850250683724880e-04,2.370387483097147197e-05
3.564036369323730469e+00,5.165419578552246094e+00,4.407583713531494141e+00,9.999660849571228027e-01,-6.009936332702636719e-03,-1.615601824596524239e-03,5.395779386162757874e-03
8.257246017456054688e-01,2.311776280403137207e-01,4.630009651184082031e+00,9.998786449432373047e-01,8.733399212360382080e-03,-1.293096109293401241e-03,1.283405907452106476e-02
5.536256790161132812e+00,1.056144118309020996e+00,2.682040691375732422e+00,9.999983906745910645e-01,1.033511711284518242e-03,2.521235728636384010e-04,1.484096166677772999e-03
6.252496719360351562e+00,6.900295734405517578e+00,5.316910743713378906e+00,9.998542666435241699e-01,-7.637075032107532024e-04,-1.657323166728019714e-02,-4.038513172417879105e-03
5.010402202606201172e+00,4.872114181518554688e+00,6.291809558868408203e+00,9.999098181724548340e-01,-9.306567721068859100e-03,7.806797511875629425e-03,-5.738315172493457794e-03
2.361102104187011719e+00,5.111077785491943359e+00,3.600764751434326172e+00,1.000000000000000000e+00,-1.035937020787969232e-04,-2.120201970683410764e-04,1.028280748869292438e-04
4.255859375000000000e+00,5.243913650512695312e+00,3.385932922363281250e+00,9.999987483024597168e-01,-1.457927399314939976e-03,-5.271870177239179611e-04,3.115579311270266771e-04
7.325859069824218750e+00,2.729582071304321289e+00,5.822435379028320312e+00,9.999940991401672363e-01,4.949629073962569237e-04,-2.255787607282400131e-03,2.579586114734411240e-03
1.452038735151290894e-01,6.319043159484863281e+00,1.066642284393310547e+00,9.999812841415405273e-01,-2.734453883022069931e-03,4.437965340912342072e-03,-3.205815562978386879e-03
6.731470108032226562e+00,3.494448900222778320e+00,6.912310600280761719e+00,9.999992251396179199e-01,5.708454409614205360e-04,-1.120969420298933983e-03,-3.690830490086227655e-04
2.124949693679809570e+00,3.080379486083984375e+00,7.138515472412109375e+00,9.999779462814331055e-01,4.911420983262360096e-04,6.842961010988801718e-05,-6.633484270423650742e-03
3.686660766601562500e+00,1.224657773971557617e+00,1.128807425498962402e+00,9.999445080757141113e-01,4.546956624835729599e-03,-2.315063611604273319e-04,9.501515887677669525e-03
5.421753883361816406e+00,2.990662336349487305e+00,4.873578548431396484e+00,1.000000000000000000e+00,-5.418623550212942064e-05,-3.860195865854620934e-04,-2.048984169960021973e-04
2.477027654647827148e+00,2.318125486373901367e+00,5.866357088088989258e-01,9.999993443489074707e-01,-9.922607569023966789e-04,-1.460598141420632601e-04,-5.656888242810964584e-04
2.781938314437866211e+00,6.036620616912841797e+00,4.251428127288818359e+00,9.998802542686462402e-01,-1.405780389904975891e-02,-4.824669566005468369e-03,4.308812320232391357e-03
4.167410850524902344e+00,4.923398494720458984e-01,1.886872458271682262e-03,9.999892115592956543e-01,-3.120381385087966919e-03,3.143253270536661148e-03,1.385417883284389973e-03
2.470373868942260742e+00,1.039378762245178223e+00,5.662615299224853516e+00,9.999997019767761230e-01,-3.936909197364002466e-04,1.141782649938249961e-05,7.766554481349885464e-04
4.579009711742401123e-01,1.528308987617492676e+00,3.486373424530029297e+00,9.999915957450866699e-01,-7.693830411881208420e-04,1.635087188333272934e-03,3.690684214234352112e-03
4.073770523071289062e+00,6.660769939422607422e+00,3.319355964660644531e+00,9.999999403953552246e-01,-4.347652138676494360e-04,-7.645658479304984212e-05,1.258974079973995686e-04
1.469687104225158691e+00,4.959571838378906250e+00,4.376429080963134766e+00,9.999842643737792969e-01,-6.758018280379474163e-04,-1.851225271821022034e-03,-5.272076465189456940e-03
2.975759267807006836e+00,1.546699047088623047e+00,6.421589374542236328e+00,9.998782277107238770e-01,-5.505597218871116638e-03,9.563772939145565033e-03,1.104035601019859314e-02
4.002637386322021484e+00,1.267818570137023926e+00,2.829992771148681641e+00,1.000000000000000000e+00,-1.831324916565790772e-04,5.057562884758226573e-05,6.982867489568889141e-05
2.917230844497680664e+00,4.400881290435791016e+00,6.080338954925537109e+00,9.999968409538269043e-01,-1.520013436675071716e-03,1.778080593794584274e-03,-9.351567132398486137e-04
5.778377056121826172e-01,2.886654138565063477e+00,1.213611721992492676e+00,9.999334812164306641e-01,-1.059466693550348282e-02,-3.845910541713237762e-03,2.460758667439222336e-03
9.923000931739807129e-01,6.010229110717773438e+00,8.089770376682281494e-02,9.999990463256835938e-01,1.111229183152318001e-03,8.815853507257997990e-04,-1.784134947229176760e-04
4.991605758666992188e+00,6.591759204864501953e+00,2.042743921279907227e+00,9.999806880950927734e-01,2.834140090271830559e-03,5.486201960593461990e-03,-6.936053396202623844e-04
5.775636196136474609e+00,3.796855688095092773e+00,1.458306789398193359e+00,9.999873638153076172e-01,4.194248002022504807e-03,3.140425833407789469e-04,2.764519304037094116e-03
1.242270588874816895e+00,1.285475730895996094e+00,4.298073649406433105e-01,9.999844431877136230e-01,4.004558548331260681e-03,1.552251866087317467e-03,-3.579118987545371056e-03
1.294338583946228027e+00,6.951771736145019531e+00,2.355882644653320312e+00,9.999964237213134766e-01,-1.655412837862968445e-03,1.787400571629405022e-03,-1.094865263439714909e-03
6.144299983978271484e+00,4.205769538879394531e+00,7.971468567848205566e-01,9.999998211860656738e-01,-3.661770897451788187e-04,4.555149062070995569e-04,2.878658415284007788e-04
7.356109619140625000e+00,3.984311819076538086e+00,5.462751865386962891e+00,9.999708533287048340e-01,3.684147493913769722e-03,-4.274683538824319839e-03,-5.152479745447635651e-03
6.045078754425048828e+00,9.577425718307495117e-01,2.946937561035156250e+00,9.999795556068420410e-01,2.145388396456837654e-03,-5.112803191877901554e-04,-6.016275379806756973e-03
2.085841894149780273e+00,7.364645004272460938e-01,2.074876546859741211e+00,9.999585747718811035e-01,4.639009013772010803e-03,4.420199256855994463e-04,7.824684493243694305e-03
4.853320598602294922e+00,3.091772079467773438e+00,1.127593994140625000e+00,9.999982714653015137e-01,8.400542428717017174e-04,-1.679792534559965134e-03,-9.746981231728568673e-05
7.488226413726806641e+00,3.557958602905273438e+00,6.462626457214355469e+00,9.998632669448852539e-01,-4.107278306037187576e-03,-6.154884467832744122e-04,1.600976102054119110e-02
1.495970845222473145e+00,1.855121254920959473e+00,2.691118240356445312e+00,9.998667836189270020e-01,6.813310552388429642e-03,1.398728508502244949e-02,4.940787795931100845e-03
1.149822354316711426e+00,5.161580085754394531e+00,6.248736381530761719e+00,9.999990463256835938e-01,-1.203662948682904243e-03,3.460890729911625385e-04,7.078800699673593044e-04
3.538963794708251953e+00,2.756266117095947266e+00,2.570431470870971680e+00,9.999952912330627441e-01,9.882316226139664650e-05,2.958033233880996704e-03,-8.999236160889267921e-04
6.334225654602050781e+00,1.891008615493774414e+00,5.911579608917236328e+00,9.999905228614807129e-01,1.849064603447914124e-03,-3.002644516527652740e-03,2.572076627984642982e-03
1.599861145019531250e+00,4.018700122833251953e+00,3.369341850280761719e+00,9.999459385871887207e-01,6.151461508125066757e-03,-6.556363310664892197e-03,-5.222873296588659286e-03
1.447439551353454590e+00,1.957148551940917969e+00,4.176454544067382812e+00,9.999943375587463379e-01,2.627477049827575684e-03,1.200062921270728111e-03,-1.752852112986147404e-03
1.264614820480346680e+00,3.421461582183837891e+00,1.409579277038574219e+00,9.999998211860656738e-01,4.630778275895863771e-04,-4.306066257413476706e-04,1.949970028363168240e-04
3.437076568603515625e+00,6.341731548309326172e+00,1.290822029113769531e+00,9.999868869781494141e-01,-1.236406271345913410e-03,4.490769002586603165e-03,2.169099170714616776e-03
1.094782590866088867e+00,2.368838071823120117e+00,7.272225379943847656e+00,9.999997019767761230e-01,2.110101777361705899e-04,-7.335275877267122269e-04,-2.556759282015264034e-04
6.414511680603027344e+00,4.211351394653320312e+00,5.675921440124511719e+00,9.999870657920837402e-01,5.075456108897924423e-03,-2.068007452180609107e-04,-8.898392115952447057e-05
1.020787715911865234e+00,5.063493251800537109e-01,6.046661853790283203e+00,9.999997019767761230e-01,5.556136602535843849e-04,-5.646629724651575089e-04,2.821760426741093397e-04
4.050557613372802734e+00,5.473459720611572266e+00,3.966162204742431641e+00,9.999850392341613770e-01,2.478206763043999672e-03,3.274968359619379044e-03,3.606972750276327133e-03
3.266350030899047852e+00,3.929146766662597656e+00,2.319593906402587891e+00,9.999998211860656738e-01,-4.496096516959369183e-04,4.769774968735873699e-04,-1.819323224481195211e-04
4.171988487243652344e+00,7.184925079345703125e+00,5.506138801574707031e+00,9.999946355819702148e-01,-2.407951978966593742e-03,1.693024649284780025e-03,-1.497764606028795242e-03
5.531193256378173828e+00,2.119005203247070312e+00,2.828662097454071045e-01,9.999676346778869629e-01,-4.673697054386138916e-03,-5.096256732940673828e-03,4.120565019547939301e-03
2.150830268859863281e+00,4.783434391021728516e+00,4.333910465240478516e+00,9.999998211860656738e-01,-2.470538020133972168e-04,1.153500925283879042e-04,6.413641385734081268e-04
3.549080371856689453e+00,1.414094924926757812e+00,4.329850196838378906e+00,9.999990463256835938e-01,3.345383811392821372e-05,8.145078318193554878e-04,1.153592020273208618e-03
7.190424919128417969e+00,4.842960357666015625e+00,8.132560253143310547e-01,9.999885559082031250e-01,-1.227519009262323380e-03,3.168915398418903351e-03,3.385669784620404243e-03
4.862102031707763672e+00,1.181485801935195923e-01,1.192826390266418457e+00,9.999995827674865723e-01,7.963356620166450739e-05,8.218386792577803135e-04,-5.293007125146687031e-04
6.887981891632080078e+00,7.252061367034912109e+00,6.804370403289794922e+00,9.999694228172302246e-01,4.912992008030414581e-04,-2.271793084219098091e-03,-7.462679874151945114e-03
2.133015632629394531e+00,7.401801109313964844e+00,7.197870731353759766e+00,9.999984502792358398e-01,-2.872500626835972071e-04,1.729243318550288677e-03,-2.987702609971165657e-04
3.253750562667846680e+00,5.787902355194091797e+00,2.446773290634155273e+00,9.999823570251464844e-01,-5.753992591053247452e-03,7.060789503157138824e-04,1.350983744487166405e-03
2.864049911499023438e+00,6.706025123596191406e+00,1.043118715286254883e+00,9.999997019767761230e-01,-8.236076682806015015e-04,-5.228858572081662714e-05,2.854928025044500828e-04
3.945424079895019531e+00,5.799679279327392578e+00,6.409862041473388672e+00,9.999942779541015625e-01,1.558252261020243168e-03,-2.107973210513591766e-03,2.134150825440883636e-03
7.354738116264343262e-01,6.229673862457275391e+00,3.053242444992065430e+00,9.999880194664001465e-01,-3.525199426803737879e-04,4.845601972192525864e-03,-5.834829644300043583e-04
5.992346763610839844e+00,3.610997200012207031e+00,3.444721937179565430e+00,9.999993443489074707e-01,7.429306861013174057e-04,-1.566592836752533913e-04,-9.471069788560271263e-04
4.671695232391357422e+00,5.715400695800781250e+00,2.772236347198486328e+00,9.999949336051940918e-01,2.375717507675290108e-03,-2.145066857337951660e-03,2.195179549744352698e-04
7.358982563018798828e+00,2.797885656356811523e+00,5.180002212524414062e+00,9.999992251396179199e-01,1.150438911281526089e-03,-1.199507314595393836e-04,5.571112269535660744e-04
7.013679504394531250e+00,5.772250175476074219e+00,5.699698448181152344e+00,9.999998211860656738e-01,-3.711010213010013103e-04,-1.825913932407274842e-04,4.342689353507012129e-04
3.589405298233032227e+00,2.012168407440185547e+00,2.234859228134155273e+00,9.999997615814208984e-01,1.746071211528033018e-04,-1.217225217260420322e-04,7.712464430369436741e-04
5.718872070312500000e+00,5.351520538330078125e+00,7.157968044281005859e+00,9.999330043792724609e-01,-1.077789720147848129e-02,-5.187460919842123985e-04,4.197390750050544739e-03
6.369568109512329102e-01,4.555033206939697266e+00,1.146911144256591797e+00,9.999747872352600098e-01,-3.674231935292482376e-03,-1.886861165985465050e-03,5.772429052740335464e-03
5.472270488739013672e+00,6.153242588043212891e+00,4.855278968811035156e+00,9.999755620956420898e-01,-2.048246242338791490e-04,-6.529767066240310669e-03,2.521082526072859764e-03
3.307271242141723633e+00,5.402046203613281250e+00,4.680778026580810547e+00,9.999092221260070801e-01,6.130019202828407288e-03,-1.175845507532358170e-02,2.387104090303182602e-03
6.790731430053710938e+00,1.300812363624572754e+00,4.562111377716064453e+00,9.999794363975524902e-01,1.283028046600520611e-03,-8.250030223280191422e-04,-6.244306918233633041e-03
5.345455646514892578e+00,6.504959583282470703e+00,1.307396769523620605e+00,9.999960064888000488e-01,1.778736943379044533e-03,2.110081491991877556e-03,-6.404283922165632248e-04
3.485465288162231445e+00,7.010676383972167969e+00,2.000822067260742188e+00,9.998944401741027832e-01,-8.197553106583654881e-04,-4.355112090706825256e-03,-1.384087093174457550e-02
4.567676067352294922e+00,9.471160173416137695e-01,2.083959341049194336e+00,9.999997615814208984e-01,-1.175406214315444231e-05,5.052479100413620472e-04,5.625209887512028217e-04
4.819925725460052490e-01,1.141192674636840820e+00,1.738601446151733398e+00,9.999994039535522461e-01,-6.464725593104958534e-04,7.684435113333165646e-04,4.715591203421354294e-04
2.753813005983829498e-02,4.303622722625732422e+00,1.243637800216674805e+00,9.999576807022094727e-01,-1.268085208721458912e-03,3.912713436875492334e-04,-9.107009507715702057e-03
1.865593791007995605e+00,3.301441907882690430e+00,6.337900638580322266e+00,9.999761581420898438e-01,-1.129374024458229542e-03,-5.884788464754819870e-03,-3.449250245466828346e-03
4.395167827606201172e+00,2.396472215652465820e+00,1.429711699485778809e+00,9.999977350234985352e-01,-1.490282738814130425e-05,1.896314905025064945e-03,-1.043343683704733849e-03
1.382636904716491699e+00,3.453648567199707031e+00,9.473096132278442383e-01,9.999848008155822754e-01,-4.308933392167091370e-03,-3.458106657490134239e-03,1.404511713190004230e-04
7.951747775077819824e-01,3.174799680709838867e+00,4.257806539535522461e-01,9.999785423278808594e-01,-1.155024976469576359e-03,6.284858100116252899e-03,1.492143608629703522e-03
2.163216114044189453e+00,6.290152549743652344e+00,1.514861732721328735e-01,9.999267458915710449e-01,-4.477739275898784399e-04,-8.907803567126393318e-04,1.206404995173215866e-02
4.922803878784179688e+00,9.553815722465515137e-01,4.618517398834228516e+00,9.999550580978393555e-01,-8.768941275775432587e-03,7.944125100038945675e-04,3.511331742629408836e-03
5.237864494323730469e+00,1.115590453147888184e+00,3.024240016937255859e+00,9.999886751174926758e-01,2.187941456213593483e-03,3.106151474639773369e-03,2.866656519472599030e-03
1.677459955215454102e+00,5.294353485107421875e+00,1.326033473014831543e+00,9.999960660934448242e-01,-1.975393824977800250e-04,-8.599180728197097778e-04,-2.698020078241825104e-03
7.461434841156005859e+00,6.213931083679199219e+00,3.918186902999877930e+00,9.999895095825195312e-01,1.948620541952550411e-03,1.835943694459274411e-04,-4.156970884650945663e-03
6.932171821594238281e+00,6.725190281867980957e-01,7.374870777130126953e-01,9.999995827674865723e-01,-3.236713237129151821e-04,-3.572285640984773636e-04,-8.488107123412191868e-04
4.541861534118652344e+00,6.341322422027587891e+00,5.567909240722656250e+00,9.999995231628417969e-01,-1.856800954556092620e-04,-6.236356421140953898e-05,-9.276042110286653042e-04
4.680350303649902344e+00,5.930432319641113281e+00,2.419502139091491699e-01,9.999947547912597656e-01,-2.243906492367386818e-03,1.189042464829981327e-03,2.047497779130935669e-03
4.386082887649536133e-01,8.492896556854248047e-01,5.864051342010498047e+00,9.999874830245971680e-01,3.749691182747483253e-03,-2.448979299515485764e-03,2.220802241936326027e-03
1.631405651569366455e-01,1.896382451057434082e+00,5.366971015930175781e+00,9.999983310699462891e-01,-9.158973698504269123e-04,-1.338807283900678158e-03,8.958993712440133095e-04
6.430359363555908203e+00,5.019397258758544922e+00,3.227239549160003662e-01,9.999741911888122559e-01,-2.625816734507679939e-03,-4.029779229313135147e-03,-5.351075436919927597e-03
6.004969120025634766e+00,2.927712440490722656e+00,5.613613128662109375e+00,9.999999403953552246e-01,1.859596814028918743e-04,2.752800937741994858e-04,2.826898708008229733e-04
4.555863380432128906e+00,4.347535133361816406e+00,7.026180744171142578e+00,9.999917745590209961e-01,-2.893675351515412331e-03,1.331649837084114552e-03,2.525623189285397530e-03
4.986810982227325439e-01,2.525558948516845703e+00,7.246072292327880859e+00,9.999908804893493652e-01,9.252810268662869930e-04,-4.183525219559669495e-03,8.715195872355252504e-05
3.450642824172973633e+00,5.407542705535888672e+00,9.231060147285461426e-01,9.999493956565856934e-01,3.873320762068033218e-03,-6.218976806849241257e-03,6.896974984556436539e-03
2.628792762756347656e+00,5.252533912658691406e+00,4.991690635681152344e+00,9.999966025352478027e-01,1.387645374052226543e-03,-1.843517762608826160e-03,-1.191315008327364922e-03
7.403920173645019531e+00,2.506976127624511719e+00,3.858901739120483398e+00,9.999997019767761230e-01,3.674381005112081766e-04,-4.017157189082354307e-04,6.724601844325661659e-04
1.290589690208435059e+00,3.976082503795623779e-01,3.636204600334167480e-01,9.999971985816955566e-01,1.438412582501769066e-03,1.647474244236946106e-03,-8.584025781601667404e-04
2.718277215957641602e+00,3.795408487319946289e+00,2.010717868804931641e+00,9.999998807907104492e-01,2.363297389820218086e-04,-1.226684398716315627e-04,-5.638792645186185837e-04
1.805939674377441406e+00,1.705961942672729492e+00,2.085978269577026367e+00,9.999996423721313477e-01,3.731074975803494453e-04,4.168976738583296537e-04,-7.449043914675712585e-04
1.483159303665161133e+00,1.625183105468750000e+00,5.909954547882080078e+00,9.999992847442626953e-01,-1.753012656990904361e-05,9.426538017578423023e-04,7.428716635331511497e-04
3.340443849563598633e+00,2.277676105499267578e+00,3.193877935409545898e+00,9.999307990074157715e-01,4.495054017752408981e-03,3.547714557498693466e-03,1.027473062276840210e-02
1.938172876834869385e-01,5.180544853210449219e+00,5.012063503265380859e+00,9.999545812606811523e-01,-5.718179512768983841e-03,-7.490294985473155975e-03,-1.459973980672657490e-03
1.328335881233215332e+00,3.321875810623168945e+00,2.521657943725585938e+00,9.999995231628417969e-01,-8.502068230882287025e-04,-5.346832913346588612e-04,1.178494494524784386e-04
1.449978470802307129e+00,6.527902126312255859e+00,1.908648252487182617e+00,9.999608993530273438e-01,3.767057321965694427e-03,-1.943198381923139095e-03,7.770875934511423111e-03
2.291314125061035156e+00,6.952033996582031250e+00,5.089217662811279297e+00,9.999991655349731445e-01,-7.246170425787568092e-04,3.929018857888877392e-04,1.036539557389914989e-03
4.824365139007568359e+00,5.174879074096679688e+00,7.111174106597900391e+00,9.999889135360717773e-01,3.228015499189496040e-03,-2.255977364256978035e-03,-2.596135949715971947e-03
1.078526973724365234e+00,2.172321677207946777e-01,4.902575492858886719e+00,9.999858736991882324e-01,-1.128521747887134552e-03,1.388326985761523247e-03,5.001564044505357742e-03
5.086544036865234375e+00,4.420291900634765625e+00,1.380967020988464355e+00,9.999930262565612793e-01,3.723402041941881180e-03,4.205077711958438158e-04,3.416116669541224837e-05
6.405536174774169922e+00,1.850871741771697998e-02,5.311047077178955078e+00,9.999969601631164551e-01,-2.150688320398330688e-03,3.100316098425537348e-04,-1.217394717969000340e-03
2.173121929168701172e+00,5.859426021575927734e+00,1.538245081901550293e+00,9.999992847442626953e-01,-7.316801347769796848e-04,-1.047700716299004853e-04,-9.807971073314547539e-04
2.147889852523803711e+00,3.676212072372436523e+00,2.745668172836303711e+00,9.999970197677612305e-01,7.179542444646358490e-04,-3.050572413485497236e-04,-2.340855076909065247e-03
1.031447768211364746e+00,1.533247947692871094e+00,3.552235126495361328e+00,9.999945759773254395e-01,-4.410387191455811262e-04,8.000803063623607159e-04,3.184943692758679390e-03
5.670141696929931641e+00,5.899802207946777344e+00,4.984704494476318359e+00,9.999936223030090332e-01,-1.397934393025934696e-03,-1.062254654243588448e-03,-3.109298879280686378e-03
6.538825035095214844e+00,2.644030451774597168e-01,4.425260543823242188e+00,9.999986290931701660e-01,1.577065326273441315e-03,-5.277008167468011379e-04,-3.676206688396632671e-04
1.181892633438110352e+00,3.721594572067260742e+00,5.172897815704345703e+00,9.999979138374328613e-01,1.285071339225396514e-04,-1.850717351771891117e-03,-8.967865142039954662e-04
5.892741203308105469e+00,7.061240196228027344e+00,5.310958862304687500e+00,9.999766349792480469e-01,-5.679503548890352249e-03,3.672307357192039490e-03,-1.078913686797022820e-03
6.992866039276123047e+00,5.312189102172851562e+00,7.425646305084228516e+00,9.999915361404418945e-01,-1.420961110852658749e-03,2.960114507004618645e-03,2.508770441636443138e-03
3.104209184646606445e+00,7.509221434593200684e-01,3.350063323974609375e+00,9.999999403953552246e-01,6.545730866491794586e-05,-3.740795946214348078e-04,2.502932911738753319e-04
2.776049613952636719e+00,1.611894130706787109e+00,1.278988361358642578e+00,9.999968409538269043e-01,-1.129059586673974991e-03,-1.548672444187104702e-03,-1.671564299613237381e-03
7.186845779418945312e+00,2.499505996704101562e+00,5.577414035797119141e+00,9.999915361404418945e-01,1.628822879865765572e-03,-4.682286526076495647e-04,-3.744971472769975662e-03
5.833800792694091797e+00,3.523302078247070312e+00,9.967533946037292480e-01,9.999962449073791504e-01,-1.884004799649119377e-03,1.504994579590857029e-03,1.312236883677542210e-03
6.747213363647460938e+00,3.953971862792968750e+00,3.163485050201416016e+00,9.999738931655883789e-01,-4.022561013698577881e-03,5.891966633498668671e-03,-1.166273723356425762e-03
6.878644943237304688e+00,3.486182689666748047e+00,2.626205682754516602e+00,9.999942183494567871e-01,2.809282392263412476e-03,-8.836886263452470303e-04,1.689113094471395016e-03
4.595802783966064453e+00,5.761048793792724609e+00,6.882458686828613281e+00,9.999868273735046387e-01,4.542072303593158722e-03,-1.160062616690993309e-03,2.090559806674718857e-03
3.195190668106079102e+00,2.153533846139907837e-01,5.275814056396484375e+00,9.999991655349731445e-01,-7.136475178413093090e-04,-5.042469711042940617e-04,-1.040470553562045097e-03
2.287643671035766602e+00,6.059951305389404297e+00,5.251625061035156250e+00,9.999989271163940430e-01,4.402687773108482361e-04,-1.209031208418309689e-03,-7.696764077991247177e-04
4.132718086242675781e+00,5.160977363586425781e+00,3.083866834640502930e+00,9.999992847442626953e-01,-1.109590753912925720e-03,4.992084577679634094e-04,3.289642627350986004e-04
1.359755754470825195e+00,5.537212848663330078e+00,2.417461633682250977e+00,9.999980926513671875e-01,-1.218560966663062572e-03,1.521580270491540432e-03,-8.758340118220075965e-05
1.924236416816711426e+00,3.927000761032104492e-01,2.490043878555297852e+00,9.999943375587463379e-01,4.076389013789594173e-04,-3.319915384054183960e-03,3.582988865673542023e-04
4.718194961547851562e+00,7.304227828979492188e+00,3.122257888317108154e-01,1.000000000000000000e+00,2.402465615887194872e-04,1.334305125055834651e-04,-2.384472900303080678e-04
1.601520299911499023e+00,3.318112850189208984e+00,3.834904432296752930e+00,9.999997019767761230e-01,6.596022285521030426e-05,-7.730123470537364483e-04,-2.741107891779392958e-04
1.151181936264038086e+00,5.203122138977050781e+00,2.501617908477783203e+00,9.999998211860656738e-01,-1.102396054193377495e-04,7.063747616484761238e-04,8.270880061900243163e-05
3.219388246536254883e+00,5.027732849121093750e+00,1.573180675506591797e+00,9.999990463256835938e-01,-7.837139419279992580e-04,-3.758701495826244354e-04,1.115479390136897564e-03
7.065671682357788086e-02,1.263750076293945312e+00,6.528002738952636719e+00,9.999994635581970215e-01,-1.065890537574887276e-03,2.813930041156709194e-04,3.265863779233768582e-05
6.337668895721435547e+00,2.862432241439819336e+00,6.694845676422119141e+00,9.999272823333740234e-01,-3.245593747124075890e-03,8.703670464456081390e-03,-7.686722557991743088e-03
3.688697338104248047e+00,5.603642940521240234e+00,3.482048511505126953e+00,9.998927712440490723e-01,-1.028864365071058273e-02,3.027935745194554329e-03,9.972998872399330139e-03
7.377914190292358398e-01,5.851753711700439453e+00,6.841028928756713867e-01,9.999976754188537598e-01,8.533952059224247932e-04,-4.509823629632592201e-04,1.966919982805848122e-03
6.026263236999511719e+00,5.800691246986389160e-01,3.127999544143676758e+00,9.998489618301391602e-01,6.451901514083147049e-03,-7.501538842916488647e-03,-1.429094746708869934e-02
4.274345397949218750e+00,1.376486420631408691e-01,1.110265254974365234e+00,9.999904036521911621e-01,-2.522486494854092598e-03,-3.797424724325537682e-04,3.580507356673479080e-03
6.593121290206909180e-01,1.637631654739379883e+00,2.743855953216552734e+00,9.999911189079284668e-01,3.698654705658555031e-03,-1.797037082724273205e-03,-9.850909700617194176e-04
1.794229745864868164e+00,6.361533641815185547e+00,4.936682224273681641e+00,9.998475909233093262e-01,-2.881425607483834028e-04,6.529802456498146057e-03,-1.619555056095123291e-02
6.523055553436279297e+00,5.348628044128417969e+00,1.413480639457702637e-01,9.995183348655700684e-01,-4.700047429651021957e-03,-1.445389632135629654e-02,2.705911733210086823e-02
2.391296863555908203e+00,2.936146020889282227e+00,1.162195444107055664e+00,9.999998807907104492e-01,1.213346058648312464e-05,-1.283843448618426919e-04,-5.461436230689287186e-04
1.139610171318054199e+00,6.788831710815429688e+00,5.735072612762451172e+00,9.999950528144836426e-01,-9.859129786491394043e-04,2.744666300714015961e-03,1.252957736141979694e-03
5.268941402435302734e+00,1.103252530097961426e+00,1.467738151550292969e-01,9.998468756675720215e-01,1.703333668410778046e-02,-4.025326576083898544e-03,2.337911246286239475e-05
3.470382213592529297e+00,6.318756580352783203e+00,6.080555915832519531e+00,9.999892711639404297e-01,-4.266218747943639755e-03,1.593490131199359894e-03,-9.325813734903931618e-04
5.711630821228027344e+00,3.469135999679565430e+00,4.679748535156250000e+00,9.999790191650390625e-01,-5.994694773107767105e-03,6.610083073610439897e-05,2.482215641066431999e-03
3.029068946838378906e+00,1.135593771934509277e+00,5.663758277893066406e+00,9.999318718910217285e-01,5.911720450967550278e-03,-7.739136461168527603e-03,-6.435070186853408813e-03
3.571911528706550598e-02,9.485065937042236328e-01,1.139293074607849121e+00,9.999974966049194336e-01,7.768422365188598633e-04,2.067351713776588440e-03,-3.293787012808024883e-04
8.889897465705871582e-01,7.287762165069580078e+00,4.834807395935058594e+00,9.998111724853515625e-01,-2.420983510091900826e-03,5.152464844286441803e-03,-1.858151145279407501e-02
4.519517898559570312e+00,6.514177799224853516e+00,6.674564361572265625e+00,9.999979734420776367e-01,-1.238065888173878193e-03,-4.759743387694470584e-05,1.624513883143663406e-03
3.030081987380981445e+00,1.967049837112426758e+00,6.328282356262207031e+00,9.999994039535522461e-01,7.762342283967882395e-05,-4.623468848876655102e-04,1.039233524352312088e-03
1.749940872192382812e+00,1.611604571342468262e+00,4.377273082733154297e+00,1.000000000000000000e+00,1.556260103825479746e-04,-1.030693383654579520e-04,1.914022504934109747e-05
6.188662052154541016e+00,4.687330722808837891e-01,7.025482177734375000e+00,9.999953508377075195e-01,-2.473090542480349541e-03,-4.543438262771815062e-04,1.782951643690466881e-03
1.622651100158691406e+00,6.894810676574707031e+00,3.354218721389770508e+00,9.999896883964538574e-01,1.495449687354266644e-03,-4.267108161002397537e-03,4.814292187802493572e-04
7.328841686248779297e+00,2.508704185485839844e+00,6.048307418823242188e-01,9.997245669364929199e-01,7.718545850366353989e-03,2.067380771040916443e-02,7.990967482328414917e-03
7.465841293334960938e+00,3.204417705535888672e+00,3.855024099349975586e+00,9.999919533729553223e-01,-1.126098795793950558e-03,2.165599726140499115e-03,-3.197433426976203918e-03
3.455650329589843750e+00,1.262170076370239258e-01,2.792631089687347412e-01,9.999922513961791992e-01,-2.842871472239494324e-03,3.942965413443744183e-04,-2.697845688089728355e-03
5.165709018707275391e+00,6.836390972137451172e+00,6.162089824676513672e+00,9.999945759773254395e-01,-2.548712363932281733e-04,3.166735870763659477e-03,8.694377611391246319e-04
5.058331012725830078e+00,6.187067985534667969e+00,1.169265151023864746e+00,9.999942779541015625e-01,3.341305069625377655e-03,1.678631379036232829e-04,-4.732344823423773050e-04
7.872256636619567871e-02,3.882441759109497070e+00,8.902946710586547852e-01,9.999921321868896484e-01,2.819939516484737396e-03,-6.740511162206530571e-04,-2.730881096795201302e-03
6.394718170166015625e+00,7.333036661148071289e-01,3.902981519699096680e+00,9.998648762702941895e-01,1.320879254490137100e-02,9.540325030684471130e-03,-2.179144183173775673e-03
7.481770038604736328e+00,5.446824550628662109e+00,1.744903326034545898e+00,9.999861121177673340e-01,-3.585781203582882881e-03,-1.397753832861781120e-03,3.620442701503634453e-03
4.520331382751464844e+00,5.903945446014404297e+00,6.431019306182861328e+00,9.997940063476562500e-01,-1.717878767522051930e-04,1.992435380816459656e-02,-3.869306063279509544e-03
7.455485820770263672e+00,5.870890617370605469e+00,1.660531878471374512e+00,9.999397397041320801e-01,-6.850818172097206116e-03,8.468021638691425323e-03,-1.399552565999329090e-03
3.276392459869384766e+00,5.877021789550781250e+00,5.162874698638916016e+00,9.999940991401672363e-01,1.514959731139242649e-03,1.589042600244283676e-03,2.662054961547255516e-03
1.432145953178405762e+00,2.865500211715698242e+00,4.969583034515380859e+00,9.999894499778747559e-01,1.589312916621565819e-03,4.313850309699773788e-03,-3.519119636621326208e-04
4.441292285919189453e+00,7.356971263885498047e+00,4.862810134887695312e+00,9.999972581863403320e-01,1.259195618331432343e-03,8.810867439024150372e-04,-1.792045775800943375e-03
5.483623981475830078e+00,2.121395587921142578e+00,6.201012611389160156e+00,9.998130798339843750e-01,-6.423228420317173004e-03,-1.232187729328870773e-02,1.344841439276933670e-02
4.321083068847656250e+00,1.486363530158996582e+00,3.982113003730773926e-01,9.999992251396179199e-01,9.449860081076622009e-04,-6.933241384103894234e-04,-4.828099044971168041e-04
7.062167167663574219e+00,2.545055866241455078e+00,6.586810111999511719e+00,9.999042153358459473e-01,1.016389392316341400e-02,-5.852267146110534668e-03,7.345239631831645966e-03
4.758803844451904297e+00,3.960803747177124023e+00,2.006911993026733398e+00,9.999418258666992188e-01,4.546231124550104141e-03,7.847502827644348145e-03,5.849833134561777115e-03
1.643780618906021118e-01,1.942791581153869629e+00,4.266996860504150391e+00,9.999112486839294434e-01,3.054248867556452751e-03,-7.361776661127805710e-03,-1.068399660289287567e-02
7.213017463684082031e+00,6.362319469451904297e+00,3.685518026351928711e+00,9.999510049819946289e-01,-3.588909283280372620e-03,-1.379929744871333241e-04,9.222306311130523682e-03
3.542031049728393555e+00,3.587923049926757812e+00,3.145354032516479492e+00,9.999961256980895996e-01,1.204091007821261883e-03,8.631552918814122677e-04,-2.375853015109896660e-03
1.442853927612304688e+00,1.343642473220825195e+00,1.382063746452331543e+00,9.999517798423767090e-01,-8.113207295536994934e-03,-5.527826491743326187e-03,2.795829786919057369e-04
7.199763298034667969e+00,4.800977230072021484e+00,3.880975246429443359e-01,9.999912977218627930e-01,2.321775245945900679e-04,-2.409882377833127975e-03,3.424473572522401810e-03
5.240055561065673828e+00,4.967434406280517578e+00,2.380370616912841797e+00,9.999997615814208984e-01,-1.206473534693941474e-04,-8.066314039751887321e-04,1.595434587216004729e-04
2.376439571380615234e+00,8.551336526870727539e-01,6.816407680511474609e+00,9.999998211860656738e-01,3.174822268192656338e-05,6.676707998849451542e-04,-1.532094174763187766e-04
1.727084070444107056e-01,2.378589153289794922e+00,1.649676322937011719e+00,9.999980926513671875e-01,6.269745645113289356e-04,4.695126845035701990e-04,-1.805689069442451000e-03
4.551132678985595703e+00,7.254171371459960938e+00,2.241124868392944336e+00,9.999556541442871094e-01,1.902403542771935463e-03,8.911238983273506165e-03,2.391799585893750191e-03
5.181004524230957031e+00,4.914454221725463867e-01,1.541559219360351562e+00,9.998880028724670410e-01,1.227122382260859013e-03,-1.561761368066072464e-03,-1.483983080834150314e-02
3.346863985061645508e+00,2.931557178497314453e+00,4.834454536437988281e+00,9.999998807907104492e-01,-2.729061816353350878e-04,-4.629211907740682364e-04,7.030745905467483681e-07
2.979452908039093018e-02,6.990241050720214844e+00,4.909152984619140625e+00,9.999957680702209473e-01,-5.467366427183151245e-04,-2.755209570750594139e-03,8.716302691027522087e-04
2.613843977451324463e-01,1.831821799278259277e+00,3.960432767868041992e+00,9.999790191650390625e-01,1.885073259472846985e-03,5.910217761993408203e-03,-1.864834921434521675e-03
1.140615105628967285e+00,5.277714252471923828e+00,2.042385816574096680e+00,9.998941421508789062e-01,1.131637487560510635e-02,-8.996084332466125488e-03,1.698611071333289146e-03
5.090256690979003906e+00,6.281051158905029297e+00,6.690370082855224609e+00,9.999967813491821289e-01,-1.815935596823692322e-03,1.796086318790912628e-03,-3.002482480951584876e-05
4.391710281372070312e+00,3.936037063598632812e+00,3.867985010147094727e+00,9.999588131904602051e-01,4.608651623129844666e-03,7.664398755878210068e-03,1.570837921462953091e-03
3.505483150482177734e+00,3.317248106002807617e+00,4.906926631927490234e+00,9.999998807907104492e-01,3.133455174975097179e-04,6.451960871345363557e-06,4.543487448245286942e-04
1.219827890396118164e+00,5.615838527679443359e+00,7.301756858825683594e+00,9.998641014099121094e-01,4.143359139561653137e-03,3.099352354183793068e-03,-1.565810292959213257e-02
1.981619000434875488e+00,2.453903675079345703e+00,1.041429519653320312e+00,9.999987483024597168e-01,7.317019626498222351e-04,1.249719411134719849e-03,6.662463420070707798e-04
6.982558250427246094e+00,2.092318058013916016e+00,5.571500778198242188e+00,9.994229674339294434e-01,-2.470318786799907684e-02,2.215459942817687988e-02,7.252286188304424286e-03
2.408592700958251953e+00,6.763417243957519531e+00,1.399492621421813965e-01,9.999960064888000488e-01,1.912696985527873039e-03,7.879335898905992508e-04,-1.969790318980813026e-03
1.197074294090270996e+00,7.250015735626220703e+00,4.957429885864257812e+00,9.999753236770629883e-01,-2.757520647719502449e-03,6.032137665897607803e-03,-2.336817560717463493e-03
1.394787430763244629e+00,3.785456657409667969e+00,3.456289052963256836e+00,9.999551177024841309e-01,5.316396709531545639e-03,-6.050365045666694641e-03,-5.004527047276496887e-03
3.757740557193756104e-01,6.077504634857177734e+00,5.750101089477539062e+00,9.999635815620422363e-01,-7.129553239792585373e-03,-1.172559917904436588e-03,-4.561611916869878769e-03
3.162758350372314453e+00,3.447035253047943115e-01,2.733976840972900391e+00,9.999989867210388184e-01,-1.154466765001416206e-03,2.220321766799315810e-04,-8.812074665911495686e-04
5.433223843574523926e-01,4.827821254730224609e+00,5.612032413482666016e+00,9.999920129776000977e-01,-2.915117423981428146e-03,9.980848990380764008e-04,-2.548713004216551781e-03
5.061120033264160156e+00,5.317571163177490234e+00,2.570376873016357422e+00,9.999989271163940430e-01,-1.366835786029696465e-04,-1.469007693231105804e-03,-3.565958177205175161e-04
2.129427433013916016e+00,5.597065925598144531e+00,1.842335462570190430e+00,9.999715089797973633e-01,-6.449967622756958008e-03,-3.927012905478477478e-03,-2.257233718410134315e-04
4.208974838256835938e+00,3.259324133396148682e-01,5.981056213378906250e+00,9.999907016754150391e-01,9.109801030717790127e-04,3.939966671168804169e-03,-1.504447660408914089e-03
7.228765487670898438e+00,3.474532365798950195e+00,4.841914176940917969e+00,9.999996423721313477e-01,4.699762503150850534e-04,7.852853741496801376e-04,-1.403417991241440177e-04
3.095255374908447266e+00,7.142627716064453125e+00,6.568159103393554688e+00,9.999831914901733398e-01,-2.461752388626337051e-03,-4.613147117197513580e-03,2.508962992578744888e-03
3.559934139251708984e+00,4.828558444976806641e+00,4.836456298828125000e+00,9.998887181282043457e-01,-2.169885206967592239e-03,-2.633852884173393250e-03,-1.452666800469160080e-02
6.843319892883300781e+00,7.144300937652587891e+00,4.162863254547119141e+00,9.999938607215881348e-01,3.140879562124609947e-04,-5.764261586591601372e-04,-3.449622541666030884e-03
6.927292346954345703e+00,1.687295198440551758e+00,3.014849662780761719e+00,9.999971985816955566e-01,5.563974264077842236e-04,1.981802517548203468e-03,-1.156286918558180332e-03
3.715725421905517578e+00,6.836150646209716797e+00,3.368083477020263672e+00,9.999992847442626953e-01,-1.213767332956194878e-03,1.304216566495597363e-04,3.507204819470643997e-04
3.564749956130981445e+00,5.705546379089355469e+00,1.531865820288658142e-02,9.999987483024597168e-01,-7.857437012717127800e-04,8.744272054173052311e-04,1.119640539400279522e-03
4.859380245208740234e+00,4.217119216918945312e+00,3.641500473022460938e+00,9.999887943267822266e-01,4.272792488336563110e-03,-3.280728196841664612e-05,2.040661638602614403e-03
6.644944190979003906e+00,4.168488979339599609e+00,1.995807170867919922e+00,9.999994635581970215e-01,-4.085701948497444391e-04,-9.649225394241511822e-04,-2.590818039607256651e-04
3.460787057876586914e+00,6.589302062988281250e+00,9.967905282974243164e-02,9.999899268150329590e-01,-3.350625978782773018e-03,-2.362564904615283012e-03,-1.827101688832044601e-03
7.447192192077636719e+00,2.707346200942993164e+00,6.913964748382568359e+00,9.999913573265075684e-01,6.136070005595684052e-04,-2.234961139038205147e-03,3.445941489189863205e-03
8.393735289573669434e-01,4.707460403442382812e+00,1.341777443885803223e+00,9.999457001686096191e-01,4.133686888962984085e-03,-5.420177243649959564e-03,7.878299802541732788e-03
4.647124767303466797e+00,1.893601536750793457e+00,3.487168788909912109e+00,9.999827742576599121e-01,-5.084881093353033066e-03,-2.530736383050680161e-03,1.532780821435153484e-03
4.213034629821777344e+00,7.103128433227539062e+00,9.147741198539733887e-01,9.998651146888732910e-01,-1.265775132924318314e-02,9.315919131040573120e-03,4.787378944456577301e-03
2.873290300369262695e+00,1.954697728157043457e+00,1.857743144035339355e+00,1.000000000000000000e+00,7.537748024333268404e-05,-6.656008918071165681e-05,3.625649260357022285e-04
4.599709033966064453e+00,2.209779500961303711e+00,3.555517196655273438e+00,9.998545646667480469e-01,1.330187544226646423e-02,-9.330165572464466095e-03,-5.192120093852281570e-03
5.330177783966064453e+00,8.933967351913452148e-01,5.338608264923095703e+00,9.999975562095642090e-01,1.811746042221784592e-03,-1.029011560603976250e-03,7.579877274110913277e-04
4.929977893829345703e+00,6.892484664916992188e+00,4.354669094085693359e+00,9.999914765357971191e-01,3.096544649451971054e-03,2.749314066022634506e-03,1.459685154259204865e-04
1.805694580078125000e+00,2.318567276000976562e+00,4.499707698822021484e+00,9.999990463256835938e-01,-1.332341227680444717e-03,5.020796088501811028e-04,-5.991008492856053635e-06
7.265900135040283203e+00,7.156337261199951172e+00,9.434165954589843750e-01,9.999914765357971191e-01,2.693427260965108871e-03,3.034855006262660027e-03,8.023277623578906059e-04
1.697187304496765137e+00,6.496253490447998047e+00,7.190992832183837891e-01,9.999984502792358398e-01,1.305575366131961346e-03,-6.914142286404967308e-04,-1.020984607748687267e-03
5.795030117034912109e+00,6.514758586883544922e+00,4.430094718933105469e+00,9.999964237213134766e-01,-1.555301481857895851e-03,3.119919274467974901e-04,-2.183300675824284554e-03
1.090699911117553711e+00,6.671508789062500000e+00,6.792166233062744141e+00,9.999994635581970215e-01,9.536428260616958141e-04,-3.338325186632573605e-04,-4.103119135834276676e-04
4.407621860504150391e+00,2.257869005203247070e+00,2.848010778427124023e+00,9.999955892562866211e-01,1.767836161889135838e-03,4.149045562371611595e-04,2.376589691266417503e-03
3.611069679260253906e+00,3.586209937930107117e-02,3.227165699005126953e+00,9.999945163726806641e-01,-1.424007466994225979e-03,-2.976809395477175713e-03,-3.097067819908261299e-04
1.255420327186584473e+00,3.723516464233398438e+00,2.763181924819946289e+00,9.999998807907104492e-01,4.559618537314236164e-04,1.563494879519566894e-04,3.065841156058013439e-04
4.414831638336181641e+00,3.455495119094848633e+00,4.022918224334716797e+00,9.999993443489074707e-01,1.653165672905743122e-04,7.371077663265168667e-04,-9.111304534599184990e-04
6.932588577270507812e+00,5.960937023162841797e+00,7.155227184295654297e+00,9.999644756317138672e-01,4.815052263438701630e-03,-9.381256531924009323e-04,6.860826630145311356e-03
4.354078292846679688e+00,2.958323955535888672e+00,5.928475379943847656e+00,1.000000000000000000e+00,3.416366816964000463e-04,1.703563029877841473e-04,3.256294075981713831e-05
3.508871078491210938e+00,5.985314249992370605e-01,1.872988820075988770e+00,9.999997615814208984e-01,-5.763293756899656728e-06,-7.527989218942821026e-04,2.081323473248630762e-04
6.229603767395019531e+00,1.479487776756286621e+00,3.772858858108520508e+00,9.999986886978149414e-01,1.278605486731976271e-04,-1.106469077058136463e-03,1.161556923761963844e-03
1.564318060874938965e+00,4.373181819915771484e+00,2.321396589279174805e+00,9.999608993530273438e-01,-8.202582830563187599e-04,8.085871115326881409e-03,3.498905804008245468e-03
4.089972972869873047e+00,1.843027114868164062e+00,7.382321357727050781e+00,9.999995827674865723e-01,-6.834219093434512615e-04,-3.649426507763564587e-04,-6.324184359982609749e-04
5.547775745391845703e+00,2.408030509948730469e+00,1.241874933242797852e+00,9.999916553497314453e-01,2.812170190736651421e-03,-1.397349056787788868e-03,2.632079878821969032e-03
2.753528118133544922e+00,1.276702284812927246e+00,3.027433633804321289e+00,9.999999403953552246e-01,-2.037358208326622844e-04,-1.217176468344405293e-04,4.419014439918100834e-04
5.431438922882080078e+00,3.906241893768310547e+00,2.324531555175781250e+00,9.999997019767761230e-01,-3.756462538149207830e-04,-7.433106657117605209e-04,-4.755058034788817167e-05
6.787348747253417969e+00,4.543064117431640625e+00,5.875145435333251953e+00,9.999923706054687500e-01,4.435901646502315998e-04,3.675657324492931366e-03,-1.298348768614232540e-03
3.104257106781005859e+00,2.355150938034057617e+00,9.366310834884643555e-01,9.998408555984497070e-01,7.999829947948455811e-03,-1.232433505356311798e-02,1.012554764747619629e-02
5.508795380592346191e-01,6.877164840698242188e+00,4.024129867553710938e+00,9.999868869781494141e-01,4.160032141953706741e-03,-2.519802888855338097e-03,-1.591221662238240242e-03
5.645768165588378906e+00,5.815466880798339844e+00,3.044949531555175781e+00,9.999759793281555176e-01,-6.655880250036716461e-03,-1.465147128328680992e-03,1.324826851487159729e-03
6.473151683807373047e+00,6.291463375091552734e+00,5.596862792968750000e+00,9.999996423721313477e-01,-2.760222123470157385e-04,-2.045771980192512274e-04,-8.219738956540822983e-04
6.575413227081298828e+00,5.145322799682617188e+00,5.741901397705078125e+00,9.999994039535522461e-01,-3.827646432910114527e-04,7.776450947858393192e-04,-7.595936767756938934e-04
5.219855308532714844e+00,4.103971481323242188e+00,5.553491592407226562e+00,9.999998807907104492e-01,2.814553154166787863e-04,-2.489647595211863518e-04,3.794253570958971977e-04
7.265877246856689453e+00,7.391529679298400879e-01,6.402258872985839844e-01,9.999993443489074707e-01,-2.536367683205753565e-04,-1.042822725139558315e-03,-4.838736495003104210e-04
2.556755781173706055e+00,5.553548812866210938e+00,4.530542373657226562e+00,9.999795556068420410e-01,3.755645360797643661e-03,-3.731490811333060265e-03,-3.582081990316510201e-03
5.682751655578613281e+00,1.311683416366577148e+00,2.302007675170898438e+00,9.999120831489562988e-01,-3.364534582942724228e-03,-1.269311551004648209e-02,1.867198036052286625e-03
4.593137741088867188e+00,2.537930488586425781e+00,5.404177188873291016e+00,9.999988079071044922e-01,1.936314447448239662e-06,-5.966895841993391514e-04,-1.451612100936472416e-03
1.265885829925537109e+00,7.037708759307861328e+00,5.862191915512084961e-01,9.999991655349731445e-01,1.036597997881472111e-03,8.121637511067092419e-04,-1.746018824633210897e-05
1.566041946411132812e+00,5.933228135108947754e-01,7.468141555786132812e+00,9.999945759773254395e-01,2.627495210617780685e-03,-1.999496016651391983e-03,-2.271428966196253896e-04
4.059940814971923828e+00,2.092551708221435547e+00,6.909585595130920410e-01,9.999296665191650391e-01,6.221490912139415741e-04,-9.594799950718879700e-03,6.951563525944948196e-03
6.107608318328857422e+00,5.452801227569580078e+00,5.210702419281005859e+00,9.999645948410034180e-01,4.465896170586347580e-03,-3.928959369659423828e-03,-5.962981376796960831e-03
5.605535030364990234e+00,4.556968808174133301e-01,4.306387424468994141e+00,9.999850988388061523e-01,3.979632456321269274e-04,-1.303310622461140156e-03,5.299313925206661224e-03
5.595879554748535156e+00,6.298631191253662109e+00,3.702863454818725586e+00,9.999845623970031738e-01,5.224283086135983467e-04,-9.772467892616987228e-04,-5.449018906801939011e-03
1.288999199867248535e+00,2.102137327194213867e+00,3.425853013992309570e+00,9.998703598976135254e-01,2.619685546960681677e-04,-7.032494992017745972e-03,1.448811776936054230e-02
6.137976646423339844e+00,2.170542478561401367e+00,6.381408691406250000e+00,9.999994635581970215e-01,8.657138096168637276e-05,5.633973632939159870e-04,9.371920605190098286e-04
7.354597568511962891e+00,4.293794155120849609e+00,1.921617150306701660e+00,9.999967813491821289e-01,-2.281407359987497330e-03,1.118637737818062305e-03,2.671832626219838858e-04
2.167430877685546875e+00,4.090776920318603516e+00,2.086585462093353271e-01,9.998944997787475586e-01,1.054978370666503906e-02,-3.212355310097336769e-03,9.455063380300998688e-03
6.062717914581298828e+00,2.207282304763793945e+00,2.303589105606079102e+00,9.999995827674865723e-01,-5.406786804087460041e-04,2.073005452984943986e-04,7.581979152746498585e-04
2.462462186813354492e+00,2.477471828460693359e+00,7.272593021392822266e+00,1.000000000000000000e+00,1.340213639196008444e-04,-1.874577137641608715e-04,-1.124820046243257821e-04
1.531527280807495117e+00,6.144151210784912109e+00,5.274095535278320312e+00,9.999983310699462891e-01,-1.708737108856439590e-04,1.161099644377827644e-03,1.420822110958397388e-03
5.183328390121459961e-01,3.821723699569702148e+00,6.991486072540283203e+00,9.999972581863403320e-01,6.302841939032077789e-04,-1.919526024721562862e-03,1.218970050103962421e-03
5.551000595092773438e+00,4.340008735656738281e+00,4.253605365753173828e+00,9.997567534446716309e-01,9.809244424104690552e-03,-1.967534236609935760e-02,1.748119713738560677e-03
7.664291858673095703e-01,4.891230106353759766e+00,1.795072406530380249e-01,9.999991655349731445e-01,7.332707755267620087e-04,-9.772125631570816040e-04,4.289140051696449518e-04
3.686856508255004883e+00,5.116333961486816406e+00,4.977901935577392578e+00,9.999884366989135742e-01,2.617316320538520813e-03,-3.842275822535157204e-03,1.199969905428588390e-03
2.301782608032226562e+00,6.688713073730468750e+00,1.887076735496520996e+00,9.999952316284179688e-01,3.898088179994374514e-04,-2.202803734689950943e-03,2.157448558136820793e-03
7.087388992309570312e+00,4.141707897186279297e+00,1.760985493659973145e+00,9.999936223030090332e-01,-2.573480363935232162e-03,2.057308796793222427e-03,1.405265415087342262e-03
4.995336055755615234e+00,1.612350344657897949e+00,1.477704524993896484e+00,9.999316930770874023e-01,-6.646271795034408569e-04,-1.131251733750104904e-02,2.878969768062233925e-03
3.241212606430053711e+00,2.847346782684326172e+00,5.276762008666992188e+00,9.999966025352478027e-01,1.733789686113595963e-03,-1.984936650842428207e-03,9.376298112329095602e-05
6.662973880767822266e+00,5.419651031494140625e+00,7.270118713378906250e+00,9.999774694442749023e-01,3.574762959033250809e-03,5.089648999273777008e-03,2.535776002332568169e-03
5.375589847564697266e+00,2.910444736480712891e+00,2.663502454757690430e+00,9.999997615814208984e-01,7.595990900881588459e-04,-7.186584844021126628e-05,-8.692023402545601130e-05
3.653979301452636719e-01,5.930810451507568359e+00,2.041500091552734375e+00,9.999975562095642090e-01,7.570196175947785378e-04,-1.827237545512616634e-03,-1.057485351338982582e-03
6.187919974327087402e-01,3.136239051818847656e+00,2.915580272674560547e+00,9.999739527702331543e-01,-3.249800531193614006e-03,-4.522053524851799011e-03,-4.604620393365621567e-03
1.377533316612243652e+00,5.335580825805664062e+00,7.302303791046142578e+00,9.998570680618286133e-01,4.308699630200862885e-03,2.771674189716577530e-03,-1.611673086881637573e-02
6.879051923751831055e-01,2.161019325256347656e+00,5.949523925781250000e+00,9.998703002929687500e-01,-8.896998129785060883e-03,5.431628320366144180e-03,1.228318456560373306e-02
1.519723296165466309e+00,5.065699100494384766e+00,1.893344044685363770e+00,9.999996423721313477e-01,3.104940115008503199e-04,-5.799048230983316898e-04,5.139018758200109005e-04
1.687878012657165527e+00,1.640351533889770508e+00,5.156860828399658203e+00,9.999948143959045410e-01,2.657568315044045448e-03,-8.103833533823490143e-04,-1.660648384131491184e-03
3.454495668411254883e+00,3.703722476959228516e+00,3.400811254978179932e-01,9.999986886978149414e-01,-1.435254118405282497e-03,-8.173829410225152969e-04,1.324886106885969639e-04
3.522711992263793945e+00,4.121902465820312500e+00,2.616396665573120117e+00,9.999997019767761230e-01,-5.432905745692551136e-04,-1.802375118131749332e-05,6.440352299250662327e-04
4.768952846527099609e+00,6.748430728912353516e+00,3.172480821609497070e+00,9.999998807907104492e-01,5.472059128805994987e-04,5.329233681550249457e-05,1.735856785671785474e-04
4.680787026882171631e-01,4.891628742218017578e+00,4.246274828910827637e-01,9.999976754188537598e-01,-3.456534177530556917e-04,-1.889309962280094624e-03,1.060040551237761974e-03
6.958943843841552734e+00,9.265063405036926270e-01,7.197021484375000000e+00,9.999957084655761719e-01,2.209135564044117928e-03,-8.848027209751307964e-05,-1.947070471942424774e-03
4.941748619079589844e+00,4.925267994403839111e-01,1.755121588706970215e+00,9.999788403511047363e-01,5.022644065320491791e-03,2.861465909518301487e-04,4.129624925553798676e-03
4.988193988800048828e+00,1.585036396980285645e+00,3.762253522872924805e+00,9.999865889549255371e-01,4.123139660805463791e-03,2.695568604394793510e-03,1.624206663109362125e-03
2.277332782745361328e+00,4.457153320312500000e+00,3.307379245758056641e+00,9.999998211860656738e-01,3.229754511266946793e-04,5.074968212284147739e-04,3.074023697990924120e-04
6.748445034027099609e+00,2.945940971374511719e+00,3.486261129379272461e+00,9.999953508377075195e-01,1.385897165164351463e-03,-1.751075265929102898e-03,-2.124616876244544983e-03
5.395715713500976562e+00,4.167506694793701172e+00,4.031495094299316406e+00,9.999063014984130859e-01,9.405853226780891418e-03,-8.346909657120704651e-03,5.417786072939634323e-03
3.013487339019775391e+00,1.638410687446594238e+00,1.645288228988647461e+00,9.999954700469970703e-01,-1.865411177277565002e-03,-2.352141309529542923e-03,-1.965639676200225949e-04
4.192348480224609375e+00,9.221237897872924805e-02,6.733446121215820312e+00,9.999101161956787109e-01,1.166836451739072800e-02,-2.346328459680080414e-03,-6.173341069370508194e-03
5.347373008728027344e+00,4.793811440467834473e-01,4.608896732330322266e+00,9.999989867210388184e-01,-2.717136521823704243e-05,-1.315715489909052849e-03,6.101243197917938232e-04
5.448665618896484375e+00,5.447216987609863281e+00,4.371362924575805664e-01,9.999938607215881348e-01,1.241417019627988338e-03,3.155794460326433182e-03,-8.760012569837272167e-04
5.436632156372070312e+00,6.931053638458251953e+00,4.344318389892578125e+00,9.999983310699462891e-01,1.402639085426926613e-03,-1.196519704535603523e-03,-5.934988075750879943e-05
4.760668873786926270e-01,7.204647660255432129e-01,7.300180912017822266e+00,9.999954700469970703e-01,-1.856901100836694241e-03,-3.618279297370463610e-04,-2.332024974748492241e-03
7.498995065689086914e-01,1.301760077476501465e+00,3.484781265258789062e+00,9.998829960823059082e-01,-5.625461693853139877e-03,-4.517914727330207825e-03,-1.349309738725423813e-02
1.230656147003173828e+00,1.721748113632202148e+00,5.212353706359863281e+00,9.998984932899475098e-01,-1.420552749186754227e-02,-5.821962840855121613e-04,9.136663284152746201e-04
2.610186338424682617e+00,3.081686258316040039e+00,3.081512451171875000e-01,9.999958872795104980e-01,1.771915704011917114e-04,-2.216843888163566589e-03,1.848426414653658867e-03
4.823050796985626221e-01,3.132756948471069336e+00,2.103618383407592773e+00,9.999929666519165039e-01,-1.191211980767548084e-03,-5.202614120207726955e-04,3.524542786180973053e-03
7.064655423164367676e-01,1.514409661293029785e+00,3.737972736358642578e+00,9.999962449073791504e-01,-2.321340842172503471e-03,1.112557132728397846e-03,-9.712827159091830254e-04
5.177337169647216797e+00,3.339776277542114258e+00,3.925149440765380859e+00,9.998591542243957520e-01,1.023539062589406967e-02,6.440781056880950928e-03,-1.163975987583398819e-02
5.855620861053466797e+00,6.179221153259277344e+00,1.216421723365783691e+00,9.999910593032836914e-01,4.140111617743968964e-03,8.509858744218945503e-04,3.189837734680622816e-04
2.967214107513427734e+00,6.434000492095947266e+00,3.599650859832763672e+00,9.999452829360961914e-01,-7.214345037937164307e-03,-7.903861696831882000e-04,7.534274365752935410e-03
5.232394218444824219e+00,5.248975753784179688e+00,6.198111534118652344e+00,9.999973177909851074e-01,1.866609440185129642e-03,-1.344258664175868034e-03,-3.261498350184410810e-04
7.010636329650878906e+00,5.275356292724609375e+00,7.091302394866943359e+00,9.999976158142089844e-01,9.282323298975825310e-04,1.733846147544682026e-03,-1.012054504826664925e-03
6.410608291625976562e+00,4.729265213012695312e+00,4.662494659423828125e+00,9.999964237213134766e-01,7.712616352364420891e-04,-2.562710782513022423e-03,-2.506955061107873917e-04
5.748485088348388672e+00,7.448000431060791016e+00,7.140789508819580078e+00,9.999980330467224121e-01,7.627898594364523888e-05,-1.456919708289206028e-03,1.339871087111532688e-03
5.277294158935546875e+00,6.285808563232421875e+00,2.131056785583496094e+00,9.999984502792358398e-01,-6.631417199969291687e-04,-1.036754227243363857e-03,-1.322907279245555401e-03
5.262191772460937500e+00,1.013998508453369141e+00,4.546988308429718018e-01,9.999493956565856934e-01,-8.763237274251878262e-04,-9.527926333248615265e-03,-3.107879310846328735e-03
1.280042767524719238e+00,4.076659679412841797e+00,6.786765575408935547e+00,9.999937415122985840e-01,-8.298848406411707401e-04,-2.978782635182142258e-03,-1.742368214763700962e-03
7.191251754760742188e+00,7.275418758392333984e+00,4.569280147552490234e+00,9.999993443489074707e-01,-5.846820422448217869e-04,-9.169194963760674000e-04,3.398564585950225592e-04
2.513603687286376953e+00,1.648160338401794434e+00,3.120824694633483887e-01,9.999952912330627441e-01,2.426591236144304276e-03,1.923995674587786198e-03,6.777262751711532474e-05
4.296683788299560547e+00,6.152586460113525391e+00,4.765078544616699219e+00,9.999974966049194336e-01,-1.206742832437157631e-03,-1.813995302654802799e-03,6.299560191109776497e-04
4.394771099090576172e+00,7.163444161415100098e-01,1.228635087609291077e-01,9.999989867210388184e-01,4.567157884594053030e-04,-1.355936052277684212e-03,1.937803317559882998e-04
3.169206142425537109e+00,6.305349349975585938e+00,5.646456718444824219e+00,9.999672174453735352e-01,1.262086676433682442e-03,1.118123400374315679e-04,-8.003325201570987701e-03
4.226429164409637451e-01,4.897927284240722656e+00,7.975715398788452148e-01,9.999980926513671875e-01,4.068632260896265507e-04,-1.600652118213474751e-03,-1.031980849802494049e-03
6.970254778861999512e-01,4.425717830657958984e+00,1.520928144454956055e+00,9.999983906745910645e-01,-4.916366265206306707e-07,-8.844933472573757172e-04,-1.603394979611039162e-03
2.616696596145629883e+00,4.159163475036621094e+00,3.706481695175170898e+00,9.999526143074035645e-01,-7.662032265216112137e-03,-1.161723164841532707e-03,-5.896842572838068008e-03
3.633260965347290039e+00,5.771172523498535156e+00,6.479390621185302734e+00,9.999829530715942383e-01,-3.475482342764735222e-03,-3.701378824189305305e-03,2.886467846110463142e-03
2.360260009765625000e+00,3.217271804809570312e+00,6.577305316925048828e+00,9.999884366989135742e-01,1.116621308028697968e-03,4.348126240074634552e-03,-1.746071153320372105e-03
5.706973075866699219e+00,7.054728984832763672e+00,7.607033252716064453e-01,9.999997615814208984e-01,4.430979897733777761e-04,5.475280340760946274e-04,-2.623517648316919804e-04
8.502458333969116211e-01,1.578746795654296875e+00,6.202751159667968750e+00,9.999268054962158203e-01,1.132175512611865997e-02,-3.418352222070097923e-03,-2.567080548033118248e-03
3.802669286727905273e+00,4.317959785461425781e+00,3.786968231201171875e+00,9.999951720237731934e-01,1.363779301755130291e-03,-2.711857203394174576e-03,7.870671106502413750e-04
4.539800286293029785e-01,3.945189714431762695e+00,4.366043567657470703e+00,9.999979138374328613e-01,-2.938364923465996981e-04,-1.480939565226435661e-03,1.349788391962647438e-03
6.698056310415267944e-02,1.992477536201477051e+00,4.594003677368164062e+00,9.999960660934448242e-01,-9.546015644446015358e-05,-2.765180310234427452e-03,-6.086642970331013203e-04
3.966743946075439453e+00,1.045176386833190918e+00,6.135174751281738281e+00,9.999997615814208984e-01,1.071837687049992383e-04,-4.281958172214217484e-05,-7.766986964270472527e-04
1.414001464843750000e+00,3.606101989746093750e+00,4.563088893890380859e+00,9.999983906745910645e-01,5.926455487497150898e-04,-1.056068576872348785e-03,-1.348155084997415543e-03
4.928143024444580078e+00,6.897394657135009766e-01,7.014947414398193359e+00,9.999920129776000977e-01,-2.053239004453644156e-04,-3.973168786615133286e-03,-5.361369112506508827e-04
2.157634258270263672e+00,1.065635681152343750e+00,6.969071865081787109e+00,9.999990463256835938e-01,5.214184639044106007e-04,9.562852792441844940e-04,-9.388963226228952408e-04
5.985133647918701172e+00,3.994936704635620117e+00,5.325517177581787109e+00,9.999867677688598633e-01,2.863670000806450844e-03,3.419653046876192093e-03,2.565083326771855354e-03
1.135425329208374023e+00,3.483368396759033203e+00,6.137111186981201172e+00,9.999997019767761230e-01,-1.372956467093899846e-04,3.898179274983704090e-04,-7.203400600701570511e-04
2.375632524490356445e+00,3.670705318450927734e+00,4.088856875896453857e-01,9.999982714653015137e-01,-1.878320821560919285e-03,1.483885134803131223e-04,1.308739883825182915e-04
3.868062257766723633e+00,5.184184551239013672e+00,6.889328956604003906e+00,9.999987483024597168e-01,1.450754702091217041e-03,4.301570297684520483e-04,6.091625546105206013e-04
6.475741386413574219e+00,4.665256500244140625e+00,4.301702976226806641e+00,9.999994635581970215e-01,-2.766118850558996201e-04,-4.232177743688225746e-04,-9.649200364947319031e-04
2.519161701202392578e+00,6.767391204833984375e+00,2.151514053344726562e+00,9.999061822891235352e-01,4.899084102362394333e-03,-9.559699334204196930e-03,8.505375124514102936e-03
3.579334497451782227e+00,6.845990180969238281e+00,5.252400398254394531e+00,9.999988675117492676e-01,-7.688651676289737225e-04,1.112848869524896145e-03,6.912405951879918575e-04
3.469861984252929688e+00,1.814824342727661133e+00,6.190248489379882812e+00,9.999923706054687500e-01,-1.813039998523890972e-03,-3.035487839952111244e-03,-1.690386910922825336e-03
3.197970688343048096e-01,5.694222927093505859e+00,2.421887159347534180e+00,9.999886751174926758e-01,3.050741273909807205e-03,-2.307058079168200493e-03,-2.864202484488487244e-03
2.338415622711181641e+00,5.617684364318847656e+00,7.033592224121093750e+00,9.999909400939941406e-01,9.432667284272611141e-04,-2.483617747202515602e-03,-3.327430691570043564e-03
5.505484580993652344e+00,6.586608409881591797e+00,2.908673048019409180e+00,9.999468922615051270e-01,-4.459433257579803467e-03,1.542300917208194733e-03,-9.168941527605056763e-03
3.114427328109741211e+00,3.513144016265869141e+00,6.813093185424804688e+00,9.999206662178039551e-01,9.815451689064502716e-03,6.363783963024616241e-03,4.682806320488452911e-03
2.613071203231811523e+00,6.827316761016845703e+00,4.092207431793212891e+00,9.999992251396179199e-01,1.790516253095120192e-04,1.167782931588590145e-03,5.545324529521167278e-04
8.493198752403259277e-01,7.436796188354492188e+00,1.278432130813598633e+00,1.000000000000000000e+00,2.321683132322505116e-05,1.287079503526911139e-04,-1.247142354259267449e-04
5.687234997749328613e-01,2.541689395904541016e+00,6.471411705017089844e+00,9.999982118606567383e-01,1.903190743178129196e-03,-5.962065188214182854e-05,-2.002159308176487684e-04
5.720793604850769043e-01,2.002887248992919922e+00,6.266171932220458984e-01,9.999994039535522461e-01,2.855193743016570807e-04,5.161187145859003067e-04,9.763906127773225307e-04
6.288319110870361328e+00,6.844934463500976562e+00,4.078298568725585938e+00,9.999771118164062500e-01,2.695794682949781418e-03,1.388939854223281145e-04,-6.213841959834098816e-03
1.156477093696594238e+00,4.609272003173828125e+00,6.333021640777587891e+00,9.999691843986511230e-01,-4.129792563617229462e-03,1.623091520741581917e-03,6.486495025455951691e-03
1.347143888473510742e+00,1.434989929199218750e+00,5.297695636749267578e+00,9.999850392341613770e-01,-3.773001371882855892e-04,-1.531018875539302826e-03,-5.243234336376190186e-03
3.202493667602539062e+00,5.234323024749755859e+00,2.331936120986938477e+00,9.999967813491821289e-01,3.803104045800864697e-04,1.589241437613964081e-03,-1.988676143810153008e-03
6.860844612121582031e+00,6.053680181503295898e-01,1.646317243576049805e+00,9.999992847442626953e-01,4.753309185616672039e-04,-9.266517008654773235e-04,-6.747649749740958214e-04
1.894421458244323730e+00,4.187087714672088623e-01,3.516108036041259766e+00,9.999998807907104492e-01,7.501423533540219069e-05,5.565082537941634655e-04,-5.333773151505738497e-05
6.087227821350097656e+00,2.714131832122802734e+00,5.216914653778076172e+00,9.999997019767761230e-01,2.765047538559883833e-04,-2.847697469405829906e-04,7.945979014039039612e-04
6.318574905395507812e+00,6.809950828552246094e+00,1.925006031990051270e+00,9.999842643737792969e-01,5.257047247141599655e-03,1.464965404011309147e-03,1.318517606705427170e-03
3.517242193222045898e+00,5.065114498138427734e+00,6.882814407348632812e+00,9.999989867210388184e-01,4.583811969496309757e-04,1.210560440085828304e-03,6.951188552193343639e-04
5.400424480438232422e+00,6.644090652465820312e+00,3.915790081024169922e+00,9.999954104423522949e-01,1.068002893589437008e-03,-7.492933073081076145e-04,2.757096197456121445e-03
1.753350257873535156e+00,3.325884103775024414e+00,4.599528789520263672e+00,9.999957084655761719e-01,2.256411826238036156e-03,-1.367633929476141930e-03,-1.331116072833538055e-03
7.002954483032226562e+00,4.118525981903076172e+00,3.990981817245483398e+00,9.999939799308776855e-01,-6.259215297177433968e-04,3.412704914808273315e-03,3.405644092708826065e-04
3.703376054763793945e+00,6.092615127563476562e+00,7.002513408660888672e+00,9.999992847442626953e-01,-7.680114358663558960e-04,-7.308779167942702770e-04,6.317470106296241283e-04
3.358630657196044922e+00,2.877019166946411133e+00,3.161972999572753906e+00,9.999988675117492676e-01,-1.261291909031569958e-04,1.344072516076266766e-04,-1.555645489133894444e-03
3.870473384857177734e+00,3.044508218765258789e+00,2.055978298187255859e+00,9.999987483024597168e-01,2.518254332244396210e-04,-5.800165235996246338e-04,-1.465968205593526363e-03
7.111747741699218750e+00,1.410098910331726074e+00,4.590019702911376953e+00,9.999850988388061523e-01,-4.436421673744916916e-03,-2.588752191513776779e-03,1.844355603680014610e-03
4.713131427764892578e+00,3.450504779815673828e+00,7.524982839822769165e-02,9.999853968620300293e-01,3.278553776908665895e-04,1.396355335600674152e-03,5.224532913416624069e-03
4.624682903289794922e+00,6.374168872833251953e+00,7.019082069396972656e+00,9.999982118606567383e-01,1.576505135744810104e-03,8.488899911753833294e-04,-7.366039790213108063e-04
1.672930121421813965e+00,4.384513378143310547e+00,9.194293618202209473e-01,9.999998807907104492e-01,-2.816121377691160887e-05,5.165088223293423653e-04,2.153856767108663917e-04
4.337375640869140625e+00,4.517749786376953125e+00,1.805768132209777832e+00,9.999985098838806152e-01,-9.643071680329740047e-04,-1.041851472109556198e-03,-1.070902217179536819e-03
4.490504413843154907e-02,2.699826717376708984e+00,4.210932731628417969e+00,9.999461770057678223e-01,2.382833510637283325e-03,-1.009172666817903519e-02,-4.044332599733024836e-04
6.987103819847106934e-01,2.880462408065795898e+00,5.877707481384277344e+00,9.999896287918090820e-01,4.413066431879997253e-03,5.025582504458725452e-04,9.890199871733784676e-04
3.597634077072143555e+00,7.207164287567138672e+00,5.145403385162353516e+00,9.999274015426635742e-01,-8.620285429060459137e-03,-8.420309983193874359e-03,2.537855834816582501e-05
3.140697240829467773e+00,2.405334949493408203e+00,6.814818859100341797e+00,9.999971985816955566e-01,-2.349132904782891273e-03,-6.186746031744405627e-05,4.856916493736207485e-04
3.694703102111816406e+00,3.655300617218017578e+00,2.476201295852661133e+00,9.999997615814208984e-01,-5.897600203752517700e-04,-2.891079930122941732e-04,2.612497191876173019e-04
5.512191772460937500e+00,1.452345609664916992e+00,4.662332057952880859e+00,9.999997615814208984e-01,3.464916662778705359e-04,6.517657311633229256e-04,1.201643462991341949e-04
2.749609947204589844e+00,5.482188463211059570e-01,6.593657493591308594e+00,9.999994039535522461e-01,2.935881202574819326e-04,1.083132345229387283e-03,-7.347004157054470852e-06
5.283309936523437500e+00,4.718345165252685547e+00,3.363574504852294922e+00,9.999996423721313477e-01,4.831447440665215254e-04,6.428062333725392818e-04,3.566793457139283419e-04
2.108468562364578247e-01,6.765459179878234863e-01,4.255052089691162109e+00,9.999841451644897461e-01,-2.497401088476181030e-03,-2.912992204073816538e-04,-5.047571379691362381e-03
2.616888523101806641e+00,3.517307281494140625e+00,4.196919441223144531e+00,9.999818205833435059e-01,-5.740924272686243057e-03,1.837895833887159824e-03,3.469779330771416426e-04
2.466136455535888672e+00,6.111040115356445312e+00,1.634377479553222656e+00,9.999994635581970215e-01,-5.432743928395211697e-04,6.235685432329773903e-04,-5.981004214845597744e-04
3.983174324035644531e+00,3.150133788585662842e-01,2.079541236162185669e-01,9.998038411140441895e-01,-1.790108531713485718e-02,8.463067002594470978e-03,-5.316188908182084560e-04
4.559323310852050781e+00,3.676344633102416992e+00,6.467087745666503906e+00,9.999995231628417969e-01,1.674015220487490296e-04,4.856135929003357887e-04,8.686088258400559425e-04
6.212756633758544922e+00,1.190740942955017090e+00,3.108346223831176758e+00,9.999872446060180664e-01,1.035207184031605721e-03,-2.562360838055610657e-03,4.239298403263092041e-03
4.314744472503662109e+00,2.891819477081298828e+00,4.869885921478271484e+00,9.999999403953552246e-01,-2.307191834916011430e-06,-4.515844048000872135e-04,-5.482498454512096941e-05
6.884455204010009766e+00,2.355969429016113281e+00,1.373271703720092773e+00,9.999999403953552246e-01,-2.586379705462604761e-04,-2.499555703252553940e-04,4.000728658866137266e-04
9.301863312721252441e-01,1.069643497467041016e+00,3.336974978446960449e-01,9.999974966049194336e-01,2.427106664981693029e-04,-6.203096127137541771e-04,-2.167719416320323944e-03
4.859077930450439453e+00,6.768646240234375000e+00,1.108831644058227539e+00,9.999997019767761230e-01,5.351778236217796803e-04,5.333516164682805538e-04,-1.810299290809780359e-04
3.403162240982055664e+00,6.692188739776611328e+00,4.365764617919921875e+00,9.999825954437255859e-01,1.926334807649254799e-03,-5.458930507302284241e-03,1.206482411362230778e-03
9.796660542488098145e-01,6.023196220397949219e+00,2.694871902465820312e+00,9.999256730079650879e-01,-3.380567301064729691e-03,-1.136637106537818909e-02,-2.842113608494400978e-03
7.679966688156127930e-01,3.798518896102905273e+00,5.336568355560302734e+00,9.999917745590209961e-01,3.128908807411789894e-03,-2.301720203831791878e-03,1.187363406643271446e-03
4.793758392333984375e+00,1.791983962059020996e+00,5.295630931854248047e+00,9.999974370002746582e-01,1.866026548668742180e-03,-1.134725171141326427e-03,-5.794755415990948677e-04
1.502319097518920898e+00,6.572099208831787109e+00,4.633873939514160156e+00,9.999986290931701660e-01,6.063088076189160347e-04,-1.331794075667858124e-03,-8.506477461196482182e-04
5.253512382507324219e+00,3.099207401275634766e+00,5.264022350311279297e+00,9.999992251396179199e-01,6.432779482565820217e-04,-9.437917615287005901e-04,5.127527401782572269e-04
5.769109725952148438e+00,3.950914382934570312e+00,9.995661675930023193e-02,1.000000000000000000e+00,-2.303561341250315309e-04,3.662839881144464016e-04,4.190025356365367770e-05
2.096263647079467773e+00,5.188858032226562500e+00,3.072813451290130615e-01,9.999560713768005371e-01,7.431904785335063934e-03,5.666004493832588196e-03,-7.511858711950480938e-04
1.424337476491928101e-01,4.257469177246093750e+00,3.829663753509521484e+00,9.999886751174926758e-01,4.020604770630598068e-03,1.234255614690482616e-03,-2.221390604972839355e-03
6.521176815032958984e+00,8.089701533317565918e-01,1.907948017120361328e+00,9.999884963035583496e-01,-2.174775116145610809e-03,-3.078206209465861320e-03,-2.995900344103574753e-03
3.957494020462036133e+00,7.371163845062255859e+00,6.642247200012207031e+00,9.999930262565612793e-01,3.516120370477437973e-03,1.195632852613925934e-03,4.956627381034195423e-04
1.147553443908691406e+00,3.138375997543334961e+00,4.202362060546875000e+00,9.999940395355224609e-01,-1.200939877890050411e-03,1.614879583939909935e-03,2.821501111611723900e-03
2.544332265853881836e+00,6.721925735473632812e+00,5.989849090576171875e+00,9.999601244926452637e-01,6.777294911444187164e-04,7.465186528861522675e-03,-4.859773442149162292e-03
5.843376636505126953e+00,2.218582332134246826e-01,5.726613998413085938e+00,9.999796152114868164e-01,-6.144474726170301437e-03,-9.211795404553413391e-04,1.521444297395646572e-03
4.405309677124023438e+00,6.958388328552246094e+00,2.251145839691162109e+00,9.999881386756896973e-01,-3.896959591656923294e-03,2.943312749266624451e-03,1.442751527065411210e-04
3.852637052536010742e+00,6.813109874725341797e+00,2.429744243621826172e+00,9.999714493751525879e-01,1.634685671888291836e-03,-6.781299598515033722e-03,-2.917844103649258614e-03
7.290437698364257812e+00,1.158065319061279297e+00,2.520004749298095703e+00,9.999132156372070312e-01,-8.583723567426204681e-03,3.599235089495778084e-03,-9.325441904366016388e-03
3.854152202606201172e+00,6.408171176910400391e+00,1.320950984954833984e+00,9.999943971633911133e-01,-3.558942989911884069e-04,3.240992547944188118e-03,8.699710597284138203e-04
5.306987762451171875e+00,1.193570971488952637e+00,6.664633750915527344e+00,9.999994635581970215e-01,6.644258392043411732e-04,8.767188410274684429e-04,-6.966944783926010132e-05
7.290977001190185547e+00,3.578000366687774658e-01,5.537106513977050781e+00,9.999883174896240234e-01,2.994348527863621712e-03,3.209692193195223808e-03,-2.019264735281467438e-03
1.571242690086364746e+00,1.254773020744323730e+00,4.534591674804687500e+00,9.999963045120239258e-01,5.058118258602917194e-04,1.417709514498710632e-03,-2.279673004522919655e-03
5.488415241241455078e+00,7.222359180450439453e+00,8.434621244668960571e-02,9.999991059303283691e-01,3.411526558920741081e-04,9.902083547785878181e-04,-9.225643007084727287e-04
3.806915760040283203e+00,5.222116470336914062e+00,7.920168340206146240e-02,9.999987483024597168e-01,-4.170465981587767601e-04,1.354586915113031864e-03,6.911390810273587704e-04
1.068959593772888184e+00,7.143900394439697266e+00,5.554268836975097656e+00,9.999305605888366699e-01,-5.522125400602817535e-03,6.602469831705093384e-03,-8.060142397880554199e-03
7.269535660743713379e-01,5.036110877990722656e+00,3.701283693313598633e+00,9.999967217445373535e-01,2.281408524140715599e-03,1.126528135500848293e-03,-4.926653928123414516e-04
3.609221696853637695e+00,5.333975315093994141e+00,3.634632349014282227e+00,9.997084736824035645e-01,-2.143720723688602448e-02,7.751352619379758835e-03,7.962817326188087463e-03
3.362626075744628906e+00,5.796423912048339844e+00,4.356244087219238281e+00,9.999724626541137695e-01,1.044331700541079044e-03,3.709617303684353828e-03,6.343126296997070312e-03
2.440013170242309570e+00,5.922104358673095703e+00,4.053728103637695312e+00,9.998288154602050781e-01,1.953890081495046616e-03,3.628273261711001396e-03,1.804220303893089294e-02
2.774093151092529297e+00,1.875706911087036133e+00,7.202754020690917969e+00,9.999995827674865723e-01,6.105481297709047794e-04,6.797456298954784870e-04,2.443220291752368212e-04
3.019569158554077148e+00,6.003559112548828125e+00,4.972918510437011719e+00,9.999890923500061035e-01,-2.520738868042826653e-03,-2.354366937652230263e-03,3.157944185659289360e-03
4.330876827239990234e+00,6.639540791511535645e-01,4.290802955627441406e+00,9.999712705612182617e-01,-6.791663356125354767e-03,-1.328162034042179585e-03,3.089850535616278648e-03
4.795864582061767578e+00,2.294653892517089844e+00,4.783225059509277344e+00,9.999998211860656738e-01,4.607586015481501818e-04,-3.225903201382607222e-04,-3.917031281162053347e-04
6.013049602508544922e+00,6.395944118499755859e+00,1.090245991945266724e-01,9.999993443489074707e-01,-8.311764104291796684e-04,-4.118030119570903480e-05,-8.694287389516830444e-04
5.473421096801757812e+00,5.275630950927734375e+00,1.837515234947204590e+00,9.999990463256835938e-01,-1.379823428578674793e-03,-3.371217462699860334e-04,1.934876127052120864e-05
9.031807780265808105e-01,4.189805030822753906e+00,5.577506542205810547e+00,9.999984502792358398e-01,9.415000095032155514e-04,1.922115006891544908e-05,-1.527675078250467777e-03
5.400186538696289062e+00,1.623404383659362793e+00,7.481190681457519531e+00,9.999994635581970215e-01,-5.627272767014801502e-04,-5.297505413182079792e-05,-9.354291833005845547e-04
2.351112842559814453e+00,6.362394809722900391e+00,6.110076427459716797e+00,9.999961256980895996e-01,1.905037555843591690e-03,8.307555108331143856e-04,1.851394656114280224e-03
5.446480751037597656e+00,1.258525729179382324e+00,6.268970966339111328e+00,9.999979734420776367e-01,1.363640767522156239e-04,2.052278287010267377e-04,-2.026753732934594154e-03
1.341756701469421387e+00,4.458484649658203125e+00,4.997526645660400391e+00,9.999986290931701660e-01,-7.534050964750349522e-04,-1.397233805619180202e-03,4.498080816119909286e-04
2.099580049514770508e+00,6.978520393371582031e+00,1.739960670471191406e+00,9.999951720237731934e-01,-8.143087616190314293e-04,2.514312975108623505e-03,1.669473480433225632e-03
7.476798057556152344e+00,5.099821090698242188e+00,1.749068021774291992e+00,9.999806880950927734e-01,7.625011494383215904e-04,4.835983738303184509e-03,3.827834269031882286e-03
6.786078929901123047e+00,6.142238140106201172e+00,2.060665607452392578e+00,9.999854564666748047e-01,-3.822344588115811348e-03,3.781145671382546425e-03,5.179152358323335648e-04
6.799301624298095703e+00,4.194673061370849609e+00,3.369354724884033203e+00,9.999803900718688965e-01,-5.477650556713342667e-03,1.161136664450168610e-03,-2.808641875162720680e-03
5.402139186859130859e+00,6.109024863690137863e-03,6.644603252410888672e+00,9.995934963226318359e-01,4.393300041556358337e-03,-2.815031260251998901e-02,1.032263622619211674e-03
6.670236110687255859e+00,2.541196584701538086e+00,1.562479376792907715e+00,9.999998807907104492e-01,3.703495895024389029e-05,2.436075446894392371e-04,4.274941748008131981e-04
3.166586160659790039e+00,8.719765543937683105e-01,2.241898775100708008e+00,9.999983310699462891e-01,1.701988163404166698e-03,-2.354143798584118485e-04,6.751721375621855259e-04
5.320887088775634766e+00,1.248372435569763184e+00,1.031673789024353027e+00,9.999998807907104492e-01,-2.774751628749072552e-04,-4.889128031209111214e-04,-1.468775735702365637e-04
6.013093471527099609e+00,7.423344850540161133e-01,1.262305378913879395e+00,9.999362826347351074e-01,-4.820547532290220261e-03,3.612209111452102661e-03,-9.551535360515117645e-03
3.272279739379882812e+00,5.047979831695556641e+00,5.351034641265869141e+00,9.999990463256835938e-01,-6.307134754024446011e-04,7.571558235213160515e-04,-1.041020150296390057e-03
7.122221946716308594e+00,1.801246255636215210e-01,5.861793518066406250e+00,9.999830126762390137e-01,-1.961155561730265617e-03,-5.473259836435317993e-03,-5.005335551686584949e-04
4.552772521972656250e+00,3.478532552719116211e+00,2.593280076980590820e+00,9.999995827674865723e-01,-5.801059305667877197e-04,7.242176798172295094e-04,1.774794654920697212e-04
2.767742156982421875e+00,7.454629540443420410e-01,1.895120739936828613e+00,9.999806284904479980e-01,1.446243491955101490e-03,5.880681332200765610e-03,1.498836558312177658e-03
7.327208518981933594e+00,7.055399417877197266e+00,1.299143791198730469e+00,9.999446868896484375e-01,-1.020605396479368210e-02,3.486155474092811346e-04,-2.521075308322906494e-03
1.697478890419006348e+00,1.918096542358398438e+00,7.420052528381347656e+00,9.999952912330627441e-01,-5.522837163880467415e-04,-2.714453963562846184e-03,1.377340173348784447e-03
6.889624118804931641e+00,5.374163150787353516e+00,1.316625118255615234e+00,9.999713301658630371e-01,-1.322054537013173103e-03,7.125881500542163849e-03,2.187772653996944427e-03
5.237732887268066406e+00,1.697408556938171387e-01,6.068583205342292786e-02,9.999918341636657715e-01,1.209003967233002186e-03,3.636725305113941431e-04,-3.863734193146228790e-03
4.059617996215820312e+00,5.422110557556152344e+00,4.668534755706787109e+00,9.999989271163940430e-01,7.828872767277061939e-04,-6.022208835929632187e-04,1.117380335927009583e-03
7.320352077484130859e+00,4.195065021514892578e+00,6.046235084533691406e+00,9.999932050704956055e-01,4.695079114753752947e-04,-6.946980720385909081e-04,-3.605946199968457222e-03
6.773032188415527344e+00,7.286621093750000000e+00,4.587820529937744141e+00,9.999986886978149414e-01,-1.952521706698462367e-04,-1.629758160561323166e-03,-1.059339992934837937e-04
5.011231899261474609e+00,3.602815866470336914e+00,2.674381732940673828e+00,9.999836087226867676e-01,-3.396229119971394539e-03,-4.551743622869253159e-03,6.919747684150934219e-04
2.155999898910522461e+00,1.496973037719726562e-01,3.511343479156494141e+00,9.999671578407287598e-01,4.218774382025003433e-03,-4.109928850084543228e-03,5.573889240622520447e-03
6.935822367668151855e-01,2.623981237411499023e+00,8.844377398490905762e-01,9.999995827674865723e-01,-8.905726717785000801e-04,3.011085209436714649e-04,2.906492154579609632e-04
7.521706223487854004e-01,1.704202294349670410e+00,6.584162712097167969e+00,9.999958276748657227e-01,8.821093360893428326e-04,-2.693840302526950836e-03,-5.862009711563587189e-04
3.268154382705688477e+00,2.812176227569580078e+00,5.484488010406494141e-01,9.999998807907104492e-01,3.243555256631225348e-04,-8.704115316504612565e-05,-5.418799701146781445e-04
7.263998985290527344e+00,4.468222141265869141e+00,4.993744850158691406e+00,9.999932646751403809e-01,-3.010206157341599464e-03,1.415140111930668354e-03,1.582161406986415386e-03
3.024635076522827148e+00,7.081708908081054688e-01,1.704404830932617188e+00,9.999787211418151855e-01,2.677067182958126068e-03,2.037291880697011948e-03,5.590652581304311752e-03
6.918270111083984375e+00,2.710309743881225586e+00,3.944237232208251953e+00,9.999938011169433594e-01,1.709323376417160034e-03,2.827142830938100815e-03,-1.197027158923447132e-03
5.265661716461181641e+00,4.949213027954101562e+00,3.621620535850524902e-01,9.999871850013732910e-01,1.209380105137825012e-03,4.921622108668088913e-03,-1.448380789952352643e-04
2.561424255371093750e+00,5.537511825561523438e+00,8.374645709991455078e-01,9.999448060989379883e-01,-8.145228028297424316e-03,-6.274067796766757965e-03,2.190922386944293976e-03
2.754127264022827148e+00,1.006204485893249512e+00,1.125923991203308105e+00,9.999960660934448242e-01,1.752481097355484962e-03,-2.180636627599596977e-03,3.172039287164807320e-04
4.985308647155761719e+00,3.005858659744262695e+00,7.541016340255737305e-01,9.999997019767761230e-01,3.492228279355913401e-04,-6.559226312674582005e-04,3.460005391389131546e-04
2.116899013519287109e+00,4.733967304229736328e+00,5.657245635986328125e+00,9.999212026596069336e-01,-1.140336133539676666e-02,-3.817212069407105446e-03,3.619734197854995728e-03
2.167572021484375000e+00,6.926134109497070312e+00,4.111644268035888672e+00,9.999963045120239258e-01,-3.239675133954733610e-04,1.708155614323914051e-03,2.117699943482875824e-03
2.540534019470214844e+00,2.807314872741699219e+00,6.013751029968261719e+00,9.999979138374328613e-01,1.320091774687170982e-03,-8.826050907373428345e-04,1.318084541708230972e-03
3.340935468673706055e+00,3.576514720916748047e+00,3.482856750488281250e+00,9.999998807907104492e-01,-3.470970259513705969e-04,-3.023208701051771641e-04,3.824948798865079880e-04
6.664370059967041016e+00,1.399867683649063110e-01,2.771199941635131836e+00,9.999998807907104492e-01,3.394959494471549988e-04,3.466924245003610849e-04,3.817661490757018328e-04
4.818824768066406250e+00,4.748594760894775391e+00,7.364597320556640625e+00,9.999960660934448242e-01,-2.663049381226301193e-03,8.238296722993254662e-04,-3.771688789129257202e-04
3.980021953582763672e+00,2.725112676620483398e+00,6.944840550422668457e-01,9.999979138374328613e-01,-5.201088497415184975e-04,-3.055725028389133513e-05,-1.999646890908479691e-03
6.027447223663330078e+00,5.253857135772705078e+00,2.200095653533935547e+00,9.999985694885253906e-01,-1.052584964781999588e-03,-1.135010737925767899e-03,7.248766487464308739e-04
5.956049561500549316e-01,4.408730983734130859e+00,2.436019897460937500e+00,9.999988079071044922e-01,3.848884080071002245e-04,-7.063584052957594395e-04,-1.385543146170675755e-03
6.111379623413085938e+00,2.219302654266357422e-01,1.598313689231872559e+00,9.998329877853393555e-01,-3.858378157019615173e-03,1.383194513618946075e-02,1.130487397313117981e-02
5.561485290527343750e-01,5.390647411346435547e+00,2.986786365509033203e+00,9.997595548629760742e-01,-2.134852809831500053e-03,-1.986097544431686401e-02,9.046761319041252136e-03
1.557481884956359863e+00,6.076894760131835938e+00,6.394171714782714844e+00,9.999939799308776855e-01,2.869332674890756607e-03,1.942292670719325542e-03,-4.153506888542324305e-04
7.165919303894042969e+00,6.865961074829101562e+00,3.694648981094360352e+00,9.999926686286926270e-01,1.929079415276646614e-03,-1.305396901443600655e-03,-3.042873693630099297e-03
3.702554464340209961e+00,6.579181671142578125e+00,4.546895027160644531e+00,9.999977350234985352e-01,1.444436260499060154e-03,1.555398688651621342e-03,6.790909537812694907e-05
4.834071159362792969e+00,6.714750766754150391e+00,5.504321575164794922e+00,9.999905228614807129e-01,-7.166845607571303844e-04,4.075923468917608261e-03,1.362642040476202965e-03
9.494081735610961914e-01,4.098392009735107422e+00,6.220826148986816406e+00,9.998300075531005859e-01,-1.342664752155542374e-02,1.231936085969209671e-02,2.831043908372521400e-03
6.671087265014648438e+00,4.639194488525390625e+00,9.135389328002929688e-01,9.999992847442626953e-01,2.365616674069315195e-04,1.109424396418035030e-03,-4.421613411977887154e-04
5.874553203582763672e+00,7.405525207519531250e+00,5.848130226135253906e+00,9.998064637184143066e-01,-1.908827945590019226e-02,4.114824812859296799e-03,2.414964139461517334e-03
3.204182147979736328e+00,7.062454700469970703e+00,6.165085315704345703e+00,9.999943971633911133e-01,2.938716206699609756e-03,-1.398188993334770203e-03,-8.701746119186282158e-04
3.715155124664306641e+00,4.553973674774169922e+00,4.781552851200103760e-01,9.999943971633911133e-01,2.217364963144063950e-03,-1.942012691870331764e-03,-1.629355130717158318e-03
4.799003154039382935e-02,4.920413970947265625e+00,6.297869682312011719e+00,9.999375939369201660e-01,-3.857007017359137535e-03,-9.639172814786434174e-03,4.130432847887277603e-03
4.474600315093994141e+00,2.416776895523071289e+00,5.757547378540039062e+00,9.999902248382568359e-01,-2.143672434613108635e-03,-1.403538044542074203e-03,-3.623959142714738846e-03
2.173778772354125977e+00,7.243555545806884766e+00,2.872549057006835938e+00,9.999998807907104492e-01,-3.034994879271835089e-04,2.985765459015965462e-04,-4.747546045109629631e-04
6.813786983489990234e+00,3.423683881759643555e+00,4.955087184906005859e+00,9.998925924301147461e-01,2.916278550401329994e-03,1.388550642877817154e-02,3.696197876706719398e-03
2.714096069335937500e+00,2.088164091110229492e+00,6.912405014038085938e+00,9.999998807907104492e-01,5.449767922982573509e-04,2.483984280843287706e-04,2.159689465770497918e-04
2.305587053298950195e+00,2.022080868482589722e-01,1.749683380126953125e+00,9.999995827674865723e-01,4.228369216434657574e-04,5.825528060086071491e-04,-6.279461667872965336e-04
4.283442974090576172e+00,5.123867988586425781e+00,7.159273624420166016e+00,9.999916553497314453e-01,2.241519279778003693e-03,3.157908329740166664e-03,1.315083238296210766e-03
5.558850765228271484e+00,1.159126639366149902e+00,4.037914752960205078e+00,9.999983310699462891e-01,1.393629936501383781e-03,-1.226010383106768131e-03,8.762513971305452287e-06
7.279365062713623047e+00,7.132615089416503906e+00,1.606853246688842773e+00,9.999167919158935547e-01,-1.215217448770999908e-02,-8.184500620700418949e-04,-4.270761273801326752e-03
2.782735109329223633e+00,7.481919288635253906e+00,5.375922203063964844e+00,9.999511837959289551e-01,-4.412778653204441071e-03,5.959093105047941208e-03,6.529649253934621811e-03
3.854301929473876953e+00,5.721577167510986328e+00,1.257969498634338379e+00,9.999987483024597168e-01,3.875018737744539976e-04,1.172774937003850937e-03,1.029253471642732620e-03
7.450139999389648438e+00,5.503979206085205078e+00,5.536148548126220703e+00,9.999969005584716797e-01,-2.036728663370013237e-03,-1.365074887871742249e-03,5.822174134664237499e-04
6.742124080657958984e+00,3.836841821670532227e+00,1.094286084175109863e+00,9.999996423721313477e-01,4.626827721949666739e-04,7.298405980691313744e-04,1.980732922675088048e-04
7.271690368652343750e+00,5.307813644409179688e+00,6.321805953979492188e+00,9.999987483024597168e-01,-3.956025466322898865e-04,-6.765224679838865995e-05,1.554064219817519188e-03
3.229522705078125000e+00,6.804043769836425781e+00,1.527339458465576172e+00,9.999997019767761230e-01,-6.154563743621110916e-04,-4.302509769331663847e-04,3.778522368520498276e-04
6.766339302062988281e+00,5.751337110996246338e-02,2.168332815170288086e+00,9.999995231628417969e-01,9.265377302654087543e-04,-2.517781394999474287e-04,3.877658164128661156e-04
7.274622917175292969e+00,2.880708217620849609e+00,5.484177589416503906e+00,9.999951124191284180e-01,8.983107400126755238e-04,-6.293977494351565838e-04,2.952678594738245010e-03
4.442951202392578125e+00,4.253099918365478516e+00,3.380016565322875977e+00,9.999763965606689453e-01,-3.833296475932002068e-03,4.361086525022983551e-03,-3.678936744108796120e-03
2.068826198577880859e+00,4.858335494995117188e+00,1.113605856895446777e+00,9.999957084655761719e-01,2.604814071673899889e-04,-1.999801257625222206e-03,-2.167561091482639313e-03
7.249696850776672363e-01,1.839665293693542480e+00,2.001000881195068359e+00,9.999986290931701660e-01,-1.471968484111130238e-03,7.937091286294162273e-04,3.776531229959800839e-05
5.540718078613281250e+00,2.152809381484985352e+00,1.008019566535949707e+00,9.999986290931701660e-01,1.154849887825548649e-03,-4.043827648274600506e-04,1.158547354862093925e-03
5.294245719909667969e+00,7.774348855018615723e-01,1.235010862350463867e+00,9.999962449073791504e-01,-2.914756769314408302e-04,-2.164844423532485962e-03,1.693444792181253433e-03
6.492372989654541016e+00,6.473366737365722656e+00,1.682248950004577637e+00,9.999974966049194336e-01,-7.354536792263388634e-04,4.431609122548252344e-04,-2.100676763802766800e-03
7.483106851577758789e-01,4.785021305084228516e+00,3.928076028823852539e+00,9.999940991401672363e-01,2.264889422804117203e-03,8.656693971715867519e-04,-2.435104455798864365e-03
5.626879692077636719e+00,5.717105388641357422e+00,2.577451229095458984e+00,9.999566674232482910e-01,5.271161440759897232e-03,-6.184027064591646194e-03,-4.541509319096803665e-03
2.152624845504760742e+00,4.080802917480468750e+00,2.495181083679199219e+00,9.999185204505920410e-01,6.092623807489871979e-03,1.121149398386478424e-02,-2.937206008937209845e-04
1.125558137893676758e+00,3.905056715011596680e-01,7.460919380187988281e+00,9.999982714653015137e-01,-1.474637247156351805e-04,-1.359840389341115952e-03,-1.301898155361413956e-03
2.576519489288330078e+00,5.029836654663085938e+00,5.595733642578125000e+00,9.998372197151184082e-01,-1.720768585801124573e-02,4.965556319802999496e-03,-2.224955009296536446e-03
5.779150009155273438e+00,2.717793464660644531e+00,4.760957717895507812e+00,9.999998211860656738e-01,8.925419388106092811e-05,-4.885096568614244461e-04,4.109631117898970842e-04
3.256898164749145508e+00,2.624909162521362305e+00,4.083081245422363281e+00,9.999508261680603027e-01,-2.763322263490408659e-04,-6.938878912478685379e-03,-7.081271149218082428e-03
8.614864349365234375e-01,6.845418930053710938e+00,1.083483934402465820e+00,9.999963641166687012e-01,-2.999696516781114042e-05,-2.698582364246249199e-03,3.163659421261399984e-04
6.508898735046386719e+00,3.764101028442382812e+00,3.827767133712768555e+00,9.999912381172180176e-01,3.948682919144630432e-03,5.689224344678223133e-04,-1.301249605603516102e-03
5.898477077484130859e+00,4.309268474578857422e+00,2.106589078903198242e+00,9.997143745422363281e-01,4.855833249166607857e-04,2.275598235428333282e-02,7.285976316779851913e-03
5.817585945129394531e+00,3.721083402633666992e+00,2.328001976013183594e+00,9.999992847442626953e-01,5.126008181832730770e-04,9.393068612553179264e-04,-5.917738890275359154e-04
3.885951757431030273e+00,7.367835640907287598e-01,2.541767835617065430e+00,9.999851584434509277e-01,-4.712344612926244736e-03,-2.478132955729961395e-03,1.207069144584238529e-03
3.333502292633056641e+00,2.881294012069702148e+00,3.496412560343742371e-02,9.999997615814208984e-01,7.483943045372143388e-05,-6.442698650062084198e-04,-4.706798063125461340e-04
3.586376190185546875e+00,6.051127910614013672e+00,6.670315265655517578e+00,9.999950528144836426e-01,1.868676161393523216e-03,6.964739877730607986e-04,-2.423983532935380936e-03
3.445077896118164062e+00,6.511034965515136719e+00,5.097205638885498047e+00,9.999940991401672363e-01,2.342738676816225052e-03,-1.597006688825786114e-03,-1.934850704856216908e-03
5.826245784759521484e+00,3.176528453826904297e+00,1.506414175033569336e+00,9.999486207962036133e-01,7.414889987558126450e-03,-5.342222284525632858e-03,-4.383657127618789673e-03
2.629770755767822266e+00,2.433459043502807617e+00,4.572279930114746094e+00,9.999995827674865723e-01,8.783245575614273548e-04,1.260435237782076001e-04,4.563858383335173130e-04
1.932765841484069824e+00,3.860336065292358398e+00,3.088010072708129883e+00,9.999882578849792480e-01,3.668967401608824730e-03,-1.357860281132161617e-03,-2.861005719751119614e-03
5.690179824829101562e+00,4.849537372589111328e+00,5.504166126251220703e+00,9.999992847442626953e-01,-7.557568460470065475e-05,2.965292951557785273e-04,1.227718312293291092e-03
9.130030274391174316e-01,1.941703438758850098e+00,4.632221221923828125e+00,9.999814033508300781e-01,2.337009645998477936e-03,5.297829862684011459e-03,1.951936399564146996e-03
3.572031259536743164e+00,4.634889602661132812e+00,1.088629513978958130e-01,9.999405741691589355e-01,8.069972391240298748e-04,-6.040584761649370193e-03,9.039327502250671387e-03
3.979768753051757812e+00,2.977027654647827148e+00,3.544312477111816406e+00,9.999908804893493652e-01,1.464193221181631088e-03,-3.106233198195695877e-03,2.562334528192877769e-03
1.673657536506652832e+00,3.118530511856079102e+00,2.284742355346679688e+00,9.999944567680358887e-01,-1.486337394453585148e-03,2.536202548071742058e-03,1.608463353477418423e-03
5.295886099338531494e-02,6.920211791992187500e+00,2.288238763809204102e+00,9.999896883964538574e-01,-7.180116372182965279e-04,-1.163048902526497841e-03,4.348433110862970352e-03
4.378263950347900391e+00,1.441182971000671387e+00,2.940375566482543945e+00,9.999997615814208984e-01,-3.161163185723125935e-04,4.362761392258107662e-04,-5.214853445068001747e-04
4.253660678863525391e+00,2.913889408111572266e+00,7.457413673400878906e+00,9.998982548713684082e-01,-5.437490530312061310e-03,1.156954094767570496e-02,-6.328695453703403473e-03
4.657870769500732422e+00,4.399024009704589844e+00,6.558190822601318359e+00,9.999988675117492676e-01,-1.185044762678444386e-03,1.980284650926478207e-05,9.644245728850364685e-04
5.955517768859863281e+00,2.791072368621826172e+00,1.228112816810607910e+00,9.999955296516418457e-01,2.485047560185194016e-03,-2.684253267943859100e-04,1.680121291428804398e-03
2.824699640274047852e+00,4.995416641235351562e+00,3.221441984176635742e+00,9.999993443489074707e-01,9.116087458096444607e-04,-6.311495671980082989e-04,3.706332936417311430e-04
9.602164626121520996e-01,4.767795085906982422e+00,4.464218616485595703e+00,9.999990463256835938e-01,1.095732208341360092e-03,1.849858672358095646e-04,8.789366111159324646e-04
5.239939689636230469e+00,4.721552848815917969e+00,6.693136096000671387e-01,9.999946355819702148e-01,-1.664442592300474644e-03,1.629425823921337724e-04,-2.811914775520563126e-03
5.919735431671142578e+00,3.450551271438598633e+00,1.370680451393127441e+00,9.999241232872009277e-01,7.445450406521558762e-03,-6.048934534192085266e-03,-7.726258598268032074e-03
5.118562221527099609e+00,1.870052099227905273e+00,5.435681343078613281e+00,9.999837279319763184e-01,4.381686449050903320e-03,-3.667254000902175903e-03,-2.089470945065841079e-04
2.826171219348907471e-01,6.757645606994628906e+00,2.652971029281616211e+00,9.999985098838806152e-01,3.239356447011232376e-04,-9.389941114932298660e-04,-1.451533287763595581e-03
6.714784622192382812e+00,7.466575145721435547e+00,6.631916522979736328e+00,9.999506473541259766e-01,-4.574820399284362793e-03,4.793446045368909836e-03,-7.407300639897584915e-03
3.738315582275390625e+00,9.312155842781066895e-01,1.902895331382751465e+00,9.999986290931701660e-01,1.167149515822529793e-03,-1.192987081594765186e-03,-3.205555549357086420e-04
2.785221815109252930e+00,1.207836151123046875e+00,5.220208168029785156e+00,9.998682141304016113e-01,-8.459050208330154419e-03,-6.947624962776899338e-03,1.199436001479625702e-02
2.634985446929931641e-01,5.582047462463378906e+00,2.854640007019042969e+00,9.999895095825195312e-01,-4.263773094862699509e-03,-1.688524265773594379e-03,4.777482536155730486e-05
2.667387008666992188e+00,2.288166046142578125e+00,3.607633352279663086e+00,9.999997615814208984e-01,6.972765550017356873e-04,-5.138668348081409931e-05,-2.302557550137862563e-04
4.770243167877197266e+00,6.003740310668945312e+00,5.816624641418457031e+00,9.999921321868896484e-01,-2.389148343354463577e-03,-2.987654181197285652e-03,1.073928317055106163e-03
3.737467765808105469e+00,2.595194339752197266e+00,4.059866964817047119e-01,9.999998807907104492e-01,3.445429319981485605e-04,-1.361782487947493792e-04,-4.046217072755098343e-04
3.932658910751342773e+00,3.863818168640136719e+00,1.734301447868347168e+00,9.999974370002746582e-01,2.102533122524619102e-03,8.683595806360244751e-04,-1.682512811385095119e-04
4.650610923767089844e+00,4.836457729339599609e+00,3.549755811691284180e+00,9.999971985816955566e-01,-3.596534952521324158e-04,2.113237511366605759e-03,-1.067890319973230362e-03
1.875536561012268066e+00,3.650789260864257812e+00,1.739560127258300781e+00,9.999992847442626953e-01,1.893767475849017501e-04,8.191637462005019188e-04,-8.461212855763733387e-04
7.305502891540527344e+00,6.884524345397949219e+00,5.889655113220214844e+00,9.999139308929443359e-01,1.234823954291641712e-03,6.213604472577571869e-03,1.148822996765375137e-02
6.685290813446044922e+00,3.200140476226806641e+00,7.397210121154785156e+00,9.999901652336120605e-01,7.396498112939298153e-04,4.257495049387216568e-03,1.061816583387553692e-03
4.358017921447753906e+00,5.445638179779052734e+00,6.265905380249023438e+00,9.999946951866149902e-01,1.239558216184377670e-03,3.842194273602217436e-04,3.016881179064512253e-03
4.180322647094726562e+00,3.916352987289428711e-01,1.405590176582336426e+00,9.999983310699462891e-01,-1.834725262597203255e-03,-3.786494780797511339e-04,6.210657738847658038e-05
7.317506313323974609e+00,4.012456893920898438e+00,3.471001982688903809e-01,9.999853372573852539e-01,-3.960100468248128891e-03,-3.554164897650480270e-03,1.002838136628270149e-03
3.845680952072143555e-01,2.624092340469360352e+00,4.447104454040527344e+00,9.999984502792358398e-01,7.928726263344287872e-04,-1.516783726401627064e-03,5.373572930693626404e-04
5.693515777587890625e+00,4.424121856689453125e+00,4.655867099761962891e+00,9.999989271163940430e-01,-3.357446694280952215e-04,-9.309575543738901615e-04,-1.136419479735195637e-03
5.432708740234375000e+00,4.424293518066406250e+00,7.680912613868713379e-01,9.999994635581970215e-01,-1.072673243470489979e-03,2.789810241665691137e-04,-8.198249270208179951e-05
6.151701927185058594e+00,4.988160610198974609e+00,7.028382778167724609e+00,9.999991655349731445e-01,1.209422247484326363e-03,5.553189548663794994e-04,2.260410255985334516e-04
3.741365432739257812e+00,6.026113510131835938e+00,5.463833808898925781e+00,9.999965429306030273e-01,1.772584859281778336e-03,1.624850672669708729e-03,1.094738603569567204e-03
1.599791169166564941e+00,2.320939064025878906e+00,6.137798786163330078e+00,9.999783635139465332e-01,2.210705541074275970e-03,5.612383130937814713e-03,-2.652860479429364204e-03
3.832438468933105469e+00,2.351081222295761108e-01,5.677804470062255859e+00,9.999969601631164551e-01,-1.276959548704326153e-03,1.808329718187451363e-03,1.129537587985396385e-03
2.392006158828735352e+00,1.721654772758483887e+00,2.599894762039184570e+00,9.999995827674865723e-01,8.450261084362864494e-04,4.944903193973004818e-04,-3.965470750699751079e-05
4.720950126647949219e+00,1.089086055755615234e+00,1.225304007530212402e+00,9.999935626983642578e-01,-3.476416692137718201e-03,-4.126094427192583680e-05,9.392965584993362427e-04
3.316794395446777344e+00,3.757538795471191406e+00,2.937472105026245117e+00,9.999985098838806152e-01,9.566869121044874191e-04,3.360967675689607859e-04,-1.419748878106474876e-03
5.959502696990966797e+00,7.386657238006591797e+00,4.701140403747558594e+00,9.999983906745910645e-01,3.759699757210910320e-04,-1.027079415507614613e-03,-1.470428192988038063e-03
7.439362525939941406e+00,6.925676345825195312e+00,6.827661037445068359e+00,9.999015927314758301e-01,4.987973719835281372e-03,-1.149780303239822388e-02,-6.303304340690374374e-03
1.463767528533935547e+00,3.626873731613159180e+00,5.423405170440673828e+00,9.999989867210388184e-01,-2.377573837293311954e-04,-4.974324838258326054e-04,-1.372157363221049309e-03
2.855185747146606445e+00,4.106744766235351562e+00,3.965112864971160889e-01,9.999996423721313477e-01,-6.362935528159141541e-05,8.166415500454604626e-04,-4.018092877231538296e-04
3.272710323333740234e+00,6.922154426574707031e+00,5.568955421447753906e+00,9.999113082885742188e-01,1.074090693145990372e-02,-3.976095467805862427e-03,-6.800353527069091797e-03
2.687150716781616211e+00,6.570500850677490234e+00,3.765734672546386719e+00,9.999891519546508789e-01,3.868174462695606053e-05,-8.928879396989941597e-04,4.567487165331840515e-03
3.464603722095489502e-01,5.728346824645996094e+00,3.951099157333374023e+00,9.999946355819702148e-01,7.625756552442908287e-04,2.217482775449752808e-03,2.302298322319984436e-03
2.898005485534667969e+00,5.492426395416259766e+00,6.024123668670654297e+00,9.999966621398925781e-01,-1.075726468116044998e-03,3.963080525863915682e-04,-2.329274313524365425e-03
8.580083847045898438e-01,5.428335189819335938e+00,1.422852426767349243e-01,9.999978542327880859e-01,2.868282026611268520e-04,2.816292108036577702e-04,2.079333877190947533e-03
5.673450469970703125e+00,3.810259342193603516e+00,3.600069761276245117e+00,9.999942183494567871e-01,1.873092260211706161e-03,-7.319539436139166355e-04,-2.756684087216854095e-03
6.704992771148681641e+00,1.224394440650939941e+00,5.685743808746337891e+00,9.999875426292419434e-01,1.621901174075901508e-03,-4.553270060569047928e-03,-1.261405879631638527e-03
6.014340877532958984e+00,7.321907043457031250e+00,4.310462474822998047e+00,9.999979734420776367e-01,6.266041891649365425e-04,-9.451853693462908268e-04,-1.683467649854719639e-03
1.002997517585754395e+00,1.013333916664123535e+00,4.352100372314453125e+00,9.999989271163940430e-01,1.016829279251396656e-03,5.478259990923106670e-04,9.525278001092374325e-04
5.803232669830322266e+00,1.835002779960632324e+00,4.767907142639160156e+00,9.999994635581970215e-01,1.044764532707631588e-03,2.275458828080445528e-04,2.508367469999939203e-04
4.505447387695312500e+00,3.372713923454284668e-01,2.427138805389404297e+00,9.999879598617553711e-01,2.771729603409767151e-03,2.802690491080284119e-03,-2.945622429251670837e-03
2.885689735412597656e+00,7.617474198341369629e-01,6.262157917022705078e+00,9.999997615814208984e-01,4.065101675223559141e-04,-5.851692985743284225e-04,1.348351070191711187e-04
2.953860044479370117e+00,4.596101284027099609e+00,3.269271612167358398e+00,9.999983310699462891e-01,1.543520484119653702e-03,-8.628802606835961342e-04,5.573868984356522560e-04
7.218629837036132812e+00,2.589420557022094727e+00,1.723706007003784180e+00,9.999986886978149414e-01,-4.358422884251922369e-04,-1.418699743226170540e-03,6.299900705926120281e-04
6.343327045440673828e+00,1.828138947486877441e+00,2.917888641357421875e+00,9.999831318855285645e-01,-1.475514261983335018e-03,-1.269239117391407490e-03,-5.486133042722940445e-03
6.213327884674072266e+00,5.430288791656494141e+00,1.050268188118934631e-01,9.996847510337829590e-01,-1.110154110938310623e-02,-1.498382911086082458e-02,1.681187562644481659e-02
3.593035459518432617e+00,4.663756370544433594e+00,1.356150269508361816e+00,9.999899864196777344e-01,-3.592503955587744713e-03,-2.481837524101138115e-03,-1.076871412806212902e-03
6.647592544555664062e+00,7.269232273101806641e+00,1.829307556152343750e+00,9.999993443489074707e-01,7.836815784685313702e-04,-8.781911456026136875e-04,-5.713241625926457345e-05
4.770661830902099609e+00,6.365356445312500000e+00,2.134629189968109131e-01,9.999964237213134766e-01,2.518935594707727432e-03,-4.041425127070397139e-04,8.792947628535330296e-04
4.712483584880828857e-01,5.397467136383056641e+00,1.582021862268447876e-01,9.999996423721313477e-01,5.168765783309936523e-04,-8.909927419153973460e-05,7.907583494670689106e-04
5.834255218505859375e+00,4.900432586669921875e+00,5.805768013000488281e+00,9.999961256980895996e-01,1.362409675493836403e-03,-7.389975944533944130e-04,2.341441344469785690e-03
6.684420585632324219e+00,3.051398277282714844e+00,2.996937274932861328e+00,9.999957084655761719e-01,2.210272359661757946e-04,9.218666818924248219e-04,-2.794480184093117714e-03
5.837182044982910156e+00,4.831412792205810547e+00,2.430578470230102539e+00,9.999890923500061035e-01,-1.715280697681009769e-03,-1.408185809850692749e-03,4.133329726755619049e-03
1.271959185600280762e+00,3.121495246887207031e+00,1.558539628982543945e+00,9.999997019767761230e-01,-9.779983520274981856e-05,-7.926577818579971790e-04,3.341435804031789303e-04
7.104039192199707031e+00,-4.214959219098091125e-03,4.167496681213378906e+00,9.999162554740905762e-01,-1.260616350919008255e-02,-2.518069231882691383e-03,1.518419012427330017e-03
1.029189750552177429e-01,6.632893085479736328e+00,5.450496196746826172e+00,9.999722838401794434e-01,-3.351794788613915443e-03,-1.089413184672594070e-03,-6.571276579052209854e-03
5.685519695281982422e+00,4.108527302742004395e-01,3.831265449523925781e+00,9.999999403953552246e-01,-5.024990532547235489e-04,-6.135005969554185867e-05,1.021143907564692199e-04
2.302618026733398438e-01,7.449272155761718750e+00,3.608690500259399414e+00,9.999936819076538086e-01,-1.793293398804962635e-03,9.729081648401916027e-04,-2.940278733149170876e-03
1.103427410125732422e-01,3.606356620788574219e+00,2.952558279037475586e+00,9.999372363090515137e-01,-9.761921130120754242e-03,4.435441922396421432e-03,-3.255649702623486519e-03
7.053916454315185547e+00,7.085697650909423828e+00,1.892029643058776855e+00,9.999964237213134766e-01,5.069593316875398159e-04,-2.568511757999658585e-03,6.343495333567261696e-04
6.610032081604003906e+00,5.882931709289550781e+00,6.105567932128906250e+00,9.999985098838806152e-01,1.121651032008230686e-03,1.369383418932557106e-03,-1.006903548841364682e-04
6.113075733184814453e+00,4.946209430694580078e+00,1.718444824218750000e+00,9.999996423721313477e-01,7.468906696885824203e-04,-4.555840278044342995e-04,3.438255225773900747e-04
5.986387729644775391e+00,4.756844997406005859e+00,3.977971792221069336e+00,9.999937415122985840e-01,2.670299727469682693e-03,1.220276346430182457e-03,1.985486363992094994e-03
2.384858876466751099e-01,8.528947234153747559e-01,2.591969072818756104e-01,9.999243617057800293e-01,3.799507161602377892e-03,-1.170359645038843155e-02,-1.672412472544237971e-04
6.993587613105773926e-01,5.957083702087402344e+00,1.237213253974914551e+00,9.999991655349731445e-01,-3.131795092485845089e-04,1.246078405529260635e-03,-3.940389142371714115e-04
2.370180096477270126e-03,3.124863147735595703e+00,5.707442760467529297e+00,9.999985098838806152e-01,1.180387800559401512e-03,-1.321919029578566551e-03,7.006031955825164914e-05
9.227699637413024902e-01,5.205910682678222656e+00,3.272691011428833008e+00,9.999953508377075195e-01,7.125107804313302040e-04,2.703378908336162567e-03,-1.200577593408524990e-03
6.333581924438476562e+00,3.134692430496215820e+00,1.540576338768005371e+00,9.999979734420776367e-01,-1.394393912050873041e-04,9.035713155753910542e-04,1.801408245228230953e-03
6.439837932586669922e+00,5.761549949645996094e+00,2.403773546218872070e+00,9.999988675117492676e-01,-4.299586289562284946e-04,-1.140919979661703110e-03,-8.786180405877530575e-04
4.919438362121582031e+00,1.179293990135192871e+00,3.250579833984375000e+00,9.999929070472717285e-01,3.459369530901312828e-03,1.281935255974531174e-03,-7.921793730929493904e-04
1.197381377220153809e+00,7.420219421386718750e+00,3.792836427688598633e+00,9.999995827674865723e-01,-7.979238289408385754e-04,-1.822000631364062428e-04,-5.045500583946704865e-04
3.435532331466674805e+00,4.938761711120605469e+00,4.201973438262939453e+00,9.999983310699462891e-01,-2.741446369327604771e-04,1.454550307244062424e-03,-1.162775675766170025e-03
1.527888417243957520e+00,2.433650493621826172e+00,4.258401870727539062e+00,9.999573230743408203e-01,5.684218835085630417e-03,1.507950597442686558e-03,-7.122340612113475800e-03
4.586071014404296875e+00,6.745721340179443359e+00,4.605638027191162109e+00,9.999996423721313477e-01,-1.499015634180977941e-04,8.246949873864650726e-04,-4.340088635217398405e-04
5.799499988555908203e+00,3.317040920257568359e+00,5.789610385894775391e+00,9.999902248382568359e-01,-2.153236418962478638e-04,4.220731090754270554e-03,-1.319587230682373047e-03
7.171059608459472656e+00,7.580602169036865234e-01,4.580232143402099609e+00,9.999955296516418457e-01,-5.369491991586983204e-04,-2.205135533586144447e-03,1.961987232789397240e-03
1.851425766944885254e+00,4.161349773406982422e+00,6.848949909210205078e+00,9.999960064888000488e-01,-9.495755075477063656e-04,-2.076127333566546440e-03,-1.673896564170718193e-03
4.043835163116455078e+00,6.588346958160400391e-01,5.870002269744873047e+00,9.999981522560119629e-01,1.015579095110297203e-03,1.385087729431688786e-03,-9.429310448467731476e-04
4.902130603790283203e+00,1.922764539718627930e+00,1.397858977317810059e+00,9.999949336051940918e-01,2.197844587499275804e-04,4.952433519065380096e-04,3.156035440042614937e-03
1.702879548072814941e+00,2.689507961273193359e+00,8.792420029640197754e-01,9.999999403953552246e-01,-4.448681720532476902e-04,-8.063870336627587676e-05,-1.433703582733869553e-04
7.286864757537841797e+00,5.593306541442871094e+00,4.171232283115386963e-01,9.999976158142089844e-01,-9.687506826594471931e-04,1.036228728480637074e-03,-1.693024882115423679e-03
3.401665687561035156e+00,4.391716003417968750e+00,5.733282566070556641e-01,9.999918937683105469e-01,3.179171355441212654e-03,-6.257813074626028538e-04,-2.421164419502019882e-03
1.636593699455261230e+00,2.809895992279052734e+00,3.277894556522369385e-01,9.999999403953552246e-01,-2.308869152329862118e-04,-4.184610443189740181e-04,-1.160262618213891983e-04
6.784226894378662109e+00,4.298760890960693359e+00,4.471041202545166016e+00,9.999997019767761230e-01,-3.254908078815788031e-04,1.309392100665718317e-04,7.838788442313671112e-04
5.498217105865478516e+00,3.086269855499267578e+00,1.770937800407409668e+00,9.999920129776000977e-01,-3.630956169217824936e-03,-3.797189274337142706e-04,-1.656326581723988056e-03
4.215248584747314453e+00,6.854260921478271484e+00,3.953048467636108398e+00,9.999970793724060059e-01,1.104134251363575459e-03,3.621690848376601934e-04,-2.148392843082547188e-03
5.014263629913330078e+00,4.124602794647216797e+00,2.105414628982543945e+00,9.998438358306884766e-01,-9.228628128767013550e-03,4.793579224497079849e-03,1.429140195250511169e-02
5.818170070648193359e+00,6.754623889923095703e+00,5.251583099365234375e+00,9.999508261680603027e-01,-9.010114707052707672e-03,3.969477955251932144e-03,-1.192458672448992729e-03
1.253468990325927734e+00,2.424385070800781250e+00,1.247618079185485840e+00,9.999610781669616699e-01,-2.826894167810678482e-03,-7.268752902746200562e-03,-4.134426359087228775e-03
6.572773456573486328e+00,6.299896717071533203e+00,3.499653100967407227e+00,9.996243119239807129e-01,1.701580826193094254e-03,-2.729547768831253052e-02,-1.814201474189758301e-03
3.434427261352539062e+00,6.766663551330566406e+00,5.799606800079345703e+00,9.999663829803466797e-01,6.794496439397335052e-03,-2.955091884359717369e-03,-3.515940858051180840e-03
4.322578430175781250e+00,1.868115544319152832e+00,6.840736389160156250e+00,9.999922513961791992e-01,-3.386661410331726074e-03,-1.565765822306275368e-03,1.326811267063021660e-03
1.237424850463867188e+00,4.683045387268066406e+00,3.829042911529541016e+00,9.999995827674865723e-01,7.862007478252053261e-04,-9.518711158307269216e-05,6.284022238105535507e-04
1.343802690505981445e+00,3.947852611541748047e+00,2.156059592962265015e-01,9.999994635581970215e-01,1.872214488685131073e-04,2.956400976472650655e-06,1.080624642781913280e-03
4.792362689971923828e+00,5.365764141082763672e+00,4.161325454711914062e+00,9.999826550483703613e-01,1.423414447344839573e-03,-3.220588259864598513e-04,5.716388113796710968e-03
1.753477334976196289e+00,7.310473918914794922e+00,7.030937194824218750e+00,9.999948143959045410e-01,-2.896217862144112587e-03,1.407964155077934265e-04,-1.456655911169946194e-03
6.733537673950195312e+00,2.491248607635498047e+00,4.832631111145019531e+00,9.999033212661743164e-01,2.070968970656394958e-03,-2.970938570797443390e-03,1.342895906418561935e-02
7.396458148956298828e+00,2.749554634094238281e+00,4.597049236297607422e+00,9.999955296516418457e-01,-4.963455139659345150e-04,2.518602414056658745e-03,-1.596311107277870178e-03
1.678080320358276367e+00,7.275589942932128906e+00,9.866083264350891113e-01,9.997930526733398438e-01,-3.838624339550733566e-03,-6.934768985956907272e-03,1.873681508004665375e-02
1.107000470161437988e+00,1.664276421070098877e-02,6.743910312652587891e+00,9.999969005584716797e-01,-2.179831499233841896e-03,-1.247495179995894432e-03,-2.667379740159958601e-04
1.525833964347839355e+00,1.464347124099731445e+00,3.802049875259399414e+00,9.999991059303283691e-01,1.361964852549135685e-03,-1.916596083901822567e-04,1.493712625233456492e-04
3.421583414077758789e+00,3.982706785202026367e+00,1.451715469360351562e+00,9.999983906745910645e-01,-6.942119944142177701e-05,-5.662554176524281502e-04,-1.747600268572568893e-03
8.296185135841369629e-01,1.555179953575134277e+00,4.560021877288818359e+00,9.998972415924072266e-01,4.399700555950403214e-03,-5.699013825505971909e-03,-1.240193098783493042e-02
4.540113925933837891e+00,5.736261010169982910e-01,2.651727199554443359e+00,9.999547004699707031e-01,8.046084549278020859e-04,9.053777830558829010e-06,-9.485941380262374878e-03
2.829643338918685913e-02,1.434276461601257324e+00,4.183091968297958374e-02,9.999970793724060059e-01,1.661609509028494358e-03,-4.639858962036669254e-04,1.731279538944363594e-03
6.638541698455810547e+00,4.203206539154052734e+00,9.515545964241027832e-01,9.999990463256835938e-01,1.044952427037060261e-03,-2.836541971191763878e-04,-9.597861208021640778e-04
1.981150627136230469e+00,7.196475505828857422e+00,3.285283327102661133e+00,9.999998807907104492e-01,3.082756593357771635e-04,-2.557479310780763626e-04,4.133202310185879469e-04
1.824466884136199951e-01,5.597672939300537109e+00,3.521904230117797852e+00,9.998829960823059082e-01,1.195987500250339508e-02,-8.089277893304824829e-03,-5.066839046776294708e-03
3.364791870117187500e+00,5.957487821578979492e-01,5.642683506011962891e+00,9.999939203262329102e-01,2.019077073782682419e-03,2.851217752322554588e-03,2.400657540420070291e-04
5.103061676025390625e+00,6.864267826080322266e+00,3.553375244140625000e+00,9.999997615814208984e-01,2.936532255262136459e-04,-6.564983050338923931e-04,1.320696319453418255e-04
6.104029178619384766e+00,7.209369659423828125e+00,2.795770168304443359e+00,9.999603629112243652e-01,1.765202032402157784e-03,-6.248156540095806122e-03,6.104149855673313141e-03
3.029715299606323242e+00,6.404692649841308594e+00,1.536829233169555664e+00,9.999933242797851562e-01,2.828509546816349030e-03,-2.132306573912501335e-03,9.605956729501485825e-04
4.651135802268981934e-01,3.593755960464477539e-01,6.864531040191650391e+00,9.999997615814208984e-01,-6.833469378761947155e-04,-3.256654017604887486e-04,7.669238402741029859e-05
6.491851329803466797e+00,1.345015883445739746e+00,1.171339273452758789e+00,9.999985694885253906e-01,8.958984835771843791e-05,-1.629505073651671410e-03,-4.955389304086565971e-04
6.904016971588134766e+00,3.721598625183105469e+00,3.599856138229370117e+00,9.999974966049194336e-01,9.279965888708829880e-04,1.267287007067352533e-04,2.077057026326656342e-03
7.229359626770019531e+00,2.613933563232421875e+00,7.271694660186767578e+00,9.999901056289672852e-01,-3.703915281221270561e-03,-2.477804664522409439e-03,1.793998380890116096e-04
2.416368961334228516e+00,5.055491924285888672e-01,6.812689304351806641e+00,9.999988675117492676e-01,-2.212527033407241106e-04,1.333696185611188412e-03,-7.189020398072898388e-04
6.980949878692626953e+00,2.729816913604736328e+00,5.006893157958984375e+00,9.999918341636657715e-01,2.574873855337500572e-03,2.015336649492383003e-03,-2.396373776718974113e-03
2.490385293960571289e+00,8.382203429937362671e-02,2.068324089050292969e+00,9.999998211860656738e-01,2.534767554607242346e-04,6.222852389328181744e-04,-1.841380726546049118e-04
2.114800363779067993e-01,3.841128826141357422e+00,4.746946334838867188e+00,9.999790191650390625e-01,2.302282955497503281e-03,5.938215181231498718e-03,1.234061666764318943e-03
6.387826204299926758e-01,7.152111053466796875e+00,6.685401439666748047e+00,9.999995231628417969e-01,-8.696063887327909470e-04,-5.272574489936232567e-04,8.490334585076197982e-05
6.521841049194335938e+00,5.907500267028808594e+00,2.782791852951049805e+00,9.999973773956298828e-01,-1.957481959834694862e-03,-1.220659120008349419e-03,-1.324971235590055585e-04
1.129745483398437500e+00,4.557852268218994141e+00,2.372693061828613281e+00,9.999977350234985352e-01,-5.879827076569199562e-04,-1.498249592259526253e-03,-1.442111795768141747e-03
2.430583953857421875e+00,1.413186788558959961e+00,3.386318683624267578e+00,9.999933242797851562e-01,5.205977140576578677e-05,3.193706274032592773e-03,1.774725271388888359e-03
1.225848078727722168e+00,5.335046052932739258e-01,6.645509719848632812e+00,9.999612569808959961e-01,2.331027993932366371e-03,-3.088523633778095245e-03,7.910496555268764496e-03
1.965936899185180664e+00,4.101597785949707031e+00,4.234617710113525391e+00,9.999997615814208984e-01,-4.290278593543916941e-04,6.464282632805407047e-04,1.801906328182667494e-04
6.934265613555908203e+00,1.026970267295837402e+00,2.576888084411621094e+00,9.999899864196777344e-01,-1.731079071760177612e-03,-3.774770768359303474e-03,1.682166010141372681e-03
5.307919979095458984e-01,6.579587936401367188e+00,2.421730041503906250e+00,9.999977350234985352e-01,1.083732815459370613e-03,-1.429449534043669701e-03,-1.215865835547447205e-03
7.026016235351562500e+00,1.592217236757278442e-01,7.800105959177017212e-02,9.999142289161682129e-01,9.117434732615947723e-03,8.432834409177303314e-03,4.175200592726469040e-03
1.425534248352050781e+00,1.601697206497192383e-01,2.864073753356933594e+00,9.999986290931701660e-01,9.741736575961112976e-04,1.091329962946474552e-03,8.741539204493165016e-04
3.578648567199707031e+00,2.767281055450439453e+00,8.012443780899047852e-01,9.999986290931701660e-01,6.772026536054909229e-04,-2.809675061143934727e-04,-1.537094591185450554e-03
4.161872386932373047e+00,3.139950275421142578e+00,3.929279327392578125e+00,9.999982118606567383e-01,8.294122526422142982e-04,1.549239386804401875e-03,7.577477954328060150e-04
3.943927049636840820e+00,4.554241597652435303e-01,2.047966003417968750e+00,9.999981522560119629e-01,1.459428458474576473e-04,-1.598662929609417915e-03,1.132006524130702019e-03
4.277542114257812500e+00,1.387134552001953125e+00,3.731095790863037109e+00,9.999986886978149414e-01,2.220949681941419840e-04,3.477831196505576372e-04,1.597007620148360729e-03
6.750847339630126953e+00,5.702661514282226562e+00,7.543210387229919434e-01,9.999607205390930176e-01,6.273087346926331520e-04,-7.803589105606079102e-03,-4.159024450927972794e-03
1.916959434747695923e-01,5.251393795013427734e+00,4.392646789550781250e+00,9.999997019767761230e-01,-8.895187056623399258e-05,2.808362187352031469e-04,-8.090137853287160397e-04
2.044296413660049438e-01,6.510141849517822266e+00,5.790908336639404297e+00,9.998197555541992188e-01,1.734886877238750458e-02,-6.586069939658045769e-04,7.682150229811668396e-03
4.030939102172851562e+00,3.015106916427612305e+00,6.900799751281738281e+00,9.999948143959045410e-01,1.471386174671351910e-03,1.755479490384459496e-03,2.258362947031855583e-03
2.116180419921875000e+00,1.366385698318481445e+00,3.462435007095336914e+00,9.999943971633911133e-01,7.502325024688616395e-05,2.804448362439870834e-03,1.823357422836124897e-03
5.527024745941162109e+00,2.686418294906616211e+00,5.752892017364501953e+00,9.999963641166687012e-01,-2.414149232208728790e-03,6.662537343800067902e-04,1.070961239747703075e-03
2.050796747207641602e+00,3.650926113128662109e+00,1.462239980697631836e+00,9.998852610588073730e-01,6.579722976312041283e-04,-1.484075374901294708e-02,-2.978784730657935143e-03
3.614828109741210938e+00,7.297502517700195312e+00,6.578972816467285156e+00,9.999984502792358398e-01,-1.163200940936803818e-03,1.244579209014773369e-03,-5.090740160085260868e-04
9.482091069221496582e-01,3.786486387252807617e+00,7.349556088447570801e-01,9.999993443489074707e-01,6.850498029962182045e-04,-9.546005749143660069e-04,4.549068762571550906e-05
5.155576705932617188e+00,5.005632877349853516e+00,1.858426451683044434e+00,9.999985098838806152e-01,-1.709406147710978985e-03,-4.002170753665268421e-04,-2.283079520566388965e-04
1.490201592445373535e+00,4.939288139343261719e+00,4.860988616943359375e+00,9.999999403953552246e-01,-4.543698451016098261e-04,-1.629011239856481552e-05,2.027958107646554708e-04
2.960552930831909180e+00,2.306644439697265625e+00,5.233860015869140625e+00,9.999235272407531738e-01,-1.002197898924350739e-02,-3.479203209280967712e-03,6.358152255415916443e-03
5.356982231140136719e+00,2.482913732528686523e+00,7.159468173980712891e+00,9.999969601631164551e-01,-1.974316313862800598e-03,1.242226106114685535e-03,-8.680930477567017078e-04
5.007520198822021484e+00,5.038391590118408203e+00,3.459806442260742188e+00,9.999980330467224121e-01,-8.935903315432369709e-04,1.804684638045728207e-03,3.744152854778803885e-05
5.606721401214599609e+00,5.808220386505126953e+00,6.557320356369018555e-01,9.999994635581970215e-01,1.890827261377125978e-04,6.447810446843504906e-04,8.485726430080831051e-04
6.113144397735595703e+00,5.340073585510253906e+00,3.122927665710449219e+00,9.999893307685852051e-01,-8.189219515770673752e-04,4.078334663063287735e-03,-2.047597896307706833e-03
1.983722805976867676e+00,3.329064846038818359e+00,3.739527463912963867e+00,9.999465942382812500e-01,-6.434448994696140289e-03,7.860644720494747162e-03,1.892734435386955738e-03
5.167936325073242188e+00,4.792613506317138672e+00,2.734572887420654297e+00,9.999996423721313477e-01,-3.671762533485889435e-04,-8.179810247384011745e-04,2.946662789327092469e-05
7.480150222778320312e+00,4.597718238830566406e+00,1.880161881446838379e+00,9.999992251396179199e-01,3.887540369760245085e-04,5.253245035419240594e-05,-1.222581835463643074e-03
6.596054553985595703e+00,1.342646241188049316e+00,6.504883289337158203e+00,9.999885559082031250e-01,-2.626421395689249039e-03,3.692274913191795349e-03,-1.533263712190091610e-03
3.398615121841430664e+00,3.197283983230590820e+00,2.253309726715087891e+00,9.999889135360717773e-01,7.009852561168372631e-04,7.532149902544915676e-04,-4.602952860295772552e-03
1.777713537216186523e+00,2.795382440090179443e-01,6.040137290954589844e+00,9.999990463256835938e-01,1.083457726053893566e-03,6.957486621104180813e-04,6.182183860801160336e-04
1.981564044952392578e+00,5.584644079208374023e-01,9.720914959907531738e-01,9.998053312301635742e-01,1.290925964713096619e-02,-1.491623930633068085e-02,3.634401655290275812e-04
8.736649751663208008e-01,6.765402793884277344e+00,4.990530490875244141e+00,9.999982714653015137e-01,6.582028581760823727e-04,6.060883169993758202e-04,-1.670363126322627068e-03
5.225117206573486328e+00,7.332551479339599609e+00,4.577501773834228516e+00,9.999998807907104492e-01,3.916954156011343002e-04,-3.552711859811097383e-04,-2.359116915613412857e-04
5.660576224327087402e-01,1.309419751167297363e+00,6.256712436676025391e+00,9.999269247055053711e-01,-1.802298706024885178e-03,-2.264643117086961865e-04,-1.195091288536787033e-02
5.252594470977783203e+00,3.174633979797363281e+00,5.763668060302734375e+00,9.999781250953674316e-01,-2.798199129756540060e-04,-3.952838946133852005e-03,5.312538705766201019e-03
1.676518082618713379e+00,5.699636459350585938e+00,4.387487471103668213e-01,9.999992847442626953e-01,-9.949638042598962784e-04,-6.275118794292211533e-04,-1.655730884522199631e-04
7.465790748596191406e+00,4.047653675079345703e+00,4.059931278228759766e+00,9.999552965164184570e-01,5.196576006710529327e-03,7.827775552868843079e-03,1.141582964919507504e-03
7.149857044219970703e+00,5.033077239990234375e+00,4.372903823852539062e+00,9.999958872795104980e-01,1.467058202251791954e-03,-3.622227814048528671e-04,-2.465458121150732040e-03
5.592177391052246094e+00,5.702827453613281250e+00,4.545164108276367188e+00,9.999930262565612793e-01,-1.867473474703729153e-03,2.506081480532884598e-03,2.074881456792354584e-03
6.108831405639648438e+00,3.851644515991210938e+00,3.241187572479248047e+00,9.999981522560119629e-01,1.690296805463731289e-03,-6.309537566266953945e-04,-7.301396690309047699e-04
6.546541452407836914e-01,7.781731486320495605e-01,3.517047405242919922e+00,9.999837279319763184e-01,1.155245699919760227e-03,-9.758629021234810352e-04,5.502690561115741730e-03
1.305443882942199707e+00,4.730074405670166016e+00,2.773892402648925781e+00,9.999924302101135254e-01,-1.416187849827110767e-03,3.590780775994062424e-03,6.612869328819215298e-04
1.321381807327270508e+00,6.243419647216796875e-01,5.913624286651611328e+00,9.999817013740539551e-01,-2.762061776593327522e-03,-4.876972176134586334e-03,-2.302469452843070030e-03
5.132046699523925781e+00,3.639506578445434570e+00,1.305362105369567871e+00,9.999920129776000977e-01,3.971926867961883545e-03,4.972666501998901367e-04,-2.451696782372891903e-04
1.361517667770385742e+00,4.050788402557373047e+00,6.063013553619384766e+00,9.999983310699462891e-01,-3.118265303783118725e-04,1.804253319278359413e-03,2.791167353279888630e-04
2.225680112838745117e+00,3.628006458282470703e+00,5.705991744995117188e+00,9.999809265136718750e-01,-4.915615078061819077e-03,-5.237821605987846851e-04,3.693752922117710114e-03
5.760374665260314941e-01,6.578862667083740234e+00,3.201595067977905273e+00,9.999534487724304199e-01,-6.009257864207029343e-03,5.953824147582054138e-03,4.644189029932022095e-03
1.317293643951416016e+00,8.268061280250549316e-01,5.055100440979003906e+00,9.999986290931701660e-01,-1.681699766777455807e-03,9.126408258453011513e-05,-2.711615816224366426e-04
2.214400768280029297e+00,5.262895584106445312e+00,3.921237468719482422e+00,9.999997615814208984e-01,-3.641890070866793394e-04,-1.321453892160207033e-04,6.363060092553496361e-04
5.069529533386230469e+00,4.389794826507568359e+00,3.919914722442626953e+00,9.999949336051940918e-01,-1.713167992420494556e-03,4.045645764563232660e-04,2.645692089572548866e-03
2.375699281692504883e+00,4.733689427375793457e-01,5.273566722869873047e+00,9.999943375587463379e-01,4.440050361154135317e-06,2.286131260916590691e-03,2.489574952051043510e-03
2.191965579986572266e+00,1.698611497879028320e+00,4.541343078017234802e-02,9.999995827674865723e-01,5.126768955960869789e-04,-5.198190337978303432e-04,6.553974817506968975e-04
6.259000301361083984e+00,4.805523872375488281e+00,6.241521358489990234e+00,9.999199509620666504e-01,-1.065655704587697983e-02,-2.110055182129144669e-03,6.486007012426853180e-03
6.958480834960937500e+00,2.450639247894287109e+00,1.518784165382385254e-01,9.998928904533386230e-01,-1.060052216053009033e-02,-9.700688533484935760e-03,2.796040149405598640e-03
6.373783588409423828e+00,2.786613941192626953e+00,7.058086395263671875e+00,9.999948740005493164e-01,-7.216808735392987728e-04,-2.627946902066469193e-03,1.676751766353845596e-03
3.445902109146118164e+00,7.448157310485839844e+00,1.031134556978940964e-02,9.999933838844299316e-01,-3.342564217746257782e-03,1.335792592726647854e-03,6.213206797838211060e-04
7.960983514785766602e-01,5.538277149200439453e+00,9.880954027175903320e-01,9.999980330467224121e-01,-1.358049106784164906e-03,-7.105686818249523640e-04,1.307683414779603481e-03
5.244354605674743652e-01,4.540358066558837891e+00,3.108603954315185547e-01,9.999997019767761230e-01,2.767001278698444366e-04,-7.893036236055195332e-04,-8.098860416794195771e-05
3.726320028305053711e+00,2.956831455230712891e+00,1.371722579002380371e+00,9.999968409538269043e-01,-1.242936414200812578e-04,9.328775340691208839e-04,-2.338013378903269768e-03
1.822354555130004883e+00,4.368257522583007812e+00,5.866170525550842285e-01,9.999990463256835938e-01,7.237628451548516750e-04,3.892283129971474409e-04,1.103740651160478592e-03
5.761939525604248047e+00,6.326536178588867188e+00,6.579227447509765625e+00,9.999389648437500000e-01,4.709519911557435989e-03,4.565331153571605682e-03,8.888748474419116974e-03
6.399138450622558594e+00,2.530009031295776367e+00,4.597137451171875000e+00,9.999831914901733398e-01,2.152207540348172188e-03,-4.571284225676208735e-04,5.374629050493240356e-03
5.938852787017822266e+00,6.415894031524658203e-01,3.573151111602783203e+00,9.999985694885253906e-01,1.052071806043386459e-03,1.215125084854662418e-03,-6.487249629572033882e-04
5.118368268013000488e-01,4.017724514007568359e+00,3.787771165370941162e-01,9.999984502792358398e-01,6.279638037085533142e-04,1.772165560396388173e-04,-1.663144445046782494e-03
7.126866340637207031e+00,4.427232146263122559e-01,3.826569318771362305e+00,9.997974038124084473e-01,-4.738340154290199280e-03,-5.339054390788078308e-03,-1.882186718285083771e-02
4.538673400878906250e+00,5.836425781250000000e+00,4.347253322601318359e+00,9.999966621398925781e-01,1.558623742312192917e-03,1.715624122880399227e-03,1.196462311781942844e-03
5.569863319396972656e+00,7.398680210113525391e+00,1.235726833343505859e+00,9.999979734420776367e-01,1.490590744651854038e-03,1.534457405796274543e-04,1.394289545714855194e-03
9.933450818061828613e-01,5.028349876403808594e+00,4.070279121398925781e+00,9.999533295631408691e-01,1.124065369367599487e-03,8.145044557750225067e-04,9.565025568008422852e-03
4.100832939147949219e+00,5.957798957824707031e-01,9.462804794311523438e-01,9.999987483024597168e-01,-1.526752253994345665e-03,-1.776504941517487168e-04,4.492470761761069298e-04
7.445088386535644531e+00,2.347581148147583008e+00,7.444377422332763672e+00,9.999110102653503418e-01,-3.894751425832509995e-03,1.257573906332254410e-02,2.180670620873570442e-03
9.700880050659179688e-01,3.119367122650146484e+00,1.809253931045532227e+00,9.999970793724060059e-01,-2.338863909244537354e-03,5.261015030555427074e-04,4.968114662915468216e-04
1.102726221084594727e+00,3.208766222000122070e+00,5.522244930267333984e+00,9.999982714653015137e-01,-9.162733331322669983e-04,2.604687761049717665e-04,-1.649722689762711525e-03
6.717041492462158203e+00,6.062775135040283203e+00,3.900183916091918945e+00,9.999901056289672852e-01,1.632089028134942055e-03,2.253834391012787819e-03,3.490362316370010376e-03
6.614255905151367188e+00,5.251225471496582031e+00,6.167668104171752930e-01,9.999879002571105957e-01,-5.423036054708063602e-04,-4.889204632490873337e-03,2.756552712526172400e-04
1.176661729812622070e+00,7.476509094238281250e+00,7.142611503601074219e+00,9.999867677688598633e-01,3.343841759487986565e-03,-3.893166314810514450e-03,4.642320272978395224e-04
5.876444339752197266e+00,7.542019486427307129e-01,4.992926120758056641e-01,9.999994635581970215e-01,7.953272433951497078e-04,1.437529717804864049e-04,7.331067463383078575e-04
2.079004764556884766e+00,5.331691503524780273e-01,2.876481294631958008e+00,9.999998211860656738e-01,-5.546935135498642921e-04,1.286094920942559838e-04,4.026521928608417511e-04
4.805467128753662109e+00,3.345413923263549805e+00,3.731779575347900391e+00,9.997416734695434570e-01,1.451402623206377029e-02,-1.626589521765708923e-02,6.436203140765428543e-03
4.007009029388427734e+00,5.594131350517272949e-01,4.667523860931396484e+00,9.999994635581970215e-01,1.072498620487749577e-03,-1.171032999991439283e-04,-2.334838209208101034e-04
3.312853336334228516e+00,3.006070852279663086e+00,6.545968055725097656e+00,9.999983906745910645e-01,1.290370011702179909e-03,9.954622946679592133e-04,-7.895906455814838409e-04
6.566064357757568359e+00,4.275766387581825256e-02,1.752633452415466309e-01,9.999972581863403320e-01,1.050660619512200356e-03,-2.086427062749862671e-03,-9.519154264125972986e-05
5.099832534790039062e+00,1.965064167976379395e+00,4.694978237152099609e+00,9.999994635581970215e-01,6.717431824654340744e-04,-6.224971148185431957e-04,3.996459417976438999e-04
4.633363723754882812e+00,8.340953290462493896e-02,3.589406490325927734e+00,9.999695420265197754e-01,5.161903798580169678e-03,-5.486796144396066666e-03,-2.075758064165711403e-03
4.470125198364257812e+00,5.725104331970214844e+00,3.372999906539916992e+00,9.999101758003234863e-01,-4.519488196820020676e-03,-1.048268657177686691e-02,7.022664416581392288e-03
3.681339502334594727e+00,3.294532299041748047e-01,5.239545822143554688e+00,9.999974370002746582e-01,7.765732589177787304e-04,1.612141262739896774e-03,-1.432547927834093571e-03
2.144450426101684570e+00,6.072927951812744141e+00,7.088045597076416016e+00,9.998848438262939453e-01,1.951905316673219204e-03,-1.011495664715766907e-02,1.114140171557664871e-02
3.990205526351928711e+00,7.301043033599853516e+00,5.085912346839904785e-01,9.999920725822448730e-01,3.517244243994355202e-03,1.479696366004645824e-03,1.144530950114130974e-03
1.162378311157226562e+00,6.607298374176025391e+00,3.851814031600952148e+00,9.999982714653015137e-01,1.178345759399235249e-03,-9.196996688842773438e-04,-1.182441948913037777e-03
2.433421373367309570e+00,1.788175702095031738e+00,1.551007270812988281e+00,9.999990463256835938e-01,9.656646871007978916e-04,2.689785032998770475e-04,1.017137547023594379e-03
6.143871784210205078e+00,5.932975292205810547e+00,2.154668331146240234e+00,9.999974370002746582e-01,-1.732182456180453300e-03,4.564906994346529245e-04,-1.450580079108476639e-03
2.163599252700805664e+00,7.079215526580810547e+00,1.284586548805236816e+00,9.999112486839294434e-01,1.468142960220575333e-03,-8.075981400907039642e-03,-1.050010044127702713e-02
5.143958568572998047e+00,6.632383346557617188e+00,4.368597030639648438e+00,9.999808669090270996e-01,3.783520078286528587e-03,4.783201497048139572e-03,1.097988570109009743e-03
2.349661588668823242e+00,3.741756677627563477e+00,6.849714279174804688e+00,9.999958276748657227e-01,-2.269782824441790581e-03,-1.256346004083752632e-03,1.331771840341389179e-03
5.234397053718566895e-01,4.885638236999511719e+00,2.140945911407470703e+00,9.999825954437255859e-01,-5.287603009492158890e-03,2.378203207626938820e-03,-1.087333308532834053e-03
6.043815135955810547e+00,6.679774284362792969e+00,2.331941366195678711e+00,9.999956488609313965e-01,-5.876711220480501652e-04,6.947059300728142262e-04,-2.821816829964518547e-03
8.248308300971984863e-01,4.227574348449707031e+00,4.748032569885253906e+00,9.999341964721679688e-01,5.682430230081081390e-03,6.012727040797472000e-03,7.952421903610229492e-03
1.322498451918363571e-02,2.628823280334472656e+00,6.464533329010009766e+00,9.999964237213134766e-01,6.057443097233772278e-04,2.622519386932253838e-03,-2.638802397996187210e-04
7.413870334625244141e+00,1.109648704528808594e+00,4.515517711639404297e+00,9.999848604202270508e-01,4.965141881257295609e-03,2.381259808316826820e-03,2.304699883097782731e-04
1.969178438186645508e+00,4.877068042755126953e+00,4.716438770294189453e+00,9.999998211860656738e-01,-6.318106316030025482e-04,4.837349115405231714e-05,1.814922143239527941e-04
5.359660625457763672e+00,2.459495782852172852e+00,3.880252361297607422e+00,9.999997615814208984e-01,4.997788346372544765e-04,-5.521561834029853344e-04,6.460036820499226451e-05
6.784060001373291016e+00,4.499653816223144531e+00,1.208451509475708008e+00,9.999974966049194336e-01,1.636134460568428040e-03,-1.622528652660548687e-04,-1.565172569826245308e-03
4.236614227294921875e+00,9.464806914329528809e-01,4.168095111846923828e+00,9.999608397483825684e-01,-8.845459669828414917e-03,-1.193614516523666680e-04,2.933063660748302937e-04
2.781577706336975098e-01,5.477440834045410156e+00,7.197016239166259766e+00,9.999976754188537598e-01,6.931935786269605160e-04,-8.124225423671305180e-04,1.921315328218042850e-03
1.950948834419250488e+00,7.431038379669189453e+00,1.050620436668395996e+00,9.999446272850036621e-01,2.567455812823027372e-04,-4.809655714780092239e-03,9.357891976833343506e-03
4.523496150970458984e+00,1.198339939117431641e+00,2.762962818145751953e+00,9.999969601631164551e-01,-1.702986075542867184e-03,-1.097486587241292000e-03,1.449996139854192734e-03
7.080199241638183594e+00,7.245534420013427734e+00,5.050972461700439453e+00,9.999938011169433594e-01,-2.486982150003314018e-03,-1.738125574775040150e-03,1.797197735868394375e-03
1.098344802856445312e+00,6.902107596397399902e-01,2.706025600433349609e+00,9.999980926513671875e-01,-3.927006036974489689e-04,1.244575134478509426e-03,1.499719917774200439e-03
6.055253505706787109e+00,5.890239238739013672e+00,3.247053146362304688e+00,9.999977946281433105e-01,-1.710748183540999889e-03,9.170601260848343372e-04,8.225330384448170662e-04
1.568821907043457031e+00,3.459458827972412109e+00,2.891994714736938477e+00,9.999998807907104492e-01,4.521976516116410494e-04,-2.369298017583787441e-04,-9.984460484702140093e-05
5.199570655822753906e+00,6.309973716735839844e+00,7.405351161956787109e+00,9.999358057975769043e-01,-3.720855107530951500e-03,-5.252089817076921463e-03,9.331328794360160828e-03
9.535385966300964355e-01,2.767910957336425781e+00,3.611451387405395508e+00,9.998992681503295898e-01,1.324751228094100952e-02,-3.666775533929467201e-03,3.545722691342234612e-03
6.622809886932373047e+00,3.440168142318725586e+00,1.193482160568237305e+00,9.999995827674865723e-01,-7.655459339730441570e-04,3.753029741346836090e-04,-4.464762751013040543e-04
1.891830563545227051e-01,3.710895538330078125e+00,4.215798377990722656e+00,9.999964833259582520e-01,2.051541523542255163e-04,-7.719036657363176346e-04,2.517068991437554359e-03
2.365244626998901367e+00,2.384723424911499023e+00,4.049061775207519531e+00,9.999982714653015137e-01,9.144773357547819614e-04,-2.586340415291488171e-04,-1.626283978112041950e-03
5.827135562896728516e+00,4.210080146789550781e+00,2.403968572616577148e+00,9.998968839645385742e-01,3.744421061128377914e-03,1.231045741587877274e-02,-6.383393425494432449e-03
6.746812820434570312e+00,2.883664131164550781e+00,4.157365322113037109e+00,9.999902844429016113e-01,-3.406671807169914246e-03,1.232594251632690430e-03,-2.540010027587413788e-03
1.080400109291076660e+00,4.676407814025878906e+00,7.169791221618652344e+00,9.998354315757751465e-01,1.112162042409181595e-02,-1.249893102794885635e-02,7.017466239631175995e-03
6.219813823699951172e+00,3.866667985916137695e+00,4.408669471740722656e+00,9.999985098838806152e-01,1.560773467645049095e-03,3.035463159903883934e-04,6.755704525858163834e-04
3.744523525238037109e+00,1.108231171965599060e-01,6.808116912841796875e+00,9.999958872795104980e-01,-2.040981082245707512e-03,-1.383024151436984539e-03,-1.505958149209618568e-03
2.748237371444702148e+00,1.364805459976196289e+00,5.969383716583251953e+00,9.999986886978149414e-01,6.115687428973615170e-04,-1.476583187468349934e-03,2.005781716434285045e-04
1.232500433921813965e+00,2.669218540191650391e+00,6.565023422241210938e+00,9.999995231628417969e-01,-3.499817103147506714e-04,-3.512133262120187283e-04,-9.090170497074723244e-04
5.177300453186035156e+00,3.710815906524658203e+00,3.680336713790893555e+00,9.999615550041198730e-01,-2.650227397680282593e-03,7.642680779099464417e-03,-3.404351649805903435e-03
7.396836280822753906e+00,2.271935939788818359e+00,3.817062079906463623e-01,9.999922513961791992e-01,2.154503250494599342e-03,7.516054902225732803e-04,-3.208259120583534241e-03
5.482919216156005859e+00,4.289810657501220703e+00,3.388944387435913086e+00,9.999742507934570312e-01,1.905565732158720493e-03,-5.521054845303297043e-03,-4.176188725978136063e-03
1.640195846557617188e+00,2.887589216232299805e+00,6.279585361480712891e+00,9.999861121177673340e-01,-2.912269672378897667e-03,-3.018812043592333794e-03,-3.183922730386257172e-03
3.357048034667968750e+00,1.664854526519775391e+00,5.372842773795127869e-02,9.999970793724060059e-01,5.495876539498567581e-04,1.076558255590498447e-04,2.373636001721024513e-03
5.780823707580566406e+00,3.105859756469726562e+00,2.121914625167846680e+00,9.999946951866149902e-01,-2.237780485302209854e-03,2.030951902270317078e-03,-1.282306737266480923e-03
4.665715396404266357e-01,5.186035156250000000e+00,6.850655555725097656e+00,9.999985694885253906e-01,3.702600952237844467e-05,-3.838184347841888666e-04,1.685518887825310230e-03
1.840610504150390625e+00,2.046405792236328125e+00,2.808035314083099365e-01,9.999487996101379395e-01,8.634104597149416804e-05,6.504593417048454285e-03,7.748220581561326981e-03
3.661766052246093750e+00,1.268310666084289551e+00,2.408467054367065430e+00,9.999997019767761230e-01,4.173355991952121258e-04,-4.800263559445738792e-04,4.587011353578418493e-04
2.507076263427734375e+00,2.608051300048828125e+00,2.902205228805541992e+00,9.999994039535522461e-01,-1.072804559953510761e-03,-2.105494786519557238e-04,2.967083710245788097e-04
5.496016502380371094e+00,1.833593010902404785e+00,1.940842628479003906e+00,9.999943971633911133e-01,-1.314746099524199963e-03,-3.051578998565673828e-03,-5.609924555756151676e-04
6.620431423187255859e+00,1.548198699951171875e+00,5.640503883361816406e+00,9.999865293502807617e-01,2.369431545957922935e-03,2.388473832979798317e-03,-3.951605409383773804e-03
3.460275173187255859e+00,7.157330513000488281e+00,4.844407558441162109e+00,9.999979138374328613e-01,-1.482948195189237595e-03,1.433930243365466595e-03,-1.390160323353484273e-04
2.767015695571899414e+00,2.890861749649047852e+00,7.121678829193115234e+00,9.999970197677612305e-01,1.046492252498865128e-03,6.681241211481392384e-04,2.138780895620584488e-03
7.398707389831542969e+00,3.407144308090209961e+00,1.128791928291320801e+00,9.999689459800720215e-01,4.764839541167020798e-03,5.566344130784273148e-03,-2.909603295847773552e-03
5.919976711273193359e+00,1.575136333703994751e-01,2.120537757873535156e+00,9.999982118606567383e-01,-9.008913184516131878e-04,-1.436912571080029011e-03,8.567983750253915787e-04
5.484854698181152344e+00,3.395845651626586914e+00,4.299810886383056641e+00,9.999976754188537598e-01,-1.920829410664737225e-03,-5.538544501177966595e-04,8.927302551455795765e-04
6.919239044189453125e+00,7.410556793212890625e+00,2.587103545665740967e-01,9.999372363090515137e-01,9.045409038662910461e-03,1.845444669015705585e-03,6.357339676469564438e-03
7.700904011726379395e-01,6.349891662597656250e+00,4.949794769287109375e+00,9.999994039535522461e-01,8.145192405208945274e-04,7.523834938183426857e-04,-3.154433215968310833e-04
2.382323980331420898e+00,4.597580730915069580e-01,4.409243538975715637e-02,9.997797012329101562e-01,1.548097003251314163e-03,-2.081941813230514526e-02,2.201589755713939667e-03
1.398927450180053711e+00,5.153152942657470703e+00,5.942086696624755859e+00,9.999982714653015137e-01,-1.726449700072407722e-03,-1.831820118241012096e-04,7.151857134886085987e-04
6.506630182266235352e-01,4.837607383728027344e+00,6.357314586639404297e+00,9.999951720237731934e-01,-3.031641477718949318e-03,-7.871586130931973457e-04,1.519962097518146038e-04
3.899116992950439453e+00,2.094598531723022461e+00,4.940437316894531250e+00,9.999705553054809570e-01,-2.269361633807420731e-03,-5.815145559608936310e-03,-4.471682477742433548e-03
6.016430377960205078e+00,3.142378091812133789e+00,1.563612520694732666e-01,9.999997019767761230e-01,2.677082666195929050e-04,7.576313801109790802e-04,4.356206409283913672e-05
6.437368392944335938e+00,2.120290279388427734e+00,4.053505420684814453e+00,9.999991059303283691e-01,1.065390184521675110e-03,5.922170821577310562e-04,-6.736490759067237377e-04
6.182556629180908203e+00,3.519391298294067383e+00,5.071522235870361328e+00,9.999961256980895996e-01,2.024478511884808540e-03,5.452000186778604984e-04,1.877497998066246510e-03
3.588254451751708984e+00,7.142894744873046875e+00,4.360292911529541016e+00,9.999998211860656738e-01,-4.477922047954052687e-04,-2.651416580192744732e-04,5.185629124753177166e-04
3.405635356903076172e+00,1.878613114356994629e+00,6.566756248474121094e+00,9.999995827674865723e-01,-2.773310407064855099e-04,-6.057014688849449158e-04,6.942340405657887459e-04
5.798772335052490234e+00,4.362080097198486328e+00,6.385056972503662109e-01,9.999993443489074707e-01,5.730492557631805539e-05,1.062883529812097549e-03,4.777547437697649002e-04
5.223837375640869141e+00,5.210399627685546875e-01,5.049418449401855469e+00,9.999979138374328613e-01,-7.884314400143921375e-04,1.486943336203694344e-03,-1.208954723551869392e-03
6.059659957885742188e+00,4.635900974273681641e+00,6.993240833282470703e+00,9.999927282333374023e-01,2.812941325828433037e-03,2.439155476167798042e-03,8.999854326248168945e-04
5.760450363159179688e+00,2.294098138809204102e+00,2.687510728836059570e+00,9.999997019767761230e-01,6.870962097309529781e-04,-1.867606479208916426e-04,-4.116308700758963823e-04
4.989463329315185547e+00,2.112634897232055664e+00,1.696470618247985840e+00,9.999919533729553223e-01,-3.120340174064040184e-03,2.452784450724720955e-03,6.024173344485461712e-04
5.087357044219970703e+00,3.555956840515136719e+00,3.303270101547241211e+00,9.999899864196777344e-01,-2.810127334669232368e-03,3.263709833845496178e-03,-1.275732880458235741e-03
3.036429643630981445e+00,7.410337924957275391e+00,3.378798723220825195e+00,9.999989271163940430e-01,-8.275185246020555496e-04,-1.048946054652333260e-03,-6.814607186242938042e-04
2.933457851409912109e+00,1.260823607444763184e+00,2.222136259078979492e+00,9.999969005584716797e-01,-6.534555577673017979e-04,1.592972897924482822e-03,1.792829018086194992e-03
2.784812450408935547e+00,4.297373771667480469e+00,3.470081567764282227e+00,9.999552369117736816e-01,-7.301792036741971970e-03,-1.627769786864519119e-03,-5.795543547719717026e-03
3.192962169647216797e+00,1.244677081704139709e-01,3.044165134429931641e+00,9.999840259552001953e-01,-3.055191133171319962e-03,-3.404003567993640900e-03,-3.340971423313021660e-03
4.684162139892578125e+00,2.456640720367431641e+00,1.236807703971862793e+00,9.999802708625793457e-01,-2.523598261177539825e-03,-8.235934074036777020e-04,5.706578958779573441e-03
9.413125514984130859e-01,6.698091983795166016e+00,1.799132347106933594e+00,9.999945759773254395e-01,-9.455945109948515892e-04,-2.833247417584061623e-03,-1.406128285452723503e-03
7.075079441070556641e+00,1.818566560745239258e+00,4.757979393005371094e+00,9.999996423721313477e-01,1.072838495019823313e-04,-3.450499789323657751e-04,-8.342125220224261284e-04
7.244690418243408203e+00,6.778794288635253906e+00,2.052352666854858398e+00,9.999964833259582520e-01,2.603730652481317520e-03,-3.139862092211842537e-04,4.605745489243417978e-04
5.292945384979248047e+00,3.299019575119018555e+00,4.725604534149169922e+00,9.999996423721313477e-01,3.302943659946322441e-04,-1.846568484324961901e-04,8.094768272712826729e-04
5.019414424896240234e+00,2.432746648788452148e+00,1.101701427251100540e-02,9.999994039535522461e-01,-4.145159909967333078e-04,-1.055001746863126755e-03,-1.675141684245318174e-04
5.061668395996093750e+00,6.548011779785156250e+00,6.430533409118652344e+00,9.999610781669616699e-01,-5.024831276386976242e-03,6.774074397981166840e-03,-2.584926551207900047e-03
3.021374225616455078e+00,1.773330688476562500e+00,2.298352956771850586e+00,1.000000000000000000e+00,1.923751697177067399e-04,-1.249927026947261766e-05,2.807021955959498882e-04
5.351677894592285156e+00,5.479443550109863281e+00,6.893337726593017578e+00,9.999828338623046875e-01,4.978897515684366226e-03,2.872501034289598465e-03,-1.204822328872978687e-03
5.675837993621826172e+00,3.092780709266662598e-02,2.756386518478393555e+00,9.999996423721313477e-01,2.061320992652326822e-04,3.009931533597409725e-04,-7.307264604605734348e-04
5.703214645385742188e+00,1.282722949981689453e+00,2.916141271591186523e+00,9.999964237213134766e-01,3.438861749600619078e-04,-2.304183784872293472e-03,1.361336326226592064e-03
2.895574569702148438e+00,5.158082485198974609e+00,4.656377792358398438e+00,9.999997019767761230e-01,7.757931016385555267e-04,-9.910367953125387430e-05,2.442404220346361399e-04
4.783588409423828125e+00,5.180785179138183594e+00,1.709343433380126953e+00,9.999988675117492676e-01,-1.213980722241103649e-03,-7.757748826406896114e-04,-6.077761645428836346e-04
2.824102878570556641e+00,4.376806259155273438e+00,6.963520050048828125e+00,9.999979734420776367e-01,7.314087706618010998e-04,2.023103879764676094e-04,-1.879301969893276691e-03
5.828160285949707031e+00,4.193094253540039062e+00,3.227810859680175781e-01,9.999995231628417969e-01,7.142724934965372086e-04,5.135575775057077408e-04,6.109479581937193871e-04
9.307757019996643066e-01,3.288378953933715820e+00,4.538638591766357422e+00,9.999994039535522461e-01,-2.546433534007519484e-04,-9.475727565586566925e-04,-5.758928018622100353e-04
1.223377585411071777e+00,2.264372348785400391e+00,4.876314640045166016e+00,9.999622106552124023e-01,2.201459836214780807e-03,2.448353450745344162e-03,-8.051192387938499451e-03
1.733203291893005371e+00,3.759352207183837891e+00,4.128802776336669922e+00,1.000000000000000000e+00,-1.385362993460148573e-04,-1.945799449458718300e-04,-1.631555933272466063e-04
6.305677413940429688e+00,3.904922008514404297e+00,1.534030675888061523e+00,9.999670982360839844e-01,3.964221570640802383e-03,-5.099157802760601044e-03,-4.923623055219650269e-03
3.031937360763549805e+00,2.340506792068481445e+00,3.280716896057128906e+00,9.999703168869018555e-01,5.859687924385070801e-03,3.755168523639440536e-03,3.306471277028322220e-03
7.455344200134277344e+00,3.143275499343872070e+00,4.218200206756591797e+00,9.999958872795104980e-01,3.558750904630869627e-04,1.150369411334395409e-03,-2.620527055114507675e-03
8.077784776687622070e-01,6.569000720977783203e+00,1.324651718139648438e+00,9.999961256980895996e-01,-1.231427770107984543e-03,-2.290086587890982628e-03,-1.036163419485092163e-03
1.609867066144943237e-01,2.552740812301635742e+00,5.098799705505371094e+00,9.999998807907104492e-01,-4.336269921623170376e-04,3.762375563383102417e-04,-2.368889108765870333e-04
3.854486942291259766e-01,1.179274916648864746e+00,1.209997653961181641e+00,9.999377727508544922e-01,-2.899867482483386993e-03,-7.288631517440080643e-03,7.942580617964267731e-03
3.640062570571899414e+00,2.482310771942138672e+00,2.889237880706787109e+00,9.999958276748657227e-01,2.198421163484454155e-03,1.908238395117223263e-03,1.285190082853659987e-04
6.422432661056518555e-01,2.041245222091674805e+00,4.423705101013183594e+00,9.999949932098388672e-01,7.539490470662713051e-04,1.199005288071930408e-03,-2.820680616423487663e-03
5.500679969787597656e+00,2.995584011077880859e+00,4.471209049224853516e+00,1.000000000000000000e+00,1.105140909203328192e-04,-2.492069324944168329e-04,2.696452429518103600e-05
3.601541757583618164e+00,7.210776805877685547e+00,5.896532535552978516e+00,9.999964237213134766e-01,2.576094353571534157e-03,2.419380616629496217e-04,-7.820621831342577934e-04
3.467100620269775391e+00,5.283708095550537109e+00,1.574766039848327637e+00,9.999996423721313477e-01,6.048535942682065070e-05,1.246633473783731461e-06,8.788772393018007278e-04
6.038579940795898438e+00,6.290050029754638672e+00,3.527342319488525391e+00,9.999936819076538086e-01,-3.023830009624361992e-03,-1.868734252639114857e-03,4.741717202705331147e-05
6.070247650146484375e+00,7.322550773620605469e+00,2.140691518783569336e+00,9.999447464942932129e-01,6.273841951042413712e-03,6.659167818725109100e-03,5.187653005123138428e-03
7.261467456817626953e+00,4.313990592956542969e+00,3.268704175949096680e+00,9.999987483024597168e-01,-4.084777028765529394e-04,-1.413678633980453014e-03,-5.270530236884951591e-04
3.474308252334594727e+00,6.471323013305664062e+00,5.679785251617431641e+00,9.998879432678222656e-01,6.625612732023000717e-03,8.961976505815982819e-03,-1.000506803393363953e-02
2.303571462631225586e+00,8.723382949829101562e-01,6.888477802276611328e-01,9.999963641166687012e-01,-8.308194810524582863e-04,1.281592180021107197e-03,-2.203160198405385017e-03
1.538640975952148438e+00,6.635280132293701172e+00,5.231724739074707031e+00,9.999307394027709961e-01,-1.643597148358821869e-03,1.162957493215799332e-02,8.002127869985997677e-04
1.843684911727905273e-01,5.421749591827392578e+00,6.361160278320312500e+00,9.999992847442626953e-01,-8.530761697329580784e-04,5.687814555130898952e-04,7.443435024470090866e-04
1.400997638702392578e+00,4.885550975799560547e+00,4.031713962554931641e+00,9.999990463256835938e-01,-3.698154177982360125e-04,-8.630685624666512012e-04,1.057236222550272942e-03
4.207479953765869141e+00,2.336288452148437500e+00,5.219508409500122070e-01,9.999893903732299805e-01,1.275241258554160595e-03,-4.435534588992595673e-03,-2.055232289421837777e-05
5.460629463195800781e+00,3.358346700668334961e+00,5.929882526397705078e+00,9.999796748161315918e-01,2.438718453049659729e-03,-5.844916217029094696e-03,-8.354746969416737556e-04
3.664359092712402344e+00,7.027029991149902344e+00,6.865948200225830078e+00,9.999839663505554199e-01,-4.924337845295667648e-03,1.482876017689704895e-03,-2.389517845585942268e-03
6.171699523925781250e+00,3.711195468902587891e+00,8.202388137578964233e-02,9.999996423721313477e-01,-2.309229312231764197e-04,8.174306713044643402e-04,-1.179747123387642205e-04
3.606254339218139648e+00,4.508555412292480469e+00,7.073287010192871094e+00,9.999948740005493164e-01,1.920238864840939641e-04,1.758693368174135685e-03,-2.681305399164557457e-03
2.691679954528808594e+00,2.294449806213378906e+00,4.210659027099609375e+00,9.999998211860656738e-01,6.945851491764187813e-04,1.351352257188409567e-04,-1.149650270235724747e-04
7.312742710113525391e+00,1.788754940032958984e+00,1.254946470260620117e+00,9.999986886978149414e-01,-9.608029504306614399e-04,-1.070918515324592590e-03,7.963504176586866379e-04
5.713141918182373047e+00,5.432005971670150757e-02,6.713195323944091797e+00,9.995520114898681641e-01,4.004467278718948364e-03,-2.963639982044696808e-02,1.192698604427278042e-03
1.248818397521972656e+00,5.382462978363037109e+00,5.082455635070800781e+00,9.999822378158569336e-01,-1.470843562856316566e-03,7.277728291228413582e-04,-5.724691785871982574e-03
2.263856679201126099e-01,4.516576766967773438e+00,4.995669841766357422e+00,9.999694228172302246e-01,-7.319835945963859558e-03,-2.256778680020943284e-04,2.767144003883004189e-03
7.333225011825561523e-01,1.562090873718261719e+00,5.903662204742431641e+00,9.999675750732421875e-01,7.303858175873756409e-03,-1.895151799544692039e-03,-2.840889617800712585e-03
7.379606723785400391e+00,4.512637615203857422e+00,6.847344398498535156e+00,9.999013543128967285e-01,9.647645056247711182e-03,1.013603899627923965e-02,1.261864672414958477e-03
1.904434263706207275e-01,7.388140678405761719e+00,1.772989511489868164e+00,9.999960660934448242e-01,-1.953873783349990845e-03,-1.412133336998522282e-03,1.472453470341861248e-03
2.334737062454223633e+00,2.388661861419677734e+00,2.285238504409790039e+00,1.000000000000000000e+00,3.297267539892345667e-04,2.180487354053184390e-04,-1.731612428557127714e-04
3.115321636199951172e+00,3.210181891918182373e-01,4.729090690612792969e+00,9.999998211860656738e-01,-6.698654760839417577e-05,2.869970339816063643e-04,-6.325827562250196934e-04
1.450617194175720215e+00,4.035002708435058594e+00,4.731943607330322266e+00,9.999184608459472656e-01,7.184538058936595917e-03,1.055198814719915390e-02,4.548975848592817783e-04
5.484277725219726562e+00,3.617852687835693359e+00,6.283836364746093750e-01,9.999976754188537598e-01,1.937354798428714275e-03,5.501185660250484943e-04,8.596195839345455170e-04
5.380495548248291016e+00,3.403322219848632812e+00,5.130569934844970703e+00,9.999991655349731445e-01,1.143950968980789185e-03,-4.268717020750045776e-04,4.941939259879291058e-04
5.642971515655517578e+00,7.184944152832031250e+00,6.795144081115722656e+00,9.999967813491821289e-01,-1.413625523127848282e-05,8.551278151571750641e-04,-2.414938760921359062e-03
3.905270814895629883e+00,2.477459430694580078e+00,3.881949901580810547e+00,9.999995827674865723e-01,-2.643997322593349963e-05,-7.499574567191302776e-04,-6.394905503839254379e-04
3.641644954681396484e+00,8.077753186225891113e-01,1.282478809356689453e+00,9.999979138374328613e-01,-1.813524402678012848e-03,-6.162430508993566036e-04,-8.162958547472953796e-04
3.079112768173217773e+00,5.278522968292236328e+00,7.460447311401367188e+00,9.999602437019348145e-01,-5.979062523692846298e-03,-3.741288091987371445e-03,5.469719413667917252e-03
2.252770185470581055e+00,4.967525303363800049e-01,3.252084970474243164e+00,9.999980330467224121e-01,8.286574156954884529e-04,7.884602528065443039e-04,1.666358904913067818e-03
7.358356475830078125e+00,5.520333290100097656e+00,7.372559547424316406e+00,9.999566078186035156e-01,-7.078295457176864147e-04,-3.949402365833520889e-03,8.412170223891735077e-03
6.799407005310058594e+00,3.171513557434082031e+00,4.341385364532470703e+00,9.999958276748657227e-01,-1.145107904449105263e-03,-2.284023794345557690e-04,-2.667603781446814537e-03
4.608894348144531250e+00,7.185177326202392578e+00,2.548972129821777344e+00,9.999457001686096191e-01,2.999475691467523575e-03,9.824849665164947510e-03,1.766418223269283772e-03
3.671126127243041992e+00,5.233504295349121094e+00,1.125216722488403320e+00,9.999355077743530273e-01,-1.844031612563412637e-05,6.520821712911128998e-03,-9.305920451879501343e-03
4.342597961425781250e+00,2.420196056365966797e+00,1.869747638702392578e+00,9.999982714653015137e-01,2.871356555260717869e-04,4.968827852280810475e-05,-1.881122472696006298e-03
5.042190551757812500e+00,6.683421134948730469e+00,5.831909656524658203e+00,9.999111294746398926e-01,-8.961460553109645844e-03,-3.267848631367087364e-03,-9.321009740233421326e-03
1.443186998367309570e+00,1.732049465179443359e+00,3.636805295944213867e+00,9.999967813491821289e-01,1.182821230031549931e-03,-2.222816459834575653e-03,4.549504956230521202e-04
1.769411087036132812e+00,1.598360776901245117e+00,7.442520141601562500e+00,9.999915957450866699e-01,-2.051726041827350855e-04,-3.609674749895930290e-03,1.940012560226023197e-03
6.389394760131835938e+00,7.408667564392089844e+00,6.601122856140136719e+00,9.998108744621276855e-01,1.441505923867225647e-02,1.270353421568870544e-02,-3.001342760398983955e-03
5.410027503967285156e+00,6.117819786071777344e+00,2.508055448532104492e+00,9.999991655349731445e-01,8.821413503028452396e-04,9.589382680132985115e-04,-2.421905810479074717e-04
3.690144062042236328e+00,2.357159137725830078e+00,7.954290509223937988e-01,9.999996423721313477e-01,-3.198823833372443914e-04,5.694273859262466431e-04,6.808653706684708595e-04
7.278624057769775391e+00,4.150378704071044922e+00,2.529565811157226562e+00,9.999995827674865723e-01,-2.598644350655376911e-04,9.052073000930249691e-04,5.150743527337908745e-05
3.017562627792358398e+00,2.942799806594848633e+00,7.337707042694091797e+00,9.999995827674865723e-01,-1.411189878126606345e-04,-6.931081297807395458e-04,6.686377455480396748e-04
1.129751920700073242e+00,4.966952323913574219e+00,3.161573410034179688e+00,9.999984502792358398e-01,-3.528572560753673315e-04,1.359160756692290306e-03,-1.095567364245653152e-03
5.490801811218261719e+00,4.868528366088867188e+00,6.285629749298095703e+00,9.999973177909851074e-01,-9.124506614170968533e-04,-1.771745504811406136e-03,1.212007948197424412e-03
7.178647041320800781e+00,1.781024485826492310e-01,1.672212243080139160e+00,9.999612569808959961e-01,-5.591782275587320328e-03,-6.413734052330255508e-03,2.285496331751346588e-03
5.270604610443115234e+00,4.082102298736572266e+00,5.090704560279846191e-01,9.999883174896240234e-01,-3.932697232812643051e-03,2.781314309686422348e-03,5.483202985487878323e-04
1.062829971313476562e+00,2.188201904296875000e+00,3.028918504714965820e-01,9.999906420707702637e-01,7.765132468193769455e-04,-4.242138937115669250e-03,2.907565212808549404e-04
5.618031978607177734e+00,4.216104507446289062e+00,7.401686668395996094e+00,1.000000000000000000e+00,2.072600036626681685e-04,-2.715912414714694023e-04,1.111403107643127441e-04
3.484287023544311523e+00,5.730424880981445312e+00,4.918438911437988281e+00,9.999399781227111816e-01,-8.632079698145389557e-03,6.071174866519868374e-04,-6.734159775078296661e-03
3.527561902999877930e+00,4.990283966064453125e+00,3.091546535491943359e+00,9.999989271163940430e-01,1.210851129144430161e-03,-3.083032788708806038e-04,8.327070972882211208e-04
6.335756778717041016e-01,1.808463573455810547e+00,2.370346546173095703e+00,9.999865889549255371e-01,4.269826458767056465e-04,-2.946900436654686928e-03,-4.229100421071052551e-03
6.956197261810302734e+00,2.615494489669799805e+00,6.000233650207519531e+00,9.999970793724060059e-01,-4.263460868969559669e-05,2.196528017520904541e-03,1.075865817256271839e-03
5.504025459289550781e+00,1.831141114234924316e+00,5.136524200439453125e+00,9.999989271163940430e-01,1.345068332739174366e-03,3.109712561126798391e-04,6.177941104397177696e-04
3.803077220916748047e+00,2.996944904327392578e+00,5.166336894035339355e-01,9.999969005584716797e-01,2.429232554277405143e-04,1.552973524667322636e-03,-1.951574929989874363e-03
6.493200302124023438e+00,6.862473487854003906e+00,1.130947828292846680e+00,9.999988675117492676e-01,1.535461284220218658e-03,2.553164267737884074e-05,1.411862194800050929e-05
5.065798282623291016e+00,8.876862525939941406e-01,4.923299789428710938e+00,9.999964833259582520e-01,9.385846788063645363e-04,2.082635182887315750e-03,-1.401537447236478329e-03
1.763306736946105957e+00,3.940624952316284180e+00,7.070434570312500000e+00,9.999995231628417969e-01,8.093333599390462041e-05,-7.744748727418482304e-04,7.190952892415225506e-04
4.464816570281982422e+00,6.537294864654541016e+00,3.199993848800659180e+00,9.999992847442626953e-01,3.516888536978513002e-04,8.455765782855451107e-04,8.422524551860988140e-04
1.396694779396057129e+00,8.869491815567016602e-01,6.439061164855957031e+00,9.999945759773254395e-01,-3.200111677870154381e-03,-3.756826627068221569e-04,7.508036214858293533e-04
3.132541656494140625e+00,3.026305198669433594e+00,2.682136774063110352e+00,9.999985694885253906e-01,-6.215001922100782394e-04,9.617836913093924522e-04,-1.264320570044219494e-03
6.358773231506347656e+00,1.495961785316467285e+00,7.210577487945556641e+00,9.999442696571350098e-01,-4.861542547587305307e-04,-2.317927719559520483e-04,1.055174786597490311e-02
6.268583297729492188e+00,8.214382082223892212e-02,1.838367938995361328e+00,9.999329447746276855e-01,9.085426107048988342e-03,3.651786362752318382e-03,-6.181439850479364395e-03
2.490081787109375000e+00,7.096889972686767578e+00,5.055937170982360840e-01,9.999994635581970215e-01,-7.970041042426601052e-05,9.691721643321216106e-04,-5.035779904574155807e-04
1.619511961936950684e+00,8.849397897720336914e-01,3.177371621131896973e-01,9.999786019325256348e-01,-3.820094745606184006e-03,-2.493963693268597126e-04,5.311694461852312088e-03
4.280907630920410156e+00,2.965384244918823242e+00,2.615799903869628906e+00,9.999963045120239258e-01,-2.118535107001662254e-03,-1.367097720503807068e-03,1.076456741429865360e-03
4.294535160064697266e+00,1.420302689075469971e-01,6.248703002929687500e+00,9.999986290931701660e-01,-6.656781188212335110e-04,-1.472034491598606110e-03,4.034460580442100763e-04
7.471931457519531250e+00,7.049357414245605469e+00,3.974865198135375977e+00,9.999830722808837891e-01,-3.118733642622828484e-03,2.410768531262874603e-03,-4.271296318620443344e-03
2.179149627685546875e+00,9.039776921272277832e-01,3.722540378570556641e+00,9.999976754188537598e-01,1.379286521114408970e-03,8.872604230418801308e-04,1.442014821805059910e-03
6.706054210662841797e+00,5.373837471008300781e+00,3.057587146759033203e+00,9.999531507492065430e-01,3.543152939528226852e-03,5.805005319416522980e-03,-6.887298543006181717e-03
3.648607492446899414e+00,4.425666809082031250e+00,2.150851726531982422e+00,9.999336600303649902e-01,6.632724776864051819e-03,-6.435833405703306198e-03,-6.880631204694509506e-03
5.585683822631835938e+00,2.853293895721435547e+00,1.222291707992553711e+00,9.999924898147583008e-01,3.162728855386376381e-03,-1.988733187317848206e-03,1.083855750039219856e-03
3.564451694488525391e+00,3.618558645248413086e+00,5.445294380187988281e+00,9.999975562095642090e-01,9.081412572413682938e-04,-1.622879179194569588e-03,1.243098056875169277e-03
6.112038135528564453e+00,5.334028720855712891e+00,2.708458662033081055e+00,9.999989271163940430e-01,3.461786836851388216e-04,5.597235867753624916e-04,-1.355425571091473103e-03
2.470201969146728516e+00,4.331869125366210938e+00,6.488502025604248047e-01,9.999986290931701660e-01,6.495463312603533268e-04,1.171690295450389385e-03,-1.049025682732462883e-03
2.776173830032348633e+00,9.728926420211791992e-01,7.057010173797607422e+00,9.999983906745910645e-01,3.995905281044542789e-04,1.669660443440079689e-03,5.872129695490002632e-04
5.256587505340576172e+00,6.774451732635498047e+00,2.843461513519287109e+00,9.999049305915832520e-01,-5.331445019692182541e-03,-1.265529170632362366e-02,-1.308357692323625088e-03
7.299521923065185547e+00,4.530220985412597656e+00,1.308600544929504395e+00,9.999325275421142578e-01,-6.432246416807174683e-03,5.792922805994749069e-03,-7.751062512397766113e-03
1.483850598335266113e+00,5.719389438629150391e+00,2.164885044097900391e+00,9.999997019767761230e-01,1.596470247022807598e-04,7.405806682072579861e-04,2.601220039650797844e-04
2.321636199951171875e+00,5.256305217742919922e+00,5.538485527038574219e+00,9.999871850013732910e-01,1.148140436271205544e-04,1.326228957623243332e-03,-4.888652823865413666e-03
1.069435000419616699e+00,2.453728675842285156e+00,2.081070661544799805e+00,9.999927282333374023e-01,1.382960588671267033e-03,1.464623725041747093e-03,3.253395203500986099e-03
7.763781547546386719e-01,8.035442233085632324e-01,5.972526550292968750e+00,9.999986886978149414e-01,-1.139466650784015656e-03,-2.235935389762744308e-04,1.178499544039368629e-03
1.949228167533874512e+00,2.075324296951293945e+00,6.947225570678710938e+00,9.999964833259582520e-01,-1.961362315341830254e-03,1.325935358181595802e-03,1.260729040950536728e-03
5.441566467285156250e+00,2.809353351593017578e+00,8.204528689384460449e-01,9.999983906745910645e-01,1.106192939914762974e-03,-7.267481414601206779e-04,1.247300184331834316e-03
4.506722390651702881e-01,2.341498374938964844e+00,6.872448444366455078e+00,9.999985694885253906e-01,2.767004480119794607e-04,-6.849937490187585354e-04,-1.545830047689378262e-03
3.429880142211914062e-01,3.970869064331054688e+00,3.994693517684936523e+00,9.999982714653015137e-01,1.728674862533807755e-03,5.483468412421643734e-04,-4.840692272409796715e-04
5.379503726959228516e+00,3.821276128292083740e-01,4.065310478210449219e+00,9.999980926513671875e-01,-1.916589564643800259e-03,-1.461476058466359973e-04,2.881930267903953791e-04
4.574782371520996094e+00,4.043718576431274414e-01,5.211773395538330078e+00,9.998831152915954590e-01,1.292901020497083664e-02,3.450747812166810036e-03,-7.393637672066688538e-03
3.885124921798706055e-01,3.220742702484130859e+00,5.925162792205810547e+00,9.999719262123107910e-01,-2.434884518152102828e-04,1.781513099558651447e-03,7.287120446562767029e-03
3.509861230850219727e+00,1.527968764305114746e+00,9.563177227973937988e-01,9.999974966049194336e-01,1.987409545108675957e-03,8.486805018037557602e-04,6.994433351792395115e-04
2.157226353883743286e-01,3.768380582332611084e-01,4.814774513244628906e+00,9.999562501907348633e-01,2.679393626749515533e-03,3.529846202582120895e-03,-8.236925117671489716e-03
6.004916667938232422e+00,2.635084465146064758e-02,6.270883083343505859e+00,9.999634623527526855e-01,-5.683948984369635582e-04,8.496005088090896606e-03,-7.201614207588136196e-04
4.625102043151855469e+00,1.682535409927368164e+00,2.554100155830383301e-01,9.999988079071044922e-01,1.095652580261230469e-03,-8.900504326447844505e-04,6.664256798103451729e-04
6.432283878326416016e+00,7.239170551300048828e+00,7.349330425262451172e+00,9.999988079071044922e-01,1.300475676544010639e-03,-6.795208901166915894e-04,5.410480080172419548e-04
4.608105868101119995e-02,5.155347824096679688e+00,6.817908287048339844e+00,9.999974370002746582e-01,1.948673045262694359e-03,5.485765286721289158e-04,1.059312722645699978e-03
2.779359340667724609e+00,4.925936698913574219e+00,6.931273937225341797e+00,9.999988675117492676e-01,-1.165384775958955288e-03,-4.466761674848385155e-05,1.021242933347821236e-03
1.935111045837402344e+00,1.075398921966552734e+00,2.494081974029541016e+00,9.999963045120239258e-01,1.169269671663641930e-03,2.400807105004787445e-03,-6.087000947445631027e-04
7.608855962753295898e-01,4.722050189971923828e+00,4.729620933532714844e+00,9.999966621398925781e-01,-6.460693548433482647e-04,-2.099615754559636116e-03,-1.413025544025003910e-03
3.678679704666137695e+00,1.915320754051208496e+00,4.680141925811767578e+00,9.999998211860656738e-01,3.173849545419216156e-04,-6.005336763337254524e-04,2.037797967204824090e-04
4.309870243072509766e+00,6.116723537445068359e+00,3.529761552810668945e+00,9.999932050704956055e-01,-1.811231253668665886e-03,-2.700905548408627510e-03,-1.787901273928582668e-03
5.924550533294677734e+00,5.537557125091552734e+00,2.310970306396484375e+00,9.999969601631164551e-01,-1.765303313732147217e-03,-1.749873743392527103e-03,-2.430560125503689051e-04
4.535033702850341797e+00,3.875281095504760742e+00,6.165307044982910156e+00,9.999989867210388184e-01,-3.330849285703152418e-04,6.968798115849494934e-04,1.247665612027049065e-03
5.505753993988037109e+00,1.191063404083251953e+00,7.041388988494873047e+00,9.999943971633911133e-01,2.712958026677370071e-03,-1.886780490167438984e-03,5.143723101355135441e-04
3.829674720764160156e+00,4.989049911499023438e+00,5.773666381835937500e+00,9.999991655349731445e-01,-1.225145650096237659e-03,5.127667682245373726e-04,3.244677500333636999e-04
2.581543684005737305e+00,5.554352760314941406e+00,5.978218078613281250e+00,9.999931454658508301e-01,-3.244282212108373642e-03,2.124146267306059599e-04,-1.812409609556198120e-03
6.564539909362792969e+00,6.415996551513671875e+00,4.824611246585845947e-01,9.999995827674865723e-01,4.577240906655788422e-04,5.924763390794396400e-04,-6.544460193254053593e-04
1.500001907348632812e+00,6.090261936187744141e+00,1.914317011833190918e+00,9.999996423721313477e-01,8.690699469298124313e-04,2.132573281414806843e-04,-2.782476658467203379e-04
2.236219406127929688e+00,4.434184074401855469e+00,5.683505535125732422e+00,9.999155402183532715e-01,-1.151102408766746521e-02,-4.355407319962978363e-03,4.184855148196220398e-03
6.857737064361572266e+00,7.450946807861328125e+00,6.186926364898681641e+00,9.999795556068420410e-01,1.809479668736457825e-03,-4.124098923057317734e-03,-4.549159202724695206e-03
6.847961425781250000e+00,6.935592174530029297e+00,5.457536131143569946e-02,9.999952316284179688e-01,2.537213498726487160e-03,-1.779861981049180031e-03,-1.013448709272779524e-04
2.802960157394409180e+00,4.762078285217285156e+00,6.226495742797851562e+00,9.999589323997497559e-01,4.783644340932369232e-03,-6.481305230408906937e-03,4.145414102822542191e-03
2.175893038511276245e-01,6.246930122375488281e+00,6.095045089721679688e+00,9.999935030937194824e-01,3.430325305089354515e-03,1.144931418821215630e-03,2.637124634929932654e-05
1.547964572906494141e+00,1.851042360067367554e-01,4.885185718536376953e+00,9.999786615371704102e-01,-2.795377047732472420e-03,-3.840265097096562386e-03,4.494560882449150085e-03
1.507342576980590820e+00,4.132152080535888672e+00,5.257072448730468750e+00,9.999991059303283691e-01,-7.884865626692771912e-04,-9.052048553712666035e-04,-7.088132551871240139e-04
1.164052009582519531e+00,7.322284698486328125e+00,1.186296105384826660e+00,9.999987483024597168e-01,-5.569659406319260597e-04,2.675450814422219992e-04,-1.484408858232200146e-03
5.493913173675537109e+00,1.310886263847351074e+00,3.291444301605224609e+00,9.998828172683715820e-01,2.469979692250490189e-03,-5.223661661148071289e-03,-1.417612750083208084e-02
1.466910004615783691e+00,1.241517901420593262e+00,4.038812637329101562e+00,9.999997615814208984e-01,2.922400017268955708e-04,-5.594472168013453484e-04,-4.398382443469017744e-04
2.817873716354370117e+00,6.653852462768554688e+00,5.835143089294433594e+00,9.999531507492065430e-01,2.438126684864982963e-04,7.758851163089275360e-03,-5.793882999569177628e-03
5.550351619720458984e+00,1.477962136268615723e+00,6.480225563049316406e+00,9.999952912330627441e-01,1.495904638431966305e-03,7.324855687329545617e-05,-2.693220973014831543e-03
1.318827271461486816e-01,1.701125383377075195e+00,1.496388435363769531e+00,9.999995231628417969e-01,-5.023652920499444008e-04,4.629450850188732147e-04,-6.821284769102931023e-04
6.171360015869140625e+00,3.564338922500610352e+00,3.846893548965454102e+00,9.999870061874389648e-01,-1.811039517633616924e-03,3.355870721861720085e-03,3.386767115443944931e-03
7.460283756256103516e+00,1.741095185279846191e-01,7.502412199974060059e-01,9.999902844429016113e-01,-1.434026580682257190e-05,3.976120147854089737e-03,1.931295846588909626e-03
6.618365287780761719e+00,2.662739038467407227e+00,6.775206089019775391e+00,9.999974370002746582e-01,-1.708431402221322060e-03,-1.506991451606154442e-03,2.080429549096152186e-04
2.064245700836181641e+00,5.970825672149658203e+00,6.414861202239990234e+00,9.999917745590209961e-01,7.660478004254400730e-04,-3.419534070417284966e-03,-2.086287830024957657e-03
5.818295478820800781e+00,6.490546703338623047e+00,6.969789862632751465e-01,9.999995827674865723e-01,-1.029583813760837074e-06,8.391123265027999878e-04,4.662713035941123962e-04
7.093216419219970703e+00,2.143328189849853516e+00,5.069354057312011719e+00,9.999995827674865723e-01,2.659605524968355894e-04,1.455095771234482527e-04,-9.415107779204845428e-04
5.252758502960205078e+00,3.279202938079833984e+00,3.574938058853149414e+00,9.999189972877502441e-01,3.147024661302566528e-03,-5.197272635996341705e-03,-1.119065657258033752e-02
4.603045940399169922e+00,1.384598374366760254e+00,3.601927042007446289e+00,9.998856186866760254e-01,8.612149395048618317e-03,-5.847378633916378021e-03,-1.097766123712062836e-02
2.604121446609497070e+00,4.513153433799743652e-01,5.970891952514648438e+00,9.999997615814208984e-01,5.155119652044959366e-05,-6.947623915039002895e-04,-2.184303884860128164e-04
4.935847520828247070e-01,3.233976602554321289e+00,5.757604166865348816e-02,1.000000000000000000e+00,8.315454033436253667e-05,1.150875832536257803e-04,-2.958500408567488194e-04
6.904759258031845093e-02,2.381426572799682617e+00,7.784489989280700684e-01,9.997634291648864746e-01,3.631195984780788422e-03,1.939710602164268494e-02,9.149082005023956299e-03
1.822092533111572266e+00,2.912838697433471680e+00,5.024393558502197266e+00,9.999315142631530762e-01,-8.485166355967521667e-03,6.972920149564743042e-03,-4.052002914249897003e-03
1.134484648704528809e+00,5.818531990051269531e+00,2.454183578491210938e+00,9.999971389770507812e-01,4.164107958786189556e-04,1.419829670339822769e-03,-1.894825720228254795e-03
7.020580768585205078e+00,5.966045379638671875e+00,4.990723729133605957e-01,9.999960064888000488e-01,2.110601169988512993e-03,1.335056498646736145e-03,1.382555812597274780e-03
5.807529926300048828e+00,6.182412624359130859e+00,5.243291854858398438e+00,9.999016523361206055e-01,6.825022399425506592e-03,5.488548427820205688e-03,1.095624361187219620e-02
7.328076839447021484e+00,6.783091068267822266e+00,4.550291061401367188e+00,9.999947547912597656e-01,9.546245564706623554e-05,-8.340470376424491405e-04,-3.132756799459457397e-03
5.094398498535156250e+00,8.043317496776580811e-02,2.053187370300292969e+00,9.999573230743408203e-01,7.127296645194292068e-03,-4.291520453989505768e-03,-4.026003181934356689e-03
7.057610511779785156e+00,6.040778636932373047e+00,3.433381319046020508e+00,9.999998807907104492e-01,-9.987905650632455945e-05,2.406264102319255471e-04,4.596685757860541344e-04
6.891154050827026367e-01,2.598748207092285156e+00,4.088550567626953125e+00,9.999817609786987305e-01,5.175333935767412186e-03,-2.501535927876830101e-03,1.870033447630703449e-03
2.077903598546981812e-01,3.147956609725952148e+00,5.021123409271240234e+00,9.999973177909851074e-01,4.742559394799172878e-04,2.241613576188683510e-03,-4.456849419511854649e-04
7.141045331954956055e-01,3.335192203521728516e+00,2.682642698287963867e+00,9.999645948410034180e-01,-4.068639129400253296e-03,-4.347111564129590988e-03,-5.946392659097909927e-03
6.136435031890869141e+00,2.164638489484786987e-01,4.922882080078125000e+00,9.999972581863403320e-01,1.582786208018660545e-04,-3.712628968060016632e-04,-2.342297229915857315e-03
6.911662220954895020e-01,3.937805175781250000e+00,5.614210605621337891e+00,9.999836087226867676e-01,3.312445711344480515e-03,-4.234488587826490402e-03,1.954889157786965370e-03
4.562287330627441406e+00,4.402507841587066650e-01,1.084389016032218933e-01,9.999990463256835938e-01,-1.001205993816256523e-03,-8.345886599272489548e-04,-5.296713788993656635e-04
1.077188968658447266e+00,2.652984619140625000e+00,4.951401233673095703e+00,1.000000000000000000e+00,-1.045901954057626426e-04,-1.147679868154227734e-04,-1.350793318124487996e-04
2.698892593383789062e+00,2.837826728820800781e+00,5.483946323394775391e+00,9.999983906745910645e-01,9.432045044377446175e-05,3.984226495958864689e-04,-1.773919444531202316e-03
6.234333992004394531e+00,8.505140542984008789e-01,7.470488548278808594e+00,9.999978542327880859e-01,8.001227979548275471e-04,-1.781981205567717552e-03,-8.142289589159190655e-04
3.300010681152343750e+00,3.449622869491577148e+00,8.025118112564086914e-01,9.999983310699462891e-01,2.707879684749059379e-05,-1.717801787890493870e-03,-7.122595561668276787e-04
1.481495380401611328e+00,7.162217140197753906e+00,1.367748022079467773e+00,9.999914765357971191e-01,-3.620689967647194862e-03,1.730063580907881260e-03,-1.029527513310313225e-03
7.413702011108398438e+00,5.142777442932128906e+00,3.490912437438964844e+00,9.999710321426391602e-01,2.725575584918260574e-03,5.905798636376857758e-03,3.964719362556934357e-03
6.592831134796142578e+00,2.239610433578491211e+00,2.999109506607055664e+00,9.999408125877380371e-01,-8.638619445264339447e-03,-1.292017986997961998e-04,6.618095561861991882e-03
3.988704919815063477e+00,3.953552961349487305e+00,4.482146739959716797e+00,9.999991059303283691e-01,-1.338970760116353631e-04,-1.352707738988101482e-03,-1.470633578719571233e-04
6.249395847320556641e+00,3.182012319564819336e+00,5.822217941284179688e+00,9.999987483024597168e-01,-1.315462752245366573e-03,9.214466554112732410e-04,4.476228696148609743e-06
4.742495536804199219e+00,2.890286922454833984e+00,6.963509082794189453e+00,9.999938011169433594e-01,-3.450305899605154991e-03,-7.578035583719611168e-04,1.590837346157059073e-04
2.425112724304199219e+00,6.188451766967773438e+00,4.582977294921875000e+00,9.999986290931701660e-01,-1.471043564379215240e-03,7.836465374566614628e-04,-3.667310811579227448e-04
3.720024585723876953e+00,7.671638131141662598e-01,8.061087727546691895e-01,9.999992847442626953e-01,-1.137483050115406513e-03,-2.232422411907464266e-04,-4.825881042052060366e-04
1.744447946548461914e+00,9.848780035972595215e-01,2.774466753005981445e+00,9.999991655349731445e-01,4.513669991865754128e-04,1.148942392319440842e-03,-3.757248050533235073e-04
5.060800909996032715e-01,2.673036336898803711e+00,5.297476291656494141e+00,9.999981522560119629e-01,-1.645179814659059048e-03,6.879405118525028229e-04,-8.018899825401604176e-04
4.497705936431884766e+00,4.535000801086425781e+00,1.171521782875061035e+00,9.999916553497314453e-01,-3.081720089539885521e-03,1.100233406759798527e-03,-2.456594724208116531e-03
4.360625743865966797e+00,5.008873939514160156e+00,1.773853182792663574e+00,9.999574422836303711e-01,7.383017800748348236e-03,5.312384571880102158e-03,1.566197839565575123e-03
4.268310546875000000e+00,4.787970066070556641e+00,1.546288609504699707e+00,9.999992251396179199e-01,-8.138531702570617199e-04,-8.886065916158258915e-04,-4.115324991289526224e-04
6.338371276855468750e+00,2.027938842773437500e+00,2.446077823638916016e+00,9.999259114265441895e-01,-2.696645678952336311e-03,1.187494304031133652e-02,3.596626265789382160e-05
1.304846763610839844e+00,5.384918212890625000e+00,1.788261055946350098e+00,9.996203780174255371e-01,2.593471482396125793e-02,-1.009406521916389465e-03,9.254647418856620789e-03
6.834365129470825195e-01,1.207432299852371216e-01,1.596564292907714844e+00,9.999998807907104492e-01,-3.079629968851804733e-04,7.049143459880724549e-05,5.440874956548213959e-04
3.454076290130615234e+00,3.605335235595703125e+00,1.114461302757263184e+00,9.999938011169433594e-01,1.063315503415651619e-04,-3.368662903085350990e-03,-1.033497159369289875e-03
7.035955429077148438e+00,4.843216761946678162e-02,2.726622581481933594e+00,9.999990463256835938e-01,-1.909018319565802813e-04,1.408213400281965733e-03,5.556990799959748983e-05
1.026331901550292969e+00,1.113968849182128906e+00,2.690072298049926758e+00,9.999997019767761230e-01,-1.376288273604586720e-04,6.054402329027652740e-04,-5.379549693316221237e-04
6.889028549194335938e+00,2.462331295013427734e+00,6.593706607818603516e-01,9.999893307685852051e-01,2.799436450004577637e-03,5.100609851069748402e-04,3.655143082141876221e-03
4.552976131439208984e+00,4.995157718658447266e+00,2.379247903823852539e+00,9.999958276748657227e-01,4.178346425760537386e-04,-2.472596475854516029e-03,-1.451138174161314964e-03
7.127329349517822266e+00,3.426436901092529297e+00,8.238075971603393555e-01,9.999937415122985840e-01,-3.121684538200497627e-03,1.392372359987348318e-04,-1.647269120439887047e-03
3.716557741165161133e+00,5.836860656738281250e+00,3.261482000350952148e+00,9.999438524246215820e-01,-5.223071668297052383e-03,9.211010299623012543e-03,4.865650844294577837e-04
5.527456283569335938e+00,6.135839939117431641e+00,7.183931469917297363e-01,9.999993443489074707e-01,2.360289654461666942e-04,3.862597222905606031e-04,1.023417105898261070e-03
3.566615343093872070e+00,2.326409816741943359e+00,1.991318345069885254e+00,9.999993443489074707e-01,4.057453043060377240e-05,-6.030144868418574333e-04,1.023910008370876312e-03
6.216563701629638672e+00,4.214150428771972656e+00,6.276179790496826172e+00,9.996413588523864746e-01,-9.891382418572902679e-03,-1.681206561625003815e-02,1.835237443447113037e-02
5.593908786773681641e+00,2.573896169662475586e+00,2.349636554718017578e+00,9.999753832817077637e-01,5.699115339666604996e-03,2.890250412747263908e-03,-2.900510793551802635e-03
7.029327154159545898e-01,4.031572341918945312e+00,6.025390625000000000e+00,9.999129176139831543e-01,-8.059790357947349548e-03,8.997391909360885620e-03,5.315488670021295547e-03
1.944849491119384766e+00,2.356314420700073242e+00,7.228902339935302734e+00,9.999971389770507812e-01,-1.576842856593430042e-03,1.383228576742112637e-03,1.194954151287674904e-03
2.134920358657836914e+00,1.973551034927368164e+00,5.534674644470214844e+00,9.999999403953552246e-01,2.643091720528900623e-04,-3.469793882686644793e-04,1.262714795302599669e-04
7.020460128784179688e+00,4.746715068817138672e+00,1.128235220909118652e+00,9.999938011169433594e-01,6.931391544640064240e-04,1.668639364652335644e-03,3.038854338228702545e-03
4.209109783172607422e+00,6.730186939239501953e+00,6.996757984161376953e+00,9.999790787696838379e-01,-3.688793862238526344e-03,2.727635437622666359e-03,4.553236998617649078e-03
5.522459983825683594e+00,3.472128868103027344e+00,2.372311115264892578e+00,9.999995827674865723e-01,-8.775552851147949696e-04,2.407846186542883515e-04,-4.085763357579708099e-04
4.059247493743896484e+00,2.353858470916748047e+00,6.329147338867187500e+00,9.999973773956298828e-01,-1.261633005924522877e-04,-1.613950189494062215e-05,2.317061880603432655e-03
5.855017304420471191e-01,5.291083335876464844e+00,2.438336849212646484e+00,9.999684095382690430e-01,-3.390035126358270645e-03,6.507411599159240723e-03,3.066128352656960487e-03
3.293236970901489258e+00,3.266547441482543945e+00,3.102541208267211914e+00,9.999986886978149414e-01,-6.180071504786610603e-04,4.143333644606173038e-04,-1.484838430769741535e-03
3.911176919937133789e+00,2.815771341323852539e+00,6.288229942321777344e+00,9.999994039535522461e-01,9.770497126737609506e-05,9.476843988522887230e-04,-6.647662376053631306e-04
4.114229679107666016e+00,5.313476085662841797e+00,2.422346353530883789e+00,9.999970793724060059e-01,-1.767640118487179279e-03,-1.131149474531412125e-04,-1.699446002021431923e-03
7.492172718048095703e+00,3.537375211715698242e+00,2.657364368438720703e+00,9.999886751174926758e-01,-4.591615870594978333e-03,-9.926503116730600595e-05,1.268512452952563763e-03
2.546902894973754883e+00,2.531705617904663086e+00,2.521168231964111328e+00,9.999999403953552246e-01,-1.966183481272310019e-04,1.287669874727725983e-04,-3.942615876439958811e-04
3.551998615264892578e+00,3.931951045989990234e+00,7.732926011085510254e-01,9.999930262565612793e-01,1.272821915335953236e-03,3.523357911035418510e-03,4.644287400878965855e-05
7.294106960296630859e+00,1.053913682699203491e-01,6.981398582458496094e+00,9.999961853027343750e-01,-1.666929689235985279e-03,-2.035341225564479828e-03,8.093254291452467442e-04
2.622515201568603516e+00,1.456775795668363571e-02,3.266839742660522461e+00,9.999713301658630371e-01,3.167903982102870941e-03,-3.956462722271680832e-03,5.631143692880868912e-03
3.152813196182250977e+00,2.285841941833496094e+00,4.962135791778564453e+00,9.999993443489074707e-01,5.772770382463932037e-04,-7.748940843157470226e-04,6.851503276266157627e-04
3.265808820724487305e+00,1.404096961021423340e+00,5.182926058769226074e-01,9.999957084655761719e-01,1.015903661027550697e-03,-4.699329729191958904e-04,2.722814446315169334e-03
7.975700497627258301e-02,6.821193695068359375e+00,1.942126080393791199e-02,9.999658465385437012e-01,7.372960913926362991e-03,1.687727053649723530e-04,-3.744887420907616615e-03
2.052566111087799072e-01,2.713002264499664307e-01,7.154451370239257812e+00,9.999980926513671875e-01,1.321389107033610344e-03,-1.443995977751910686e-03,2.786573022603988647e-04
3.672861814498901367e+00,5.013853549957275391e+00,6.470245718955993652e-01,9.999992847442626953e-01,-3.843710583169013262e-04,9.665924008004367352e-04,-5.532016512006521225e-04
2.996360540390014648e+00,1.311942219734191895e+00,4.676336288452148438e+00,9.999997615814208984e-01,-1.510788279119879007e-04,2.546353207435458899e-04,7.554480107501149178e-04
3.604968070983886719e+00,5.754570007324218750e+00,1.737957954406738281e+00,9.999999403953552246e-01,-3.816308744717389345e-04,-2.191274506913032383e-05,-3.075368003919720650e-04
3.694829702377319336e+00,7.265450954437255859e+00,2.883905649185180664e+00,9.999991655349731445e-01,1.231341389939188957e-03,4.209537582937628031e-04,3.210974391549825668e-04
7.775799632072448730e-01,3.437805175781250000e-02,3.910098314285278320e+00,9.999989271163940430e-01,5.438487278297543526e-04,4.113644827157258987e-04,-1.332637621089816093e-03
4.769639015197753906e+00,4.093913078308105469e+00,5.411325022578239441e-02,9.999990463256835938e-01,8.556764805689454079e-04,1.717030681902542710e-04,1.121925306506454945e-03
3.815756559371948242e+00,2.493381023406982422e+00,7.081378936767578125e+00,9.998477101325988770e-01,-1.729760318994522095e-03,-1.108559127897024155e-02,-1.336822286248207092e-02
5.849925518035888672e+00,9.276255369186401367e-01,3.824784040451049805e+00,9.999989867210388184e-01,4.118306969758123159e-04,-1.384709030389785767e-03,-3.662236849777400494e-05
1.411505103111267090e+00,3.181162118911743164e+00,6.157351016998291016e+00,9.999972581863403320e-01,-1.986574498005211353e-04,-2.783894015010446310e-04,-2.351800911128520966e-03
4.024024486541748047e+00,2.327991962432861328e+00,7.294046878814697266e+00,9.999716877937316895e-01,8.324607624672353268e-04,5.255877040326595306e-03,5.329410079866647720e-03
4.189177036285400391e+00,2.382213115692138672e+00,5.556992053985595703e+00,9.999997615814208984e-01,4.480865900404751301e-04,-5.926919402554631233e-04,2.642064100655261427e-05
2.538942575454711914e+00,1.153802514076232910e+00,6.128366947174072266e+00,9.999985694885253906e-01,1.000317861326038837e-03,-1.386663992889225483e-03,3.613471635617315769e-04
1.065368771553039551e+00,2.544764280319213867e-01,5.222772598266601562e+00,9.999992847442626953e-01,-1.085947151295840740e-03,-4.343155596870929003e-04,2.949131303466856480e-04
4.865762710571289062e+00,7.969691157341003418e-01,3.087826967239379883e+00,9.999969005584716797e-01,1.980087021365761757e-03,9.632910951040685177e-04,-1.190021401271224022e-03
5.078198909759521484e+00,4.879237174987792969e+00,4.752693176269531250e+00,9.999864101409912109e-01,-3.761798143386840820e-03,-1.609222497791051865e-03,-3.239389508962631226e-03
3.408703804016113281e+00,1.079088568687438965e+00,2.704144120216369629e-01,9.999877810478210449e-01,-1.385491457767784595e-03,4.037188191432505846e-04,-4.741960205137729645e-03
4.730582714080810547e+00,7.451663017272949219e+00,2.024466037750244141e+00,9.999964833259582520e-01,2.635558834299445152e-03,-4.711947403848171234e-04,1.459045597584918141e-04
7.381505489349365234e+00,5.217489719390869141e+00,2.463887929916381836e+00,9.998584985733032227e-01,-7.935998030006885529e-03,1.074053905904293060e-02,-1.023681461811065674e-02
4.350695610046386719e+00,4.252413749694824219e+00,1.252273559570312500e+00,9.999842047691345215e-01,-8.366708061657845974e-04,2.350865164771676064e-03,-5.048133898526430130e-03
6.714190483093261719e+00,4.001653194427490234e+00,2.834230184555053711e+00,9.999836683273315430e-01,3.383029019460082054e-03,-3.193562384694814682e-03,-3.340904135257005692e-03
4.718555927276611328e+00,1.039865493774414062e+00,6.623759269714355469e+00,9.999979138374328613e-01,5.463979905471205711e-04,1.274541020393371582e-03,-1.543606282211840153e-03
6.466546535491943359e+00,6.014739513397216797e+00,4.184367179870605469e+00,9.998087882995605469e-01,1.531149540096521378e-02,1.151446439325809479e-02,-3.916672430932521820e-03
5.806249141693115234e+00,6.927155017852783203e+00,4.503624439239501953e+00,9.999988675117492676e-01,-5.044207209721207619e-04,8.501990814693272114e-04,-1.190843875519931316e-03
4.614836215972900391e+00,5.359369754791259766e+00,2.821414358913898468e-02,9.999657273292541504e-01,-6.099230609834194183e-03,4.721679724752902985e-03,3.035051282495260239e-03
4.674833774566650391e+00,6.597392082214355469e+00,7.456695079803466797e+00,9.998033046722412109e-01,1.337673235684633255e-02,1.092198025435209274e-02,9.752130135893821716e-03
2.847136735916137695e+00,1.486026525497436523e+00,3.618821859359741211e+00,9.999994635581970215e-01,4.240003472659736872e-04,-8.628644281998276711e-04,-4.602589469868689775e-04
8.631051778793334961e-01,4.546913623809814453e+00,2.556516170501708984e+00,9.999256134033203125e-01,-5.468691699206829071e-03,-8.421462029218673706e-03,-6.931697018444538116e-03
1.105581760406494141e+00,6.773174285888671875e+00,4.720524787902832031e+00,9.999915957450866699e-01,2.241758396849036217e-03,-2.049458271358162165e-04,-3.448999719694256783e-03
2.670326948165893555e+00,6.492999553680419922e+00,6.197186946868896484e+00,9.999887943267822266e-01,2.361742779612541199e-03,3.260450670495629311e-03,2.506824443116784096e-03
1.154058098793029785e+00,2.889179468154907227e+00,6.669080853462219238e-01,9.999979138374328613e-01,-1.529582776129245758e-03,-1.356349093839526176e-03,-1.798262528609484434e-04
5.216076850891113281e+00,7.120946049690246582e-01,3.119924783706665039e+00,9.999972581863403320e-01,1.572359586134552956e-03,1.351752900518476963e-03,1.120015978813171387e-03
5.775506496429443359e-01,2.521390438079833984e+00,5.905487537384033203e+00,9.999930858612060547e-01,3.524896688759326935e-03,5.508793401531875134e-04,-1.113014644943177700e-03
3.349221706390380859e+00,6.601417064666748047e+00,1.967328071594238281e+00,9.999979138374328613e-01,1.247813052032142878e-04,-1.846871571615338326e-03,-9.361397242173552513e-04
3.910876750946044922e+00,6.353310585021972656e+00,7.491732120513916016e+00,9.999661445617675781e-01,-6.682994309812784195e-03,-2.534571103751659393e-03,4.078852012753486633e-03
3.722259759902954102e+00,6.378549575805664062e+00,2.159604072570800781e+00,9.999889731407165527e-01,3.414150094613432884e-03,-3.081936854869127274e-03,-1.008100109174847603e-03
1.447647213935852051e+00,7.013425350189208984e+00,4.285686492919921875e+00,9.999990463256835938e-01,1.254042435903102160e-04,1.557394134579226375e-04,-1.431251759640872478e-03
2.398401498794555664e+00,3.467469215393066406e+00,7.077693939208984375e+00,9.999988675117492676e-01,1.318636932410299778e-03,6.593242287635803223e-04,4.911246942356228828e-04
5.122895240783691406e+00,7.369617938995361328e+00,2.295321464538574219e+00,9.999889731407165527e-01,6.483388715423643589e-04,-4.508184734731912613e-03,-1.190391252748668194e-03
3.703891932964324951e-01,4.161761283874511719e+00,4.700652122497558594e+00,9.999868869781494141e-01,-4.497846239246428013e-04,-3.483068896457552910e-03,3.733581397682428360e-03
5.683650970458984375e+00,3.172534704208374023e-01,5.410815715789794922e+00,9.999991059303283691e-01,-4.925723187625408173e-04,2.139123243978247046e-04,-1.283123623579740524e-03
5.622333049774169922e+00,1.689057052135467529e-01,7.748540639877319336e-01,1.000000000000000000e+00,-2.730588021222501993e-04,3.462756649241782725e-05,-2.597175480332225561e-04
3.145694434642791748e-01,4.110347747802734375e+00,6.233839511871337891e+00,9.999975562095642090e-01,9.673425811342895031e-04,3.919558075722306967e-04,-1.963932067155838013e-03
6.337736606597900391e+00,5.989271163940429688e+00,5.733559727668762207e-01,9.999980926513671875e-01,7.914858288131654263e-04,3.118016757071018219e-04,-1.787933404557406902e-03
1.498234987258911133e+00,5.891357421875000000e+00,4.526821136474609375e+00,9.999942183494567871e-01,-2.090973081067204475e-03,-3.854602400679141283e-04,-2.692293841391801834e-03
7.200816154479980469e+00,2.015812397003173828e+00,6.176834106445312500e+00,9.999637603759765625e-01,6.844257470220327377e-03,-7.485774694941937923e-04,5.015691276639699936e-03
2.891631364822387695e+00,6.123879909515380859e+00,1.139558553695678711e+00,9.999799132347106934e-01,-6.698919460177421570e-04,4.729139152914285660e-03,4.172403831034898758e-03
3.262966156005859375e+00,4.760900020599365234e+00,4.937034606933593750e+00,9.998911023139953613e-01,-3.121508983895182610e-03,-2.087008673697710037e-03,-1.427508890628814697e-02
1.034705996513366699e+00,5.192833900451660156e+00,5.294025897979736328e+00,9.999933242797851562e-01,1.224771607667207718e-03,-1.604640972800552845e-03,3.056093584746122360e-03
3.846527338027954102e+00,4.673573970794677734e+00,2.097813606262207031e+00,9.999078512191772461e-01,7.981853559613227844e-03,-6.761324126273393631e-03,-8.655718527734279633e-03
2.985663652420043945e+00,5.033435344696044922e+00,2.728703022003173828e+00,9.998975396156311035e-01,-2.530381549149751663e-03,-1.364137139171361923e-02,-3.525030799210071564e-03
2.170905590057373047e+00,6.947846889495849609e+00,5.895959377288818359e+00,9.999894499778747559e-01,-2.789009828120470047e-03,-3.328388324007391930e-03,-1.540072378702461720e-03
6.277019977569580078e+00,5.431221008300781250e+00,4.859944820404052734e+00,9.999859333038330078e-01,2.912078285589814186e-03,-4.182138480246067047e-03,1.504026819020509720e-03
1.214191794395446777e+00,1.965187430381774902e+00,4.755546569824218750e+00,9.999091029167175293e-01,5.942798219621181488e-03,4.059081431478261948e-03,-1.140792109072208405e-02
3.480584144592285156e+00,2.330969274044036865e-02,5.256698608398437500e+00,9.999952316284179688e-01,2.171411411836743355e-03,2.003940986469388008e-03,-9.756704675965011120e-04
6.810669898986816406e+00,1.020970582962036133e+00,4.780129790306091309e-01,9.999929666519165039e-01,-5.163302994333207607e-04,-5.039341631345450878e-04,-3.706227056682109833e-03
6.403643488883972168e-01,5.125030994415283203e+00,5.518121719360351562e+00,9.998939633369445801e-01,-1.637593377381563187e-03,9.384893812239170074e-03,-1.101862825453281403e-02
2.557167530059814453e+00,4.216977596282958984e+00,1.841514229774475098e+00,9.999927282333374023e-01,1.490831607952713966e-03,8.416614145971834660e-04,-3.427903400734066963e-03
1.006904840469360352e+00,4.468988895416259766e+00,6.932837963104248047e+00,9.999557733535766602e-01,-8.443392813205718994e-03,4.110000561922788620e-03,5.677613080479204655e-04
3.288458347320556641e+00,3.645845651626586914e+00,5.766414165496826172e+00,9.999111890792846680e-01,-9.031741879880428314e-03,-5.846527870744466782e-03,7.875820621848106384e-03
6.508787631988525391e+00,2.917123079299926758e+00,1.355212926864624023e+00,9.999997615814208984e-01,-2.071577910101041198e-05,5.529178306460380554e-04,5.160901346243917942e-04
6.099687099456787109e+00,5.329639911651611328e+00,4.548035144805908203e+00,9.998859167098999023e-01,4.068934824317693710e-03,1.102242432534694672e-02,9.498391300439834595e-03
4.536349773406982422e+00,1.828192114830017090e+00,5.719234466552734375e+00,9.999933242797851562e-01,2.932074712589383125e-03,2.167654922232031822e-03,-3.509648668114095926e-04
6.932661056518554688e+00,5.511560916900634766e+00,6.663917541503906250e+00,9.999999403953552246e-01,-4.084951942786574364e-04,1.829424400057177991e-05,-2.215505664935335517e-04
9.524879455566406250e-01,5.059699058532714844e+00,7.051117897033691406e+00,9.999963045120239258e-01,-1.055208616890013218e-03,-3.596991882659494877e-04,2.506208838894963264e-03
2.140642881393432617e+00,5.124231815338134766e+00,5.085757255554199219e+00,9.999992847442626953e-01,-6.697715725749731064e-04,-2.070029440801590681e-04,-1.034708460792899132e-03
5.145387649536132812e+00,5.597123622894287109e+00,6.583747267723083496e-01,9.998754262924194336e-01,-1.533551374450325966e-03,-3.531174035742878914e-03,-1.530948933213949203e-02
4.326014041900634766e+00,6.780914783477783203e+00,2.545742988586425781e-01,9.999958276748657227e-01,-2.008619951084256172e-03,-6.098370649851858616e-04,-2.020525978878140450e-03
2.638968706130981445e+00,3.682105302810668945e+00,6.591397285461425781e+00,9.999949932098388672e-01,-1.736137666739523411e-03,-2.138913143426179886e-03,-1.555206021293997765e-03
7.263020515441894531e+00,1.230074882507324219e+00,4.817668914794921875e+00,9.999869465827941895e-01,-4.134438000619411469e-03,-2.989909145981073380e-03,-3.682363603729754686e-04
1.366369485855102539e+00,4.014833927154541016e+00,9.608635306358337402e-01,9.999996423721313477e-01,2.531727077439427376e-04,-8.438268559984862804e-04,-2.724051882978528738e-04
4.988677978515625000e+00,4.964485168457031250e+00,5.819825172424316406e+00,9.999980926513671875e-01,1.525223953649401665e-03,-7.362910546362400055e-04,-1.033161301165819168e-03
6.595519065856933594e+00,5.855622291564941406e+00,4.429030895233154297e+00,9.999098777770996094e-01,9.528670459985733032e-03,9.078719653189182281e-03,2.645875560119748116e-03
4.697224617004394531e+00,4.756489753723144531e+00,1.613577961921691895e+00,9.999947547912597656e-01,-1.702819834463298321e-03,-1.333258696831762791e-03,-2.441631397232413292e-03
3.452396869659423828e+00,4.058586955070495605e-01,6.949671745300292969e+00,9.998822212219238281e-01,6.985608953982591629e-03,-1.271483767777681351e-02,5.021278746426105499e-03
4.150898456573486328e+00,5.490572452545166016e+00,7.497524738311767578e+00,9.999989271163940430e-01,-3.024491597898304462e-04,4.152591282036155462e-04,1.416273415088653564e-03
4.317515850067138672e+00,4.409332275390625000e+00,4.366527557373046875e+00,9.999988675117492676e-01,-1.374208601191639900e-03,-6.258893990889191628e-04,1.700982829788699746e-04
9.673426151275634766e-01,3.347979307174682617e+00,4.031748294830322266e+00,9.999902844429016113e-01,2.237377688288688660e-03,-2.466961508616805077e-03,-2.910664072260260582e-03
6.090783119201660156e+00,3.694310665130615234e+00,1.651399731636047363e+00,9.999664425849914551e-01,4.826117772608995438e-03,-4.766210447996854782e-03,-4.611568991094827652e-03
3.077741146087646484e+00,6.991826534271240234e+00,1.242957830429077148e+00,9.999924302101135254e-01,9.141900809481739998e-04,3.225759428460150957e-04,-3.761482657864689827e-03
7.284729480743408203e+00,1.611610412597656250e+00,7.204334735870361328e-01,9.999982714653015137e-01,-1.609390485100448132e-03,-1.635554217500612140e-04,-1.016042544506490231e-03
5.985414028167724609e+00,6.877727031707763672e+00,3.605396747589111328e+00,9.998827576637268066e-01,-1.498200744390487671e-02,-9.816335514187812805e-04,-3.035859204828739166e-03
4.663031101226806641e+00,7.059057235717773438e+00,1.974105000495910645e+00,9.999922513961791992e-01,-3.853629808872938156e-03,-8.769882842898368835e-04,-4.642723069991916418e-05
1.186398148536682129e+00,6.948841094970703125e+00,3.986504554748535156e+00,9.999997019767761230e-01,3.310701285954564810e-04,1.474955352023243904e-04,-7.998862420208752155e-04
1.484391540288925171e-01,9.355897903442382812e-01,7.459818840026855469e+00,9.999002814292907715e-01,-1.343862898647785187e-02,4.250700119882822037e-03,-9.714636253193020821e-04
4.893950462341308594e+00,9.694343805313110352e-01,3.951273918151855469e+00,9.999992251396179199e-01,-1.122823101468384266e-03,6.369126640493050218e-05,6.800073897466063499e-04
8.380709886550903320e-01,1.229756712913513184e+00,4.711858749389648438e+00,9.999641180038452148e-01,3.967978409491479397e-04,6.166943814605474472e-03,5.801791325211524963e-03
3.317641973495483398e+00,5.440941333770751953e+00,6.224444389343261719e+00,9.999987483024597168e-01,-3.479365550447255373e-04,7.294667302630841732e-04,1.386754913255572319e-03
7.066472530364990234e+00,6.153898715972900391e+00,2.365878582000732422e+00,9.999899864196777344e-01,3.892775624990463257e-03,-2.005746355280280113e-03,-9.681247174739837646e-04
1.036536812782287598e+00,6.935687541961669922e+00,2.730663061141967773e+00,9.999452233314514160e-01,-4.018649051431566477e-04,7.777391583658754826e-04,-1.043492928147315979e-02
2.196094036102294922e+00,2.166712522506713867e+00,3.436801910400390625e+00,1.000000000000000000e+00,3.387760662008076906e-04,2.421393446638830937e-06,6.982625200180336833e-05
3.219675123691558838e-01,6.840312004089355469e+00,1.285936236381530762e+00,9.999382495880126953e-01,-8.595885708928108215e-03,-8.569895871914923191e-04,-6.998584605753421783e-03
6.996418476104736328e+00,7.150051593780517578e+00,5.495300769805908203e+00,9.999748468399047852e-01,6.819385453127324581e-04,-5.469577852636575699e-03,-4.458190873265266418e-03
7.029194831848144531e+00,2.373374938964843750e+00,2.827550411224365234e+00,9.999991655349731445e-01,3.536609001457691193e-04,1.084903138689696789e-03,5.917714443057775497e-04
4.150469779968261719e+00,1.908440351486206055e+00,3.678569197654724121e-01,9.999960064888000488e-01,9.070673841051757336e-04,-2.697326941415667534e-03,-6.746219878550618887e-05
2.582074642181396484e+00,5.679607391357421875e+00,4.772520065307617188e-01,9.999973177909851074e-01,-1.225411077030003071e-03,-1.175655866973102093e-03,-1.617716043256223202e-03
3.909885883331298828e+00,6.917084693908691406e+00,5.006404399871826172e+00,9.999996423721313477e-01,-8.700976031832396984e-04,1.486288674641400576e-04,1.251386565854772925e-04
7.142002582550048828e+00,3.593560218811035156e+00,3.574847579002380371e-01,9.999887943267822266e-01,3.720166394487023354e-03,1.595516572706401348e-03,2.480154624208807945e-03
2.870728492736816406e+00,7.375865459442138672e+00,7.736676186323165894e-02,9.999716281890869141e-01,4.782200790941715240e-03,5.537998396903276443e-03,1.803589286282658577e-03
6.474880695343017578e+00,3.489314317703247070e+00,3.439346551895141602e+00,9.999937415122985840e-01,-1.763991196639835835e-03,-2.636976307258009911e-03,1.581055112183094025e-03
2.942732810974121094e+00,6.003117561340332031e+00,2.908746004104614258e+00,9.999994039535522461e-01,5.828265566378831863e-04,3.809779882431030273e-04,9.459933498874306679e-04
5.151596069335937500e+00,5.325095176696777344e+00,4.781054019927978516e+00,9.998729228973388672e-01,-1.547552552074193954e-02,-3.785924753174185753e-03,-6.368610775098204613e-04
1.962032318115234375e+00,1.250276565551757812e+00,3.011337041854858398e+00,9.999999403953552246e-01,2.334552409593015909e-04,5.954804873908869922e-05,-3.844052844215184450e-04
2.471518278121948242e+00,3.545525312423706055e+00,3.302299261093139648e+00,9.999427199363708496e-01,7.691595237702131271e-03,4.609337076544761658e-03,5.860644858330488205e-03
9.704026579856872559e-01,3.768020868301391602e+00,6.988612651824951172e+00,9.999163746833801270e-01,1.031620614230632782e-02,7.670881226658821106e-03,-1.407566945999860764e-03
1.994372487068176270e+00,7.494974613189697266e+00,7.499535560607910156e+00,9.999936223030090332e-01,1.298230836255243048e-05,-2.826601034030318260e-03,-2.223740331828594208e-03
2.949324809014797211e-02,7.305966377258300781e+00,6.249867439270019531e+00,9.999815821647644043e-01,-4.478413611650466919e-03,2.306739799678325653e-03,3.385295160114765167e-03
3.926023721694946289e+00,1.668570041656494141e+00,1.176377773284912109e+00,9.999887347221374512e-01,3.201723098754882812e-03,-1.996336737647652626e-03,2.894334960728883743e-03
2.978703498840332031e+00,5.612958908081054688e+00,4.195706367492675781e+00,9.999977946281433105e-01,9.108933736570179462e-04,1.625758013688027859e-03,-1.035972149111330509e-03
2.579392671585083008e+00,7.072821140289306641e+00,2.931829214096069336e+00,1.000000000000000000e+00,2.122863952536135912e-04,1.209410838782787323e-04,-1.201458217110484838e-04
4.810804843902587891e+00,5.860593795776367188e+00,6.582009315490722656e+00,9.999925494194030762e-01,-1.831512665376067162e-03,-1.602439093403518200e-03,-2.995511284098029137e-03
6.110422611236572266e+00,4.478109836578369141e+00,4.237170219421386719e+00,9.999980926513671875e-01,1.947549753822386265e-03,4.103016399312764406e-04,-2.272376332257408649e-05
4.876404762268066406e+00,4.800255775451660156e+00,8.581896424293518066e-01,9.999998211860656738e-01,-2.428631414659321308e-04,-4.880264459643512964e-04,3.761464322451502085e-04
5.589099884033203125e+00,3.421685457229614258e+00,3.915817260742187500e+00,9.999996423721313477e-01,-9.174654842354357243e-04,-1.418257015757262707e-04,6.844221206847578287e-05
6.255972385406494141e+00,5.667034149169921875e+00,4.018078327178955078e+00,9.999998807907104492e-01,-3.619811031967401505e-04,4.415317962411791086e-04,-1.773033727658912539e-04
5.494050979614257812e+00,5.277271270751953125e+00,4.731948375701904297e+00,9.999858140945434570e-01,4.477234033402055502e-04,-5.248160101473331451e-03,8.413668256253004074e-04
5.151027202606201172e+00,2.161461591720581055e+00,5.781127452850341797e+00,9.999815821647644043e-01,5.773101467639207840e-03,-3.543442289810627699e-05,1.868882100097835064e-03
2.273455619812011719e+00,6.603018283843994141e+00,3.551885366439819336e+00,9.999571442604064941e-01,6.170776672661304474e-03,-5.467117298394441605e-03,4.233983810991048813e-03
3.367775440216064453e+00,5.690629005432128906e+00,3.763340711593627930e+00,9.999271631240844727e-01,-1.988416537642478943e-03,-4.260276909917593002e-03,1.111790444701910019e-02
1.656237602233886719e+00,9.544007778167724609e-01,4.835406780242919922e+00,9.999997615814208984e-01,-6.036992417648434639e-04,-3.955122956540435553e-04,1.363581395708024502e-04
3.453785896301269531e+00,5.063753128051757812e+00,2.185222864151000977e+00,9.999991059303283691e-01,3.831821668427437544e-04,1.951480517163872719e-04,1.292636035941541195e-03
3.538898527622222900e-01,7.143726825714111328e+00,1.413268089294433594e+00,9.999988079071044922e-01,-7.581634563393890858e-04,-4.826822842005640268e-04,-1.316077192313969135e-03
8.613921403884887695e-01,7.697486281394958496e-01,1.640311002731323242e+00,9.999923706054687500e-01,7.100924849510192871e-04,-3.510678652673959732e-04,3.838215023279190063e-03
1.968723297119140625e+00,6.433695316314697266e+00,4.007048606872558594e+00,9.999993443489074707e-01,9.741649846546351910e-04,6.371997296810150146e-04,-2.042986889136955142e-04
1.824371457099914551e+00,1.880118697881698608e-01,4.584816932678222656e+00,9.999928474426269531e-01,-2.524753334000706673e-03,-2.308159135282039642e-03,-1.629243604838848114e-03
2.146868258714675903e-01,6.232178688049316406e+00,2.636460304260253906e+00,9.999961853027343750e-01,-1.656518667005002499e-03,4.691357607953250408e-04,-2.174573717638850212e-03
5.980937957763671875e+00,2.171884059906005859e+00,7.038870334625244141e+00,9.999859333038330078e-01,-1.969038043171167374e-03,-3.563556121662259102e-03,3.426231909543275833e-03
6.338614463806152344e+00,5.536973476409912109e+00,3.266955614089965820e+00,9.999998211860656738e-01,5.995534011162817478e-04,-1.774396805558353662e-04,1.231115020345896482e-04
5.764245033264160156e+00,1.728535294532775879e+00,3.253034830093383789e+00,9.999988079071044922e-01,5.721814231947064400e-04,2.596983686089515686e-04,1.442876877263188362e-03
3.243377923965454102e+00,3.868998527526855469e+00,3.624901294708251953e+00,9.999991059303283691e-01,3.980475885327905416e-04,-1.206397311761975288e-03,5.839272052980959415e-04
1.114315986633300781e+00,6.950952529907226562e+00,6.622764110565185547e+00,9.999719262123107910e-01,-9.779223473742604256e-04,-7.307801395654678345e-03,1.400127192027866840e-03
2.791813373565673828e+00,6.556063294410705566e-01,6.913537502288818359e+00,9.999980926513671875e-01,3.863127494696527719e-04,1.920218230225145817e-03,-1.983124966500326991e-04
3.296195030212402344e+00,1.659655421972274780e-01,5.971698284149169922e+00,9.999995827674865723e-01,-7.126514101400971413e-04,5.126340693095698953e-05,6.895501282997429371e-04
1.708405733108520508e+00,6.565122604370117188e+00,6.793350219726562500e+00,9.999793171882629395e-01,5.929170176386833191e-03,-1.943954499438405037e-03,1.619167043827474117e-03
4.262664794921875000e+00,4.916886329650878906e+00,6.894454956054687500e+00,9.999940395355224609e-01,1.686498639173805714e-03,2.981623401865363121e-03,5.447033909149467945e-04
1.632132530212402344e+00,5.711664676666259766e+00,2.524349451065063477e+00,9.999977946281433105e-01,-1.904003089293837547e-03,6.283040856942534447e-04,6.899009458720684052e-04
7.245975494384765625e+00,9.124037623405456543e-01,7.415081977844238281e+00,9.999781847000122070e-01,4.539446905255317688e-03,2.602804685011506081e-03,4.026489797979593277e-03
3.909294843673706055e+00,4.609146714210510254e-01,3.443693399429321289e+00,9.999424219131469727e-01,1.325396704487502575e-03,1.063398923724889755e-02,-5.836742930114269257e-04
2.074322223663330078e+00,4.106467366218566895e-01,5.319005250930786133e-01,9.999960064888000488e-01,-2.349891234189271927e-03,3.052963584195822477e-04,-1.554194139316678047e-03
4.397484779357910156e+00,1.104117870330810547e+00,4.987968921661376953e+00,9.999065995216369629e-01,7.689003366976976395e-03,-1.086063310503959656e-02,-3.125610062852501869e-03
9.923067092895507812e-01,4.664149880409240723e-01,1.725250720977783203e+00,9.999981522560119629e-01,6.197080365382134914e-04,-1.503038452938199043e-03,1.088694436475634575e-03
2.180950194597244263e-01,4.539256572723388672e+00,3.599808931350708008e+00,9.999740719795227051e-01,-3.817429242189973593e-04,2.675795694813132286e-03,-6.680670194327831268e-03
2.468992710113525391e+00,3.636564254760742188e+00,2.891057968139648438e+00,9.999992847442626953e-01,5.162773304618895054e-04,7.408463861793279648e-04,8.343202644027769566e-04
7.458614826202392578e+00,7.281002044677734375e+00,2.182555198669433594e+00,9.999998807907104492e-01,-4.273431259207427502e-04,-1.346057833870872855e-04,3.841704165097326040e-04
9.586720466613769531e-01,5.005151748657226562e+00,1.357189774513244629e+00,9.998662471771240234e-01,5.593181122094392776e-03,-1.290901098400354385e-02,8.340289816260337830e-03
7.252382278442382812e+00,3.404924869537353516e+00,4.249931335449218750e+00,9.999932050704956055e-01,-1.140116015449166298e-03,-1.729657058604061604e-03,-3.065053373575210571e-03
2.115015506744384766e+00,6.377608299255371094e+00,4.942754745483398438e+00,9.998517036437988281e-01,-8.533230356988497078e-06,5.752776749432086945e-03,-1.623209007084369659e-02
1.478876829147338867e+00,2.223028898239135742e+00,7.138275623321533203e+00,9.999993443489074707e-01,1.014167501125484705e-04,-1.316859124926850200e-04,1.189240952953696251e-03
3.537420272827148438e+00,4.019894599914550781e+00,4.643276214599609375e+00,9.999998807907104492e-01,-7.520480721723288298e-05,-3.679785295389592648e-04,5.127904587425291538e-04
2.583831071853637695e+00,1.924249172210693359e+00,7.461620807647705078e+00,9.999996423721313477e-01,-1.366673859592992812e-05,8.932424825616180897e-04,2.236249129055067897e-04
5.628061771392822266e+00,2.232662916183471680e+00,5.697280764579772949e-01,9.999672770500183105e-01,-3.735373029485344887e-03,-5.426730960607528687e-03,4.713692236691713333e-03
7.040112018585205078e+00,5.411068916320800781e+00,2.348125457763671875e+00,9.999966025352478027e-01,1.230582274729385972e-04,2.987278276123106480e-04,-2.617559861391782761e-03
6.069344043731689453e+00,1.612898707389831543e+00,5.803654193878173828e+00,9.999943971633911133e-01,-3.315391251817345619e-03,-4.488812410272657871e-04,-4.460420750547200441e-04
6.751468658447265625e+00,2.278491258621215820e+00,5.225770473480224609e+00,9.999545812606811523e-01,-6.398926489055156708e-04,-9.492468088865280151e-03,-6.463793688453733921e-04
5.191253423690795898e-01,1.390646815299987793e+00,1.435943722724914551e+00,9.999939799308776855e-01,1.203062362037599087e-03,2.081705722957849503e-03,-2.518553985282778740e-03
6.655486106872558594e+00,6.575470924377441406e+00,3.834669828414916992e+00,9.999896883964538574e-01,3.753993427380919456e-03,8.902803529053926468e-04,-2.415668219327926636e-03
1.693952322006225586e+00,4.768361568450927734e+00,5.893022537231445312e+00,9.999989867210388184e-01,-7.270028581842780113e-04,-5.676787113770842552e-04,1.168936025351285934e-03
5.713869333267211914e-01,4.281539916992187500e+00,7.474224090576171875e+00,9.999973177909851074e-01,-1.047528930939733982e-03,1.295126392506062984e-03,-1.651479280553758144e-03
7.125961303710937500e+00,3.800902366638183594e+00,1.041368961334228516e+00,9.999971985816955566e-01,1.100184628739953041e-03,-1.973124919459223747e-03,-7.207473972812294960e-04
2.378576755523681641e+00,1.876915693283081055e+00,6.839581966400146484e+00,9.999988079071044922e-01,-6.679435609839856625e-04,1.397995161823928356e-03,1.161256514023989439e-04
2.361778020858764648e+00,3.233783319592475891e-02,5.422500610351562500e+00,9.999992847442626953e-01,-9.122032788582146168e-04,-1.039460257743485272e-04,8.661281317472457886e-04
2.598482370376586914e-01,7.113395214080810547e+00,5.343683719635009766e+00,9.999947547912597656e-01,-1.547473249956965446e-03,2.849005861207842827e-03,2.166814520023763180e-04
4.954894542694091797e+00,6.954854488372802734e+00,2.634453296661376953e+00,9.999932646751403809e-01,1.679040375165641308e-03,1.204367072205059230e-05,3.290859749540686607e-03
3.566600084304809570e+00,1.757865101099014282e-01,9.036822915077209473e-01,9.999989867210388184e-01,-1.439848681911826134e-03,2.667309308890253305e-05,-1.286098122363910079e-04
3.044372558593750000e+00,7.015806198120117188e+00,4.124956130981445312e+00,9.999996423721313477e-01,1.501024235039949417e-04,-5.484122666530311108e-04,6.826631724834442139e-04
1.823642373085021973e+00,6.467419624328613281e+00,2.247637271881103516e+00,9.999371767044067383e-01,3.414346603676676750e-03,9.634430520236492157e-03,-4.611655138432979584e-03
2.237048864364624023e+00,5.536831855773925781e+00,2.552420377731323242e+00,9.999207854270935059e-01,9.197592735290527344e-03,-6.738770287483930588e-03,5.325001198798418045e-03
4.782851219177246094e+00,3.039666175842285156e+00,1.503467917442321777e+00,9.999862313270568848e-01,-4.429633263498544693e-04,4.838787484914064407e-03,-2.018300816416740417e-03
7.050095558166503906e+00,4.161646842956542969e+00,5.755251049995422363e-01,9.999910593032836914e-01,6.502742762677371502e-04,3.014257410541176796e-03,-2.924873493611812592e-03
4.980455875396728516e+00,3.818628311157226562e+00,6.752738952636718750e+00,9.999957084655761719e-01,-2.190747531130909920e-03,-1.946762553416192532e-03,3.347569727338850498e-04
5.869093418121337891e+00,4.635447978973388672e+00,2.964812040328979492e+00,9.999983310699462891e-01,-1.601208350621163845e-03,-8.633467368781566620e-04,3.950811224058270454e-04
4.264542579650878906e+00,6.385441303253173828e+00,4.456163406372070312e+00,9.999991059303283691e-01,4.847929812967777252e-04,-1.136819017119705677e-03,5.852465983480215073e-04
5.667459964752197266e+00,6.357455730438232422e+00,5.727119922637939453e+00,9.999858736991882324e-01,-1.109911012463271618e-03,1.296039263252168894e-04,5.197583697736263275e-03
3.890045881271362305e+00,6.060253620147705078e+00,5.811663150787353516e+00,9.999985694885253906e-01,6.140238838270306587e-04,8.368810522370040417e-04,1.374860876239836216e-03
1.372563466429710388e-02,2.231433391571044922e+00,3.180899620056152344e+00,9.999852776527404785e-01,-1.537777599878609180e-03,2.018975792452692986e-03,-4.816109314560890198e-03
1.321292072534561157e-01,9.389260411262512207e-01,7.004531860351562500e+00,9.999962449073791504e-01,-2.491127466782927513e-03,6.998319295234978199e-04,-9.498504805378615856e-04
7.275685787200927734e+00,5.610077381134033203e+00,4.298620223999023438e+00,9.999998211860656738e-01,-4.197146045044064522e-04,3.049885563086718321e-04,-2.336727920919656754e-04
1.292966723442077637e+00,1.810107231140136719e+00,3.291110038757324219e+00,9.999077320098876953e-01,-8.626418188214302063e-03,9.918165393173694611e-03,3.432148369029164314e-03
2.926610469818115234e+00,5.397867679595947266e+00,4.914175510406494141e+00,9.999978542327880859e-01,2.139599673682823777e-04,1.923971460200846195e-03,7.915007299743592739e-04
2.974361658096313477e+00,6.719504833221435547e+00,3.321042299270629883e+00,9.999973177909851074e-01,-2.068728441372513771e-03,-1.030319952405989170e-03,3.646441618911921978e-04
6.891816139221191406e+00,6.789956092834472656e+00,4.025680541992187500e+00,9.999948740005493164e-01,2.322659594938158989e-03,-6.991964764893054962e-04,-2.124839928001165390e-03
3.273889720439910889e-01,1.372579187154769897e-01,6.547513008117675781e+00,9.999995827674865723e-01,-6.265495321713387966e-04,-5.868254229426383972e-04,4.036055761389434338e-04
6.496719121932983398e-01,3.348226308822631836e+00,3.900662183761596680e+00,9.999607205390930176e-01,-2.468765480443835258e-03,-4.695669747889041901e-03,7.099194452166557312e-03
6.632575511932373047e+00,4.859086513519287109e+00,4.958029747009277344e+00,9.999999403953552246e-01,3.309858584543690085e-05,-4.542245296761393547e-04,-9.863856394076719880e-05
3.083949804306030273e+00,5.503784179687500000e+00,6.392081975936889648e-01,9.999819397926330566e-01,4.666716558858752251e-04,-5.670360289514064789e-03,1.973648555576801300e-03
5.820932865142822266e+00,5.194435596466064453e+00,3.933296918869018555e+00,9.999980330467224121e-01,-1.231984235346317291e-03,-1.410238561220467091e-03,-6.907051429152488708e-04
2.636903524398803711e-01,5.807520866394042969e+00,3.225702285766601562e+00,9.999986290931701660e-01,-1.576166134327650070e-03,1.955483749043196440e-04,5.423962720669806004e-04
6.576715946197509766e+00,5.203346729278564453e+00,5.079504966735839844e+00,9.999964833259582520e-01,1.285033999010920525e-03,-2.327543217688798904e-03,2.094712981488555670e-04
3.746325731277465820e+00,6.411743164062500000e+00,7.224438190460205078e+00,9.999694228172302246e-01,6.531266495585441589e-03,-1.541730889584869146e-04,-4.308154340833425522e-03
2.863574266433715820e+00,6.455893039703369141e+00,5.293296337127685547e+00,9.997283220291137695e-01,2.305891737341880798e-02,-2.170142019167542458e-03,2.622466767206788063e-03
2.300518751144409180e+00,3.870950698852539062e+00,1.596910506486892700e-02,9.998561739921569824e-01,1.228639017790555954e-02,-2.474753884598612785e-03,1.143340580165386200e-02
4.717911720275878906e+00,2.622354745864868164e+00,3.731626868247985840e-01,9.999939203262329102e-01,1.999455969780683517e-03,-2.613664139062166214e-03,-1.204386819154024124e-03
2.560908794403076172e-01,2.639104604721069336e+00,2.086075782775878906e+00,9.998887181282043457e-01,1.072062738239765167e-02,7.010730914771556854e-03,7.655318826436996460e-03
2.411454439163208008e+00,3.249405860900878906e+00,6.164748191833496094e+00,9.999938607215881348e-01,-3.906377969542518258e-05,-2.008445793762803078e-03,-2.898374572396278381e-03
6.886388778686523438e+00,2.204034805297851562e+00,9.390274286270141602e-01,9.999973177909851074e-01,-1.797386648831889033e-04,-1.734208548441529274e-03,1.532989088445901871e-03
7.469643592834472656e+00,2.775862693786621094e+00,2.139447927474975586e+00,9.999033808708190918e-01,7.019839249551296234e-03,5.280168727040290833e-03,1.077966019511222839e-02
5.760777950286865234e+00,2.537893772125244141e+00,6.051527976989746094e+00,9.999976158142089844e-01,-1.975981751456856728e-03,8.333461009897291660e-04,5.005646962672472000e-04
3.205552101135253906e+00,5.014859676361083984e+00,3.449795246124267578e+00,9.999971985816955566e-01,1.368386670947074890e-03,-1.776307122781872749e-03,-7.606941508129239082e-04
5.747200489044189453e+00,4.916234016418457031e-01,3.513149023056030273e-01,9.999890327453613281e-01,-1.362014911137521267e-03,-2.878248051274567842e-04,4.467845428735017776e-03
7.425511360168457031e+00,5.815900564193725586e-01,6.169184207916259766e+00,9.999961256980895996e-01,-2.245819428935647011e-03,-8.476750226691365242e-04,-1.448778784833848476e-03
3.042063474655151367e+00,3.729175567626953125e+00,2.076606273651123047e+00,9.999997615814208984e-01,-9.342984412796795368e-05,2.846016723196953535e-04,-7.492107106372714043e-04
4.400401115417480469e+00,3.648833990097045898e+00,2.230634212493896484e+00,9.999942779541015625e-01,-3.052180400118231773e-03,-5.311635322868824005e-04,1.391725614666938782e-03
4.673621177673339844e+00,1.590766429901123047e+00,1.448070049285888672e+00,9.998084306716918945e-01,-1.778893754817545414e-03,-1.871357671916484833e-02,5.451241508126258850e-03
4.028814315795898438e+00,4.115957736968994141e+00,3.619023084640502930e+00,9.999907016754150391e-01,4.151457920670509338e-03,-7.874652510508894920e-04,9.311726898886263371e-04
7.157292842864990234e+00,1.837935566902160645e+00,2.346515417098999023e+00,9.999212026596069336e-01,5.970339290797710419e-03,-4.503750242292881012e-03,1.009013038128614426e-02
3.942587375640869141e+00,2.051697015762329102e+00,6.569243907928466797e+00,9.999574422836303711e-01,1.743672182783484459e-03,7.653121836483478546e-03,-4.849108401685953140e-03
6.896150588989257812e+00,4.517097949981689453e+00,6.287521719932556152e-01,9.999586939811706543e-01,-8.239299058914184570e-03,-3.065533703193068504e-03,-2.333227545022964478e-03
5.761829853057861328e+00,3.779136419296264648e+00,6.451318740844726562e+00,9.999963045120239258e-01,6.451253429986536503e-04,1.219604280777275562e-03,2.369503490626811981e-03
1.542562842369079590e+00,1.703548550605773926e+00,1.264755010604858398e+00,9.996386766433715820e-01,-1.858513616025447845e-02,-1.345131080597639084e-02,-1.400444190949201584e-02
3.504093647003173828e+00,2.479873657226562500e+00,6.735750198364257812e+00,9.999955296516418457e-01,6.082471809349954128e-04,-7.885156664997339249e-04,-2.843148773536086082e-03
4.359447002410888672e+00,3.941434621810913086e-01,3.833874225616455078e+00,9.999988675117492676e-01,-8.783062221482396126e-04,2.029172319453209639e-04,1.243317849002778530e-03
5.347989201545715332e-01,6.688921928405761719e+00,6.492799758911132812e+00,9.999957084655761719e-01,1.231875037774443626e-03,-1.995880855247378349e-03,-1.794944982975721359e-03
4.843258857727050781e+00,5.779658317565917969e+00,2.350591659545898438e+00,9.999997615814208984e-01,-9.647532715462148190e-05,-7.546620909124612808e-04,6.816703535150736570e-05
5.078682899475097656e+00,7.386191368103027344e+00,6.274140357971191406e+00,9.999998211860656738e-01,-4.232808714732527733e-04,-4.522326926235109568e-04,-2.503149153199046850e-04
2.022670507431030273e+00,1.668562889099121094e-01,1.485873460769653320e+00,9.999992847442626953e-01,-3.174322482664138079e-04,4.938910133205354214e-04,-1.082741306163370609e-03
3.115023612976074219e+00,7.177654743194580078e+00,2.429636001586914062e+00,9.999925494194030762e-01,3.343913936987519264e-03,-1.236543408595025539e-03,-1.532190246507525444e-03
5.542093753814697266e+00,2.140731573104858398e+00,1.639269232749938965e+00,9.999794960021972656e-01,-3.893821733072400093e-03,-4.549554083496332169e-03,2.305381931364536285e-03
3.568942785263061523e+00,2.194282054901123047e+00,7.097169399261474609e+00,9.999958276748657227e-01,1.252996618859469891e-03,8.981749415397644043e-04,2.426036400720477104e-03
7.305548667907714844e+00,2.015133380889892578e+00,5.865170001983642578e+00,9.999710321426391602e-01,-5.448669660836458206e-03,-2.451107138767838478e-03,4.730648361146450043e-03
6.969176292419433594e+00,1.060035586357116699e+00,6.614391803741455078e+00,9.999973177909851074e-01,-1.811408401408698410e-05,1.591936335898935795e-03,-1.723619760014116764e-03
8.558346629142761230e-01,5.740264415740966797e+00,6.358790874481201172e+00,9.999370574951171875e-01,-6.756301503628492355e-03,-5.569774657487869263e-03,7.027185522019863129e-03
6.144765853881835938e+00,2.133589029312133789e+00,3.792001008987426758e+00,9.999864101409912109e-01,4.474246874451637268e-03,-3.071410465054214001e-04,2.661891281604766846e-03
1.534812331199645996e+00,3.738420009613037109e+00,2.421513319015502930e+00,9.999963045120239258e-01,-2.310610376298427582e-03,1.210869057103991508e-03,-7.985319243744015694e-04
3.212741613388061523e+00,2.167443990707397461e+00,7.029697895050048828e+00,9.999970793724060059e-01,-2.341201296076178551e-03,1.400086912326514721e-04,6.736544892191886902e-04
4.489194393157958984e+00,2.393446922302246094e+00,6.343917369842529297e+00,9.999233484268188477e-01,-1.501656719483435154e-03,-2.023905515670776367e-03,1.212271116673946381e-02
2.469372034072875977e+00,1.814232707023620605e+00,7.402684688568115234e-01,9.999265074729919434e-01,-4.338662605732679367e-03,-5.079595372080802917e-03,1.011872757226228714e-02
4.250091552734375000e+00,4.076729774475097656e+00,1.790991663932800293e+00,9.999908804893493652e-01,-3.519033780321478844e-03,-2.972024667542427778e-04,2.429521642625331879e-03
4.094737052917480469e+00,6.153470039367675781e+00,6.857745647430419922e+00,9.999985694885253906e-01,4.976806812919676304e-04,-1.432596589438617229e-03,8.295626612380146980e-04
1.101557374000549316e+00,1.751369118690490723e+00,6.028465270996093750e+00,9.999404549598693848e-01,-7.766391616314649582e-03,7.079052738845348358e-03,-2.963755279779434204e-03
1.883102536201477051e+00,5.832253932952880859e+00,5.064345359802246094e+00,9.999744296073913574e-01,3.746408037841320038e-03,-3.646933706477284431e-03,4.881878849118947983e-03
3.632281541824340820e+00,1.041773080825805664e+00,7.060069561004638672e+00,9.998709559440612793e-01,7.729082833975553513e-03,-8.132729679346084595e-03,-1.150282938033342361e-02
3.901701927185058594e+00,1.677996754646301270e+00,3.040800094604492188e+00,9.999858736991882324e-01,-8.228220976889133453e-04,-5.095313768833875656e-03,-1.247907057404518127e-03
6.425107479095458984e+00,4.527729034423828125e+00,2.379837751388549805e+00,9.998295903205871582e-01,-1.779822073876857758e-02,-1.320949289947748184e-03,4.723777994513511658e-03
4.522640228271484375e+00,9.757876396179199219e-02,5.626327991485595703e+00,9.998720884323120117e-01,1.267983764410018921e-02,-7.931319996714591980e-03,5.671651568263769150e-03
4.502339839935302734e+00,1.597275853157043457e+00,4.582736968994140625e+00,9.999992847442626953e-01,5.315208109095692635e-04,-5.644175107590854168e-04,1.007375190965831280e-03
2.199024438858032227e+00,3.690455913543701172e+00,8.864808082580566406e-01,9.999901056289672852e-01,-7.063359953463077545e-04,4.389181267470121384e-03,3.652553714346140623e-04
3.113477945327758789e+00,5.403320789337158203e+00,2.820545196533203125e+00,9.999945759773254395e-01,-2.314065583050251007e-03,-5.902179400436580181e-04,2.288935007527470589e-03
2.519936084747314453e+00,4.693102836608886719e+00,6.859035015106201172e+00,9.999990463256835938e-01,-6.373335490934550762e-04,-1.300194649957120419e-03,-2.964141685879440047e-06
5.069169998168945312e+00,4.294889450073242188e+00,4.611147880554199219e+00,9.999983310699462891e-01,1.454103854484856129e-03,4.166858270764350891e-04,-1.054172636941075325e-03
3.836090087890625000e+00,4.559171676635742188e+00,6.429117202758789062e+00,9.999992251396179199e-01,2.287430979777127504e-04,6.608986295759677887e-04,1.109751989133656025e-03
4.029230594635009766e+00,3.889918088912963867e+00,3.951472759246826172e+00,9.999996423721313477e-01,5.542454891838133335e-04,-6.570479017682373524e-04,2.897477534133940935e-04
3.031146764755249023e+00,3.495227098464965820e+00,3.165092229843139648e+00,1.000000000000000000e+00,2.850529272109270096e-04,2.849470729415770620e-05,2.042920823441818357e-05
2.475564002990722656e+00,5.288330554962158203e+00,4.706479072570800781e+00,9.999729394912719727e-01,4.082974046468734741e-03,-4.866817500442266464e-03,-3.719917498528957367e-03
5.514526844024658203e+00,2.222972393035888672e+00,6.841074466705322266e+00,9.998444914817810059e-01,1.660370267927646637e-02,5.782880820333957672e-03,-1.368111232295632362e-03
7.200086116790771484e+00,6.802065372467041016e-01,2.917437791824340820e+00,9.999177455902099609e-01,-5.745647940784692764e-03,-8.727418608032166958e-04,1.143692433834075928e-02
6.950253486633300781e+00,6.810193061828613281e+00,2.386506319046020508e+00,9.999982714653015137e-01,-1.590256579220294952e-04,6.945141358301043510e-04,1.738941879011690617e-03
1.698797583580017090e+00,6.432840973138809204e-02,5.501925468444824219e+00,9.999958872795104980e-01,-4.989894805476069450e-04,-5.539074190892279148e-04,2.783066360279917717e-03
4.530421733856201172e+00,8.782562017440795898e-01,4.586853027343750000e+00,9.999960660934448242e-01,-2.192128449678421021e-03,-5.816151387989521027e-04,-1.679742708802223206e-03
1.484968885779380798e-02,4.129477500915527344e+00,5.687035322189331055e-01,9.999691843986511230e-01,-6.751665845513343811e-03,3.008784260600805283e-03,2.663928782567381859e-03
2.428633928298950195e+00,7.372851848602294922e+00,1.184904649853706360e-01,9.999987483024597168e-01,9.982597548514604568e-04,1.080831629224121571e-03,6.653434247709810734e-04
3.714476823806762695e+00,6.734747886657714844e+00,6.547482967376708984e+00,9.999972581863403320e-01,-1.153414996224455535e-04,5.277160089462995529e-04,2.294393954798579216e-03
1.695919990539550781e+00,7.419163703918457031e+00,4.992982864379882812e+00,9.999589323997497559e-01,-6.224984768778085709e-03,-1.718598767183721066e-03,6.356189958751201630e-03
4.417967796325683594e+00,3.805626034736633301e-01,9.220158457756042480e-01,9.999990463256835938e-01,-1.009526313282549381e-03,-4.353105905465781689e-04,9.363690041936933994e-04
1.117640852928161621e+00,2.093180179595947266e+00,1.612548232078552246e+00,9.999187588691711426e-01,2.519848058000206947e-03,-5.113736260682344437e-03,1.140092592686414719e-02
6.937838554382324219e+00,2.133286476135253906e+00,6.907407760620117188e+00,9.999987483024597168e-01,-5.991160287521779537e-05,1.080436049960553646e-03,-1.213419600389897823e-03
4.646103858947753906e+00,6.448043346405029297e+00,5.958628058433532715e-01,9.999928474426269531e-01,1.922802068293094635e-03,-2.601180167403072119e-04,-3.238892648369073868e-03
3.706507921218872070e+00,4.011353492736816406e+00,2.714142017066478729e-02,9.999998807907104492e-01,-2.743295044638216496e-04,-2.147875493392348289e-04,4.544003168120980263e-04
4.863567054271697998e-01,2.158021926879882812e+00,2.733257293701171875e+00,9.999896883964538574e-01,-1.968368422240018845e-03,6.886791088618338108e-04,4.042835440486669540e-03
1.061450839042663574e+00,6.401249408721923828e+00,9.692584276199340820e-01,9.999867081642150879e-01,-4.240836016833782196e-03,2.943514380604028702e-03,-1.828475506044924259e-04
2.400303363800048828e+00,7.237777709960937500e+00,2.136614561080932617e+00,9.999983906745910645e-01,-5.122972070239484310e-04,-1.519790617749094963e-03,-7.985408883541822433e-04
5.030077457427978516e+00,8.572445511817932129e-01,2.268433094024658203e+00,9.999991059303283691e-01,2.938542165793478489e-04,5.875350325368344784e-04,1.160569256171584129e-03
5.380402088165283203e+00,3.617855072021484375e+00,1.046783328056335449e+00,9.999964237213134766e-01,2.166839549317955971e-03,2.230652899015694857e-04,1.581750460900366306e-03
4.950422286987304688e+00,1.316255807876586914e+00,1.809769272804260254e+00,9.999991655349731445e-01,9.573726565577089787e-04,2.217339642811566591e-04,-8.651011739857494831e-04
7.188032627105712891e+00,4.109275817871093750e+00,6.679293632507324219e+00,9.999954104423522949e-01,-9.574608411639928818e-04,1.861137105152010918e-03,-2.209394704550504684e-03
2.345038890838623047e+00,3.252078056335449219e+00,4.622896194458007812e+00,9.999797940254211426e-01,5.187605973333120346e-03,-2.917410107329487801e-03,2.234268002212047577e-03
4.607020378112792969e+00,6.746668815612792969e+00,2.546143770217895508e+00,9.999013543128967285e-01,-4.234103253111243248e-04,7.950813509523868561e-03,-1.156843360513448715e-02
1.026181101799011230e+00,7.129766464233398438e+00,6.128695487976074219e+00,9.999932050704956055e-01,-2.976806368678808212e-03,2.200164133682847023e-03,1.728779607219621539e-04
3.651485443115234375e+00,2.741215229034423828e+00,1.805450081825256348e+00,9.999989867210388184e-01,1.053486368618905544e-03,-6.153442664071917534e-04,-8.062970591709017754e-04
4.181480407714843750e+00,3.289237022399902344e+00,4.497404098510742188e+00,9.999980926513671875e-01,3.639435744844377041e-04,-1.083495677448809147e-03,1.627890625968575478e-03
6.026391506195068359e+00,6.371804714202880859e+00,5.728941440582275391e+00,9.999988675117492676e-01,-3.860990400426089764e-04,-9.239478386007249355e-04,1.133651123382151127e-03
4.554312229156494141e+00,4.415560722351074219e+00,1.652514487504959106e-01,9.999833703041076660e-01,4.221675917506217957e-03,-3.661088645458221436e-03,1.419898937456309795e-03
4.639059901237487793e-01,4.807043552398681641e+00,7.331626415252685547e+00,9.999955296516418457e-01,1.325208344496786594e-03,-1.838714233599603176e-03,1.962873153388500214e-03
3.945242166519165039e-01,5.171190738677978516e+00,7.352159500122070312e+00,9.999949336051940918e-01,-2.747527614701539278e-04,-1.041915500536561012e-03,3.014962887391448021e-03
3.980591058731079102e+00,3.256858348846435547e+00,8.635662198066711426e-01,9.999063014984130859e-01,1.090808678418397903e-02,-4.474663641303777695e-03,6.956582423299551010e-03
5.186551094055175781e+00,1.081618852913379669e-02,2.577908515930175781e+00,9.999820590019226074e-01,-5.603596568107604980e-03,-9.650984429754316807e-04,1.911382074467837811e-03
1.314062178134918213e-01,2.758025884628295898e+00,5.991282939910888672e+00,9.999982118606567383e-01,1.327657839283347130e-03,2.622130268719047308e-04,1.355068408884108067e-03
1.853805631399154663e-01,5.354280948638916016e+00,3.730931282043457031e+00,9.998991489410400391e-01,1.142356265336275101e-02,-5.909278523176908493e-03,-6.029354408383369446e-03
4.710977077484130859e+00,3.865041732788085938e+00,3.826667308807373047e+00,9.999729990959167480e-01,-3.226893953979015350e-03,-6.562340538948774338e-03,-8.189596701413393021e-04
4.098472595214843750e+00,6.877702713012695312e+00,6.319195747375488281e+00,9.999974966049194336e-01,-2.192763378843665123e-03,4.412011476233601570e-04,-2.900712424889206886e-04
3.562933206558227539e+00,3.394570648670196533e-01,1.559140086174011230e+00,9.999992847442626953e-01,4.143701517023146152e-05,-6.615999736823141575e-04,1.054316642694175243e-03
1.461229771375656128e-01,7.179960727691650391e+00,5.697373390197753906e+00,9.999817609786987305e-01,-3.401900175958871841e-03,4.188959486782550812e-03,2.728721592575311661e-03
4.200444221496582031e+00,3.607545375823974609e+00,5.445542335510253906e-01,9.999945163726806641e-01,2.482070820406079292e-03,8.814171887934207916e-04,2.041471423581242561e-03
1.392517805099487305e+00,2.048470735549926758e+00,6.507782459259033203e+00,9.999935626983642578e-01,1.815859810449182987e-03,2.667301567271351814e-03,1.586194848641753197e-03
6.889122486114501953e+00,2.033580541610717773e+00,7.317698001861572266e+00,9.999924898147583008e-01,1.250703819096088409e-03,2.151860622689127922e-03,-2.967681502923369408e-03
4.573466777801513672e+00,8.129138946533203125e-01,5.484035015106201172e+00,9.999436140060424805e-01,1.111256424337625504e-03,-8.720951154828071594e-03,-5.959063768386840820e-03
5.564133167266845703e+00,1.136577606201171875e+00,5.559406280517578125e+00,9.999979734420776367e-01,1.595257082954049110e-03,-1.273416215553879738e-03,-1.141329994425177574e-04
3.325878381729125977e+00,4.035864830017089844e+00,5.677952766418457031e-01,9.999887347221374512e-01,8.013884071260690689e-04,4.662266001105308533e-03,5.115178064443171024e-04
4.199704170227050781e+00,8.511698991060256958e-02,1.506387829780578613e+00,9.999955296516418457e-01,-2.405124949291348457e-03,-1.755004981532692909e-03,5.673092528013512492e-05
3.635895013809204102e+00,1.383130908012390137e+00,2.978997707366943359e+00,9.999995827674865723e-01,7.298874552361667156e-04,-6.934448610991239548e-04,-3.513331103022210300e-05
4.283144950866699219e+00,3.993034839630126953e+00,1.068175435066223145e+00,9.999888539314270020e-01,1.814662595279514790e-03,2.880104584619402885e-03,-3.292481182143092155e-03
6.980195641517639160e-01,5.051307678222656250e-01,1.986610174179077148e+00,9.999198913574218750e-01,9.775615297257900238e-03,-4.437359981238842010e-03,6.715223193168640137e-03
1.621479690074920654e-01,4.516907691955566406e+00,7.073068141937255859e+00,9.999389648437500000e-01,9.186256793327629566e-04,-5.432875361293554306e-03,-9.575687348842620850e-03
5.735102176666259766e+00,6.623940467834472656e+00,1.031687110662460327e-01,9.999997615814208984e-01,-2.478736860211938620e-04,6.624548695981502533e-04,-1.854519796324893832e-04
4.543395996093750000e+00,3.346409559249877930e+00,6.452576160430908203e+00,9.999997615814208984e-01,4.877140454482287169e-04,5.975055391900241375e-04,2.399487420916557312e-04
1.330137014389038086e+00,6.893432617187500000e+00,4.958246231079101562e+00,9.999070763587951660e-01,6.800769362598657608e-03,-1.118452101945877075e-02,3.824788611382246017e-03
5.316901206970214844e+00,5.898310184478759766e+00,1.100338578224182129e+00,9.999927282333374023e-01,3.388210432603955269e-03,-1.341405673883855343e-03,-1.168326823972165585e-03
4.301135063171386719e+00,5.465091705322265625e+00,8.334555029869079590e-01,9.999048113822937012e-01,-8.029432035982608795e-03,2.281249733641743660e-03,1.099307183176279068e-02
7.308283805847167969e+00,1.698112130165100098e+00,5.815075397491455078e+00,9.999199509620666504e-01,-9.030015207827091217e-03,-1.774973003193736076e-03,8.680851198732852936e-03
5.002150058746337891e+00,4.808010101318359375e+00,5.405165672302246094e+00,9.999969005584716797e-01,-1.490725437179207802e-03,-2.019452862441539764e-03,1.198208992718718946e-04
3.674958229064941406e+00,4.838328361511230469e+00,3.805898189544677734e+00,9.999988675117492676e-01,-3.238788340240716934e-04,-8.724539075046777725e-04,1.211260911077260971e-03
4.020739197731018066e-01,2.126991748809814453e+00,3.810999870300292969e+00,9.999910593032836914e-01,7.739904103800654411e-04,4.025724716484546661e-03,-1.105060335248708725e-03
1.950724482536315918e+00,4.955613613128662109e+00,5.939310073852539062e+00,9.999995827674865723e-01,1.463724911445751786e-04,-9.753113845363259315e-04,1.138707521022297442e-04
4.039920330047607422e+00,5.829929709434509277e-01,5.470148086547851562e+00,9.999989271163940430e-01,-1.005200392683036625e-04,-3.358088433742523193e-04,-1.470453455112874508e-03
3.707909584045410156e+00,5.770762443542480469e+00,3.753769397735595703e+00,9.999027848243713379e-01,1.252598036080598831e-02,-4.417937714606523514e-03,4.253160208463668823e-03
4.274547100067138672e+00,5.847147941589355469e+00,6.232293605804443359e+00,9.999558925628662109e-01,7.182747125625610352e-03,6.001978646963834763e-03,8.516646921634674072e-04
6.314920425415039062e+00,3.885872125625610352e+00,4.931143283843994141e+00,9.999991655349731445e-01,5.198609142098575830e-05,-9.397001704201102257e-04,-8.651203243061900139e-04
4.050221145153045654e-01,5.798722267150878906e+00,9.817532896995544434e-01,9.999760389328002930e-01,-1.247344189323484898e-03,5.187727510929107666e-03,-4.400668665766716003e-03
1.096223115921020508e+00,3.570434808731079102e+00,6.765045642852783203e+00,9.999236464500427246e-01,9.180129505693912506e-03,7.538672536611557007e-03,-3.429705277085304260e-03
6.102925539016723633e-02,3.113370418548583984e+00,3.331630945205688477e+00,9.999421834945678711e-01,-1.015227753669023514e-02,2.818324370309710503e-03,-2.173328306525945663e-03
6.441801071166992188e+00,2.236277312040328979e-01,4.085875988006591797e+00,9.999992847442626953e-01,7.280503632500767708e-04,9.044098551385104656e-04,-3.939966554753482342e-04
1.365234017372131348e+00,7.138225555419921875e+00,5.433835506439208984e+00,9.999606609344482422e-01,-4.993777722120285034e-03,4.645921289920806885e-03,-5.682225804775953293e-03
5.183095932006835938e+00,5.037049293518066406e+00,4.232081413269042969e+00,9.999957680702209473e-01,-1.141825225204229355e-03,1.632065512239933014e-03,2.156978705897927284e-03
7.112599015235900879e-01,5.011202692985534668e-01,2.249121218919754028e-01,9.999988675117492676e-01,-5.510831833817064762e-04,4.882433859165757895e-04,-1.363936928100883961e-03
2.926941871643066406e+00,2.651604175567626953e+00,3.278919458389282227e+00,9.999495148658752441e-01,2.255664207041263580e-03,6.954149284865707159e-05,-9.795900434255599976e-03
3.395240306854248047e+00,6.202729701995849609e+00,2.335787534713745117e+00,9.999434947967529297e-01,7.836627773940563202e-03,-3.344248689245432615e-04,-7.185550872236490250e-03
1.113639473915100098e+00,2.592612266540527344e+00,9.392156600952148438e-01,9.999935626983642578e-01,-1.854727510362863541e-03,-3.053292864933609962e-03,-3.771939664147794247e-04
6.039104461669921875e+00,7.316333770751953125e+00,6.522103786468505859e+00,9.999744296073913574e-01,9.964365744963288307e-04,6.951929535716772079e-03,-1.367095392197370529e-03
4.245185852050781250e-01,1.601032167673110962e-02,1.325608491897583008e+00,9.999999403953552246e-01,3.945371718145906925e-04,9.753007907420396805e-05,2.426718274364247918e-04
4.059113025665283203e+00,1.991621255874633789e+00,4.307045936584472656e+00,9.999998211860656738e-01,-9.766323637450113893e-05,-4.017538158223032951e-04,-5.822024540975689888e-04
6.890683650970458984e+00,5.635607719421386719e+00,4.271228313446044922e-01,9.999840259552001953e-01,-3.039728617295622826e-03,2.479687798768281937e-03,4.080143757164478302e-03
6.264415979385375977e-01,3.557426929473876953e+00,7.342448234558105469e+00,9.999997615814208984e-01,7.479209452867507935e-04,2.160139592888299376e-05,2.044227148871868849e-04
5.803437709808349609e+00,6.058773517608642578e+00,7.229813098907470703e+00,9.999436140060424805e-01,-8.313011378049850464e-03,5.820645019412040710e-03,3.142692381516098976e-03
9.759586304426193237e-02,5.925567746162414551e-01,7.207477092742919922e+00,1.000000000000000000e+00,-3.510103269945830107e-04,2.002583933062851429e-04,-4.355484998086467385e-05
3.084167957305908203e+00,2.698551177978515625e+00,5.773489952087402344e+00,9.999392032623291016e-01,9.321421384811401367e-03,4.328208509832620621e-03,-4.019256215542554855e-03
3.600059032440185547e+00,6.016175746917724609e+00,4.366833209991455078e+00,9.999613165855407715e-01,-1.348509220406413078e-03,5.128240678459405899e-03,7.021127268671989441e-03
2.123670578002929688e+00,4.275058269500732422e+00,5.208411693572998047e+00,9.999976158142089844e-01,2.840255328919738531e-04,1.969140954315662384e-03,-9.470733348280191422e-04
5.955541610717773438e+00,1.985594272613525391e+00,5.640558242797851562e+00,9.999992847442626953e-01,3.466563357505947351e-04,-4.950711154378950596e-04,1.065448741428554058e-03
6.274667263031005859e+00,8.049966692924499512e-01,2.964472770690917969e-01,9.999949932098388672e-01,-5.766949616372585297e-04,-1.512284390628337860e-03,2.743039513006806374e-03
2.442598819732666016e+00,5.451832771301269531e+00,3.211085796356201172e+00,9.999929666519165039e-01,-3.678134642541408539e-03,-5.660438910126686096e-04,-5.528779583983123302e-04
2.763931512832641602e+00,1.410982489585876465e+00,4.216528415679931641e+00,1.000000000000000000e+00,-1.731323282001540065e-04,-1.421564375050365925e-04,1.723359600873664021e-04
5.671890258789062500e+00,6.603921413421630859e+00,3.236308813095092773e+00,9.999803304672241211e-01,-5.855730269104242325e-03,-2.207823796197772026e-03,4.813158884644508362e-04
6.022583007812500000e+00,4.576828956604003906e+00,7.385608196258544922e+00,9.999868273735046387e-01,-1.741383573971688747e-03,-4.655938129872083664e-03,1.299835508689284325e-03
4.697801768779754639e-01,6.406203269958496094e+00,1.819236993789672852e+00,9.999973177909851074e-01,-2.166681457310914993e-03,-8.965640445239841938e-04,-4.389042805996723473e-05
5.801053047180175781e+00,6.675782680511474609e+00,4.746552944183349609e+00,9.999502897262573242e-01,-9.425626136362552643e-03,1.616718131117522717e-03,-2.826659008860588074e-03
2.967915236949920654e-01,4.999972820281982422e+00,2.899508714675903320e+00,9.999992847442626953e-01,4.857647581957280636e-04,-1.114996732212603092e-03,1.198870522785000503e-04
5.819761276245117188e+00,1.950190067291259766e+00,7.812446951866149902e-01,9.999966025352478027e-01,2.592408331111073494e-03,8.398047066293656826e-05,4.407720407471060753e-04
1.707146763801574707e-01,5.428448200225830078e+00,6.376026272773742676e-01,9.999938607215881348e-01,8.796315523795783520e-04,1.014881068840622902e-03,-3.230288159102201462e-03
4.547312736511230469e+00,1.580307722091674805e+00,5.474256992340087891e+00,9.998850226402282715e-01,-1.166121009737253189e-02,-4.854180850088596344e-03,-8.394078351557254791e-03
7.079260826110839844e+00,3.212308645248413086e+00,1.668007254600524902e+00,9.999979138374328613e-01,1.903143129311501980e-03,-6.262503447942435741e-04,-5.049975006841123104e-04
1.853129029273986816e+00,3.057094097137451172e+00,3.051396369934082031e+00,9.999982118606567383e-01,-8.121591527014970779e-04,-1.745239947922527790e-03,2.033659548033028841e-04
5.171596050262451172e+00,2.370108604431152344e+00,2.778829097747802734e+00,9.999976754188537598e-01,1.640023197978734970e-03,-1.453240169212222099e-03,1.092825332307256758e-04
6.005126476287841797e+00,4.147397518157958984e+00,4.346348285675048828e+00,9.999995827674865723e-01,7.850850815884768963e-04,1.814638671930879354e-04,-5.445483839139342308e-04
1.092131972312927246e+00,5.500071048736572266e+00,3.999276638031005859e+00,9.999985098838806152e-01,-3.074960259255021811e-04,7.466654060408473015e-04,-1.588624785654246807e-03
5.129507064819335938e+00,2.502883434295654297e+00,5.569549083709716797e+00,9.999994039535522461e-01,9.265308035537600517e-04,-5.519085680134594440e-04,4.074034222867339849e-04
4.056598663330078125e+00,2.286762237548828125e+00,3.113918066024780273e+00,9.999895691871643066e-01,-2.062340499833226204e-04,1.730649499222636223e-03,-4.239305853843688965e-03
3.355078220367431641e+00,4.378134727478027344e+00,3.953309774398803711e+00,9.999993443489074707e-01,1.255065581062808633e-04,-1.157383900135755539e-03,2.164274919778108597e-04
1.814373493194580078e+00,5.594807147979736328e+00,3.660589218139648438e+00,9.999994635581970215e-01,8.908322779461741447e-04,5.292844725772738457e-04,-2.118560514645650983e-04
4.719623088836669922e+00,1.361097455024719238e+00,6.018751144409179688e+00,9.999923706054687500e-01,-1.419840264134109020e-03,3.641601419076323509e-03,1.297365088248625398e-04
6.075910851359367371e-02,3.170205354690551758e+00,3.014230251312255859e+00,9.999834895133972168e-01,-5.457123275846242905e-03,1.001992262899875641e-03,-1.519004465080797672e-03
1.980281710624694824e+00,4.961704730987548828e+00,6.559259414672851562e+00,9.999969601631164551e-01,-2.157009439542889595e-04,-4.801149771083146334e-04,-2.441342687234282494e-03
3.621234744787216187e-02,6.496349334716796875e+00,7.218040466308593750e+00,9.999938607215881348e-01,3.287154249846935272e-03,1.115169652621261775e-04,-1.277853967621922493e-03
4.455921649932861328e+00,2.103432416915893555e+00,5.865478992462158203e+00,9.999881386756896973e-01,-2.880183048546314240e-03,-3.903104225173592567e-03,4.218847025185823441e-04
2.107245206832885742e+00,7.020062923431396484e+00,6.455081462860107422e+00,9.999535083770751953e-01,8.027312345802783966e-03,5.047313868999481201e-03,-1.775978598743677139e-03
2.168160200119018555e+00,4.018940925598144531e+00,4.600538730621337891e+00,9.999987483024597168e-01,-8.153015514835715294e-04,1.025074627250432968e-03,9.294526535086333752e-04
6.068574905395507812e+00,6.418337821960449219e+00,4.292962074279785156e+00,9.999899268150329590e-01,1.432553515769541264e-03,3.997324965894222260e-03,-1.508775050751864910e-03
4.822620391845703125e+00,7.491721153259277344e+00,4.770796775817871094e+00,9.999964833259582520e-01,2.098709810525178909e-03,3.104237548541277647e-04,1.634200219996273518e-03
6.502929687500000000e+00,4.058547973632812500e+00,4.604084014892578125e+00,9.999973177909851074e-01,6.119705503806471825e-04,-2.266774186864495277e-03,-1.113699399866163731e-04
2.875891447067260742e+00,7.227548956871032715e-01,5.798156261444091797e+00,9.999885559082031250e-01,-7.239319529617205262e-05,-2.320430008694529533e-03,-4.202174022793769836e-03
3.054074048995971680e+00,4.461816310882568359e+00,5.048096179962158203e+00,9.999955296516418457e-01,1.450471347197890282e-03,6.882189190946519375e-04,2.537798834964632988e-03
5.356713533401489258e-01,1.950784176588058472e-01,7.394743442535400391e+00,9.999874830245971680e-01,4.809249192476272583e-03,-9.341709082946181297e-04,1.002464094199240208e-03
6.402814388275146484e-01,1.952247977256774902e+00,1.587627649307250977e+00,9.999983310699462891e-01,-5.041909753344953060e-04,6.864297320134937763e-04,-1.642121002078056335e-03
7.428122043609619141e+00,2.083709001541137695e+00,2.847681522369384766e+00,9.999952316284179688e-01,1.796310883946716785e-03,2.333503449335694313e-03,-1.029993174597620964e-03
1.158051609992980957e+00,2.383155822753906250e+00,1.744527339935302734e+00,9.999347925186157227e-01,2.245175885036587715e-03,-9.575532749295234680e-03,5.810896866023540497e-03
5.806199073791503906e+00,5.885809898376464844e+00,6.384947299957275391e+00,9.999989867210388184e-01,3.073921834584325552e-05,9.736249921843409538e-05,-1.447406131774187088e-03
2.807838439941406250e+00,2.479242563247680664e+00,5.073038339614868164e-01,9.999997019767761230e-01,6.246828706935048103e-04,4.244295269018039107e-06,-5.595040856860578060e-04
2.420758247375488281e+00,1.072366714477539062e+00,2.244435548782348633e+00,9.999989271163940430e-01,5.544424639083445072e-04,-1.466931717004626989e-04,-1.416913350112736225e-03
2.684056997299194336e+00,4.611103832721710205e-01,7.440261840820312500e+00,9.997950196266174316e-01,7.160381064750254154e-04,-2.023012563586235046e-02,5.159819847904145718e-04
3.875097990036010742e+00,6.872385025024414062e+00,3.426850140094757080e-01,9.999620318412780762e-01,-7.538716774433851242e-03,-4.255636129528284073e-03,9.989445097744464874e-04
4.324672222137451172e+00,4.397621154785156250e+00,8.157712221145629883e-01,9.999400377273559570e-01,3.695392515510320663e-03,8.294681087136268616e-03,6.130145862698554993e-03
6.941246509552001953e+00,4.960845470428466797e+00,1.445899307727813721e-01,9.999985694885253906e-01,-1.816132280509918928e-04,-1.355068176053464413e-03,-1.036739675328135490e-03
6.954541206359863281e+00,2.744510650634765625e+00,2.718149423599243164e+00,9.999996423721313477e-01,4.245974996592849493e-04,7.088644779287278652e-04,-4.246805619914084673e-04
3.733440876007080078e+00,5.044268608093261719e+00,6.603636264801025391e+00,9.999934434890747070e-01,2.694362075999379158e-03,-1.557201358082238585e-05,-2.407665830105543137e-03
1.880487203598022461e+00,1.021530151367187500e+00,5.754130840301513672e+00,9.999966025352478027e-01,1.203930354677140713e-03,-2.146692713722586632e-03,8.697956218384206295e-04
2.768385648727416992e+00,2.772308111190795898e+00,8.053190708160400391e-01,9.999995231628417969e-01,8.205309131881222129e-05,-6.311982288025319576e-04,-8.235859568230807781e-04
1.437583804130554199e+00,1.953925728797912598e+00,1.559506654739379883e+00,9.999980330467224121e-01,7.048561819829046726e-04,-3.190478892065584660e-04,1.865282538346946239e-03
5.293426513671875000e+00,3.239900588989257812e+00,6.701670169830322266e+00,9.999972581863403320e-01,2.304531633853912354e-03,5.041497643105685711e-04,-2.487346355337649584e-04
3.890763521194458008e+00,3.518998146057128906e+00,4.790496349334716797e+00,9.999999403953552246e-01,4.795406421180814505e-04,-1.471509749535471201e-04,2.354497410124167800e-04
5.412698268890380859e+00,3.429132997989654541e-01,5.540465116500854492e-01,9.999948740005493164e-01,-2.583692083135247231e-03,-1.582127297297120094e-03,-1.109493896365165710e-03
2.780923366546630859e+00,6.801599502563476562e+00,7.489586830139160156e+00,9.999911785125732422e-01,-4.049079143442213535e-05,2.850959077477455139e-03,-3.108157776296138763e-03
5.192321300506591797e+00,6.786557674407958984e+00,1.568655848503112793e+00,9.999991059303283691e-01,1.124325091950595379e-03,6.404712912626564503e-04,-4.658819816540926695e-04
3.399297952651977539e+00,1.069502830505371094e+00,2.802799463272094727e+00,1.000000000000000000e+00,1.424676302121952176e-04,-1.139834712375886738e-04,1.350206293864175677e-04
5.789846897125244141e+00,5.983536243438720703e+00,2.744180917739868164e+00,9.999965429306030273e-01,6.215032190084457397e-04,-1.461944309994578362e-03,-2.132447902113199234e-03
1.739002227783203125e+00,1.697464942932128906e+00,2.831079244613647461e+00,9.999102950096130371e-01,-1.585879595950245857e-03,9.109185077250003815e-03,9.691728278994560242e-03
4.354577541351318359e+00,2.536953926086425781e+00,3.837200164794921875e+00,9.999495744705200195e-01,-1.271087792702019215e-03,5.031169275753200054e-04,9.953062050044536591e-03
1.487481117248535156e+00,3.823667168617248535e-01,6.842189311981201172e+00,9.999651908874511719e-01,-5.659619346261024475e-03,-1.795417629182338715e-03,-5.873195827007293701e-03
2.013995170593261719e+00,1.815569877624511719e+00,3.702234268188476562e+00,9.999988675117492676e-01,1.490888418629765511e-03,-3.808259207289665937e-04,9.385804150952026248e-05
7.493273258209228516e+00,5.078496456146240234e+00,3.015476465225219727e+00,9.999983906745910645e-01,2.617098798509687185e-04,-1.015113666653633118e-03,1.507229986600577831e-03
1.026394844055175781e+00,3.130794286727905273e+00,7.172434806823730469e+00,9.999997019767761230e-01,-3.336710215080529451e-04,-5.686851800419390202e-04,-5.011027678847312927e-04
3.661910295486450195e+00,2.633947849273681641e+00,4.526926040649414062e+00,9.999997615814208984e-01,8.012618636712431908e-04,-1.455120800528675318e-04,1.138924126280471683e-04
2.378339767456054688e+00,2.147583246231079102e+00,4.691078186035156250e+00,9.999963641166687012e-01,-4.153582267463207245e-05,2.121945610269904137e-03,1.686790143139660358e-03
7.044426918029785156e+00,2.345485687255859375e+00,3.469631433486938477e+00,9.999951124191284180e-01,2.178621711209416389e-03,-2.176997251808643341e-03,-4.955059266649186611e-04
3.807830095291137695e+00,1.511901497840881348e+00,6.829115867614746094e+00,9.999957084655761719e-01,-1.579822041094303131e-03,2.233016537502408028e-03,-1.078128581866621971e-03
4.730735421180725098e-01,3.506948709487915039e+00,5.809382915496826172e+00,9.999676346778869629e-01,-4.330888914410024881e-04,2.000866224989295006e-03,7.780347019433975220e-03
5.360948562622070312e+00,6.562997817993164062e+00,5.951002120971679688e+00,9.998710155487060547e-01,1.451116800308227539e-02,-6.761881522834300995e-03,-1.359667629003524780e-03
3.353922367095947266e+00,3.938632488250732422e+00,1.077704906463623047e+00,9.999803304672241211e-01,-2.934789808932691813e-04,-5.832408554852008820e-03,-2.286017173901200294e-03
4.217790603637695312e+00,2.536599397659301758e+00,7.477840900421142578e+00,9.999995827674865723e-01,-2.331973373657092452e-04,-3.327441227156668901e-04,8.927690796554088593e-04
7.010495185852050781e+00,2.284968376159667969e+00,6.406093120574951172e+00,9.999222159385681152e-01,9.400461800396442413e-03,-5.210348404943943024e-03,6.335068028420209885e-03
6.065184593200683594e+00,2.776415824890136719e+00,6.677453517913818359e-01,9.999985098838806152e-01,-1.247914042323827744e-03,-1.092606456950306892e-03,-5.183610483072698116e-04
4.959349632263183594e+00,5.641725063323974609e+00,5.653941154479980469e+00,9.999100565910339355e-01,2.313392935320734978e-03,-7.464165333658456802e-03,-1.090507954359054565e-02
6.141558170318603516e+00,3.134090662002563477e+00,3.482221841812133789e+00,9.999864101409912109e-01,1.960291992872953415e-03,3.636097768321633339e-03,3.192438045516610146e-03
4.638726115226745605e-01,5.534148693084716797e+00,5.343927860260009766e+00,9.999887347221374512e-01,-1.278640556847676635e-04,-4.397683776915073395e-03,1.800835365429520607e-03
5.163563728332519531e+00,6.963624477386474609e+00,6.467648983001708984e+00,9.999887347221374512e-01,-4.655510187149047852e-03,-2.896849764510989189e-04,-9.857419645413756371e-04
2.550625562667846680e+00,6.539795398712158203e+00,3.423074185848236084e-01,9.999974370002746582e-01,1.050152699463069439e-03,2.733751316554844379e-04,-2.030470408499240875e-03
5.823018074035644531e+00,3.180992126464843750e+00,4.775786399841308594e+00,9.999752640724182129e-01,-5.811864975839853287e-03,-1.357897883281111717e-03,3.734333673492074013e-03
6.682793498039245605e-01,3.610911846160888672e+00,2.127681493759155273e+00,9.999985694885253906e-01,3.883957397192716599e-04,-3.839815617538988590e-04,1.662809634581208229e-03
9.721428900957107544e-02,4.949948787689208984e+00,1.114641427993774414e+00,9.998028874397277832e-01,9.193494915962219238e-03,1.741914451122283936e-02,2.510693855583667755e-03
4.445659160614013672e+00,5.280704498291015625e+00,4.557278156280517578e+00,9.999991655349731445e-01,7.471078424714505672e-04,-6.922052707523107529e-04,8.143950835801661015e-04
1.279674649238586426e+00,1.667729973793029785e+00,6.627176284790039062e+00,9.998159408569335938e-01,-3.521219827234745026e-03,1.859052479267120361e-02,-3.191111842170357704e-03
5.282852649688720703e+00,7.043802738189697266e+00,7.056830406188964844e+00,9.999860525131225586e-01,1.227207714691758156e-03,4.961997736245393753e-03,1.328394864685833454e-03
2.679228067398071289e+00,6.556706905364990234e+00,4.649158477783203125e+00,9.999955892562866211e-01,-2.221101429313421249e-03,1.156284124590456486e-03,-1.649444340728223324e-03
4.162174701690673828e+00,4.568088531494140625e+00,3.244337081909179688e+00,9.999130368232727051e-01,-1.194866187870502472e-02,-5.291869863867759705e-03,-1.787538756616413593e-03
1.041899085044860840e+00,6.213866233825683594e+00,4.612493515014648438e+00,9.999974370002746582e-01,2.039173268713057041e-04,4.489812417887151241e-04,2.242294605821371078e-03
2.877370595932006836e+00,2.717225074768066406e+00,2.236048728227615356e-01,9.999998807907104492e-01,-9.971734834834933281e-05,-5.484491121023893356e-04,1.113430062105180696e-05
4.782295703887939453e+00,6.092565059661865234e+00,3.453049182891845703e+00,9.999917745590209961e-01,-2.765536308288574219e-03,2.945519285276532173e-03,-3.357625391799956560e-04
4.702280521392822266e+00,4.296053409576416016e+00,2.223621845245361328e+00,9.999970197677612305e-01,1.496766461059451103e-03,-6.753245834261178970e-04,-1.839391887187957764e-03
6.609123945236206055e-02,5.950571060180664062e+00,4.468416213989257812e+00,9.999998807907104492e-01,1.196559969685040414e-04,-5.997791886329650879e-04,-4.376615470391698182e-05
2.861057996749877930e+00,2.393151998519897461e+00,1.143299937248229980e+00,9.997983574867248535e-01,7.199955638498067856e-03,-1.340025570243597031e-02,1.310821808874607086e-02
6.832690715789794922e+00,1.411254554986953735e-01,5.336890697479248047e+00,9.999948143959045410e-01,-1.294046873226761818e-03,-4.762751050293445587e-04,2.935587894171476364e-03
3.824937820434570312e+00,4.126783847808837891e+00,1.200955152511596680e+00,9.999726414680480957e-01,1.204202417284250259e-03,-3.719398286193609238e-03,-6.292990874499082565e-03
6.626226425170898438e+00,4.808228969573974609e+00,7.185113430023193359e+00,9.999983310699462891e-01,8.962502470239996910e-04,-1.678816042840480804e-04,-1.633490319363772869e-03
5.534143447875976562e-01,3.080294847488403320e+00,6.154880523681640625e-01,9.999771118164062500e-01,-1.103233662433922291e-03,6.511954125016927719e-03,1.494703697971999645e-03
3.540733098983764648e+00,2.770100355148315430e+00,5.999087333679199219e+00,9.999770522117614746e-01,-9.653707966208457947e-04,1.628453726880252361e-03,-6.505311466753482819e-03
5.102333426475524902e-01,1.637591719627380371e+00,1.172660470008850098e+00,9.999986290931701660e-01,-6.881658337078988552e-04,5.712619749829173088e-04,-1.439887215383350849e-03
3.357120513916015625e+00,6.487729549407958984e-01,2.714724540710449219e+00,9.999865889549255371e-01,1.907882979139685631e-03,1.384334405884146690e-03,4.607430659234523773e-03
1.881303548812866211e+00,6.895318508148193359e+00,7.402617931365966797e+00,9.999129176139831543e-01,6.974088493734598160e-03,-6.941442377865314484e-03,8.797971531748771667e-03
6.411673545837402344e+00,2.348575830459594727e+00,5.299171805381774902e-01,9.998648762702941895e-01,4.517753608524799347e-03,1.285634469240903854e-02,9.203913621604442596e-03
2.643492937088012695e+00,1.603891491889953613e+00,6.431169986724853516e+00,9.999783635139465332e-01,-1.603590906597673893e-03,-2.910862676799297333e-03,-5.677002016454935074e-03
6.551201343536376953e+00,3.787704706192016602e+00,6.992385387420654297e+00,9.999978542327880859e-01,1.689494238235056400e-03,-1.198977261083200574e-04,-1.259965007193386555e-03
4.947451591491699219e+00,3.143319606781005859e+00,2.732824325561523438e+00,9.999993443489074707e-01,-7.017844473011791706e-04,-8.805922698229551315e-04,-4.289890639483928680e-04
3.841331243515014648e+00,3.045056819915771484e+00,5.160638332366943359e+00,9.999977946281433105e-01,-2.043691230937838554e-03,5.339083727449178696e-04,-3.378097026143223047e-04
3.261664867401123047e+00,1.384206414222717285e+00,4.155888080596923828e+00,9.999934434890747070e-01,1.876900088973343372e-03,7.234633667394518852e-04,3.023203229531645775e-03
4.808235168457031250e+00,5.523769259452819824e-01,6.662175655364990234e+00,9.999953508377075195e-01,2.126983599737286568e-03,-1.484972774051129818e-03,1.648718374781310558e-03
4.664372920989990234e+00,5.996557235717773438e+00,1.633865237236022949e+00,9.999991059303283691e-01,1.138744759373366833e-03,2.345069078728556633e-04,-7.194558274932205677e-04
6.231817245483398438e+00,6.074484348297119141e+00,5.863345623016357422e+00,9.999783039093017578e-01,-4.664154723286628723e-03,1.302313292399048805e-03,4.472879692912101746e-03
5.483815193176269531e+00,3.734383821487426758e+00,4.377423286437988281e+00,9.999994039535522461e-01,-9.322027326561510563e-04,1.077517663361504674e-04,6.299786036834120750e-04
6.015902042388916016e+00,2.797698497772216797e+00,4.424344539642333984e+00,9.999987483024597168e-01,-3.052459505852311850e-04,-8.696554577909410000e-04,1.302853459492325783e-03
7.091928482055664062e+00,7.454505443572998047e+00,1.916876554489135742e+00,9.999942779541015625e-01,2.085168845951557159e-03,7.842846098355948925e-04,2.563478657975792885e-03
7.599856853485107422e-01,7.279847621917724609e+00,5.163214206695556641e+00,9.999902844429016113e-01,5.198136786930263042e-04,7.295257528312504292e-04,-4.335504956543445587e-03
1.826450586318969727e+00,4.121512889862060547e+00,2.305246114730834961e+00,9.999210834503173828e-01,1.001070253551006317e-02,3.515946678817272186e-03,-6.729014217853546143e-03
6.646104335784912109e+00,4.197866618633270264e-01,5.292179107666015625e+00,9.999542832374572754e-01,4.338718019425868988e-03,-1.912516891025006771e-03,8.315147832036018372e-03
7.612843513488769531e-01,5.303313732147216797e+00,7.323213815689086914e-01,9.999969601631164551e-01,-1.204016851261258125e-03,-1.847127801738679409e-03,1.183015643619000912e-03
5.407821178436279297e+00,6.346417903900146484e+00,3.213651657104492188e+00,9.999924302101135254e-01,-1.951916143298149109e-03,-2.874507335945963860e-03,-1.742333755828440189e-03
4.477320671081542969e+00,4.041728019714355469e+00,3.138069391250610352e+00,9.999721050262451172e-01,-5.476488731801509857e-03,3.470011753961443901e-03,-3.732304321601986885e-03
1.916566729545593262e+00,3.522241115570068359e+00,6.112613201141357422e+00,9.999499320983886719e-01,-5.150941666215658188e-03,4.587643488775938749e-04,-8.574358187615871429e-03
5.760850906372070312e+00,4.714442253112792969e+00,6.877900123596191406e+00,9.999980926513671875e-01,-1.831689500249922276e-03,4.686473694164305925e-04,6.199656054377555847e-04
1.053323864936828613e+00,4.729223728179931641e+00,2.112311840057373047e+00,9.999899864196777344e-01,3.266485291533172131e-04,3.787647001445293427e-03,2.367864595726132393e-03
3.176358938217163086e+00,1.698210835456848145e+00,4.143722534179687500e+00,9.999943971633911133e-01,1.963883405551314354e-03,4.478790215216577053e-04,2.694630762562155724e-03
6.780279636383056641e+00,6.482949256896972656e+00,2.237833261489868164e+00,9.999884366989135742e-01,-1.098921522498130798e-03,4.633242264389991760e-03,7.431073463521897793e-04
1.847368717193603516e+00,4.829703330993652344e+00,5.067854881286621094e+00,9.999992847442626953e-01,-1.172193442471325397e-03,-3.489747468847781420e-04,-8.850656740833073854e-05
5.344585895538330078e+00,3.437691688537597656e+00,2.070180177688598633e+00,9.999993443489074707e-01,5.132088554091751575e-04,5.178901483304798603e-04,-9.461357840336859226e-04
4.658505916595458984e+00,2.789809703826904297e+00,8.161678910255432129e-01,9.999975562095642090e-01,-1.420463784597814083e-03,-1.607757178135216236e-03,-5.849730805493891239e-04
6.523487091064453125e+00,1.237339615821838379e+00,7.306396961212158203e+00,9.999556541442871094e-01,-9.707416174933314323e-04,4.443285797606222332e-05,9.374642744660377502e-03
3.581208467483520508e+00,3.336157321929931641e+00,4.573787689208984375e+00,9.999998211860656738e-01,6.066638161428272724e-04,2.789206919260323048e-04,1.010756895993836224e-04
5.781615734100341797e+00,3.883414983749389648e+00,3.980469226837158203e+00,9.999985694885253906e-01,-3.436605038587003946e-04,-1.527523272670805454e-03,-7.437374442815780640e-04
5.482768058776855469e+00,1.546104669570922852e+00,3.694232940673828125e+00,9.999984502792358398e-01,8.628749055787920952e-04,7.513247546739876270e-04,-1.406565774232149124e-03
6.685645580291748047e+00,3.096171140670776367e+00,2.368189334869384766e+00,9.999981522560119629e-01,1.448215916752815247e-03,2.496622619219124317e-04,1.289046136662364006e-03
1.907023429870605469e+00,3.348944902420043945e+00,3.428202390670776367e+00,9.999744296073913574e-01,-7.148865610361099243e-03,2.102156213368289173e-05,3.279526426922529936e-04
5.922644138336181641e+00,2.462952852249145508e+00,4.146502494812011719e+00,9.999997019767761230e-01,1.614086504559963942e-04,-6.767704617232084274e-04,3.523112100083380938e-04
5.018453121185302734e+00,1.541474938392639160e+00,6.721937656402587891e-01,9.999951720237731934e-01,2.544478978961706161e-03,-1.144981593824923038e-03,1.427001785486936569e-03
2.170344591140747070e+00,5.854536533355712891e+00,7.349060535430908203e+00,9.999872446060180664e-01,-4.423558712005615234e-03,4.041644569952040911e-04,2.430458320304751396e-03
5.055777072906494141e+00,7.398854732513427734e+00,2.166542857885360718e-01,9.999997019767761230e-01,2.886577203753404319e-05,2.394175244262441993e-04,-8.445699349977076054e-04
3.930719614028930664e+00,3.472408533096313477e+00,1.646808028221130371e+00,9.999982714653015137e-01,1.697518164291977882e-03,3.358620451763272285e-04,-7.394297863356769085e-04
2.422593355178833008e+00,7.018883705139160156e+00,3.714522838592529297e+00,9.999983906745910645e-01,7.417000597342848778e-04,3.500694583635777235e-04,1.648239907808601856e-03
2.298567056655883789e+00,7.495886325836181641e+00,4.655675888061523438e+00,9.999994635581970215e-01,-8.986338507384061813e-04,-3.954047570005059242e-04,-3.931835526600480080e-04
5.104507923126220703e+00,4.259003639221191406e+00,5.049458503723144531e+00,9.996216297149658203e-01,-2.067421190440654755e-02,1.805614307522773743e-02,1.802509883418679237e-03
4.400281429290771484e+00,6.896378993988037109e+00,3.465356826782226562e+00,9.999898672103881836e-01,-2.945333719253540039e-03,1.971614081412553787e-03,-2.806890290230512619e-03
1.429999947547912598e+00,9.424732327461242676e-01,7.484791278839111328e+00,9.999822378158569336e-01,-1.367730437777936459e-04,-5.886839237064123154e-03,-9.198755724355578423e-04
7.016132354736328125e+00,3.432577848434448242e+00,3.717991828918457031e+00,9.999582767486572266e-01,3.785448148846626282e-03,7.747697178274393082e-03,-3.023181343451142311e-03
5.299588680267333984e+00,2.425721406936645508e+00,1.612586021423339844e+00,9.998689293861389160e-01,1.232883054763078690e-02,9.432679042220115662e-03,-4.612498916685581207e-03
4.676009178161621094e+00,1.527905911207199097e-01,5.901519775390625000e+00,9.997736811637878418e-01,7.525159977376461029e-03,-1.986419036984443665e-02,1.194467069581151009e-03
5.012977600097656250e+00,4.484057426452636719e+00,8.723773360252380371e-01,9.999954104423522949e-01,-2.239573746919631958e-03,-2.064132830128073692e-03,3.289007290732115507e-04
4.278845310211181641e+00,7.318861961364746094e+00,3.796653509140014648e+00,9.999334216117858887e-01,2.891234587877988815e-03,-1.049583312124013901e-02,3.831291804090142250e-03
3.898449659347534180e+00,1.324975967407226562e+00,6.576103210449218750e+00,9.998822808265686035e-01,6.089944858103990555e-03,-8.337764069437980652e-03,-1.135476212948560715e-02
6.085508346557617188e+00,4.484404087066650391e+00,4.879723072052001953e+00,9.999997615814208984e-01,5.143400630913674831e-04,-5.521855782717466354e-04,-6.217432382982224226e-05
4.840548038482666016e+00,3.515901803970336914e+00,8.733740448951721191e-01,9.999964833259582520e-01,1.927315257489681244e-03,-1.404423732310533524e-03,1.200777129270136356e-03
7.372523784637451172e+00,1.114392161369323730e+00,8.842723965644836426e-01,9.999971389770507812e-01,1.932933111675083637e-03,4.792915715370327234e-04,-1.357281929813325405e-03
6.023180961608886719e+00,7.461345672607421875e+00,5.567201614379882812e+00,9.997574687004089355e-01,-1.639671064913272858e-02,1.289544999599456787e-02,-7.068173028528690338e-03
3.364736080169677734e+00,4.624839782714843750e+00,3.015459537506103516e+00,9.999999403953552246e-01,4.147764411754906178e-04,1.097099884646013379e-04,3.368838806636631489e-04
7.112517356872558594e+00,1.225913524627685547e+00,3.980876445770263672e+00,9.999980330467224121e-01,1.509222434833645821e-03,1.268990919925272465e-03,-3.892436507157981396e-04
3.160180568695068359e+00,9.360665678977966309e-01,1.886427879333496094e+00,9.999511837959289551e-01,2.258337801322340965e-03,-5.990245845168828964e-03,7.525987457484006882e-03
1.783772826194763184e+00,6.899163722991943359e+00,6.955580711364746094e+00,9.998776912689208984e-01,4.982267506420612335e-03,-1.300885435193777084e-02,7.111664395779371262e-03
3.561795473098754883e+00,6.875887870788574219e+00,3.752331972122192383e+00,9.999945759773254395e-01,-1.418034546077251434e-03,2.006765687838196754e-03,2.225904725492000580e-03
7.384157657623291016e+00,2.079517126083374023e+00,5.289106369018554688e+00,9.999980330467224121e-01,-7.817212026566267014e-04,-1.138059538789093494e-03,-1.456954050809144974e-03
7.143384933471679688e+00,5.722401142120361328e-01,1.447846770286560059e+00,9.999992847442626953e-01,-8.900819811969995499e-04,-3.265260311309248209e-04,-7.896959432400763035e-04
3.009376287460327148e+00,1.153382539749145508e+00,4.180023670196533203e-01,9.999991655349731445e-01,7.398102898150682449e-04,8.935982477851212025e-04,6.549836834892630577e-04
4.811214923858642578e+00,4.033937931060791016e+00,5.013149261474609375e+00,9.999999403953552246e-01,3.961535985581576824e-04,-1.554491318529471755e-04,-1.588712184457108378e-04
8.668021559715270996e-01,2.320357799530029297e+00,5.281969070434570312e+00,9.999898672103881836e-01,-2.962191589176654816e-03,1.057497574947774410e-03,-3.240083577111363411e-03
2.725178599357604980e-01,5.769523143768310547e+00,4.642440795898437500e+00,9.999994039535522461e-01,8.786157122813165188e-04,-4.969184519723057747e-04,-4.947484703734517097e-04
3.459752082824707031e+00,2.077220827341079712e-01,4.955224514007568359e+00,9.999985098838806152e-01,1.538503332994878292e-03,6.152522983029484749e-04,-6.284547271206974983e-04
3.834440946578979492e+00,2.900501251220703125e+00,4.680382251739501953e+00,9.999998211860656738e-01,6.352591444738209248e-04,-1.916062028612941504e-04,7.391274994006380439e-05
1.466236352920532227e+00,5.086040973663330078e+00,4.666213095188140869e-01,9.998965859413146973e-01,1.184259820729494095e-02,9.143230272457003593e-04,8.110702037811279297e-03
1.438746213912963867e+00,1.697650074958801270e+00,6.350737571716308594e+00,9.998672604560852051e-01,2.316903555765748024e-03,-1.471874304115772247e-02,6.594083737581968307e-03
6.807416439056396484e+00,5.020526409149169922e+00,6.250615119934082031e+00,9.999741315841674805e-01,1.394185819663107395e-03,6.337753497064113617e-03,-3.113755490630865097e-03
6.202156066894531250e+00,1.474889159202575684e+00,3.438347101211547852e+00,9.999957680702209473e-01,2.245628507807850838e-03,1.882199430838227272e-03,-3.812796057900413871e-05
6.536126613616943359e+00,3.154359817504882812e+00,6.594122409820556641e+00,9.999932050704956055e-01,-2.078700577840209007e-03,1.158827217295765877e-03,2.808261197060346603e-03
2.501281499862670898e+00,4.135631084442138672e+00,2.878629267215728760e-01,9.999859333038330078e-01,8.933392236940562725e-04,3.342521609738469124e-03,-4.031364340335130692e-03
5.069894790649414062e+00,1.767791867256164551e+00,1.012330651283264160e+00,9.999981522560119629e-01,5.435591447167098522e-04,1.701207249425351620e-03,7.805048953741788864e-04
5.481134653091430664e-01,6.131959438323974609e+00,1.616417169570922852e+00,9.999997615814208984e-01,-4.505735414568334818e-04,2.617440477479249239e-04,5.613178946077823639e-04
4.783947169780731201e-01,2.570356369018554688e+00,4.911541938781738281e+00,9.999994039535522461e-01,-9.563887724652886391e-04,3.308990853838622570e-04,-5.285700899548828602e-04
3.447291851043701172e+00,4.358566284179687500e+00,5.717361927032470703e+00,9.999993443489074707e-01,-1.002267817966639996e-03,-1.155294812633655965e-04,6.819303962402045727e-04
2.066560506820678711e+00,2.881637811660766602e+00,6.029735565185546875e+00,9.999641180038452148e-01,-3.355744702275842428e-04,-7.822862826287746429e-03,3.232290269806981087e-03
7.372854709625244141e+00,2.024671792984008789e+00,6.714265823364257812e+00,9.999905228614807129e-01,-3.614040790125727654e-03,1.504069194197654724e-03,-1.939886366017162800e-03
6.425023555755615234e+00,2.886795759201049805e+00,3.163968324661254883e+00,9.998776912689208984e-01,8.872062899172306061e-03,-1.260001026093959808e-02,-2.679796423763036728e-03
4.294915199279785156e+00,3.271647214889526367e+00,2.500659704208374023e+00,9.999934434890747070e-01,-3.519894322380423546e-03,-1.069549616659060121e-04,8.807015838101506233e-04
4.048123836517333984e+00,3.981529235839843750e+00,4.924879074096679688e+00,9.999998807907104492e-01,2.541418944019824266e-04,-4.483589145820587873e-04,2.807149721775203943e-04
1.446021199226379395e+00,2.004308938980102539e+00,1.118466734886169434e+00,9.997888803482055664e-01,6.752394139766693115e-03,-5.296319723129272461e-03,1.867031864821910858e-02
1.548793792724609375e+00,5.512716293334960938e+00,6.622959613800048828e+00,9.999826550483703613e-01,-2.451433101668953896e-03,1.967716496437788010e-03,4.984003957360982895e-03
6.256422042846679688e+00,9.641333818435668945e-01,6.630396842956542969e+00,9.998906254768371582e-01,-8.898022584617137909e-03,9.843433275818824768e-03,-6.531067658215761185e-03
5.975485801696777344e+00,1.576247930526733398e+00,1.101404786109924316e+00,9.999999403953552246e-01,4.352713294792920351e-04,6.665298133157193661e-05,2.781224902719259262e-04
4.031136035919189453e+00,1.732352018356323242e+00,2.748132944107055664e+00,9.999890923500061035e-01,-5.363671807572245598e-04,-4.607844166457653046e-03,-6.265704869292676449e-04
3.105294227600097656e+00,3.924771070480346680e+00,1.728405237197875977e+00,9.999995827674865723e-01,3.059279406443238258e-04,-4.356242425274103880e-05,-9.203121881000697613e-04
1.294116616249084473e+00,3.476204633712768555e+00,7.475841522216796875e+00,9.999998807907104492e-01,2.236510481452569366e-04,-5.738390609622001648e-04,-9.423242590855807066e-05
5.572126388549804688e+00,5.834395885467529297e+00,1.907731890678405762e+00,9.999995231628417969e-01,-3.549894900061190128e-04,-6.463250028900802135e-04,-7.087300764396786690e-04
7.279580593109130859e+00,6.435967922210693359e+00,4.991403102874755859e+00,9.999981522560119629e-01,-9.581985068507492542e-04,-2.685380750335752964e-04,1.672661979682743549e-03
6.394174098968505859e+00,6.611368656158447266e+00,6.655249595642089844e+00,9.999923706054687500e-01,-2.250618534162640572e-03,-2.641149330884218216e-03,-1.842371770180761814e-03
4.850367546081542969e+00,4.315495491027832031e+00,5.445290565490722656e+00,9.999995231628417969e-01,-1.667031756369397044e-04,-9.273109026253223419e-04,5.127291660755872726e-04
2.741277217864990234e+00,2.720091938972473145e-01,5.018868446350097656e+00,9.999986290931701660e-01,-8.074675861280411482e-05,-6.531964754685759544e-04,-1.559159834869205952e-03
7.435256838798522949e-01,3.830085515975952148e+00,1.087754726409912109e+00,9.999980926513671875e-01,1.718122657621279359e-04,-1.722433371469378471e-03,-9.701514500193297863e-04
1.065026640892028809e+00,6.487565517425537109e+00,3.222915887832641602e+00,9.999960064888000488e-01,-8.084463770501315594e-04,1.620870782062411308e-03,-2.203570911660790443e-03
4.682669639587402344e+00,4.818361759185791016e+00,7.083600521087646484e+00,9.999184608459472656e-01,4.783937241882085800e-03,-1.103533245623111725e-02,-4.300679080188274384e-03
6.114240169525146484e+00,1.283847093582153320e-01,6.736122608184814453e+00,9.999980926513671875e-01,-1.345685683190822601e-03,1.243402017280459404e-03,-7.841477054171264172e-04
8.379789441823959351e-02,5.356760025024414062e+00,2.240011453628540039e+00,9.998489022254943848e-01,-5.200476385653018951e-03,4.308711271733045578e-03,1.601927168667316437e-02
1.747076392173767090e+00,2.813975334167480469e+00,2.106559514999389648e+00,1.000000000000000000e+00,-1.562154830025974661e-05,1.947770215338096023e-04,-2.067665918730199337e-04
2.221425056457519531e+00,4.202688694000244141e+00,6.854553699493408203e+00,9.999904036521911621e-01,-2.201686380431056023e-03,-3.651782870292663574e-03,9.976514847949147224e-04
4.011886596679687500e+00,2.708202362060546875e+00,6.711781501770019531e+00,9.999623894691467285e-01,-1.121434499509632587e-03,7.957289926707744598e-03,3.271385794505476952e-03
2.426191329956054688e+00,5.174980640411376953e+00,2.956420779228210449e-01,9.999948143959045410e-01,-7.882349309511482716e-04,-1.991336932405829430e-03,2.433205954730510712e-03
1.610278367996215820e+00,6.068015575408935547e+00,8.498853445053100586e-01,9.999997615814208984e-01,2.394304756307974458e-04,-2.504884614609181881e-04,-6.547083612531423569e-04
3.151267528533935547e+00,3.417858362197875977e+00,6.466402530670166016e+00,9.999244213104248047e-01,-7.375544868409633636e-03,5.647600162774324417e-03,-8.055303245782852173e-03
4.780605792999267578e+00,6.354257106781005859e+00,2.231185436248779297e+00,9.999986886978149414e-01,1.508828019723296165e-03,-6.711099413223564625e-04,-7.005963561823591590e-05
1.669346213340759277e+00,1.812070250511169434e+00,9.909232258796691895e-01,9.997247457504272461e-01,-1.484928652644157410e-02,-1.767507381737232208e-02,4.188798833638429642e-03
4.753472328186035156e+00,5.441151142120361328e+00,2.501873493194580078e+00,9.999993443489074707e-01,1.330920349573716521e-04,-1.220015692524611950e-03,-3.894693873007781804e-05
7.223512649536132812e+00,2.944251060485839844e+00,7.493824481964111328e+00,9.999904632568359375e-01,-2.649669069796800613e-03,-1.808441826142370701e-03,-2.973720198497176170e-03
2.929968595504760742e+00,1.962449789047241211e+00,4.099319934844970703e+00,9.999998807907104492e-01,8.892489859135821462e-05,3.661777882371097803e-04,4.423064237926155329e-04
3.490804910659790039e+00,5.305058956146240234e+00,6.645529270172119141e+00,9.999999403953552246e-01,8.675034041516482830e-05,-2.575388498371466994e-05,4.166050348430871964e-04
2.238491773605346680e+00,5.427462577819824219e+00,1.594962000846862793e+00,9.999329447746276855e-01,-1.083483733236789703e-02,-3.868545405566692352e-03,1.387027092278003693e-03
7.311041355133056641e+00,4.617361068725585938e+00,7.144739151000976562e+00,9.998988509178161621e-01,9.814566932618618011e-03,1.022356562316417694e-02,-1.186751993373036385e-03
3.937525510787963867e+00,5.986660480499267578e+00,7.334730625152587891e+00,9.999998211860656738e-01,4.680813872255384922e-04,-3.181476495228707790e-04,3.982566413469612598e-04
4.052477359771728516e+00,3.837074518203735352e+00,5.384450435638427734e+00,9.999995231628417969e-01,9.657458285801112652e-04,-2.787210396490991116e-04,3.046345082111656666e-04
4.037054538726806641e+00,2.286389827728271484e+00,9.483925700187683105e-01,9.999623894691467285e-01,2.900805557146668434e-03,-1.553384936414659023e-03,8.028650656342506409e-03
2.739768028259277344e+00,5.118394851684570312e+00,2.534969091415405273e+00,9.998961091041564941e-01,-2.585082780569791794e-03,-1.391017343848943710e-02,-2.773201093077659607e-03
4.493003785610198975e-01,2.032160043716430664e+00,6.499604701995849609e+00,9.999997019767761230e-01,3.570223634596914053e-05,-6.806112942285835743e-04,4.305999900680035353e-04
2.984520792961120605e-01,3.026600360870361328e+00,1.306761264801025391e+00,9.998788237571716309e-01,5.064781289547681808e-03,1.306449808180332184e-02,6.789738312363624573e-03
4.342756748199462891e+00,6.491222858428955078e+00,5.272292613983154297e+00,9.999992847442626953e-01,-5.546921165660023689e-04,-5.548755289055407047e-04,-9.651492582634091377e-04
2.429164648056030273e+00,2.947767972946166992e+00,3.780953168869018555e+00,9.999899864196777344e-01,2.429601037874817848e-03,3.728891722857952118e-03,5.731610581278800964e-04
8.907453417778015137e-01,1.007997632026672363e+00,5.141468524932861328e+00,9.999973177909851074e-01,-2.077628392726182938e-03,1.049442216753959656e-03,-3.843922459054738283e-04
4.161996364593505859e+00,5.767075061798095703e+00,5.280796527862548828e+00,9.999656081199645996e-01,-8.634474361315369606e-04,-6.208476144820451736e-03,5.434778518974781036e-03
2.729221820831298828e+00,7.343419075012207031e+00,1.183018684387207031e+00,9.999999403953552246e-01,-1.503556559327989817e-04,-4.643129359465092421e-04,-5.360100840334780514e-05
6.465426445007324219e+00,6.441926002502441406e+00,2.430054426193237305e+00,9.998986721038818359e-01,-1.076187752187252045e-02,-8.627842180430889130e-03,3.543060040101408958e-03
5.858377456665039062e+00,2.834781408309936523e+00,2.897913694381713867e+00,9.999992847442626953e-01,-4.426475788932293653e-04,9.333539055660367012e-04,5.657061701640486717e-04
5.342799663543701172e+00,2.868372440338134766e+00,6.485826015472412109e+00,9.999988675117492676e-01,3.076069988310337067e-04,-1.502073253504931927e-03,1.831590343499556184e-04
5.280688285827636719e+00,1.437505006790161133e+00,1.408277273178100586e+00,9.999083280563354492e-01,-9.794839657843112946e-03,9.352467022836208344e-03,-1.418086903868243098e-04
5.738463997840881348e-01,6.577484607696533203e+00,4.152200698852539062e+00,9.999968409538269043e-01,2.470663515850901604e-03,4.376455326564610004e-04,-3.467541537247598171e-04
1.445474624633789062e+00,5.449243187904357910e-01,2.867608547210693359e+00,9.999994635581970215e-01,1.151643300545401871e-04,7.140553207136690617e-04,-7.709323544986546040e-04
7.194204807281494141e+00,3.870891809463500977e+00,2.985191106796264648e+00,9.999947547912597656e-01,-2.759206108748912811e-03,-1.585300196893513203e-03,6.422369624488055706e-04
4.662250995635986328e+00,5.461989879608154297e+00,9.980649948120117188e-01,9.999477267265319824e-01,1.278862473554909229e-03,4.021665547043085098e-03,9.315722621977329254e-03
4.581273555755615234e+00,1.038191840052604675e-01,6.685229778289794922e+00,9.999988675117492676e-01,1.137345680035650730e-03,1.189657486975193024e-04,1.036221510730683804e-03
3.823546171188354492e+00,7.466595172882080078e+00,1.776720523834228516e+00,9.998869299888610840e-01,-1.236342266201972961e-02,7.836242206394672394e-03,3.458783030509948730e-03
5.218750000000000000e+00,2.535097301006317139e-01,2.792395353317260742e+00,9.999999403953552246e-01,1.938672503456473351e-04,2.838165673892945051e-04,2.272327692480757833e-04
3.548760712146759033e-01,8.002703785896301270e-01,4.852973937988281250e+00,9.999980330467224121e-01,2.300616324646398425e-04,-8.261723560281097889e-04,-1.843471545726060867e-03
5.576369285583496094e+00,4.032065868377685547e+00,6.279890537261962891e+00,9.999969005584716797e-01,4.206730809528380632e-04,-7.806328358128666878e-04,2.359688514843583107e-03
4.043087959289550781e+00,2.711283683776855469e+00,4.242591381072998047e+00,9.999979138374328613e-01,1.292656641453504562e-03,-9.416774264536798000e-04,-1.305321813561022282e-03
4.011987686157226562e+00,4.692979812622070312e+00,5.627187252044677734e+00,9.999899268150329590e-01,3.330887760967016220e-03,-2.657238859683275223e-03,1.451764954254031181e-03
1.934902548789978027e+00,1.069452762603759766e+00,4.286187648773193359e+00,9.999575614929199219e-01,-5.490082781761884689e-03,-5.602817982435226440e-03,-4.823974799364805222e-03
4.148031711578369141e+00,6.990116596221923828e+00,6.805919647216796875e+00,9.998064637184143066e-01,-7.089594844728708267e-03,1.563636772334575653e-02,-9.610339067876338959e-03
1.049134954810142517e-01,2.353982686996459961e+00,7.166608810424804688e+00,9.998801946640014648e-01,-3.362727118656039238e-03,1.507217809557914734e-02,-1.077553140930831432e-03
5.448784828186035156e+00,2.937606811523437500e+00,5.950109481811523438e+00,9.999989271163940430e-01,-1.088446704670786858e-03,9.477328858338296413e-04,4.798423906322568655e-04
6.524170398712158203e+00,3.518590927124023438e+00,4.855763912200927734e+00,9.998921155929565430e-01,3.326151752844452858e-03,1.349056977778673172e-02,4.774903878569602966e-03
6.918704509735107422e-01,4.624402999877929688e+00,6.754767417907714844e+00,9.999717473983764648e-01,2.600494073703885078e-03,6.295956205576658249e-03,-3.184408647939562798e-03
4.967288017272949219e+00,1.540585994720458984e+00,6.762040615081787109e+00,9.999992847442626953e-01,-5.491221672855317593e-04,1.896111934911459684e-04,1.115459483116865158e-03
1.174648642539978027e+00,3.193645715713500977e+00,6.377620697021484375e+00,9.999979734420776367e-01,-2.132656809408217669e-04,-8.866412681527435780e-04,-1.820655423216521740e-03
6.931060791015625000e+00,5.026881694793701172e+00,5.013142108917236328e+00,9.999959468841552734e-01,2.587155671790242195e-03,-1.043884549289941788e-03,7.019248441793024540e-04
4.933674812316894531e+00,5.562436103820800781e+00,6.531906127929687500e+00,9.999964237213134766e-01,-1.245221705175936222e-03,-3.025743644684553146e-04,-2.362302970141172409e-03
3.256060838699340820e+00,2.964663267135620117e+00,5.982553005218505859e+00,9.999808073043823242e-01,-2.978608477860689163e-03,4.080127924680709839e-03,-3.603286808356642723e-03
7.052315235137939453e+00,5.072891712188720703e-01,5.748579025268554688e+00,9.999991059303283691e-01,-1.050266873789951205e-04,-1.321612857282161713e-03,2.975518873427063227e-04
1.276143312454223633e+00,2.086373090744018555e+00,1.737667061388492584e-02,9.999986886978149414e-01,1.203937135869637132e-04,-1.646061777137219906e-03,-5.455259088193997741e-05
4.038353443145751953e+00,4.344573974609375000e+00,1.100057601928710938e+00,9.999959468841552734e-01,-8.496172958984971046e-04,-1.207412686198949814e-03,-2.436502370983362198e-03
2.736651182174682617e+00,2.044329643249511719e+00,2.226752042770385742e+00,9.999999403953552246e-01,3.286253486294299364e-04,3.342944837640970945e-04,-9.808122558752074838e-05
3.333601951599121094e+00,3.866747856140136719e+00,5.996184825897216797e+00,9.999178647994995117e-01,-7.948950864374637604e-03,-5.504162050783634186e-03,8.414474315941333771e-03
3.369650840759277344e+00,5.486746311187744141e+00,2.469019174575805664e+00,9.999812841415405273e-01,-6.003221962600946426e-03,-1.234336639754474163e-03,6.789294275222346187e-05
2.775240659713745117e+00,6.296325325965881348e-01,5.410451889038085938e+00,9.999968409538269043e-01,-2.927181776612997055e-04,-2.211070153862237930e-03,-1.160177867859601974e-03
6.404223442077636719e+00,6.128222942352294922e+00,6.285264968872070312e+00,9.999972581863403320e-01,1.171177718788385391e-04,2.082451945170760155e-03,1.055265311151742935e-03
3.545642137527465820e+00,6.730255603790283203e+00,4.872057914733886719e+00,9.999997019767761230e-01,-8.446720312349498272e-04,1.181255211122334003e-04,7.431997073581442237e-05
7.718146443367004395e-01,7.004105448722839355e-01,3.119215965270996094e+00,9.999694824218750000e-01,-4.614349454641342163e-03,5.487528629601001740e-03,3.116561332717537880e-03
1.264098048210144043e+00,1.317985653877258301e+00,6.823120117187500000e+00,9.999709129333496094e-01,-9.209581185132265091e-04,-4.362041596323251724e-03,6.196833215653896332e-03
3.807654619216918945e+00,5.346440792083740234e+00,3.253534555435180664e+00,9.999992251396179199e-01,-1.087213633581995964e-03,-5.306553211994469166e-04,2.804608957376331091e-04
7.345535755157470703e+00,4.148343563079833984e+00,3.764159440994262695e+00,9.999967217445373535e-01,1.385633251629769802e-03,8.734624134376645088e-04,-1.982256770133972168e-03
4.274367332458496094e+00,4.077948570251464844e+00,6.380235195159912109e+00,9.999995231628417969e-01,-3.329563478473573923e-04,4.906836547888815403e-04,8.443852420896291733e-04
7.881795167922973633e-01,6.407142639160156250e+00,7.477950096130371094e+00,9.999704360961914062e-01,-3.767284099012613297e-03,2.650639507919549942e-03,-6.170335691422224045e-03
3.070642471313476562e+00,6.957797050476074219e+00,3.699251711368560791e-01,9.999655485153198242e-01,-7.493581622838973999e-03,2.963217673823237419e-03,2.030480187386274338e-03
7.272642612457275391e+00,2.025838941335678101e-01,4.668044090270996094e+00,9.999961853027343750e-01,-1.697969390079379082e-03,-1.870546140708029270e-03,1.105299452319741249e-03
1.292436361312866211e+00,5.810625076293945312e+00,5.082736492156982422e+00,9.999974966049194336e-01,6.241645896807312965e-04,-6.677993951598182321e-05,2.185882767662405968e-03
5.269027948379516602e-01,2.529086589813232422e+00,3.020701646804809570e+00,9.999460577964782715e-01,5.551018752157688141e-03,-3.263310762122273445e-03,8.148027583956718445e-03
6.382900714874267578e+00,4.491540431976318359e+00,4.016357898712158203e+00,9.999994635581970215e-01,1.081944676116108894e-03,6.340513209579512477e-05,-2.517125103622674942e-04
2.019088268280029297e+00,4.257201671600341797e+00,8.222500085830688477e-01,9.999992251396179199e-01,9.046969353221356869e-05,1.116873812861740589e-03,5.368145066313445568e-04
3.029611110687255859e+00,1.408893704414367676e+00,2.515784740447998047e+00,9.999994635581970215e-01,-6.141631165519356728e-04,2.320011553820222616e-04,8.627197821624577045e-04
2.575710058212280273e+00,7.905053496360778809e-01,6.086719036102294922e+00,9.999997019767761230e-01,4.428763058967888355e-04,-7.170754834078252316e-04,1.669468038016930223e-04
1.238993883132934570e+00,8.593474626541137695e-01,7.471168041229248047e-01,9.999476671218872070e-01,4.712566733360290527e-03,8.471735753118991852e-03,-3.267483552917838097e-03
6.557010173797607422e+00,4.794066905975341797e+00,2.255508422851562500e+00,9.999421238899230957e-01,2.501216018572449684e-03,1.932647312059998512e-03,1.028114836663007736e-02
4.739760875701904297e+00,2.137842178344726562e+00,5.331198692321777344e+00,9.999952912330627441e-01,2.877022838220000267e-03,-8.068110910244286060e-04,-8.062354172579944134e-04
5.268742442131042480e-01,3.393779039382934570e+00,6.630455493927001953e+00,9.999950528144836426e-01,1.202623243443667889e-03,8.194379042834043503e-04,-2.808224176988005638e-03
7.180633544921875000e+00,6.085340023040771484e+00,7.340864658355712891e+00,9.999982118606567383e-01,-1.905680866912007332e-03,-2.024232817348092794e-04,-5.733520447392947972e-05
7.203356266021728516e+00,7.291343688964843750e+00,1.142863258719444275e-01,9.997517466545104980e-01,-1.759323477745056152e-02,-8.618658408522605896e-03,-1.061964966356754303e-02
3.566917896270751953e+00,5.470777988433837891e+00,2.820669174194335938e+00,9.999971985816955566e-01,-2.371653215959668159e-03,4.317097409511916339e-05,2.992669178638607264e-04
6.830554962158203125e+00,6.594804286956787109e+00,6.108158111572265625e+00,9.999373555183410645e-01,1.151612144894897938e-03,-6.304024718701839447e-03,-9.180895052850246429e-03
6.052019119262695312e+00,1.627778172492980957e+00,2.646487712860107422e+00,9.999926686286926270e-01,-1.067843171767890453e-03,-1.083097537048161030e-03,3.528235713019967079e-03
6.223657131195068359e+00,1.170884728431701660e+00,3.864417374134063721e-01,9.999292492866516113e-01,4.400508478283882141e-03,-1.087066717445850372e-02,-2.010186901316046715e-03
5.895786285400390625e+00,4.971983432769775391e+00,4.584828853607177734e+00,9.999990463256835938e-01,-9.769260650500655174e-04,7.214971701614558697e-04,-7.533373427577316761e-04
1.882837653160095215e+00,4.842249676585197449e-02,3.645878553390502930e+00,9.999618530273437500e-01,4.560568369925022125e-03,-3.945860546082258224e-03,6.325207185000181198e-03
3.119258880615234375e-01,5.225619316101074219e+00,4.713130950927734375e+00,9.999707341194152832e-01,3.680938854813575745e-03,2.314366633072495461e-03,-6.306951865553855896e-03
3.006391048431396484e+00,7.387764453887939453e+00,5.587402343750000000e+00,9.999386072158813477e-01,-5.244830623269081116e-03,4.828497301787137985e-03,8.485174737870693207e-03
6.679668903350830078e+00,2.052128314971923828e+00,6.218337535858154297e+00,9.997159242630004883e-01,-1.939876377582550049e-02,-4.634328186511993408e-03,-1.305201463401317596e-02
3.909189701080322266e-01,4.710862159729003906e+00,2.404675245285034180e+00,9.999964237213134766e-01,-1.659114263020455837e-03,1.934412051923573017e-03,8.025040733627974987e-04
4.046001911163330078e+00,4.410639762878417969e+00,4.182409286499023438e+00,9.999989271163940430e-01,-1.147486036643385887e-03,-6.698689539916813374e-04,7.116316119208931923e-04
2.451183319091796875e+00,6.376973152160644531e+00,5.682511806488037109e+00,9.999986886978149414e-01,1.067367615178227425e-03,-1.277315197512507439e-03,-4.644808996090432629e-06
1.039982914924621582e+00,2.230402231216430664e+00,3.077644824981689453e+00,9.999073743820190430e-01,1.049979403614997864e-02,-2.035085926763713360e-04,8.661879226565361023e-03
2.656944751739501953e+00,1.988009095191955566e+00,5.730728626251220703e+00,9.999997019767761230e-01,-5.197799764573574066e-04,-2.893488272093236446e-04,5.840015364810824394e-04
5.854944229125976562e+00,2.547486543655395508e+00,9.850296378135681152e-01,9.999973773956298828e-01,9.320668759755790234e-04,-1.725609414279460907e-03,1.180779538117349148e-03
1.651094913482666016e+00,2.387026071548461914e+00,3.472733020782470703e+00,9.999995827674865723e-01,7.611263426952064037e-04,3.406377218198031187e-04,-5.082821007817983627e-04
4.906069278717041016e+00,5.061974048614501953e+00,2.409009933471679688e+00,9.999991059303283691e-01,-2.563736343290656805e-04,-1.265556202270090580e-03,-4.704902821686118841e-04
6.053276062011718750e+00,4.583767890930175781e+00,1.338305473327636719e+00,9.999996423721313477e-01,8.571239304728806019e-04,-2.589427749626338482e-04,6.182733341120183468e-05
7.412464618682861328e+00,7.010511875152587891e+00,5.558157444000244141e+00,9.999676346778869629e-01,7.382842712104320526e-03,6.615809397771954536e-04,-3.146551782265305519e-03
2.821158647537231445e+00,5.875792503356933594e-01,4.338112354278564453e+00,9.999998807907104492e-01,-1.560804812470450997e-04,5.105281015858054161e-04,3.868682833854109049e-04
2.804955959320068359e+00,4.600478172302246094e+00,3.216040730476379395e-01,9.999989271163940430e-01,3.086703654844313860e-04,4.364822525531053543e-04,-1.424596412107348442e-03
5.917277812957763672e+00,1.353628873825073242e+00,7.467903614044189453e+00,9.999968409538269043e-01,9.805243462324142456e-04,-2.297059400007128716e-03,-4.594093479681760073e-04
4.919839859008789062e+00,1.863877534866333008e+00,5.763168811798095703e+00,9.996821284294128418e-01,5.105996504426002502e-03,-1.962174102663993835e-02,-1.498735323548316956e-02
3.586621761322021484e+00,4.399532794952392578e+00,6.099570274353027344e+00,9.999996423721313477e-01,-8.542223367840051651e-04,3.793930809479206800e-04,8.575469109928235412e-05
1.115605354309082031e+00,2.632694721221923828e+00,5.704591274261474609e+00,9.999941587448120117e-01,4.018661857116967440e-04,-8.793803281150758266e-04,-3.298168536275625229e-03
5.871629238128662109e+00,3.258397817611694336e+00,3.348395347595214844e+00,9.999935626983642578e-01,-5.909642204642295837e-04,2.246884861961007118e-03,2.756765810772776604e-03
3.912983655929565430e+00,1.192368745803833008e+00,5.455846309661865234e+00,9.999996423721313477e-01,4.631385381799191236e-04,2.856108185369521379e-04,-7.258260739035904408e-04
1.434052228927612305e+00,7.200552821159362793e-01,6.806783676147460938e+00,9.999186992645263672e-01,6.148672662675380707e-03,-6.641466170549392700e-03,8.984199725091457367e-03
6.694658279418945312e+00,6.819724559783935547e+00,5.923459529876708984e+00,9.999507069587707520e-01,-8.965997840277850628e-04,-4.106394946575164795e-03,-8.996191434562206268e-03
6.408265113830566406e+00,7.335055351257324219e+00,4.366702079772949219e+00,9.999983906745910645e-01,5.016560899093747139e-04,-1.005677971988916397e-03,-1.437536673620343208e-03
3.040575742721557617e+00,5.947800636291503906e+00,7.176331996917724609e+00,9.999991655349731445e-01,-7.559792138636112213e-04,4.342143365647643805e-04,1.002275268547236919e-03
6.378500461578369141e+00,3.178296685218811035e-01,2.715554475784301758e+00,9.999976158142089844e-01,1.713866367936134338e-03,2.276414015796035528e-04,1.370736514218151569e-03
3.053885459899902344e+00,6.732944011688232422e+00,4.718777179718017578e+00,9.999994635581970215e-01,-8.426875574514269829e-04,-5.954570369794964790e-04,4.629525574273429811e-05
3.552077531814575195e+00,1.859845519065856934e+00,3.882624149322509766e+00,9.999981522560119629e-01,-9.518465958535671234e-04,1.693548983894288540e-03,8.798276394372805953e-05
4.135271549224853516e+00,5.073142051696777344e+00,2.673707962036132812e+00,9.999874830245971680e-01,-3.728043986484408379e-03,2.898670965805649757e-03,-1.701335539110004902e-03
1.689534544944763184e+00,2.914562821388244629e-02,2.470200777053833008e+00,1.000000000000000000e+00,1.104421535274013877e-04,2.677709271665662527e-04,3.183084118063561618e-06
5.030833244323730469e+00,5.496040344238281250e+00,2.919651269912719727e+00,9.999967813491821289e-01,-5.530402268050238490e-05,-2.272657817229628563e-03,-1.185389002785086632e-03
8.310421109199523926e-01,1.857374429702758789e+00,4.988328933715820312e+00,9.998450875282287598e-01,-1.619867421686649323e-02,-4.801763221621513367e-03,-4.931963980197906494e-03
1.429143428802490234e+00,4.796452522277832031e+00,6.010319590568542480e-01,9.998934864997863770e-01,1.239270810037851334e-02,1.288628089241683483e-03,7.602046709507703781e-03
2.581841945648193359e-01,8.044205307960510254e-01,6.179640769958496094e+00,9.999964833259582520e-01,-2.540816320106387138e-03,7.267715409398078918e-04,2.874227066058665514e-04
6.246411800384521484e+00,6.829329013824462891e+00,1.559280276298522949e+00,9.999974966049194336e-01,2.220306778326630592e-03,4.194459324935451150e-05,3.800888953264802694e-04
3.701987981796264648e+00,9.705226868391036987e-02,3.862388372421264648e+00,9.999907016754150391e-01,-7.791885291226208210e-04,-1.247609616257250309e-03,4.074970260262489319e-03
2.726078510284423828e+00,9.276927709579467773e-01,3.130869150161743164e+00,9.999999403953552246e-01,-2.112639340339228511e-04,-2.950271882582455873e-04,3.297545772511512041e-04
5.734899044036865234e+00,2.976466417312622070e+00,3.836413323879241943e-01,9.999998211860656738e-01,6.838485132902860641e-04,9.832802606979385018e-05,2.195204288000240922e-04
4.121852666139602661e-02,1.514261245727539062e+00,4.447295665740966797e+00,9.999948143959045410e-01,9.844860760495066643e-04,-2.080297563225030899e-03,-2.262794412672519684e-03
3.240705966949462891e+00,2.360527753829956055e+00,5.567864894866943359e+00,9.999799728393554688e-01,-4.415935836732387543e-03,-4.025441128760576248e-03,2.107003936544060707e-03
5.606394767761230469e+00,1.840387582778930664e+00,5.566070556640625000e+00,9.999980926513671875e-01,6.464743637479841709e-04,4.461952194105833769e-04,1.835085568018257618e-03
2.790473461151123047e+00,1.751134157180786133e+00,5.181002616882324219e+00,9.999897480010986328e-01,-3.720443462952971458e-03,-9.677968773758038878e-05,-2.603249158710241318e-03
2.166515111923217773e+00,7.263520717620849609e+00,6.862286090850830078e+00,9.999963641166687012e-01,3.041531308554112911e-04,2.665471052750945091e-03,-4.534570907708257437e-04
2.747178316116333008e+00,2.293668270111083984e+00,7.314321517944335938e+00,1.000000000000000000e+00,-3.759554601856507361e-05,-1.227353786816820502e-04,1.186933877761475742e-04
6.950249075889587402e-01,3.053288698196411133e+00,7.120978355407714844e+00,9.999998211860656738e-01,1.714741374598816037e-04,-6.721797399222850800e-04,-3.216474169676075689e-06
1.451743483543395996e+00,2.464641809463500977e+00,6.383762836456298828e+00,9.999769330024719238e-01,1.755642471835017204e-03,6.029294803738594055e-03,-2.589247887954115868e-03
1.261453270912170410e+00,4.059449672698974609e+00,2.865626096725463867e+00,9.999997615814208984e-01,4.105206171516329050e-04,-1.650713529670611024e-04,6.760964170098304749e-04
2.656790018081665039e+00,8.790551424026489258e-01,6.594348430633544922e+00,9.999992847442626953e-01,3.360869013704359531e-04,9.866420878097414970e-04,6.645445828326046467e-04
5.273938179016113281e+00,6.085325717926025391e+00,3.013409376144409180e+00,9.999937415122985840e-01,-1.941153663210570812e-03,-1.234554685652256012e-03,-2.690099179744720459e-03
2.014663696289062500e+00,6.459001064300537109e+00,3.678451776504516602e+00,9.999637007713317871e-01,5.463278386741876602e-03,-4.714824259281158447e-03,4.548710770905017853e-03
6.011389255523681641e+00,7.579966187477111816e-01,6.646933555603027344e+00,9.999424219131469727e-01,-6.108103320002555847e-03,6.575110368430614471e-03,-5.885154940187931061e-03
2.718032836914062500e+00,3.183332204818725586e+00,1.271946191787719727e+00,9.999991655349731445e-01,-8.769328123889863491e-04,-7.088623242452740669e-04,-7.473111618310213089e-04
5.482204437255859375e+00,3.585496425628662109e+00,7.064321994781494141e+00,9.999890923500061035e-01,3.957831766456365585e-03,-1.736901351250708103e-03,1.781817409209907055e-03
5.901406288146972656e+00,3.919255971908569336e+00,1.947747588157653809e+00,9.999955296516418457e-01,-2.009332645684480667e-03,1.496856915764510632e-03,-1.649645389989018440e-03
2.626142501831054688e+00,1.685032807290554047e-02,6.334292411804199219e+00,9.999983906745910645e-01,9.375242516398429871e-04,-1.086456351913511753e-03,-1.089580357074737549e-03
1.094514250755310059e+00,2.910460948944091797e+00,6.111041069030761719e+00,9.999988079071044922e-01,2.571619115769863129e-04,2.644190972205251455e-04,-1.539834775030612946e-03
6.943627357482910156e+00,6.961537361145019531e+00,3.195369720458984375e+00,9.999960064888000488e-01,8.112242212519049644e-04,-2.607543719932436943e-03,-7.840233156457543373e-04
6.439327001571655273e-01,7.242472171783447266e-01,2.213195800781250000e+00,9.999273419380187988e-01,6.788039579987525940e-03,-6.222270894795656204e-03,7.785505615174770355e-03
1.790991902351379395e+00,5.364342689514160156e+00,6.059517860412597656e+00,9.999964237213134766e-01,-2.376609481871128082e-03,-1.059694564901292324e-03,-6.620861240662634373e-04
4.439503192901611328e+00,3.740649700164794922e+00,7.374176502227783203e+00,9.999986886978149414e-01,1.374042476527392864e-03,-1.482837105868384242e-04,9.383017895743250847e-04
6.181945800781250000e+00,6.519675731658935547e+00,6.195733070373535156e+00,9.999655485153198242e-01,5.976887419819831848e-03,4.052448086440563202e-03,4.088793881237506866e-03
1.243146061897277832e+00,3.499393701553344727e+00,4.106706619262695312e+00,9.999555349349975586e-01,3.691420424729585648e-03,-4.794557578861713409e-03,-7.228952832520008087e-03
6.587889671325683594e+00,4.138706207275390625e+00,5.106406211853027344e+00,9.999784827232360840e-01,4.629275936167687178e-04,-4.860068205744028091e-03,4.397918004542589188e-03
1.785355210304260254e+00,2.817952632904052734e+00,4.529993534088134766e+00,9.999211430549621582e-01,-2.563335001468658447e-03,-1.218095794320106506e-02,-1.692851074039936066e-03
1.726716756820678711e+00,4.420539855957031250e+00,5.674062252044677734e+00,9.999989867210388184e-01,-8.565824246034026146e-04,-7.578463410027325153e-04,8.950238698162138462e-04
5.995397090911865234e+00,1.555852770805358887e+00,4.164226531982421875e+00,9.999997615814208984e-01,4.635633667930960655e-04,-4.889089032076299191e-04,2.932850620709359646e-04
3.637979745864868164e+00,7.678720951080322266e-01,5.695899486541748047e+00,9.999971389770507812e-01,-1.269139465875923634e-04,2.392050344496965408e-03,1.513710449216887355e-04
3.568375587463378906e+00,4.023280143737792969e+00,3.939718246459960938e+00,9.999992251396179199e-01,4.342025204095989466e-04,-1.031483639962971210e-03,6.602187058888375759e-04
4.563361406326293945e-01,7.421198844909667969e+00,1.512260437011718750e-01,9.999700784683227539e-01,1.124026020988821983e-03,-1.701978500932455063e-03,-7.456954568624496460e-03
3.104772865772247314e-01,3.568432092666625977e+00,2.339015483856201172e+00,9.999969005584716797e-01,-6.233486928977072239e-04,5.601252778433263302e-04,-2.366966567933559418e-03
3.166745185852050781e+00,5.804140090942382812e+00,5.613272190093994141e+00,9.999917745590209961e-01,1.245013787411153316e-03,-3.521000966429710388e-03,1.579575124196708202e-03
2.769881248474121094e+00,4.751068592071533203e+00,2.838301181793212891e+00,9.999972581863403320e-01,9.703801479190587997e-04,-4.287812043912708759e-04,-2.110511995851993561e-03
6.805595874786376953e+00,3.183620929718017578e+00,4.007774353027343750e+00,9.999935030937194824e-01,-7.823191699571907520e-04,3.810803173109889030e-04,-3.525491571053862572e-03
3.982941150665283203e+00,7.597547173500061035e-01,1.400912880897521973e+00,9.999979734420776367e-01,-6.233830354176461697e-04,-1.261289464309811592e-03,1.470865914598107338e-03
4.175066947937011719e+00,2.174120187759399414e+00,5.186414241790771484e+00,9.999815225601196289e-01,3.237224591430276632e-04,1.278671319596469402e-03,-5.944689270108938217e-03
6.624038219451904297e+00,5.312817573547363281e+00,2.162268161773681641e+00,9.999985694885253906e-01,7.928485283628106117e-04,-1.441701781004667282e-03,4.759082512464374304e-04
6.996874332427978516e+00,4.485046386718750000e+00,7.315058231353759766e+00,9.999951124191284180e-01,1.730780699290335178e-03,-1.776096527464687824e-03,1.924258307553827763e-03
2.557233572006225586e+00,3.183717966079711914e+00,3.060581922531127930e+00,9.998428225517272949e-01,-5.171110387891530991e-03,7.899654097855091095e-03,-1.500961463898420334e-02
6.443890571594238281e+00,6.269785404205322266e+00,4.826068401336669922e+00,9.999855756759643555e-01,-2.988437190651893616e-03,-3.963004797697067261e-03,2.066720509901642799e-03
5.834817886352539062e+00,2.317948490381240845e-01,4.265887260437011719e+00,9.999877810478210449e-01,4.255609237588942051e-04,-1.297811046242713928e-03,4.769966006278991699e-03
6.619466781616210938e+00,4.629930973052978516e+00,2.877801954746246338e-01,1.000000000000000000e+00,-1.710266515146940947e-04,2.418548683635890484e-04,-1.226285821758210659e-04
2.410176277160644531e+00,3.408784389495849609e+00,1.409905076026916504e+00,9.999834299087524414e-01,-3.357040463015437126e-03,-3.350729588419198990e-03,-3.276869188994169235e-03
1.441988646984100342e-01,2.533040285110473633e+00,4.232651293277740479e-01,9.999851584434509277e-01,8.834797772578895092e-04,-3.206533379852771759e-03,-4.314148332923650742e-03
1.803989648818969727e+00,5.012677192687988281e+00,3.567581892013549805e+00,9.999998211860656738e-01,-4.324777110014110804e-04,-1.159778475994244218e-04,5.907650920562446117e-04
3.070516824722290039e+00,5.797065258026123047e+00,5.924475669860839844e+00,9.999992847442626953e-01,-9.408607147634029388e-04,-4.730144573841243982e-04,5.547596956603229046e-04
4.447908401489257812e+00,2.822492599487304688e+00,7.150643825531005859e+00,9.999985098838806152e-01,-1.188587862998247147e-03,-1.190222101286053658e-03,3.733988560270518064e-04
5.975828647613525391e+00,6.005255222320556641e+00,7.494835853576660156e+00,9.999488592147827148e-01,-8.889291435480117798e-03,4.791366402059793472e-03,5.809407448396086693e-04
1.259441971778869629e+00,3.360665559768676758e+00,3.183478832244873047e+00,9.999992251396179199e-01,1.201932784169912338e-03,3.718089428730309010e-04,2.434101188555359840e-04
3.370909929275512695e+00,6.167756915092468262e-01,7.081134319305419922e-01,9.999967217445373535e-01,-2.572954632341861725e-03,1.833896385505795479e-04,-1.237848191522061825e-04
1.202710986137390137e+00,2.929797172546386719e+00,2.314041137695312500e+00,9.999958276748657227e-01,-4.883899237029254436e-04,-2.832357771694660187e-03,3.953041450586169958e-04
1.817886114120483398e+00,5.713889598846435547e+00,6.382192134857177734e+00,9.999699592590332031e-01,-6.608637981116771698e-03,-4.051014780998229980e-03,2.179768343921750784e-04
2.756228208541870117e+00,1.057721972465515137e-01,4.179277896881103516e+00,9.999615550041198730e-01,2.089993329718708992e-03,6.783982273191213608e-03,5.153105594217777252e-03
7.306564807891845703e+00,3.840461730957031250e+00,1.504022240638732910e+00,9.999988079071044922e-01,1.315948087722063065e-03,8.305221563205122948e-04,3.046138735953718424e-04
1.986997723579406738e+00,8.652039170265197754e-01,6.345774173736572266e+00,9.999997019767761230e-01,-8.252350380644202232e-04,-8.795694157015532255e-05,-5.709633114747703075e-05
5.343685626983642578e+00,7.001118659973144531e+00,3.728957414627075195e+00,9.999799132347106934e-01,-4.086266271770000458e-03,4.449709318578243256e-03,-1.962603302672505379e-03
6.893965244293212891e+00,2.144448757171630859e+00,5.876201629638671875e+00,9.996451735496520996e-01,2.336469292640686035e-02,3.403634531423449516e-03,1.233272068202495575e-02
2.617007493972778320e+00,2.563755989074707031e+00,5.706608772277832031e+00,9.999998807907104492e-01,5.308099207468330860e-04,-2.798119967337697744e-04,7.206675218185409904e-05
2.606994807720184326e-01,1.406035184860229492e+00,2.209800720214843750e+00,9.999909400939941406e-01,-2.789501566439867020e-03,3.232900053262710571e-03,1.466719550080597401e-04
1.306267380714416504e+00,6.805169582366943359e+00,6.308046817779541016e+00,9.999986886978149414e-01,1.503338455222547054e-03,-7.641871343366801739e-05,7.035841699689626694e-04
2.504826068878173828e+00,4.053921222686767578e+00,3.244622468948364258e+00,9.999993443489074707e-01,3.591357672121375799e-04,7.622582488693296909e-04,8.323387592099606991e-04
8.909429907798767090e-01,7.224246501922607422e+00,3.827379703521728516e+00,9.999994635581970215e-01,2.983839367516338825e-04,-5.509250331670045853e-04,-8.680786704644560814e-04
1.825281143188476562e+00,5.939147949218750000e+00,1.362706422805786133e+00,9.999971389770507812e-01,7.414259744109585881e-05,-5.954732187092304230e-04,-2.338146092370152473e-03
3.901588201522827148e+00,4.106338024139404297e+00,2.451312780380249023e+00,9.998931288719177246e-01,1.309509295970201492e-02,3.783786902204155922e-03,5.291111301630735397e-03
2.879369735717773438e+00,6.794002532958984375e+00,5.078232288360595703e+00,9.999995231628417969e-01,-1.045356621034443378e-03,1.928086021507624537e-05,3.186093817930668592e-05
4.917527675628662109e+00,1.428977251052856445e+00,4.077184677124023438e+00,9.999969005584716797e-01,7.816243451088666916e-04,-2.351962029933929443e-03,-1.471983705414459109e-04
3.200470924377441406e+00,4.333567142486572266e+00,7.227235794067382812e+00,9.999949336051940918e-01,1.383836613968014717e-03,5.267020314931869507e-04,-2.832836238667368889e-03
3.278562307357788086e+00,1.698618769645690918e+00,5.055308341979980469e+00,1.000000000000000000e+00,-1.145611604442819953e-04,-1.032951186061836779e-04,-1.476738252677023411e-04
2.547311305999755859e+00,6.410808563232421875e+00,7.258558750152587891e+00,9.999821782112121582e-01,-1.261192141100764275e-03,3.810030641034245491e-03,-4.411726258695125580e-03
9.160585403442382812e-01,5.993392944335937500e+00,9.556941986083984375e-01,9.999997019767761230e-01,-4.811977851204574108e-04,5.433745682239532471e-04,-4.883568617515265942e-04
4.200296401977539062e+00,3.196236133575439453e+00,3.205814123153686523e+00,9.999845027923583984e-01,4.096274264156818390e-03,-1.218888210132718086e-03,3.569700289517641068e-03
4.430861949920654297e+00,6.401246547698974609e+00,1.002646014094352722e-01,9.999882578849792480e-01,1.788682769984006882e-03,-1.922214869409799576e-03,-4.085273947566747665e-03
7.047035217285156250e+00,5.431519031524658203e+00,6.002209186553955078e+00,9.999979734420776367e-01,1.557970244903117418e-04,1.485561951994895935e-03,1.397807616740465164e-03
2.883257389068603516e+00,5.785215854644775391e+00,5.362927436828613281e+00,9.997720718383789062e-01,-2.102371305227279663e-02,-2.759595168754458427e-03,-2.495417837053537369e-03
5.590925693511962891e+00,4.087704658508300781e+00,1.156739711761474609e+00,9.999970793724060059e-01,5.248654051683843136e-04,1.425043446943163872e-03,1.897219452075660229e-03
1.043620705604553223e+00,8.331541419029235840e-01,3.330275774002075195e+00,9.999992847442626953e-01,6.307983421720564365e-04,-8.569585625082254410e-04,6.539032328873872757e-04
4.940502643585205078e+00,1.979248523712158203e+00,3.716803073883056641e+00,9.999919533729553223e-01,1.610165694728493690e-03,3.596515394747257233e-03,8.130065980367362499e-04
3.347195863723754883e+00,1.522448100149631500e-02,4.580103874206542969e+00,9.999999403953552246e-01,2.747563703451305628e-04,3.745940921362489462e-04,-2.098231052514165640e-04
1.373643875122070312e+00,6.341673851013183594e+00,7.319636344909667969e+00,9.999946355819702148e-01,2.852968871593475342e-03,1.206435495987534523e-03,1.137526822276413441e-03
1.883014082908630371e+00,5.603137493133544922e+00,3.989109992980957031e+00,9.999998807907104492e-01,2.805076073855161667e-04,2.877076040022075176e-04,3.162685025017708540e-04
2.979489088058471680e+00,1.218171596527099609e+00,6.797995567321777344e+00,9.999927878379821777e-01,-1.264233724214136600e-03,2.561696106567978859e-03,2.532427199184894562e-03
9.347743391990661621e-01,3.491263628005981445e+00,1.160356640815734863e+00,9.999920725822448730e-01,2.037266734987497330e-03,-3.211488714441657066e-03,-1.183003420010209084e-03
2.261592864990234375e+00,5.221570014953613281e+00,7.692324519157409668e-01,9.999307394027709961e-01,-1.088127028197050095e-02,-3.281480632722377777e-03,3.051945008337497711e-03
3.632238864898681641e+00,3.046013116836547852e+00,3.490286588668823242e+00,9.999979138374328613e-01,5.654864362441003323e-04,-1.054410822689533234e-03,1.652504201047122478e-03
6.376783370971679688e+00,6.119533538818359375e+00,2.497848272323608398e+00,9.999764561653137207e-01,4.805600270628929138e-03,-3.516383469104766846e-03,-3.432782832533121109e-03
4.701905727386474609e+00,1.686426162719726562e+00,6.165012836456298828e+00,9.999622702598571777e-01,2.956571523100137711e-03,7.215677760541439056e-03,3.833808004856109619e-03
6.740224838256835938e+00,3.697131156921386719e+00,4.039364337921142578e+00,9.997971057891845703e-01,1.033386774361133575e-02,1.380007062107324600e-02,1.042217761278152466e-02
6.590714454650878906e+00,1.631795048713684082e+00,3.436553716659545898e+00,9.999997615814208984e-01,5.472888460644753650e-06,-6.332160410238429904e-05,-7.454217411577701569e-04
4.765546798706054688e+00,1.294597387313842773e+00,2.997202157974243164e+00,9.999580979347229004e-01,3.489290829747915268e-04,-8.011098019778728485e-03,-4.422412719577550888e-03
6.691325902938842773e-01,3.655035257339477539e+00,1.352901101112365723e+00,9.999992847442626953e-01,-4.194019129499793053e-04,-1.060718786902725697e-03,-3.423231828492134809e-04
4.412399768829345703e+00,1.517647624015808105e+00,5.759786128997802734e+00,9.998900294303894043e-01,-1.120101474225521088e-02,-5.881894379854202271e-03,-7.751181721687316895e-03
1.062044739723205566e+00,3.404244422912597656e+00,5.137305855751037598e-01,9.999935030937194824e-01,3.209498478099703789e-03,-1.632760511711239815e-03,-1.516690972493961453e-04
5.267331123352050781e+00,6.650853633880615234e+00,2.515732526779174805e+00,9.998556375503540039e-01,1.268012356013059616e-02,-9.116699919104576111e-03,6.704445462673902512e-03
5.595051765441894531e+00,4.358994483947753906e+00,2.234427928924560547e+00,9.998038411140441895e-01,1.094960840418934822e-03,-1.325393375009298325e-02,-1.467581931501626968e-02
1.502080798149108887e+00,5.307659149169921875e+00,4.636538028717041016e+00,9.999986290931701660e-01,-3.356527013238519430e-04,1.581352436915040016e-03,-4.219227412249892950e-04
5.288938045501708984e+00,3.724490880966186523e+00,6.367167472839355469e+00,9.998601078987121582e-01,4.447901155799627304e-03,9.333299472928047180e-03,1.315191388130187988e-02
6.199412345886230469e+00,6.646337032318115234e+00,3.767614364624023438e+00,9.999837279319763184e-01,1.871171290986239910e-03,6.543815252371132374e-04,-5.365462508052587509e-03
7.471345424652099609e+00,3.648484945297241211e+00,2.124276161193847656e+00,9.999995827674865723e-01,8.719969191588461399e-04,2.786621043924242258e-04,1.543242397019639611e-04
6.525069236755371094e+00,4.200371742248535156e+00,3.599022626876831055e+00,9.999909996986389160e-01,-2.110139233991503716e-03,-3.594473935663700104e-03,-7.482268265448510647e-04
6.046057701110839844e+00,6.782406806945800781e+00,6.070507049560546875e+00,9.998602867126464844e-01,-4.859543987549841404e-04,1.605942659080028534e-02,4.611354321241378784e-03
1.844119310379028320e+00,4.820803642272949219e+00,5.476660728454589844e+00,9.999922513961791992e-01,-3.122119233012199402e-03,-1.347019919194281101e-03,2.014981117099523544e-03
7.001867294311523438e+00,4.108992576599121094e+00,2.735245704650878906e+00,9.999903440475463867e-01,7.565005798824131489e-04,-3.921863622963428497e-03,-1.837553689256310463e-03
1.213251277804374695e-01,3.875443696975708008e+00,6.131327629089355469e+00,9.999957680702209473e-01,1.396643347106873989e-03,-5.605522892437875271e-04,-2.517753047868609428e-03
6.267931461334228516e+00,2.787075757980346680e+00,4.095283508300781250e+00,9.999839067459106445e-01,-5.182768218219280243e-03,-1.885778969153761864e-03,1.349606667645275593e-03
3.123187065124511719e+00,1.730718374252319336e+00,7.214477062225341797e+00,9.999993443489074707e-01,6.564186769537627697e-04,3.270576125942170620e-04,9.573986753821372986e-04
2.680067300796508789e+00,1.577670216560363770e+00,6.809719204902648926e-01,9.998624324798583984e-01,-3.411687910556793213e-03,-5.676792934536933899e-03,1.520813535898923874e-02
6.284821033477783203e+00,7.095883846282958984e+00,6.942255496978759766e+00,9.999999403953552246e-01,1.768733054632321000e-04,2.917643287219107151e-04,2.787952835205942392e-04
2.983593702316284180e+00,4.181187629699707031e+00,2.948289632797241211e+00,9.999969005584716797e-01,-4.604590358212590218e-04,1.920366426929831505e-03,1.560721313580870628e-03
5.326011180877685547e+00,4.193324565887451172e+00,2.490859746932983398e+00,9.999997019767761230e-01,-8.216835558414459229e-04,-1.260849239770323038e-04,3.060482849832624197e-04
4.139836788177490234e+00,4.596195220947265625e+00,2.781053304672241211e+00,9.999989867210388184e-01,-5.291877314448356628e-04,1.171984826214611530e-03,6.856723921373486519e-04
7.096349716186523438e+00,6.129187583923339844e+00,3.064339399337768555e+00,9.999923110008239746e-01,1.353051629848778248e-03,-3.625957760959863663e-03,6.694468902423977852e-04
4.623480319976806641e+00,2.026791572570800781e+00,3.818936586380004883e+00,9.998839497566223145e-01,1.088398322463035583e-02,-8.636881597340106964e-03,-6.250755861401557922e-03
3.865232706069946289e+00,1.890828371047973633e+00,1.403641223907470703e+00,9.999869465827941895e-01,3.772603813558816910e-03,-1.729307230561971664e-03,3.009395906701683998e-03
6.797339916229248047e+00,6.542223453521728516e+00,6.463727474212646484e+00,9.999768137931823730e-01,-6.149669177830219269e-03,3.081922477576881647e-04,-2.930464455857872963e-03
4.690458297729492188e+00,2.322652339935302734e+00,1.813891649246215820e+00,9.999826550483703613e-01,-1.984700560569763184e-03,5.531561560928821564e-03,-3.396462125238031149e-04
3.375995874404907227e+00,1.235365033149719238e+00,1.221479058265686035e+00,9.999499917030334473e-01,4.853323101997375488e-03,2.074212767183780670e-03,8.498891256749629974e-03
1.424226045608520508e+00,4.710045337677001953e+00,1.732330799102783203e+00,9.999992251396179199e-01,-5.771220821770839393e-05,-7.321780431084334850e-04,-1.012244611047208309e-03
3.285326242446899414e+00,1.918512225151062012e+00,1.009709119796752930e+00,9.999943971633911133e-01,-1.311543630436062813e-03,-2.568574156612157822e-03,-1.734948367811739445e-03
4.560924053192138672e+00,7.078329563140869141e+00,8.291327953338623047e-01,9.999990463256835938e-01,4.800675960723310709e-04,-1.304071513004601002e-03,2.923577558249235153e-04
6.975551128387451172e+00,7.394710063934326172e+00,7.393241405487060547e+00,9.999868273735046387e-01,-2.534447005018591881e-03,1.116174273192882538e-03,4.335321951657533646e-03
1.788272380828857422e+00,5.752875328063964844e+00,5.961519718170166016e+00,9.999071955680847168e-01,-8.879235014319419861e-03,-4.390210844576358795e-03,9.362350217998027802e-03
2.894654870033264160e-01,2.959764719009399414e+00,3.119673728942871094e+00,9.999899268150329590e-01,1.062261173501610756e-03,2.716937160585075617e-05,-4.381014034152030945e-03
1.363748073577880859e+00,6.281213760375976562e+00,3.375068187713623047e+00,1.000000000000000000e+00,9.058260184247046709e-05,-2.116565738106146455e-04,-1.223758736159652472e-04
2.682989835739135742e+00,1.012683391571044922e+00,2.420496940612792969e+00,9.999995231628417969e-01,-1.851513370638713241e-04,8.345089154317975044e-04,-4.582073015626519918e-04
4.111327171325683594e+00,4.508094310760498047e+00,3.555470228195190430e+00,9.999195337295532227e-01,-1.152696367353200912e-02,-5.065479315817356110e-03,-1.561694545671343803e-03
2.142919301986694336e+00,2.293782711029052734e+00,5.227357864379882812e+00,9.999982118606567383e-01,-1.444397959858179092e-03,-8.348749252036213875e-04,-9.523280314169824123e-04
2.054437398910522461e+00,4.281095981597900391e+00,4.809140682220458984e+00,9.999998807907104492e-01,-3.474450204521417618e-04,4.768361686728894711e-04,2.032987395068630576e-04
3.633553504943847656e+00,2.111306190490722656e+00,6.634511947631835938e+00,9.999594688415527344e-01,2.002363762585446239e-04,6.712030619382858276e-03,-6.000844296067953110e-03
3.165984153747558594e+00,7.046503067016601562e+00,2.004825353622436523e+00,9.999002218246459961e-01,-4.109301953576505184e-04,-3.293878166005015373e-03,-1.373369991779327393e-02
2.550011157989501953e+00,6.853325366973876953e-01,2.175787210464477539e+00,9.999927282333374023e-01,-1.511196751380339265e-04,2.402323530986905098e-03,2.965226536616683006e-03
4.894865512847900391e+00,2.002256631851196289e+00,1.354182511568069458e-01,9.999989867210388184e-01,1.039640163071453571e-03,-4.129573644604533911e-04,9.680314688012003899e-04
5.537170410156250000e+00,7.269932746887207031e+00,3.194652080535888672e+00,9.999989867210388184e-01,-1.561098542879335582e-05,5.456916405819356441e-04,-1.361416070722043514e-03
5.887636184692382812e+00,4.854529857635498047e+00,1.026111602783203125e+00,9.999981522560119629e-01,-1.887200633063912392e-03,1.705595059320330620e-04,4.782341420650482178e-04
7.161829471588134766e+00,6.605815410614013672e+00,4.261818885803222656e+00,9.999839663505554199e-01,6.321922410279512405e-04,4.558860324323177338e-03,-3.307514358311891556e-03
2.392840862274169922e+00,4.424812197685241699e-01,3.607874155044555664e+00,9.999969005584716797e-01,1.530373701825737953e-03,-1.022811862640082836e-03,1.715377089567482471e-03
1.434011220932006836e+00,2.323122173547744751e-01,5.383219718933105469e+00,9.999942779541015625e-01,6.336667574942111969e-04,-7.451173150911927223e-04,3.252788679674267769e-03
5.444566726684570312e+00,4.392933845520019531e+00,5.834962844848632812e+00,9.999997019767761230e-01,-2.687069645617157221e-04,-3.069425001740455627e-04,-7.263279985636472702e-04
6.682991981506347656e+00,2.606407165527343750e+00,3.245924472808837891e+00,9.999927878379821777e-01,3.278392832726240158e-03,-1.491343718953430653e-04,-1.948319375514984131e-03
6.916272163391113281e+00,2.832810878753662109e+00,7.485907673835754395e-01,9.999963641166687012e-01,2.630107337608933449e-03,-3.412304504308849573e-04,5.938350805081427097e-04
4.528468132019042969e+00,1.346113204956054688e+00,6.326512813568115234e+00,9.999902248382568359e-01,7.493962184526026249e-04,4.340617917478084564e-03,-4.686428292188793421e-04
2.471112489700317383e+00,4.038182258605957031e+00,7.054027080535888672e+00,9.999915361404418945e-01,2.467102371156215668e-03,-9.804528672248125076e-04,3.140479791909456253e-03
6.903508186340332031e+00,9.512979984283447266e-01,4.792234897613525391e+00,9.999997019767761230e-01,-3.096067812293767929e-04,6.356593075906857848e-05,-7.778987637721002102e-04
5.182180881500244141e+00,1.047086596488952637e+00,5.993432998657226562e+00,9.999965429306030273e-01,-9.183727088384330273e-04,2.255256287753582001e-03,-1.081226859241724014e-03
2.636830091476440430e+00,6.912401199340820312e+00,1.749245047569274902e+00,9.999794960021972656e-01,6.123815197497606277e-03,-1.862618955783545971e-03,-1.116987477871589363e-04
1.181358575820922852e+00,3.146569490432739258e+00,1.143908739089965820e+00,9.999985098838806152e-01,7.666388410143554211e-04,-5.794954486191272736e-04,1.471335650421679020e-03
6.661592006683349609e+00,6.093447208404541016e+00,9.633558988571166992e-01,9.999960064888000488e-01,-3.339726827107369900e-04,-2.366707893088459969e-03,-1.502921571955084801e-03
5.761090755462646484e+00,3.164297640323638916e-01,2.455337047576904297e+00,9.999984502792358398e-01,8.249302627518773079e-04,1.577740418724715710e-03,7.023345096968114376e-05
4.763301372528076172e+00,1.577023506164550781e+00,1.847421050071716309e+00,9.999907612800598145e-01,-4.812210681848227978e-04,4.269143566489219666e-03,-3.443816385697573423e-04
6.117032051086425781e+00,3.861280202865600586e+00,3.850443363189697266e-01,1.000000000000000000e+00,-4.779423761647194624e-05,3.497189027257263660e-04,1.180926337838172913e-04
6.117786407470703125e+00,7.019978046417236328e+00,1.189607858657836914e+00,9.999993443489074707e-01,1.033436739817261696e-03,-3.851761866826564074e-04,5.105740274302661419e-04
2.879860639572143555e+00,6.980507373809814453e+00,6.964685440063476562e+00,9.999645948410034180e-01,1.564919366501271725e-03,-8.267148397862911224e-03,-7.959937647683545947e-05
7.157742500305175781e+00,4.659271240234375000e+00,5.683874130249023438e+00,9.999963045120239258e-01,2.678906312212347984e-03,6.619069608859717846e-05,5.469783791340887547e-04
3.469336032867431641e+00,3.123815059661865234e+00,8.084158301353454590e-01,9.999994039535522461e-01,5.639619776047766209e-04,-7.944292738102376461e-04,-4.685405001509934664e-04
5.793854128569364548e-03,7.371683597564697266e+00,4.311670303344726562e+00,9.999943971633911133e-01,3.962835762649774551e-04,2.398767508566379547e-03,2.291205339133739471e-03
6.209442615509033203e+00,1.237743377685546875e+00,7.190082073211669922e-01,9.999830126762390137e-01,-2.172443317249417305e-03,5.217058118432760239e-03,-1.468233298510313034e-03
4.124800205230712891e+00,6.203585624694824219e+00,3.231852769851684570e+00,9.999701976776123047e-01,1.303762746829306707e-05,1.641002891119569540e-04,-7.730057928711175919e-03
3.396672725677490234e+00,6.505473136901855469e+00,6.556007862091064453e+00,9.999238848686218262e-01,-5.386542063206434250e-03,-1.066547073423862457e-02,-3.084755968302488327e-03
2.492691278457641602e+00,2.129739761352539062e+00,8.867442011833190918e-01,9.999980926513671875e-01,1.315933477599173784e-04,1.429249532520771027e-03,-1.381053822115063667e-03
2.212347984313964844e+00,5.385283470153808594e+00,2.270586013793945312e+00,9.998743534088134766e-01,-1.477481797337532043e-02,-3.490572329610586166e-03,-4.567767027765512466e-03
1.614661455154418945e+00,8.171488642692565918e-01,6.130414009094238281e+00,9.999961853027343750e-01,-2.779867034405469894e-03,-1.776116696419194341e-04,-1.198861427837982774e-04
6.772588491439819336e-01,1.358394026756286621e+00,3.176257610321044922e+00,9.999818801879882812e-01,-5.542787257581949234e-03,-2.352777635678648949e-03,-2.269048709422349930e-04
5.032746791839599609e+00,6.129997968673706055e-01,5.312191486358642578e+00,9.999982714653015137e-01,1.485939370468258858e-03,8.718760218471288681e-04,-7.380251772701740265e-04
4.784079074859619141e+00,4.339684486389160156e+00,5.672043561935424805e-01,9.999916553497314453e-01,-4.331216914579272270e-04,-3.689134493470191956e-03,-1.722290762700140476e-03
2.748974084854125977e+00,1.671786427497863770e+00,5.760010242462158203e+00,9.999999403953552246e-01,1.678395638009533286e-04,3.623871889431029558e-04,-5.063820935902185738e-05
6.177278041839599609e+00,5.856429100036621094e+00,6.765477657318115234e+00,9.999269843101501465e-01,-1.021607872098684311e-02,5.547525826841592789e-03,3.313127672299742699e-03
4.327042102813720703e+00,7.391674041748046875e+00,2.048246860504150391e+00,9.999936819076538086e-01,1.043946132995188236e-03,3.370959544554352760e-03,4.681825812440365553e-04
4.698544502258300781e+00,2.761831998825073242e+00,8.292379975318908691e-02,9.999933242797851562e-01,1.905913930386304855e-03,-2.803937997668981552e-03,-1.412955112755298615e-03
1.653765320777893066e+00,5.275507450103759766e+00,2.921430349349975586e+00,9.999922513961791992e-01,2.279569627717137337e-03,-1.247099484317004681e-03,2.977852011099457741e-03
2.910115480422973633e+00,8.796398043632507324e-01,4.963669300079345703e+00,9.999976754188537598e-01,1.169307855889201164e-03,1.399885863065719604e-03,1.190509181469678879e-03
4.604105472564697266e+00,6.847590923309326172e+00,7.267726898193359375e+00,9.997695684432983398e-01,1.415938418358564377e-02,1.271044928580522537e-02,9.944037534296512604e-03
7.146520614624023438e+00,1.501171231269836426e+00,6.238346099853515625e+00,9.999973177909851074e-01,-1.438684994354844093e-03,1.382132177241146564e-03,1.207828987389802933e-03
7.445885658264160156e+00,7.493390083312988281e+00,5.945084095001220703e+00,9.999905228614807129e-01,-2.865356160327792168e-03,2.796119311824440956e-03,-1.722353394143283367e-03
5.027718544006347656e+00,5.222478508949279785e-01,6.393511295318603516e-01,9.999995827674865723e-01,3.907543723471462727e-04,4.160731041338294744e-04,7.261079153977334499e-04
1.893085002899169922e+00,1.568796783685684204e-01,3.119203329086303711e+00,9.999983906745910645e-01,-2.555309038143604994e-04,1.751356176100671291e-03,4.196237132418900728e-04
4.812406539916992188e+00,3.235457241535186768e-01,7.877638339996337891e-01,9.999992847442626953e-01,-5.566457402892410755e-04,8.018469670787453651e-04,7.829398382455110550e-04
3.675816297531127930e+00,4.821809768676757812e+00,7.242437362670898438e+00,9.999893307685852051e-01,-2.740511437878012657e-03,1.525673898868262768e-03,-3.416970372200012207e-03
4.798267841339111328e+00,4.755643606185913086e-01,1.228349447250366211e+00,9.999976158142089844e-01,-1.259699347428977489e-03,1.674092491157352924e-04,1.810948248021304607e-03
1.241389155387878418e+00,4.841388702392578125e+00,5.475780487060546875e+00,9.999965429306030273e-01,-2.308434341102838516e-03,-7.928840350359678268e-04,1.019947347231209278e-03
1.492717504501342773e+00,7.373635172843933105e-01,3.742775678634643555e+00,9.999995231628417969e-01,-5.532832583412528038e-04,-7.249999325722455978e-04,-4.540288064163178205e-04
6.199340820312500000e+00,5.118297100067138672e+00,6.181447029113769531e+00,9.999590516090393066e-01,-8.759269490838050842e-03,-2.003146801143884659e-03,1.058354275301098824e-03
2.580663442611694336e+00,1.351109981536865234e+00,5.019340991973876953e+00,9.999956488609313965e-01,-1.937840017490088940e-03,4.975365009158849716e-04,2.187695121392607689e-03
7.966277003288269043e-01,6.282684206962585449e-01,6.801565170288085938e+00,9.999997019767761230e-01,-9.511961252428591251e-05,4.911036812700331211e-04,-6.435315008275210857e-04
5.464272499084472656e+00,1.552157044410705566e+00,5.807616710662841797e+00,9.999706149101257324e-01,-1.068298079189844429e-04,-1.719386084005236626e-03,7.474198006093502045e-03
3.537713289260864258e+00,3.055840432643890381e-01,4.520641803741455078e+00,1.000000000000000000e+00,1.481679937569424510e-04,3.612494911067187786e-04,-9.091568790609017015e-05
5.340213775634765625e+00,2.349225997924804688e+00,4.723742008209228516e+00,9.999970197677612305e-01,2.049823058769106865e-03,-1.209855618071742356e-04,1.386021496728062630e-03
6.416239261627197266e+00,6.293190479278564453e+00,6.009993553161621094e+00,9.999528527259826660e-01,-4.688953049480915070e-03,4.957629833370447159e-03,6.910155527293682098e-03
5.968362808227539062e+00,2.628968238830566406e+00,1.979444980621337891e+00,9.999995231628417969e-01,-5.601927477982826531e-05,8.753226720727980137e-04,4.317486309446394444e-04
3.022402048110961914e+00,5.087403774261474609e+00,4.994303226470947266e+00,9.999963641166687012e-01,4.388643719721585512e-04,8.921002736315131187e-04,-2.546191914007067680e-03
2.069294452667236328e+00,3.313253879547119141e+00,1.141224265098571777e+00,9.999992847442626953e-01,5.910189356654882431e-04,1.044337870553135872e-03,-3.197017940692603588e-04
1.390336453914642334e-02,3.132045269012451172e+00,1.647562235593795776e-01,9.999938011169433594e-01,-1.785043044947087765e-03,-1.749299815855920315e-03,-2.503178780898451805e-03
7.191746711730957031e+00,7.430841922760009766e+00,3.256233930587768555e+00,9.999873638153076172e-01,-3.489437978714704514e-03,-3.252856433391571045e-03,-1.577006187289953232e-03
9.533652663230895996e-01,4.884317874908447266e+00,1.057249069213867188e+00,9.999390244483947754e-01,-7.998538203537464142e-03,-5.588330794125795364e-03,5.180869717150926590e-03
3.826776266098022461e+00,5.466886997222900391e+00,3.716891705989837646e-01,9.999989271163940430e-01,-5.245970096439123154e-04,9.989354293793439865e-04,9.616682073101401329e-04
2.797510147094726562e+00,5.516557693481445312e+00,5.513545036315917969e+00,9.999069571495056152e-01,-9.730794467031955719e-03,6.965525913983583450e-03,6.550801917910575867e-03
5.836926937103271484e+00,6.942642211914062500e+00,2.670710325241088867e+00,9.999974370002746582e-01,2.133801113814115524e-03,3.056759887840598822e-04,-6.951718823984265327e-04
6.128104925155639648e-01,1.215239286422729492e+00,2.113344430923461914e+00,9.999981522560119629e-01,-1.626225654035806656e-03,9.644550154916942120e-04,3.584139340091496706e-04
3.458314239978790283e-01,1.503929734230041504e+00,2.548634290695190430e+00,9.999961853027343750e-01,-6.588285905309021473e-04,9.807827882468700409e-04,2.513333922252058983e-03
4.439354896545410156e+00,7.380856037139892578e+00,4.435585975646972656e+00,9.999991059303283691e-01,5.148220225237309933e-04,5.304896039888262749e-04,-1.139108324423432350e-03
5.550559043884277344e+00,5.929259777069091797e+00,5.666148662567138672e+00,9.999938607215881348e-01,-3.466585651040077209e-03,5.699317553080618382e-04,2.756256726570427418e-04
6.448750495910644531e+00,1.672536373138427734e+00,9.400569200515747070e-01,9.999975562095642090e-01,-5.586598999798297882e-04,-2.145622624084353447e-03,-1.669326738920062780e-04
7.276274681091308594e+00,9.014524221420288086e-01,5.977968692779541016e+00,9.999992251396179199e-01,-5.784883396700024605e-04,-7.922805962152779102e-04,-7.335322443395853043e-04
7.365124821662902832e-01,9.618584513664245605e-01,1.292466163635253906e+00,9.999986290931701660e-01,-1.359606831101700664e-04,-8.972215582616627216e-04,1.371336285956203938e-03
6.714547634124755859e+00,2.614406585693359375e+00,4.415763854980468750e+00,9.998896718025207520e-01,-2.911960473284125328e-03,-9.586784988641738892e-03,1.097195129841566086e-02
5.386270523071289062e+00,1.523624420166015625e+00,4.061550617218017578e+00,9.999978542327880859e-01,1.433774828910827637e-03,-1.382915186695754528e-03,6.029634969308972359e-04
4.361066341400146484e+00,5.914938926696777344e+00,5.484046459197998047e+00,9.999442696571350098e-01,3.278828924521803856e-03,-9.491113945841789246e-03,-3.258577082306146622e-03
1.638280749320983887e+00,4.238407135009765625e+00,2.715521454811096191e-01,9.999988675117492676e-01,1.088415272533893585e-03,-8.281737100332975388e-04,6.009957287460565567e-04
2.192373037338256836e+00,3.621583700180053711e+00,4.629322052001953125e+00,9.999663829803466797e-01,-2.308102557435631752e-03,7.846709340810775757e-03,-5.987467593513429165e-04
4.661309242248535156e+00,3.188159942626953125e+00,7.290825843811035156e-01,9.999967217445373535e-01,3.864429309032857418e-04,-2.399969613179564476e-03,7.741193985566496849e-04
4.838378429412841797e+00,1.701034903526306152e+00,4.746454238891601562e+00,9.999998807907104492e-01,1.509890571469441056e-04,-5.012491019442677498e-04,3.838037664536386728e-04
2.788075923919677734e+00,5.703372478485107422e+00,6.352176189422607422e+00,9.999881386756896973e-01,-4.489491228014230728e-03,-1.908269361592829227e-03,-2.239520545117557049e-04
3.508660316467285156e+00,2.258778095245361328e+00,7.458618640899658203e+00,9.999992251396179199e-01,4.736872215289622545e-04,8.620247826911509037e-04,8.343329536728560925e-04
2.135138064622879028e-01,3.107583999633789062e+00,2.281703472137451172e+00,9.999698996543884277e-01,-5.112835671752691269e-03,-5.815810989588499069e-03,6.026376504451036453e-04
9.091138094663619995e-02,4.685830593109130859e+00,7.356539249420166016e+00,9.999809265136718750e-01,3.532361879479140043e-04,5.795850884169340134e-03,-2.114831237122416496e-03
5.581393241882324219e+00,5.649234771728515625e+00,3.538922548294067383e+00,9.999250173568725586e-01,1.084669213742017746e-02,3.713677171617746353e-03,4.300572909414768219e-03
4.413046836853027344e-01,1.135149121284484863e+00,3.076317787170410156e+00,9.999961853027343750e-01,-1.500435289926826954e-03,-1.300165080465376377e-03,1.943563227541744709e-03
4.650053501129150391e+00,3.194541215896606445e+00,5.790050506591796875e+00,9.999997019767761230e-01,2.070765040116384625e-04,5.043757846578955650e-04,-6.806834717281162739e-04
3.951788187026977539e+00,6.167102813720703125e+00,4.259448051452636719e+00,9.999545812606811523e-01,7.032298948615789413e-03,-6.885788170620799065e-04,-6.395299453288316727e-03
3.960773706436157227e+00,4.408382415771484375e+00,1.547712206840515137e+00,9.999977350234985352e-01,-9.857470286078751087e-05,1.849339809268712997e-03,1.126074814237654209e-03
5.020112037658691406e+00,1.218822002410888672e+00,4.778181076049804688e+00,9.999502897262573242e-01,-8.485248312354087830e-03,-7.915124911050952505e-07,5.243852734565734863e-03
1.669200778007507324e+00,8.226933479309082031e-01,8.250052332878112793e-01,9.999675750732421875e-01,3.055786946788430214e-04,-3.611644962802529335e-03,7.186814676970243454e-03
1.766013950109481812e-01,2.591357707977294922e+00,5.667919158935546875e+00,9.999992847442626953e-01,7.488801493309438229e-04,-1.381405163556337357e-04,9.675574838183820248e-04
6.128905773162841797e+00,4.061033725738525391e+00,1.247756242752075195e+00,9.999976158142089844e-01,1.057341432897374034e-04,1.612594700418412685e-03,1.488934038206934929e-03
5.731836318969726562e+00,7.091441154479980469e+00,2.045775175094604492e+00,9.999990463256835938e-01,-1.076991204172372818e-03,9.049103246070444584e-04,1.087000964616890997e-05
4.293311119079589844e+00,3.284752368927001953e+00,3.328538835048675537e-01,9.999949336051940918e-01,2.264789538457989693e-03,1.359830494038760662e-03,1.797492965124547482e-03
7.126463890075683594e+00,7.437473395839333534e-04,9.126496911048889160e-01,9.999483823776245117e-01,2.176445559598505497e-04,-8.764436468482017517e-03,5.137173458933830261e-03
2.988742828369140625e+00,4.779360771179199219e+00,5.189187526702880859e+00,9.999982714653015137e-01,-2.038649254245683551e-04,1.548305037431418896e-03,-1.053020707331597805e-03
5.274044513702392578e+00,6.506461620330810547e+00,9.881867766380310059e-01,9.999958276748657227e-01,1.242942176759243011e-03,2.561290981248021126e-03,-6.158870528452098370e-04
5.725028514862060547e+00,5.407957077026367188e+00,5.095026493072509766e+00,9.998409748077392578e-01,3.570455126464366913e-03,1.717635244131088257e-02,-3.206042107194662094e-03
7.270128250122070312e+00,6.978291034698486328e+00,3.354801177978515625e+00,9.999976754188537598e-01,1.573967398144304752e-03,-1.378913759253919125e-03,-5.994265666231513023e-04
7.143424034118652344e+00,2.377864122390747070e+00,2.337684869766235352e+00,9.999983310699462891e-01,1.563151949085295200e-03,3.536517324391752481e-04,9.594744769856333733e-04
5.820944905281066895e-01,6.714340686798095703e+00,4.854251861572265625e+00,9.999989867210388184e-01,9.879835124593228102e-05,7.744533941149711609e-04,-1.244198880158364773e-03
4.960359573364257812e+00,1.706337332725524902e-01,6.862187862396240234e+00,9.999985098838806152e-01,2.111953508574515581e-04,9.912623791024088860e-04,-1.463613822124898434e-03
3.166844606399536133e+00,8.635119199752807617e-01,5.765362739562988281e+00,9.999611377716064453e-01,3.922739531844854355e-03,-1.573479035869240761e-03,-7.744800299406051636e-03
2.015897035598754883e+00,3.915519714355468750e+00,1.222012042999267578e+00,9.999963641166687012e-01,1.472769537940621376e-03,1.771314069628715515e-03,1.433826982975006104e-03
1.017591834068298340e+00,4.328639507293701172e+00,6.443450450897216797e+00,9.995548129081726074e-01,-4.958796780556440353e-03,-1.510098017752170563e-02,2.525038272142410278e-02
1.362546205520629883e+00,2.702914953231811523e+00,4.197896003723144531e+00,9.999498128890991211e-01,6.221474148333072662e-03,8.966246969066560268e-04,-7.803006563335657120e-03
1.117675185203552246e+00,1.283111453056335449e+00,3.892701387405395508e+00,9.999970793724060059e-01,1.525845000287517905e-04,-1.437883358448743820e-03,-1.937941298820078373e-03
3.156426429748535156e+00,6.072475910186767578e+00,3.618756294250488281e+00,9.999976158142089844e-01,1.317009679041802883e-03,-1.730133779346942902e-03,1.810007524909451604e-04
1.531666278839111328e+00,7.012053966522216797e+00,2.981374740600585938e+00,9.999958276748657227e-01,2.004351001232862473e-03,-7.639745017513632774e-04,-1.965751638635993004e-03
7.078769207000732422e+00,6.439203262329101562e+00,3.175256013870239258e+00,9.999776482582092285e-01,8.734648581594228745e-04,-6.627534050494432449e-03,-2.696242881938815117e-04
3.957217454910278320e+00,5.626691818237304688e+00,1.762038111686706543e+00,9.999988675117492676e-01,3.649025748018175364e-04,8.521864656358957291e-04,1.229536836035549641e-03
1.241132974624633789e+00,6.125363826751708984e+00,2.299722909927368164e+00,9.999964237213134766e-01,1.248380867764353752e-03,1.657794462516903877e-03,1.711849356070160866e-03
1.701996088027954102e+00,6.305767536163330078e+00,6.596378326416015625e+00,9.999887943267822266e-01,4.742458928376436234e-03,-1.703825982986018062e-04,-2.211767132394015789e-04
6.298414230346679688e+00,6.226572990417480469e+00,4.435515880584716797e+00,9.999895691871643066e-01,-2.095828822348266840e-04,-6.592011777684092522e-04,4.533288534730672836e-03
2.310963869094848633e+00,4.498820781707763672e+00,6.698940277099609375e+00,9.999977946281433105e-01,-3.903518290826468728e-07,-1.992619363591074944e-03,6.249368889257311821e-04
4.332703113555908203e+00,3.810964822769165039e+00,6.924599170684814453e+00,9.999994039535522461e-01,9.520208550384268165e-05,2.236151631223037839e-04,1.099664834327995777e-03
6.512131690979003906e+00,1.288825988769531250e+00,4.634262621402740479e-01,9.999383091926574707e-01,4.176265094429254532e-03,-1.011388842016458511e-02,-1.948627643287181854e-03
5.034610629081726074e-01,2.916883468627929688e+00,1.525858283042907715e+00,9.999095797538757324e-01,-1.109998766332864761e-02,8.258511079475283623e-04,7.553871255367994308e-03
4.274431705474853516e+00,1.702028512954711914e+00,3.971968889236450195e+00,9.999974966049194336e-01,7.112276507541537285e-04,-2.021550899371504784e-03,6.729902233928442001e-04
3.923526108264923096e-01,2.479856967926025391e+00,2.713868379592895508e+00,9.999833703041076660e-01,-2.829571021720767021e-03,2.591805765405297279e-03,4.317432176321744919e-03
6.871737480163574219e+00,2.324122905731201172e+00,1.731850624084472656e+00,9.999999403953552246e-01,2.326137037016451359e-04,-3.229624126106500626e-04,3.523489867802709341e-04
3.611620426177978516e+00,6.049886703491210938e+00,2.964565992355346680e+00,9.999932646751403809e-01,-3.215698292478919029e-03,6.289672455750405788e-04,-1.671485020779073238e-03
1.880730271339416504e+00,7.054533362388610840e-01,3.474668562412261963e-01,9.997801184654235840e-01,9.364352561533451080e-03,7.317328825592994690e-03,1.727822981774806976e-02
2.351502656936645508e+00,6.773246765136718750e+00,4.338303089141845703e+00,9.999030232429504395e-01,1.505850930698215961e-03,-2.059085090877488256e-04,1.384579017758369446e-02
1.256814002990722656e+00,1.724098801612854004e+00,2.356572151184082031e+00,9.999992251396179199e-01,-8.905242430046200752e-04,3.817373653873801231e-04,8.514349465258419514e-04
5.654971599578857422e-01,4.055704593658447266e+00,7.669325470924377441e-01,9.999997615814208984e-01,5.807608831673860550e-04,9.358315583085641265e-05,-5.247213412076234818e-04
3.186806678771972656e+00,2.782239675521850586e+00,7.069158077239990234e+00,9.999989271163940430e-01,9.041061275638639927e-04,-8.321350323967635632e-04,-8.518699323758482933e-04
6.730748653411865234e+00,7.878853678703308105e-01,5.211807727813720703e+00,9.997868537902832031e-01,7.448081392794847488e-03,4.340973217040300369e-03,-1.876283623278141022e-02
7.066730022430419922e+00,4.769290924072265625e+00,4.590300559997558594e+00,9.999814629554748535e-01,2.778446534648537636e-03,2.790484810248017311e-03,-4.651165101677179337e-03
7.102107405662536621e-01,4.297534942626953125e+00,5.268196582794189453e+00,9.999886155128479004e-01,9.240951621904969215e-04,4.653690382838249207e-03,-5.846766289323568344e-04
3.138115882873535156e+00,3.878610134124755859e+00,8.103290796279907227e-01,9.999681115150451660e-01,-2.587657887488603592e-03,7.553474511951208115e-03,-1.407764648320153356e-04
1.667803525924682617e+00,4.224330425262451172e+00,7.187848091125488281e+00,9.999993443489074707e-01,1.056371722370386124e-03,-3.439706342760473490e-04,4.444862133823335171e-04
5.718337297439575195e-01,2.899197101593017578e+00,4.480153560638427734e+00,9.999960064888000488e-01,1.698688603937625885e-03,-2.291405107825994492e-03,1.250222994713112712e-04
2.639566659927368164e+00,4.061209201812744141e+00,4.232444286346435547e+00,9.999981522560119629e-01,-2.740913478191941977e-04,1.449141767807304859e-03,1.243617851287126541e-03
2.946585178375244141e+00,4.419534683227539062e+00,1.581357121467590332e+00,1.000000000000000000e+00,-2.461220137774944305e-04,-1.628709869692102075e-04,-8.497378439642488956e-05
9.419824928045272827e-02,5.944327354431152344e+00,2.526737213134765625e+00,9.999982714653015137e-01,-1.166733913123607635e-03,5.001800600439310074e-04,-1.397718675434589386e-03
2.533391952514648438e+00,5.664710521697998047e+00,1.414040029048919678e-01,9.999999403953552246e-01,2.728896506596356630e-04,4.012282588519155979e-04,5.703599890694022179e-05
6.504059791564941406e+00,3.779025077819824219e-01,7.073718547821044922e+00,9.999978542327880859e-01,-1.991267548874020576e-03,4.850506666116416454e-04,4.829013778362423182e-04
1.453942298889160156e+00,6.071540832519531250e+00,6.972732067108154297e+00,9.999986290931701660e-01,-4.555717750918120146e-04,1.582953496836125851e-03,-3.172024153172969818e-04
2.280674934387207031e+00,5.081171512603759766e+00,2.347184896469116211e+00,9.999122023582458496e-01,-8.852388709783554077e-03,-4.504827316850423813e-03,-8.777447976171970367e-03
2.113344192504882812e+00,3.931552171707153320e+00,1.975732684135437012e+00,9.999935030937194824e-01,1.142324414104223251e-03,-1.627607271075248718e-03,3.001168603077530861e-03
4.792572975158691406e+00,3.179465770721435547e+00,6.245853900909423828e+00,9.999995827674865723e-01,6.501017487607896328e-04,5.954950465820729733e-04,-2.850271994248032570e-04
4.095137596130371094e+00,3.032964706420898438e+00,4.297230243682861328e+00,9.999959468841552734e-01,1.166417961940169334e-03,-1.656930427998304367e-03,-2.018680330365896225e-03
5.253254890441894531e+00,3.335014104843139648e+00,1.490281701087951660e+00,9.998583197593688965e-01,-4.403237253427505493e-03,-1.320810150355100632e-02,9.461049921810626984e-03
4.215048789978027344e+00,6.713338375091552734e+00,2.382769107818603516e+00,9.999978542327880859e-01,5.188263021409511566e-04,-1.953554339706897736e-03,-4.282213631086051464e-04
6.602723002433776855e-01,6.020806789398193359e+00,4.505443572998046875e+00,9.999944567680358887e-01,1.715621561743319035e-03,2.183993346989154816e-03,-1.843786565586924553e-03
1.220357179641723633e+00,4.206386089324951172e+00,1.214444041252136230e+00,9.999995827674865723e-01,5.614545661956071854e-04,-8.261424372904002666e-04,5.890515240025706589e-05
1.706807613372802734e-01,2.552521228790283203e+00,3.041349649429321289e+00,9.998856782913208008e-01,1.237704977393150330e-02,-2.980325836688280106e-03,8.159344084560871124e-03
7.273234367370605469e+00,7.824011147022247314e-03,2.954498529434204102e+00,9.999880790710449219e-01,-3.355718217790126801e-03,-3.179198130965232849e-03,-1.614922657608985901e-03
3.225636720657348633e+00,4.835616588592529297e+00,4.509210109710693359e+00,9.999997019767761230e-01,-7.192367775132879615e-05,-5.873321424587629735e-05,-8.335884194821119308e-04
2.740130424499511719e+00,5.146185159683227539e-01,2.958731353282928467e-01,9.999983906745910645e-01,9.597926982678472996e-04,-3.144184593111276627e-04,-1.503232633695006371e-03
6.902741909027099609e+00,4.192682743072509766e+00,5.145159721374511719e+00,9.999710917472839355e-01,2.361399383516982198e-04,-6.252824328839778900e-03,4.337024874985218048e-03
4.195145606994628906e+00,4.281297683715820312e+00,5.257263660430908203e+00,9.999973177909851074e-01,6.842086440883576870e-04,1.890107523649930954e-03,1.188427559100091457e-03
5.936584472656250000e+00,2.345541715621948242e-01,8.685854673385620117e-01,9.999948143959045410e-01,-3.039877163246273994e-03,-2.954714000225067139e-04,-1.107698655687272549e-03
5.343017101287841797e+00,2.603154420852661133e+00,1.876535296440124512e+00,9.999284744262695312e-01,1.062053348869085312e-02,-5.335397552698850632e-03,1.379342633299529552e-03
2.980442345142364502e-01,2.091995239257812500e+00,1.544654011726379395e+00,9.999992251396179199e-01,-1.810994435800239444e-04,4.671090864576399326e-04,-1.182100619189441204e-03
5.614421844482421875e+00,6.211231708526611328e+00,4.437013626098632812e+00,9.994776844978332520e-01,1.336725894361734390e-02,2.930079586803913116e-02,-2.674605464562773705e-03
4.973244667053222656e+00,1.777868568897247314e-01,5.027322769165039062e+00,9.999902248382568359e-01,8.196542039513587952e-04,1.672865473665297031e-04,4.363589920103549957e-03
5.412486553192138672e+00,3.497296199202537537e-02,3.816554307937622070e+00,9.999977350234985352e-01,-6.199298659339547157e-04,1.618027337826788425e-03,-1.273640897125005722e-03
2.677433192729949951e-01,6.612346172332763672e+00,4.666481018066406250e+00,9.999480843544006348e-01,-9.131120750680565834e-04,-9.524093009531497955e-03,3.510060254484415054e-03
3.190329313278198242e+00,3.387710809707641602e+00,1.166805624961853027e+00,9.999996423721313477e-01,2.239345049019902945e-04,-9.291152236983180046e-04,-1.954557689032299095e-07
6.548858642578125000e+00,4.394443511962890625e+00,3.340503931045532227e+00,9.999485611915588379e-01,-9.004625491797924042e-03,-4.659113939851522446e-03,2.954312658403068781e-04
2.944231510162353516e+00,5.504715919494628906e+00,3.439356684684753418e-01,9.999842643737792969e-01,-2.296363236382603645e-04,-5.599217489361763000e-03,4.876314778812229633e-04
3.234661817550659180e-01,3.367960929870605469e+00,1.498057961463928223e+00,9.999932646751403809e-01,-3.361469134688377380e-03,1.133690006099641323e-03,-9.330054163001477718e-04
3.241285085678100586e+00,2.557427644729614258e+00,7.493040561676025391e+00,9.999997615814208984e-01,-1.303236495004966855e-04,-6.759926909580826759e-04,-3.740001702681183815e-04
6.846380710601806641e+00,5.698409557342529297e+00,4.035295009613037109e+00,9.999982714653015137e-01,3.822475846391171217e-04,1.350230304524302483e-03,1.255096402019262314e-03
1.002191156148910522e-01,3.964600563049316406e+00,1.868187189102172852e+00,9.998573660850524902e-01,-1.525515597313642502e-02,-6.828857585787773132e-03,-2.451856387779116631e-03
1.743987500667572021e-01,1.499833703041076660e+00,2.929618597030639648e+00,9.999996423721313477e-01,1.460823114030063152e-04,1.268656778847798705e-04,-8.898255182430148125e-04
1.112661361694335938e+00,2.830717086791992188e+00,7.371596813201904297e+00,9.999998807907104492e-01,1.316411653533577919e-04,-5.764868110418319702e-04,-1.081768714357167482e-04
1.143789529800415039e+00,6.782215833663940430e-01,1.143689632415771484e+00,9.999982714653015137e-01,1.161921769380569458e-03,1.358635723590850830e-03,6.091526593081653118e-04
3.179266691207885742e+00,7.439370155334472656e+00,1.617465257644653320e+00,9.999985694885253906e-01,1.057769753970205784e-03,8.591557270847260952e-04,1.081032911315560341e-03
3.458733320236206055e+00,7.851061224937438965e-01,7.150466442108154297e+00,9.998693466186523438e-01,8.707661181688308716e-03,-8.791960775852203369e-03,-1.040117070078849792e-02
7.499107360839843750e+00,4.992403984069824219e+00,4.535830497741699219e+00,9.999994039535522461e-01,5.265721119940280914e-04,8.589855860918760300e-04,4.646906745620071888e-04
1.712694019079208374e-01,1.482053637504577637e+00,4.918721675872802734e+00,9.999997615814208984e-01,5.158566636964678764e-04,5.444751004688441753e-04,-1.367603272228734568e-05
7.241810321807861328e+00,5.061040520668029785e-01,3.864755481481552124e-02,9.999352693557739258e-01,4.146134480834007263e-03,-1.548914122395217419e-03,-1.048669591546058655e-02
5.687621593475341797e+00,7.205517768859863281e+00,2.847849845886230469e+00,9.999988079071044922e-01,1.368952798657119274e-03,5.739456391893327236e-04,3.131942357867956161e-04
3.694527626037597656e+00,3.584052801132202148e+00,4.383407592773437500e+00,9.999995827674865723e-01,6.936018471606075764e-04,-6.512280669994652271e-04,-2.282766363350674510e-04
7.390752792358398438e+00,2.018784999847412109e+00,4.108816146850585938e+00,9.999077320098876953e-01,3.880484728142619133e-03,-8.578022010624408722e-03,-9.796553291380405426e-03
2.647205352783203125e+00,4.680818080902099609e+00,2.251580715179443359e+00,9.999990463256835938e-01,-7.583081023767590523e-04,-5.478003877215087414e-04,1.057939487509429455e-03
4.803560972213745117e-01,6.819969654083251953e+00,3.510278224945068359e+00,9.999846220016479492e-01,-4.838839173316955566e-03,2.277024555951356888e-03,-1.505834283307194710e-03
1.615128040313720703e+00,2.454334259033203125e+00,6.083624362945556641e-01,9.999992251396179199e-01,-1.292647444643080235e-03,3.180474232067354023e-05,-1.236242769664386287e-05
5.777045249938964844e+00,7.286177158355712891e+00,3.606289923191070557e-01,9.999998807907104492e-01,3.417927655391395092e-04,2.714984875638037920e-04,-3.399137058295309544e-04
5.952867507934570312e+00,3.650683164596557617e+00,2.876763343811035156e+00,9.999999403953552246e-01,2.223078772658482194e-04,-2.697938180062919855e-04,-1.392179838148877025e-04
4.985152244567871094e+00,7.198346614837646484e+00,6.890677452087402344e+00,9.999058246612548828e-01,2.783574396744370461e-03,1.241949573159217834e-02,5.136827938258647919e-03
5.122690677642822266e+00,2.187995910644531250e+00,5.211314201354980469e+00,9.999976754188537598e-01,2.081201411783695221e-03,-4.269803466740995646e-04,5.551917711272835732e-04
1.380854129791259766e+00,7.019807338714599609e+00,7.108666419982910156e+00,9.999979138374328613e-01,-1.311772502958774567e-04,-2.075973199680447578e-03,1.837443996919319034e-04
2.671283006668090820e+00,1.656606554985046387e+00,6.894150733947753906e+00,9.999991059303283691e-01,-1.333502586930990219e-04,1.307175960391759872e-03,-3.798878460656851530e-04
1.942475676536560059e+00,4.425590038299560547e+00,2.553344070911407471e-01,9.999995231628417969e-01,-6.302863475866615772e-04,-8.206336642615497112e-04,4.244111187290400267e-05
9.392769932746887207e-01,5.360123634338378906e+00,6.412498474121093750e+00,9.999963045120239258e-01,-1.792619004845619202e-03,1.289645297219976783e-04,2.064635278657078743e-03
1.414400488138198853e-01,2.500688314437866211e+00,4.689929485321044922e+00,9.999982118606567383e-01,-3.416404069866985083e-04,1.678756438195705414e-03,8.479582029394805431e-04
2.238049745559692383e+00,5.033984780311584473e-01,7.103443622589111328e+00,9.999995231628417969e-01,6.887444760650396347e-04,-5.347117548808455467e-04,-5.848116124980151653e-04
5.671554431319236755e-02,5.758936405181884766e+00,7.092057228088378906e+00,9.999939203262329102e-01,-3.174170618876814842e-03,-2.511929196771234274e-04,-1.457376987673342228e-03
5.735477924346923828e+00,2.158068180084228516e+00,5.167636394500732422e+00,9.999992847442626953e-01,7.664723671041429043e-04,-3.414501261431723833e-04,9.316462092101573944e-04
5.788121744990348816e-02,6.268257141113281250e+00,1.527382254600524902e+00,9.999785423278808594e-01,-4.055046942085027695e-03,-1.581275369971990585e-03,-4.901793319731950760e-03
8.303905129432678223e-01,8.512422442436218262e-01,2.790796279907226562e+00,9.999974370002746582e-01,6.460288423113524914e-04,6.407228647731244564e-05,2.207327634096145630e-03
3.846802711486816406e-01,4.226867198944091797e+00,1.703843832015991211e+00,9.999963045120239258e-01,-2.076929435133934021e-03,1.269168220460414886e-03,-1.266262959688901901e-03
4.654733657836914062e+00,3.076907873153686523e+00,3.607113659381866455e-01,9.999995827674865723e-01,8.967917528934776783e-04,1.548236614326015115e-04,2.144261379726231098e-04
6.177826881408691406e+00,3.233858585357666016e+00,4.622883319854736328e+00,9.999940395355224609e-01,-9.382039424963295460e-04,-1.087838667444884777e-03,3.165384754538536072e-03
2.162317991256713867e+00,2.544984102249145508e+00,5.521421432495117188e+00,9.999796748161315918e-01,4.437011957634240389e-04,2.773769665509462357e-03,-5.733294878154993057e-03
6.193718910217285156e+00,3.686355650424957275e-01,2.082502603530883789e+00,9.999979734420776367e-01,-5.810559378005564213e-04,-1.899464172311127186e-03,-1.849918189691379666e-04
5.014907360076904297e+00,5.450228214263916016e+00,3.422546982765197754e-01,9.999790191650390625e-01,-2.127823652699589729e-03,5.115395411849021912e-03,-3.362693125382065773e-03
6.723487854003906250e+00,6.964481353759765625e+00,7.256349086761474609e+00,9.999999403953552246e-01,-1.895530003821477294e-04,7.749674841761589050e-05,3.649455029517412186e-04
3.318023681640625000e+00,7.426176071166992188e+00,2.610843181610107422e+00,9.999976754188537598e-01,1.640991307795047760e-03,1.101493369787931442e-03,8.698935853317379951e-04
1.451499819755554199e+00,6.208176136016845703e+00,4.497248649597167969e+00,9.999928474426269531e-01,-1.730046351440250874e-03,-1.123809837736189365e-03,-3.189794952049851418e-03
1.857268333435058594e+00,8.440881371498107910e-01,5.398310184478759766e+00,9.999646544456481934e-01,-3.054219530895352364e-03,2.009109826758503914e-03,-7.572507020086050034e-03
4.794970989227294922e+00,7.260245323181152344e+00,4.421714782714843750e+00,9.999998807907104492e-01,2.260172914247959852e-04,5.402854294516146183e-04,-2.209256053902208805e-04
3.816298246383666992e+00,5.690458774566650391e+00,6.972454547882080078e+00,9.999995827674865723e-01,-9.485881892032921314e-04,-7.545255357399582863e-05,-1.199206017190590501e-04
6.866262435913085938e+00,7.384740352630615234e+00,1.478754878044128418e+00,9.999986290931701660e-01,-5.765581736341118813e-04,-1.535354764200747013e-03,3.032711683772504330e-04
4.087142944335937500e+00,2.643514394760131836e+00,2.427906513214111328e+00,9.999147057533264160e-01,4.871194716542959213e-03,-8.702920749783515930e-03,-8.436947129666805267e-03
6.626477241516113281e+00,3.731069564819335938e+00,5.225314140319824219e+00,9.999971985816955566e-01,-4.757606657221913338e-04,2.262215130031108856e-04,2.322883345186710358e-03
3.573080778121948242e+00,2.661085367202758789e+00,1.118457913398742676e+00,9.999988079071044922e-01,7.838075980544090271e-04,-6.283549009822309017e-04,-1.199658960103988647e-03
2.488374337553977966e-02,2.006829261779785156e+00,5.090758204460144043e-01,9.999716281890869141e-01,5.563155747950077057e-03,7.503141532652080059e-04,-5.042307078838348389e-03
7.269780158996582031e+00,4.339367389678955078e+00,9.335430860519409180e-01,9.999980330467224121e-01,-1.762941712513566017e-03,7.782182656228542328e-04,-5.862009129486978054e-04
3.311755895614624023e+00,6.415700435638427734e+00,3.674788713455200195e+00,9.999971389770507812e-01,-1.098828855901956558e-03,1.778304809704422951e-03,1.204509171657264233e-03
1.651731967926025391e+00,2.929157257080078125e+00,7.392641544342041016e+00,9.999999403953552246e-01,4.293934907764196396e-04,6.698939978377893567e-05,1.639475667616352439e-04
1.922054886817932129e+00,5.905163288116455078e+00,3.796118497848510742e+00,9.999995827674865723e-01,3.118585154879838228e-04,7.978528155945241451e-04,-3.737453371286392212e-04
3.285939931869506836e+00,3.170736551284790039e+00,3.424130380153656006e-01,9.999998807907104492e-01,-1.047674886649474502e-04,-3.321453114040195942e-04,-5.204770714044570923e-04
1.402383208274841309e+00,3.775377511978149414e+00,5.855350494384765625e+00,9.999985694885253906e-01,-1.133847981691360474e-04,1.681178808212280273e-03,-2.709287800826132298e-04
7.341343402862548828e+00,4.377474784851074219e+00,5.703457832336425781e+00,9.997941851615905762e-01,-9.593741968274116516e-03,-4.224430304020643234e-03,1.737119071185588837e-02
5.259048938751220703e+00,5.245358467102050781e+00,7.086728811264038086e-01,9.999904036521911621e-01,-2.391019370406866074e-04,8.328518597409129143e-04,-4.301430657505989075e-03
2.202755451202392578e+00,2.027210950851440430e+00,5.866353034973144531e+00,9.999998211860656738e-01,-1.372605038341134787e-04,-4.390787798911333084e-04,4.380400350783020258e-04
3.250992298126220703e+00,5.093904495239257812e+00,6.373846054077148438e+00,9.999997019767761230e-01,-3.840113640762865543e-04,5.648066289722919464e-04,5.356234614737331867e-04
4.324985027313232422e+00,1.566856145858764648e+00,5.192212104797363281e+00,9.999915957450866699e-01,-3.044027835130691528e-03,-2.756280591711401939e-03,-1.051419167197309434e-04
7.400765895843505859e+00,6.001012802124023438e+00,4.180990219116210938e+00,9.999979138374328613e-01,8.985014283098280430e-04,5.554640083573758602e-04,1.783248037099838257e-03
3.605349734425544739e-02,8.310672044754028320e-01,2.308129310607910156e+00,9.999819397926330566e-01,1.524657709524035454e-03,-2.181538613513112068e-03,5.400531925261020660e-03
6.281762123107910156e+00,2.022624492645263672e+00,5.258641242980957031e+00,9.999998807907104492e-01,5.996325489832088351e-05,-1.520044606877490878e-04,6.164837977848947048e-04
1.589194655418395996e+00,1.396145224571228027e+00,5.678725242614746094e-01,9.999977946281433105e-01,-6.433101370930671692e-04,2.003026660531759262e-03,3.008712956216186285e-04
6.815474033355712891e+00,4.830216884613037109e+00,2.904920339584350586e+00,9.999997019767761230e-01,-8.658187580294907093e-04,1.630554615985602140e-04,1.010721916827606037e-06
7.012695312500000000e+00,1.057627916336059570e+00,5.832764148712158203e+00,9.999971389770507812e-01,7.819759193807840347e-04,2.270061522722244263e-03,3.764469001907855272e-04
8.553178310394287109e-01,7.349269390106201172e+00,2.466272354125976562e+00,9.999962449073791504e-01,-1.085771131329238415e-03,5.797552876174449921e-04,-2.467493759468197823e-03
7.347148895263671875e+00,7.197414398193359375e+00,6.004437446594238281e+00,9.999778866767883301e-01,2.047200454398989677e-03,-2.228946425020694733e-03,-5.931812804192304611e-03
4.477828502655029297e+00,4.486054897308349609e+00,5.461362600326538086e-01,9.999598264694213867e-01,1.974243205040693283e-03,7.033572066575288773e-03,5.198007449507713318e-03
1.819340229034423828e+00,1.522593736648559570e+00,5.933911800384521484e+00,9.999994635581970215e-01,7.083612727001309395e-04,-6.030045333318412304e-04,6.176261231303215027e-04
7.035938739776611328e+00,1.419957637786865234e+00,7.140412330627441406e+00,9.999971389770507812e-01,-1.430236734449863434e-03,-1.672421698458492756e-03,-9.935885900631546974e-04
1.754926085472106934e+00,3.758878231048583984e+00,9.561341404914855957e-01,9.999987483024597168e-01,3.131395496893674135e-04,1.114948070608079433e-03,1.137516694143414497e-03
5.324454307556152344e+00,6.836813092231750488e-01,3.583949565887451172e+00,9.999967217445373535e-01,-7.717782282270491123e-04,4.201016854494810104e-04,2.418691990897059441e-03
1.290702104568481445e+00,1.290327429771423340e+00,2.123212099075317383e+00,9.999996423721313477e-01,-1.194643846247345209e-05,9.363596909679472446e-04,-2.901753759942948818e-05
2.100299119949340820e+00,8.024667501449584961e-01,4.357301712036132812e+00,9.999560713768005371e-01,-5.764685105532407761e-03,-5.635261535644531250e-03,-4.781237337738275528e-03
7.136286735534667969e+00,3.064950466156005859e+00,4.154914855957031250e+00,9.999914765357971191e-01,-2.050339826382696629e-04,2.701697230804711580e-04,-4.127484280616044998e-03
6.830119132995605469e+00,3.950525045394897461e+00,6.107676506042480469e+00,9.999959468841552734e-01,4.537299973890185356e-04,2.841520356014370918e-03,1.761579769663512707e-04
3.335237801074981689e-01,4.306881427764892578e+00,4.414037704467773438e+00,9.999949932098388672e-01,1.215590978972613811e-03,2.401050878688693047e-03,1.704512163996696472e-03
3.453772306442260742e+00,1.388167977333068848e+00,4.966224670410156250e+00,9.999766349792480469e-01,-3.648009616881608963e-03,2.996644238010048866e-03,4.948922898620367050e-03
2.447411298751831055e+00,3.152637958526611328e+00,7.120519161224365234e+00,9.999989867210388184e-01,1.088824472390115261e-03,9.345735888928174973e-04,-1.091709345928393304e-04
2.814831018447875977e+00,4.908895969390869141e+00,6.541028499603271484e+00,9.999961853027343750e-01,-1.216017175465822220e-03,2.005141694098711014e-03,1.493645948357880116e-03
4.522934913635253906e+00,4.103406906127929688e+00,7.554078102111816406e-01,9.999988079071044922e-01,7.002697093412280083e-04,-1.397850690409541130e-03,1.838206808315590024e-04
7.029706478118896484e+00,4.094269275665283203e+00,5.456874370574951172e+00,9.999499320983886719e-01,5.461916793137788773e-03,-7.959711365401744843e-03,2.648002700880169868e-03
6.841971278190612793e-01,5.422905445098876953e+00,1.858131170272827148e+00,9.999989867210388184e-01,6.073154872865416110e-05,-1.456586178392171860e-03,-1.794731360860168934e-04
8.652119636535644531e-01,4.442889690399169922e-01,2.604762792587280273e+00,9.999985694885253906e-01,-1.584241050295531750e-03,6.551017286255955696e-04,1.898283662740141153e-04
4.123176574707031250e+00,5.932334065437316895e-01,6.939882278442382812e+00,9.999998211860656738e-01,1.375513966195285320e-04,-6.341951666399836540e-04,-2.271201810799539089e-04
2.232952594757080078e+00,6.511066436767578125e+00,6.956017494201660156e+00,9.999948740005493164e-01,-2.933150855824351311e-03,-1.326929195784032345e-03,1.372243714286014438e-04
5.353342056274414062e+00,7.420340061187744141e+00,7.802737951278686523e-01,1.000000000000000000e+00,1.891438878374174237e-04,2.361624210607260466e-04,-2.117751137120649219e-04
4.373562335968017578e+00,4.817474842071533203e+00,7.397303104400634766e+00,9.999895691871643066e-01,3.809476038441061974e-03,2.486557699739933014e-03,3.810967609751969576e-04
3.812952041625976562e+00,2.636932611465454102e+00,2.256722688674926758e+00,9.999215602874755859e-01,4.776176530867815018e-03,-8.997137658298015594e-03,-7.291469257324934006e-03
7.145535945892333984e-01,4.387038230895996094e+00,6.534450531005859375e+00,9.994931221008300781e-01,4.820742644369602203e-03,-1.966685988008975983e-02,2.456785924732685089e-02
4.366679668426513672e+00,2.923362255096435547e+00,6.291314125061035156e+00,9.999993443489074707e-01,1.173573582491371781e-05,1.035589259117841721e-03,-6.400821148417890072e-04
6.070417761802673340e-01,3.539815902709960938e+00,6.187752246856689453e+00,9.999991059303283691e-01,1.792419498087838292e-04,1.337102148681879044e-03,-7.101181836333125830e-05
6.601696014404296875e+00,1.709206223487854004e+00,1.719476461410522461e+00,9.999998807907104492e-01,1.678729458944872022e-04,-4.556228814180940390e-04,4.280498833395540714e-04
6.965074062347412109e+00,6.126147270202636719e+00,2.170611917972564697e-01,9.999988079071044922e-01,1.221555867232382298e-03,9.473421378061175346e-04,-2.787107951007783413e-04
4.131715774536132812e+00,2.456644773483276367e+00,3.476089954376220703e+00,9.999928474426269531e-01,-2.937247278168797493e-03,1.149995136074721813e-03,2.107650507241487503e-03
8.680940866470336914e-01,1.215845823287963867e+00,1.627127647399902344e+00,9.999986290931701660e-01,-5.163787282072007656e-04,-8.994108648039400578e-04,1.311197178438305855e-03
4.951226234436035156e+00,7.095258235931396484e+00,5.804015159606933594e+00,9.999976158142089844e-01,-7.518225174862891436e-05,1.194123062305152416e-03,1.866511767730116844e-03
9.542577266693115234e-01,2.557293415069580078e+00,7.029602527618408203e+00,1.000000000000000000e+00,3.918794391211122274e-04,-1.173840792034752667e-04,1.370491663692519069e-04
4.955946445465087891e+00,3.791197061538696289e+00,4.726514339447021484e+00,9.999989867210388184e-01,1.084499410353600979e-03,1.544322003610432148e-04,9.875126415863633156e-04
5.051367759704589844e+00,3.404986858367919922e+00,5.495959758758544922e+00,9.999976754188537598e-01,1.592949265614151955e-03,-9.733182960189878941e-04,-1.106637646444141865e-03
7.262191295623779297e+00,2.214200973510742188e+00,4.610445976257324219e+00,9.999995231628417969e-01,-3.921588067896664143e-04,-5.332725122570991516e-04,7.699909037910401821e-04
3.618140459060668945e+00,3.232162952423095703e+00,3.170599699020385742e+00,9.999969005584716797e-01,-8.491782355122268200e-04,-8.398072677664458752e-04,2.204989781603217125e-03
9.761148691177368164e-01,4.530474543571472168e-02,5.921061992645263672e+00,9.999875426292419434e-01,3.092114639002829790e-04,-4.989574663341045380e-03,1.913128799060359597e-04
5.195044517517089844e+00,2.718788862228393555e+00,3.247589349746704102e+00,9.999989271163940430e-01,1.011537504382431507e-03,-9.470064542256295681e-04,6.026219343766570091e-04
1.301232337951660156e+00,6.096931934356689453e+00,9.516389966011047363e-01,9.999998807907104492e-01,3.392689177417196333e-05,1.731750671751797199e-04,-4.484973906073719263e-04
1.609027147293090820e+00,1.948654204607009888e-01,1.327993035316467285e+00,9.999963045120239258e-01,9.080069721676409245e-04,2.571263816207647324e-03,-2.597373968455940485e-04
4.601680278778076172e+00,4.225665569305419922e+00,1.917775273323059082e+00,9.998804926872253418e-01,1.179381459951400757e-02,4.060200881212949753e-03,-9.140209294855594635e-03
5.380724906921386719e+00,5.564558506011962891e+00,6.490015506744384766e+00,9.999995231628417969e-01,-9.745535207912325859e-04,1.353063853457570076e-04,2.844893606379628181e-04
5.721112489700317383e-01,4.220894813537597656e+00,4.943693637847900391e+00,9.999467730522155762e-01,5.710669327527284622e-03,1.552115194499492645e-03,8.463611826300621033e-03
6.997708320617675781e+00,2.759211301803588867e+00,7.062483787536621094e+00,9.999217987060546875e-01,9.184324182569980621e-03,7.498756051063537598e-03,-3.985533490777015686e-03
6.514579772949218750e+00,5.191991806030273438e+00,3.564555644989013672e+00,9.999983906745910645e-01,1.096332096494734287e-03,1.182755750051001087e-05,-1.457775128073990345e-03
1.898094058036804199e+00,6.740261912345886230e-01,3.937651157379150391e+00,9.999999403953552246e-01,9.517354919807985425e-05,3.661386654130183160e-05,-5.339621566236019135e-04
5.878036975860595703e+00,3.847469568252563477e+00,8.013613820075988770e-01,9.999994039535522461e-01,-6.328694144031032920e-05,9.025078616105020046e-04,6.729982560500502586e-04
6.246233463287353516e+00,3.880164384841918945e+00,2.865811824798583984e+00,9.999997019767761230e-01,5.310514243319630623e-04,3.410002318560145795e-05,-6.414430099539458752e-04
1.759405016899108887e+00,6.900109291076660156e+00,1.585616469383239746e+00,9.999970793724060059e-01,-9.676485206000506878e-04,2.200779039412736893e-03,3.794287040363997221e-04
6.115952968597412109e+00,2.969093620777130127e-01,3.010193109512329102e+00,9.999894499778747559e-01,3.140864893794059753e-03,2.567479852586984634e-03,-2.156660426408052444e-03
3.918663024902343750e+00,7.134836196899414062e+00,2.145089626312255859e+00,9.999997615814208984e-01,5.127226468175649643e-04,4.400148463901132345e-04,-9.182118083117529750e-05
2.925115823745727539e+00,3.800765514373779297e+00,3.377077817916870117e+00,9.999984502792358398e-01,8.417161297984421253e-04,-8.941980777308344841e-04,1.332326442934572697e-03
1.186521649360656738e+00,4.217291831970214844e+00,2.507250547409057617e+00,9.999937415122985840e-01,2.606609137728810310e-03,-2.395394956693053246e-03,-3.023427852895110846e-04
1.977340221405029297e+00,2.425586700439453125e+00,3.618375539779663086e+00,9.999997019767761230e-01,1.552643370814621449e-04,6.584345828741788864e-04,5.198199651204049587e-04
3.408441066741943359e+00,8.000453710556030273e-01,6.621610164642333984e+00,9.999973773956298828e-01,7.236369419842958450e-04,1.521344063803553581e-03,1.599909504875540733e-03
2.795784711837768555e+00,7.066538810729980469e+00,5.307267189025878906e+00,9.999849796295166016e-01,2.955037867650389671e-03,4.537485074251890182e-03,9.398405090905725956e-04
8.292134404182434082e-01,2.179188489913940430e+00,7.297561168670654297e+00,9.999992251396179199e-01,1.002205390250310302e-04,-1.219422789290547371e-03,-4.477854236029088497e-04
2.129066467285156250e+00,7.188390254974365234e+00,4.303259372711181641e+00,9.999993443489074707e-01,-5.939711118116974831e-04,5.379743524827063084e-04,8.848668076097965240e-04
3.476233243942260742e+00,5.962222099304199219e+00,3.896963596343994141e+00,9.997444748878479004e-01,-5.452343728393316269e-03,-3.477532649412751198e-03,2.166038751602172852e-02
1.127438783645629883e+00,1.189037322998046875e+00,9.305280447006225586e-01,9.999969601631164551e-01,4.176141810603439808e-04,1.429236610420048237e-03,-2.002041554078459740e-03
5.513221740722656250e+00,3.801795244216918945e-01,6.480254650115966797e+00,9.999991059303283691e-01,7.180171669460833073e-04,-9.460609726374968886e-05,-1.201470964588224888e-03
4.454044252634048462e-02,4.675829887390136719e+00,3.294176816940307617e+00,9.999994635581970215e-01,-1.087838783860206604e-03,-2.531250065658241510e-04,8.152551163220778108e-05
5.183940887451171875e+00,6.630632400512695312e+00,5.436095237731933594e+00,9.999978542327880859e-01,-9.451070218347012997e-04,1.858184929005801678e-03,1.618788519408553839e-04
5.060437694191932678e-02,3.124063730239868164e+00,6.889647006988525391e+00,9.999850392341613770e-01,-4.048211500048637390e-03,-1.183247659355401993e-03,3.480138955637812614e-03
3.663527727127075195e+00,1.215041756629943848e+00,1.496131539344787598e+00,9.998107552528381348e-01,-1.566908694803714752e-02,1.148475427180528641e-02,1.003308454528450966e-03
1.823678493499755859e+00,1.419890403747558594e+00,1.668709874153137207e+00,9.999997019767761230e-01,8.890978620001988020e-09,6.306081777438521385e-04,-4.557787033263593912e-04
1.573851585388183594e+00,6.195039749145507812e-01,3.260942935943603516e+00,9.999998807907104492e-01,1.780651509761810303e-04,-2.739278716035187244e-04,-4.732827655971050262e-04
6.692594528198242188e+00,5.694142818450927734e+00,3.139654397964477539e+00,9.999881386756896973e-01,4.748171486426144838e-04,7.042226498015224934e-04,4.807768389582633972e-03
1.782474815845489502e-01,4.876413345336914062e+00,1.492399930953979492e+00,9.999992847442626953e-01,-2.251341502415016294e-04,4.278008709661662579e-04,-1.139370840974152088e-03
5.731076717376708984e+00,3.976172208786010742e+00,6.863338947296142578e+00,9.999773502349853516e-01,-7.277886033989489079e-04,1.911450875923037529e-03,-6.424474529922008514e-03
3.404910087585449219e+00,1.562724947929382324e+00,5.992941379547119141e+00,9.999997019767761230e-01,-8.437458309344947338e-04,1.533254981040954590e-04,-7.815911521902307868e-05
1.571301519870758057e-01,5.176369547843933105e-01,1.520322918891906738e+00,9.999830126762390137e-01,3.172983182594180107e-03,4.886552691459655762e-03,-3.819525300059467554e-04
7.193598151206970215e-01,4.441195964813232422e+00,3.827875137329101562e+00,9.999929666519165039e-01,1.127747702412307262e-03,9.914888069033622742e-04,-3.464099019765853882e-03
4.797481060028076172e+00,3.767682552337646484e+00,2.336859464645385742e+00,9.999952316284179688e-01,-3.020296338945627213e-03,-1.456849859096109867e-04,7.485660607926547527e-04
6.412497997283935547e+00,6.817765712738037109e+00,4.416241168975830078e+00,9.999989867210388184e-01,6.576795130968093872e-04,-1.047785626724362373e-03,-8.095821249298751354e-04
1.868440866470336914e+00,5.126407623291015625e+00,4.423901557922363281e+00,9.999999403953552246e-01,-2.839819353539496660e-04,3.031151136383414268e-04,-5.837262870045378804e-05
7.162698268890380859e+00,4.157429039478302002e-01,7.178071737289428711e-01,9.999998211860656738e-01,-6.009500939399003983e-04,-2.932597708422690630e-04,-1.612852356629446149e-04
2.323355436325073242e+00,2.856196641921997070e+00,4.940162658691406250e+00,9.999960064888000488e-01,4.905065288767218590e-04,-1.549320877529680729e-03,2.343851840123534203e-03
2.086206912994384766e+00,8.581764698028564453e-01,7.457770824432373047e+00,9.999947547912597656e-01,-5.610624793916940689e-04,1.788964029401540756e-03,-2.639769809320569038e-03
3.196476936340332031e+00,6.997746467590332031e+00,6.904984474182128906e+00,9.999669790267944336e-01,5.971184582449495792e-04,-7.875249721109867096e-03,1.919938833452761173e-03
5.152437210083007812e+00,5.148563981056213379e-01,7.332239627838134766e+00,9.999917149543762207e-01,-1.750515657477080822e-03,-6.197442999109625816e-04,3.635830013081431389e-03
4.881560325622558594e+00,5.925436496734619141e+00,7.092057704925537109e+00,9.999197125434875488e-01,2.350487979128956795e-03,-1.098562031984329224e-02,5.861305166035890579e-03
1.141676664352416992e+00,1.636626601219177246e+00,4.591340065002441406e+00,9.997362494468688965e-01,6.123560480773448944e-03,-1.612197607755661011e-02,-1.516509056091308594e-02
5.154587268829345703e+00,3.428879499435424805e+00,6.098935604095458984e+00,9.999888539314270020e-01,4.482740070670843124e-03,1.347556593827903271e-03,7.501102518290281296e-04
4.319209575653076172e+00,6.110292911529541016e+00,5.094008922576904297e+00,9.999940991401672363e-01,8.950365590862929821e-04,-2.792586339637637138e-03,-1.770787988789379597e-03
3.974362611770629883e+00,4.151570796966552734e+00,2.135535001754760742e+00,9.999654889106750488e-01,7.094600237905979156e-03,4.318363498896360397e-03,2.592826494947075844e-04
3.433603286743164062e+00,3.008892774581909180e+00,1.504464626312255859e+00,9.999981522560119629e-01,3.879121504724025726e-04,4.425811348482966423e-04,-1.872263499535620213e-03
6.450545310974121094e+00,6.873079299926757812e+00,5.568168640136718750e+00,9.999024868011474609e-01,-2.755547873675823212e-03,-1.352831535041332245e-02,-2.107548993080854416e-03
7.778722643852233887e-01,2.466415643692016602e+00,1.206501364707946777e+00,9.999998211860656738e-01,-6.674765609204769135e-04,-2.432043838780373335e-04,-2.701761513890232891e-05
4.373983383178710938e+00,4.175267219543457031e+00,4.929418087005615234e+00,9.999991059303283691e-01,-1.846308296080678701e-04,-1.312102423980832100e-03,-3.801616840064525604e-04
2.887160062789916992e+00,1.612024009227752686e-01,3.147730350494384766e+00,9.999767541885375977e-01,1.428139628842473030e-03,-5.974893923848867416e-03,2.959347562864422798e-03
2.774611413478851318e-01,4.214821815490722656e+00,2.248654365539550781e+00,9.999988675117492676e-01,3.232432572985999286e-05,1.339732087217271328e-03,-7.759424042887985706e-04
2.053211450576782227e+00,2.795475482940673828e+00,7.494398593902587891e+00,9.999996423721313477e-01,7.523067761212587357e-04,8.175201946869492531e-05,-4.710142966359853745e-04
2.086787700653076172e+00,5.459920406341552734e+00,5.465311527252197266e+00,9.999957680702209473e-01,-3.160923952236771584e-04,-4.277829721104353666e-04,-2.886323491111397743e-03
6.065220832824707031e+00,5.633590698242187500e+00,4.361758232116699219e+00,9.999760389328002930e-01,-1.468049827963113785e-03,-3.271938767284154892e-03,-5.916680209338665009e-03
6.454392433166503906e+00,2.553165197372436523e+00,5.261749267578125000e+00,9.999923110008239746e-01,2.737278351560235023e-03,8.502406999468803406e-04,2.700910437852144241e-03
1.130772113800048828e+00,5.990041732788085938e+00,1.603904962539672852e+00,9.999904632568359375e-01,3.751788288354873657e-03,1.451267278753221035e-03,1.690809847787022591e-03
7.137857437133789062e+00,2.217351198196411133e+00,2.392236143350601196e-02,9.998688101768493652e-01,-9.841552004218101501e-03,-1.191389374434947968e-02,4.859570413827896118e-03
4.694112539291381836e-01,1.605106830596923828e+00,4.246116638183593750e+00,9.999728202819824219e-01,2.964111277833580971e-03,-6.663323845714330673e-03,-1.100501627661287785e-03
5.441547870635986328e+00,3.978358030319213867e+00,1.688806295394897461e+00,9.999962449073791504e-01,-1.194039359688758850e-03,2.264680806547403336e-03,9.866559412330389023e-04
1.775561094284057617e+00,1.416942715644836426e+00,6.796217918395996094e+00,9.999111890792846680e-01,1.311612129211425781e-02,1.755669945850968361e-03,-1.585464109666645527e-03
4.613487720489501953e+00,5.780851840972900391e+00,5.630130767822265625e+00,9.999021887779235840e-01,5.704171489924192429e-03,-7.258106954395771027e-03,-1.051230542361736298e-02
1.337232738733291626e-01,4.333827018737792969e+00,3.053719520568847656e+00,9.999996423721313477e-01,-2.374949981458485126e-04,-8.549071499146521091e-04,-1.922969677252694964e-04
7.489219903945922852e-01,8.310137987136840820e-01,5.438631057739257812e+00,9.999986886978149414e-01,-1.608634949661791325e-03,-3.133786667603999376e-04,8.549459744244813919e-05
7.265627384185791016e+00,4.253754138946533203e+00,5.302045345306396484e+00,9.999435544013977051e-01,6.891147233545780182e-03,-8.048746734857559204e-03,8.290938567370176315e-04
6.226280212402343750e+00,4.280912876129150391e+00,2.228651046752929688e+00,9.999940991401672363e-01,-6.146140513010323048e-04,-2.689682878553867340e-03,-2.094157738611102104e-03
6.878162860870361328e+00,3.699906826019287109e+00,5.475443840026855469e+00,9.999377727508544922e-01,5.648113321512937546e-03,-6.975860451348125935e-04,9.596954099833965302e-03
5.631700038909912109e+00,9.675215482711791992e-01,2.170681953430175781e+00,9.999902844429016113e-01,-1.245777239091694355e-03,-1.968015916645526886e-03,3.763467073440551758e-03
9.198197722434997559e-01,5.754232406616210938e+00,1.747923374176025391e+00,9.999913573265075684e-01,2.632091287523508072e-03,2.125434810295701027e-03,2.434597350656986237e-03
5.367391586303710938e+00,3.755394458770751953e+00,2.375702410936355591e-01,9.999998211860656738e-01,6.521817413158714771e-04,2.573043166194111109e-04,4.617907688952982426e-05
7.009072303771972656e+00,3.083356380462646484e+00,4.892602443695068359e+00,9.999933242797851562e-01,1.471621450036764145e-03,1.903029391542077065e-03,-2.750515704974532127e-03
2.242199182510375977e+00,3.143056631088256836e+00,3.093629598617553711e+00,9.998995065689086914e-01,-2.289663068950176239e-03,2.577920677140355110e-03,-1.375370845198631287e-02
2.853268384933471680e+00,7.138108253479003906e+00,6.144963741302490234e+00,9.999976754188537598e-01,8.208623039536178112e-04,-1.976236468181014061e-03,-1.251931189472088590e-05
2.927320003509521484e+00,3.727281093597412109e+00,6.962203502655029297e+00,9.999473690986633301e-01,8.138808421790599823e-03,4.206663463264703751e-03,4.636366851627826691e-03
5.883944988250732422e+00,1.408408880233764648e+00,5.461171269416809082e-01,9.999975562095642090e-01,2.153741370420902967e-04,7.601165561936795712e-04,-2.091350965201854706e-03
5.398777961730957031e+00,5.113842964172363281e+00,5.501939773559570312e+00,9.999998211860656738e-01,1.317536662099882960e-04,6.029108772054314613e-04,-7.093814929248765111e-05
2.054780006408691406e+00,1.786405920982360840e+00,4.784455776214599609e+00,9.999971389770507812e-01,-3.386146854609251022e-04,2.355975797399878502e-03,1.901386713143438101e-04
3.323967695236206055e+00,4.252437114715576172e+00,3.061487436294555664e+00,9.999999403953552246e-01,-2.530946803744882345e-04,3.665124240797013044e-04,5.036541915615089238e-05
5.187858104705810547e+00,5.419373512268066406e+00,5.496211528778076172e+00,9.999951720237731934e-01,-6.568661192432045937e-04,2.704418264329433441e-03,-1.425679889507591724e-03
6.924654483795166016e+00,6.451026916503906250e+00,3.577408313751220703e+00,9.999518990516662598e-01,-3.440071595832705498e-03,5.145138129591941833e-03,7.613060064613819122e-03
5.985096931457519531e+00,4.629860401153564453e+00,6.293523788452148438e+00,9.999932050704956055e-01,-9.035162511281669140e-04,-2.937278710305690765e-03,2.058639656752347946e-03
2.492482185363769531e+00,6.322170257568359375e+00,3.684880971908569336e+00,9.999723434448242188e-01,1.358987792627885938e-04,-1.820119912736117840e-03,7.210995070636272430e-03
6.794541835784912109e+00,5.399873256683349609e+00,4.378391742706298828e+00,9.999976158142089844e-01,2.139079617336392403e-03,4.374746058601886034e-04,3.220812068320810795e-04
3.842358112335205078e+00,5.795395970344543457e-01,6.535747528076171875e+00,9.999952912330627441e-01,2.404267666861414909e-03,1.891341176815330982e-03,3.976406005676835775e-04
3.105878591537475586e+00,3.244143724441528320e+00,3.684526205062866211e+00,9.999979138374328613e-01,-1.666605967329815030e-04,-1.284253783524036407e-03,1.627789111807942390e-03
4.326160430908203125e+00,6.173879146575927734e+00,2.887546300888061523e+00,9.999989867210388184e-01,3.871102817356586456e-04,7.530287839472293854e-04,-1.200816128402948380e-03
6.390622138977050781e+00,6.376400470733642578e+00,2.125347137451171875e+00,9.999012947082519531e-01,-1.071763690561056137e-02,-8.310304954648017883e-03,3.673479193821549416e-03
3.116002082824707031e+00,1.816551089286804199e-01,1.930606961250305176e+00,9.999972581863403320e-01,-1.708692288957536221e-03,1.473365002311766148e-03,-7.686459575779736042e-04
6.096544742584228516e+00,6.158076763153076172e+00,6.550855636596679688e+00,9.999992251396179199e-01,1.173030905192717910e-04,-2.561483415775001049e-04,-1.250651199370622635e-03
5.082915306091308594e+00,2.218124389648437500e+00,3.479360580444335938e+00,9.999988079071044922e-01,5.397701752372086048e-04,-1.468798844143748283e-03,-2.938926918432116508e-04
3.114726781845092773e+00,7.178121089935302734e+00,1.433526426553726196e-01,9.999701380729675293e-01,-3.644464304670691490e-03,6.141631398350000381e-03,2.942434977740049362e-03
3.010170936584472656e+00,1.135930180549621582e+00,1.277197003364562988e+00,9.999842047691345215e-01,3.808661131188273430e-03,-3.694511251524090767e-03,1.839465461671352386e-03
6.315116882324218750e+00,3.917683362960815430e+00,5.340319633483886719e+00,9.999182224273681641e-01,-3.642393043264746666e-03,1.460352563299238682e-03,-1.217152457684278488e-02
6.323901653289794922e+00,2.061608076095581055e+00,3.513178110122680664e+00,9.999709725379943848e-01,7.133834529668092728e-03,-2.388977212831377983e-03,-1.177975442260503769e-03
6.575077533721923828e+00,5.216344833374023438e+00,2.473923683166503906e+00,9.999929070472717285e-01,1.326428027823567390e-03,-3.303761128336191177e-03,1.225676387548446655e-03
3.475415468215942383e+00,3.019843816757202148e+00,5.620418071746826172e+00,9.999985098838806152e-01,-7.864022045396268368e-04,-6.981139304116368294e-04,-1.431488548405468464e-03
2.475357055664062500e+00,7.050287246704101562e+00,1.355041503906250000e+00,9.999464154243469238e-01,-6.648334208875894547e-03,-2.021034946665167809e-03,-7.668341975659132004e-03
4.603537082672119141e+00,5.933428406715393066e-01,6.357845783233642578e+00,9.999991059303283691e-01,5.939952097833156586e-04,-1.066165743395686150e-03,-6.103940540924668312e-04
7.300606727600097656e+00,3.142483711242675781e+00,2.710948228836059570e+00,9.999901056289672852e-01,2.633479889482259750e-03,3.058635862544178963e-03,1.853952417150139809e-03
1.954546213150024414e+00,5.406049251556396484e+00,3.325204610824584961e+00,9.999965429306030273e-01,3.194382879883050919e-04,-1.828927081078290939e-03,-1.893646665848791599e-03
7.338061809539794922e+00,4.600839614868164062e+00,4.604544162750244141e+00,9.999790191650390625e-01,3.167354036122560501e-03,2.557316329330205917e-03,-5.037978291511535645e-03
6.704290390014648438e+00,7.130335330963134766e+00,6.225487709045410156e+00,9.999486207962036133e-01,-6.479194387793540955e-03,3.238190663978457451e-03,7.097308523952960968e-03
5.793172836303710938e+00,1.300866246223449707e+00,3.409229040145874023e+00,9.998741745948791504e-01,8.168811909854412079e-03,-4.696558229625225067e-03,-1.276708114892244339e-02
1.897735953330993652e+00,3.908551692962646484e+00,4.777293205261230469e+00,9.999992847442626953e-01,-3.625521203503012657e-04,-1.111553399823606014e-03,-4.315883270464837551e-04
1.043581366539001465e+00,5.610422134399414062e+00,2.199722051620483398e+00,9.999889731407165527e-01,-3.500629216432571411e-03,-1.264947582967579365e-03,-2.852360717952251434e-03
5.195239067077636719e+00,4.476788043975830078e+00,6.569295883178710938e+00,9.999970197677612305e-01,-1.403668778948485851e-03,-1.839233329519629478e-03,-8.643797482363879681e-04
4.354613780975341797e+00,3.879762411117553711e+00,4.182272434234619141e+00,9.999518394470214844e-01,4.339650273323059082e-03,8.612371981143951416e-03,1.869956613518297672e-03
4.121997833251953125e+00,4.903207302093505859e+00,6.595667839050292969e+00,9.999999403953552246e-01,7.338076829910278320e-05,-1.304121688008308411e-04,5.112584913149476051e-04
1.819354534149169922e+00,5.753685474395751953e+00,6.708908081054687500e+00,9.995905756950378418e-01,2.664342895150184631e-02,-2.797879045829176903e-03,-1.005313359200954437e-02
7.497005462646484375e+00,3.943212985992431641e+00,1.206053256988525391e+00,9.999968409538269043e-01,2.132958965376019478e-03,-8.368174312636256218e-04,-1.109317643567919731e-03
6.059268951416015625e+00,5.788459777832031250e+00,1.853016734123229980e+00,9.999995231628417969e-01,-7.610921165905892849e-04,-2.699269389268010855e-04,-6.871692021377384663e-04
4.518341064453125000e+00,1.842847824096679688e+00,1.062203764915466309e+00,9.997351765632629395e-01,1.322668418288230896e-02,3.117947606369853020e-03,-1.857412420213222504e-02
5.258054256439208984e+00,5.166880607604980469e+00,2.890269994735717773e+00,9.999963045120239258e-01,6.126379594206809998e-04,-2.661831676959991455e-03,1.002913413685746491e-04
5.491371631622314453e+00,3.229573369026184082e-01,3.024901390075683594e+00,9.999997019767761230e-01,-1.427621755283325911e-04,6.489366642199456692e-04,4.776060814037919044e-04
2.430305480957031250e-01,5.663661956787109375e+00,5.113966941833496094e+00,9.999882578849792480e-01,-1.538042677566409111e-03,-4.541894420981407166e-03,-6.858990527689456940e-04
1.688115358352661133e+00,3.670820236206054688e+00,6.817301750183105469e+00,9.999988675117492676e-01,-1.230604597367346287e-03,-6.043432513251900673e-04,-7.522075902670621872e-04
6.831274032592773438e+00,2.678959131240844727e+00,1.278326869010925293e+00,9.999998807907104492e-01,-3.013388777617365122e-04,3.433644305914640427e-04,3.734698984771966934e-04
7.488685607910156250e+00,1.841942906379699707e+00,2.122674942016601562e+00,9.999681711196899414e-01,-2.869497518986463547e-03,-1.455452293157577515e-03,7.303950376808643341e-03
2.749841213226318359e+00,6.759590625762939453e+00,6.711536884307861328e+00,9.999979734420776367e-01,2.016951795667409897e-03,4.619134415406733751e-05,-2.933393698185682297e-04
6.875101089477539062e+00,4.589727878570556641e+00,2.482831001281738281e+00,9.999977350234985352e-01,-2.032612792390864342e-05,-2.119594253599643707e-03,-4.481658106669783592e-04
1.224481105804443359e+00,3.412652730941772461e+00,5.032498836517333984e+00,9.999984502792358398e-01,2.779039205051958561e-04,-1.429814961738884449e-03,-1.033245818689465523e-03
4.753036022186279297e+00,2.950873136520385742e+00,5.027205467224121094e+00,9.999999403953552246e-01,2.454790810588747263e-04,-3.391249920241534710e-04,4.152693873038515449e-05
3.825682163238525391e+00,1.353802233934402466e-01,4.211470186710357666e-01,9.999365806579589844e-01,-7.430722005665302277e-03,-1.913667772896587849e-03,-8.249696344137191772e-03
2.615995883941650391e+00,3.414280652999877930e+00,5.072173118591308594e+00,9.999998807907104492e-01,1.621911360416561365e-04,4.929805872961878777e-04,-3.094622516073286533e-04
4.187310695648193359e+00,2.702968358993530273e+00,5.682400703430175781e+00,9.999983310699462891e-01,-2.810586011037230492e-04,8.290883852168917656e-04,-1.617414061911404133e-03
6.383081674575805664e-01,5.368092656135559082e-01,1.668691873550415039e+00,9.999797940254211426e-01,5.764700006693601608e-03,1.486266264691948891e-03,2.227403456345200539e-03
2.562476396560668945e-01,3.716356754302978516e+00,1.730992555618286133e+00,9.998527765274047852e-01,-1.537354290485382080e-02,-7.098784670233726501e-03,-2.788949059322476387e-03
3.011765956878662109e+00,6.331874847412109375e+00,6.509617805480957031e+00,9.999992251396179199e-01,6.566271185874938965e-04,-7.092965533956885338e-04,8.701081969775259495e-04
5.044018268585205078e+00,7.320412635803222656e+00,6.599900722503662109e+00,9.999153017997741699e-01,2.720545046031475067e-03,1.146060321480035782e-02,5.537749733775854111e-03
1.515157818794250488e+00,9.052062630653381348e-01,4.471562862396240234e+00,9.999997615814208984e-01,-4.196921872789971530e-05,3.852801091852597892e-05,7.397484732791781425e-04
1.012418031692504883e+00,1.687306284904479980e+00,2.102529048919677734e+00,9.999980926513671875e-01,-2.875415957532823086e-04,1.301727141253650188e-03,-1.470628660172224045e-03
6.796051502227783203e+00,1.620277404785156250e+00,4.513451099395751953e+00,9.999750256538391113e-01,1.710549346171319485e-03,-5.031083710491657257e-04,-6.836642511188983917e-03
4.278879165649414062e+00,4.995901584625244141e+00,2.143961429595947266e+00,9.998068213462829590e-01,-7.899853400886058807e-03,-1.420475170016288757e-02,-1.105873566120862961e-02
3.487831830978393555e+00,6.771520137786865234e+00,1.075235009193420410e+00,9.999930858612060547e-01,-1.735955476760864258e-03,1.999810570850968361e-03,-2.630664501339197159e-03
2.587872266769409180e+00,7.342065334320068359e+00,1.729416728019714355e+00,9.999840855598449707e-01,2.409172942861914635e-03,-4.412931390106678009e-03,-2.588511677458882332e-03
3.294661760330200195e+00,9.537276625633239746e-01,3.582220077514648438e+00,1.000000000000000000e+00,3.565138613339513540e-04,-8.213309774873778224e-05,1.282047014683485031e-04
6.668007850646972656e+00,6.103973388671875000e+00,6.525479793548583984e+00,9.999991059303283691e-01,-1.036846661008894444e-03,8.656702702865004539e-04,3.343757998663932085e-04
3.591352403163909912e-01,3.086881875991821289e+00,1.758479714393615723e+00,9.996649622917175293e-01,-1.538537256419658661e-02,-2.007111161947250366e-02,5.523232277482748032e-03
5.872519969940185547e+00,6.897318363189697266e+00,6.607805728912353516e+00,9.999992251396179199e-01,-3.550083201844245195e-04,-8.380408980883657932e-04,-8.861374226398766041e-04
8.541018962860107422e-01,4.976109027862548828e+00,6.556463241577148438e-01,9.999971985816955566e-01,9.142328053712844849e-04,-2.086855936795473099e-03,-7.472434081137180328e-04
5.741687774658203125e+00,3.049978017807006836e+00,5.378828525543212891e+00,9.999995827674865723e-01,-2.543547016102820635e-04,5.658960435539484024e-05,9.235634934157133102e-04
5.082624435424804688e+00,5.360165119171142578e+00,5.093335628509521484e+00,9.998476505279541016e-01,-1.656391844153404236e-02,-4.619533196091651917e-03,-3.009570529684424400e-03
2.716986656188964844e+00,3.744183540344238281e+00,4.879407405853271484e+00,9.999977350234985352e-01,1.765352208167314529e-03,-5.040286341682076454e-04,-1.152855926193296909e-03
3.604355573654174805e+00,7.157717704772949219e+00,7.876526117324829102e-01,9.999989867210388184e-01,3.061143215745687485e-04,1.037237234413623810e-03,-9.229685529135167599e-04
7.612495422363281250e-01,2.325582265853881836e+00,3.934894800186157227e+00,9.999798536300659180e-01,5.521414801478385925e-03,-1.763194450177252293e-03,2.598935738205909729e-03
5.180171489715576172e+00,1.459148526191711426e+00,6.279632568359375000e+00,9.999898076057434082e-01,-4.203688353300094604e-03,1.368024270050227642e-03,-9.966669604182243347e-04
5.301106929779052734e+00,1.821160197257995605e+00,3.057534933090209961e+00,9.999995231628417969e-01,1.012142049148678780e-03,1.251015492016449571e-04,-1.612835039850324392e-04
1.314071297645568848e+00,5.410747528076171875e+00,1.010390400886535645e+00,9.999974370002746582e-01,-2.269432414323091507e-03,-3.337448652018792927e-05,-2.296325401403009892e-04
5.265445232391357422e+00,1.053164601325988770e+00,3.822937250137329102e+00,9.999985098838806152e-01,-1.022847951389849186e-03,-7.400472532026469707e-04,1.237544114701449871e-03
7.078043818473815918e-01,7.951989769935607910e-01,1.899808645248413086e-02,9.999988675117492676e-01,-5.033729757997207344e-05,1.666282769292593002e-04,-1.546781510114669800e-03
7.410062313079833984e+00,4.428060054779052734e+00,3.598532199859619141e+00,9.999773502349853516e-01,-1.321409130468964577e-03,1.152747077867388725e-03,-6.507636979222297668e-03
5.606186985969543457e-01,3.151341915130615234e+00,4.829082965850830078e+00,9.999996423721313477e-01,4.285831528250128031e-04,5.929713370278477669e-04,-4.205779114272445440e-04
3.284943103790283203e+00,7.229431152343750000e+00,1.324791312217712402e+00,9.999853372573852539e-01,4.543031682260334492e-04,-1.538158045150339603e-03,-5.169217940419912338e-03
3.474275588989257812e+00,1.024046540260314941e+00,2.280642032623291016e+00,9.999992847442626953e-01,8.198030409403145313e-04,-6.907570059411227703e-04,6.320318789221346378e-04
7.237192630767822266e+00,4.677456378936767578e+00,3.456266641616821289e+00,9.999975562095642090e-01,-7.521358202211558819e-04,-4.969513975083827972e-04,-2.042374340817332268e-03
1.254483580589294434e+00,3.243716478347778320e+00,7.410606741905212402e-01,9.999946951866149902e-01,-3.241427941247820854e-03,6.405451131286099553e-05,-2.215113636339083314e-04
6.687574386596679688e+00,3.551388740539550781e+00,1.819449365139007568e-01,9.999973177909851074e-01,4.531207669060677290e-04,-2.220152877271175385e-03,5.324092926457524300e-04
4.158015251159667969e+00,6.129926204681396484e+00,1.440355300903320312e+00,9.999990463256835938e-01,1.161376712843775749e-03,3.830685163848102093e-04,-7.506280671805143356e-04
6.398727416992187500e+00,3.632011175155639648e+00,9.263739585876464844e-01,9.999995231628417969e-01,-6.664763204753398895e-04,3.460714069660753012e-04,-7.501214276999235153e-04
2.697808027267456055e+00,2.246722698211669922e+00,5.428324222564697266e+00,9.999933242797851562e-01,1.759767474140971899e-04,-2.691047033295035362e-03,2.480741823092103004e-03
1.625826001167297363e+00,1.315965771675109863e+00,4.975028038024902344e+00,9.999996423721313477e-01,4.173980560153722763e-04,-6.927687209099531174e-04,3.807213797699660063e-04
5.986163616180419922e+00,8.687371611595153809e-01,1.990357637405395508e+00,9.999994039535522461e-01,1.137081417255103588e-03,-4.289941352908499539e-05,-1.995849925151560456e-05
6.269931793212890625e+00,7.409883975982666016e+00,3.333862423896789551e-01,9.999998807907104492e-01,2.457543159835040569e-04,-2.704207145143300295e-04,3.645785909611731768e-04
4.417707443237304688e+00,1.885753035545349121e+00,4.444199562072753906e+00,9.999996423721313477e-01,4.882185894530266523e-04,-7.672579959034919739e-04,1.745548070175573230e-04
6.794946670532226562e+00,3.555240154266357422e+00,6.073334813117980957e-01,9.999991655349731445e-01,-1.096534033422358334e-04,9.503922774456441402e-04,-9.141062037087976933e-04
1.099993363022804260e-01,3.090670108795166016e+00,1.960228204727172852e+00,9.999062418937683105e-01,-8.250246755778789520e-03,-1.066525001078844070e-02,-2.382077742367982864e-03
2.604993581771850586e+00,6.205654144287109375e+00,5.050994396209716797e+00,9.999827742576599121e-01,-2.471829997375607491e-03,5.220425780862569809e-03,-1.086274744011461735e-03
5.484033107757568359e+00,3.795105934143066406e+00,3.089871406555175781e+00,9.999991655349731445e-01,-9.089144878089427948e-04,-2.929289476014673710e-04,-9.457309497520327568e-04
6.317628860473632812e+00,3.326390027999877930e+00,4.328863143920898438e+00,9.999971985816955566e-01,-1.473833224736154079e-03,-1.368823228403925896e-03,1.293839770369231701e-03
1.182624101638793945e+00,2.315366268157958984e+00,4.282520294189453125e+00,9.999973177909851074e-01,1.490906113758683205e-03,-1.742573338560760021e-03,-4.345511842984706163e-04
5.835613727569580078e+00,1.482895731925964355e+00,1.904990792274475098e+00,9.999938011169433594e-01,-6.851867656223475933e-04,-3.445383394137024879e-03,-3.795815864577889442e-04
4.475618362426757812e+00,3.236225366592407227e+00,3.726968288421630859e+00,9.999915361404418945e-01,-5.236531142145395279e-04,1.501129590906202793e-03,-3.806747961789369583e-03
1.242858648300170898e+00,7.889960408210754395e-01,2.435768693685531616e-01,9.999955296516418457e-01,1.478281803429126740e-03,-2.583843888714909554e-03,-3.861050936393439770e-04
4.279068470001220703e+00,8.191397786140441895e-01,4.896352767944335938e+00,9.999627470970153809e-01,7.511420641094446182e-03,-3.390474477782845497e-03,2.567770425230264664e-03
5.154727458953857422e+00,6.014682769775390625e+00,7.235401153564453125e+00,9.999350905418395996e-01,1.442930777557194233e-03,-1.000708248466253281e-02,5.248378496617078781e-03
4.865901947021484375e+00,6.130259513854980469e+00,7.388563156127929688e+00,9.999944567680358887e-01,1.404699753038585186e-03,2.599292201921343803e-03,-1.557899755425751209e-03
4.236998558044433594e+00,1.770402908325195312e+00,5.584090232849121094e+00,9.999987483024597168e-01,-6.547059165313839912e-04,1.359696965664625168e-03,5.705527146346867085e-04
6.461555004119873047e+00,4.015515804290771484e+00,6.217990398406982422e+00,9.999563097953796387e-01,-6.281138397753238678e-03,6.197435781359672546e-03,3.085253061726689339e-03
9.117962121963500977e-01,2.819947957992553711e+00,4.678025245666503906e+00,9.999998807907104492e-01,5.159235442988574505e-04,-2.801321970764547586e-04,-2.246693475171923637e-04
2.325514078140258789e+00,4.344301223754882812e+00,7.366396486759185791e-02,9.999879598617553711e-01,-2.803304465487599373e-03,6.077909492887556553e-04,-3.992066252976655960e-03
6.845887184143066406e+00,2.433690071105957031e+00,7.337141990661621094e+00,9.999823570251464844e-01,-3.862590761855244637e-03,-4.476774949580430984e-03,-6.604337249882519245e-04
6.933354377746582031e+00,6.130493164062500000e+00,5.710143089294433594e+00,9.999998807907104492e-01,7.345168705796822906e-05,5.439658416435122490e-04,3.451631346251815557e-04
4.078668594360351562e+00,3.981740951538085938e+00,2.796441555023193359e+00,9.999994039535522461e-01,-3.754486097022891045e-04,9.951010579243302345e-04,4.026658425573259592e-04
5.476818084716796875e+00,4.173213005065917969e+00,6.890293121337890625e+00,9.999720454216003418e-01,-8.081862470135092735e-04,1.990818651393055916e-03,-7.168623153120279312e-03
3.170836687088012695e+00,7.222910404205322266e+00,3.070459127426147461e+00,9.999984502792358398e-01,-8.784714736975729465e-04,-7.544810068793594837e-04,-1.342142699286341667e-03
5.793574810028076172e+00,5.527092456817626953e+00,1.221659779548645020e+00,9.999951124191284180e-01,-3.239897487219423056e-04,-3.097696928307414055e-03,-3.752085322048515081e-04
2.666846752166748047e+00,6.139493942260742188e+00,3.971481323242187500e+00,9.997297525405883789e-01,-1.063615363091230392e-02,-9.526876383461058140e-04,2.064854651689529419e-02
2.635153293609619141e+00,7.163754701614379883e-01,3.556046247482299805e+00,1.000000000000000000e+00,-6.129242137831170112e-06,8.608597272541373968e-05,1.706894545350223780e-04
3.123729705810546875e+00,5.002181529998779297e-01,4.408651292324066162e-01,9.999991655349731445e-01,-1.228743582032620907e-03,-4.900938365608453751e-04,2.071053895633667707e-04
3.816475152969360352e+00,7.211608886718750000e+00,7.331232070922851562e+00,9.999877810478210449e-01,-3.401902504265308380e-04,-3.631419036537408829e-03,-3.351729828864336014e-03
4.120322167873382568e-01,3.012728691101074219e-01,2.520306587219238281e+00,9.999992251396179199e-01,2.401881283731199801e-05,-1.293356064707040787e-03,-1.372904662275686860e-04
9.907476305961608887e-01,6.294075012207031250e+00,3.608531475067138672e+00,9.999983906745910645e-01,8.774403977440670133e-05,-2.595788391772657633e-04,-1.815501600503921509e-03
5.935705304145812988e-01,5.669952869415283203e+00,2.250333070755004883e+00,9.999804496765136719e-01,3.187041962519288063e-03,-4.149344749748706818e-03,-3.444802248850464821e-03
6.299857139587402344e+00,5.838894367218017578e+00,7.062210083007812500e+00,9.999663233757019043e-01,-7.154050748795270920e-03,-7.063243538141250610e-05,4.023022484034299850e-03
4.943887710571289062e+00,6.353733062744140625e+00,4.026615619659423828e+00,9.999942779541015625e-01,-2.885922323912382126e-03,1.765270601026713848e-03,-3.798330435529351234e-04
2.397721767425537109e+00,5.912770748138427734e+00,2.726278781890869141e+00,9.999993443489074707e-01,9.633126901462674141e-04,4.545126575976610184e-04,-5.965898744761943817e-04
1.544632792472839355e+00,1.790017843246459961e+00,6.759178161621093750e+00,9.996693134307861328e-01,1.117803901433944702e-02,1.717850193381309509e-02,-1.553268451243638992e-02
6.423515826463699341e-02,1.177031040191650391e+00,5.082542896270751953e+00,9.999829530715942383e-01,1.699136802926659584e-03,-5.341481883078813553e-03,1.682733534835278988e-03
7.465292453765869141e+00,1.450602173805236816e+00,5.323627948760986328e+00,9.999977350234985352e-01,-1.752717187628149986e-03,7.212733617052435875e-04,1.002188422717154026e-03
5.180025577545166016e+00,1.043502449989318848e+00,3.462353706359863281e+00,9.999682903289794922e-01,7.937617599964141846e-03,6.705085397697985172e-04,1.250180503120645881e-04
7.179215431213378906e+00,6.872848987579345703e+00,6.646551609039306641e+00,9.999153017997741699e-01,4.553446546196937561e-03,-1.106181088835000992e-02,-5.129248835146427155e-03
4.778933525085449219e+00,3.061526775360107422e+00,5.492281913757324219e+00,9.999998807907104492e-01,2.379914803896099329e-04,-1.292790111619979143e-04,-5.171146476641297340e-04
2.574131727218627930e+00,4.525421619415283203e+00,6.024877548217773438e+00,9.999994039535522461e-01,-7.081864168867468834e-04,-5.176876438781619072e-04,-7.672922220081090927e-04
3.896148681640625000e+00,3.332121610641479492e+00,5.317784309387207031e+00,9.999986290931701660e-01,-5.813392926938831806e-04,-1.395796774886548519e-03,-7.221465930342674255e-04
4.210916996002197266e+00,2.169700860977172852e+00,6.863629817962646484e+00,9.999954700469970703e-01,-2.734594512730836868e-03,-2.524783194530755281e-04,-1.283067860640585423e-03
4.923277199268341064e-01,6.887066364288330078e+00,4.392412185668945312e+00,9.999992847442626953e-01,-1.048831618390977383e-03,5.783791420981287956e-04,-3.494649427011609077e-04
1.729363322257995605e+00,6.677498340606689453e+00,2.493199825286865234e+00,9.999986886978149414e-01,-1.364917552564293146e-04,1.270668697543442249e-03,-1.028538099490106106e-03
5.118338108062744141e+00,3.783801078796386719e+00,5.751278400421142578e+00,9.999988675117492676e-01,-1.337866298854351044e-03,-5.051282350905239582e-04,6.204782985150814056e-04
5.120689392089843750e+00,3.503251791000366211e+00,7.218450069427490234e+00,9.998844265937805176e-01,1.132463105022907257e-02,8.298126980662345886e-03,5.838591139763593674e-03
6.163258075714111328e+00,7.694706916809082031e-01,4.567098617553710938e+00,9.999992847442626953e-01,1.175327197415754199e-04,-1.193337840959429741e-03,-2.341808867640793324e-04
6.206557273864746094e+00,4.098176956176757812e+00,1.928589344024658203e+00,9.999985098838806152e-01,-7.322035380639135838e-04,-1.007628277875483036e-03,-1.201970968395471573e-03
1.525389194488525391e+00,3.040229320526123047e+00,8.101796507835388184e-01,9.999979734420776367e-01,-9.628164116293191910e-04,-1.645092037506401539e-03,6.764514837414026260e-04
6.241831779479980469e+00,4.150918483734130859e+00,3.220850944519042969e+00,9.999724626541137695e-01,6.830775644630193710e-03,-1.253247493878006935e-03,2.640002407133579254e-03
6.110052585601806641e+00,5.550715327262878418e-01,1.739871859550476074e+00,9.999962449073791504e-01,2.704375423491001129e-03,5.638391594402492046e-04,1.483456726418808103e-04
3.133460521697998047e+00,5.891394615173339844e+00,3.910086154937744141e+00,9.999948143959045410e-01,1.417351071722805500e-03,3.650541184470057487e-04,-2.861194079741835594e-03
2.413687258958816528e-01,7.118153095245361328e+00,2.664075136184692383e+00,9.999998211860656738e-01,3.352475177962332964e-04,-4.443845828063786030e-04,-4.793129337485879660e-04
3.857332468032836914e+00,1.491323947906494141e+00,8.751322329044342041e-02,9.999393820762634277e-01,-2.935008378699421883e-03,2.511233324185013771e-04,1.061251852661371231e-02
2.862725973129272461e+00,3.791683912277221680e+00,9.558316469192504883e-01,9.999733567237854004e-01,-2.390515292063355446e-03,6.818063091486692429e-03,-1.112423953600227833e-03
1.647189974784851074e+00,1.523157238960266113e+00,4.700198650360107422e+00,9.999999403953552246e-01,4.015055310446768999e-04,8.939472172642126679e-05,1.337042922386899590e-04
3.800039529800415039e+00,5.534852027893066406e+00,6.619008541107177734e+00,9.999866485595703125e-01,-3.861449193209409714e-03,-2.483112970367074013e-03,2.400479977950453758e-03
5.113388061523437500e+00,3.959025621414184570e+00,6.235975265502929688e+00,9.998862147331237793e-01,3.386201336979866028e-03,8.261900395154953003e-03,1.216279249638319016e-02
2.085210800170898438e+00,5.998079776763916016e+00,3.522569417953491211e+00,9.999935626983642578e-01,1.206780434586107731e-03,-2.038894308498129249e-04,-3.382016206160187721e-03
3.899475574493408203e+00,1.879060626029968262e+00,5.594774723052978516e+00,9.999994039535522461e-01,-7.254675147123634815e-04,7.535942131653428078e-04,-3.800109843723475933e-04
4.597642898559570312e+00,4.981844902038574219e+00,5.932772636413574219e+00,9.999994635581970215e-01,5.784653694718144834e-05,6.099605234339833260e-04,-9.072924149222671986e-04
4.717023372650146484e+00,1.718472361564636230e+00,3.874990463256835938e+00,9.999795556068420410e-01,5.783649627119302750e-03,2.714170375838875771e-03,-3.822270955424755812e-04
3.822400808334350586e+00,5.311468601226806641e+00,1.399706006050109863e+00,9.999696016311645508e-01,-1.099845045246183872e-03,7.624016143381595612e-03,-1.236877404153347015e-03
5.797497749328613281e+00,3.262008905410766602e+00,4.442882061004638672e+00,9.999995231628417969e-01,-1.253977534361183643e-04,8.501569391228258610e-04,-4.952931776642799377e-04
4.467652320861816406e+00,3.058652639389038086e+00,2.961238384246826172e+00,9.999943971633911133e-01,-1.565878279507160187e-03,5.511978524737060070e-04,-2.932536182925105095e-03
3.593903303146362305e+00,3.682376146316528320e+00,6.134678363800048828e+00,9.999846220016479492e-01,4.753519780933856964e-03,2.600421430543065071e-03,-1.230313442647457123e-03
5.200142860412597656e+00,3.164493799209594727e+00,1.518941074609756470e-01,9.999932050704956055e-01,2.654915442690253258e-03,-2.550261560827493668e-03,2.779843634925782681e-04
7.046531677246093750e+00,3.610417127609252930e+00,3.999782085418701172e+00,9.997259378433227539e-01,6.773668341338634491e-03,1.640549302101135254e-02,1.527102477848529816e-02
4.298805236816406250e+00,5.821166038513183594e+00,7.262722969055175781e+00,9.999991655349731445e-01,4.222597635816782713e-04,7.845975924283266068e-04,1.008524443022906780e-03
5.880978107452392578e+00,4.277616500854492188e+00,7.176384449005126953e+00,9.999976158142089844e-01,-1.208318164572119713e-03,1.670411205850541592e-03,-8.193434914574027061e-04
5.592246532440185547e+00,5.731801986694335938e+00,1.764987111091613770e-01,9.999989271163940430e-01,3.668812278192490339e-04,-1.496695476816967130e-04,1.451828284189105034e-03
2.822146177291870117e+00,5.842395305633544922e+00,2.261507749557495117e+00,9.999989271163940430e-01,-1.177316065877676010e-03,6.126029766164720058e-04,7.479396881535649300e-04
4.938516616821289062e+00,5.814161300659179688e+00,5.448359847068786621e-01,9.996669292449951172e-01,-5.518503487110137939e-03,2.092516422271728516e-02,-1.406470499932765961e-02
2.828150272369384766e+00,6.362263679504394531e+00,1.218365207314491272e-01,9.999983906745910645e-01,-3.671198210213333368e-04,1.178215257823467255e-03,-1.359134912490844727e-03
4.958434104919433594e+00,1.881682872772216797e+00,6.206943511962890625e+00,9.998978376388549805e-01,3.556489245966076851e-04,1.420881412923336029e-02,-1.561764511279761791e-03
1.947534322738647461e+00,2.853233814239501953e+00,5.732900142669677734e+00,9.999711513519287109e-01,-4.199781455099582672e-03,-5.791672971099615097e-03,2.563931280747056007e-03
8.152370452880859375e-01,5.300272464752197266e+00,4.069731235504150391e+00,9.999498724937438965e-01,1.063913339748978615e-03,1.744102220982313156e-03,9.803718887269496918e-03
5.663312435150146484e+00,3.218406915664672852e+00,5.999025106430053711e-01,9.999997019767761230e-01,8.324233931489288807e-04,7.879694021539762616e-05,2.691752742975950241e-04
2.120858430862426758e+00,7.421470165252685547e+00,2.242282867431640625e+00,9.999998807907104492e-01,3.397070686332881451e-04,6.682262028334662318e-05,-4.569989105220884085e-04
6.506798267364501953e+00,3.527492046356201172e+00,6.501198291778564453e+00,9.999997615814208984e-01,-6.383467698469758034e-04,1.808319648262113333e-04,-3.238839854020625353e-04
7.377353668212890625e+00,1.378311395645141602e+00,1.485371470451354980e+00,9.999955892562866211e-01,8.571019861847162247e-04,-9.293551556766033173e-04,2.710458124056458473e-03
6.604877471923828125e+00,2.988706231117248535e-01,2.428852319717407227e+00,9.999999403953552246e-01,4.346645728219300508e-04,-8.307536336360499263e-05,5.079032052890397608e-05
4.602376461029052734e+00,5.421295642852783203e+00,7.210798263549804688e+00,9.999843835830688477e-01,-3.540894715115427971e-03,4.063775762915611267e-03,1.482511055655777454e-03
1.894711017608642578e+00,1.490701436996459961e+00,2.544295787811279297e+00,9.999952316284179688e-01,2.121574478223919868e-03,2.218569628894329071e-03,-2.615949779283255339e-04
1.383076429367065430e+00,6.690617561340332031e+00,1.209242224693298340e+00,9.999988675117492676e-01,-6.703381659463047981e-04,-4.145061539020389318e-04,-1.339083071798086166e-03
3.053865671157836914e+00,6.512311935424804688e+00,6.121465682983398438e+00,9.999697804450988770e-01,-3.793549258261919022e-03,-6.781791802495718002e-03,1.962312380783259869e-04
7.478838920593261719e+00,3.430907011032104492e+00,6.068257331848144531e+00,9.999974966049194336e-01,-3.471042437013238668e-04,-2.004123525694012642e-03,9.955650893971323967e-04
7.167248249053955078e+00,3.560566425323486328e+00,3.116099119186401367e+00,9.999686479568481445e-01,-2.596869599074125290e-03,3.682816459331661463e-04,7.480768021196126938e-03
6.854804992675781250e+00,6.911864280700683594e+00,1.478530645370483398e+00,9.999982714653015137e-01,1.311598811298608780e-03,-1.028334139846265316e-03,8.924884605221450329e-04
4.186525821685791016e+00,6.111205101013183594e+00,2.618748843669891357e-01,9.999994039535522461e-01,-1.165095367468893528e-03,-1.121598470490425825e-04,3.561469202395528555e-05
2.695008754730224609e+00,4.339201927185058594e+00,6.458378314971923828e+00,9.999997615814208984e-01,-5.909610190428793430e-04,4.356153949629515409e-04,1.731802185531705618e-04
5.472286701202392578e+00,5.584477901458740234e+00,1.598649501800537109e+00,9.999995827674865723e-01,-9.543325868435204029e-04,-9.730386227602139115e-05,-1.627414312679320574e-04
4.331995964050292969e+00,2.824916601181030273e+00,3.560952663421630859e+00,9.999974966049194336e-01,2.106738742440938950e-03,-1.726894115563482046e-04,6.916186539456248283e-04
4.134236335754394531e+00,2.083758354187011719e+00,2.535881757736206055e+00,9.999930858612060547e-01,3.366047050803899765e-03,4.534265608526766300e-04,1.534489332698285580e-03
3.090290546417236328e+00,6.255433559417724609e+00,8.660447001457214355e-01,9.999169111251831055e-01,-1.129495631903409958e-02,-6.916938000358641148e-04,6.173439789563417435e-03
1.952210664749145508e+00,4.900804758071899414e-01,1.173618212342262268e-01,9.998288154602050781e-01,1.648317277431488037e-02,8.239046670496463776e-03,-1.697929808869957924e-03
5.781708717346191406e+00,5.150174617767333984e+00,4.322651028633117676e-01,9.999977350234985352e-01,2.130485838279128075e-03,6.926070636836811900e-05,-3.989141259808093309e-04
5.759403705596923828e+00,5.512803554534912109e+00,4.009409904479980469e+00,9.999995231628417969e-01,-3.918820293620228767e-04,-9.231417207047343254e-04,3.377227694727480412e-04
5.559512138366699219e+00,6.294975280761718750e+00,2.320020496845245361e-01,9.999999403953552246e-01,-3.406222458579577506e-05,2.403674297966063023e-04,4.045552632305771112e-04
6.042533397674560547e+00,6.966084957122802734e+00,7.174590587615966797e+00,9.999997019767761230e-01,6.437572883442044258e-04,-3.682346723508089781e-04,-3.855689137708395720e-04
2.533522605895996094e+00,3.493561029434204102e+00,4.522701263427734375e+00,9.999883174896240234e-01,2.607945818454027176e-03,-3.842783393338322639e-03,1.326104276813566685e-03
5.455216884613037109e+00,6.868279457092285156e+00,5.932893276214599609e+00,9.998316764831542969e-01,1.777628622949123383e-02,-3.646045224741101265e-03,-2.718665637075901031e-03
6.795220851898193359e+00,6.330319643020629883e-01,4.444062709808349609e+00,9.999987483024597168e-01,4.548380384221673012e-04,-6.054911063984036446e-04,1.447481452487409115e-03
2.819573402404785156e+00,3.654852509498596191e-01,1.901113390922546387e+00,9.999975562095642090e-01,2.993549569509923458e-04,1.458763843402266502e-03,1.667822012677788734e-03
5.157739639282226562e+00,4.143568515777587891e+00,3.092509269714355469e+00,9.999984502792358398e-01,-1.350866514258086681e-03,8.652661344967782497e-04,6.641834625042974949e-04
2.279420197010040283e-01,6.092349052429199219e+00,4.808104038238525391e+00,9.999983310699462891e-01,-9.275614283978939056e-04,-1.154537196271121502e-03,1.112366444431245327e-03
1.451326966285705566e+00,4.900157451629638672e+00,3.245062589645385742e+00,9.999997019767761230e-01,-8.292546845041215420e-04,1.549182343296706676e-04,-3.142551213386468589e-05
3.179794311523437500e+00,7.454990386962890625e+00,4.304570674896240234e+00,9.999995231628417969e-01,-2.211956598330289125e-04,7.300477591343224049e-04,7.136167259886860847e-04
7.056386947631835938e+00,7.339642524719238281e+00,3.582217931747436523e+00,9.999989271163940430e-01,2.262359630549326539e-04,-1.479211030527949333e-03,6.121711339801549911e-05
1.834648489952087402e+00,3.528565406799316406e+00,5.504382133483886719e+00,9.999995827674865723e-01,-3.615661989897489548e-04,3.481202293187379837e-04,-7.554944604635238647e-04
2.996051549911499023e+00,4.258765697479248047e+00,2.248765468597412109e+00,9.999998807907104492e-01,-1.079481226042844355e-04,4.934002063237130642e-04,-3.304367128293961287e-04
2.366224080324172974e-01,3.676705956459045410e-01,2.114250183105468750e+00,9.999995231628417969e-01,-5.193934193812310696e-04,3.111451806034892797e-04,-8.612896199338138103e-04
7.194457054138183594e+00,1.953788638114929199e+00,2.048585414886474609e+00,9.999682903289794922e-01,3.354275133460760117e-03,-2.666838234290480614e-03,6.709849461913108826e-03
6.627860069274902344e+00,2.016741037368774414e+00,2.721184968948364258e+00,9.999827146530151367e-01,3.847996471449732780e-03,3.301089396700263023e-03,-2.992562018334865570e-03
2.454049587249755859e+00,3.215444564819335938e+00,3.484632253646850586e+00,9.998616576194763184e-01,5.868872161954641342e-03,-1.520210038870573044e-02,-3.346064127981662750e-03
1.041715145111083984e+00,1.878465265035629272e-01,3.168811321258544922e+00,9.999821186065673828e-01,-5.179715342819690704e-03,-4.843410861212760210e-04,2.948254812508821487e-03
7.033634662628173828e+00,4.484314918518066406e+00,3.397102355957031250e-01,9.999576807022094727e-01,-8.125234395265579224e-03,-4.156544804573059082e-03,-1.190776005387306213e-03
2.037586718797683716e-01,1.407779455184936523e+00,1.343343138694763184e+00,9.999415278434753418e-01,-3.190908348187804222e-03,-7.011805661022663116e-03,7.598186843097209930e-03
4.211561679840087891e-01,2.093871831893920898e+00,5.685337543487548828e+00,9.999961256980895996e-01,-1.970428507775068283e-03,1.179752522148191929e-03,1.621766132302582264e-03
2.277056694030761719e+00,4.240847587585449219e+00,1.679563641548156738e+00,9.999910593032836914e-01,1.909307669848203659e-03,1.224272302351891994e-03,-3.589427098631858826e-03
2.236990928649902344e+00,5.230593204498291016e+00,7.122023582458496094e+00,9.999992847442626953e-01,9.541129693388938904e-04,-2.708740066736936569e-04,-7.483007502742111683e-04
5.442107319831848145e-01,7.096848964691162109e+00,7.222525119781494141e+00,9.999808073043823242e-01,-2.321581356227397919e-03,5.352166481316089630e-03,2.074660733342170715e-03
5.364515781402587891e+00,1.177104473114013672e+00,5.163985252380371094e+00,9.999891519546508789e-01,3.740055719390511513e-03,2.073053037747740746e-03,1.867928775027394295e-03
7.368970394134521484e+00,3.050415754318237305e+00,1.619193315505981445e+00,9.999976754188537598e-01,-3.127983363810926676e-04,-2.144887344911694527e-03,9.872426744550466537e-05
5.735626220703125000e+00,1.140340328216552734e+00,2.143937647342681885e-01,9.999981522560119629e-01,-7.256656681420281529e-05,-1.748620765283703804e-03,-9.017839911393821239e-04
5.960671424865722656e+00,6.656544804573059082e-01,4.300774097442626953e+00,9.999991059303283691e-01,7.183014531619846821e-04,-9.095469722524285316e-04,-7.249627378769218922e-04
7.001934528350830078e+00,3.705624818801879883e+00,1.341875076293945312e+00,9.999937415122985840e-01,-3.240908496081829071e-03,8.504163124598562717e-04,1.157112536020576954e-03
4.018990993499755859e+00,4.887082099914550781e+00,4.598711490631103516e+00,9.999998807907104492e-01,-2.933508658315986395e-04,-2.465985890012234449e-04,-2.749452542047947645e-04
1.330697655677795410e+00,5.588243007659912109e+00,6.032089710235595703e+00,9.999977350234985352e-01,-1.496922108344733715e-03,-1.921048969961702824e-04,1.520260353572666645e-03
3.729582071304321289e+00,1.765099525451660156e+00,6.494887351989746094e+00,9.999860525131225586e-01,-9.116764995269477367e-04,3.076876746490597725e-03,-4.209148697555065155e-03
3.140262842178344727e+00,6.631832122802734375e+00,7.231105804443359375e+00,9.995959401130676270e-01,9.404766373336315155e-03,-2.008334547281265259e-02,-1.778539270162582397e-02
4.799377918243408203e+00,5.045856952667236328e+00,4.131923675537109375e+00,9.999869465827941895e-01,1.739097991958260536e-03,-1.198407495394349098e-03,4.655025433748960495e-03
5.085544109344482422e+00,9.423812627792358398e-01,1.424631357192993164e+00,9.999893903732299805e-01,1.512887771241366863e-03,-1.178250880911946297e-03,4.204793367534875870e-03
1.669233083724975586e+00,2.141381740570068359e+00,2.251128911972045898e+00,9.999989867210388184e-01,3.741042164620012045e-04,-9.217488113790750504e-04,-1.066864235326647758e-03
2.871614933013916016e+00,3.460586071014404297e+00,5.415421009063720703e+00,9.999987483024597168e-01,-9.308907901868224144e-04,3.416539402678608894e-04,-1.280654338188469410e-03
6.744549274444580078e+00,4.010474681854248047e+00,7.338451862335205078e+00,9.999830722808837891e-01,-1.628015423193573952e-03,3.369002079125493765e-04,5.582433659583330154e-03
6.923614025115966797e+00,3.882102489471435547e+00,7.122135162353515625e-01,9.999996423721313477e-01,8.369733695872128010e-04,-2.636184217408299446e-04,2.678068995010107756e-04
3.269029140472412109e+00,5.541851997375488281e+00,7.364209175109863281e+00,9.999905824661254883e-01,-1.220714300870895386e-03,1.957416534423828125e-03,3.698045853525400162e-03
3.583253383636474609e+00,5.164876461029052734e+00,5.925736427307128906e+00,9.999995231628417969e-01,-7.984712137840688229e-04,5.479970714077353477e-04,3.267629945185035467e-04
4.784807682037353516e+00,4.485376834869384766e+00,3.324717521667480469e+00,9.999994039535522461e-01,-1.018543611280620098e-03,3.661250812001526356e-04,3.535701835062354803e-04
3.040913581848144531e+00,4.777793407440185547e+00,6.010511398315429688e+00,9.999517798423767090e-01,4.367364570498466492e-03,-7.233162410557270050e-03,5.017787683755159378e-03
3.121192455291748047e+00,8.696224689483642578e-01,2.739959478378295898e+00,9.999886751174926758e-01,1.692475401796400547e-03,1.510761911049485207e-03,4.188552498817443848e-03
7.808396220207214355e-01,2.048333883285522461e-01,4.203375816345214844e+00,9.999978542327880859e-01,9.033377864398062229e-04,1.576539478264749050e-03,-1.045148237608373165e-03
7.103857994079589844e+00,4.596597552299499512e-01,5.027979373931884766e+00,9.999887943267822266e-01,-2.750285901129245758e-03,-1.508061191998422146e-03,-3.564606653526425362e-03
6.113051891326904297e+00,3.520993590354919434e-01,3.340838193893432617e+00,9.998754858970642090e-01,1.214517280459403992e-03,-8.385936729609966278e-03,-1.331559382379055023e-02
6.069248199462890625e+00,2.160335779190063477e+00,5.025570392608642578e+00,9.999992847442626953e-01,3.691670717671513557e-04,7.274045492522418499e-04,9.333619964309036732e-04
1.620645523071289062e+00,2.282399892807006836e+00,5.613991260528564453e+00,9.999497532844543457e-01,8.321200148202478886e-04,-1.556445728056132793e-03,-9.870102629065513611e-03
7.447113513946533203e+00,1.349522471427917480e+00,6.953811645507812500e+00,9.999983310699462891e-01,6.151873385533690453e-04,1.740742125548422337e-03,2.090661146212369204e-04
2.772088527679443359e+00,8.504495024681091309e-01,6.581087708473205566e-01,9.999973177909851074e-01,3.353517095092684031e-04,-1.256695599295198917e-03,-1.966851297765970230e-03
7.483527183532714844e+00,5.541337490081787109e+00,3.275569677352905273e+00,9.999929666519165039e-01,-5.882360273972153664e-04,-3.578952746465802193e-03,1.018773415125906467e-03
3.574559390544891357e-01,7.115388393402099609e+00,1.743937283754348755e-01,9.999499917030334473e-01,9.443118236958980560e-03,-2.868756884709000587e-03,-1.639222027733922005e-03
5.185865879058837891e+00,6.541992664337158203e+00,3.372925281524658203e+00,9.999935626983642578e-01,2.896807156503200531e-03,1.014342065900564194e-03,1.846907311119139194e-03
5.068784236907958984e+00,6.724596977233886719e+00,6.698366641998291016e+00,9.999765157699584961e-01,-3.792069852352142334e-03,5.330815911293029785e-03,-2.065430162474513054e-03
4.170651435852050781e+00,3.317533254623413086e+00,2.147222682833671570e-02,9.999926686286926270e-01,2.725539496168494225e-03,1.123864087276160717e-03,2.474027918651700020e-03
6.178986549377441406e+00,3.422895669937133789e-01,5.249349594116210938e+00,9.999996423721313477e-01,-4.515870823524892330e-04,2.089805639116093516e-04,-7.278932025656104088e-04
1.557460546493530273e+00,5.755888670682907104e-02,6.479620933532714844e+00,9.999922513961791992e-01,-3.876061644405126572e-03,-6.989743560552597046e-04,-3.194406162947416306e-04
5.376629829406738281e+00,4.472205042839050293e-01,3.347977638244628906e+00,9.999982118606567383e-01,4.919656785205006599e-04,7.021031924523413181e-04,1.720346393994987011e-03
2.109547853469848633e+00,3.872723579406738281e+00,5.024952411651611328e+00,9.999899268150329590e-01,-4.810021782759577036e-04,-3.372892970219254494e-03,-2.945511369034647942e-03
5.639683246612548828e+00,5.193888664245605469e+00,6.890767097473144531e+00,9.999424219131469727e-01,-9.671607054769992828e-03,2.685798390302807093e-04,4.660191945731639862e-03
4.882299900054931641e+00,3.841353416442871094e+00,9.374563097953796387e-01,9.999972581863403320e-01,1.954672159627079964e-03,-1.293536042794585228e-03,2.860918757505714893e-04
4.614900112152099609e+00,1.862596750259399414e+00,3.075881719589233398e+00,9.999992251396179199e-01,-1.244307612068951130e-03,9.131384285865351558e-05,2.915714576374739408e-04
7.409973144531250000e+00,7.366556525230407715e-01,4.834102153778076172e+00,9.999985694885253906e-01,6.071280222386121750e-04,1.328590442426502705e-03,-9.171847486868500710e-04
3.464859247207641602e+00,5.789582729339599609e-01,2.273040533065795898e+00,9.999988675117492676e-01,1.095553976483643055e-03,-5.796540062874555588e-04,8.856849744915962219e-04
1.072856307029724121e+00,3.884025573730468750e+00,4.437190294265747070e-02,9.999994039535522461e-01,5.065784534963313490e-06,4.155415226705372334e-04,1.081369351595640182e-03
6.905518531799316406e+00,4.999227046966552734e+00,6.921220302581787109e+00,9.999840855598449707e-01,8.575653773732483387e-04,-1.256287850992521271e-05,5.580970086157321930e-03
6.051237106323242188e+00,5.702618122100830078e+00,5.015332221984863281e+00,9.999713897705078125e-01,5.091500002890825272e-03,-2.906407462432980537e-03,-4.778321832418441772e-03
3.447438001632690430e+00,7.471002578735351562e+00,3.692980289459228516e+00,9.999973773956298828e-01,-2.158309798687696457e-04,-1.511162729002535343e-03,1.735658734105527401e-03
6.322050571441650391e+00,7.083487987518310547e+00,2.595620155334472656e+00,9.999482631683349609e-01,6.150438275653868914e-05,-6.310054101049900055e-03,7.981369271874427795e-03
6.614292144775390625e+00,3.187955379486083984e+00,5.057624340057373047e+00,9.999683499336242676e-01,1.649893238209187984e-03,-4.602327942848205566e-03,-6.290561519563198090e-03
5.848250389099121094e+00,2.734843969345092773e+00,7.349600315093994141e+00,9.999998807907104492e-01,-1.992142788367345929e-04,5.677543231286108494e-04,2.025551475526299328e-05
5.913936614990234375e+00,5.334426879882812500e+00,4.846368789672851562e+00,9.998015761375427246e-01,1.941344351507723331e-03,1.935660280287265778e-02,-4.295605700463056564e-03
2.601634740829467773e+00,1.089430928230285645e+00,1.629427075386047363e+00,9.999932050704956055e-01,-1.332989893853664398e-03,-2.741805044934153557e-03,-2.107770647853612900e-03
3.041448295116424561e-01,2.252496957778930664e+00,1.073063611984252930e+00,9.999966621398925781e-01,-1.695050043053925037e-03,-1.944438088685274124e-03,-3.142066416330635548e-04
1.344398111104965210e-01,7.392399787902832031e+00,7.105453968048095703e+00,9.999965429306030273e-01,-1.007683575153350830e-03,-2.084405394271016121e-03,-1.280759111978113651e-03
4.850003242492675781e+00,2.727098464965820312e+00,2.816716194152832031e+00,9.999986290931701660e-01,1.427933108061552048e-03,-7.794568664394319057e-04,4.626573354471474886e-04
3.411495983600616455e-01,9.333462715148925781e-01,2.281274557113647461e+00,9.999860525131225586e-01,1.173906610347330570e-03,-1.278587384149432182e-03,5.000022239983081818e-03
1.173907160758972168e+00,1.560631752014160156e+00,5.782021999359130859e+00,9.999524950981140137e-01,-8.271434344351291656e-03,-8.688519592396914959e-04,-5.080928560346364975e-03
3.875114440917968750e+00,4.003237247467041016e+00,6.629637718200683594e+00,9.999996423721313477e-01,3.354343934915959835e-04,4.643206484615802765e-04,6.770073086954653263e-04
1.939554959535598755e-01,7.057801485061645508e-01,5.610577583312988281e+00,9.999708533287048340e-01,6.093006115406751633e-03,-3.933357074856758118e-03,2.393205417320132256e-03
4.364896100014448166e-03,5.858053207397460938e+00,7.499551296234130859e+00,9.999977350234985352e-01,-7.208582246676087379e-04,8.084640721790492535e-04,-1.873623114079236984e-03
2.321002006530761719e+00,6.009415626525878906e+00,1.869282126426696777e-01,9.999382495880126953e-01,-1.793043687939643860e-03,-3.300736716482788324e-05,1.096768584102392197e-02
3.917904794216156006e-01,1.940568327903747559e+00,4.718424797058105469e+00,9.999941587448120117e-01,-2.421943470835685730e-03,1.052148407325148582e-03,-2.168518723919987679e-03
5.502489089965820312e+00,1.865110039710998535e+00,6.546158790588378906e-01,9.999975562095642090e-01,2.245110459625720978e-03,-1.352121616946533322e-04,-1.125457711168564856e-04
2.000330448150634766e+00,7.383815765380859375e+00,5.749042987823486328e+00,9.999975562095642090e-01,-2.158225281164050102e-03,-3.106715448666363955e-04,5.013283807784318924e-04
5.097647190093994141e+00,4.071176528930664062e+00,3.905369281768798828e+00,9.999889135360717773e-01,-2.598345279693603516e-03,2.785270567983388901e-03,2.780876355245709419e-03
8.507510423660278320e-01,2.093404531478881836e+00,1.194205641746520996e+00,9.999991059303283691e-01,-4.750210064230486751e-05,-6.642767111770808697e-04,1.196848810650408268e-03
2.610453128814697266e+00,3.058352231979370117e+00,5.112353324890136719e+00,9.999992847442626953e-01,-2.092042996082454920e-04,2.029669121839106083e-05,1.207354711368680000e-03
3.298852920532226562e+00,6.344362258911132812e+00,4.240235328674316406e+00,9.999960660934448242e-01,9.209193522110581398e-04,-1.475514145568013191e-03,2.225628355517983437e-03
6.034409046173095703e+00,4.929457306861877441e-01,3.938577175140380859e+00,9.999980926513671875e-01,9.088760707527399063e-04,-1.634537125937640667e-03,6.935692508704960346e-04
3.578888416290283203e+00,3.574692249298095703e+00,7.470750331878662109e+00,1.000000000000000000e+00,-4.599844032782129943e-05,-3.728198498720303178e-05,1.306409394601359963e-04
8.309189677238464355e-01,6.756945133209228516e+00,3.297116994857788086e+00,9.999485015869140625e-01,-6.804395001381635666e-03,5.991287063807249069e-03,4.564648959785699844e-03
2.804885625839233398e+00,7.258965969085693359e+00,6.492244720458984375e+00,9.999548792839050293e-01,-3.936638589948415756e-03,-7.882326841354370117e-03,3.564105369150638580e-03
7.390876293182373047e+00,5.124438285827636719e+00,9.400870203971862793e-01,9.998095035552978516e-01,-7.414524443447589874e-03,1.757555641233921051e-02,-4.135834984481334686e-03
4.238420009613037109e+00,4.958923339843750000e+00,3.811069965362548828e+00,9.999464154243469238e-01,1.758797792717814445e-03,-3.425849368795752525e-03,-9.607822634279727936e-03
6.396072864532470703e+00,6.938447952270507812e-01,2.561084508895874023e+00,9.999995231628417969e-01,8.047536248341202736e-04,-4.303486202843487263e-04,-4.613255150616168976e-04
1.410998851060867310e-01,7.966983914375305176e-01,3.500006675720214844e+00,9.999994039535522461e-01,-2.258832828374579549e-04,6.836336688138544559e-04,-8.038459927774965763e-04
6.622429370880126953e+00,2.926192283630371094e+00,9.623767733573913574e-01,9.999998211860656738e-01,2.020523243118077517e-04,2.483194402884691954e-04,-5.754024605266749859e-04
1.985303759574890137e+00,6.262653350830078125e+00,1.113332748413085938e+00,9.999998807907104492e-01,5.760041531175374985e-04,-1.044166565407067537e-04,4.371499016997404397e-05
2.309654235839843750e+00,6.785791873931884766e+00,1.430919528007507324e+00,9.999271631240844727e-01,-7.743077818304300308e-03,7.548010908067226410e-03,5.362791940569877625e-03
6.554250240325927734e+00,2.231009900569915771e-01,3.453717231750488281e+00,9.999964833259582520e-01,-2.361905295401811600e-03,-8.814967004582285881e-04,9.220650536008179188e-04
7.473218917846679688e+00,3.676273584365844727e+00,6.988935470581054688e+00,9.999826550483703613e-01,-5.797590594738721848e-03,3.624993551056832075e-04,1.002239412628114223e-03
3.527497768402099609e+00,1.302201032638549805e+00,6.697754383087158203e+00,9.999958872795104980e-01,1.954699255293235183e-04,2.334501827135682106e-03,1.666581141762435436e-03
1.871046543121337891e+00,1.597918033599853516e+00,7.044927597045898438e+00,9.996582865715026855e-01,6.960409693419933319e-03,2.372967079281806946e-02,8.473792113363742828e-03
3.774740397930145264e-01,2.884796619415283203e+00,7.486143589019775391e+00,9.999991655349731445e-01,2.181340823881328106e-04,-1.279221032746136189e-03,-3.580622724257409573e-04
1.659919142723083496e+00,2.192734718322753906e+00,6.640586853027343750e+00,9.999924302101135254e-01,1.562634424772113562e-04,3.396284300833940506e-03,1.923526288010179996e-03
1.689788460731506348e+00,1.547654032707214355e+00,3.327141284942626953e+00,9.999945759773254395e-01,-1.036091816786210984e-05,-3.158074105158448219e-03,-1.022328040562570095e-03
5.989013671875000000e+00,6.175808906555175781e+00,8.906266093254089355e-01,9.999696612358093262e-01,3.387807169929146767e-03,2.048866590484976768e-03,6.714898627251386642e-03
1.648530840873718262e+00,3.584078311920166016e+00,7.336705684661865234e+00,1.000000000000000000e+00,-1.993019977817311883e-04,-1.901631039800122380e-04,-2.805993717629462481e-04
4.341515064239501953e+00,7.082870960235595703e+00,7.045184612274169922e+00,9.997230768203735352e-01,-5.309606436640024185e-03,2.260245382785797119e-02,-3.845392260700464249e-03
3.248194932937622070e+00,4.910484313964843750e+00,3.857128143310546875e+00,9.999997615814208984e-01,1.834114809753373265e-04,-6.925599882379174232e-04,-3.553547721821814775e-04
6.347633361816406250e+00,5.448998451232910156e+00,6.045679569244384766e+00,9.999780654907226562e-01,6.126716616563498974e-04,-2.700145589187741280e-03,-6.013957317918539047e-03
1.728441596031188965e+00,6.225655078887939453e+00,3.768284797668457031e+00,1.000000000000000000e+00,7.697621913393959403e-05,7.474800077034160495e-05,-1.530500157969072461e-04
6.289192199707031250e+00,2.817431688308715820e+00,3.538634300231933594e+00,9.999440312385559082e-01,-5.028393352404236794e-04,1.056566927582025528e-02,2.901491243392229080e-04
6.900657176971435547e+00,4.889196872711181641e+00,5.762336254119873047e+00,9.999829530715942383e-01,9.127483353950083256e-04,4.990068264305591583e-03,-2.915177028626203537e-03
3.957090616226196289e+00,2.921191975474357605e-03,6.176487445831298828e+00,9.999957680702209473e-01,-3.867343475576490164e-04,2.244208706542849541e-03,1.845255144871771336e-03
3.055946111679077148e+00,6.467608928680419922e+00,4.448587894439697266e+00,9.999989271163940430e-01,-7.995084160938858986e-04,-1.110577606596052647e-03,4.854179569520056248e-04
8.102498054504394531e-01,2.130274772644042969e+00,3.491985559463500977e+00,9.999989867210388184e-01,-1.319420873187482357e-03,5.408942815847694874e-04,-3.146499511785805225e-04
5.845666408538818359e+00,5.013694286346435547e+00,6.187727451324462891e+00,9.999900460243225098e-01,-4.731660010293126106e-04,1.037649228237569332e-03,4.329791758209466934e-03
5.823219299316406250e+00,3.425102233886718750e+00,5.256538391113281250e+00,9.999993443489074707e-01,1.146122347563505173e-03,-2.112799847964197397e-04,3.492385440040379763e-05
4.350597858428955078e+00,5.187263965606689453e+00,1.506954073905944824e+00,9.999446868896484375e-01,8.814409375190734863e-03,5.265617743134498596e-03,2.272594021633267403e-03
4.245308399200439453e+00,7.466786384582519531e+00,3.471450805664062500e+00,9.999936223030090332e-01,8.104513108264654875e-05,3.551058471202850342e-03,-4.225517041049897671e-04
6.439906597137451172e+00,5.269561290740966797e+00,2.909682512283325195e+00,9.999556541442871094e-01,1.765105291269719601e-03,5.267477128654718399e-03,-7.604994345456361771e-03
5.063822120428085327e-02,5.206517696380615234e+00,5.998789310455322266e+00,9.999979138374328613e-01,5.475480575114488602e-04,-2.675098658073693514e-04,1.977215521037578583e-03
1.638609886169433594e+00,6.877721786499023438e+00,1.108604311943054199e+00,9.999970793724060059e-01,-2.197102643549442291e-03,-9.028424392454326153e-04,4.951309529133141041e-04
8.508889079093933105e-01,4.462801933288574219e+00,6.012360095977783203e+00,9.999886751174926758e-01,9.579127654433250427e-04,3.954349551349878311e-03,2.507777418941259384e-03
2.493809938430786133e+00,5.240804195404052734e+00,1.966407060623168945e+00,9.999946355819702148e-01,-2.387731568887829781e-03,-2.028099726885557175e-03,1.007561688311398029e-03
2.238916397094726562e+00,2.513416051864624023e+00,4.470484256744384766e+00,9.999983310699462891e-01,1.002633362077176571e-03,-1.153534743934869766e-03,-1.063143950887024403e-03
1.279946804046630859e+00,5.782308101654052734e+00,6.696035861968994141e+00,9.999618530273437500e-01,-2.184254582971334457e-03,8.462474681437015533e-03,-9.751807738211937249e-06
5.338224887847900391e+00,4.998253822326660156e+00,5.957105636596679688e+00,9.999977350234985352e-01,1.099288114346563816e-03,-1.850358676165342331e-03,3.570663102436810732e-05
5.363472938537597656e+00,4.885935485363006592e-01,1.000530600547790527e+00,9.999994039535522461e-01,-3.881230950355529785e-04,-9.155690786428749561e-04,-5.962181021459400654e-04
7.463604807853698730e-01,3.796069145202636719e+00,2.654003858566284180e+00,9.999983906745910645e-01,1.615233253687620163e-03,8.870569872669875622e-04,-4.766780693898908794e-05
2.514622688293457031e+00,5.600293636322021484e+00,3.818581104278564453e+00,9.999922513961791992e-01,-2.056563971564173698e-03,7.079504430294036865e-04,3.308218438178300858e-03
2.601985216140747070e+00,1.437418818473815918e+00,5.350490093231201172e+00,9.999095797538757324e-01,-6.839616689831018448e-03,-8.994656614959239960e-03,7.292374502867460251e-03
9.679510593414306641e-01,3.296684265136718750e+00,1.418614268302917480e+00,9.999954700469970703e-01,8.514093933627009392e-04,-2.665172796696424484e-03,-1.184606808237731457e-03
4.954727649688720703e+00,1.467162013053894043e+00,5.283485412597656250e+00,9.999991655349731445e-01,-4.325642657931894064e-04,-1.030638581141829491e-03,-7.562202517874538898e-04
2.312257766723632812e+00,3.194089651107788086e+00,5.339832305908203125e+00,9.999997615814208984e-01,-3.133628924842923880e-04,1.446448295610025525e-04,7.356657879427075386e-04
6.648287773132324219e+00,2.231524944305419922e+00,6.630194187164306641e+00,9.999854564666748047e-01,-2.102167811244726181e-03,3.162246663123369217e-03,-3.820587415248155594e-03
5.057855606079101562e+00,4.068062782287597656e+00,7.093494415283203125e+00,9.999989867210388184e-01,-1.053527928888797760e-03,5.843551480211317539e-04,7.904651574790477753e-04
3.197892904281616211e+00,6.444497585296630859e+00,1.103343009948730469e+00,9.998363852500915527e-01,-1.518626231700181961e-02,1.715028774924576283e-03,9.682658128440380096e-03
3.667565584182739258e+00,1.093413114547729492e+00,3.439257144927978516e+00,9.999997019767761230e-01,7.173808990046381950e-04,-8.211240492528304458e-05,-4.515886539593338966e-04
2.878526449203491211e+00,1.106233954429626465e+00,3.626496553421020508e+00,9.999998807907104492e-01,3.415973042137920856e-04,-2.350609574932605028e-04,3.153498400934040546e-04
5.404213905334472656e+00,2.197865486145019531e+00,3.025712013244628906e+00,9.999991059303283691e-01,1.004260499030351639e-03,-8.922145934775471687e-04,2.207283832831308246e-04
2.316027402877807617e+00,4.062233448028564453e+00,4.183824539184570312e+00,9.999992251396179199e-01,-1.124732734751887619e-04,1.097145606763660908e-03,7.112681050784885883e-04
5.296488285064697266e+00,4.158539772033691406e+00,1.930334419012069702e-01,9.999859333038330078e-01,-4.227191209793090820e-03,3.180155763402581215e-03,3.301816468592733145e-04
4.697341024875640869e-01,6.399655818939208984e+00,2.827079594135284424e-01,9.999181032180786133e-01,8.235215209424495697e-03,-7.711254991590976715e-03,-6.047625560313463211e-03
6.097463369369506836e-01,6.717021465301513672e+00,2.718078613281250000e+00,9.999986886978149414e-01,2.365263208048418164e-04,-7.900682976469397545e-04,-1.442320994101464748e-03
1.344026803970336914e+00,2.622469663619995117e-01,7.103218078613281250e+00,9.999693036079406738e-01,-5.681390408426523209e-03,-3.052168525755405426e-03,-4.462894983589649200e-03
1.956632494926452637e+00,4.511296749114990234e+00,5.928658485412597656e+00,9.999989867210388184e-01,-2.169058570871129632e-04,-1.144445384852588177e-03,8.809418650344014168e-04
1.196888089179992676e+00,5.998960018157958984e+00,4.396162927150726318e-01,9.999998211860656738e-01,4.328072536736726761e-04,4.075650649610906839e-04,-1.294581015827134252e-04
5.148572921752929688e+00,2.607321366667747498e-03,3.256596565246582031e+00,9.999994635581970215e-01,4.919955972582101822e-04,-9.426776086911559105e-04,-3.147051029372960329e-04
6.150601863861083984e+00,1.955762982368469238e+00,9.032592177391052246e-01,9.999944567680358887e-01,2.588674658909440041e-03,-1.437482569599524140e-04,2.122079487890005112e-03
3.261541604995727539e+00,5.880976200103759766e+00,2.759851217269897461e+00,9.999893307685852051e-01,3.366114571690559387e-03,3.021284937858581543e-03,-9.533878765068948269e-04
1.086151480674743652e+00,4.230203926563262939e-01,4.132178783416748047e+00,9.999576210975646973e-01,-8.233548142015933990e-03,3.360977396368980408e-03,2.370531437918543816e-03
4.274555206298828125e+00,5.623551845550537109e+00,6.928857326507568359e+00,9.999944567680358887e-01,-2.310830634087324142e-03,-2.363170497119426727e-03,-2.956996904686093330e-04
1.337578654289245605e+00,1.312542200088500977e+00,5.602404594421386719e+00,9.999928474426269531e-01,-3.610114799812436104e-03,-8.040713146328926086e-04,-7.526330882683396339e-04
7.490967750549316406e+00,6.866347312927246094e+00,1.586141705513000488e+00,9.999815821647644043e-01,5.281685851514339447e-03,2.238130429759621620e-03,1.986248418688774109e-03
7.480186939239501953e+00,4.973185062408447266e+00,6.725824475288391113e-01,9.998359084129333496e-01,-1.650371216237545013e-02,3.866806160658597946e-03,-6.403252482414245605e-03
5.738718509674072266e+00,7.025761604309082031e+00,7.482176780700683594e+00,9.999996423721313477e-01,5.034087225794792175e-04,6.639696075581014156e-04,-4.139267257414758205e-04
7.081150054931640625e+00,5.419191360473632812e+00,3.099784374237060547e+00,9.999976158142089844e-01,2.698180105653591454e-05,2.098456257954239845e-03,6.995572475716471672e-04
3.092626571655273438e+00,1.539456486701965332e+00,4.423887729644775391e+00,9.999998807907104492e-01,-2.008626470342278481e-04,-1.652899081818759441e-04,-5.197906866669654846e-04
2.318529933691024780e-01,7.281353473663330078e+00,4.960520744323730469e+00,9.999986290931701660e-01,-8.733554277569055557e-04,-7.352052489295601845e-04,1.273237052373588085e-03
2.686167955398559570e+00,4.302603244781494141e+00,2.933063983917236328e+00,9.999945163726806641e-01,-5.470035248436033726e-04,2.217066474258899689e-03,2.437242772430181503e-03
5.447379112243652344e+00,8.107450008392333984e-01,4.572664737701416016e+00,9.999989867210388184e-01,-4.091697337571531534e-04,-4.269728378858417273e-04,1.357965636998414993e-03
7.439605593681335449e-01,1.532430291175842285e+00,5.165618419647216797e+00,9.999790191650390625e-01,-4.317824728786945343e-03,4.255768377333879471e-03,-2.278079045936465263e-03
2.762061119079589844e+00,7.237327098846435547e+00,1.975806951522827148e+00,9.999806880950927734e-01,2.676166361197829247e-03,-3.128167241811752319e-03,-4.673157818615436554e-03
3.134701013565063477e+00,3.674417257308959961e+00,1.356174230575561523e+00,9.999995827674865723e-01,2.751284919213503599e-04,-5.793537129648029804e-04,-7.492642616853117943e-04
1.815421819686889648e+00,4.675865650177001953e+00,4.774177968502044678e-01,9.999994039535522461e-01,1.961535454029217362e-04,8.849324658513069153e-04,6.874303217045962811e-04
1.094549298286437988e+00,7.159480094909667969e+00,4.624154090881347656e+00,9.998921751976013184e-01,1.056201872415840626e-04,6.628192029893398285e-03,-1.310183014720678329e-02
3.187799453735351562e+00,2.172149896621704102e+00,1.670674920082092285e+00,9.999995231628417969e-01,8.526064339093863964e-04,2.858168445527553558e-04,4.985477426089346409e-04
5.195613384246826172e+00,5.289755821228027344e+00,1.239673733711242676e+00,9.998815059661865234e-01,-1.075791195034980774e-02,-6.318394560366868973e-03,-9.023266844451427460e-03
5.846471309661865234e+00,7.161055564880371094e+00,1.036485671997070312e+00,9.999998211860656738e-01,5.809198482893407345e-04,1.497311459388583899e-04,3.634400200098752975e-04
4.418089866638183594e+00,5.666771888732910156e+00,1.989061594009399414e+00,9.999998211860656738e-01,6.277829525060951710e-04,1.375014107907190919e-04,1.844701037043705583e-04
3.633188009262084961e+00,4.828143119812011719e+00,6.084180831909179688e+00,9.999998807907104492e-01,-5.873796180821955204e-04,6.744927668478339911e-05,-1.127742289099842310e-04
5.018363952636718750e+00,6.173687458038330078e+00,1.675617337226867676e+00,9.999962449073791504e-01,-2.221041359007358551e-03,-8.826111297821626067e-05,-1.587230013683438301e-03
4.099205970764160156e+00,3.357087373733520508e-01,6.543537139892578125e+00,9.999039769172668457e-01,1.148878131061792374e-02,-2.177978400141000748e-03,-7.437425665557384491e-03
2.512431144714355469e+00,1.802099198102951050e-01,7.233913421630859375e+00,9.999939203262329102e-01,-9.201131178997457027e-04,2.534629311412572861e-03,-2.209780970588326454e-03
2.097458124160766602e+00,6.378890514373779297e+00,6.500790119171142578e+00,9.999970197677612305e-01,2.008606912568211555e-03,1.977601204998791218e-04,-1.417708816006779671e-03
1.672528743743896484e+00,5.324860572814941406e+00,2.155041933059692383e+00,9.999945759773254395e-01,7.979851798154413700e-04,3.062000963836908340e-03,1.005954574793577194e-03
7.200193881988525391e+00,7.842299342155456543e-01,2.599431753158569336e+00,9.999656081199645996e-01,-3.678034292533993721e-03,-4.602542612701654434e-03,5.848783999681472778e-03
2.225691556930541992e+00,6.485064506530761719e+00,1.526145577430725098e+00,9.998791813850402832e-01,-6.128922104835510254e-03,1.420969888567924500e-02,-1.452023047022521496e-03
4.582695007324218750e+00,3.606236875057220459e-01,1.598257660865783691e+00,9.999988079071044922e-01,3.908544313162565231e-04,-7.611429318785667419e-04,1.315340865403413773e-03
5.184224247932434082e-01,6.492765545845031738e-01,2.568677186965942383e+00,9.999958872795104980e-01,2.353342017158865929e-03,-1.053953164955601096e-04,-1.675176084972918034e-03
1.569209456443786621e+00,5.417397022247314453e+00,5.037209987640380859e+00,9.999808073043823242e-01,-2.067555440589785576e-03,4.027491959277540445e-04,-5.832045804709196091e-03
3.834154903888702393e-01,6.471824169158935547e+00,6.800191879272460938e+00,9.999973177909851074e-01,3.246456617489457130e-04,-1.879400952020660043e-04,2.300594467669725418e-03
8.115288019180297852e-01,5.745690345764160156e+00,3.466831684112548828e+00,9.999991059303283691e-01,6.951080649741925299e-06,1.303491066209971905e-03,4.138014046475291252e-04
7.372286319732666016e+00,3.415691375732421875e+00,6.828721523284912109e+00,9.999812245368957520e-01,-5.755524616688489914e-03,1.522881328128278255e-03,1.477481448091566563e-03
5.835039615631103516e+00,3.428528547286987305e+00,7.332143306732177734e+00,9.999955892562866211e-01,-1.222458668053150177e-03,2.634384436532855034e-03,-6.459333235397934914e-04
4.360624551773071289e-01,2.343755722045898438e+00,3.744381368160247803e-01,9.999864101409912109e-01,-2.990095876157283783e-03,-4.015529062598943710e-03,1.483846805058419704e-03
7.195092678070068359e+00,2.350253820419311523e+00,3.134856462478637695e+00,9.999945163726806641e-01,4.016410675831139088e-04,3.263937076553702354e-03,-4.662339342758059502e-04
6.216825485229492188e+00,1.079409494996070862e-01,1.156148076057434082e+00,9.999982714653015137e-01,-1.679876353591680527e-03,-3.858113486785441637e-04,7.678542169742286205e-04
3.964422225952148438e+00,3.126892805099487305e+00,2.749157905578613281e+00,9.999956488609313965e-01,-2.035518642514944077e-03,-5.981785943731665611e-04,2.069892827421426773e-03
6.073422431945800781e+00,7.329651355743408203e+00,1.801898360252380371e+00,9.998211264610290527e-01,8.925574831664562225e-03,-9.308952838182449341e-03,-1.383937802165746689e-02
5.153119087219238281e+00,5.763145446777343750e+00,2.655080795288085938e+00,9.999996423721313477e-01,-5.137110711075365543e-04,-6.363064749166369438e-04,-3.551513655111193657e-04
7.703773379325866699e-01,2.947105646133422852e+00,1.680382937192916870e-01,9.999966025352478027e-01,-1.556951319798827171e-03,1.269374624826014042e-03,-1.690253149718046188e-03
6.041769981384277344e+00,5.860806941986083984e+00,9.284868836402893066e-01,9.999773502349853516e-01,-5.869579035788774490e-04,-2.924034139141440392e-03,6.042991764843463898e-03
4.224707603454589844e+00,3.451639652252197266e+00,4.885069370269775391e+00,9.999998211860656738e-01,5.212204414419829845e-04,-3.095977299381047487e-04,1.753546384861692786e-04
6.406736969947814941e-01,3.300682544708251953e+00,3.381699562072753906e+00,9.999788999557495117e-01,4.477058537304401398e-03,-2.062201034277677536e-03,-4.250878933817148209e-03
5.097443580627441406e+00,9.070237278938293457e-01,5.558985233306884766e+00,9.999983906745910645e-01,1.056188368238508701e-03,-7.689761114306747913e-04,1.261809840798377991e-03
3.883392333984375000e+00,2.788270235061645508e+00,5.765415191650390625e+00,9.999961853027343750e-01,-1.223111175931990147e-04,1.319960341788828373e-03,-2.416197909042239189e-03
6.815346717834472656e+00,4.927361011505126953e+00,8.419578671455383301e-01,9.999985694885253906e-01,3.590908891055732965e-04,1.183253130875527859e-03,1.158146886155009270e-03
4.071153640747070312e+00,2.012904167175292969e+00,3.502606153488159180e+00,9.998701810836791992e-01,-7.043285877443850040e-04,-1.239260192960500717e-02,1.027705799788236618e-02
5.945312023162841797e+00,2.007953882217407227e+00,6.139019504189491272e-03,9.999993443489074707e-01,-2.664386120159178972e-04,-8.863655384629964828e-04,7.368109654635190964e-04
4.794227123260498047e+00,2.301341533660888672e+00,6.295433044433593750e+00,9.999330639839172363e-01,-2.729113679379224777e-03,-2.653215778991580009e-03,1.093042455613613129e-02
1.535707116127014160e+00,5.039289474487304688e+00,8.559607863426208496e-01,9.999912977218627930e-01,-3.876876085996627808e-03,1.388418138958513737e-03,7.523808162659406662e-04
7.500493526458740234e+00,4.703011512756347656e+00,3.337206244468688965e-01,9.999926686286926270e-01,-1.165823894552886486e-03,-1.833286136388778687e-03,3.172508440911769867e-03
6.269467353820800781e+00,3.432253122329711914e+00,3.050829887390136719e+00,9.999999403953552246e-01,4.688533081207424402e-04,-6.709462468279525638e-05,3.670146907097660005e-05
2.417448043823242188e+00,4.469122409820556641e+00,4.745557785034179688e+00,9.999995827674865723e-01,2.992115041706711054e-04,4.679498088080435991e-04,7.814649143256247044e-04
2.851763963699340820e+00,3.842462539672851562e+00,5.861727714538574219e+00,9.999970793724060059e-01,2.461732365190982819e-04,2.382719656452536583e-03,-3.801505954470485449e-04
2.188787221908569336e+00,3.736252069473266602e+00,6.318689823150634766e+00,9.999168515205383301e-01,-1.787248998880386353e-03,-7.723563350737094879e-03,-1.017227675765752792e-02
3.477359056472778320e+00,4.400092661380767822e-01,3.959969997406005859e+00,9.999982714653015137e-01,-3.760218532988801599e-05,1.276852679438889027e-03,-1.387321157380938530e-03
4.231005668640136719e+00,6.889126777648925781e+00,5.170773506164550781e+00,9.999995827674865723e-01,-2.894283970817923546e-04,-3.491542011033743620e-04,-8.770305430516600609e-04
4.949468135833740234e+00,7.416393756866455078e+00,3.561664342880249023e+00,9.998812675476074219e-01,7.782818749547004700e-03,-1.328616496175527573e-02,5.815055337734520435e-04
7.044450759887695312e+00,5.685690879821777344e+00,3.442352294921875000e+00,9.999768137931823730e-01,6.350006442517042160e-04,2.578813815489411354e-03,6.276320666074752808e-03
6.882004261016845703e+00,2.597596883773803711e+00,5.606907844543457031e+00,9.999931454658508301e-01,2.734323788899928331e-04,8.889311575330793858e-04,-3.584725083783268929e-03
2.860735952854156494e-01,2.900114297866821289e+00,6.521847724914550781e+00,9.999970793724060059e-01,1.106882118619978428e-03,1.285690115764737129e-03,1.722772954963147640e-03
3.114917755126953125e+00,4.603100299835205078e+00,6.624799966812133789e-01,9.999991655349731445e-01,8.951915660873055458e-04,4.386390792205929756e-04,-8.755416492931544781e-04
5.396077156066894531e+00,4.087106704711914062e+00,2.034394979476928711e+00,9.999939799308776855e-01,-3.140365472063422203e-03,1.486401073634624481e-03,-3.299899690318852663e-04
2.833595752716064453e+00,6.973346471786499023e-01,9.749829173088073730e-01,9.999963045120239258e-01,-2.082994906231760979e-04,3.791651106439530849e-04,2.703752135857939720e-03
7.414056777954101562e+00,3.228162974119186401e-02,1.055936694145202637e+00,9.999377727508544922e-01,8.478277013637125492e-04,-9.485690854489803314e-03,5.812443327158689499e-03
5.668219327926635742e-01,5.748090744018554688e+00,6.760897636413574219e+00,9.999964833259582520e-01,2.335985423997044563e-03,3.915335983037948608e-04,-1.221982063725590706e-03
4.771583557128906250e+00,7.181328773498535156e+00,6.107528209686279297e+00,9.999952912330627441e-01,-2.452514832839369774e-03,3.610225685406476259e-04,-1.834897324442863464e-03
3.454558372497558594e+00,5.412659168243408203e+00,1.889121979475021362e-01,9.999982118606567383e-01,-9.840715210884809494e-04,9.979549795389175415e-04,1.302564516663551331e-03
4.035558700561523438e+00,3.183052062988281250e+00,6.328914642333984375e+00,9.999997615814208984e-01,4.510373400989919901e-04,6.625335663557052612e-04,-1.765214619808830321e-05
4.827345013618469238e-01,2.069842815399169922e-01,4.751309394836425781e+00,9.998168349266052246e-01,-1.039254665374755859e-02,-1.573971472680568695e-02,3.274756483733654022e-03
4.829077720642089844e+00,2.421830445528030396e-01,5.358300685882568359e+00,9.999976754188537598e-01,1.367661752738058567e-03,-6.281091191340237856e-05,1.649140380322933197e-03
5.324618816375732422e+00,4.918190002441406250e+00,4.544302940368652344e+00,9.999840259552001953e-01,-3.900448326021432877e-03,-1.382863614708185196e-03,-3.851675894111394882e-03
3.472801148891448975e-01,4.263858795166015625e+00,6.583587169647216797e+00,9.999845623970031738e-01,7.053965236991643906e-04,-4.715446848422288895e-03,2.863004570826888084e-03
4.136169910430908203e+00,4.634647846221923828e+00,4.966398179531097412e-01,9.999623894691467285e-01,-5.291164387017488480e-03,6.130500230938196182e-03,-3.122507128864526749e-03
5.182077288627624512e-01,1.081907391548156738e+00,3.521782636642456055e+00,9.998973011970520020e-01,-1.676770392805337906e-03,-1.869399566203355789e-03,-1.410779729485511780e-02
3.330535411834716797e+00,5.238945007324218750e+00,1.191668868064880371e+00,9.999861121177673340e-01,3.132232814095914364e-04,2.296331804245710373e-03,4.750169347971677780e-03
2.343227386474609375e+00,6.058861017227172852e-01,1.126479983329772949e+00,9.999924302101135254e-01,1.549956505186855793e-03,-3.545521758496761322e-04,-3.565508872270584106e-03
2.558505535125732422e+00,7.040395736694335938e+00,7.413383007049560547e+00,9.999983906745910645e-01,-5.184061592444777489e-04,1.632362254895269871e-03,-5.678995512425899506e-04
2.757499553263187408e-02,3.817536115646362305e+00,3.838501214981079102e+00,9.997857809066772461e-01,1.132374070584774017e-02,1.709076575934886932e-02,2.860821085050702095e-03
6.130682468414306641e+00,6.454922676086425781e+00,5.006049156188964844e+00,9.999939203262329102e-01,-1.981424633413553238e-03,5.312446737661957741e-04,-2.845657058060169220e-03
4.495148360729217529e-01,1.419582962989807129e+00,5.377583980560302734e+00,9.999991059303283691e-01,-6.968472152948379517e-04,1.022476819343864918e-03,6.207047845236957073e-04
5.142508029937744141e+00,5.401300907135009766e+00,1.558592915534973145e+00,9.999843835830688477e-01,-5.284799262881278992e-03,-1.270656008273363113e-03,-1.329301274381577969e-03
4.476868629455566406e+00,3.118759155273437500e+00,1.410341501235961914e+00,9.999042749404907227e-01,1.341615896672010422e-02,9.980436880141496658e-04,-3.235107287764549255e-03
7.067034721374511719e+00,3.597803592681884766e+00,1.637149810791015625e+00,9.999920129776000977e-01,-3.775812452659010887e-03,7.880696211941540241e-04,1.099835149943828583e-03
3.821167707443237305e+00,4.464322090148925781e+00,5.268937587738037109e+00,9.999479651451110840e-01,-5.259166005998849869e-03,-8.707582019269466400e-03,-8.676786092109978199e-04
7.460846900939941406e+00,2.770323753356933594e+00,1.459415435791015625e+00,9.999996423721313477e-01,-8.141225553117692471e-04,-3.382172144483774900e-04,-1.958309730980545282e-04
5.676459312438964844e+00,5.224021434783935547e+00,4.296595573425292969e+00,9.999992847442626953e-01,-1.076297136023640633e-03,-8.873228944139555097e-05,-5.917734815739095211e-04
6.327946782112121582e-01,9.596487879753112793e-01,4.572036266326904297e+00,9.999932050704956055e-01,-1.099283806979656219e-03,3.247093700338155031e-04,3.513996023684740067e-03
2.149677991867065430e+00,8.780613541603088379e-01,5.625678062438964844e+00,9.999985694885253906e-01,2.509456244297325611e-04,-1.683762064203619957e-03,-1.477749465266242623e-04
6.812380790710449219e+00,6.163340568542480469e+00,1.648402690887451172e+00,9.999909996986389160e-01,8.237568545155227184e-04,-3.424183931201696396e-03,2.377085853368043900e-03
7.011126995086669922e+00,5.705116748809814453e+00,5.178561434149742126e-02,9.999930858612060547e-01,-6.686100969091057777e-04,5.065378500148653984e-04,3.640806069597601891e-03
3.947541713714599609e+00,7.146281242370605469e+00,1.622353911399841309e+00,9.999930858612060547e-01,-3.341062692925333977e-03,-1.054745167493820190e-03,1.254446804523468018e-03
2.930596590042114258e+00,4.027853012084960938e+00,7.431267201900482178e-02,9.999995231628417969e-01,4.976119380444288254e-04,5.143720773048698902e-04,-7.313853129744529724e-04
3.559388160705566406e+00,6.041786670684814453e-01,5.368291854858398438e+00,9.999969005584716797e-01,1.419172505848109722e-03,1.535054529085755348e-03,-1.403981004841625690e-03
2.010325670242309570e+00,2.709249973297119141e+00,4.844704627990722656e+00,9.999985098838806152e-01,-1.488515408709645271e-03,-2.227859367849305272e-04,8.609379292465746403e-04
6.741078495979309082e-01,6.120108604431152344e+00,2.715235471725463867e+00,9.999198317527770996e-01,-4.309731069952249527e-03,-1.153632625937461853e-02,-2.967860316857695580e-03
6.126804351806640625e+00,1.287352561950683594e+00,4.551624298095703125e+00,9.999998807907104492e-01,-9.193237929139286280e-05,-5.971009377390146255e-04,-4.712848749477416277e-05
4.803912162780761719e+00,1.547279477119445801e+00,2.500919580459594727e+00,9.999998807907104492e-01,6.796458910685032606e-05,-5.539754638448357582e-04,1.038877308019436896e-04
4.785062789916992188e+00,3.084701538085937500e+00,3.967563390731811523e+00,9.998801350593566895e-01,4.454644862562417984e-03,2.856160514056682587e-03,1.455097459256649017e-02
2.799854040145874023e+00,3.630428388714790344e-02,7.096779346466064453e+00,9.999975562095642090e-01,-8.109129848890006542e-04,1.392661943100392818e-03,-1.532736700028181076e-03
4.855154514312744141e+00,8.364557027816772461e-01,2.605594694614410400e-01,9.999995827674865723e-01,-3.097333537880331278e-04,-6.833342922618612647e-05,8.987805340439081192e-04
4.601422309875488281e+00,7.311111092567443848e-01,4.108979701995849609e+00,9.999938607215881348e-01,5.669209640473127365e-04,-8.569278870709240437e-04,3.345213830471038818e-03
6.425282001495361328e+00,6.231348514556884766e+00,3.090982675552368164e+00,9.999645948410034180e-01,-6.177461706101894379e-03,5.714081693440675735e-03,-1.667784526944160461e-04
1.911137849092483521e-01,6.632553100585937500e+00,1.715913295745849609e+00,9.999970197677612305e-01,2.280653687193989754e-03,-6.521901232190430164e-04,6.855651736259460449e-04
7.474592685699462891e+00,1.985068798065185547e+00,1.080266982316970825e-01,9.999922513961791992e-01,-5.686794174835085869e-04,-3.611691354308277369e-04,3.896193578839302063e-03
4.427577972412109375e+00,3.064118862152099609e+00,5.508314132690429688e+00,1.000000000000000000e+00,2.065771695924922824e-04,2.099042758345603943e-04,-2.472721389494836330e-04
3.434876680374145508e+00,1.717949628829956055e+00,1.596753597259521484e+00,9.999976158142089844e-01,-1.085856463760137558e-03,-1.487358676968142390e-04,1.915096188895404339e-03
5.677204608917236328e+00,6.163966178894042969e+00,2.140484094619750977e+00,9.999988079071044922e-01,-5.491276897373609245e-05,1.233064540429040790e-04,-1.579009811393916607e-03
2.539552688598632812e+00,4.031854152679443359e+00,6.027302742004394531e+00,9.998857975006103516e-01,1.250351034104824066e-02,7.563091348856687546e-03,3.870839020237326622e-03
5.012870311737060547e+00,5.545189380645751953e+00,6.180446624755859375e+00,9.999942779541015625e-01,2.403537742793560028e-03,2.056673867627978325e-03,-1.228304230608046055e-03
6.117936134338378906e+00,2.773021936416625977e+00,2.046175003051757812e-01,9.999995827674865723e-01,-7.757898856652900577e-05,2.629247028380632401e-04,9.670843719504773617e-04
3.984929621219635010e-02,6.840793609619140625e+00,3.104711055755615234e+00,1.000000000000000000e+00,1.457014586776494980e-04,-2.207463403465226293e-04,-2.206359058618545532e-04
2.262408971786499023e+00,1.418617010116577148e+00,5.562153816223144531e+00,9.999992847442626953e-01,2.512515638954937458e-04,-2.314905723324045539e-04,1.206695334985852242e-03
1.295449495315551758e+00,7.491994380950927734e+00,4.770806789398193359e+00,9.999762177467346191e-01,-3.733572084456682205e-03,3.642341122031211853e-03,4.514629486948251724e-03
3.526975870132446289e+00,5.551938533782958984e+00,6.919520854949951172e+00,9.999992251396179199e-01,-8.536715758964419365e-04,4.401197365950793028e-04,-8.549588383175432682e-04
7.039261341094970703e+00,4.784045219421386719e+00,5.311197280883789062e+00,9.999877214431762695e-01,4.164243291597813368e-04,-4.654999822378158569e-03,-1.682836445979773998e-03
6.074323654174804688e+00,6.266281127929687500e+00,2.239220380783081055e+00,9.999853372573852539e-01,-2.104289596900343895e-03,4.915741272270679474e-03,-9.084743796847760677e-04
1.172556042671203613e+00,2.115478754043579102e+00,6.139244079589843750e+00,9.999892711639404297e-01,-3.095123451203107834e-03,2.763139782473444939e-03,2.049549482762813568e-03
3.646923780441284180e+00,1.966188311576843262e+00,8.821512460708618164e-01,9.999966621398925781e-01,-5.706733209080994129e-04,9.511187672615051270e-04,2.365998225286602974e-03
6.660224437713623047e+00,6.846523761749267578e+00,5.320229530334472656e+00,9.999223947525024414e-01,-3.072330961003899574e-03,-2.212360035628080368e-03,-1.187267806380987167e-02
3.265658915042877197e-01,4.256019115447998047e+00,5.653365612030029297e+00,9.999693036079406738e-01,5.991099867969751358e-03,4.371664952486753464e-03,-2.531578997150063515e-03
1.435588955879211426e+00,6.140819072723388672e+00,1.263989686965942383e+00,9.999993443489074707e-01,-9.641422657296061516e-04,6.436146795749664307e-04,2.685899089556187391e-04
3.422474861145019531e+00,7.198272705078125000e+00,2.691456675529479980e-01,9.999841451644897461e-01,2.794374711811542511e-03,-4.739107564091682434e-03,-1.244042767211794853e-03
3.869795799255371094e+00,7.449751853942871094e+00,2.094733238220214844e+00,9.998723864555358887e-01,-1.341735105961561203e-02,8.471702225506305695e-03,1.851297100074589252e-03
4.160468578338623047e+00,8.819317817687988281e-01,1.796898961067199707e+00,9.999997019767761230e-01,3.668566932901740074e-04,-4.954203031957149506e-04,6.277816719375550747e-04
6.645543098449707031e+00,5.964401721954345703e+00,3.385576248168945312e+00,9.999474287033081055e-01,3.628414415288716555e-04,-4.157830495387315750e-03,-9.369288571178913116e-03
2.978294610977172852e+00,3.753548145294189453e+00,2.842248678207397461e+00,9.999995231628417969e-01,-1.004986625048331916e-04,1.055425382219254971e-03,-8.774397429078817368e-05
3.439426183700561523e+00,6.728444576263427734e+00,7.301917552947998047e+00,9.998898506164550781e-01,-9.081477299332618713e-03,-1.049387454986572266e-02,-5.269462708383798599e-03
4.414011001586914062e+00,2.884473085403442383e+00,2.353429496288299561e-01,9.999471902847290039e-01,5.374921020120382309e-03,-8.659923449158668518e-03,-1.386271324008703232e-03
6.228109359741210938e+00,1.776205301284790039e+00,7.496571063995361328e+00,9.999981522560119629e-01,1.836719806306064129e-03,6.111270631663501263e-04,1.932752929860725999e-04
3.820938348770141602e+00,2.948755025863647461e+00,3.170461893081665039e+00,9.999930858612060547e-01,9.284252882935106754e-05,-1.998735591769218445e-03,3.152691991999745369e-03
5.834306240081787109e+00,5.216241478919982910e-01,9.762871265411376953e-01,9.999945759773254395e-01,-2.788921818137168884e-03,-1.559212105348706245e-03,-8.409220026805996895e-04
6.902119159698486328e+00,5.406387805938720703e+00,1.643416047096252441e+00,9.999942183494567871e-01,3.350821556523442268e-03,-1.208483590744435787e-04,-5.257243756204843521e-04
4.312532424926757812e+00,2.546152114868164062e+00,2.210459709167480469e+00,9.999877214431762695e-01,-2.270988334203138947e-04,1.563200261443853378e-03,-4.707459826022386551e-03
1.970240116119384766e+00,2.237464904785156250e+00,6.211401224136352539e-01,9.999977946281433105e-01,-1.606737147085368633e-03,1.157676102593541145e-03,7.854987052269279957e-04
3.015777587890625000e+00,3.468785762786865234e+00,4.587906837463378906e+00,9.999954104423522949e-01,1.326988916844129562e-03,-7.126140408217906952e-04,-2.651890274137258530e-03
4.287047088146209717e-01,6.564678668975830078e+00,7.456768035888671875e+00,9.998162388801574707e-01,-8.292039856314659119e-03,-7.273649796843528748e-03,1.567729935050010681e-02
5.531997680664062500e+00,2.757502555847167969e+00,5.364043235778808594e+00,9.999992251396179199e-01,-2.668536326382309198e-04,-3.007349150720983744e-04,1.226079417392611504e-03
7.018641471862792969e+00,6.605815887451171875e-01,2.012845754623413086e+00,9.999994039535522461e-01,5.032130284234881401e-04,-1.038866816088557243e-03,1.701782821328379214e-05
2.226305961608886719e+00,4.416747391223907471e-01,1.455390572547912598e+00,9.999981522560119629e-01,4.309924552217125893e-04,-1.403822214342653751e-03,-1.269363448955118656e-03
3.830846846103668213e-01,3.274317026138305664e+00,5.417683601379394531e+00,9.999990463256835938e-01,-9.336563525721430779e-04,-9.186542592942714691e-04,5.831095040775835514e-04
1.989218831062316895e+00,6.844459533691406250e+00,4.443366050720214844e+00,9.999957680702209473e-01,-8.038352825678884983e-04,1.460742903873324394e-03,-2.403788035735487938e-03
4.931333363056182861e-01,4.789751529693603516e+00,6.012937545776367188e+00,9.999959468841552734e-01,-2.662034705281257629e-03,-2.572050725575536489e-04,1.043518539518117905e-03
3.225568294525146484e+00,1.974903821945190430e+00,2.580812454223632812e+00,9.999997615814208984e-01,6.319122039712965488e-04,4.288207273930311203e-04,-2.756057365331798792e-04
1.700324416160583496e+00,5.590096473693847656e+00,2.968713283538818359e+00,9.999847412109375000e-01,1.730513526126742363e-03,-2.799947280436754227e-03,4.453362897038459778e-03
5.550896167755126953e+00,4.113131523132324219e+00,3.649721384048461914e+00,9.999620318412780762e-01,2.507169032469391823e-03,-7.040884811431169510e-03,-4.495051223784685135e-03
3.085002183914184570e+00,4.889182090759277344e+00,8.443869948387145996e-01,9.999997615814208984e-01,3.384427982382476330e-04,2.967077307403087616e-04,6.281200912781059742e-04
2.148517370223999023e+00,2.965696811676025391e+00,4.542355060577392578e+00,9.999796152114868164e-01,4.303224850445985794e-03,-3.415043698623776436e-03,3.264390397816896439e-03
5.688088893890380859e+00,3.439581632614135742e+00,2.468722909688949585e-01,9.999989867210388184e-01,9.022930753417313099e-04,9.722795221023261547e-04,-5.960179260000586510e-04
1.389132738113403320e+00,4.007708549499511719e+00,7.321358203887939453e+00,9.999998807907104492e-01,5.146965850144624710e-04,-1.661021378822624683e-04,-2.047991874860599637e-04
4.276015281677246094e+00,3.582507848739624023e+00,2.795323371887207031e+00,9.999978542327880859e-01,-2.072049304842948914e-03,-2.077716053463518620e-04,1.810953399399295449e-04
3.782494783401489258e+00,2.427639514207839966e-01,7.467778205871582031e+00,9.998261332511901855e-01,-1.351063139736652374e-02,1.028490159660577774e-02,7.702233735471963882e-03
2.331566810607910156e+00,2.807619094848632812e+00,5.606481075286865234e+00,9.999684095382690430e-01,1.139764674007892609e-03,4.576530482154339552e-04,-7.847670465707778931e-03
6.085390090942382812e+00,7.435829639434814453e+00,8.645083308219909668e-01,9.999998807907104492e-01,-5.267371307127177715e-04,-4.605116919265128672e-05,3.115408471785485744e-04
1.139258027076721191e+00,1.756622672080993652e+00,7.109950065612792969e+00,9.999982118606567383e-01,-8.005879935808479786e-04,-1.161730033345520496e-03,-1.279153977520763874e-03
1.201857328414916992e+00,3.003521203994750977e+00,2.858179807662963867e+00,9.999948143959045410e-01,-6.167116453070775606e-07,-2.702567260712385178e-03,1.761687337420880795e-03
9.334372878074645996e-01,1.098172187805175781e+00,7.469708442687988281e+00,9.999985694885253906e-01,-1.458244281820952892e-03,2.315223100595176220e-04,-8.775434689596295357e-04
6.427960872650146484e+00,5.248605728149414062e+00,9.012306928634643555e-01,9.999976754188537598e-01,-1.120810164138674736e-03,-1.118845073506236076e-03,-1.487507368437945843e-03
2.675037682056427002e-01,3.661275863647460938e+00,6.589998245239257812e+00,9.998409152030944824e-01,-7.435042411088943481e-03,-2.192270010709762573e-03,1.606389135122299194e-02
7.308641910552978516e+00,2.722952604293823242e+00,2.197888493537902832e-01,9.999797940254211426e-01,-9.355971706099808216e-04,-1.342558301985263824e-03,-6.141939666122198105e-03
3.505199193954467773e+00,2.136736392974853516e+00,1.332017898559570312e+00,9.999997615814208984e-01,-1.003216530079953372e-04,5.468802992254495621e-04,4.913192242383956909e-04
1.828933238983154297e+00,6.896624565124511719e+00,7.228827476501464844e-01,9.999924302101135254e-01,-2.364187530474737287e-04,-3.464185865595936775e-03,1.765192137099802494e-03
9.079475402832031250e-01,4.267500400543212891e+00,9.634135365486145020e-01,9.999953508377075195e-01,-1.932716986630111933e-04,-2.476783469319343567e-03,1.805377309210598469e-03
7.122972965240478516e+00,1.793289780616760254e+00,6.464689731597900391e+00,9.999979138374328613e-01,-1.547308289445936680e-03,3.599276533350348473e-04,1.354640698991715908e-03
3.683209896087646484e+00,3.782129287719726562e+00,2.780246973037719727e+00,9.999995827674865723e-01,6.398601690307259560e-04,-2.687634842004626989e-04,6.891998345963656902e-04
5.299881458282470703e+00,6.974940776824951172e+00,1.190293908119201660e+00,9.999991655349731445e-01,9.222533553838729858e-04,7.837777957320213318e-04,-5.696917069144546986e-04
5.569574356079101562e+00,6.676758527755737305e-01,5.399008750915527344e+00,9.999939799308776855e-01,-1.817904761992394924e-03,-2.128769410774111748e-03,-2.087489701807498932e-03
5.106799125671386719e+00,3.189640760421752930e+00,1.807513117790222168e+00,9.999987483024597168e-01,-1.441715052351355553e-03,-6.122864433564245701e-04,-4.451503918971866369e-04
4.085219383239746094e+00,1.034952521324157715e+00,6.385480761528015137e-01,9.999996423721313477e-01,-2.942009596154093742e-04,-6.669977447018027306e-04,5.574586102738976479e-04
3.851940870285034180e+00,2.898072302341461182e-01,1.087563157081604004e+00,9.999842643737792969e-01,3.403074573725461960e-03,3.200385835953056812e-04,4.445216152817010880e-03
1.881576627492904663e-01,4.964359283447265625e+00,1.526201218366622925e-01,9.999920129776000977e-01,3.683360118884593248e-04,8.025419083423912525e-04,3.906044876202940941e-03
3.563232898712158203e+00,2.084193706512451172e+00,3.650755584239959717e-01,9.999320507049560547e-01,4.916639532893896103e-03,5.995613057166337967e-03,8.713652379810810089e-03
5.344910621643066406e+00,3.049639225006103516e+00,3.779846429824829102e+00,9.999296069145202637e-01,5.715404637157917023e-03,-6.839604582637548447e-03,-7.838130928575992584e-03
5.779992341995239258e-01,4.910975933074951172e+00,4.417593002319335938e+00,9.999994039535522461e-01,-1.302556775044649839e-04,-3.792337374761700630e-04,-1.075654407031834126e-03
7.264435291290283203e+00,3.243157386779785156e+00,4.046933650970458984e-01,9.999882578849792480e-01,-4.276007879525423050e-03,2.220195019617676735e-03,5.468445597216486931e-04
3.136322796344757080e-01,5.420157313346862793e-01,2.428778558969497681e-01,9.999896883964538574e-01,-2.284297253936529160e-03,-2.213610336184501648e-03,3.239657031372189522e-03
1.760281920433044434e+00,3.143392086029052734e+00,5.238508224487304688e+00,9.999285340309143066e-01,-8.443798869848251343e-03,4.808670841157436371e-03,-6.974257063120603561e-03
9.839147329330444336e-01,5.725627422332763672e+00,4.667749702930450439e-01,9.999989867210388184e-01,9.289148729294538498e-04,8.579228597227483988e-05,1.127790659666061401e-03
4.317750453948974609e+00,2.722275018692016602e+00,1.458624720573425293e+00,9.999976158142089844e-01,-1.525041880086064339e-03,1.579689909704029560e-03,-2.325763634871691465e-04
4.519006311893463135e-01,6.019442558288574219e+00,6.628351688385009766e+00,9.999943375587463379e-01,2.907064743340015411e-03,9.414844098500907421e-04,-1.437924569472670555e-03
2.285198688507080078e+00,3.301304101943969727e+00,3.859541893005371094e+00,9.999276399612426758e-01,-1.178525621071457863e-03,1.191085856407880783e-02,1.248932909220457077e-03
7.463200092315673828e+00,6.294232606887817383e-01,4.524775505065917969e+00,9.999931454658508301e-01,-2.728935098275542259e-03,-2.402733545750379562e-03,-7.730201468802988529e-04
9.950181841850280762e-02,3.760723590850830078e+00,5.436124324798583984e+00,9.999987483024597168e-01,1.118627376854419708e-03,-1.017669914290308952e-03,-6.380559643730521202e-04
1.479873359203338623e-01,4.801343917846679688e+00,4.860142230987548828e+00,9.999483227729797363e-01,-6.647747941315174103e-03,6.412705406546592712e-03,4.256651736795902252e-03
6.695571899414062500e+00,1.943145036697387695e+00,5.298052787780761719e+00,9.999346733093261719e-01,-4.332714248448610306e-03,1.011204626411199570e-02,-3.120718291029334068e-03
5.912306308746337891e+00,6.044176578521728516e+00,6.035482406616210938e+00,9.999979138374328613e-01,-7.666319143027067184e-04,1.313768327236175537e-03,-1.386776915751397610e-03
2.430835247039794922e+00,4.792021751403808594e+00,6.558173894882202148e-01,9.999995827674865723e-01,-3.159220214001834393e-04,9.633734589442610741e-05,-8.937928359955549240e-04
4.373806953430175781e+00,2.324369430541992188e+00,1.820211559534072876e-01,9.999976158142089844e-01,1.469972427003085613e-03,-1.586107187904417515e-03,5.153694655746221542e-04
4.224986076354980469e+00,4.809964179992675781e+00,7.580007910728454590e-01,9.998607039451599121e-01,1.041833497583866119e-02,-1.343742595054209232e-03,1.297781057655811310e-02
5.671146392822265625e+00,2.167492061853408813e-01,1.356593012809753418e+00,9.999896883964538574e-01,1.063630683347582817e-03,7.644821889698505402e-04,4.356513731181621552e-03
3.769361734390258789e+00,1.925817251205444336e+00,3.430736064910888672e+00,9.998851418495178223e-01,-6.084517808631062508e-04,-1.217163447290658951e-02,9.007442742586135864e-03
7.409755706787109375e+00,6.341143250465393066e-01,3.837148427963256836e+00,9.999800324440002441e-01,2.900632331147789955e-03,-1.771699986420571804e-03,-5.337783135473728180e-03
1.906925201416015625e+00,2.971464395523071289e+00,4.015532493591308594e+00,9.999955892562866211e-01,2.894657664000988007e-03,7.029499975033104420e-04,-3.686734708026051521e-04
5.454442977905273438e+00,4.535768508911132812e+00,3.723784685134887695e+00,9.999988079071044922e-01,1.526901265606284142e-03,3.110090037807822227e-04,1.080529764294624329e-04
7.111282348632812500e+00,4.984790325164794922e+00,3.721719264984130859e+00,9.999997019767761230e-01,6.913615507073700428e-04,1.550660817883908749e-04,-4.292994854040443897e-04
1.006773829460144043e+00,6.846398115158081055e-01,2.030295372009277344e+00,9.999997615814208984e-01,-2.734891604632139206e-04,4.279539280105382204e-04,4.576469364110380411e-04
4.613386154174804688e+00,2.706830024719238281e+00,1.964109063148498535e+00,9.999920725822448730e-01,1.881036907434463501e-03,2.557727508246898651e-03,2.425391459837555885e-03
1.071553111076354980e+00,2.936543226242065430e-01,4.427192687988281250e+00,9.999558925628662109e-01,-1.593188615515828133e-03,3.544602775946259499e-03,8.548169396817684174e-03
1.740393638610839844e+00,6.906602382659912109e+00,3.662361145019531250e+00,9.999983906745910645e-01,8.311248966492712498e-04,-1.623461605049669743e-03,-1.807649678084999323e-04
5.305738449096679688e+00,1.672881364822387695e+00,2.589507341384887695e+00,9.999995231628417969e-01,4.711076617240905762e-04,4.087420893483795226e-05,-9.285505511797964573e-04
4.216537475585937500e+00,2.876452207565307617e+00,3.178565025329589844e+00,9.998547434806823730e-01,1.525901444256305695e-02,2.951823873445391655e-03,-6.997193675488233566e-03
4.306581914424896240e-01,1.917491436004638672e+00,1.915639489889144897e-01,9.999982118606567383e-01,4.863094072788953781e-04,1.187721733003854752e-03,1.411694218404591084e-03
6.221012592315673828e+00,6.575253009796142578e+00,5.552218914031982422e+00,9.999964833259582520e-01,-1.938832225278019905e-03,-1.325554447248578072e-03,1.298308139666914940e-03
5.847949028015136719e+00,5.878677845001220703e+00,5.339359283447265625e+00,9.999723434448242188e-01,3.784379921853542328e-03,6.288112606853246689e-03,-1.253707800060510635e-03
2.657400369644165039e+00,7.040182590484619141e+00,4.484158992767333984e+00,9.999997019767761230e-01,5.428501754067838192e-04,-2.524783194530755281e-04,5.482743144966661930e-04
6.839537143707275391e+00,1.831157445907592773e+00,2.375002145767211914e+00,9.999536871910095215e-01,1.818831777200102806e-03,-4.593902267515659332e-03,8.258407935500144958e-03
2.231259644031524658e-01,6.241335868835449219e+00,7.594184279441833496e-01,9.999986886978149414e-01,-7.458804175257682800e-04,4.566535644698888063e-04,-1.401731045916676521e-03
2.217716693878173828e+00,3.130460977554321289e-01,4.622785091400146484e+00,9.999987483024597168e-01,-8.288394892588257790e-04,-1.398881082423031330e-03,2.107054751832038164e-05
4.642063617706298828e+00,3.317334175109863281e+00,2.862193346023559570e+00,9.999991655349731445e-01,5.455566133605316281e-05,6.301890825852751732e-04,-1.154992613010108471e-03
5.210011005401611328e+00,4.563827514648437500e+00,7.179754257202148438e+00,9.999971389770507812e-01,1.111705641960725188e-04,1.898768590763211250e-03,-1.515458105131983757e-03
4.503361701965332031e+00,3.215178847312927246e-01,3.393354654312133789e+00,9.998751282691955566e-01,-3.555148141458630562e-04,1.511130016297101974e-02,4.619005601853132248e-03
4.163084506988525391e+00,2.453812360763549805e-01,5.188348889350891113e-01,9.999958276748657227e-01,2.376267919316887856e-03,-1.538634067401289940e-03,-5.844635306857526302e-04
4.380685806274414062e+00,9.898571968078613281e-01,5.715410232543945312e+00,9.999962449073791504e-01,-6.083367625251412392e-04,-2.238850342109799385e-03,-1.496531884185969830e-03
8.184880018234252930e-01,1.680852770805358887e+00,3.221232175827026367e+00,9.999939799308776855e-01,2.917910460382699966e-04,-2.166619058698415756e-03,-2.704667625948786736e-03
6.833931922912597656e+00,6.639026165008544922e+00,4.417437076568603516e+00,9.999263882637023926e-01,7.994576357305049896e-03,5.494826007634401321e-03,-7.282944861799478531e-03
9.922114610671997070e-01,1.084264159202575684e+00,6.904189109802246094e+00,9.999847412109375000e-01,-5.333586130291223526e-03,1.416722894646227360e-03,-3.928341029677540064e-04
2.951055765151977539e+00,5.945807456970214844e+00,3.273375272750854492e+00,9.999997019767761230e-01,7.350876694545149803e-04,-2.041336701950058341e-04,3.386237949598580599e-04
3.208270072937011719e+00,5.895171165466308594e+00,1.198106929659843445e-01,9.999995231628417969e-01,-6.410579953808337450e-05,3.054396365769207478e-04,9.507569484412670135e-04
6.304358959197998047e+00,6.204885482788085938e+00,1.512600660324096680e+00,9.999839067459106445e-01,-4.749070852994918823e-03,1.138954423367977142e-03,-2.880421234294772148e-03
3.886357307434082031e+00,9.732173085212707520e-01,5.781874179840087891e+00,9.999999403953552246e-01,-2.460901741869747639e-04,2.469859900884330273e-04,-5.909258106839843094e-05
4.860010623931884766e+00,6.701470613479614258e-01,4.338687896728515625e+00,9.999186992645263672e-01,-1.724319416098296642e-03,-1.033267471939325333e-02,7.271000649780035019e-03
2.072317361831665039e+00,5.331530570983886719e+00,6.246368408203125000e+00,9.999813437461853027e-01,-4.832699894905090332e-03,-3.542555728927254677e-03,-1.159331528469920158e-03
3.349775075912475586e+00,2.469038009643554688e+00,6.093354701995849609e+00,9.998306035995483398e-01,1.317227911204099655e-02,1.286184974014759064e-02,-8.449819688394200057e-06
3.168876886367797852e+00,6.674041748046875000e+00,6.408002376556396484e+00,9.999192953109741211e-01,-5.084941163659095764e-03,-1.111678406596183777e-02,-3.464973531663417816e-03
7.079401969909667969e+00,5.626799106597900391e+00,6.997059345245361328e+00,9.999993443489074707e-01,-6.267666467465460300e-04,-6.732235779054462910e-04,6.638876511715352535e-04
1.919892877340316772e-01,6.492745399475097656e+00,1.340447902679443359e+00,9.999805092811584473e-01,-1.772228861227631569e-03,1.120476284995675087e-03,-5.896072834730148315e-03
7.475807666778564453e+00,5.423559665679931641e+00,2.692009687423706055e+00,9.998620152473449707e-01,-7.835630327463150024e-03,1.206784509122371674e-02,-8.311015553772449493e-03
3.866976022720336914e+00,3.666561126708984375e+00,8.780095577239990234e-01,9.999597668647766113e-01,-5.519729573279619217e-03,-1.614858745597302914e-03,-6.881131790578365326e-03
5.651733875274658203e+00,3.452928304672241211e+00,3.560968160629272461e+00,9.999951124191284180e-01,-4.490041756071150303e-04,1.976092753466218710e-04,-3.095323219895362854e-03
6.176094055175781250e+00,3.193485498428344727e+00,5.305897235870361328e+00,9.999986886978149414e-01,6.272268365137279034e-04,5.569347922573797405e-05,1.541633391752839088e-03
2.461119174957275391e+00,5.480086326599121094e+00,6.314515590667724609e+00,9.999734163284301758e-01,-5.598577670753002167e-03,-2.604214940220117569e-03,-3.888600505888462067e-03
5.123135089874267578e+00,4.829226970672607422e+00,7.434136390686035156e+00,9.999617934226989746e-01,1.310150488279759884e-03,-8.548952639102935791e-03,1.287922728806734085e-03
5.091031789779663086e-01,6.716788768768310547e+00,1.055000185966491699e+00,9.999279379844665527e-01,-9.559559635818004608e-03,-6.747352890670299530e-04,-7.237281650304794312e-03
6.697113990783691406e+00,2.977436542510986328e+00,1.683231115341186523e+00,1.000000000000000000e+00,1.572391629451885819e-04,8.927637099986895919e-05,-2.717086431403004099e-07
1.748479366302490234e+00,2.369556903839111328e+00,1.915896177291870117e+00,9.999999403953552246e-01,1.140044332714751363e-05,-2.860887325368821621e-04,2.447905426379293203e-04
1.110326170921325684e+00,1.058583855628967285e+00,2.276035070419311523e+00,9.999992847442626953e-01,-4.988621803931891918e-04,9.110815008170902729e-04,-6.457053241319954395e-04
4.062091827392578125e+00,6.611714363098144531e+00,5.024233818054199219e+00,9.999995231628417969e-01,7.815227727405726910e-04,-4.773867258336395025e-04,-5.253608687780797482e-04
5.240933299064636230e-01,6.989098072052001953e+00,2.176398515701293945e+00,9.999995827674865723e-01,2.837017236743122339e-04,-7.119528600014746189e-04,-5.427717696875333786e-04
7.985917925834655762e-01,4.269313812255859375e+00,7.072593688964843750e+00,9.997305274009704590e-01,-1.718609780073165894e-02,1.492714695632457733e-02,-4.557990469038486481e-03
2.509872674942016602e+00,2.056639909744262695e+00,2.482668638229370117e+00,9.999999403953552246e-01,3.813424846157431602e-04,3.957673616241663694e-04,-1.559593147248961031e-05
2.774471282958984375e+00,2.397588968276977539e+00,2.084293842315673828e+00,9.999996423721313477e-01,7.686602184548974037e-04,4.467550024855881929e-04,-2.134339447366073728e-04
7.273318767547607422e+00,1.746184468269348145e+00,5.143308639526367188e+00,9.999982118606567383e-01,4.991321475245058537e-04,-1.454489538446068764e-03,1.171238604001700878e-03
3.214986324310302734e-01,1.179009675979614258e+00,4.892061233520507812e+00,9.999774694442749023e-01,2.503566909581422806e-03,-6.152614951133728027e-03,1.056108390912413597e-03
1.118246912956237793e+00,3.087610483169555664e+00,3.566149711608886719e+00,9.999845027923583984e-01,-2.959835575893521309e-03,4.255412612110376358e-03,2.057902980595827103e-03
1.965860724449157715e+00,7.337818622589111328e+00,6.727160811424255371e-01,9.999954104423522949e-01,-3.738781379070132971e-04,4.032452707178890705e-04,2.990236505866050720e-03
6.421671867370605469e+00,4.846499919891357422e+00,1.433090686798095703e+00,9.999996423721313477e-01,9.440920548513531685e-04,5.076659726910293102e-05,-1.046396209858357906e-05
4.990458965301513672e+00,5.355277061462402344e+00,2.048556089401245117e+00,9.999998211860656738e-01,-4.698846023529767990e-04,-4.521352821029722691e-04,-1.792365219444036484e-04
1.790377736091613770e+00,5.473155975341796875e+00,5.297374725341796875e+00,9.999936223030090332e-01,-1.565558486618101597e-03,-3.201687010005116463e-03,4.566303105093538761e-04
1.143552422523498535e+00,5.819351673126220703e+00,6.169454574584960938e+00,9.999966621398925781e-01,-7.415810832753777504e-04,-2.281719353049993515e-03,1.011937507428228855e-03
5.821561813354492188e+00,6.112232208251953125e+00,4.787721633911132812e+00,9.997059702873229980e-01,2.417416684329509735e-02,-1.770771341398358345e-03,6.422817241400480270e-04
2.402956008911132812e+00,2.717122077941894531e+00,1.707561492919921875e+00,9.999999403953552246e-01,3.414360398892313242e-04,-7.400535105261951685e-05,2.531792270019650459e-04
2.490841150283813477e+00,1.932871341705322266e+00,6.301331996917724609e+00,9.999989867210388184e-01,2.878615077861468308e-06,3.740936517715454102e-04,1.443133573047816753e-03
7.320127010345458984e+00,2.198559284210205078e+00,7.031664848327636719e+00,9.999912381172180176e-01,-4.836176813114434481e-04,4.120791330933570862e-03,-6.623151712119579315e-04
4.498141765594482422e+00,3.680138587951660156e+00,3.218855381011962891e+00,9.999997019767761230e-01,-1.993584301089867949e-04,-1.575591013533994555e-04,-8.221298921853303909e-04
1.970239877700805664e+00,5.387818336486816406e+00,5.295024514198303223e-01,9.999340176582336426e-01,8.782393299043178558e-03,7.386159151792526245e-03,-5.672781844623386860e-04
6.833415985107421875e+00,4.053726196289062500e+00,6.635126113891601562e+00,9.999989867210388184e-01,4.469204286579042673e-04,4.271641664672642946e-04,-1.310142804868519306e-03
3.025503396987915039e+00,1.194228529930114746e+00,5.980965614318847656e+00,9.999795556068420410e-01,4.240342415869235992e-03,-4.745173268020153046e-03,6.910213269293308258e-04
1.095859706401824951e-01,6.954821109771728516e+00,4.929033219814300537e-01,9.999333620071411133e-01,-9.260753169655799866e-03,1.735038240440189838e-04,6.891113240271806717e-03
6.904545783996582031e+00,2.025004386901855469e+00,3.667474687099456787e-01,9.999390244483947754e-01,9.301105514168739319e-03,5.955460947006940842e-03,-2.324150409549474716e-04
4.741592407226562500e+00,3.540414810180664062e+00,1.949074745178222656e+00,9.999983906745910645e-01,-7.682041614316403866e-04,-4.032229189760982990e-04,1.590929925441741943e-03
3.050295114517211914e+00,5.163760185241699219e+00,4.311745166778564453e+00,9.999983906745910645e-01,-1.646451768465340137e-03,7.607305888086557388e-04,-1.234169321833178401e-04
7.406002521514892578e+00,3.494678735733032227e+00,3.623123407363891602e+00,9.999975562095642090e-01,-1.208910689456388354e-04,2.046452602371573448e-03,-8.435498457401990891e-04
2.772745847702026367e+00,1.322243332862854004e+00,6.533792972564697266e+00,9.998912811279296875e-01,-7.229346781969070435e-03,1.017202623188495636e-02,7.857583463191986084e-03
6.369392871856689453e+00,9.489820003509521484e-01,1.000144839286804199e+00,9.999994635581970215e-01,-1.758558937581256032e-04,-8.597214036853983998e-05,-1.099097076803445816e-03
1.961553573608398438e+00,3.663999557495117188e+00,6.533579349517822266e+00,9.999424219131469727e-01,-3.413688158616423607e-03,-6.869437638670206070e-03,-7.508718408644199371e-03
2.599713802337646484e+00,7.354870796203613281e+00,6.005133628845214844e+00,9.999960064888000488e-01,-1.107552903704345226e-03,-2.590003423392772675e-03,3.571964725779253058e-06
4.399331569671630859e+00,9.121419787406921387e-01,8.493262529373168945e-01,9.999965429306030273e-01,1.907075784401968122e-04,-2.529231831431388855e-03,-8.133647497743368149e-04
7.173475265502929688e+00,1.195913672447204590e+00,6.079983711242675781e+00,9.999985098838806152e-01,-7.750139338895678520e-04,1.262790290638804436e-03,-9.328003507107496262e-04
3.492549896240234375e+00,4.759540557861328125e+00,2.011404991149902344e+00,9.999940991401672363e-01,2.188504586229100823e-04,1.228520064614713192e-03,3.221285063773393631e-03
4.924512386322021484e+00,6.344033718109130859e+00,7.631451487541198730e-01,9.998696446418762207e-01,-1.234788075089454651e-02,9.720812551677227020e-03,3.722878405824303627e-03
4.633651733398437500e+00,7.364101409912109375e+00,6.965909481048583984e+00,9.999894499778747559e-01,-2.619148697704076767e-03,-2.419970463961362839e-03,-2.926604356616735458e-03
3.123460054397583008e+00,6.817355632781982422e+00,3.555520623922348022e-02,9.999697208404541016e-01,-2.045676345005631447e-03,5.557742435485124588e-03,-5.051706917583942413e-03
4.599023342132568359e+00,1.213696718215942383e+00,3.283924341201782227e+00,9.999299645423889160e-01,-2.513723215088248253e-03,9.856782853603363037e-03,6.052960176020860672e-03
2.617421448230743408e-01,3.620308160781860352e+00,3.740667343139648438e+00,9.998047947883605957e-01,1.180538255721330643e-02,1.583807542920112610e-02,-5.567068583332002163e-04
3.731466829776763916e-01,4.555058956146240234e+00,4.645734786987304688e+00,9.999960660934448242e-01,-1.201346050947904587e-03,1.945262483786791563e-04,-2.543273381888866425e-03
2.058099508285522461e+00,7.213300228118896484e+00,1.978958606719970703e+00,9.999997615814208984e-01,-5.206959904171526432e-04,3.894780238624662161e-04,3.281311655882745981e-04
3.884340524673461914e+00,5.564464092254638672e+00,2.763631343841552734e+00,9.999985098838806152e-01,-1.230700290761888027e-03,4.855036677327007055e-04,-1.181863714009523392e-03
1.480241298675537109e+00,7.152175903320312500e+00,5.905992984771728516e+00,9.999917745590209961e-01,-3.871144494041800499e-03,-1.187219633720815182e-03,-3.111614205408841372e-04
3.126792669296264648e+00,4.030835151672363281e+00,4.236398696899414062e+00,9.999995231628417969e-01,4.735757829621434212e-04,-5.471965414471924305e-04,7.025672239251434803e-04
7.398978710174560547e+00,1.332052111625671387e+00,3.089799642562866211e+00,9.999833106994628906e-01,-7.731931400485336781e-04,3.748151706531643867e-03,-4.320222884416580200e-03
7.177273273468017578e+00,2.941802263259887695e+00,2.200059175491333008e+00,9.999979734420776367e-01,4.935205797664821148e-04,-6.637287442572414875e-04,1.862704753875732422e-03
3.759878873825073242e-01,6.826561927795410156e+00,7.105667591094970703e+00,9.999958276748657227e-01,2.457333728671073914e-03,-1.260016346350312233e-03,8.995393291115760803e-04
6.883121967315673828e+00,2.593349933624267578e+00,2.015836477279663086e+00,9.999989271163940430e-01,8.383095264434814453e-04,-8.823864627629518509e-04,9.062815806828439236e-04
6.324811935424804688e+00,4.298233032226562500e+00,3.571941852569580078e-01,9.999998807907104492e-01,6.326344009721651673e-05,2.104838640661910176e-04,-4.275695246178656816e-04
5.921747088432312012e-01,1.315976023674011230e+00,6.898450374603271484e+00,9.999927282333374023e-01,-3.560541663318872452e-03,-1.369290286675095558e-03,-4.324673209339380264e-04
5.721306800842285156e+00,4.473662376403808594e+00,1.263704538345336914e+00,9.999991059303283691e-01,8.170517685357481241e-05,8.903260459192097187e-04,1.041581039316952229e-03
6.293188571929931641e+00,1.448000907897949219e+00,1.672319412231445312e+00,9.999997019767761230e-01,7.769893854856491089e-04,6.258661596802994609e-05,3.590451669879257679e-04
3.861648440361022949e-01,2.240916490554809570e+00,4.343193531036376953e+00,9.999995827674865723e-01,-4.522929375525563955e-04,6.107217050157487392e-04,6.063121836632490158e-04
3.786907672882080078e+00,8.413400501012802124e-02,4.592463493347167969e+00,1.000000000000000000e+00,1.655268570175394416e-04,-1.100797453545965254e-04,-1.231741916853934526e-04
4.659618139266967773e-01,2.085757732391357422e+00,2.087046384811401367e+00,9.999028444290161133e-01,7.940921932458877563e-03,1.099157519638538361e-02,3.237348515540361404e-03
4.840572357177734375e+00,1.932405233383178711e-01,3.236710309982299805e+00,9.999996423721313477e-01,3.033693064935505390e-04,5.947449826635420322e-04,-6.109602982178330421e-04
2.944541931152343750e+00,2.037325382232666016e+00,5.059250831604003906e+00,9.999336004257202148e-01,-9.055110625922679901e-03,-4.701204597949981689e-03,5.365358199924230576e-03
1.653292298316955566e+00,4.438472747802734375e+00,4.205088615417480469e+00,9.999987483024597168e-01,1.181922969408333302e-03,-4.627791058737784624e-04,-9.991885162889957428e-04
1.846082687377929688e+00,4.161799907684326172e+00,6.204231739044189453e+00,9.999983906745910645e-01,1.600937568582594395e-03,8.656208519823849201e-04,-1.073781531886197627e-04
1.845023036003112793e+00,1.980480313301086426e+00,4.142084121704101562e+00,9.999302029609680176e-01,4.231575410813093185e-03,-3.503574291244149208e-03,-1.046598330140113831e-02
3.846237808465957642e-02,7.152620315551757812e+00,3.613849401473999023e+00,9.999808073043823242e-01,1.356079737888649106e-04,3.651809878647327423e-03,5.006882827728986740e-03
7.475571155548095703e+00,3.201536893844604492e+00,5.246033668518066406e+00,9.999989271163940430e-01,7.890366832725703716e-04,1.300206640735268593e-03,-2.136003968189470470e-05
3.369556903839111328e+00,6.595988273620605469e+00,2.872877359390258789e+00,9.999856352806091309e-01,-2.612739044707268476e-04,3.352921921759843826e-03,4.183308687061071396e-03
3.791972637176513672e+00,3.417041778564453125e+00,5.891550064086914062e+00,9.999990463256835938e-01,-1.080691698007285595e-03,8.715908043086528778e-04,6.090470560593530536e-05
3.842872142791748047e+00,6.948071479797363281e+00,4.458651065826416016e+00,1.000000000000000000e+00,-2.308392577106133103e-04,-3.926898716599680483e-05,-5.871489520359318703e-06
4.826290607452392578e+00,3.594875931739807129e-01,4.516216754913330078e+00,9.999897480010986328e-01,-7.479236228391528130e-04,-1.140413689427077770e-03,4.311960656195878983e-03
2.622232198715209961e+00,3.262083828449249268e-01,9.713644385337829590e-01,9.999992251396179199e-01,-3.715013735927641392e-04,4.863400245085358620e-04,-1.128699514083564281e-03
4.172988533973693848e-01,6.969883441925048828e+00,1.720489501953125000e+00,9.999995827674865723e-01,6.755132926627993584e-04,6.500998279079794884e-05,-6.705519044771790504e-04
3.262408494949340820e+00,4.362149238586425781e+00,4.322566032409667969e+00,1.000000000000000000e+00,1.727782509988173842e-04,-2.385549123573582619e-05,2.446756698191165924e-04
6.432317733764648438e+00,2.121590614318847656e+00,7.293458461761474609e+00,1.000000000000000000e+00,1.547640422359108925e-04,-8.120387064991518855e-05,2.494847467460203916e-05
2.857415199279785156e+00,4.046600818634033203e+00,5.501865863800048828e+00,9.998310804367065430e-01,4.671897113439626992e-05,-1.835671626031398773e-02,9.885452454909682274e-04
1.457102894783020020e+00,1.284678697586059570e+00,3.497669696807861328e+00,9.999993443489074707e-01,-2.911124029196798801e-04,-6.684799445793032646e-04,-9.758818778209388256e-04
6.840065479278564453e+00,4.289736151695251465e-01,7.117856502532958984e+00,9.999969601631164551e-01,8.801731164567172527e-04,1.927572884596884251e-03,-1.320881885476410389e-03
1.328366160392761230e+00,5.319934368133544922e+00,4.295241832733154297e+00,9.999999403953552246e-01,3.288866428192704916e-04,2.599761937744915485e-04,-2.468916063662618399e-04
3.037943243980407715e-01,1.380046010017395020e+00,3.774281263351440430e+00,9.999978542327880859e-01,-1.839268603362143040e-03,6.882098386995494366e-04,-7.768133655190467834e-04
1.503475785255432129e+00,1.773043513298034668e+00,7.024712562561035156e-01,9.999573826789855957e-01,1.846276689320802689e-03,8.780489675700664520e-03,-2.215196145698428154e-03
7.117175102233886719e+00,3.107599496841430664e+00,6.573331952095031738e-01,9.999895095825195312e-01,-3.511782269924879074e-03,2.944421255961060524e-03,-3.918428265023976564e-04
8.437096476554870605e-01,2.794626712799072266e+00,3.310377120971679688e+00,9.998946785926818848e-01,1.415871083736419678e-02,-1.907753292471170425e-03,-2.566593000665307045e-03
1.185147166252136230e+00,7.351502418518066406e+00,6.345859169960021973e-01,9.999986886978149414e-01,1.260665478184819221e-03,9.605190716683864594e-04,-5.344572127796709538e-04
3.011341094970703125e+00,7.405684471130371094e+00,1.331209778785705566e+00,9.999929666519165039e-01,5.575393515755422413e-05,-2.263525733724236488e-03,-3.002391895279288292e-03
5.492282390594482422e+00,1.871966361999511719e+00,6.450348377227783203e+00,9.999572038650512695e-01,7.983753457665443420e-03,-4.209734033793210983e-03,-2.041321247816085815e-03
4.286835193634033203e+00,2.198565006256103516e+00,1.132488369941711426e+00,9.998992085456848145e-01,-6.183028221130371094e-03,-8.735980838537216187e-03,9.337872266769409180e-03
1.219802796840667725e-01,1.277085781097412109e+00,2.592033386230468750e+00,9.999977350234985352e-01,-5.550642963498830795e-04,2.092100214213132858e-03,-2.045370783889666200e-04
9.196531772613525391e-02,6.781055927276611328e+00,5.988711357116699219e+00,9.999695420265197754e-01,1.467511639930307865e-03,4.377437755465507507e-03,6.299956701695919037e-03
5.960323333740234375e+00,6.665197849273681641e+00,4.119066715240478516e+00,9.999979138374328613e-01,-1.363642164506018162e-03,-4.737721465062350035e-04,-1.439447747543454170e-03
1.270924210548400879e+00,5.660723686218261719e+00,1.627396821975708008e+00,9.998122453689575195e-01,1.773169822990894318e-02,5.478268489241600037e-03,5.576765164732933044e-03
5.351382255554199219e+00,8.419373631477355957e-01,7.019339084625244141e+00,9.999286532402038574e-01,-1.009032595902681351e-02,1.577080227434635162e-03,-6.195064634084701538e-03
5.687853336334228516e+00,5.939956665039062500e+00,3.753299951553344727e+00,9.999983310699462891e-01,7.187369628809392452e-04,8.797568734735250473e-04,1.483046682551503181e-03
1.699801445007324219e+00,6.045657157897949219e+00,4.146444320678710938e+00,9.999951124191284180e-01,1.997661078348755836e-03,9.274788899347186089e-04,2.211466897279024124e-03
1.884332060813903809e+00,6.946059703826904297e+00,5.297695636749267578e+00,9.999040365219116211e-01,3.887927625328302383e-03,-1.186179276555776596e-02,-6.009066011756658554e-03
7.199464797973632812e+00,3.400931835174560547e+00,7.363173961639404297e+00,9.999992251396179199e-01,1.150498632341623306e-03,1.904274104163050652e-04,-5.586220650002360344e-04
4.232484340667724609e+00,4.420651912689208984e+00,5.817153453826904297e+00,9.999977946281433105e-01,-1.067698583938181400e-03,3.715008206199854612e-04,1.820635166950523853e-03
1.763955116271972656e+00,1.213680982589721680e+00,6.485468864440917969e+00,9.999947547912597656e-01,-2.167386934161186218e-03,-2.104987157508730888e-03,1.234538736753165722e-03
5.168921470642089844e+00,2.972953319549560547e+00,1.463588237762451172e+00,9.999982118606567383e-01,-9.327139705419540405e-04,-1.193723990581929684e-03,-1.132204779423773289e-03
4.238964557647705078e+00,4.285852432250976562e+00,2.285506963729858398e+00,9.999894499778747559e-01,1.300752628594636917e-03,2.325535984709858894e-03,-3.759561805054545403e-03
2.475996732711791992e+00,2.579558610916137695e+00,1.706373393535614014e-01,9.999997019767761230e-01,-1.953548926394432783e-04,-7.928647683002054691e-04,-1.542805694043636322e-04
7.164054393768310547e+00,5.074289798736572266e+00,1.675774574279785156e+00,9.999640583992004395e-01,-7.443446666002273560e-03,-2.649643225595355034e-03,-3.084893571212887764e-03
3.322165489196777344e+00,3.067164182662963867e+00,3.971865415573120117e+00,9.999892115592956543e-01,3.584602382034063339e-03,1.809247885830700397e-03,-2.366480184718966484e-03
2.232176303863525391e+00,5.143383741378784180e-01,2.254786491394042969e+00,9.999443292617797852e-01,7.330636493861675262e-03,5.834509618580341339e-03,4.866489674896001816e-03
4.555441856384277344e+00,7.243348598480224609e+00,1.530680775642395020e+00,9.999983310699462891e-01,1.331589650362730026e-03,-8.640807936899363995e-04,-8.887642761692404747e-04
2.739572525024414062e+00,1.348993089050054550e-02,1.477269172668457031e+00,9.999987483024597168e-01,8.962850552052259445e-04,-1.304804347455501556e-03,-3.641783259809017181e-04
6.533733367919921875e+00,1.791549801826477051e+00,4.522839188575744629e-01,9.999959468841552734e-01,2.190456725656986237e-03,1.293419627472758293e-03,-1.312199397943913937e-03
5.871600627899169922e+00,5.769557952880859375e+00,5.760094165802001953e+00,9.999977946281433105e-01,-1.953722210600972176e-03,-4.307966155465692282e-04,-7.141727255657315254e-04
7.013684272766113281e+00,6.922408103942871094e+00,5.762729644775390625e+00,9.999877214431762695e-01,-1.596578978933393955e-03,2.793609630316495895e-03,3.774521173909306526e-03
9.320798516273498535e-02,4.735483646392822266e+00,3.847127676010131836e+00,9.999955892562866211e-01,2.131388522684574127e-03,-1.909201499074697495e-03,-8.747699903324246407e-04
5.655604839324951172e+00,2.365520000457763672e+00,3.619111537933349609e+00,9.999988079071044922e-01,1.156360376626253128e-03,-1.001808093860745430e-03,2.199309674324467778e-04
5.949161052703857422e+00,9.972957968711853027e-01,6.936710834503173828e+00,9.999927878379821777e-01,-1.534134033136069775e-03,1.403993810527026653e-03,-3.205455373972654343e-03
3.602346658706665039e+00,6.168374538421630859e+00,2.578598976135253906e+00,9.999447464942932129e-01,7.399997673928737640e-03,8.107859757728874683e-04,-7.425653282552957535e-03
4.245999813079833984e+00,9.228931069374084473e-01,3.412687301635742188e+00,9.999940991401672363e-01,2.558004343882203102e-03,3.004481841344386339e-04,-2.297284547239542007e-03
4.545573711395263672e+00,1.989244341850280762e+00,7.486947536468505859e+00,9.999992847442626953e-01,3.996710001956671476e-04,-1.113988691940903664e-03,2.625911729410290718e-04
5.571922302246093750e+00,7.285591602325439453e+00,4.849860668182373047e+00,9.999998807907104492e-01,-1.783512016118038446e-05,-4.272174846846610308e-04,-2.320920175407081842e-04
6.515195369720458984e+00,3.421548604965209961e+00,5.861348152160644531e+00,9.999878406524658203e-01,-4.878521896898746490e-03,-4.606988222803920507e-04,-6.273062899708747864e-04
9.092386364936828613e-01,1.999380469322204590e+00,2.727950096130371094e+00,9.999989867210388184e-01,1.245353254489600658e-03,-2.209076337749138474e-04,-7.186175207607448101e-04
9.369968175888061523e-01,4.281701087951660156e+00,3.084626674652099609e+00,9.999970197677612305e-01,1.334283733740448952e-03,1.959622371941804886e-03,6.969591486267745495e-04
5.697000026702880859e+00,6.445442676544189453e+00,1.861136317253112793e+00,9.999996423721313477e-01,1.696549443295225501e-04,5.114205996505916119e-04,-6.823703879490494728e-04
3.573986291885375977e+00,2.245957612991333008e+00,6.034525394439697266e+00,9.998585581779479980e-01,1.220353506505489349e-02,1.155388541519641876e-02,6.697810022160410881e-04
1.625429868698120117e+00,6.049849510192871094e+00,3.501342773437500000e+00,9.999989867210388184e-01,1.396374427713453770e-03,4.441874916665256023e-04,-1.908533595269545913e-04
4.406857013702392578e+00,4.977559089660644531e+00,4.802796363830566406e+00,9.999995827674865723e-01,-3.851221990771591663e-04,-8.441399550065398216e-04,1.520629593869671226e-04
3.659478187561035156e+00,5.936678886413574219e+00,4.881547987461090088e-01,9.999966621398925781e-01,-2.673374729056376964e-05,-8.440685342065989971e-04,2.477346686646342278e-03
4.002672672271728516e+00,1.946418434381484985e-01,3.918441295623779297e+00,9.999949336051940918e-01,-2.243529539555311203e-03,-1.071767648681998253e-03,2.001144224777817726e-03
6.056923791766166687e-02,5.223853588104248047e+00,5.303106784820556641e+00,9.998907446861267090e-01,-6.973748095333576202e-03,-1.303119771182537079e-02,8.838859503157436848e-05
1.536199212074279785e+00,2.698080062866210938e+00,3.582520961761474609e+00,9.999994635581970215e-01,8.553137304261326790e-04,6.025518523529171944e-04,2.086636814055964351e-04
1.060515165328979492e+00,4.697147369384765625e+00,1.650903940200805664e+00,9.999989867210388184e-01,-7.562271784991025925e-04,-1.083531882613897324e-03,6.346054724417626858e-04
3.554560244083404541e-01,4.444139599800109863e-01,4.005131721496582031e+00,9.999947547912597656e-01,3.185064531862735748e-03,-6.375396624207496643e-04,3.895452391589060426e-05
3.593154549598693848e-01,6.862764835357666016e+00,6.740298271179199219e-01,9.999599456787109375e-01,-5.382629111409187317e-03,2.118554664775729179e-03,6.828857120126485825e-03
5.228532314300537109e+00,1.860492467880249023e+00,2.310953855514526367e+00,9.999988675117492676e-01,-3.103887866018339992e-05,-1.156902755610644817e-03,-1.033209380693733692e-03
1.049713969230651855e+00,3.392078399658203125e+00,2.309685230255126953e+00,9.999978542327880859e-01,8.334379526786506176e-04,-3.256160125602036715e-04,-1.881859381683170795e-03
4.538454055786132812e+00,2.179937601089477539e+00,2.111178636550903320e+00,9.999098181724548340e-01,1.022808160632848740e-02,-8.623672649264335632e-03,-1.144221168942749500e-03
6.325923442840576172e+00,4.917935371398925781e+00,1.013360023498535156e+00,9.999247193336486816e-01,-6.587288953596726060e-05,-1.220751833170652390e-02,-1.238117576576769352e-03
5.085300922393798828e+00,5.799616336822509766e+00,1.603409171104431152e+00,9.999994635581970215e-01,9.714427869766950607e-04,-7.621142140123993158e-05,-4.903806257061660290e-04
1.227574571967124939e-01,3.179551124572753906e+00,1.088708519935607910e+00,9.999315142631530762e-01,4.670948255807161331e-03,1.072106510400772095e-02,5.821969825774431229e-04
4.099619388580322266e+00,1.321448385715484619e-01,1.828406691551208496e+00,9.999930262565612793e-01,3.715831844601780176e-04,-3.721752669662237167e-03,1.496572658652439713e-04
5.877400875091552734e+00,5.159215450286865234e+00,3.264308691024780273e+00,9.999871253967285156e-01,8.752355934120714664e-04,4.289222881197929382e-03,-2.579737920314073563e-03
9.582248926162719727e-01,3.605310201644897461e+00,5.779960155487060547e+00,9.999992847442626953e-01,-6.570834666490554810e-04,-2.543303126003593206e-04,-1.006170175969600677e-03
1.834829568862915039e+00,2.875683784484863281e+00,3.675444126129150391e+00,9.999991655349731445e-01,1.084471703507006168e-03,6.899536820128560066e-04,2.951545466203242540e-04
1.909164547920227051e+00,4.498633384704589844e+00,7.220882892608642578e+00,9.999989271163940430e-01,1.668378536123782396e-04,1.663402217673137784e-04,-1.515307463705539703e-03
4.037351131439208984e+00,7.233618736267089844e+00,4.439083099365234375e+00,9.999998211860656738e-01,3.529644163791090250e-04,2.961528371088206768e-04,-5.392570747062563896e-04
5.453790187835693359e+00,2.509062051773071289e+00,6.360126972198486328e+00,9.999846816062927246e-01,-4.751756321638822556e-03,-1.379048218950629234e-03,2.491158666089177132e-03
7.422824949026107788e-02,6.207555770874023438e+00,3.414561510086059570e+00,9.999989271163940430e-01,1.497148303315043449e-03,1.924526586662977934e-04,2.920793485827744007e-05
7.387375354766845703e+00,3.863276243209838867e+00,7.395658969879150391e+00,9.999997615814208984e-01,4.827448865398764610e-04,2.550128847360610962e-04,-5.055351648479700089e-04
7.241867542266845703e+00,6.263391494750976562e+00,2.767298698425292969e+00,9.999138712882995605e-01,-1.150394137948751450e-02,4.260017536580562592e-03,4.673408810049295425e-03
4.304980114102363586e-02,8.451751470565795898e-01,2.762511491775512695e+00,9.998538494110107422e-01,-4.529230296611785889e-03,-5.107799544930458069e-03,-1.567557081580162048e-02
6.525214672088623047e+00,1.150483965873718262e+00,5.430885791778564453e+00,9.999340772628784180e-01,-1.893154345452785492e-03,-1.023109164088964462e-02,4.855324048548936844e-03
7.109285354614257812e+00,3.598788976669311523e+00,2.424406051635742188e+00,9.999966025352478027e-01,2.311870222911238670e-03,-5.613283137790858746e-04,1.140758395195007324e-03
3.326782464981079102e+00,8.351122736930847168e-01,3.891366004943847656e+00,1.000000000000000000e+00,1.461142965126782656e-04,3.575859009288251400e-04,5.917622547713108361e-05
7.451332092285156250e+00,3.405045986175537109e+00,1.527311801910400391e+00,9.999935030937194824e-01,4.039524937979876995e-04,3.146050265058875084e-03,-1.715139835141599178e-03
8.745472431182861328e-01,1.750429987907409668e+00,1.183293223381042480e+00,9.999986290931701660e-01,1.397594169247895479e-04,-7.573608309030532837e-04,1.491076429374516010e-03
2.317688703536987305e+00,6.714436531066894531e+00,3.045249700546264648e+00,9.999997019767761230e-01,-1.124838454416021705e-04,8.378804777748882771e-04,-9.884345672617200762e-06
7.481943368911743164e-01,3.918265104293823242e+00,1.980979681015014648e+00,9.999999403953552246e-01,-1.716724218567833304e-04,-4.359857412055134773e-04,5.156681436346843839e-05
1.863605499267578125e+00,2.122457504272460938e+00,1.351010441780090332e+00,9.999957680702209473e-01,1.509870286099612713e-03,2.224306575953960419e-03,-1.118160202167928219e-03
3.928074836730957031e+00,3.447803556919097900e-01,3.056725740432739258e+00,9.997819662094116211e-01,-1.914376020431518555e-02,-3.669722937047481537e-03,7.489161100238561630e-03
9.603039175271987915e-02,5.638602733612060547e+00,2.085755586624145508e+00,9.998489618301391602e-01,-7.629203610122203827e-03,6.368249654769897461e-03,1.426154840737581253e-02
2.948431491851806641e+00,2.627866744995117188e+00,1.345036745071411133e+00,9.999926090240478516e-01,-1.282411976717412472e-04,-2.542240777984261513e-03,2.893414581194519997e-03
1.263347119092941284e-01,5.289723873138427734e+00,1.502127766609191895e+00,9.999959468841552734e-01,-2.605619607493281364e-03,-6.214595050550997257e-04,1.003177836537361145e-03
2.057516574859619141e+00,1.852886319160461426e+00,2.866602659225463867e+00,9.999932050704956055e-01,-2.452290791552513838e-04,2.828009892255067825e-03,2.382623264566063881e-03
9.802613854408264160e-01,5.165452480316162109e+00,2.996366322040557861e-01,9.999982118606567383e-01,-1.329626684309914708e-04,-1.126219431171193719e-04,1.903673983179032803e-03
3.390664815902709961e+00,6.852415204048156738e-02,2.334571838378906250e+00,9.999970793724060059e-01,1.458465703763067722e-03,7.778907893225550652e-04,1.812591333873569965e-03
6.398343563079833984e+00,5.349057197570800781e+00,4.429039001464843750e+00,9.999043941497802734e-01,4.920944105833768845e-03,1.292021106928586960e-02,-3.746322181541472673e-04
2.311458587646484375e+00,2.827785730361938477e+00,2.534077405929565430e+00,1.000000000000000000e+00,6.522074727399740368e-06,-9.405807213624939322e-05,-1.701421278994530439e-04
7.139328956604003906e+00,9.177696108818054199e-01,3.341202974319458008e+00,9.999978542327880859e-01,7.202979177236557007e-04,1.699901069514453411e-03,9.234960307367146015e-04
6.491855144500732422e+00,4.903541803359985352e-01,1.925222277641296387e+00,9.999966025352478027e-01,-1.653937797527760267e-04,-5.950979539193212986e-04,-2.562552224844694138e-03
2.852379798889160156e+00,3.236618757247924805e+00,1.629674196243286133e+00,9.999996423721313477e-01,-7.830087270122021437e-05,-6.090131937526166439e-04,-6.465215119533240795e-04
4.821159362792968750e+00,4.711266994476318359e+00,1.866165697574615479e-01,9.998313784599304199e-01,-8.581205271184444427e-03,1.570093259215354919e-02,4.138717893511056900e-03
2.777965545654296875e+00,2.213128089904785156e+00,6.003028869628906250e+00,9.999983310699462891e-01,6.016648258082568645e-04,-3.591549175325781107e-04,1.726308139041066170e-03
6.921643733978271484e+00,1.422654390335083008e+00,4.176378548145294189e-01,9.999599456787109375e-01,-7.488915696740150452e-03,4.334594123065471649e-03,-2.300596330314874649e-03
6.757586002349853516e+00,4.713716506958007812e-01,4.987637042999267578e+00,9.999632835388183594e-01,-6.178427021950483322e-03,1.184591441415250301e-03,-5.811640061438083649e-03
6.562694549560546875e+00,3.698832750320434570e+00,1.413033127784729004e+00,9.999977946281433105e-01,-1.628617465030401945e-04,-1.423312787665054202e-04,-2.115601673722267151e-03
6.841405391693115234e+00,1.315903544425964355e+00,1.420154571533203125e+00,9.999991655349731445e-01,1.140373278758488595e-04,-1.255286741070449352e-03,-5.064910510554909706e-04
2.711827039718627930e+00,5.868205070495605469e+00,6.086238384246826172e+00,9.999933838844299316e-01,-3.380432957783341408e-03,-1.315455068834125996e-03,1.650981284910812974e-04
7.490285396575927734e+00,6.609749794006347656e+00,2.208776950836181641e+00,9.999861717224121094e-01,3.648778074420988560e-04,-1.284702681005001068e-03,5.096156615763902664e-03
3.833698749542236328e+00,8.790878653526306152e-01,5.385223388671875000e+00,9.999992847442626953e-01,-1.479241764172911644e-04,9.127013036049902439e-04,-8.355999598279595375e-04
6.118161082267761230e-01,4.550129175186157227e-01,2.984670400619506836e+00,9.999290108680725098e-01,-9.070595726370811462e-03,6.359189748764038086e-03,4.407636821269989014e-03
7.101438999176025391e+00,6.975924491882324219e+00,4.874104976654052734e+00,9.999830126762390137e-01,1.011372776702046394e-03,-1.847156323492527008e-03,5.452784709632396698e-03
5.521119594573974609e+00,5.150767803192138672e+00,1.456048965454101562e+00,9.999962449073791504e-01,-1.014952198602259159e-03,1.402368652634322643e-03,2.144168131053447723e-03
7.244353294372558594e+00,3.458149194717407227e+00,5.494345188140869141e+00,9.999980926513671875e-01,2.596729318611323833e-04,-1.948132296092808247e-03,-1.521662052255123854e-04
9.858667850494384766e-01,7.491569519042968750e+00,4.344811916351318359e+00,9.999489188194274902e-01,-5.181553307920694351e-03,4.826984368264675140e-03,-7.220487575978040695e-03
1.268300175666809082e+00,8.696926832199096680e-01,1.830523610115051270e+00,9.999924302101135254e-01,-7.394702406600117683e-04,-2.832232275977730751e-03,2.560450462624430656e-03
9.991088509559631348e-02,5.796794891357421875e-01,6.853142261505126953e+00,9.999994039535522461e-01,-1.060559181496500969e-03,-4.229988262522965670e-04,-7.095507316989824176e-05
4.232863426208496094e+00,4.481449604034423828e+00,1.263129413127899170e-01,9.999998807907104492e-01,4.446908133104443550e-04,3.187352849636226892e-04,-1.929118589032441378e-04
2.015965461730957031e+00,6.812190055847167969e+00,6.752461910247802734e+00,9.998981356620788574e-01,3.521951846778392792e-03,-1.215784344822168350e-02,6.599846761673688889e-03
3.085108280181884766e+00,2.301124811172485352e+00,4.535897254943847656e+00,9.999988079071044922e-01,1.125623122788965702e-03,3.957521694246679544e-04,1.030657207593321800e-03
5.361336231231689453e+00,6.730269908905029297e+00,3.157724857330322266e+00,9.998764991760253906e-01,1.012210850603878498e-03,1.421276479959487915e-02,-6.641419138759374619e-03
3.832294464111328125e+00,6.415187358856201172e+00,5.152601242065429688e+00,9.999915361404418945e-01,-1.111289253458380699e-03,2.283868147060275078e-03,-3.223900217562913895e-03
7.133414745330810547e-01,3.866605520248413086e+00,3.980780363082885742e+00,9.999927282333374023e-01,-2.402130747213959694e-03,-2.915245015174150467e-03,5.672484403476119041e-04
8.171866536140441895e-01,6.859901428222656250e+00,7.102519989013671875e+00,9.999976158142089844e-01,2.178370719775557518e-03,-1.155186619143933058e-04,-3.311252221465110779e-04
6.463818073272705078e+00,9.415286183357238770e-01,1.618296861648559570e+00,9.999885559082031250e-01,-3.029383020475506783e-03,-3.553929040208458900e-03,-1.083584851585328579e-03
4.404387176036834717e-01,7.067860126495361328e+00,3.049296379089355469e+00,9.999996423721313477e-01,-1.174453063867986202e-04,1.628006430109962821e-04,-8.943814900703728199e-04
3.852917194366455078e+00,6.042157173156738281e+00,1.301585435867309570e+00,9.999964237213134766e-01,1.312740030698478222e-03,1.863544341176748276e-03,1.408001990057528019e-03
5.709908008575439453e+00,1.620282530784606934e+00,2.666980504989624023e+00,9.999992251396179199e-01,2.420447999611496925e-04,-6.903088069520890713e-04,1.035026740282773972e-03
6.284146308898925781e-01,9.680255651473999023e-01,9.234738945960998535e-01,9.999991655349731445e-01,1.155781559646129608e-03,2.410060697002336383e-04,6.639438215643167496e-04
2.302818775177001953e+00,3.063246726989746094e+00,5.112218856811523438e-01,9.998980164527893066e-01,-8.936823345720767975e-03,-7.632141932845115662e-03,8.125439286231994629e-03
5.742194175720214844e+00,6.399440765380859375e+00,4.904541492462158203e+00,9.999843239784240723e-01,3.876222763210535049e-03,3.956681583076715469e-03,8.545863674953579903e-04
6.591107845306396484e-01,4.350071430206298828e+00,4.149960517883300781e+00,9.999988079071044922e-01,8.508422179147601128e-04,3.357724344823509455e-04,-1.280636759474873543e-03
4.743851661682128906e+00,2.609811544418334961e+00,6.502217292785644531e+00,9.999886751174926758e-01,-3.939055372029542923e-03,2.053061733022332191e-03,-1.714843558147549629e-03
7.028479576110839844e+00,5.203830718994140625e+00,5.509769439697265625e+00,9.999993443489074707e-01,3.746583533938974142e-04,-1.138983876444399357e-03,4.616865771822631359e-05
2.743792057037353516e+00,3.439491748809814453e+00,2.272424459457397461e+00,9.999997019767761230e-01,-3.514527343213558197e-04,5.136263207532465458e-04,-5.881362012587487698e-04
3.007430315017700195e+00,1.101989865303039551e+00,6.464158058166503906e+00,9.999911189079284668e-01,1.038644229993224144e-03,8.085962035693228245e-04,4.021978005766868591e-03
1.013681292533874512e+00,5.674901485443115234e+00,6.845154762268066406e+00,9.999002814292907715e-01,7.550796493887901306e-03,-6.043691653758287430e-03,-1.029047928750514984e-02
6.983288764953613281e+00,8.812402486801147461e-01,4.150260925292968750e+00,9.999980330467224121e-01,1.743215136229991913e-03,-6.132075213827192783e-04,7.956040790304541588e-04
5.896953582763671875e+00,2.906572818756103516e+00,3.395572662353515625e+00,9.999971985816955566e-01,-5.671181716024875641e-04,2.237086184322834015e-03,-6.699605146422982216e-04
1.327686548233032227e+00,3.724009037017822266e+00,1.929634809494018555e+00,9.999998807907104492e-01,-3.353091597091406584e-04,-2.110471832565963268e-04,4.288092604838311672e-04
6.915966987609863281e+00,6.578511714935302734e+00,1.865170955657958984e+00,9.999881386756896973e-01,2.822058275341987610e-03,-2.114179776981472969e-03,3.377991495653986931e-03
2.844810724258422852e+00,5.383852481842041016e+00,7.267992973327636719e+00,9.999617934226989746e-01,-5.745891481637954712e-03,-3.919388167560100555e-03,5.303683225065469742e-03
1.156449079513549805e+00,1.167453646659851074e+00,3.239549398422241211e+00,9.999995827674865723e-01,-7.784969056956470013e-04,2.705398655962198973e-04,-5.476439837366342545e-04
1.240730166435241699e+00,7.319417953491210938e+00,2.484477996826171875e+00,9.999963641166687012e-01,-8.508784812875092030e-04,2.122112782672047615e-03,1.412958954460918903e-03
1.920813918113708496e+00,3.507959127426147461e+00,3.085642814636230469e+00,9.999942183494567871e-01,1.666780328378081322e-03,-1.582652796059846878e-03,-2.532004844397306442e-03
3.583398342132568359e+00,6.414190769195556641e+00,3.031723737716674805e+00,9.999382495880126953e-01,-5.989637691527605057e-03,-9.345467202365398407e-03,5.301222554408013821e-04
4.463748931884765625e+00,4.773611068725585938e+00,2.687850594520568848e-01,9.997692704200744629e-01,-1.356383785605430603e-02,-8.043590933084487915e-03,1.458594389259815216e-02
1.783795475959777832e+00,1.894493460655212402e+00,6.285718441009521484e+00,9.999871253967285156e-01,-2.896514488384127617e-03,-5.903251003473997116e-04,4.144390579313039780e-03
3.598185062408447266e+00,1.592344880104064941e+00,5.483191609382629395e-01,9.999969005584716797e-01,1.619914197362959385e-03,2.315621532034128904e-05,1.927549019455909729e-03
2.621132850646972656e+00,5.805897712707519531e+00,3.364980936050415039e+00,9.999938011169433594e-01,-2.365909283980727196e-03,1.979839289560914040e-03,-1.684366492554545403e-03
6.579563140869140625e+00,2.192298173904418945e+00,5.817112445831298828e+00,9.995123147964477539e-01,-1.361382659524679184e-02,-2.178352139890193939e-02,1.775907725095748901e-02
6.384119033813476562e+00,6.748909950256347656e-01,3.586804866790771484e+00,9.998690485954284668e-01,1.267919782549142838e-02,9.881834499537944794e-03,-1.880640164017677307e-03
7.272804260253906250e+00,2.796682715415954590e-01,4.109903812408447266e+00,9.999594092369079590e-01,1.844912418164312840e-03,8.221840485930442810e-03,3.198555437847971916e-03
6.973810195922851562e+00,1.844191700220108032e-01,3.943383932113647461e+00,9.997492432594299316e-01,-1.409619115293025970e-02,-7.990102283656597137e-03,-1.545918174088001251e-02
5.901819705963134766e+00,3.281764984130859375e+00,3.736660480499267578e+00,9.999994635581970215e-01,-9.661563672125339508e-05,7.194104255177080631e-04,7.881064084358513355e-04
3.183067560195922852e+00,5.023621559143066406e+00,1.990148067474365234e+00,9.999998211860656738e-01,-3.188522532582283020e-04,-4.251335340086370707e-04,2.990374050568789244e-04
5.211852550506591797e+00,6.519712924957275391e+00,4.661406517028808594e+00,9.999787211418151855e-01,3.635246772319078445e-03,4.822251386940479279e-03,2.504214411601424217e-03
1.178310632705688477e+00,4.436877727508544922e+00,5.975543498992919922e+00,9.999917745590209961e-01,-5.872752517461776733e-04,2.948566805571317673e-03,2.740264171734452248e-03
7.587012648582458496e-02,4.447276592254638672e+00,6.837632060050964355e-01,9.999876618385314941e-01,-4.500459879636764526e-03,-1.761412364430725574e-03,1.221196027472615242e-03
3.571588754653930664e+00,4.762856006622314453e+00,6.576184749603271484e+00,9.999935030937194824e-01,2.428258769214153290e-03,-7.449083204846829176e-05,-2.687728963792324066e-03
6.131293773651123047e+00,5.432342052459716797e+00,9.448414444923400879e-01,9.998404979705810547e-01,-1.343943178653717041e-02,1.042121183127164841e-02,5.458062049001455307e-03
3.755596876144409180e+00,4.922524452209472656e+00,1.168059468269348145e+00,9.999468326568603516e-01,-4.313731624279171228e-04,-4.396798030938953161e-04,-1.029600016772747040e-02
3.167107820510864258e+00,1.497574806213378906e+00,3.689311265945434570e+00,9.999997615814208984e-01,2.507805475033819675e-04,-5.780097562819719315e-04,-4.095888871233910322e-04
6.462839126586914062e+00,4.841995716094970703e+00,7.466689586639404297e+00,9.999957680702209473e-01,1.026584184728562832e-03,1.050511724315583706e-03,-2.507007680833339691e-03
2.052170038223266602e+00,3.042614698410034180e+00,1.905058383941650391e+00,1.000000000000000000e+00,-8.083386637736111879e-05,2.075828233500942588e-04,2.080990379909053445e-04
2.707456111907958984e+00,3.326093673706054688e+00,3.321000576019287109e+00,9.998443722724914551e-01,9.490492753684520721e-03,-1.464552525430917740e-02,-2.587177325040102005e-03
4.421978890895843506e-01,1.905387938022613525e-01,3.271585702896118164e-01,9.999263286590576172e-01,-1.075778715312480927e-02,1.985152252018451691e-03,-5.273803602904081345e-03
1.113124564290046692e-01,1.836770415306091309e+00,4.992692947387695312e+00,9.999986290931701660e-01,-1.211783848702907562e-03,-1.129218260757625103e-03,-4.441500350367277861e-04
2.836371660232543945e+00,4.178386211395263672e+00,4.985777854919433594e+00,9.999981522560119629e-01,1.448617898859083652e-03,8.910959586501121521e-04,9.860866703093051910e-04
5.526065349578857422e+00,6.520467281341552734e+00,6.483353137969970703e+00,9.999157190322875977e-01,1.154302386566996574e-03,7.839608006179332733e-03,1.028449647128582001e-02
4.193965911865234375e+00,3.183888494968414307e-01,3.464452266693115234e+00,9.997664690017700195e-01,1.138790510594844818e-03,2.112530358135700226e-02,4.426869563758373260e-03
5.678462028503417969e+00,2.736998319625854492e+00,6.308550357818603516e+00,9.999968409538269043e-01,-2.432400826364755630e-03,2.851813624147325754e-04,-6.572267157025635242e-04
6.602281928062438965e-01,5.802741050720214844e+00,7.415970802307128906e+00,9.999992847442626953e-01,4.833033890463411808e-04,-7.681869465159252286e-05,1.139726955443620682e-03
8.878395557403564453e-01,4.343908131122589111e-01,1.253922343254089355e+00,1.000000000000000000e+00,2.022307744482532144e-04,9.761855471879243851e-05,1.043176307575777173e-04
7.416221141815185547e+00,1.798206418752670288e-01,4.376768112182617188e+00,9.999648928642272949e-01,-3.408911288715898991e-04,7.593980524688959122e-03,3.540385048836469650e-03
5.269463539123535156e+00,7.008978724479675293e-01,4.057210445404052734e+00,9.999837875366210938e-01,-1.305672805756330490e-03,4.834020975977182388e-03,2.729652915149927139e-03
6.824581623077392578e+00,5.309906005859375000e+00,3.450971543788909912e-01,9.999853372573852539e-01,-2.505352953448891640e-03,-3.430093405768275261e-03,3.386676311492919922e-03
6.937655448913574219e+00,5.168583869934082031e+00,4.681354522705078125e+00,9.999964237213134766e-01,1.785962493158876896e-03,-1.912438659928739071e-03,-6.568388780578970909e-04
2.177805423736572266e+00,5.725039482116699219e+00,3.188824892044067383e+00,9.999569654464721680e-01,5.128141492605209351e-03,7.580827455967664719e-03,-1.501252641901373863e-03
1.555858254432678223e+00,1.570420980453491211e+00,6.992705345153808594e+00,9.997379183769226074e-01,1.728638447821140289e-02,1.498973462730646133e-02,-7.909887353889644146e-04
6.402607917785644531e+00,6.582806706428527832e-01,4.333662033081054688e+00,9.999986290931701660e-01,1.622889074496924877e-03,-3.553475253283977509e-04,-3.445653419476002455e-04
3.352293491363525391e+00,7.398456573486328125e+00,1.948223352432250977e+00,9.999930858612060547e-01,-2.410614863038063049e-03,2.105350373312830925e-03,1.925309654325246811e-03
2.654567241668701172e+00,3.464893102645874023e+00,5.848734378814697266e+00,9.999987483024597168e-01,-7.767340866848826408e-04,-2.641782702994532883e-05,-1.406072871759533882e-03
4.792928218841552734e+00,3.785396099090576172e+00,2.829367160797119141e+00,9.999845623970031738e-01,-3.517681267112493515e-03,-4.227213561534881592e-03,8.351273136213421822e-04
3.946358680725097656e+00,3.494273900985717773e+00,3.018146753311157227e+00,9.999933838844299316e-01,-1.825091429054737091e-03,-1.024523284286260605e-03,2.991805318742990494e-03
4.281472206115722656e+00,5.027011394500732422e+00,3.612148761749267578e-01,9.999911189079284668e-01,-2.571095945313572884e-03,-2.230335026979446411e-03,-2.503580413758754730e-03
5.966989040374755859e+00,3.034589588642120361e-01,3.671767950057983398e+00,9.999986886978149414e-01,-1.262804493308067322e-03,-2.611761447042226791e-04,-1.060979207977652550e-03
2.058394670486450195e+00,5.756067276000976562e+00,6.389923095703125000e-01,9.999979138374328613e-01,-4.771363164763897657e-04,9.145406074821949005e-04,-1.798097509890794754e-03
5.862856388092041016e+00,7.160489559173583984e+00,5.642126083374023438e+00,9.999536871910095215e-01,-1.683455411694012582e-05,-7.301480975002050400e-03,6.285347510129213333e-03
7.114456653594970703e+00,5.920372486114501953e+00,1.565224409103393555e+00,9.999971985816955566e-01,-4.476474714465439320e-04,-1.817736891098320484e-03,1.454552868381142616e-03
5.647539615631103516e+00,5.707702636718750000e-01,7.232845783233642578e+00,9.999933242797851562e-01,-2.635594923049211502e-03,-1.859180745668709278e-03,-1.756986835971474648e-03
1.596535682678222656e+00,6.084671616554260254e-01,5.736128330230712891e+00,9.998815655708312988e-01,-7.564565166831016541e-03,9.681307710707187653e-03,9.274543263018131256e-03
5.530762195587158203e+00,7.279821872711181641e+00,4.045555591583251953e+00,9.999990463256835938e-01,1.837355812313035131e-04,-1.202660379931330681e-03,-7.074216264300048351e-04
5.423154830932617188e+00,5.941109657287597656e+00,3.916364908218383789e-01,9.999999403953552246e-01,3.554784634616225958e-04,6.998551725700963289e-06,4.017816390842199326e-04
4.527978897094726562e+00,3.800832748413085938e+00,5.131692409515380859e+00,9.999998211860656738e-01,6.486591883003711700e-04,1.054594690685917158e-06,-1.085207113646902144e-04
7.278365612030029297e+00,3.704521954059600830e-01,2.906275987625122070e+00,9.999486207962036133e-01,-8.091719821095466614e-03,-2.784830750897526741e-03,5.433559883385896683e-03
6.719526767730712891e+00,6.571907520294189453e+00,6.774663925170898438e+00,9.999638199806213379e-01,-7.939741015434265137e-03,2.021495252847671509e-03,-2.288589021191000938e-03
4.926739215850830078e+00,2.545598745346069336e+00,5.007917881011962891e+00,9.999998807907104492e-01,4.470252315513789654e-04,-3.632409789133816957e-04,-2.517345128580927849e-04
1.594747304916381836e+00,6.371409893035888672e+00,5.631762504577636719e+00,9.999876022338867188e-01,-4.205325152724981308e-03,-2.333876211196184158e-03,1.363961026072502136e-03
6.389901161193847656e+00,2.416594028472900391e+00,3.173063755035400391e+00,9.999537467956542969e-01,4.460396245121955872e-03,5.042614415287971497e-03,6.870248820632696152e-03
6.792374610900878906e+00,3.413680791854858398e+00,5.588849067687988281e+00,9.999546408653259277e-01,3.842857200652360916e-03,4.167045699432492256e-04,8.702329359948635101e-03
5.685251712799072266e+00,4.691440582275390625e+00,2.051871061325073242e+00,9.999940991401672363e-01,2.464836463332176208e-03,2.088187495246529579e-03,-1.230333000421524048e-03
2.397602796554565430e+00,1.424150228500366211e+00,2.175167083740234375e+00,9.999905228614807129e-01,2.174207940697669983e-03,-5.015592905692756176e-04,-3.733861492946743965e-03
1.704732775688171387e+00,4.831569671630859375e+00,2.462949752807617188e+00,9.999922513961791992e-01,-1.445056870579719543e-03,2.751757856458425522e-03,2.448154147714376450e-03
1.450379729270935059e+00,1.181605383753776550e-01,4.508238315582275391e+00,9.999936223030090332e-01,-3.321756375953555107e-03,-1.317041344009339809e-03,-3.634467720985412598e-04
6.631174087524414062e+00,2.766258001327514648e+00,5.743745803833007812e+00,9.999989867210388184e-01,-5.136172403581440449e-04,1.203758409246802330e-03,-6.373011274263262749e-04
1.576593637466430664e+00,1.582376956939697266e+00,5.602988243103027344e+00,9.999977946281433105e-01,7.400878239423036575e-04,1.953666098415851593e-03,3.963775234296917915e-04
4.476450920104980469e+00,6.288024902343750000e+00,5.897493839263916016e+00,9.999986886978149414e-01,7.366755162365734577e-04,-1.492698909714818001e-03,-1.672373764449730515e-04
4.181310236454010010e-01,4.236729621887207031e+00,3.637609481811523438e+00,9.999367594718933105e-01,5.440558772534132004e-03,7.153125945478677750e-03,6.773944012820720673e-03
5.694896578788757324e-01,5.876417636871337891e+00,5.420580863952636719e+00,9.999851584434509277e-01,-4.140745440963655710e-04,3.936322405934333801e-03,3.754424862563610077e-03
6.271821260452270508e-01,4.013437747955322266e+00,3.102541208267211914e+00,9.999969601631164551e-01,1.913342624902725220e-03,1.541035016998648643e-03,-4.563597904052585363e-04
2.737086772918701172e+00,7.140497684478759766e+00,4.997528076171875000e+00,9.999870061874389648e-01,2.147831954061985016e-03,4.412744194269180298e-03,1.374125713482499123e-03
