6.306938648223876953e+00,2.071521282196044922e+00,5.780944824218750000e+00,9.999983310699462891e-01,-3.914682893082499504e-04,-1.360725727863609791e-03,-1.225116313435137272e-03
1.858245611190795898e+00,3.681975126266479492e+00,4.939980506896972656e+00,9.999988675117492676e-01,3.597008762881159782e-04,7.245179731398820877e-04,1.298197545111179352e-03
7.953762412071228027e-01,7.058638095855712891e+00,4.297157287597656250e+00,9.999907612800598145e-01,6.437402334995567799e-04,-8.002810645848512650e-04,4.185659810900688171e-03
3.255664110183715820e+00,6.246743679046630859e+00,6.590791702270507812e+00,9.999368786811828613e-01,-2.133366215275600553e-04,-1.041253656148910522e-02,4.220205359160900116e-03
3.501426935195922852e+00,5.401243209838867188e+00,1.306803703308105469e+00,9.998545050621032715e-01,9.908081032335758209e-03,1.130756549537181854e-02,-8.065430447459220886e-03
2.368642091751098633e+00,2.763342380523681641e+00,4.924071729183197021e-01,9.998450279235839844e-01,-5.708602722734212875e-03,8.129184134304523468e-03,1.453856844455003738e-02
6.246485710144042969e+00,2.853999137878417969e-01,3.439623117446899414e+00,9.999872446060180664e-01,4.205847624689340591e-03,4.729040083475410938e-04,2.754988614469766617e-03
2.732712030410766602e+00,1.983488559722900391e+00,1.888627767562866211e+00,9.999010562896728516e-01,-7.295830175280570984e-03,5.655622109770774841e-03,-1.061884313821792603e-02
1.579783678054809570e+00,5.868549823760986328e+00,4.639973640441894531e+00,9.999976158142089844e-01,1.002103788778185844e-03,-9.164458024315536022e-04,-1.731873722746968269e-03
2.205062866210937500e+00,5.837154388427734375e+00,6.767340660095214844e+00,9.999994635581970215e-01,7.992926985025405884e-04,1.855644077295437455e-04,6.897606072016060352e-04
5.926828861236572266e+00,3.364698171615600586e+00,6.019286155700683594e+00,9.999893307685852051e-01,3.728520125150680542e-03,-1.019949559122323990e-04,2.739971969276666641e-03
4.407506465911865234e+00,1.856190323829650879e+00,1.685797810554504395e+00,9.999943971633911133e-01,-3.035891335457563400e-03,1.849579712143167853e-04,1.451735850423574448e-03
6.338806629180908203e+00,2.172227799892425537e-01,2.025003194808959961e+00,9.998919367790222168e-01,8.356638252735137939e-03,-1.205389574170112610e-02,-9.674813481979072094e-04
3.319442987442016602e+00,6.702105045318603516e+00,1.471844434738159180e+00,9.999984502792358398e-01,-5.375698674470186234e-04,4.311094235163182020e-04,-1.661816611886024475e-03
1.004072546958923340e+00,5.741252899169921875e+00,4.717148303985595703e+00,9.999075531959533691e-01,5.336119327694177628e-03,-1.155657973140478134e-02,-4.783213604241609573e-03
6.964932680130004883e-01,1.712418079376220703e+00,1.737621784210205078e+00,9.999975562095642090e-01,7.755818078294396400e-04,-1.645572832785546780e-03,1.315639703534543514e-03
6.232166767120361328e+00,7.132116317749023438e+00,4.182931423187255859e+00,9.996787309646606445e-01,2.276942878961563110e-02,3.314988571219146252e-04,-1.113064307719469070e-02
5.125662803649902344e+00,7.291423320770263672e+00,3.199537754058837891e+00,9.999970793724060059e-01,-1.640751579543575644e-04,-5.344314267858862877e-04,2.384523395448923111e-03
4.653165817260742188e+00,1.927506208419799805e+00,5.236577033996582031e+00,9.999985694885253906e-01,-1.090937177650630474e-03,1.072951126843690872e-03,8.431371534243226051e-04
2.663209199905395508e+00,3.038111209869384766e+00,2.526147842407226562e+00,9.999912977218627930e-01,-1.134296762757003307e-03,-1.873982022516429424e-03,3.557975869625806808e-03
2.124613285064697266e+00,1.381623744964599609e-01,6.568052768707275391e+00,9.999410510063171387e-01,-1.683418056927621365e-03,7.538329809904098511e-03,-7.634778041392564774e-03
2.120225906372070312e+00,1.044606566429138184e+00,5.102683544158935547e+00,9.999967813491821289e-01,4.332698590587824583e-04,-2.184115815907716751e-03,1.224847510457038879e-03
7.386269569396972656e+00,3.092800855636596680e+00,3.394081830978393555e+00,9.999994039535522461e-01,4.305967886466532946e-04,4.815019783563911915e-04,9.456191328354179859e-04
6.509637355804443359e+00,5.952308654785156250e+00,5.810832977294921875e+00,9.999291300773620605e-01,-8.778277784585952759e-03,6.537015084177255630e-03,4.686771426349878311e-03
3.542798995971679688e+00,3.513465166091918945e+00,2.555837631225585938e+00,9.999988675117492676e-01,3.738825616892427206e-04,-1.265958417207002640e-03,-6.763154524378478527e-04
5.323519706726074219e+00,7.688792943954467773e-01,4.872556209564208984e+00,9.999957084655761719e-01,-3.616171670728363097e-05,1.489305985160171986e-03,2.554436214268207550e-03
3.295042514801025391e+00,3.652715444564819336e+00,4.495589435100555420e-01,9.998250007629394531e-01,-1.612658612430095673e-02,4.447323735803365707e-03,8.370024152100086212e-03
6.229106426239013672e+00,5.975982666015625000e+00,5.637967586517333984e+00,9.999732375144958496e-01,1.582934637553989887e-03,2.413973212242126465e-03,6.733841262757778168e-03
4.991886138916015625e+00,1.493323683738708496e+00,3.275092124938964844e+00,9.998410940170288086e-01,1.296082884073257446e-02,5.378767382353544235e-03,1.100304350256919861e-02
2.169019937515258789e+00,3.236574411392211914e+00,7.186958312988281250e+00,9.997525811195373535e-01,1.676689833402633667e-02,1.101137232035398483e-02,9.612508118152618408e-03
6.070484161376953125e+00,4.107019901275634766e+00,2.697663009166717529e-01,9.999975562095642090e-01,-1.345224096439778805e-03,3.173344884999096394e-04,-1.740189036354422569e-03
2.854937314987182617e+00,5.990905284881591797e+00,2.972794175148010254e-01,9.999988079071044922e-01,1.054541440680623055e-03,-1.146033057011663914e-03,1.787631044862791896e-04
2.628278493881225586e+00,1.314740538597106934e+00,3.534050226211547852e+00,9.999359250068664551e-01,7.530136033892631531e-03,-8.446571417152881622e-03,2.109171182382851839e-04
4.525817871093750000e+00,5.990798950195312500e+00,6.199767589569091797e+00,9.997141361236572266e-01,1.479959581047296524e-03,-1.458657067269086838e-02,1.888639666140079498e-02
2.608096599578857422e+00,6.696171283721923828e+00,5.074155807495117188e+00,9.999956488609313965e-01,-2.486640354618430138e-03,-7.560832455055788159e-05,-1.632566214539110661e-03
1.545155405998229980e+00,7.460135936737060547e+00,1.562620639801025391e+00,9.999021291732788086e-01,1.364926900714635849e-02,-1.255905372090637684e-03,2.828961471095681190e-03
2.291885375976562500e+00,7.268990993499755859e+00,5.040508508682250977e-01,9.999949932098388672e-01,-3.084826515987515450e-03,3.541576443240046501e-04,-7.222588756121695042e-04
9.145289659500122070e-01,7.266582965850830078e+00,4.810967922210693359e+00,9.999904036521911621e-01,1.018408569507300854e-03,1.028955797664821148e-03,4.133569542318582535e-03
1.759294629096984863e+00,5.031638145446777344e+00,3.304486513137817383e+00,9.999948143959045410e-01,-5.885915015824139118e-04,-2.643022686243057251e-03,-1.732468954287469387e-03
6.602139949798583984e+00,7.500926494598388672e+00,1.432995557785034180e+00,9.999954104423522949e-01,-2.330209594219923019e-03,-1.663437229581177235e-03,1.043517142534255981e-03
2.451043277978897095e-01,2.099752426147460938e-01,5.476509571075439453e+00,9.999889135360717773e-01,-8.830053848214447498e-04,1.940905582159757614e-03,-4.209635313600301743e-03
4.227126538753509521e-01,2.176577806472778320e+00,6.070991039276123047e+00,9.999998211860656738e-01,-4.247676406521350145e-04,4.288989002816379070e-04,1.635671214899048209e-04
4.188166558742523193e-01,3.092789649963378906e+00,8.110358715057373047e-01,9.999986290931701660e-01,2.321076026419177651e-04,-5.750723066739737988e-04,-1.555393915623426437e-03
5.400128364562988281e-01,7.425799846649169922e+00,5.460343360900878906e+00,9.999992251396179199e-01,-7.031508721411228180e-04,4.631840565707534552e-04,9.940777672454714775e-04
3.731647491455078125e+00,4.398777008056640625e+00,4.196970462799072266e+00,9.999074339866638184e-01,8.647718466818332672e-03,3.328268649056553841e-04,-1.050178240984678268e-02
1.969586461782455444e-01,2.794727325439453125e+00,7.569750547409057617e-01,9.999946951866149902e-01,1.572733279317617416e-03,-2.767006400972604752e-03,7.626600563526153564e-04
5.082869052886962891e+00,3.928524971008300781e+00,2.421214342117309570e+00,9.999982714653015137e-01,2.388016146142035723e-04,1.848754822276532650e-03,8.317767787957563996e-05
5.543011665344238281e+00,1.361962795257568359e+00,9.314388036727905273e-01,9.999911785125732422e-01,1.692807883955538273e-03,-3.005355247296392918e-04,-3.850954817607998848e-03
4.223916530609130859e+00,7.049397468566894531e+00,4.920394718647003174e-01,9.999955296516418457e-01,-2.480217081028968096e-04,-2.811013022437691689e-03,-9.979852475225925446e-04
2.966467857360839844e+00,5.320009231567382812e+00,4.739411354064941406e+00,9.999962449073791504e-01,2.294658450409770012e-03,-1.216344418935477734e-03,8.822084055282175541e-04
1.740648627281188965e+00,1.549590349197387695e+00,1.359076499938964844e+00,9.999917149543762207e-01,-3.226369386538863182e-03,2.042510313913226128e-03,-1.451624440960586071e-03
7.178656578063964844e+00,5.830722332000732422e+00,1.492092728614807129e+00,9.999366402626037598e-01,4.399437922984361649e-03,8.483069017529487610e-03,5.964243784546852112e-03
5.125409126281738281e+00,2.454915046691894531e+00,2.957544326782226562e+00,9.999988675117492676e-01,1.447380171157419682e-03,-2.219491871073842049e-04,-4.351748793851584196e-04
1.615564823150634766e+00,4.242305278778076172e+00,5.542069911956787109e+00,9.999926686286926270e-01,-5.493167554959654808e-04,3.034140681847929955e-03,2.284955931827425957e-03
6.101704597473144531e+00,1.172220945358276367e+00,1.645335078239440918e+00,9.999668598175048828e-01,-4.137909505516290665e-03,5.685731768608093262e-03,-4.107034765183925629e-03
2.628098011016845703e+00,6.786360740661621094e+00,2.849393606185913086e+00,9.999991655349731445e-01,5.279498873278498650e-04,-1.234779250808060169e-03,-1.445180532755330205e-05
4.986112594604492188e+00,3.852786064147949219e+00,1.273329734802246094e+00,9.999774098396301270e-01,-4.651571623980998993e-03,-4.805740434676408768e-03,-7.252912037074565887e-04
1.658500671386718750e+00,1.708900630474090576e-01,2.009569644927978516e+00,9.999696016311645508e-01,4.279118031263351440e-03,6.412968505173921585e-03,-1.168249407783150673e-03
6.363125801086425781e+00,7.377145767211914062e+00,3.776549816131591797e+00,9.999988675117492676e-01,1.418432686477899551e-03,6.558147288160398602e-05,4.429102991707623005e-04
1.345853686332702637e+00,1.860875725746154785e+00,3.026543140411376953e+00,9.999926686286926270e-01,3.167708404362201691e-03,-4.334505501901730895e-05,2.186548197641968727e-03
5.028599739074707031e+00,1.138458967208862305e+00,2.250793695449829102e+00,9.999975562095642090e-01,1.682388130575418472e-03,4.546644340734928846e-04,1.381797599606215954e-03
3.791233062744140625e+00,6.224203109741210938e+00,7.209289550781250000e+00,9.999976158142089844e-01,1.340447692200541496e-03,1.008702907711267471e-03,1.455241348594427109e-03
4.527971267700195312e+00,1.533930063247680664e+00,5.322079181671142578e+00,9.999985098838806152e-01,-9.717472712509334087e-04,1.440522493794560432e-03,1.629617036087438464e-04
2.791828632354736328e+00,4.518123149871826172e+00,7.387984752655029297e+00,9.999722242355346680e-01,1.851474517025053501e-04,-5.228689406067132950e-03,-5.301863420754671097e-03
4.692061901092529297e+00,7.206003189086914062e+00,2.374391078948974609e+00,9.999988675117492676e-01,-5.527557223103940487e-04,-1.453244825825095177e-03,1.615828659851104021e-04
4.307765960693359375e+00,3.188366174697875977e+00,5.679293155670166016e+00,9.998762011528015137e-01,6.457781884819269180e-03,-4.042037297040224075e-03,-1.376829110085964203e-02
7.027175903320312500e+00,1.164173483848571777e+00,5.370612144470214844e+00,9.999746084213256836e-01,1.104083959944546223e-03,-3.640556242316961288e-03,-6.036335602402687073e-03
3.708300828933715820e+00,6.402590274810791016e+00,4.612502574920654297e+00,9.999966621398925781e-01,4.927474656142294407e-04,7.494029123336076736e-04,2.418158808723092079e-03
3.256965279579162598e-01,4.584050774574279785e-01,2.263309955596923828e+00,9.999993443489074707e-01,2.260936744278296828e-04,-1.157740829512476921e-03,-1.199810867547057569e-04
6.470398306846618652e-01,4.316397011280059814e-01,1.920340418815612793e+00,9.999989271163940430e-01,-2.222035254817456007e-04,-1.322769676335155964e-03,-7.106083212420344353e-04
5.635709285736083984e+00,4.186316490173339844e+00,2.212211370468139648e+00,9.999945163726806641e-01,2.002371475100517273e-03,2.537475200369954109e-03,7.991174934431910515e-04
6.736514091491699219e+00,7.020954132080078125e+00,2.332687616348266602e+00,9.999724030494689941e-01,3.392326412722468376e-03,-3.752388991415500641e-03,-5.451656877994537354e-03
1.110294163227081299e-01,4.210425853729248047e+00,7.251890659332275391e+00,9.999994039535522461e-01,1.131852855905890465e-03,2.145045145880430937e-04,9.259567013941705227e-05
6.955505847930908203e+00,5.065431118011474609e+00,6.579893589019775391e+00,9.999945759773254395e-01,-2.000321401283144951e-03,-1.035311259329319000e-03,2.410424873232841492e-03
3.979733943939208984e+00,7.346768856048583984e+00,3.215842962265014648e+00,9.999428391456604004e-01,-1.226462307386100292e-03,5.482773296535015106e-03,-9.105390869081020355e-03
6.245221138000488281e+00,4.832928657531738281e+00,3.641851902008056641e+00,9.999907016754150391e-01,-1.638050423935055733e-03,-1.908393896883353591e-04,-3.991286735981702805e-03
3.908063173294067383e+00,1.525551319122314453e+00,3.377537965774536133e+00,9.999868869781494141e-01,4.515816457569599152e-03,2.413675421848893166e-03,2.194722037529572845e-04
3.132409811019897461e+00,2.283215045928955078e+00,6.024848937988281250e+00,9.999992847442626953e-01,7.400262984447181225e-04,7.756312261335551739e-04,-6.414028466679155827e-04
1.734703779220581055e+00,1.450170278549194336e+00,5.610696673393249512e-01,9.999461174011230469e-01,-4.782324656844139099e-03,8.896011859178543091e-03,2.400675555691123009e-03
6.925449848175048828e+00,1.651378393173217773e+00,3.866726398468017578e+00,9.999995827674865723e-01,7.883663638494908810e-04,4.247371398378163576e-04,4.520898510236293077e-04
1.424991726875305176e+00,2.527743101119995117e+00,2.796220064163208008e+00,9.999975562095642090e-01,1.242257567355409265e-04,1.760068582370877266e-03,1.358232460916042328e-03
2.520110368728637695e+00,4.139013767242431641e+00,7.379895210266113281e+00,9.999966025352478027e-01,1.350017148070037365e-03,-1.537526724860072136e-03,1.604891498573124409e-03
2.632886648178100586e+00,7.037464618682861328e+00,2.250657558441162109e+00,9.999943971633911133e-01,-7.813260308466851711e-04,-1.229380723088979721e-03,-3.039219183847308159e-03
5.877215862274169922e+00,1.621473550796508789e+00,2.634701490402221680e+00,9.999995827674865723e-01,5.935417138971388340e-04,-1.446817186661064625e-04,-7.690574275329709053e-04
3.357022047042846680e+00,4.718670368194580078e+00,6.746917724609375000e+00,9.999966025352478027e-01,6.589079857803881168e-04,-2.468999708071351051e-03,6.634812452830374241e-04
5.805723071098327637e-01,7.309743762016296387e-01,6.080106735229492188e+00,9.999845027923583984e-01,3.287031722720712423e-04,3.726368537172675133e-03,4.119750112295150757e-03
1.321426987648010254e+00,9.426320791244506836e-01,7.107984066009521484e+00,9.999998211860656738e-01,-3.399042761884629726e-04,-3.109039971604943275e-05,6.370943156071007252e-04
6.487313747406005859e+00,3.358093023300170898e+00,4.958110332489013672e+00,9.999905228614807129e-01,3.614895278587937355e-03,1.833527698181569576e-03,-1.605063793249428272e-03
7.376825332641601562e+00,7.467902660369873047e+00,3.680833816528320312e+00,9.999986886978149414e-01,1.580504118464887142e-03,5.632136599160730839e-04,-5.574178067035973072e-05
2.278575897216796875e+00,1.662445664405822754e+00,1.693848371505737305e+00,9.997181296348571777e-01,-1.721684820950031281e-02,7.002900354564189911e-03,-1.477456092834472656e-02
6.576686859130859375e+00,1.315989136695861816e+00,5.135367870330810547e+00,9.999993443489074707e-01,5.776819307357072830e-04,-7.594705675728619099e-04,7.284726016223430634e-04
7.450146198272705078e+00,6.975935459136962891e+00,4.025712966918945312e+00,9.999553561210632324e-01,-2.235856838524341583e-03,-6.056824233382940292e-03,-6.906089838594198227e-03
2.163445234298706055e+00,6.450387477874755859e+00,2.861990928649902344e+00,9.999911189079284668e-01,-1.648932695388793945e-03,2.901456085965037346e-03,2.595489379018545151e-03
3.171588182449340820e+00,5.911185264587402344e+00,6.808840036392211914e-01,1.000000000000000000e+00,1.507795968791469932e-04,-9.255771146854385734e-05,-1.754882105160504580e-04
3.274963378906250000e+00,4.951004505157470703e+00,1.546143412590026855e+00,9.999670982360839844e-01,-3.873959358315914869e-04,8.076031692326068878e-03,7.219277322292327881e-04
3.672017335891723633e+00,2.445300340652465820e+00,5.744574546813964844e+00,9.999954104423522949e-01,2.372396411374211311e-03,-1.559459837153553963e-03,-1.050604740157723427e-03
2.817997217178344727e+00,1.082569826394319534e-02,7.296687126159667969e+00,9.999984502792358398e-01,8.228731458075344563e-04,-3.723673289641737938e-04,1.566826947964727879e-03
1.848043203353881836e+00,5.320205211639404297e+00,2.180400133132934570e+00,9.999696612358093262e-01,-3.474401310086250305e-03,4.215267486870288849e-03,5.553347989916801453e-03
3.002276182174682617e+00,7.112228870391845703e+00,5.505119323730468750e+00,9.999998807907104492e-01,-6.312238983809947968e-04,4.670492489822208881e-05,-1.761137536959722638e-05
1.906144380569458008e+00,6.949610233306884766e+00,4.390758037567138672e+00,9.999915361404418945e-01,2.626786474138498306e-03,2.924080938100814819e-03,1.272626221179962158e-03
2.348800599575042725e-01,4.808751106262207031e+00,2.143080949783325195e+00,9.999194741249084473e-01,1.746446010656654835e-03,1.302260672673583031e-03,-1.250681653618812561e-02
2.956867218017578125e+00,7.453160762786865234e+00,3.431876182556152344e+00,9.999960660934448242e-01,-9.360685944557189941e-04,-2.542885194998234510e-04,-2.640070393681526184e-03
5.073869228363037109e+00,1.940185785293579102e+00,6.768693923950195312e+00,9.999985694885253906e-01,1.284875557757914066e-03,-3.953354316763579845e-04,1.076374435797333717e-03
2.896029949188232422e+00,9.567170739173889160e-01,4.455817043781280518e-01,9.999985098838806152e-01,-6.171162822283804417e-04,-4.669316404033452272e-04,1.562718884088099003e-03
3.635609865188598633e+00,2.594772338867187500e+00,2.236740589141845703e+00,9.999992847442626953e-01,2.739396004471927881e-04,-2.833134494721889496e-04,-1.167467329651117325e-03
5.161843776702880859e+00,5.014259338378906250e+00,4.239202976226806641e+00,9.999959468841552734e-01,7.251402712427079678e-04,-1.888482249341905117e-03,2.040775492787361145e-03
5.042881011962890625e+00,7.060158252716064453e+00,4.786217212677001953e-01,9.999941587448120117e-01,-1.329611521214246750e-03,-3.078680718317627907e-03,7.216231315396726131e-04
1.586278557777404785e+00,5.103055000305175781e+00,5.033372402191162109e+00,9.999992251396179199e-01,6.300380919128656387e-04,8.991215145215392113e-04,5.296098534017801285e-04
3.669912576675415039e+00,2.892621040344238281e+00,5.780883312225341797e+00,9.999909996986389160e-01,1.574915368109941483e-03,-3.640182781964540482e-03,1.555736060254275799e-03
6.554701328277587891e+00,2.771270751953125000e+00,3.691431879997253418e-01,9.999988675117492676e-01,1.457131817005574703e-03,4.140362725593149662e-04,2.489907456038054079e-05
1.508735060691833496e+00,3.638264417648315430e+00,7.347671508789062500e+00,9.999967813491821289e-01,2.362512052059173584e-03,3.238885547034442425e-04,9.412035578861832619e-04
7.440798759460449219e+00,4.277836799621582031e+00,6.384250164031982422e+00,9.999761581420898438e-01,5.152336321771144867e-03,-3.311498323455452919e-03,3.187543246895074844e-03
2.723728418350219727e+00,2.505259990692138672e+00,1.356937646865844727e+00,9.998847842216491699e-01,1.804052270017564297e-03,-1.091630477458238602e-02,-1.039952691644430161e-02
5.077649593353271484e+00,7.287623405456542969e+00,9.130622148513793945e-01,9.999960064888000488e-01,-5.822733510285615921e-04,4.803656775038689375e-04,-2.749007428064942360e-03
2.761058568954467773e+00,4.994811058044433594e+00,5.881193637847900391e+00,9.998990893363952637e-01,-6.778609938919544220e-03,-1.237002201378345490e-02,1.700857188552618027e-03
1.051719069480895996e+00,3.583581686019897461e+00,4.296741485595703125e+00,9.999981522560119629e-01,6.103388150222599506e-04,1.646806835196912289e-03,-7.637108792550861835e-04
7.138005256652832031e+00,3.744950532913208008e+00,6.306372165679931641e+00,9.999943375587463379e-01,-9.078521979972720146e-04,-2.320141298696398735e-03,-2.305129542946815491e-03
2.941155672073364258e+00,3.306259632110595703e+00,1.737551927566528320e+00,9.999977946281433105e-01,1.496045268140733242e-03,-9.820637060329318047e-04,-1.140225329436361790e-03
3.030952453613281250e+00,6.913793087005615234e-01,3.101197242736816406e+00,9.999955296516418457e-01,-1.750782481394708157e-03,-1.233628834597766399e-03,2.080700825899839401e-03
2.991661310195922852e+00,2.025696992874145508e+00,3.280350208282470703e+00,9.999995827674865723e-01,5.989256897009909153e-04,-1.914441963890567422e-04,-7.565945852547883987e-04
1.062926292419433594e+00,1.046610593795776367e+00,4.313628673553466797e+00,9.999923110008239746e-01,-4.872782737948000431e-04,-3.899103729054331779e-03,-2.823459799401462078e-04
3.158985614776611328e+00,5.072935819625854492e-01,4.014373302459716797e+00,9.999997019767761230e-01,2.582780725788325071e-04,-6.556089501827955246e-04,5.214851698838174343e-04
3.417670011520385742e+00,6.922902584075927734e+00,2.912707567214965820e+00,9.999878406524658203e-01,-4.549171775579452515e-03,2.176577254431322217e-04,-1.887768507003784180e-03
6.625268459320068359e+00,6.537301063537597656e+00,3.266529083251953125e+00,9.999493360519409180e-01,-2.738915150985121727e-03,-5.297809839248657227e-03,8.108371868729591370e-03
7.295769214630126953e+00,6.981756210327148438e+00,5.807797908782958984e+00,9.999906420707702637e-01,-1.727598486468195915e-03,-4.999652155674993992e-04,3.929061815142631531e-03
6.217264175415039062e+00,6.265583992004394531e+00,1.407090783119201660e+00,9.999973177909851074e-01,-2.852365723811089993e-04,-1.678481465205550194e-03,-1.577638438902795315e-03
4.398955345153808594e+00,6.822454452514648438e+00,3.457356214523315430e+00,9.999990463256835938e-01,-1.264926046133041382e-03,1.935947366291657090e-04,6.357345846481621265e-04
7.434396743774414062e+00,6.385701656341552734e+00,1.749069213867187500e+00,9.999560117721557617e-01,-6.399443838745355606e-03,-4.851104691624641418e-03,-4.850985016673803329e-03
1.572166681289672852e+00,6.409708499908447266e+00,2.253228425979614258e+00,9.999250769615173340e-01,7.395758293569087982e-03,4.472920671105384827e-03,-8.675195276737213135e-03
1.375819563865661621e+00,4.786036610603332520e-01,4.375202655792236328e+00,1.000000000000000000e+00,-1.745089248288422823e-04,-8.693944982951506972e-05,-2.279092877870425582e-04
6.940941810607910156e+00,3.436989545822143555e+00,7.319748401641845703e+00,9.999995231628417969e-01,1.097528365789912641e-05,7.872008136473596096e-04,-7.207636954262852669e-04
5.869683742523193359e+00,4.075877666473388672e+00,5.754710197448730469e+00,9.999965429306030273e-01,-2.546526491641998291e-03,-6.867053452879190445e-04,1.791701506590470672e-04
4.115379333496093750e+00,1.134889364242553711e+00,3.653637170791625977e+00,9.998508691787719727e-01,-2.136714057996869087e-03,-1.573393307626247406e-02,-6.799474824219942093e-03
6.657830238342285156e+00,6.325398921966552734e+00,3.010102033615112305e+00,9.999092817306518555e-01,6.860842462629079819e-03,-2.622092608362436295e-03,-1.129434350878000259e-02
7.341719269752502441e-01,5.837607383728027344e+00,4.279622554779052734e+00,9.999939799308776855e-01,3.062259871512651443e-03,1.634369604289531708e-03,-2.669004061317536980e-05
3.130506038665771484e+00,5.374616146087646484e+00,2.623439073562622070e+00,9.999995231628417969e-01,6.026815390214323997e-04,6.631580181419849396e-04,-5.180558655411005020e-04
4.444937229156494141e+00,2.362460494041442871e-01,7.489030838012695312e+00,9.999849796295166016e-01,-1.752752112224698067e-03,-5.119348876178264618e-03,9.432319784536957741e-04
5.062115192413330078e+00,2.296417713165283203e+00,4.845095157623291016e+00,9.994614720344543457e-01,8.033965714275836945e-03,-2.472309954464435577e-02,2.002598717808723450e-02
2.074146986007690430e+00,4.760216712951660156e+00,5.046006202697753906e+00,9.999909996986389160e-01,3.137803403660655022e-03,1.513716648332774639e-03,-2.460767980664968491e-03
2.582874536514282227e+00,4.721380233764648438e+00,4.911097049713134766e+00,9.999325275421142578e-01,3.621994517743587494e-03,5.595152731984853745e-03,9.518066421151161194e-03
4.976470470428466797e+00,7.101332545280456543e-01,5.072183132171630859e+00,9.999994635581970215e-01,-8.862264803610742092e-05,8.564968011341989040e-04,6.024405593052506447e-04
3.282812118530273438e+00,7.358165740966796875e+00,5.643990039825439453e+00,9.999986290931701660e-01,-1.173949334770441055e-03,-1.073642750270664692e-03,-6.237178458832204342e-04
9.259082078933715820e-01,6.983716964721679688e+00,5.147288322448730469e+00,9.999601840972900391e-01,-6.435226183384656906e-03,1.233675749972462654e-03,-6.062217988073825836e-03
1.334738373756408691e+00,4.253331184387207031e+00,7.185948371887207031e+00,9.999549388885498047e-01,2.582474378868937492e-03,8.100254461169242859e-03,4.230964928865432739e-03
1.138760209083557129e+00,5.426719188690185547e+00,1.416446566581726074e+00,9.999978542327880859e-01,1.942645409144461155e-03,-7.339320727623999119e-04,-2.562752633821219206e-04
4.099741458892822266e+00,4.039252281188964844e+00,7.483092308044433594e+00,9.999922513961791992e-01,1.687568612396717072e-03,3.384628333151340485e-03,-1.091523561626672745e-03
6.960414409637451172e+00,4.598092555999755859e+00,7.323972702026367188e+00,9.999802112579345703e-01,-4.855062812566757202e-03,5.070041515864431858e-04,-3.977714106440544128e-03
1.978306651115417480e+00,2.893683195114135742e+00,1.047666907310485840e+00,9.999966621398925781e-01,-1.188465044833719730e-03,1.845910563133656979e-03,1.400600653141736984e-03
4.920432567596435547e+00,4.974233150482177734e+00,5.644832611083984375e+00,9.999923110008239746e-01,-9.853299707174301147e-05,3.529980080202221870e-03,-1.749548362568020821e-03
1.222642898559570312e+00,4.671121597290039062e+00,6.222632884979248047e+00,9.999848008155822754e-01,-4.088290035724639893e-03,1.706378534436225891e-03,3.295119618996977806e-03
7.196718692779541016e+00,7.376907825469970703e+00,2.532310247421264648e+00,9.999604225158691406e-01,-6.978201214224100113e-03,-2.506453078240156174e-03,4.926019813865423203e-03
1.925508499145507812e+00,3.483544588088989258e+00,4.260070800781250000e+00,9.999704957008361816e-01,-2.927842724602669477e-04,-1.458894344978034496e-03,7.534278556704521179e-03
3.698073625564575195e+00,2.265877246856689453e+00,1.062131881713867188e+00,9.999949932098388672e-01,1.685029565123841166e-05,-3.090162761509418488e-03,-7.976650376804172993e-04
2.093453645706176758e+00,7.485785484313964844e+00,1.816783070564270020e+00,9.999920725822448730e-01,1.699253683909773827e-03,2.959978533908724785e-03,-2.077348530292510986e-03
3.874839544296264648e+00,1.658925533294677734e+00,5.278875350952148438e+00,9.999811649322509766e-01,5.469344556331634521e-03,3.845389983325731009e-06,-2.782250754535198212e-03
6.312133789062500000e+00,5.005237579345703125e+00,6.213216781616210938e+00,9.999883770942687988e-01,2.009128453209996223e-03,-1.645770506002008915e-03,4.070623777806758881e-03
2.178672313690185547e+00,7.055417060852050781e+00,3.214082002639770508e+00,9.999632239341735840e-01,-3.240365302190184593e-03,-5.256610922515392303e-03,5.952903535217046738e-03
9.181299209594726562e-01,6.099630832672119141e+00,1.275647044181823730e+00,9.999948143959045410e-01,1.199635909870266914e-03,2.818567212671041489e-03,1.069375197403132915e-03
6.311689853668212891e+00,1.688691616058349609e+00,5.176998615264892578e+00,9.999997019767761230e-01,-6.007445044815540314e-04,-5.834978073835372925e-04,2.365027612540870905e-04
5.794235229492187500e+00,3.461653947830200195e+00,4.208424568176269531e+00,9.999604821205139160e-01,1.358291483484208584e-03,7.955151610076427460e-03,-3.724880516529083252e-03
5.933296203613281250e+00,5.695935726165771484e+00,4.900954246520996094e+00,9.999935030937194824e-01,-3.617548383772373199e-03,2.114458184223622084e-04,1.276964758289977908e-04
4.502304553985595703e+00,5.051414966583251953e+00,6.744894027709960938e+00,9.999771714210510254e-01,-5.119543522596359253e-03,-4.410914145410060883e-03,2.537344407755881548e-04
7.428409099578857422e+00,5.890725135803222656e+00,2.813944101333618164e+00,9.999913573265075684e-01,1.419598003849387169e-03,-3.842213191092014313e-03,6.698591168969869614e-04
2.954692602157592773e+00,4.142218112945556641e+00,3.649545907974243164e+00,9.999995231628417969e-01,-2.466701262164860964e-04,2.531657082727178931e-05,-1.025026547722518444e-03
4.198774337768554688e+00,5.201929092407226562e+00,9.598943591117858887e-01,9.999872446060180664e-01,-4.393150098621845245e-03,1.888041733764111996e-04,2.490800106897950172e-03
3.817840337753295898e+00,1.736543029546737671e-01,4.811957836151123047e+00,9.999838471412658691e-01,-2.354845870286226273e-03,-1.746032387018203735e-03,4.877750296145677567e-03
5.035535335540771484e+00,1.374027490615844727e+00,1.062338232994079590e+00,9.999904036521911621e-01,-3.312264336273074150e-03,-2.527812030166387558e-03,1.401900080963969231e-03
1.969496846199035645e+00,3.674727916717529297e+00,6.032461166381835938e+00,9.998981356620788574e-01,1.414400991052389145e-02,-9.931498207151889801e-04,1.654508872888982296e-03
4.874076366424560547e+00,1.255126595497131348e+00,1.992871880531311035e+00,9.999758005142211914e-01,5.895648151636123657e-03,-4.994410555809736252e-04,-3.677218919619917870e-03
2.198042869567871094e+00,6.737195014953613281e+00,3.087154388427734375e+00,9.999955892562866211e-01,2.203434560215100646e-04,2.973455702885985374e-03,-3.143424401059746742e-04
7.241614818572998047e+00,9.284093379974365234e-01,4.356881618499755859e+00,9.998856186866760254e-01,5.461734719574451447e-03,-7.572012487798929214e-03,-1.190283149480819702e-02
6.694936275482177734e+00,5.969843640923500061e-02,2.067344665527343750e+00,9.999908804893493652e-01,2.018085680902004242e-03,7.696744287386536598e-04,3.707365365698933601e-03
2.359011173248291016e+00,3.569430589675903320e+00,3.387863636016845703e+00,9.999992847442626953e-01,6.036589038558304310e-04,-9.045061306096613407e-04,-5.540134734474122524e-04
2.395213603973388672e+00,5.561041355133056641e+00,5.388250827789306641e+00,9.999790787696838379e-01,4.334753379225730896e-03,1.960300607606768608e-03,4.385458771139383316e-03
6.962261199951171875e-01,2.759727239608764648e+00,6.484772205352783203e+00,9.999997019767761230e-01,-2.747263642959296703e-04,6.628957926295697689e-04,4.115327028557658195e-04
1.267345428466796875e+00,1.020067334175109863e+00,4.674485683441162109e+00,9.999891519546508789e-01,-4.226640885462984443e-05,5.479680257849395275e-04,4.632153082638978958e-03
6.330957889556884766e+00,3.386845588684082031e+00,6.437692165374755859e+00,9.999913573265075684e-01,1.416898099705576897e-03,-3.657049499452114105e-03,-1.442680717445909977e-03
2.104573100805282593e-01,5.034953117370605469e+00,1.174102306365966797e+00,9.999974370002746582e-01,-1.126928254961967468e-04,1.686438568867743015e-03,1.497552613727748394e-03
6.988458633422851562e+00,3.177748441696166992e+00,5.351074695587158203e+00,9.999848604202270508e-01,-1.067023607902228832e-03,4.677899181842803955e-03,2.693501068279147148e-03
5.762240409851074219e+00,1.180512905120849609e+00,2.957737684249877930e+00,9.999995231628417969e-01,8.715846925042569637e-04,6.058386861695908010e-05,5.185969057492911816e-04
4.051088809967041016e+00,6.741058826446533203e+00,3.807006835937500000e+00,9.999997019767761230e-01,-2.921069244621321559e-05,5.825934349559247494e-04,6.104045896790921688e-04
1.485125780105590820e+00,5.700150012969970703e+00,1.771759629249572754e+00,9.999876022338867188e-01,-2.198103116825222969e-03,-1.231979695148766041e-03,-4.298108629882335663e-03
2.941999912261962891e+00,8.069761395454406738e-01,1.358858197927474976e-01,9.999974370002746582e-01,-9.647135157138109207e-04,1.214628457091748714e-03,-1.698086154647171497e-03
5.701391220092773438e+00,2.406204938888549805e+00,3.598929166793823242e+00,9.999993443489074707e-01,3.438019775785505772e-04,-7.960703806020319462e-04,-7.168519077822566032e-04
6.051069259643554688e+00,3.393224239349365234e+00,2.500919342041015625e+00,9.999989271163940430e-01,1.497363788075745106e-03,-5.050250547355972230e-05,1.970305456779897213e-04
2.110999345779418945e+00,3.036111831665039062e+00,4.328971862792968750e+00,9.999901652336120605e-01,1.080231973901391029e-03,-4.798043664777651429e-05,4.306290298700332642e-03
6.896746158599853516e-01,1.821682006120681763e-01,1.433219552040100098e+00,9.999974966049194336e-01,-1.014496316201984882e-03,-1.839986653067171574e-03,8.144632447510957718e-04
6.341477394104003906e+00,3.006212234497070312e+00,7.367550849914550781e+00,9.999956488609313965e-01,-2.259248634800314903e-03,1.604896504431962967e-03,-1.074176165275275707e-03
6.438148498535156250e+00,5.253864288330078125e+00,7.373956680297851562e+00,9.999935030937194824e-01,-3.587059443816542625e-03,-2.314444573130458593e-04,1.143156769103370607e-04
7.349706172943115234e+00,4.327938079833984375e+00,2.379663228988647461e+00,9.999880790710449219e-01,-2.214355627074837685e-03,-5.055834189988672733e-04,4.337166436016559601e-03
4.177291870117187500e+00,2.844090700149536133e+00,2.666808605194091797e+00,9.999737739562988281e-01,-2.484326832927763462e-04,6.773629225790500641e-03,-2.559400629252195358e-03
6.318963527679443359e+00,1.705696225166320801e+00,1.149667620658874512e+00,9.999737739562988281e-01,3.075463231652975082e-03,1.234255731105804443e-03,-6.438455544412136078e-03
5.718824386596679688e+00,2.185704946517944336e+00,6.725391864776611328e+00,9.999986886978149414e-01,4.210347542539238930e-04,1.400998793542385101e-03,-6.782069685868918896e-04
5.649805068969726562e+00,1.145426511764526367e+00,6.866047978401184082e-01,9.999927282333374023e-01,2.159569849027320743e-04,2.160481642931699753e-03,-3.160338615998625755e-03
6.533919811248779297e+00,3.985975980758666992e+00,7.471702575683593750e+00,9.998717308044433594e-01,-1.284626126289367676e-02,9.527882561087608337e-03,-9.006828768178820610e-04
2.174277752637863159e-01,3.117392063140869141e+00,4.457558155059814453e+00,9.999982714653015137e-01,1.820175675675272942e-03,-4.481867363210767508e-04,3.261682868469506502e-04
3.947833299636840820e+00,7.033349514007568359e+00,1.380362987518310547e+00,9.998813271522521973e-01,-1.112133637070655823e-02,5.393839441239833832e-03,9.201104752719402313e-03
5.404793739318847656e+00,2.391929626464843750e+00,2.374783158302307129e-01,9.999944567680358887e-01,-2.009835559874773026e-03,2.255984814837574959e-03,-1.421789056621491909e-03
2.126469373703002930e+00,1.068259596824645996e+00,1.672413229942321777e+00,9.999969601631164551e-01,-1.561329350806772709e-03,1.595417386852204800e-03,-1.090159872546792030e-03
5.599760532379150391e+00,1.349014401435852051e+00,2.496114253997802734e+00,9.999992251396179199e-01,-5.000220844522118568e-04,1.123248366639018059e-03,2.309213887201622128e-04
6.634886264801025391e+00,5.320390224456787109e+00,3.153611660003662109e+00,9.999899268150329590e-01,-2.345018088817596436e-03,2.009058836847543716e-03,-3.265004605054855347e-03
6.785538673400878906e+00,6.185707569122314453e+00,2.555857181549072266e+00,9.999979734420776367e-01,1.143843634054064751e-03,1.423700014129281044e-03,-9.330997709184885025e-04
4.622054100036621094e-01,7.480872154235839844e+00,5.881125926971435547e+00,9.999946951866149902e-01,-2.868797862902283669e-03,1.344884396530687809e-03,8.542502182535827160e-04
4.796916007995605469e+00,1.730492949485778809e+00,2.680776119232177734e+00,9.999999403953552246e-01,-2.492169442120939493e-04,-4.061878134962171316e-04,-2.696849333005957305e-05
6.096703529357910156e+00,2.333255290985107422e+00,8.436096310615539551e-01,9.999917745590209961e-01,3.219699719920754433e-03,1.483199885115027428e-03,2.007732400670647621e-03
1.384862661361694336e+00,5.180165767669677734e+00,4.303310394287109375e+00,9.999994039535522461e-01,4.280705470591783524e-04,7.886045932536944747e-05,-1.080315210856497288e-03
6.462616443634033203e+00,3.628157615661621094e+00,1.964618116617202759e-01,9.999895691871643066e-01,-4.428339190781116486e-03,1.128617790527641773e-03,-1.665742893237620592e-04
3.481665372848510742e+00,3.443552494049072266e+00,1.015380978584289551e+00,9.999831318855285645e-01,-5.465483292937278748e-03,-4.253752413205802441e-04,1.948221819475293159e-03
5.380747795104980469e+00,7.406006336212158203e+00,1.854861021041870117e+00,9.999969005584716797e-01,7.371536921709775925e-04,-2.407050225883722305e-03,-6.595800368813797832e-05
1.607213616371154785e-01,2.366582632064819336e+00,4.684204578399658203e+00,9.999524354934692383e-01,7.545712403953075409e-03,-3.793844487518072128e-03,-4.878384526818990707e-03
3.981176614761352539e-01,1.308766245841979980e+00,3.907000541687011719e+00,9.999969005584716797e-01,-5.189307266846299171e-04,6.310986354947090149e-04,-2.383560873568058014e-03
5.465678691864013672e+00,1.461058139801025391e+00,6.405161857604980469e+00,9.999306201934814453e-01,2.287230454385280609e-03,1.124483160674571991e-02,2.665161853656172752e-03
3.922334432601928711e+00,3.891126871109008789e+00,2.933064222335815430e+00,9.999986886978149414e-01,8.506827289238572121e-04,-1.379355671815574169e-03,-2.683945931494235992e-04
1.960875630378723145e+00,4.786597728729248047e+00,2.425757944583892822e-01,9.998254179954528809e-01,-1.392913982272148132e-02,-1.221292465925216675e-02,-2.439337782561779022e-03
5.855857849121093750e+00,6.641504168510437012e-01,1.126010656356811523e+00,9.999852180480957031e-01,3.232786897569894791e-03,4.155018366873264313e-03,-1.347301411442458630e-03
4.849916458129882812e+00,2.780017137527465820e+00,5.668159484863281250e+00,9.999990463256835938e-01,1.423776731826364994e-03,-1.655166561249643564e-04,2.007866714848205447e-04
2.463933229446411133e+00,3.862218141555786133e+00,5.472871780395507812e+00,9.999262690544128418e-01,-6.309204734861850739e-03,-9.267907589673995972e-03,-4.666202235966920853e-03
4.333502650260925293e-01,8.793354034423828125e-01,6.977574825286865234e+00,9.999979734420776367e-01,7.301460136659443378e-04,8.060425170697271824e-04,-1.719493186101317406e-03
6.216485023498535156e+00,6.936254978179931641e+00,3.005319356918334961e+00,9.999989271163940430e-01,1.083031413145363331e-03,4.648846515920013189e-04,-9.147027158178389072e-04
3.465071201324462891e+00,6.213607788085937500e-01,3.942769050598144531e+00,9.999994635581970215e-01,4.709394997917115688e-04,-8.015113999135792255e-04,4.364498308859765530e-04
2.791145086288452148e+00,2.593831777572631836e+00,7.259834766387939453e+00,9.999974370002746582e-01,1.261465367861092091e-03,-1.149355466623092070e-05,-1.903396565467119217e-03
6.307272434234619141e+00,3.691784620285034180e+00,3.648654460906982422e+00,9.999957680702209473e-01,-2.313970820978283882e-03,9.424419840797781944e-04,1.500164042226970196e-03
2.079532623291015625e+00,1.549254298210144043e+00,5.164630889892578125e+00,9.999935030937194824e-01,4.302909655962139368e-04,-2.769110025838017464e-03,-2.272550947964191437e-03
3.009412050247192383e+00,5.292224884033203125e-01,2.045528650283813477e+00,9.999914765357971191e-01,-3.578669391572475433e-03,-9.693172760307788849e-04,1.857658964581787586e-03
5.013626098632812500e+00,4.190288543701171875e+00,4.541300773620605469e+00,9.999627470970153809e-01,-6.219304632395505905e-03,-4.835641477257013321e-03,-3.528119297698140144e-03
5.058976650238037109e+00,1.115452408790588379e+00,6.020856380462646484e+00,9.999995827674865723e-01,1.964226976269856095e-04,9.406427852809429169e-04,-1.956781052285805345e-04
2.219626754522323608e-01,1.937255620956420898e+00,1.627524733543395996e+00,9.999989271163940430e-01,1.341819646768271923e-03,-3.384677402209490538e-04,6.339321844279766083e-04
6.220710754394531250e+00,3.812752723693847656e+00,3.953893423080444336e+00,9.999985694885253906e-01,2.583170717116445303e-04,1.011908985674381256e-03,1.372343627735972404e-03
7.295490264892578125e+00,4.563340663909912109e+00,3.603278636932373047e+00,9.999956488609313965e-01,1.177450409159064293e-03,6.892301025800406933e-04,-2.604109235107898712e-03
2.964829683303833008e+00,1.553398370742797852e+00,2.405153512954711914e+00,9.999994635581970215e-01,3.254575713071972132e-04,-1.052643172442913055e-03,1.438345643691718578e-04
4.336139678955078125e+00,4.755554676055908203e+00,4.095259308815002441e-01,9.999964833259582520e-01,-1.424209796823561192e-03,-1.503676292486488819e-03,1.659299130551517010e-03
6.309086799621582031e+00,5.773382186889648438e+00,1.000739932060241699e+00,9.999982714653015137e-01,-8.013254264369606972e-04,-1.602180069312453270e-03,6.351339980028569698e-04
4.636115074157714844e+00,4.326411247253417969e+00,4.231231212615966797e+00,9.999982118606567383e-01,-2.132091904059052467e-04,-3.878473362419754267e-04,-1.876291586086153984e-03
6.609008908271789551e-01,3.166765272617340088e-01,5.177607536315917969e+00,9.999983310699462891e-01,1.467838534153997898e-03,1.109016593545675278e-03,1.993389014387503266e-04
5.290488719940185547e+00,2.505975008010864258e+00,4.499439716339111328e+00,9.999975562095642090e-01,2.271488920086994767e-04,2.146586077287793159e-03,4.858631873503327370e-04
4.478399753570556641e+00,5.386340141296386719e+00,2.855661809444427490e-01,9.999806284904479980e-01,2.140042372047901154e-03,-1.764287590049207211e-03,-5.578069481998682022e-03
5.089028358459472656e+00,3.394812345504760742e+00,4.042446613311767578e+00,9.998264908790588379e-01,9.900586446747183800e-04,1.624448038637638092e-02,-9.070348925888538361e-03
3.468652963638305664e+00,5.022404670715332031e+00,5.058802604675292969e+00,9.999979734420776367e-01,-2.545012830523774028e-05,-2.037390135228633881e-03,7.066823854984249920e-07
6.892523765563964844e+00,2.639800548553466797e+00,2.507448434829711914e+00,9.999954700469970703e-01,9.097842266783118248e-04,2.881665714085102081e-03,1.158224476967006922e-04
5.111366271972656250e+00,1.494078993797302246e+00,6.799149990081787109e+00,9.999995827674865723e-01,4.508985439315438271e-04,1.395603903802111745e-04,8.351203287020325661e-04
1.592647880315780640e-01,3.225613594055175781e+00,4.976109981536865234e+00,9.999998211860656738e-01,-4.019041953142732382e-04,1.720562140690162778e-04,-4.572947509586811066e-04
1.887469172477722168e+00,6.486045837402343750e+00,4.793425559997558594e+00,9.999961853027343750e-01,-1.209604088217020035e-03,-2.217968460172414780e-03,-1.168705057352781296e-03
6.292993545532226562e+00,1.339314937591552734e+00,3.902923822402954102e+00,9.999980926513671875e-01,5.333305452950298786e-04,-1.831396250054240227e-03,-4.119946097489446402e-04
7.400671005249023438e+00,2.423385858535766602e+00,1.212557926774024963e-01,9.998725652694702148e-01,-1.687916344963014126e-03,1.019767392426729202e-02,1.217224355787038803e-02
3.833926677703857422e+00,7.224836826324462891e+00,7.348455905914306641e+00,9.999922513961791992e-01,1.170317060314118862e-03,-3.026050981134176254e-03,2.239096211269497871e-03
5.088685512542724609e+00,4.029484272003173828e+00,5.766199588775634766e+00,9.999946951866149902e-01,-1.095385290682315826e-03,-2.009837655350565910e-03,-2.323764842003583908e-03
1.215319752693176270e+00,2.996436119079589844e+00,1.619896054267883301e+00,9.999978542327880859e-01,-1.284189405851066113e-03,1.591933425515890121e-03,5.076715606264770031e-04
6.313372135162353516e+00,1.489504933357238770e+00,2.421482086181640625e+00,9.999995827674865723e-01,1.013142682495526969e-04,-5.958162364549934864e-04,7.701083086431026459e-04
3.120208263397216797e+00,6.734373569488525391e+00,7.471814632415771484e+00,9.999957084655761719e-01,-7.242998690344393253e-04,1.496328623034060001e-03,2.403110731393098831e-03
4.498394966125488281e+00,7.199689388275146484e+00,2.893043518066406250e+00,9.999988079071044922e-01,-3.647969278972595930e-04,-1.495118602178990841e-03,-3.699333174154162407e-04
2.108875989913940430e+00,3.369356870651245117e+00,4.976469993591308594e+00,9.999993443489074707e-01,1.164339133538305759e-03,-2.018762752413749695e-04,-1.855815644375979900e-04
3.941291093826293945e+00,6.290541648864746094e+00,5.976204395294189453e+00,9.999992847442626953e-01,3.036041453015059233e-04,-4.786895005963742733e-04,-1.126619521528482437e-03
5.485895633697509766e+00,7.024275302886962891e+00,6.145988941192626953e+00,9.999608993530273438e-01,-2.635081065818667412e-03,-7.448140066117048264e-03,-3.976814914494752884e-03
3.299701690673828125e+00,7.053496837615966797e+00,2.187475681304931641e+00,9.999955892562866211e-01,-4.954572068527340889e-04,-2.014275407418608665e-03,2.163235330954194069e-03
6.103163719177246094e+00,4.411710798740386963e-01,3.722457170486450195e+00,9.999253749847412109e-01,-4.554073791950941086e-03,-2.797578927129507065e-04,1.133433077484369278e-02
1.167660832405090332e+00,7.478729724884033203e+00,1.797549486160278320e+00,9.999840259552001953e-01,-4.859061446040868759e-03,-2.186028053984045982e-03,-1.916621695272624493e-03
5.810876369476318359e+00,6.170438766479492188e+00,4.568322181701660156e+00,9.999470710754394531e-01,7.452208083122968674e-03,-1.894183573313057423e-03,-6.835109554231166840e-03
1.169391632080078125e+00,1.459414482116699219e+00,4.698465824127197266e+00,9.999997615814208984e-01,7.223669090308248997e-04,1.756374877004418522e-05,-3.118847671430557966e-04
4.595660209655761719e+00,3.478035688400268555e+00,2.316692590713500977e+00,9.999158978462219238e-01,-1.204981468617916107e-02,-2.503847237676382065e-03,-4.103239625692367554e-03
1.619226038455963135e-01,2.001070261001586914e+00,5.003462791442871094e+00,9.999970197677612305e-01,1.904363394714891911e-03,1.108796801418066025e-03,-1.113463193178176880e-03
3.465239286422729492e+00,3.677726507186889648e+00,4.812138080596923828e+00,9.999750256538391113e-01,2.960455836728215218e-03,-5.403138697147369385e-03,-3.485347842797636986e-03
6.834855079650878906e-01,5.999747276306152344e+00,1.558102488517761230e+00,9.999969005584716797e-01,-1.228232402354478836e-03,-1.873639761470258236e-03,1.130493124946951866e-03
5.966468811035156250e+00,3.464724540710449219e+00,3.890208005905151367e+00,9.998933076858520508e-01,-1.193138211965560913e-02,5.213074851781129837e-03,6.624893285334110260e-03
4.071980714797973633e-01,7.215614795684814453e+00,5.057291388511657715e-01,9.999945759773254395e-01,-8.283595670945942402e-04,-2.456263406202197075e-03,-2.058631740510463715e-03
4.370865821838378906e+00,5.592221736907958984e+00,6.455325126647949219e+00,9.999566674232482910e-01,1.710599754005670547e-04,9.232753887772560120e-03,-1.207897323183715343e-03
2.702384591102600098e-01,5.781798839569091797e+00,4.929697036743164062e+00,9.999855756759643555e-01,1.412480720318853855e-03,8.707139058969914913e-04,-5.106801167130470276e-03
1.938474655151367188e+00,3.916256904602050781e+00,5.160291194915771484e+00,9.999971985816955566e-01,-9.924536570906639099e-04,6.608125986531376839e-04,2.089605433866381645e-03
5.832083702087402344e+00,3.223298788070678711e+00,3.722337961196899414e+00,9.999297857284545898e-01,-9.304028004407882690e-03,4.220681264996528625e-03,6.001048721373081207e-03
3.334600687026977539e+00,7.393432140350341797e+00,3.416177749633789062e+00,9.999950528144836426e-01,2.625108463689684868e-03,-1.708425465039908886e-03,3.671226149890571833e-04
3.792098999023437500e+00,4.977396965026855469e+00,2.636628627777099609e+00,9.999972581863403320e-01,1.016568625345826149e-03,1.642780494876205921e-03,-1.307073980569839478e-03
4.164151191711425781e+00,3.148733139038085938e+00,6.618568420410156250e+00,9.999997019767761230e-01,2.012103650486096740e-04,-8.549517951905727386e-04,7.775000767651363276e-07
3.120290756225585938e+00,4.347555637359619141e-01,5.123655319213867188e+00,9.999960064888000488e-01,-1.033357926644384861e-03,2.423858270049095154e-03,-1.078941975720226765e-03
6.352069377899169922e+00,8.726194500923156738e-01,8.961012959480285645e-01,9.999587535858154297e-01,6.129582878202199936e-03,5.097439512610435486e-03,-4.362497944384813309e-03
2.565564155578613281e+00,6.027402400970458984e+00,5.485649108886718750e+00,9.999986886978149414e-01,1.590276369825005531e-03,3.945527423638850451e-04,-6.331437180051580071e-05
7.305075168609619141e+00,3.733360767364501953e+00,1.769612908363342285e+00,9.999558329582214355e-01,8.904343470931053162e-03,1.398776425048708916e-03,-2.664439147338271141e-03
4.382939636707305908e-01,7.141270637512207031e+00,3.756413698196411133e+00,9.999858736991882324e-01,-6.258635548874735832e-04,4.318095743656158447e-03,3.044604556635022163e-03
1.267992138862609863e+00,2.680907726287841797e+00,6.452537059783935547e+00,9.999977946281433105e-01,-4.437659663381054997e-05,6.156854215078055859e-04,-2.030217554420232773e-03
4.814158916473388672e+00,6.066760063171386719e+00,1.469217181205749512e+00,9.999973773956298828e-01,-1.899750437587499619e-03,1.085960306227207184e-03,-6.704024272039532661e-04
1.299081802368164062e+00,2.613449335098266602e+00,2.383069038391113281e+00,9.999817013740539551e-01,1.498802797868847847e-03,3.112029051408171654e-03,4.977053962647914886e-03
5.352030396461486816e-01,5.843529701232910156e+00,7.093167901039123535e-01,9.999962449073791504e-01,-1.116089697461575270e-05,4.069097049068659544e-04,-2.697369083762168884e-03
1.148633956909179688e+00,6.875310897827148438e+00,1.429940104484558105e+00,9.999945759773254395e-01,-2.750655403360724449e-03,4.602410190273076296e-04,-1.743983826600015163e-03
1.772431969642639160e+00,1.230392456054687500e+00,1.118776202201843262e+00,9.999343156814575195e-01,1.141393650323152542e-02,6.570520927198231220e-04,8.069629548117518425e-04
6.414277076721191406e+00,4.748636722564697266e+00,2.042000770568847656e+00,9.999967217445373535e-01,7.404107600450515747e-04,2.215133863501250744e-04,-2.462122123688459396e-03
3.413077116012573242e+00,2.163204669952392578e+00,1.242448687553405762e+00,9.999976754188537598e-01,-7.297255215235054493e-04,-4.967607092112302780e-04,2.002581954002380371e-03
3.534378051757812500e+00,2.337328672409057617e+00,5.472316741943359375e+00,9.998656511306762695e-01,-1.391254179179668427e-02,4.759145434945821762e-03,-7.245927117764949799e-03
5.341186523437500000e+00,5.511845111846923828e+00,7.454280376434326172e+00,9.999706745147705078e-01,-5.148403812199831009e-03,5.337294191122055054e-03,1.933271414600312710e-03
6.248003959655761719e+00,7.429657936096191406e+00,5.570281296968460083e-02,9.999958872795104980e-01,-1.305408659391105175e-03,2.500495640560984612e-03,-5.135993123985826969e-04
6.132269859313964844e+00,1.639618873596191406e+00,3.947473168373107910e-01,9.999986290931701660e-01,-2.884403802454471588e-04,1.255368697457015514e-03,-1.100772409699857235e-03
4.085146427154541016e+00,3.333723545074462891e+00,7.131835937500000000e+00,9.999989867210388184e-01,-9.930696105584502220e-04,-7.474561571143567562e-04,-8.254367276094853878e-04
4.615016937255859375e+00,9.722426533699035645e-01,4.660959720611572266e+00,9.999478459358215332e-01,-7.022403180599212646e-03,6.608826108276844025e-03,3.375504631549119949e-03
2.005044221878051758e+00,5.799004554748535156e+00,3.643903017044067383e+00,9.999992251396179199e-01,-1.002626740955747664e-04,-1.437839728168910369e-05,-1.301048672758042812e-03
7.073108196258544922e+00,4.990651607513427734e+00,1.890762448310852051e+00,9.998610019683837891e-01,1.357025653123855591e-02,9.575451724231243134e-03,-1.487909234128892422e-03
6.525083541870117188e+00,6.046916484832763672e+00,5.478525638580322266e+00,9.999997019767761230e-01,-1.727240305626764894e-04,7.472956203855574131e-04,-1.202013663714751601e-04
4.259686946868896484e+00,3.661608934402465820e+00,5.215950965881347656e+00,9.999983906745910645e-01,-1.355985063128173351e-03,-1.150941476225852966e-03,9.874955867417156696e-05
4.277565479278564453e+00,5.349328994750976562e+00,5.938243269920349121e-01,9.999965429306030273e-01,1.241013407707214355e-03,-1.098954002372920513e-03,-2.086747903376817703e-03
3.707214832305908203e+00,4.053636550903320312e+00,7.308964729309082031e+00,9.999988079071044922e-01,1.227186003234237432e-04,-1.480451202951371670e-03,-4.927102709189057350e-04
4.421249866485595703e+00,3.160564422607421875e+00,3.815020024776458740e-01,9.999090433120727539e-01,6.832399521954357624e-04,-7.794871926307678223e-03,1.098845712840557098e-02
6.371156573295593262e-01,2.389863878488540649e-02,4.783961772918701172e+00,9.999338984489440918e-01,-5.913875997066497803e-03,2.561427420005202293e-03,9.523648768663406372e-03
6.569024085998535156e+00,6.658694267272949219e+00,4.614774703979492188e+00,9.996749162673950195e-01,-8.471903391182422638e-03,2.336693555116653442e-02,5.678834859281778336e-03
2.138637304306030273e+00,7.103708744049072266e+00,6.213355064392089844e+00,9.999994635581970215e-01,5.501474370248615742e-04,9.400608832947909832e-04,8.403176616411656141e-05
5.273870825767517090e-01,3.821498632431030273e+00,1.115702867507934570e+00,9.999998211860656738e-01,6.072091055102646351e-04,-2.305877278558909893e-04,-3.284259000793099403e-04
7.335463047027587891e+00,6.973874092102050781e+00,4.925714015960693359e+00,9.999992251396179199e-01,5.764633533544838428e-04,9.518587612546980381e-04,-6.654347525909543037e-04
1.667486786842346191e+00,4.189145088195800781e+00,2.339404970407485962e-01,9.999964833259582520e-01,1.575579168274998665e-03,1.923054223880171776e-03,9.326594299636781216e-04
3.782740354537963867e+00,1.203438416123390198e-01,5.686220645904541016e+00,9.999975562095642090e-01,-1.254345523193478584e-03,-1.551275956444442272e-03,-1.001053256914019585e-03
4.662215232849121094e+00,3.480448722839355469e+00,3.042557001113891602e+00,9.998450875282287598e-01,3.008525236509740353e-04,-1.095306407660245895e-02,1.377508044242858887e-02
5.976217746734619141e+00,3.931897401809692383e+00,4.933895111083984375e+00,9.999941587448120117e-01,-3.159681335091590881e-03,5.281544290482997894e-04,-1.227926113642752171e-03
5.342583656311035156e+00,4.568770408630371094e+00,6.679507732391357422e+00,9.999790191650390625e-01,-8.673233678564429283e-04,-6.252915132790803909e-03,-1.482211519032716751e-03
5.126152992248535156e+00,2.395235002040863037e-03,1.350779414176940918e+00,9.999995231628417969e-01,1.410809491062536836e-04,1.063292962498962879e-03,5.296067320159636438e-05
1.449053287506103516e+00,5.097978115081787109e+00,6.560562610626220703e+00,9.996544122695922852e-01,-1.958843693137168884e-02,1.734871603548526764e-02,-2.539875218644738197e-03
1.478273153305053711e+00,5.350561618804931641e+00,5.609340190887451172e+00,9.999810457229614258e-01,-2.253096783533692360e-03,2.276124665513634682e-03,-5.263995844870805740e-03
6.909450531005859375e+00,1.539289951324462891e+00,2.212600469589233398e+00,9.999835491180419922e-01,5.279063712805509567e-03,-1.415190170519053936e-03,1.743988250382244587e-03
2.536385059356689453e+00,7.020665645599365234e+00,6.794571876525878906e+00,9.999992251396179199e-01,-9.065923513844609261e-04,-8.445881539955735207e-04,-2.797874913085252047e-04
1.647106528282165527e+00,7.495988368988037109e+00,3.166200637817382812e+00,9.999898076057434082e-01,-1.539578224765136838e-04,-4.282593261450529099e-03,-1.407771022059023380e-03
5.941528797149658203e+00,5.964831829071044922e+00,2.217477858066558838e-01,9.999847412109375000e-01,9.416565299034118652e-04,5.396567867137491703e-04,5.426881369203329086e-03
1.812321782112121582e+00,3.038878917694091797e+00,2.456419944763183594e+00,9.999484419822692871e-01,-5.281123798340559006e-03,3.055996960029006004e-03,-8.112994953989982605e-03
6.041411876678466797e+00,5.930703163146972656e+00,8.650146722793579102e-01,9.999987483024597168e-01,-1.129003125242888927e-03,-1.121073146350681782e-03,-2.402794780209660530e-04
7.336974143981933594e+00,3.015124082565307617e+00,2.368227720260620117e+00,9.999980330467224121e-01,-1.475110417231917381e-03,2.472677151672542095e-04,1.315966481342911720e-03
3.665758967399597168e-01,5.098776340484619141e+00,7.145128250122070312e+00,9.999937415122985840e-01,-1.627125660888850689e-03,1.288921339437365532e-03,2.885399153456091881e-03
5.795284271240234375e+00,3.787492036819458008e+00,7.253478527069091797e+00,9.999989271163940430e-01,-9.003959712572395802e-04,-1.226368709467351437e-03,-2.381754165980964899e-05
5.507067680358886719e+00,6.755584716796875000e+00,4.589724063873291016e+00,9.999682307243347168e-01,-2.358637750148773193e-03,6.383003201335668564e-03,4.167615436017513275e-03
1.456488490104675293e+00,2.940251588821411133e+00,6.675712585449218750e+00,9.999870061874389648e-01,5.062466021627187729e-03,-5.272821872495114803e-04,-2.636469143908470869e-04
5.143321990966796875e+00,4.833643734455108643e-01,5.696264743804931641e+00,9.999799728393554688e-01,3.314314177259802818e-03,3.630204126238822937e-03,3.979736007750034332e-03
5.430821418762207031e+00,4.399026870727539062e+00,3.313086748123168945e+00,9.994266033172607422e-01,9.270081296563148499e-03,-1.202326966449618340e-03,3.254409506916999817e-02
2.129034757614135742e+00,3.873773813247680664e+00,4.363939285278320312e+00,9.999740719795227051e-01,9.799108374863862991e-04,-2.900911727920174599e-03,-6.523731630295515060e-03
3.779598712921142578e+00,7.131399631500244141e+00,2.651887893676757812e+00,9.999626874923706055e-01,4.384284373372793198e-03,4.617614671587944031e-03,-5.842651706188917160e-03
5.474086284637451172e+00,7.280730247497558594e+00,6.929485797882080078e+00,9.999502897262573242e-01,6.699689198285341263e-03,-5.782096181064844131e-03,-4.612036049365997314e-03
2.064892292022705078e+00,2.818377494812011719e+00,1.921207904815673828e+00,9.999947547912597656e-01,-1.024257275275886059e-03,-2.939542522653937340e-03,8.897678344510495663e-04
6.713609695434570312e+00,4.991967678070068359e+00,2.185463905334472656e+00,9.999762773513793945e-01,-2.135110087692737579e-03,1.432707183994352818e-03,-6.394841708242893219e-03
3.996740818023681641e+00,1.780165791511535645e+00,2.809930801391601562e+00,9.999967217445373535e-01,-1.763826585374772549e-04,2.341466257348656654e-03,1.085332245565950871e-03
5.149204254150390625e+00,6.685784459114074707e-01,3.087276458740234375e+00,9.998702406883239746e-01,6.728723179548978806e-03,1.173722185194492340e-02,8.749852888286113739e-03
5.988907814025878906e+00,5.372028350830078125e+00,3.289277851581573486e-01,9.999955892562866211e-01,-2.615881152451038361e-03,1.024494995363056660e-03,9.979279711842536926e-04
3.841567277908325195e+00,5.297725200653076172e+00,4.342873573303222656e+00,9.999960660934448242e-01,1.000554999336600304e-03,-2.616345882415771484e-03,-1.045419230649713427e-05
1.993001937866210938e+00,3.401458740234375000e+00,2.247356176376342773e+00,9.999955296516418457e-01,-1.238797995029017329e-04,-1.389357028529047966e-03,2.662936458364129066e-03
5.433394908905029297e+00,3.624217748641967773e+00,2.751708507537841797e+00,9.999434351921081543e-01,8.229117840528488159e-03,6.521356292068958282e-03,-1.683197449892759323e-03
1.912668466567993164e+00,5.561108112335205078e+00,1.434945762157440186e-01,9.999954700469970703e-01,2.900828141719102859e-03,1.140390886575914919e-04,8.875286439433693886e-04
2.498588085174560547e+00,2.182113647460937500e+00,4.079205393791198730e-01,9.999934434890747070e-01,3.189853858202695847e-03,1.012049033306539059e-03,-1.441905857063829899e-03
4.464168846607208252e-01,7.473508358001708984e+00,2.656550884246826172e+00,9.999973177909851074e-01,1.638959220144897699e-04,-2.115388168022036552e-03,-9.631068096496164799e-04
6.932432055473327637e-01,3.031145572662353516e+00,5.672723293304443359e+00,9.999589323997497559e-01,4.191636573523283005e-03,8.031050674617290497e-03,2.670090470928698778e-04
2.292920827865600586e+00,2.869647741317749023e+00,9.519118070602416992e-01,9.999973773956298828e-01,-1.351013779640197754e-03,1.804694649763405323e-03,5.395371117629110813e-04
5.833320140838623047e+00,4.473151683807373047e+00,7.014607429504394531e+00,9.999284744262695312e-01,8.158333599567413330e-03,-7.710483390837907791e-03,-4.136813804507255554e-03
1.522434115409851074e+00,2.661113023757934570e+00,6.837278842926025391e+00,9.999986886978149414e-01,-8.498960523866117001e-04,-5.782059160992503166e-04,-1.269118976779282093e-03
1.467798590660095215e+00,1.965783953666687012e+00,2.385544538497924805e+00,9.999995827674865723e-01,5.066242301836609840e-04,-4.726127372123301029e-04,5.846699932590126991e-04
1.038308024406433105e+00,2.774684667587280273e+00,4.621404647827148438e+00,9.999994039535522461e-01,-1.053723506629467010e-03,4.484476230572909117e-04,-5.947522367932833731e-05
1.345648884773254395e+00,2.301797151565551758e+00,3.148276805877685547e+00,9.999962449073791504e-01,7.515819743275642395e-04,-1.374065643176436424e-03,2.261045388877391815e-03
5.665885210037231445e-01,1.884010553359985352e+00,1.081946372985839844e+00,9.999998211860656738e-01,7.192633347585797310e-04,-2.332808071514591575e-05,-1.262959558516740799e-04
2.308046579360961914e+00,3.460955619812011719e+00,3.987732648849487305e+00,9.999949932098388672e-01,1.827901578508317471e-03,-5.422117828857153654e-05,2.616751939058303833e-03
1.256465435028076172e+00,1.777727365493774414e+00,6.669806003570556641e+00,9.999775290489196777e-01,3.787622554227709770e-03,5.178996361792087555e-03,-1.955877523869276047e-03
4.210756301879882812e+00,3.676079750061035156e+00,2.349895387887954712e-01,9.999979734420776367e-01,4.500639042817056179e-04,-5.584371974691748619e-04,-1.908404286950826645e-03
6.201279163360595703e+00,3.306241989135742188e+00,4.518220901489257812e+00,9.999459981918334961e-01,8.643696783110499382e-04,-7.658050861209630966e-03,6.968228146433830261e-03
7.432468891143798828e+00,1.891495347023010254e+00,5.436792850494384766e+00,9.999979734420776367e-01,-1.405642833560705185e-04,7.482813671231269836e-04,-1.887691090814769268e-03
7.226058006286621094e+00,2.407575130462646484e+00,4.920850276947021484e+00,9.999579191207885742e-01,-8.636258542537689209e-03,-1.712539960863068700e-04,3.098930232226848602e-03
2.763196229934692383e+00,2.405911207199096680e+00,3.950402438640594482e-01,9.999936223030090332e-01,-4.857500025536864996e-04,1.231909845955669880e-03,-3.340919269248843193e-03
8.723731040954589844e-01,2.270660638809204102e+00,3.197046041488647461e+00,9.998620152473449707e-01,1.110633742064237595e-02,-1.064295042306184769e-02,6.278762593865394592e-03
2.701420307159423828e+00,2.522345781326293945e+00,6.674418449401855469e+00,9.999634027481079102e-01,3.655775683000683784e-03,6.168567109853029251e-03,4.663467407226562500e-03
2.571842432022094727e+00,5.902835726737976074e-01,3.388714551925659180e+00,9.999993443489074707e-01,4.954412579536437988e-04,-5.798677448183298111e-04,8.957515819929540157e-04
4.246819972991943359e+00,2.364581823348999023e-01,2.178341865539550781e+00,9.999974966049194336e-01,1.863784622400999069e-03,-1.008425955660641193e-03,8.175140246748924255e-04
5.217501640319824219e+00,6.722190380096435547e+00,7.816132903099060059e-01,9.999057054519653320e-01,1.015813834965229034e-02,6.897440645843744278e-03,6.153325084596872330e-03
3.430256247520446777e-01,3.700943887233734131e-01,7.157549858093261719e+00,9.999997019767761230e-01,3.519853053148835897e-04,-5.351591971702873707e-04,-4.203887947369366884e-04
5.990087985992431641e+00,1.086686015129089355e+00,5.633083820343017578e+00,9.999903440475463867e-01,-2.681682351976633072e-03,-3.216914599761366844e-03,-1.313305925577878952e-03
4.489334583282470703e+00,4.826813697814941406e+00,5.317490577697753906e+00,9.999972581863403320e-01,-2.328711329028010368e-03,-3.504381747916340828e-04,-2.609743969514966011e-04
2.827086448669433594e+00,1.189385294914245605e+00,5.863126277923583984e+00,9.994753599166870117e-01,5.296362214721739292e-04,-2.245601825416088104e-02,2.333663962781429291e-02
6.809528827667236328e+00,8.754751682281494141e-01,7.031285762786865234e+00,9.999937415122985840e-01,-2.926533110439777374e-03,1.936748274601995945e-03,-6.067173089832067490e-04
3.218798875808715820e+00,1.681262612342834473e+00,4.855602741241455078e+00,9.999985694885253906e-01,2.704056678339838982e-04,1.658716704696416855e-03,-4.570287419483065605e-04
6.951984405517578125e+00,5.779787302017211914e-01,6.854743003845214844e+00,9.999247789382934570e-01,5.051526241004467010e-03,8.422087877988815308e-03,-7.359066978096961975e-03
4.586586475372314453e+00,4.198824405670166016e+00,5.987583160400390625e+00,9.999995827674865723e-01,7.076539914123713970e-04,2.908979658968746662e-04,6.185845122672617435e-04
2.692546606063842773e+00,5.651302337646484375e-01,5.310711860656738281e+00,9.999874234199523926e-01,2.429925225442275405e-04,-2.460075309500098228e-03,4.355084151029586792e-03
3.778468370437622070e+00,4.151561737060546875e+00,6.152158737182617188e+00,9.999982714653015137e-01,-1.356220804154872894e-03,-2.894096724048722535e-05,-1.338191912509500980e-03
1.144836783409118652e+00,5.305054187774658203e+00,7.305983066558837891e+00,9.999982714653015137e-01,-1.249781926162540913e-04,1.326998230069875717e-03,-1.288110041059553623e-03
1.952111363410949707e+00,3.308732509613037109e+00,2.824131011962890625e+00,9.999940991401672363e-01,1.261968282051384449e-03,-3.080112393945455551e-03,8.933337521739304066e-04
4.806972503662109375e+00,3.771557569503784180e+00,7.212561130523681641e+00,9.999925494194030762e-01,-1.376895233988761902e-03,3.521305043250322342e-03,8.234829874709248543e-04
5.537549972534179688e+00,3.635348558425903320e+00,3.542996406555175781e+00,9.999986290931701660e-01,-8.838492067297920585e-05,8.471094188280403614e-04,-1.463225809857249260e-03
9.402371644973754883e-01,5.693059921264648438e+00,3.963453769683837891e+00,1.000000000000000000e+00,2.195755660068243742e-04,-1.947862328961491585e-04,-7.132836617529392242e-05
3.188308715820312500e+00,2.628172397613525391e+00,4.479083538055419922e+00,9.998823404312133789e-01,-5.502801854163408279e-03,-1.527192536741495132e-03,-1.423867605626583099e-02
3.565772056579589844e+00,5.415171623229980469e+00,4.105675518512725830e-01,9.999986290931701660e-01,-5.146068288013339043e-04,8.760688942857086658e-04,-1.371218473650515079e-03
1.463987708091735840e+00,5.671720027923583984e+00,3.005491495132446289e+00,9.999542832374572754e-01,5.849223118275403976e-03,-7.564692292362451553e-03,-2.152743254555389285e-04
3.364026069641113281e+00,5.644916057586669922e+00,1.053415775299072266e+00,9.999930858612060547e-01,-3.029210958629846573e-03,-1.630787854082882404e-03,-1.411696895956993103e-03
5.940008640289306641e+00,4.654979228973388672e+00,2.985979020595550537e-01,9.999545812606811523e-01,2.215700689703226089e-03,-8.823649026453495026e-03,2.853303449228405952e-03
6.882625579833984375e+00,6.890941143035888672e+00,5.201599597930908203e+00,9.999999403953552246e-01,4.916041507385671139e-04,-8.970421185949817300e-05,-9.967603546101599932e-05
7.115890502929687500e+00,1.671482920646667480e-01,8.679176568984985352e-01,9.999996423721313477e-01,-6.952441181056201458e-04,-4.232696664985269308e-04,-4.379495221655815840e-04
7.440526962280273438e+00,6.876541614532470703e+00,3.528319895267486572e-01,9.999817609786987305e-01,2.775402972474694252e-03,-5.152768921107053757e-03,1.500610494986176491e-03
4.579173564910888672e+00,7.002366542816162109e+00,5.542784214019775391e+00,9.999896287918090820e-01,5.871748435311019421e-04,-3.763489192351698875e-03,2.482640789821743965e-03
5.835003852844238281e+00,6.318983078002929688e+00,2.742984294891357422e+00,9.999998807907104492e-01,-4.560772504191845655e-04,4.419680044520646334e-04,1.338999136351048946e-04
4.223659038543701172e+00,4.461715698242187500e+00,5.147891044616699219e+00,9.999044537544250488e-01,6.113468669354915619e-03,5.645808763802051544e-03,-1.104288268834352493e-02
2.690938711166381836e+00,4.621037483215332031e+00,6.586963176727294922e+00,9.999194145202636719e-01,7.468005176633596420e-03,9.716182947158813477e-03,3.325913101434707642e-03
5.242679119110107422e-01,1.723254680633544922e+00,3.338969051837921143e-01,9.999923110008239746e-01,2.990608845720998943e-05,3.330719657242298126e-03,2.065243432298302650e-03
4.970945358276367188e+00,4.009768366813659668e-01,3.114781379699707031e+00,9.999138116836547852e-01,1.880547264590859413e-03,5.131370853632688522e-04,1.298981998115777969e-02
3.228291511535644531e+00,7.279150485992431641e+00,1.956418275833129883e+00,9.999981522560119629e-01,6.497320136986672878e-04,1.816281583160161972e-03,3.618425107561051846e-04
5.733266353607177734e+00,5.040979385375976562e+00,6.096801280975341797e+00,9.999988079071044922e-01,1.155062462203204632e-03,-2.207787038059905171e-04,-1.050021499395370483e-03
4.926173210144042969e+00,3.827575683593750000e+00,6.220922470092773438e+00,9.999995231628417969e-01,5.682425107806921005e-04,8.332197903655469418e-04,2.527763135731220245e-04
6.192292213439941406e+00,1.308016777038574219e+00,2.702344954013824463e-01,9.999988079071044922e-01,-4.552489845082163811e-04,1.044496777467429638e-03,-1.067712437361478806e-03
5.549761295318603516e+00,4.325008869171142578e+00,4.706829071044921875e+00,9.999696612358093262e-01,4.738553427159786224e-03,-3.590217558667063713e-03,5.039614625275135040e-03
3.184862375259399414e+00,3.926825523376464844e+00,5.790794372558593750e+00,9.999963641166687012e-01,-1.247909036464989185e-03,2.295480575412511826e-03,7.472750148735940456e-04
1.973224639892578125e+00,1.544378697872161865e-01,6.930538177490234375e+00,9.999978542327880859e-01,-1.094121034839190543e-04,2.087101107463240623e-03,1.373254781356081367e-04
1.698670268058776855e+00,1.881141543388366699e+00,3.083785295486450195e+00,9.999931454658508301e-01,1.144903129898011684e-03,-1.289317267946898937e-03,-3.298992756754159927e-03
1.517716050148010254e+00,7.048650741577148438e+00,4.165289402008056641e+00,9.999987483024597168e-01,1.071835285983979702e-03,1.196596887893974781e-03,2.647625806275755167e-04
1.224173665046691895e+00,6.562263488769531250e+00,1.090984225273132324e+00,9.999985694885253906e-01,1.643548253923654556e-03,-5.132181686349213123e-04,-3.907482823706232011e-05
5.406982421875000000e+00,4.907872676849365234e+00,3.151753902435302734e+00,9.999924302101135254e-01,-2.030625328188762069e-04,5.079902475699782372e-04,3.873370587825775146e-03
6.425786018371582031e+00,7.047839164733886719e+00,2.232055902481079102e+00,9.999881386756896973e-01,3.971699625253677368e-03,-2.432456240057945251e-03,1.455704448744654655e-03
5.539688587188720703e+00,2.927499771118164062e+00,6.360071659088134766e+00,9.999878406524658203e-01,3.209161339327692986e-03,-3.339515998959541321e-03,-1.720094121992588043e-03
3.542867600917816162e-01,4.550168991088867188e+00,2.720705270767211914e+00,9.997835755348205566e-01,4.498539958149194717e-03,2.009268105030059814e-02,-2.985045081004500389e-03
7.272035121917724609e+00,1.574668526649475098e+00,5.203718662261962891e+00,9.999995827674865723e-01,-8.185764891095459461e-04,1.039225462591275573e-04,-4.911260912194848061e-04
4.634696006774902344e+00,7.633991837501525879e-01,7.422180175781250000e+00,9.999744892120361328e-01,4.012567922472953796e-03,-3.912735846824944019e-04,-5.891583394259214401e-03
6.573744297027587891e+00,5.355450630187988281e+00,1.142226576805114746e+00,9.999997019767761230e-01,7.072606240399181843e-04,6.829597987234592438e-05,-4.902613582089543343e-04
6.935333013534545898e-01,3.354146003723144531e+00,1.439019560813903809e+00,9.999977350234985352e-01,1.847273320890963078e-03,9.575911681167781353e-04,4.097406635992228985e-04
2.227571964263916016e+00,7.583914399147033691e-01,1.812526106834411621e+00,9.999981522560119629e-01,-1.497715595178306103e-03,9.666933328844606876e-04,-7.398139568977057934e-04
1.064359784126281738e+00,3.479756832122802734e+00,3.524305820465087891e+00,9.999960064888000488e-01,-5.568080232478678226e-04,2.704635728150606155e-03,6.384833832271397114e-04
7.302563667297363281e+00,6.976215362548828125e+00,7.302163839340209961e-01,9.999995231628417969e-01,-9.040995500981807709e-04,1.249950582860037684e-04,4.558401997201144695e-04
6.764235019683837891e+00,8.604294657707214355e-01,1.046154022216796875e+00,9.996889233589172363e-01,9.454434737563133240e-03,-2.266251854598522186e-02,4.367474932223558426e-03
1.106709480285644531e+00,2.150425434112548828e+00,3.616216421127319336e+00,9.999954104423522949e-01,2.636637771502137184e-03,-2.347095287404954433e-04,-1.463360269553959370e-03
1.738749146461486816e+00,1.732420682907104492e+00,4.477842330932617188e+00,9.999994635581970215e-01,-2.783680683933198452e-04,3.803571744356304407e-04,-1.024929923005402088e-03
2.933539628982543945e+00,3.779347896575927734e+00,7.217199802398681641e+00,9.999989867210388184e-01,-9.935329435393214226e-04,-7.310143555514514446e-04,8.167198393493890762e-04
5.727238059043884277e-01,5.358984947204589844e+00,1.305179953575134277e+00,9.999950528144836426e-01,2.938982797786593437e-03,7.596682407893240452e-04,-7.803326006978750229e-04
3.130580663681030273e+00,3.496157407760620117e+00,5.546052455902099609e+00,9.999989867210388184e-01,7.795508718118071556e-04,1.054297550581395626e-03,5.801413790322840214e-04
5.274219989776611328e+00,2.600543260574340820e+00,2.128510713577270508e+00,9.999976158142089844e-01,-1.243229606188833714e-03,-1.278123381780460477e-04,-1.808229601010680199e-03
4.014450907707214355e-01,5.790307521820068359e+00,1.579665184020996094e+00,9.999399781227111816e-01,1.271222601644694805e-03,-7.560679223388433456e-03,7.830710150301456451e-03
7.296512126922607422e+00,5.790264606475830078e+00,4.150350093841552734e+00,9.999992847442626953e-01,-9.525677305646240711e-04,-6.062876855139620602e-05,7.687125471420586109e-04
5.987794876098632812e+00,4.327600955963134766e+00,5.960778713226318359e+00,9.999750852584838867e-01,-1.671076286584138870e-03,-5.937454756349325180e-03,-3.448557108640670776e-03
1.655586719512939453e+00,5.293691635131835938e+00,1.080688953399658203e+00,9.999992251396179199e-01,1.743926841299980879e-04,-1.154444180428981781e-03,-5.168217467144131660e-04
7.241472721099853516e+00,3.848896980285644531e+00,6.626277446746826172e+00,9.999977350234985352e-01,1.519637648016214371e-03,1.233488088473677635e-03,9.008051129058003426e-04
7.139533042907714844e+00,2.628981351852416992e+00,1.682132005691528320e+00,9.999998807907104492e-01,-4.979514051228761673e-04,2.688131935428828001e-04,2.058669779216870666e-04
5.141433238983154297e+00,1.056658148765563965e+00,5.584812760353088379e-01,9.999137520790100098e-01,-1.195393409579992294e-02,4.161877091974020004e-03,3.510906128212809563e-03
2.177091360092163086e+00,1.518638253211975098e+00,3.788003921508789062e+00,9.999876618385314941e-01,-1.183331827633082867e-03,-4.806527402251958847e-03,-3.571542038116604090e-04
5.361191749572753906e+00,7.431046485900878906e+00,7.241986751556396484e+00,9.999999403953552246e-01,-2.081127749988809228e-04,5.038459203206002712e-04,2.880968168028630316e-05
7.467370510101318359e+00,4.943501472473144531e+00,5.780725955963134766e+00,9.999918341636657715e-01,-1.926548895426094532e-03,8.778379997238516808e-04,-3.438137704506516457e-03
3.181884527206420898e+00,6.503099441528320312e+00,2.667168140411376953e+00,9.999870657920837402e-01,3.765298053622245789e-03,3.043500240892171860e-03,-1.562272547744214535e-03
1.479816198348999023e+00,6.029728651046752930e-01,3.979279041290283203e+00,9.999983310699462891e-01,1.323940465226769447e-03,1.005350350169464946e-04,-1.312136184424161911e-03
5.264189243316650391e+00,4.104351997375488281e+00,3.924309015274047852e+00,9.999802112579345703e-01,3.331603656988590956e-04,5.373368971049785614e-03,3.275459632277488708e-03
6.379254341125488281e+00,5.870571613311767578e+00,4.161146640777587891e+00,9.999992847442626953e-01,-9.587217355147004128e-04,-2.137704868800938129e-04,6.263119284994900227e-04
1.932946443557739258e-01,1.102566599845886230e+00,4.462800502777099609e+00,9.999980330467224121e-01,4.749306535813957453e-04,-1.681476016528904438e-03,-1.028513652272522449e-03
3.475721120834350586e+00,4.302656173706054688e+00,7.472918987274169922e+00,9.999969601631164551e-01,-7.251261849887669086e-04,-2.393422648310661316e-03,-7.778234430588781834e-05
3.486195325851440430e+00,3.389357566833496094e+00,3.973921239376068115e-01,9.999801516532897949e-01,-3.706922580022364855e-04,4.866693168878555298e-03,-3.985041752457618713e-03
6.771227836608886719e+00,3.137053012847900391e+00,5.108668804168701172e+00,9.999953508377075195e-01,6.758499075658619404e-04,2.483385615050792694e-03,1.670435070991516113e-03
4.000408649444580078e+00,2.752087593078613281e+00,2.519201338291168213e-01,9.999931454658508301e-01,4.030992276966571808e-04,-1.226603752002120018e-03,3.483009524643421173e-03
5.086930274963378906e+00,4.889836311340332031e+00,7.492058753967285156e+00,9.999964833259582520e-01,2.548193791881203651e-03,4.690304631367325783e-04,-4.982926766388118267e-04
5.812867164611816406e+00,1.813515871763229370e-01,1.618676662445068359e+00,9.999559521675109863e-01,-3.355747088789939880e-03,7.079449482262134552e-03,5.182358901947736740e-03
3.899910211563110352e+00,2.567270278930664062e+00,4.224892616271972656e+00,9.999973177909851074e-01,-7.141745300032198429e-04,1.540180528536438942e-03,1.599820563569664955e-03
6.068516731262207031e+00,1.022455811500549316e+00,5.027569293975830078e+00,9.999770522117614746e-01,6.218008231371641159e-03,1.832667156122624874e-03,1.975577557459473610e-03
1.542064309120178223e+00,4.514331817626953125e+00,3.768594264984130859e+00,9.999338984489440918e-01,-8.178202435374259949e-03,-6.662848405539989471e-03,-4.581716842949390411e-03
5.021907806396484375e+00,7.447761058807373047e+00,4.027827084064483643e-01,9.999974370002746582e-01,-8.305807714350521564e-04,-2.077479381114244461e-03,-5.399209330789744854e-04
5.264859676361083984e+00,1.571054697036743164e+00,3.115480661392211914e+00,9.998825788497924805e-01,6.577441934496164322e-03,4.826723597943782806e-03,1.297758426517248154e-02
4.732447147369384766e+00,2.561595737934112549e-01,6.868060111999511719e+00,9.998706579208374023e-01,-9.885398903861641884e-04,5.238256882876157761e-03,-1.517475582659244537e-02
5.799641609191894531e+00,3.359071731567382812e+00,2.966388702392578125e+00,9.999954700469970703e-01,4.901838838122785091e-04,2.925435081124305725e-03,4.455338639672845602e-04
6.881724834442138672e+00,1.710081696510314941e+00,3.395809173583984375e+00,9.999992251396179199e-01,1.286084298044443130e-03,1.284714089706540108e-04,2.306494716322049499e-04
4.266311645507812500e+00,1.241829633712768555e+00,4.148903846740722656e+00,9.999976158142089844e-01,-9.074658737517893314e-04,3.025936603080481291e-04,-1.974860904738306999e-03
2.498086690902709961e+00,4.113694190979003906e+00,3.243910670280456543e-01,9.999578595161437988e-01,-1.399671542458236217e-03,9.072196669876575470e-03,-4.030323761980980635e-04
2.987640142440795898e+00,3.877689361572265625e+00,1.495133399963378906e+00,9.999893903732299805e-01,4.039785359054803848e-03,1.470491988584399223e-03,-1.699297921732068062e-03
4.019911766052246094e+00,6.175667285919189453e+00,3.695507526397705078e+00,9.999579191207885742e-01,-1.195428194478154182e-03,-4.397043376229703426e-04,-9.092549793422222137e-03
3.871471405029296875e+00,4.354361534118652344e+00,2.463827610015869141e+00,9.999998807907104492e-01,-1.447531103622168303e-04,-6.244369433261454105e-04,8.864811388775706291e-05
4.234365940093994141e+00,6.771836280822753906e+00,6.251138687133789062e+00,9.999927282333374023e-01,-1.362239709123969078e-03,-6.690662121400237083e-04,3.512535942718386650e-03
1.625504851341247559e+00,3.869564294815063477e+00,7.131552219390869141e+00,9.999995231628417969e-01,4.191510670352727175e-04,-7.231797208078205585e-04,5.683539202436804771e-04
3.053677797317504883e+00,6.850048542022705078e+00,4.075664043426513672e+00,9.999886751174926758e-01,-1.228971668751910329e-04,-2.944073872640728951e-03,-3.732704091817140579e-03
2.696053981781005859e+00,2.062509767711162567e-02,3.066383838653564453e+00,9.999992847442626953e-01,-1.052840016200207174e-04,-8.161500445567071438e-04,-9.324247948825359344e-04
2.370860576629638672e+00,5.099478244781494141e+00,1.667910933494567871e+00,9.998635053634643555e-01,8.792989887297153473e-03,1.184113044291734695e-02,-7.448688615113496780e-03
1.481078714132308960e-01,1.450438380241394043e+00,5.642171382904052734e+00,1.000000000000000000e+00,1.495817268732935190e-04,4.017555056634591892e-06,-8.989301568362861872e-05
6.023518562316894531e+00,4.045186042785644531e+00,7.133808612823486328e+00,9.999985098838806152e-01,-3.756241640076041222e-04,-1.721199718303978443e-03,1.402940833941102028e-04
4.442284584045410156e+00,6.111731529235839844e+00,1.566006302833557129e+00,9.999827146530151367e-01,-3.120603505522012711e-03,1.649281941354274750e-03,4.718826618045568466e-03
6.796754002571105957e-01,4.958301544189453125e+00,2.326357841491699219e+00,9.999939203262329102e-01,-1.566252904012799263e-04,-2.685654442757368088e-03,2.247417578473687172e-03
8.533643484115600586e-01,6.207486629486083984e+00,1.106000468134880066e-01,9.999976754188537598e-01,1.115769962780177593e-03,-1.577402697876095772e-03,1.024942728690803051e-03
1.230094671249389648e+00,5.885833263397216797e+00,1.105144739151000977e+00,9.999952912330627441e-01,1.133126497734338045e-04,2.563155023381114006e-03,1.714752404950559139e-03
7.030536174774169922e+00,9.220534563064575195e-01,7.405394554138183594e+00,9.999980926513671875e-01,-7.233588839881122112e-04,1.818325137719511986e-03,8.052717021200805902e-05
1.204724431037902832e+00,5.885109424591064453e+00,1.489856004714965820e+00,9.999628067016601562e-01,2.983869286254048347e-03,6.621850188821554184e-03,4.648534115403890610e-03
3.097724020481109619e-01,6.086654186248779297e+00,7.167181491851806641e+00,9.999972581863403320e-01,-2.027007518336176872e-03,-1.239714096300303936e-03,2.797296474454924464e-05
5.918612003326416016e+00,2.143165022134780884e-01,2.697969675064086914e-01,9.999832510948181152e-01,-2.312361029908061028e-03,-4.347563255578279495e-03,3.062637289986014366e-03
6.150687694549560547e+00,6.115653991699218750e+00,4.879233360290527344e+00,9.999696612358093262e-01,6.736714392900466919e-03,-1.135160200647078454e-04,-3.925549797713756561e-03
1.801968216896057129e+00,5.865636825561523438e+00,3.236682891845703125e+00,9.999936819076538086e-01,-3.007805906236171722e-03,1.273307600058615208e-03,-1.427471870556473732e-03
2.575198411941528320e+00,2.852958142757415771e-01,2.550562381744384766e+00,9.999880194664001465e-01,2.575739752501249313e-03,1.339973241556435823e-04,-4.162117838859558105e-03
2.425713777542114258e+00,4.056005477905273438e+00,1.234182119369506836e+00,9.999969601631164551e-01,1.508788904175162315e-03,1.308966660872101784e-03,1.500261714681982994e-03
2.600445747375488281e+00,6.115228176116943359e+00,5.504868626594543457e-01,9.999998211860656738e-01,4.661869024857878685e-04,4.065833491040393710e-05,-4.840536566916853189e-04
1.008792519569396973e+00,2.572301626205444336e-01,3.859341144561767578e+00,9.999989271163940430e-01,5.531251081265509129e-04,-4.933172604069113731e-04,1.290194923058152199e-03
3.581390678882598877e-01,4.307555675506591797e+00,2.004854440689086914e+00,9.999949932098388672e-01,2.025774680078029633e-03,-7.474744343198835850e-04,-2.320769475772976875e-03
2.990955412387847900e-01,5.644318580627441406e+00,2.722489356994628906e+00,9.999994635581970215e-01,-1.910927494463976473e-05,-9.202407090924680233e-04,-6.434645038098096848e-04
9.645054340362548828e-01,2.734045028686523438e+00,7.505940437316894531e+00,9.999336004257202148e-01,2.822903217747807503e-03,7.853493094444274902e-03,7.949430495500564575e-03
5.917601585388183594e+00,4.422169685363769531e+00,1.354355335235595703e+00,9.999868869781494141e-01,3.114431165158748627e-03,-4.067302215844392776e-03,1.195480672322446480e-05
1.419817924499511719e+00,2.149547338485717773e+00,3.956293582916259766e+00,9.999986886978149414e-01,-5.341866635717451572e-04,1.534646609798073769e-03,-9.407023753738030791e-05
2.240552902221679688e+00,1.798890471458435059e+00,5.300718307495117188e+00,9.999959468841552734e-01,-1.537300529889762402e-03,3.067202924285084009e-04,-2.399251796305179596e-03
2.511985301971435547e+00,2.041717052459716797e+00,6.020339965820312500e+00,9.999983310699462891e-01,-8.621186134405434132e-04,1.520317164249718189e-03,6.436684052459895611e-04
6.394260406494140625e+00,6.138468742370605469e+00,5.089752197265625000e+00,9.999645352363586426e-01,6.328227929770946503e-03,1.477046636864542961e-03,-5.364024080336093903e-03
4.279416561126708984e+00,2.026971817016601562e+00,4.508533000946044922e+00,9.999604821205139160e-01,6.821651186328381300e-05,-8.573494851589202881e-03,-2.365669002756476402e-03
5.451934814453125000e+00,3.899120569229125977e+00,5.102108478546142578e+00,9.999247789382934570e-01,6.129507441073656082e-03,1.029386185109615326e-02,-2.632112475112080574e-03
4.745329380035400391e+00,3.612198591232299805e+00,6.398036479949951172e+00,9.999976158142089844e-01,6.589416298083961010e-04,1.997207291424274445e-03,7.035692688077688217e-04
5.185963630676269531e+00,5.088647365570068359e+00,6.474754810333251953e+00,9.999992251396179199e-01,5.419639637693762779e-04,1.137530081905424595e-03,2.631374809425324202e-04
5.113404750823974609e+00,6.435047626495361328e+00,4.409505844116210938e+00,9.999942779541015625e-01,1.187935122288763523e-03,2.882610540837049484e-03,1.355338608846068382e-03
6.709508895874023438e+00,3.794553518295288086e+00,4.449034214019775391e+00,9.998363852500915527e-01,-9.159882552921772003e-03,-1.556992437690496445e-02,-9.829241316765546799e-04
1.567162156105041504e+00,3.738253593444824219e+00,1.046507954597473145e+00,9.999995231628417969e-01,2.890416944865137339e-04,9.357043309137225151e-04,3.301770193502306938e-04
1.231194019317626953e+00,2.385151386260986328e+00,6.766395092010498047e+00,9.999990463256835938e-01,-3.898852446582168341e-04,-1.290950458496809006e-03,4.679356061387807131e-04
3.723726570606231689e-01,2.740700721740722656e+00,1.684022545814514160e+00,9.999944567680358887e-01,-8.977495599538087845e-04,-3.012497909367084503e-03,1.173715107142925262e-03
3.877868354320526123e-01,3.501079797744750977e+00,7.104835987091064453e+00,9.999969601631164551e-01,2.186343073844909668e-03,-1.018174691125750542e-03,-4.892933648079633713e-04
9.180500507354736328e-01,2.904769897460937500e+00,2.317689418792724609e+00,9.999944567680358887e-01,1.669018645770847797e-03,2.124180784448981285e-03,1.962798414751887321e-03
6.728996753692626953e+00,2.964157581329345703e+00,6.566492080688476562e+00,9.999995827674865723e-01,9.330376051366329193e-04,2.348977723158895969e-04,2.773777232505381107e-04
5.632313251495361328e+00,3.246794462203979492e+00,1.197255402803421021e-01,9.999708533287048340e-01,-5.057044792920351028e-03,-2.252378035336732864e-03,5.257046315819025040e-03
7.083963871002197266e+00,1.962161421775817871e+00,3.794676959514617920e-01,9.999934434890747070e-01,-3.501954255625605583e-03,5.767701659351587296e-04,-7.259814883582293987e-04
6.113107204437255859e-01,3.875371932983398438e+00,2.338129997253417969e+00,9.998055100440979004e-01,-9.611919522285461426e-03,1.687287911772727966e-02,-3.451120806857943535e-03
1.577530741691589355e+00,6.858063697814941406e+00,2.512390136718750000e+00,9.999991059303283691e-01,2.735408779699355364e-04,9.165568626485764980e-04,-9.451890364289283752e-04
2.397827863693237305e+00,1.751844286918640137e+00,3.099001646041870117e+00,9.999179840087890625e-01,1.120185852050781250e-02,-5.901527591049671173e-03,1.952212303876876831e-03
5.416465759277343750e+00,4.060484409332275391e+00,2.756199359893798828e+00,9.999973773956298828e-01,5.354903987608850002e-04,2.217495813965797424e-03,3.697768261190503836e-04
3.971859455108642578e+00,3.211549520492553711e+00,6.517118215560913086e-01,9.999114871025085449e-01,-1.232405751943588257e-02,3.670116188004612923e-03,3.415598068386316299e-03
7.122128486633300781e+00,3.417216300964355469e+00,4.427945613861083984e+00,9.999988079071044922e-01,-1.032744767144322395e-03,1.197391189634799957e-03,1.426541566615924239e-04
4.057247161865234375e+00,4.112742900848388672e+00,3.828097820281982422e+00,9.999597668647766113e-01,-6.864517927169799805e-03,5.203516688197851181e-03,2.499716123566031456e-03
2.975754737854003906e+00,6.811796665191650391e+00,5.729601383209228516e+00,9.999985098838806152e-01,-3.679730289150029421e-04,1.487700152210891247e-03,-7.626439328305423260e-04
2.910550594329833984e+00,3.969585418701171875e+00,3.231090784072875977e+00,9.999979138374328613e-01,4.280240318621508777e-05,-3.179611230734735727e-04,2.038864186033606529e-03
7.389654636383056641e+00,6.304750442504882812e+00,5.049469470977783203e+00,9.999974370002746582e-01,9.018399869091808796e-04,-6.907239439897239208e-04,-1.984868431463837624e-03
4.941648006439208984e+00,4.237483978271484375e+00,3.841183185577392578e+00,9.999872446060180664e-01,-7.495061145164072514e-04,4.785926546901464462e-03,-1.461321953684091568e-03
2.774054050445556641e+00,4.069227218627929688e+00,6.303889751434326172e+00,9.998995065689086914e-01,1.475401571951806545e-03,7.103389594703912735e-03,1.218525785952806473e-02
2.487673282623291016e+00,1.236156105995178223e+00,4.548228740692138672e+00,9.999923706054687500e-01,-1.883137039840221405e-03,-1.520384452305734158e-03,3.087682416662573814e-03
2.604935646057128906e+00,5.109322547912597656e+00,1.893576264381408691e+00,9.998201727867126465e-01,1.020959392189979553e-02,1.404527947306632996e-02,-7.620519492775201797e-03
6.863842010498046875e+00,7.079853534698486328e+00,4.606507420539855957e-01,9.999970197677612305e-01,-2.090990077704191208e-03,-1.141751068644225597e-03,-5.717988242395222187e-04
3.009995698928833008e+00,3.479836702346801758e+00,1.061416387557983398e+00,9.999597668647766113e-01,-4.320723935961723328e-03,-6.646411027759313583e-03,4.211513791233301163e-03
1.531188368797302246e+00,2.408447027206420898e+00,1.916124343872070312e+00,9.999737739562988281e-01,-3.901826450601220131e-03,3.955997526645660400e-03,-4.651490133255720139e-03
4.644690990447998047e+00,6.473190307617187500e+00,6.560921192169189453e+00,9.999911785125732422e-01,-5.922250056755729020e-05,-3.385404823347926140e-03,2.495303982868790627e-03
3.334391832351684570e+00,1.266019701957702637e+00,1.606625318527221680e+00,9.999963045120239258e-01,-1.986694289371371269e-03,-1.070012920536100864e-03,1.516942167654633522e-03
1.450551509857177734e+00,1.307599782943725586e+00,3.047782421112060547e+00,9.998282790184020996e-01,2.526834723539650440e-04,-1.427469309419393539e-02,-1.182177476584911346e-02
3.305784463882446289e+00,1.471531987190246582e+00,5.744937419891357422e+00,9.999985098838806152e-01,-6.821766728535294533e-04,-5.103064540890045464e-05,-1.571326400153338909e-03
4.039462566375732422e+00,6.743692874908447266e+00,4.655835151672363281e+00,9.999780058860778809e-01,6.603953894227743149e-03,-4.013807629235088825e-04,-4.491083382163196802e-04
5.480496406555175781e+00,3.650002479553222656e+00,2.404327392578125000e+00,9.999992251396179199e-01,2.568293894000817090e-05,-7.897613686509430408e-04,1.050624530762434006e-03
6.754898548126220703e+00,2.237063646316528320e+00,1.507032662630081177e-01,9.999560117721557617e-01,7.700182031840085983e-03,5.108938552439212799e-03,1.636507688090205193e-03
7.576104402542114258e-01,5.369346141815185547e+00,6.456085205078125000e+00,9.999318122863769531e-01,3.905152436345815659e-03,2.541964175179600716e-03,-1.070942729711532593e-02
6.550953865051269531e+00,4.839770197868347168e-01,3.854253053665161133e+00,9.999988079071044922e-01,-2.166663471143692732e-04,6.744644488207995892e-04,1.413487829267978668e-03
6.067765712738037109e+00,4.578895092010498047e+00,7.208781719207763672e+00,9.999639987945556641e-01,5.167249124497175217e-03,-3.643302479758858681e-03,-5.659396294504404068e-03
3.017073154449462891e+00,6.815732002258300781e+00,6.431008338928222656e+00,9.999955892562866211e-01,-4.059286147821694613e-04,-2.943801460787653923e-03,2.977121039293706417e-04
2.991875171661376953e+00,3.912782430648803711e+00,2.210280895233154297e+00,9.999999403953552246e-01,-4.753856046590954065e-04,-1.227230386575683951e-04,-8.824746328173205256e-05
8.929374814033508301e-01,2.919600963592529297e+00,1.609167098999023438e+00,9.999969601631164551e-01,2.267144387587904930e-03,7.935898029245436192e-04,-6.168697727844119072e-04
2.808739840984344482e-01,2.966440618038177490e-01,5.124208450317382812e+00,9.999933838844299316e-01,1.138175022788345814e-03,3.094900865107774734e-03,-1.521074096672236919e-03
2.577144861221313477e+00,2.471670389175415039e+00,7.351511120796203613e-01,9.999945759773254395e-01,-5.711726262234151363e-04,-5.634446279145777225e-04,-3.212325740605592728e-03
4.172251701354980469e+00,2.987772941589355469e+00,3.237421512603759766e+00,9.999763369560241699e-01,4.961273632943630219e-03,1.823916449211537838e-03,-4.409037996083498001e-03
6.827951431274414062e+00,3.626196622848510742e+00,1.242899298667907715e+00,9.998248815536499023e-01,1.125989714637398720e-03,1.543882209807634354e-02,1.051510777324438095e-02
3.692833900451660156e+00,7.387207984924316406e+00,1.135810017585754395e+00,9.999312758445739746e-01,-9.608680848032236099e-04,-1.080144569277763367e-02,-4.471258725970983505e-03
3.529134750366210938e+00,2.023306608200073242e+00,4.799317836761474609e+00,9.999993443489074707e-01,2.183143988077063113e-05,-8.103871950879693031e-04,8.613612735643982887e-04
1.066936969757080078e+00,5.230527877807617188e+00,1.815456151962280273e+00,9.999911785125732422e-01,-1.080229529179632664e-03,-2.249219221994280815e-03,3.394976025447249413e-03
2.971532821655273438e+00,2.995048522949218750e+00,6.070259571075439453e+00,9.999993443489074707e-01,9.877462871372699738e-04,6.530427490361034870e-04,1.454510347684845328e-04
1.860774636268615723e+00,2.504414319992065430e+00,7.287989616394042969e+00,9.999997615814208984e-01,2.073807263514026999e-04,-7.166683208197355270e-04,-3.160911146551370621e-04
5.564753413200378418e-01,4.604399204254150391e+00,5.499788761138916016e+00,9.998879432678222656e-01,-6.304225535131990910e-04,5.748705007135868073e-03,-1.381289865821599960e-02
4.950243949890136719e+00,3.577076673507690430e+00,4.360108375549316406e+00,9.997972846031188965e-01,5.744264461100101471e-03,-1.792407780885696411e-02,7.158914115279912949e-03
3.322291374206542969e+00,1.884213209152221680e+00,6.002366065979003906e+00,9.999996423721313477e-01,-8.230262901633977890e-04,-3.492657560855150223e-04,2.268489770358428359e-04
2.978759765625000000e+00,1.073227167129516602e+00,4.438773632049560547e+00,9.999992251396179199e-01,-1.827013038564473391e-04,1.136272840085439384e-04,1.294565969146788120e-03
3.968980789184570312e+00,5.311834812164306641e+00,6.997501373291015625e+00,9.999958872795104980e-01,1.617990899831056595e-03,6.729883025400340557e-04,2.303167246282100677e-03
2.518268823623657227e+00,1.591997981071472168e+00,1.352920651435852051e+00,9.999884366989135742e-01,-4.614521283656358719e-03,-1.382330898195505142e-03,2.136315742973238230e-05
2.655369520187377930e+00,3.709863662719726562e+00,6.131241798400878906e+00,9.999961853027343750e-01,2.073739422485232353e-03,9.161916386801749468e-05,-1.852593966759741306e-03
9.780922532081604004e-01,2.884239435195922852e+00,1.999775886535644531e+00,9.999802708625793457e-01,3.992734942585229874e-03,2.690791850909590721e-03,4.046690650284290314e-03
5.292182445526123047e+00,4.283174514770507812e+00,5.983858108520507812e+00,9.999995231628417969e-01,-9.513377444818615913e-04,3.367722965776920319e-04,-2.296922029927372932e-04
2.117924213409423828e+00,1.211705088615417480e+00,3.386543035507202148e+00,9.999989867210388184e-01,-1.021700154524296522e-05,-2.668062807060778141e-04,1.434365403838455677e-03
3.924694776535034180e+00,4.780020713806152344e+00,6.668619632720947266e+00,9.996988177299499512e-01,-1.408277172595262527e-02,-1.105607766658067703e-02,-1.678564213216304779e-02
1.912306100130081177e-01,9.302867650985717773e-01,2.106592893600463867e+00,9.999996423721313477e-01,-2.997419796884059906e-04,-7.064286619424819946e-04,-4.608134913723915815e-04
8.153028488159179688e-01,3.643056154251098633e+00,2.065250396728515625e+00,9.999086856842041016e-01,5.922574200667440891e-04,-2.250409452244639397e-03,1.331159844994544983e-02
4.691865444183349609e+00,5.660678386688232422e+00,6.324619293212890625e+00,9.999897480010986328e-01,-3.482565283775329590e-03,2.807777142152190208e-03,6.753978086635470390e-04
2.407210588455200195e+00,6.190663814544677734e+00,4.796831607818603516e+00,9.999859929084777832e-01,-5.299407057464122772e-03,3.770060720853507519e-05,1.357852743240073323e-04
5.304625988006591797e+00,1.020093560218811035e+00,4.388073921203613281e+00,9.999886751174926758e-01,4.201571457087993622e-03,2.078859601169824600e-03,7.784347399137914181e-04
2.853211164474487305e+00,4.886655330657958984e+00,5.393449783325195312e+00,9.999970197677612305e-01,-7.330990047194063663e-04,2.150816842913627625e-03,-8.568810881115496159e-04
3.751777648925781250e+00,1.205962061882019043e+00,2.280447483062744141e+00,9.999958276748657227e-01,1.792629132978618145e-03,2.231734804809093475e-03,-4.523950919974595308e-04
3.051998376846313477e+00,5.216767787933349609e+00,6.961530208587646484e+00,9.999982118606567383e-01,1.441382104530930519e-03,-1.142446068115532398e-03,-5.385642871260643005e-04
6.619870185852050781e+00,3.346061229705810547e+00,3.265142917633056641e+00,9.999926090240478516e-01,1.538573880679905415e-03,3.484623739495873451e-03,5.522497231140732765e-04
5.247634410858154297e+00,4.172746181488037109e+00,5.202995538711547852e-01,9.999999403953552246e-01,-1.556948845973238349e-04,-3.389937919564545155e-04,3.256711061112582684e-04
3.241317749023437500e+00,2.253852844238281250e+00,8.066655397415161133e-01,9.999864697456359863e-01,-5.316643510013818741e-04,3.145023947581648827e-03,4.125609993934631348e-03
2.295438051223754883e+00,5.408137798309326172e+00,5.654533863067626953e+00,9.999532699584960938e-01,-7.282705046236515045e-03,1.810626825317740440e-03,6.099701859056949615e-03
7.115580558776855469e+00,2.850786924362182617e+00,3.025090694427490234e+00,9.999840855598449707e-01,-5.050831474363803864e-03,-1.738936989568173885e-03,-1.810122630558907986e-03
3.486441373825073242e+00,4.000706195831298828e+00,2.700070142745971680e-01,9.999971985816955566e-01,1.807113643735647202e-03,3.174542798660695553e-04,1.543619786389172077e-03
6.664451599121093750e+00,6.814521789550781250e+00,4.338450431823730469e+00,9.999955296516418457e-01,1.682843430899083614e-03,1.678819302469491959e-03,1.844869577325880527e-03
4.580415248870849609e+00,4.829612731933593750e+00,2.043199777603149414e+00,9.999505877494812012e-01,-2.405056264251470566e-03,1.916731591336429119e-03,9.454680606722831726e-03
7.036598205566406250e+00,1.384910702705383301e+00,4.863022804260253906e+00,9.999984502792358398e-01,-5.479512037709355354e-04,-1.501477905549108982e-03,-7.987903663888573647e-04
6.199109077453613281e+00,4.929551601409912109e+00,2.975468337535858154e-01,9.999750256538391113e-01,-4.111194051802158356e-03,-5.443169269710779190e-03,1.863765064626932144e-03
1.198567152023315430e+00,6.863181591033935547e-01,6.419778823852539062e+00,9.999997019767761230e-01,1.653685903875157237e-04,-5.063621210865676403e-04,6.545846699737012386e-04
2.235553026199340820e+00,7.431445598602294922e+00,6.968070507049560547e+00,9.999988675117492676e-01,-1.625553559279069304e-04,1.490718917921185493e-03,2.837324573192745447e-04
2.884130477905273438e+00,8.067568540573120117e-01,2.524562597274780273e+00,9.999958872795104980e-01,1.735368045046925545e-03,-2.265322487801313400e-03,-2.770702412817627192e-04
2.835644483566284180e+00,1.268815994262695312e+00,6.594335556030273438e+00,9.999990463256835938e-01,-5.821333033964037895e-04,1.153463497757911682e-03,6.482208264060318470e-04
7.116281509399414062e+00,4.512646675109863281e+00,4.543980598449707031e+00,9.999986290931701660e-01,8.164420141838490963e-04,-2.642285835463553667e-06,-1.482688472606241703e-03
4.043584346771240234e+00,2.576854228973388672e+00,4.979627132415771484e+00,9.998574256896972656e-01,1.036448637023568153e-03,1.633975282311439514e-02,4.135597497224807739e-03
1.346109867095947266e+00,6.792387485504150391e+00,3.644355535507202148e+00,9.999954104423522949e-01,-1.372058875858783722e-03,-1.976886065676808357e-03,1.857702736742794514e-03
2.423263549804687500e+00,2.439202308654785156e+00,4.262046337127685547e+00,9.999983906745910645e-01,1.415562001056969166e-03,-1.138714607805013657e-03,-1.016414389596320689e-04
4.740802288055419922e+00,1.992739796638488770e+00,2.082817405462265015e-01,9.999948143959045410e-01,-2.474889392033219337e-03,-8.424869738519191742e-04,1.921122078783810139e-03
3.386356353759765625e+00,6.118750572204589844e+00,1.966310977935791016e+00,9.999995827674865723e-01,-8.639728766866028309e-04,4.073526652064174414e-04,1.433637080481275916e-04
4.562415599822998047e+00,1.594316959381103516e-01,5.990890502929687500e+00,9.999898672103881836e-01,3.485604887828230858e-03,-1.564360340125858784e-03,-2.371176145970821381e-03
4.900287151336669922e+00,8.411870002746582031e-01,6.420106410980224609e+00,9.999979138374328613e-01,-1.146058901213109493e-03,-7.430961122736334801e-04,1.556439790874719620e-03
4.415888309478759766e+00,7.493696808815002441e-01,5.730385303497314453e+00,9.999988675117492676e-01,-5.759368650615215302e-04,1.022579963319003582e-04,1.453233649954199791e-03
6.626232624053955078e+00,2.327630758285522461e+00,3.532470941543579102e+00,9.999963045120239258e-01,1.544791855849325657e-03,-5.176404374651610851e-04,2.203243551775813103e-03
3.172866821289062500e+00,2.918277502059936523e+00,9.715568423271179199e-01,9.999856352806091309e-01,-1.523652754258364439e-04,-1.552554895170032978e-03,-5.131203215569257736e-03
4.113570213317871094e+00,3.175264835357666016e+00,1.808027267456054688e+00,9.999976754188537598e-01,1.125636044889688492e-03,-2.347073750570416451e-04,-1.860673772171139717e-03
7.203488826751708984e+00,7.293759346008300781e+00,1.671164035797119141e+00,9.999967813491821289e-01,4.863740759901702404e-04,1.081325812265276909e-03,-2.240623114630579948e-03
4.251162052154541016e+00,5.498877763748168945e-01,3.968267202377319336e+00,9.999774694442749023e-01,4.048406612128019333e-03,-3.293608780950307846e-03,4.226781427860260010e-03
5.138960361480712891e+00,5.268685340881347656e+00,1.988854445517063141e-02,9.999032616615295410e-01,7.443825248628854752e-03,5.022459081374108791e-04,-1.174746733158826828e-02
2.514241695404052734e+00,1.148976922035217285e+00,6.771023750305175781e+00,9.999999403953552246e-01,-8.491941116517409682e-05,3.224087122362107038e-04,2.785995602607727051e-04
1.162503957748413086e+00,1.841616988182067871e+00,1.880397915840148926e+00,9.999981522560119629e-01,7.780845626257359982e-04,-9.458502172492444515e-04,1.498611061833798885e-03
7.209575772285461426e-01,3.987097740173339844e+00,4.674468636512756348e-01,9.999820590019226074e-01,1.349132042378187180e-03,8.202662575058639050e-04,-5.777974613010883331e-03
4.168338298797607422e+00,7.288262844085693359e+00,7.354333996772766113e-01,9.999941587448120117e-01,-6.024352114764042199e-05,-3.349897218868136406e-03,-6.841224385425448418e-04
2.096310853958129883e+00,1.259647250175476074e+00,4.595725536346435547e+00,9.999970793724060059e-01,-6.086922949180006981e-04,1.525063300505280495e-03,1.820371835492551327e-03
2.121145963668823242e+00,7.230244636535644531e+00,9.607328176498413086e-01,9.999881982803344727e-01,-4.324470181018114090e-03,-1.972525846213102341e-03,1.085237483493983746e-03
4.842618465423583984e+00,7.001514434814453125e+00,6.638658046722412109e+00,9.999883174896240234e-01,-3.619343973696231842e-03,3.186845453456044197e-03,4.002808709628880024e-04
4.888679504394531250e+00,5.002435207366943359e+00,1.827988028526306152e+00,9.999949336051940918e-01,-1.112950616516172886e-03,2.370220609009265900e-03,1.799669815227389336e-03
1.439432144165039062e+00,4.159359455108642578e+00,4.761226654052734375e+00,9.999961853027343750e-01,1.613667001947760582e-03,2.030254574492573738e-03,9.885154431685805321e-04
5.057510852813720703e+00,1.617829203605651855e+00,5.797982215881347656e+00,9.999986886978149414e-01,7.261282298713922501e-04,1.362454029731452465e-03,5.816529155708849430e-04
5.483959674835205078e+00,5.376353263854980469e+00,3.160314321517944336e+00,9.999969005584716797e-01,-1.620231894776225090e-03,8.854148327372968197e-04,1.707309857010841370e-03
7.134731393307447433e-03,6.457644939422607422e+00,8.830549567937850952e-02,9.999954700469970703e-01,-2.795539621729403734e-04,-3.636436304077506065e-04,-2.971393056213855743e-03
5.152238368988037109e+00,1.467494368553161621e+00,3.995267868041992188e+00,9.997811317443847656e-01,-1.809402555227279663e-02,6.086949259042739868e-03,8.563317358493804932e-03
7.265923023223876953e-01,3.132643938064575195e+00,5.145240306854248047e+00,9.999998807907104492e-01,3.037254500668495893e-04,-8.724445069674402475e-05,4.599169478751718998e-04
2.699324607849121094e+00,4.257044315338134766e+00,5.312409400939941406e-01,9.999602437019348145e-01,-7.312523084692656994e-04,8.688528090715408325e-03,-1.849696272984147072e-03
5.390593051910400391e+00,6.312068939208984375e+00,2.443008422851562500e+00,9.999998807907104492e-01,-5.489541799761354923e-04,-1.048456488206284121e-05,-2.156154223484918475e-04
3.354998111724853516e+00,3.058110952377319336e+00,1.885046437382698059e-02,9.999939203262329102e-01,3.097635228186845779e-03,-7.534564356319606304e-04,1.402348396368324757e-03
5.944225311279296875e+00,1.354745864868164062e+00,6.022300720214843750e+00,9.996881484985351562e-01,-1.068201195448637009e-02,-8.081161417067050934e-03,-2.107611298561096191e-02
1.857011914253234863e+00,2.879006624221801758e+00,1.367267966270446777e+00,9.999658465385437012e-01,-2.145968377590179443e-03,6.592607125639915466e-03,4.499965813010931015e-03
2.929544448852539062e+00,1.477512240409851074e+00,4.697545528411865234e+00,9.999993443489074707e-01,1.945903641171753407e-04,7.769236690364778042e-04,9.089758968912065029e-04
3.641206622123718262e-01,2.466263294219970703e+00,1.484231233596801758e+00,9.999992847442626953e-01,-1.021653064526617527e-03,7.343376055359840393e-04,6.882906745886430144e-05
7.202902317047119141e+00,6.345242977142333984e+00,5.994705200195312500e+00,9.999619722366333008e-01,-5.005614832043647766e-03,3.772552125155925751e-03,6.063539069145917892e-03
2.793032646179199219e+00,1.506713032722473145e-01,1.138473987579345703e+00,9.999970197677612305e-01,-4.404559731483459473e-04,-2.414287067949771881e-03,-1.058030175045132637e-04
1.844946265220642090e+00,8.096871376037597656e-01,4.565330028533935547e+00,9.999986290931701660e-01,-3.088573284912854433e-04,-1.521503552794456482e-03,-6.605348899029195309e-04
7.699915766716003418e-01,5.717230319976806641e+00,1.140648871660232544e-01,9.999996423721313477e-01,-7.713637314736843109e-04,4.395167343318462372e-04,-2.116050745826214552e-04
5.169513702392578125e+00,6.999800682067871094e+00,2.947697401046752930e+00,9.999996423721313477e-01,7.478068582713603973e-04,-1.858610048657283187e-04,-3.620022616814821959e-04
5.043372154235839844e+00,5.712453365325927734e+00,1.967086076736450195e+00,9.998304843902587891e-01,-9.965227916836738586e-03,-1.346930675208568573e-02,-7.640360854566097260e-03
2.075956106185913086e+00,4.516979694366455078e+00,2.029555082321166992e+00,9.999587535858154297e-01,-2.235911320894956589e-03,2.075133379548788071e-03,-8.562794886529445648e-03
6.127375602722167969e+00,7.264994144439697266e+00,4.703377723693847656e+00,9.999558925628662109e-01,-7.964302203617990017e-04,-9.340275079011917114e-03,6.292398320510983467e-04
4.326069355010986328e+00,3.246340513229370117e+00,2.760429143905639648e+00,9.999939203262329102e-01,-2.133885864168405533e-04,-3.100539324805140495e-03,1.581198186613619328e-03
4.176622867584228516e+00,5.452549457550048828e+00,7.283372879028320312e+00,9.999965429306030273e-01,1.829903805628418922e-03,1.224065781570971012e-04,1.925194868817925453e-03
3.246590375900268555e+00,2.499907255172729492e+00,5.490148067474365234e+00,9.999703168869018555e-01,-7.673429208807647228e-04,2.250094898045063019e-03,7.332632318139076233e-03
6.814998626708984375e+00,6.616848468780517578e+00,5.411548137664794922e+00,9.999951124191284180e-01,2.767726313322782516e-03,1.463598571717739105e-03,-3.783107968047261238e-04
3.864897727966308594e+00,3.058955192565917969e+00,1.591074466705322266e+00,9.999984502792358398e-01,5.664883647114038467e-04,-9.400653070770204067e-04,-1.423036213964223862e-03
2.195211172103881836e+00,1.162044882774353027e+00,5.834449291229248047e+00,9.998139142990112305e-01,1.699449680745601654e-02,-2.473482163622975349e-03,8.789011277258396149e-03
1.023700475692749023e+00,2.050283432006835938e+00,5.695374965667724609e+00,9.999992847442626953e-01,5.188470822758972645e-04,-8.812020532786846161e-04,-6.873563397675752640e-04
5.685495376586914062e+00,5.021201610565185547e+00,5.145312309265136719e+00,9.998404383659362793e-01,1.038641761988401413e-02,4.432971123605966568e-03,1.384032797068357468e-02
4.944440841674804688e+00,1.588164329528808594e+00,1.286120176315307617e+00,9.999946355819702148e-01,-1.200306811369955540e-03,6.416027317754924297e-04,-2.990799490362405777e-03
2.048401832580566406e+00,2.269880771636962891e+00,3.121653795242309570e+00,9.999549984931945801e-01,2.019206294789910316e-03,8.904524147510528564e-03,-2.591988071799278259e-03
6.104153156280517578e+00,1.871317148208618164e+00,2.336375474929809570e+00,9.999997019767761230e-01,-3.166432725265622139e-04,6.468658684752881527e-04,-2.951553906314074993e-04
5.291730403900146484e+00,1.806104898452758789e+00,6.458409309387207031e+00,9.999920129776000977e-01,7.857243181206285954e-04,-3.681514412164688110e-03,1.378066604956984520e-03
1.107099413871765137e+00,5.884111404418945312e+00,6.958257675170898438e+00,9.999999403953552246e-01,-1.132844554376788437e-04,3.559838514775037766e-04,3.612803766372962855e-06
4.583621501922607422e+00,1.190200924873352051e+00,3.133113682270050049e-01,9.999735951423645020e-01,1.315486500971019268e-03,-6.800119765102863312e-03,-2.218001754954457283e-03
5.153569221496582031e+00,2.076783418655395508e+00,3.183265447616577148e+00,9.999654889106750488e-01,-4.616294056177139282e-03,5.740127991884946823e-03,3.847339423373341560e-03
4.179436206817626953e+00,4.006031036376953125e+00,5.114377975463867188e+00,9.999646544456481934e-01,-6.737375166267156601e-03,-5.008012987673282623e-03,-5.816794000566005707e-04
5.691590785980224609e+00,7.393611431121826172e+00,7.182125568389892578e+00,9.999967217445373535e-01,-1.724748872220516205e-03,-1.899952185340225697e-03,-1.718455314403399825e-04
2.437339782714843750e+00,5.482484817504882812e+00,4.215221881866455078e+00,9.999977350234985352e-01,1.943226903676986694e-03,8.318316540680825710e-04,-3.368468896951526403e-04
2.530183792114257812e+00,3.880666732788085938e+00,2.341749191284179688e+00,9.999961853027343750e-01,4.166044236626476049e-04,2.448951359838247299e-03,-1.176128513179719448e-03
4.067273139953613281e+00,6.044530868530273438e+00,5.971189737319946289e-01,9.999865889549255371e-01,-1.624839380383491516e-03,4.829688929021358490e-03,-1.005813712254166603e-03
1.887056827545166016e+00,5.538207054138183594e+00,5.030019283294677734e+00,9.999746680259704590e-01,3.914046101272106171e-03,-2.379923127591609955e-03,-5.458272993564605713e-03
7.353737950325012207e-01,5.012561321258544922e+00,7.268802642822265625e+00,9.999805092811584473e-01,2.435937523841857910e-03,2.732569118961691856e-03,5.071943625807762146e-03
6.115533351898193359e+00,5.970338344573974609e+00,5.942807197570800781e+00,9.999905824661254883e-01,3.510946407914161682e-03,2.079337136819958687e-03,1.467159599997103214e-03
5.966612815856933594e+00,2.442719787359237671e-02,2.984941720962524414e+00,9.999976158142089844e-01,1.420025801053270698e-04,1.553765730932354927e-03,-1.562997931614518166e-03
6.482475757598876953e+00,8.652516603469848633e-01,5.248078346252441406e+00,9.999912381172180176e-01,1.718148938380181789e-03,-3.794575808569788933e-03,3.514729614835232496e-04
6.188347339630126953e+00,1.475281476974487305e+00,4.247815608978271484e+00,9.999971985816955566e-01,2.043189946562051773e-03,-1.107928808778524399e-03,5.076672532595694065e-04
1.954265475273132324e+00,3.735491037368774414e+00,6.748611450195312500e+00,9.999987483024597168e-01,-3.269925582571886480e-05,-1.334785250946879387e-03,-9.154399740509688854e-04
6.894250869750976562e+00,7.653818726539611816e-01,2.695176839828491211e+00,1.000000000000000000e+00,2.619565639179199934e-04,-2.020613028435036540e-04,-3.058548318222165108e-04
2.381622076034545898e+00,1.758655309677124023e-01,1.829582691192626953e+00,9.999833106994628906e-01,-3.424318740144371986e-03,7.609997992403805256e-04,4.592105280607938766e-03
2.514000236988067627e-01,3.440220594406127930e+00,1.216610431671142578e+00,9.999947547912597656e-01,3.236671909689903259e-03,8.329410775331780314e-05,-3.205827379133552313e-04
5.550505638122558594e+00,2.601052761077880859e+00,2.644543908536434174e-02,9.999948143959045410e-01,-2.738429000601172447e-03,1.341161201708018780e-03,-1.102865790016949177e-03
5.688251972198486328e+00,5.396890640258789062e+00,5.917679309844970703e+00,9.999995827674865723e-01,-1.228624896612018347e-04,8.478653035126626492e-04,-3.521829494275152683e-04
1.430240511894226074e+00,5.602534770965576172e+00,6.758043289184570312e+00,9.999976754188537598e-01,1.843760488554835320e-03,9.993755957111716270e-04,5.339044146239757538e-04
2.739063501358032227e-01,1.865605711936950684e+00,3.306090593338012695e+00,9.999948740005493164e-01,7.836836157366633415e-04,-2.311655989615246654e-04,-3.122549038380384445e-03
7.475528717041015625e+00,6.811630249023437500e+00,1.273865342140197754e+00,9.998090267181396484e-01,3.925632219761610031e-03,1.294914912432432175e-02,1.410153880715370178e-02
4.051807403564453125e+00,6.194135189056396484e+00,2.458503007888793945e+00,9.999992847442626953e-01,5.546645261347293854e-04,7.454121951013803482e-04,-8.598736021667718887e-04
4.089135646820068359e+00,1.826897144317626953e+00,3.309023082256317139e-01,9.999912381172180176e-01,-3.356435801833868027e-03,-1.489692018367350101e-03,-2.023728797212243080e-03
1.820441722869873047e+00,1.397456645965576172e+00,3.148035526275634766e+00,9.999921917915344238e-01,-1.250995323061943054e-03,-1.639307360164821148e-03,3.382456954568624496e-03
3.973212480545043945e+00,3.513087034225463867e+00,3.270933151245117188e+00,9.999990463256835938e-01,3.374727384652942419e-04,-1.325662480667233467e-03,-2.656540018506348133e-04
3.883976936340332031e+00,2.074068069458007812e+00,4.010409355163574219e+00,9.999998211860656738e-01,5.178307183086872101e-04,1.073260136763565242e-04,4.404220089782029390e-04
4.499044418334960938e+00,2.610778570175170898e+00,4.154554367065429688e+00,9.999644160270690918e-01,-5.648322403430938721e-04,-8.404935710132122040e-03,5.867786239832639694e-04
3.562027513980865479e-01,8.778248727321624756e-02,3.864746093750000000e+00,9.999954104423522949e-01,2.189929597079753876e-03,-1.188983442261815071e-03,-1.746652298606932163e-03
4.826052188873291016e+00,7.241603374481201172e+00,1.196848630905151367e+00,9.999986290931701660e-01,1.750053343130275607e-04,1.475274912081658840e-03,-6.912785465829074383e-04
7.483504772186279297e+00,5.925638198852539062e+00,3.625283762812614441e-02,9.999999403953552246e-01,-4.197140806354582310e-04,-1.503979001427069306e-04,-1.616520021343603730e-04
3.859575271606445312e+00,6.513192176818847656e+00,6.424880981445312500e+00,9.999998211860656738e-01,-5.022783298045396805e-04,8.247678488260135055e-05,-4.103965475223958492e-04
7.196525096893310547e+00,5.681848526000976562e+00,3.362790584564208984e+00,9.998735785484313965e-01,-1.378730963915586472e-02,1.912266481667757034e-03,7.687580771744251251e-03
6.295126914978027344e+00,2.905014991760253906e+00,4.578433036804199219e+00,9.999963641166687012e-01,5.524727748706936836e-04,2.635839860886335373e-03,-1.665166200837120414e-04
5.823794841766357422e+00,2.679500579833984375e-01,4.412995338439941406e+00,9.999988675117492676e-01,-3.352180065121501684e-04,-7.668255129829049110e-04,-1.270276610739529133e-03
5.161183357238769531e+00,2.149018287658691406e+00,8.962948322296142578e-01,9.999963045120239258e-01,-4.893977893516421318e-04,2.107513137161731720e-03,1.680422574281692505e-03
6.551406860351562500e+00,1.525632619857788086e+00,4.261265277862548828e+00,9.999988079071044922e-01,1.435688114725053310e-03,-5.199981387704610825e-04,4.209250619169324636e-04
9.126311540603637695e-01,1.646406888961791992e+00,2.985911965370178223e-01,9.998137950897216797e-01,-1.699201203882694244e-02,8.923098444938659668e-03,-2.019374165683984756e-03
1.597052693367004395e+00,7.342929840087890625e+00,7.269909381866455078e+00,9.999904632568359375e-01,-2.008471405133605003e-03,2.342856489121913910e-03,3.092736471444368362e-03
3.078014850616455078e+00,4.158436298370361328e+00,6.400264263153076172e+00,9.998709559440612793e-01,2.098046010360121727e-03,-1.502603199332952499e-02,5.289481952786445618e-03
2.326418399810791016e+00,5.084167003631591797e+00,6.622216701507568359e+00,9.997276663780212402e-01,-4.026053007692098618e-03,-4.786144942045211792e-03,-2.248472347855567932e-02
4.319745540618896484e+00,6.027024745941162109e+00,3.027516603469848633e+00,9.999964833259582520e-01,1.465800218284130096e-03,1.777387922629714012e-03,-1.325613586232066154e-03
5.147681236267089844e+00,6.086648106575012207e-01,1.422855138778686523e+00,9.999983310699462891e-01,-3.512228140607476234e-04,9.966724319383502007e-04,1.463656662963330746e-03
3.459909677505493164e+00,3.173494338989257812e+00,4.744065761566162109e+00,9.999893307685852051e-01,1.948209363035857677e-03,-4.154974012635648251e-04,-4.164827987551689148e-03
5.241068363189697266e+00,6.466203689575195312e+00,3.048790693283081055e+00,9.998634457588195801e-01,5.587517749518156052e-03,1.084522809833288193e-02,1.114729233086109161e-02
2.542852401733398438e+00,4.378072261810302734e+00,6.871684074401855469e+00,9.999969005584716797e-01,1.480804057791829109e-03,3.811386413872241974e-04,2.014808123931288719e-03
1.820564270019531250e+00,1.102403044700622559e+00,4.290217399597167969e+00,9.999889135360717773e-01,1.730306656099855900e-03,-2.900094958022236824e-03,-3.283001948148012161e-03
1.600379586219787598e+00,5.399878978729248047e+00,6.425243377685546875e+00,9.999943375587463379e-01,-9.833201329456642270e-05,3.122092923149466515e-03,1.230780268087983131e-03
1.359771490097045898e+00,4.680941581726074219e+00,3.976223945617675781e+00,9.999439716339111328e-01,4.740167059935629368e-04,8.142400532960891724e-03,6.750683300197124481e-03
1.684580445289611816e+00,7.157760620117187500e+00,1.024340152740478516e+00,9.999993443489074707e-01,-1.073269057087600231e-03,4.446529201231896877e-04,-3.462192253209650517e-04
6.766364097595214844e+00,1.824845910072326660e+00,2.600975990295410156e+00,9.999999403953552246e-01,5.388950230553746223e-04,1.577946677571162581e-04,-4.822138362214900553e-05
1.319669842720031738e+00,4.278944492340087891e+00,5.411005973815917969e+00,9.999985694885253906e-01,-7.258221157826483250e-04,9.583542705513536930e-04,1.261288183741271496e-03
9.809860587120056152e-01,5.933229327201843262e-01,5.285186767578125000e+00,9.999992847442626953e-01,-1.234962255693972111e-03,-1.043029333231970668e-04,2.062625426333397627e-04
1.931746721267700195e+00,7.084985971450805664e-01,3.189772605895996094e+00,9.998697042465209961e-01,1.484560314565896988e-02,3.522312268614768982e-03,-5.271055269986391068e-03
7.109447956085205078e+00,2.017683744430541992e+00,7.943367958068847656e-01,9.999977946281433105e-01,-1.875987625680863857e-03,-6.691941962344571948e-05,1.017288537696003914e-03
6.810467243194580078e+00,2.102478444576263428e-01,4.746490001678466797e+00,9.999986886978149414e-01,1.565233105793595314e-05,1.379060413455590606e-04,1.670357887633144855e-03
1.010406374931335449e+00,2.661803007125854492e+00,7.195129394531250000e+00,9.999719858169555664e-01,-7.153454236686229706e-03,1.328785670921206474e-03,-1.790634356439113617e-03
3.780877590179443359e+00,3.226281642913818359e+00,6.055544376373291016e+00,9.999994039535522461e-01,-6.096963770687580109e-04,7.310475339181721210e-04,6.712535978294909000e-04
6.026586532592773438e+00,1.142798423767089844e+00,1.327515006065368652e+00,9.998679161071777344e-01,-6.570760160684585571e-03,1.222178712487220764e-02,-8.465428836643695831e-03
5.235379695892333984e+00,1.332088828086853027e+00,4.277098655700683594e+00,9.998248219490051270e-01,-1.560463756322860718e-02,6.738205440342426300e-03,7.839027792215347290e-03
1.096885800361633301e+00,3.388602256774902344e+00,1.766380310058593750e+00,9.999970793724060059e-01,1.336681889370083809e-03,4.632708441931754351e-04,1.993799814954400063e-03
6.742448329925537109e+00,7.170001029968261719e+00,4.256451606750488281e+00,9.999969601631164551e-01,1.027313875965774059e-03,2.065200358629226685e-03,9.521493338979780674e-04
1.165104031562805176e+00,2.877812862396240234e+00,2.944226264953613281e+00,9.999950528144836426e-01,-2.681499347090721130e-03,1.236037584021687508e-03,1.111838268116116524e-03
5.856934070587158203e+00,5.931200981140136719e+00,5.114991664886474609e+00,9.999952316284179688e-01,-6.377411773428320885e-04,2.821377012878656387e-03,1.063129049725830555e-03
3.165419340133666992e+00,7.089050769805908203e+00,7.838700413703918457e-01,9.998761415481567383e-01,5.209866445511579514e-03,1.145712751895189285e-02,-9.450336918234825134e-03
6.437211513519287109e+00,1.288960456848144531e+00,5.508493900299072266e+00,9.999989867210388184e-01,7.770047523081302643e-04,-1.137853469117544591e-04,1.237720949575304985e-03
7.005115985870361328e+00,1.174378871917724609e+00,3.994902074337005615e-01,9.999925494194030762e-01,1.715173828415572643e-03,3.222588449716567993e-03,1.289904699660837650e-03
1.178160667419433594e+00,3.854146957397460938e+00,7.225871086120605469e+00,9.999954700469970703e-01,2.637087134644389153e-03,-1.493601943366229534e-03,2.038137608906254172e-04
3.063976287841796875e+00,7.248798847198486328e+00,6.858014583587646484e+00,9.999060630798339844e-01,-1.307360827922821045e-02,-6.332803750410676003e-04,-4.084282089024782181e-03
1.857469558715820312e+00,2.487127631902694702e-01,3.022574424743652344e+00,9.999810457229614258e-01,-2.197808818891644478e-03,-4.384310450404882431e-03,-3.737815655767917633e-03
1.378803372383117676e+00,5.987212657928466797e+00,5.166862487792968750e+00,9.999806880950927734e-01,-4.005222115665674210e-03,2.012176671996712685e-03,4.324946552515029907e-03
2.909058630466461182e-01,4.293487548828125000e+00,4.366159439086914062e+00,9.999737739562988281e-01,5.679310299456119537e-03,-3.521883161738514900e-03,-2.792146988213062286e-03
7.472609043121337891e+00,4.953465461730957031e+00,1.460297346115112305e+00,9.999988079071044922e-01,1.157321967184543610e-03,-1.084640971384942532e-03,1.573385379742830992e-04
2.258815526962280273e+00,5.531980991363525391e+00,2.186204910278320312e+00,9.999955892562866211e-01,9.759080130606889725e-04,1.905531506054103374e-03,2.097361721098423004e-03
3.939476966857910156e+00,7.380002975463867188e+00,2.088786602020263672e+00,9.999101758003234863e-01,1.249543949961662292e-02,8.579304558224976063e-04,4.786366596817970276e-03
6.255475997924804688e+00,4.890569686889648438e+00,5.435434341430664062e+00,9.999953508377075195e-01,1.369520206935703754e-03,-1.488710637204349041e-03,2.316350582987070084e-03
4.037346839904785156e+00,4.343477249145507812e+00,5.644889831542968750e+00,9.999980330467224121e-01,-1.325266901403665543e-03,-1.276676775887608528e-04,-1.456232857890427113e-03
5.309902667999267578e+00,7.229010105133056641e+00,6.658382415771484375e+00,9.999425411224365234e-01,7.650639396160840988e-03,-4.623086191713809967e-03,-5.928389728069305420e-03
5.159592151641845703e+00,6.115427017211914062e+00,1.498361945152282715e+00,9.999927282333374023e-01,-1.265853061340749264e-03,-1.424475223757326603e-03,-3.317415714263916016e-03
4.638740539550781250e+00,6.082052230834960938e+00,4.806048870086669922e+00,9.999979734420776367e-01,1.103270216844975948e-03,-1.606817822903394699e-03,-5.871180328540503979e-04
3.595922231674194336e+00,3.487709760665893555e+00,3.758654832839965820e+00,9.999946951866149902e-01,3.845645696856081486e-04,2.123032463714480400e-03,-2.426106715574860573e-03
2.115898370742797852e+00,6.190718173980712891e+00,1.567744255065917969e+00,9.998888969421386719e-01,-1.354365330189466476e-02,2.977360971271991730e-03,5.466307513415813446e-03
5.251412987709045410e-01,8.260990977287292480e-01,3.319451570510864258e+00,9.999842047691345215e-01,-4.166277125477790833e-03,1.545480918139219284e-03,3.454671939834952354e-03
3.637780666351318359e+00,5.673085212707519531e+00,7.214224815368652344e+00,9.999983906745910645e-01,8.033173508010804653e-04,1.546876272186636925e-03,-6.034102407284080982e-04
4.118492126464843750e+00,2.604236364364624023e+00,1.770820856094360352e+00,9.999937415122985840e-01,-1.122055458836257458e-03,-1.278805080801248550e-03,3.132559126242995262e-03
1.622020602226257324e+00,6.749497413635253906e+00,3.186446666717529297e+00,9.999868273735046387e-01,-2.775383880361914635e-03,-4.274343606084585190e-03,-5.886800936423242092e-04
6.504656791687011719e+00,2.564336061477661133e+00,6.281888961791992188e+00,9.999990463256835938e-01,-1.658849650993943214e-04,-4.577360523398965597e-04,-1.280236174352467060e-03
2.951402187347412109e+00,4.798899650573730469e+00,1.558457374572753906e+00,9.999814629554748535e-01,-5.977006163448095322e-03,-1.398791937390342355e-04,1.190298236906528473e-03
2.963597297668457031e+00,2.503693580627441406e+00,3.613464117050170898e+00,9.999994039535522461e-01,9.247399866580963135e-04,-3.688859869726002216e-04,-5.300263874232769012e-04
3.740875244140625000e+00,1.909444093704223633e+00,1.064890146255493164e+00,9.997358918190002441e-01,1.871188916265964508e-02,-5.718887769035063684e-05,-1.334637403488159180e-02
1.228170990943908691e+00,5.892586708068847656e+00,2.950032711029052734e+00,9.999790787696838379e-01,-4.096045158803462982e-03,-4.827777389436960220e-03,1.322729745879769325e-03
7.272769927978515625e+00,3.355910301208496094e+00,5.820783615112304688e+00,9.999847412109375000e-01,-4.789308644831180573e-03,-2.391585381701588631e-03,-1.376320957206189632e-03
3.960275352001190186e-01,5.321714401245117188e+00,8.713706135749816895e-01,9.999999403953552246e-01,4.076664044987410307e-04,-6.116019449109444395e-06,1.918345369631424546e-04
2.669301748275756836e+00,5.951104313135147095e-02,8.460192084312438965e-01,9.999890327453613281e-01,-1.439836225472390652e-03,-4.232422914355993271e-03,-1.373121980577707291e-03
3.430923461914062500e+00,1.061412453651428223e+00,1.354960322380065918e+00,9.999721646308898926e-01,-6.272377446293830872e-03,3.414018079638481140e-03,-2.149080391973257065e-03
1.808123469352722168e+00,1.889295279979705811e-01,4.416634559631347656e+00,9.999927282333374023e-01,1.688270713202655315e-04,-2.943492028862237930e-03,2.447707811370491982e-03
4.334631919860839844e+00,6.497993469238281250e+00,4.339641571044921875e+00,9.999974966049194336e-01,1.017429400235414505e-03,-1.989598153159022331e-03,2.360073995077982545e-04
3.601840019226074219e+00,5.035274028778076172e+00,4.222679138183593750e+00,9.999986886978149414e-01,-3.996384621132165194e-04,-1.573836198076605797e-03,7.351541717071086168e-05
7.209353446960449219e+00,4.484694004058837891e+00,1.454273462295532227e+00,9.999999403953552246e-01,-3.334656939841806889e-04,3.552220296114683151e-04,9.261844752472825348e-06
3.479862213134765625e-02,1.542252302169799805e+00,6.449937820434570312e-01,9.999997615814208984e-01,-3.968902165070176125e-04,-1.429182448191568255e-04,6.672042072750627995e-04
6.894504070281982422e+00,6.336423873901367188e+00,6.820052266120910645e-01,9.999986886978149414e-01,-6.558077293448150158e-04,-3.016790724359452724e-04,-1.492265611886978149e-03
3.936033487319946289e+00,3.509773015975952148e-01,3.164293766021728516e+00,9.999900460243225098e-01,-2.052770694717764854e-03,1.677547697909176350e-03,-3.604843746870756149e-03
6.264228343963623047e+00,5.086792469024658203e+00,1.811902046203613281e+00,9.999566674232482910e-01,1.980126136913895607e-03,4.299352411180734634e-03,-8.015708066523075104e-03
4.543915748596191406e+00,6.499752044677734375e+00,5.195839881896972656e+00,9.998263716697692871e-01,-7.575893774628639221e-03,8.811639621853828430e-03,-1.456648204475641251e-02
2.373193800449371338e-01,2.473966836929321289e+00,7.200476646423339844e+00,9.999896287918090820e-01,5.767531110905110836e-04,4.280996043235063553e-03,-1.479094615206122398e-03
4.108023166656494141e+00,1.854629814624786377e-02,4.410743713378906250e+00,9.999724030494689941e-01,-2.206096105510368943e-04,-2.938863355666399002e-03,6.824143230915069580e-03
4.541537284851074219e+00,2.240130901336669922e+00,4.031403541564941406e+00,9.999948740005493164e-01,2.948374487459659576e-03,6.614295998588204384e-04,-1.080980175174772739e-03
6.877909183502197266e+00,4.869883537292480469e+00,3.428936481475830078e+00,9.999745488166809082e-01,1.807218766771256924e-03,-6.901305168867111206e-03,-3.103612107224762440e-04
4.900001525878906250e+00,6.565169811248779297e+00,4.830653667449951172e+00,9.999263882637023926e-01,5.376042798161506653e-03,6.333364173769950867e-03,8.844003081321716309e-03
3.981268882751464844e+00,4.339141368865966797e+00,3.533210039138793945e+00,9.999199509620666504e-01,-8.711664006114006042e-03,7.615948095917701721e-03,5.126243457198143005e-03
4.996315956115722656e+00,9.667785763740539551e-01,2.733944654464721680e+00,9.999961256980895996e-01,-1.442636479623615742e-03,-1.185937202535569668e-03,-2.099200384691357613e-03
5.164056301116943359e+00,6.597997665405273438e+00,1.169631123542785645e+00,9.999623298645019531e-01,-2.446250757202506065e-03,-8.170852437615394592e-03,-1.622546347789466381e-03
3.091432094573974609e+00,4.819931983947753906e+00,3.989506721496582031e+00,9.999963045120239258e-01,-2.591004362329840660e-03,3.558087628334760666e-04,-8.046514703892171383e-04
2.859375476837158203e+00,1.119983315467834473e+00,1.183020114898681641e+00,9.999983906745910645e-01,-1.818596036173403263e-03,1.572569308336824179e-04,1.795536954887211323e-04
6.880215167999267578e+00,6.388452053070068359e-01,3.255867242813110352e+00,9.999996423721313477e-01,-3.564321377780288458e-04,2.700655895750969648e-04,8.369160350412130356e-04
1.429146885871887207e+00,6.531127452850341797e+00,4.971493244171142578e+00,9.999728202819824219e-01,7.209798786789178848e-03,1.288926578126847744e-03,8.364699897356331348e-04
5.858106136322021484e+00,3.155112743377685547e+00,4.118330001831054688e+00,9.999508261680603027e-01,5.295447539538145065e-03,5.687642376869916916e-03,-6.155378650873899460e-03
4.326070308685302734e+00,2.811750769615173340e-01,2.605147838592529297e+00,9.999938607215881348e-01,2.516285283491015434e-03,-9.373712819069623947e-04,2.247370313853025436e-03
3.580289840698242188e+00,1.926607370376586914e+00,3.765090703964233398e+00,1.000000000000000000e+00,5.479835817823186517e-05,-1.632959174457937479e-04,-7.379765156656503677e-05
3.026537299156188965e-01,6.414530754089355469e+00,4.950690269470214844e+00,9.999985098838806152e-01,-7.382897892966866493e-04,-9.501434396952390671e-04,-1.282337820157408714e-03
3.889992713928222656e+00,1.174317002296447754e+00,2.760008573532104492e+00,9.999974966049194336e-01,-1.503479084931313992e-03,-1.129365060478448868e-03,1.262931851670145988e-03
6.183525562286376953e+00,5.065359592437744141e+00,5.923112869262695312e+00,9.999960660934448242e-01,1.980859553441405296e-03,1.908872975036501884e-03,-6.121456972323358059e-04
7.312520742416381836e-01,6.894278526306152344e+00,4.780447959899902344e+00,9.999969601631164551e-01,-1.488609414082020521e-04,-1.319262315519154072e-03,2.113413531333208084e-03
6.951814174652099609e+00,3.344863891601562500e+00,2.692559957504272461e+00,9.999985098838806152e-01,-1.647102879360318184e-03,-1.450873969588428736e-04,5.820150836370885372e-04
5.956373214721679688e+00,5.779738903045654297e+00,2.429111480712890625e+00,9.999995827674865723e-01,2.630500530358403921e-04,1.389131066389381886e-04,9.203654481098055840e-04
4.157627105712890625e+00,6.268235206604003906e+00,7.456092357635498047e+00,9.999982118606567383e-01,5.006753490306437016e-04,-1.016744863591156900e-04,-1.862646546214818954e-03
5.576750755310058594e+00,6.014571666717529297e+00,3.485732316970825195e+00,9.999966025352478027e-01,-1.310465508140623569e-03,1.195661898236721754e-04,2.284365007653832436e-03
2.894742012023925781e+00,2.824357748031616211e+00,4.697298049926757812e+00,9.999905824661254883e-01,2.840638160705566406e-03,1.813711714930832386e-03,2.765703247860074043e-03
4.859193801879882812e+00,3.598202168941497803e-01,6.087720394134521484e+00,9.999997615814208984e-01,-3.051611711271107197e-04,-5.682843038812279701e-04,4.577095387503504753e-04
3.322613000869750977e+00,4.738115310668945312e+00,7.490530014038085938e+00,9.999946355819702148e-01,1.582894707098603249e-03,-2.877667779102921486e-03,-3.411289653740823269e-04
4.014102935791015625e+00,8.582885861396789551e-01,6.981440186500549316e-01,9.999964833259582520e-01,3.590108826756477356e-04,-2.628285437822341919e-03,3.655524051282554865e-04
2.388951033353805542e-01,4.907165050506591797e+00,6.690113544464111328e+00,9.999996423721313477e-01,-1.961255038622766733e-04,7.920578354969620705e-04,4.150142776779830456e-04
6.478141784667968750e+00,1.226126700639724731e-01,2.419660091400146484e+00,9.998703002929687500e-01,-7.790896110236644745e-03,-2.714161761105060577e-03,1.383004616945981979e-02
2.780133247375488281e+00,2.743058204650878906e+00,2.364454030990600586e+00,9.999095797538757324e-01,2.910055045504122972e-04,1.219555456191301346e-02,-5.660939961671829224e-03
6.067255020141601562e+00,5.184635639190673828e+00,7.363382816314697266e+00,9.999935030937194824e-01,-2.776486333459615707e-03,-8.680386818014085293e-04,-2.159520052373409271e-03
1.447429209947586060e-01,4.319270610809326172e+00,1.343277692794799805e+00,9.999963641166687012e-01,1.850185333751142025e-03,-1.554159447550773621e-03,-1.175697077997028828e-03
4.474824905395507812e+00,1.424000978469848633e+00,2.067366838455200195e+00,9.999898672103881836e-01,-2.234935993328690529e-03,-2.751639578491449356e-03,2.780809532850980759e-03
2.153429746627807617e+00,4.779285907745361328e+00,4.420837879180908203e+00,9.999976754188537598e-01,2.383202372584491968e-04,-1.306520309299230576e-03,1.696576247923076153e-03
7.083638668060302734e+00,6.480755805969238281e-01,4.396012306213378906e+00,9.997416138648986816e-01,-4.058430902659893036e-03,-1.816716603934764862e-02,-1.305202208459377289e-02
5.643786907196044922e+00,2.216634511947631836e+00,2.958828449249267578e+00,9.999851584434509277e-01,9.255241602659225464e-04,-3.202016931027173996e-03,-4.328086506575345993e-03
7.449174404144287109e+00,1.308357954025268555e+00,8.881738185882568359e-01,9.997959136962890625e-01,1.981275901198387146e-02,-2.995744114741683006e-03,-2.569919917732477188e-03
5.044239163398742676e-01,2.508084535598754883e+00,2.627147197723388672e+00,9.999626874923706055e-01,1.086215372197329998e-03,-8.136364631354808807e-03,2.701400080695748329e-03
3.948918819427490234e+00,2.562814235687255859e+00,3.717192411422729492e+00,9.999980926513671875e-01,1.268384046852588654e-03,1.444146968424320221e-03,5.344842793419957161e-04
1.603972792625427246e+00,2.646283388137817383e+00,6.407839298248291016e+00,9.998071789741516113e-01,-2.419665688648819923e-04,-1.962064765393733978e-02,8.030320168472826481e-04
1.724669635295867920e-01,7.394082069396972656e+00,2.337251901626586914e+00,9.999995231628417969e-01,9.985113283619284630e-04,-1.479755592299625278e-04,3.566785890143364668e-04
1.275649666786193848e+00,3.277404546737670898e+00,1.066097617149353027e+00,9.999994039535522461e-01,-4.563638358376920223e-04,1.055896500474773347e-04,1.027145655825734138e-03
6.178154468536376953e+00,2.309880256652832031e+00,6.625392913818359375e+00,9.999817013740539551e-01,3.810718422755599022e-03,6.707059219479560852e-04,-4.652567207813262939e-03
4.728352069854736328e+00,1.516536474227905273e+00,4.032385349273681641e+00,9.999935030937194824e-01,-2.106531523168087006e-03,2.917821751907467842e-03,2.169208601117134094e-04
6.544379711151123047e+00,5.809972286224365234e+00,6.098425865173339844e+00,9.999117255210876465e-01,-8.877185173332691193e-03,8.565292693674564362e-03,4.934403114020824432e-03
5.185004234313964844e+00,5.982979297637939453e+00,6.996188163757324219e+00,9.999976754188537598e-01,1.629255246371030807e-03,1.296336879022419453e-03,6.274518091231584549e-04
6.346222877502441406e+00,4.647641181945800781e-01,5.101327419281005859e+00,9.999756217002868652e-01,-2.352351089939475060e-03,-5.599039141088724136e-03,-3.448761999607086182e-03
3.473624706268310547e+00,4.617144584655761719e+00,3.130508899688720703e+00,9.999974966049194336e-01,9.057901916094124317e-04,-2.010114956647157669e-03,-5.375158507376909256e-04
7.164483547210693359e+00,2.599756717681884766e+00,7.109560489654541016e+00,9.999998211860656738e-01,1.880953786894679070e-04,5.339830531738698483e-04,-3.269730950705707073e-04
6.999184131622314453e+00,3.169462442398071289e+00,6.553368568420410156e+00,9.999973773956298828e-01,2.249825512990355492e-03,5.406803684309124947e-04,8.318761501868721098e-06
3.478749036788940430e+00,3.529302597045898438e+00,5.102937698364257812e+00,9.999746680259704590e-01,3.419238608330488205e-03,-5.279504694044589996e-03,-3.337214700877666473e-03
3.664008855819702148e+00,6.799281597137451172e+00,2.330905437469482422e+00,9.999995231628417969e-01,8.241726900450885296e-04,-3.068880469072610140e-04,-4.831724218092858791e-04
5.040026187896728516e+00,2.737807273864746094e+00,3.941986799240112305e+00,9.999970197677612305e-01,1.421948545612394810e-03,-7.695435197092592716e-04,-1.839725649915635586e-03
6.911675930023193359e+00,6.468334197998046875e+00,7.064936637878417969e+00,9.999911785125732422e-01,-4.022289067506790161e-03,1.679216366028413177e-04,1.199918799102306366e-03
5.371134757995605469e+00,2.982399702072143555e+00,1.568477272987365723e+00,9.999766945838928223e-01,3.675869433209300041e-03,1.397004118189215660e-03,-5.594985559582710266e-03
1.867977380752563477e+00,5.668798923492431641e+00,1.887781023979187012e+00,9.999980926513671875e-01,-3.381049900781363249e-04,-1.951463054865598679e-03,6.097623918321914971e-05
6.037435054779052734e+00,2.335006237030029297e+00,6.334142684936523438e+00,9.999840259552001953e-01,3.771335352212190628e-03,5.732328863814473152e-04,-4.181558731943368912e-03
6.122473239898681641e+00,6.703682899475097656e+00,1.999438643455505371e+00,9.999989271163940430e-01,5.223722546361386776e-04,9.628740954212844372e-04,1.019456889480352402e-03
6.451570987701416016e+00,6.203848838806152344e+00,3.289717674255371094e+00,9.999953508377075195e-01,-1.261049299500882626e-03,-1.667095464654266834e-03,-2.233834704384207726e-03
4.846627414226531982e-01,1.164757847785949707e+00,2.010392189025878906e+00,9.999964237213134766e-01,-2.059917431324720383e-03,-1.675205421634018421e-03,5.316760507412254810e-04
8.006020188331604004e-01,4.873211383819580078e+00,3.099225759506225586e+00,9.999831318855285645e-01,5.179455969482660294e-03,-2.540316432714462280e-03,-7.733674137853085995e-04
6.495169162750244141e+00,4.713708400726318359e+00,3.947461128234863281e+00,9.999989271163940430e-01,-1.306780148297548294e-03,2.478019450791180134e-04,-7.295676041394472122e-04
2.455354213714599609e+00,4.933951795101165771e-01,2.959394454956054688e+00,9.999969601631164551e-01,5.496623343788087368e-04,-2.225505420938134193e-03,-9.529886301606893539e-04
1.480700254440307617e+00,3.279416084289550781e+00,3.221519708633422852e+00,1.000000000000000000e+00,-3.368155375937931240e-06,1.992555189644917846e-04,5.405829142546281219e-05
2.721273899078369141e+00,2.671719074249267578e+00,5.823442935943603516e+00,9.999994635581970215e-01,7.585117709822952747e-04,7.399395108222961426e-04,2.538630506023764610e-04
2.907290935516357422e+00,7.078104019165039062e+00,5.898432135581970215e-01,9.998701214790344238e-01,4.912043921649456024e-03,1.159243471920490265e-02,-1.006067451089620590e-02
2.002863407135009766e+00,3.797497987747192383e+00,5.734820842742919922e+00,9.999373555183410645e-01,1.112002879381179810e-02,7.996295607881620526e-05,1.293740933761000633e-03
5.268885612487792969e+00,4.580533027648925781e+00,7.194072246551513672e+00,9.999970793724060059e-01,7.461634959327057004e-05,-1.970269484445452690e-03,-1.418842584826052189e-03
5.887361049652099609e+00,7.003754615783691406e+00,7.200776576995849609e+00,9.999716877937316895e-01,-9.065141202881932259e-04,6.001165602356195450e-03,-4.455283284187316895e-03
2.033838748931884766e+00,1.280609726905822754e+00,7.250761508941650391e+00,9.999971985816955566e-01,-1.810222747735679150e-03,7.729876670055091381e-04,-1.362422015517950058e-03
4.359780788421630859e+00,4.890058040618896484e+00,3.603223085403442383e+00,9.999883174896240234e-01,-4.479653667658567429e-03,-1.621538889594376087e-03,9.008293272927403450e-04
4.254878044128417969e+00,2.823456525802612305e+00,4.687030315399169922e+00,9.999880194664001465e-01,2.868865616619586945e-03,-3.148359246551990509e-03,2.439027419313788414e-03
1.511553645133972168e+00,6.610397815704345703e+00,7.012924671173095703e+00,9.998531341552734375e-01,-8.079227991402149200e-03,1.214488595724105835e-02,-8.995049633085727692e-03
6.174747347831726074e-01,2.592865467071533203e+00,7.420864582061767578e+00,9.999839663505554199e-01,1.253507914952933788e-03,5.458263680338859558e-03,-8.627857314422726631e-04
1.993141055107116699e+00,3.792293787002563477e+00,9.529793262481689453e-01,9.999991059303283691e-01,8.356894250027835369e-04,7.476456230506300926e-04,7.027600659057497978e-04
5.036440372467041016e+00,6.564105153083801270e-01,8.919078707695007324e-01,9.999971389770507812e-01,-7.337162387557327747e-04,-2.012535929679870605e-03,1.124438713304698467e-03
6.185495853424072266e+00,4.511433124542236328e+00,6.844791412353515625e+00,9.999880194664001465e-01,-3.294893074780702591e-03,3.595998976379632950e-03,3.549187968019396067e-04
3.505657434463500977e+00,2.078987360000610352e-01,6.334119796752929688e+00,9.999984502792358398e-01,-8.589200442656874657e-04,-8.494623471051454544e-04,1.343508018180727959e-03
1.668669730424880981e-01,7.089013099670410156e+00,6.451892375946044922e+00,9.999991059303283691e-01,-1.129759475588798523e-03,-7.649757317267358303e-04,-2.764177916105836630e-04
5.971672058105468750e+00,7.395423054695129395e-01,2.117815971374511719e+00,9.999990463256835938e-01,2.008008013945072889e-04,1.363670104183256626e-03,1.551936293253675103e-04
4.115051269531250000e+00,6.599004745483398438e+00,1.162181615829467773e+00,9.999954700469970703e-01,2.235982799902558327e-03,8.037061197683215141e-04,1.861035241745412350e-03
5.975943565368652344e+00,2.095109939575195312e+00,3.665744662284851074e-01,9.999946951866149902e-01,4.630656621884554625e-05,2.984785940498113632e-03,-1.357157947495579720e-03
4.003054618835449219e+00,2.847025632858276367e+00,3.993761539459228516e+00,9.999430179595947266e-01,1.336157205514609814e-03,5.096610635519027710e-03,-9.284503757953643799e-03
1.572836756706237793e+00,1.617855310440063477e+00,3.832649230957031250e+00,9.999955296516418457e-01,-1.081006019376218319e-03,1.094233477488160133e-03,2.582523971796035767e-03
4.968086719512939453e+00,6.894277095794677734e+00,8.920863866806030273e-01,9.997925162315368652e-01,1.388502120971679688e-02,2.717379480600357056e-03,1.465493813157081604e-02
9.952946305274963379e-01,1.355057120323181152e+00,6.658755302429199219e+00,9.999985098838806152e-01,9.984632488340139389e-04,3.431319491937756538e-04,-1.425172667950391769e-03
2.934928655624389648e+00,6.593454837799072266e+00,4.979509830474853516e+00,9.999122023582458496e-01,-6.679999176412820816e-03,-3.781849984079599380e-03,1.080086268484592438e-02
2.046698570251464844e+00,3.056616067886352539e+00,7.425290584564208984e+00,9.995695352554321289e-01,1.153404824435710907e-02,-6.114395800977945328e-03,2.627490460872650146e-02
5.046779632568359375e+00,1.243604183197021484e+00,3.604372739791870117e+00,9.999251365661621094e-01,8.417875505983829498e-03,-5.008531734347343445e-03,7.338408380746841431e-03
7.108302116394042969e+00,4.109307289123535156e+00,8.697789311408996582e-01,9.999426603317260742e-01,1.961270580068230629e-03,-4.299360327422618866e-03,-9.613747708499431610e-03
5.825735569000244141e+00,8.530904650688171387e-01,5.808874130249023438e+00,9.999822378158569336e-01,-5.821922328323125839e-03,2.526692405808717012e-04,1.236275653354823589e-03
4.799558162689208984e+00,2.497092485427856445e-01,3.547760725021362305e+00,9.999313354492187500e-01,-4.381977487355470657e-03,7.010837085545063019e-03,8.306624367833137512e-03
5.702359199523925781e+00,4.662481784820556641e+00,6.245862483978271484e+00,9.999722838401794434e-01,4.129485692828893661e-03,6.194757763296365738e-03,3.528476809151470661e-04
6.815937519073486328e+00,5.430778026580810547e+00,2.513419389724731445e+00,9.999988079071044922e-01,1.392028643749654293e-03,1.575028290972113609e-04,7.573032635264098644e-04
4.284106731414794922e+00,7.305071830749511719e+00,1.179262280464172363e+00,9.999977946281433105e-01,-1.673355931416153908e-03,1.174714299850165844e-03,-6.123880739323794842e-04
6.983990669250488281e+00,4.219082832336425781e+00,2.032571554183959961e+00,9.998754858970642090e-01,-4.498594498727470636e-04,7.104335818439722061e-04,1.576327718794345856e-02
7.064860343933105469e+00,5.980434894561767578e+00,1.173162817955017090e+00,9.999949932098388672e-01,1.124167232774198055e-03,2.028785413131117821e-03,-2.182490658015012741e-03
5.081951141357421875e+00,1.368262916803359985e-01,6.378574848175048828e+00,9.999774098396301270e-01,-3.196800127625465393e-03,5.924538243561983109e-03,-2.168165519833564758e-05
6.651799201965332031e+00,1.024521231651306152e+00,4.955688953399658203e+00,9.999960660934448242e-01,6.320136599242687225e-04,-2.732678549364209175e-03,-4.970054214936681092e-05
3.350805521011352539e+00,5.619936466217041016e+00,5.448925495147705078e+00,9.999988675117492676e-01,1.131308032199740410e-03,-3.990956756751984358e-04,9.695678018033504486e-04
5.873839378356933594e+00,7.135715961456298828e+00,6.510131835937500000e+00,9.999968409538269043e-01,-7.039076299406588078e-04,-8.038834785111248493e-04,-2.288874471560120583e-03
5.865622997283935547e+00,8.773781061172485352e-01,4.683332920074462891e+00,9.999989271163940430e-01,4.892780561931431293e-04,9.006383479572832584e-04,1.071823178790509701e-03
1.220573663711547852e+00,2.956106901168823242e+00,1.189144611358642578e+00,9.999949336051940918e-01,-3.530273970682173967e-04,8.333455771207809448e-04,-3.072208957746624947e-03
6.010021686553955078e+00,2.343603610992431641e+00,5.957090377807617188e+00,9.999924898147583008e-01,-1.831240224419161677e-04,-1.633143634535372257e-03,-3.511940129101276398e-03
4.507421493530273438e+00,5.090823173522949219e+00,4.208316206932067871e-01,9.999522566795349121e-01,4.151775967329740524e-03,-5.093625746667385101e-03,7.243049796670675278e-03
3.080143451690673828e+00,5.748454570770263672e+00,2.725843429565429688e+00,9.999997019767761230e-01,6.398159312084317207e-04,-1.696899562375620008e-04,5.035899812355637550e-04
6.497453212738037109e+00,3.705150604248046875e+00,2.700080871582031250e+00,9.999860525131225586e-01,-9.192680008709430695e-04,-3.491093637421727180e-03,3.862384473904967308e-03
5.986577987670898438e+00,1.050443887710571289e+00,7.250576496124267578e+00,9.999982118606567383e-01,1.763742038747295737e-04,7.365695782937109470e-04,-1.765693887136876583e-03
5.222105979919433594e+00,7.376022338867187500e+00,3.818493127822875977e+00,9.998666644096374512e-01,-6.229609716683626175e-03,1.509462948888540268e-02,9.608647815184667706e-05
3.510836511850357056e-02,6.737037181854248047e+00,4.226886272430419922e+00,9.998508691787719727e-01,5.450213328003883362e-03,-9.266540408134460449e-03,-1.351457554847002029e-02
6.408288955688476562e+00,6.519647598266601562e+00,4.308944225311279297e+00,9.995247125625610352e-01,-1.517173019237816334e-03,-3.079074621200561523e-02,2.056403318420052528e-04
1.099655866622924805e+00,6.709147930145263672e+00,6.080263614654541016e+00,9.999958872795104980e-01,2.737224800512194633e-03,6.368958274833858013e-04,6.230836734175682068e-04
3.047554969787597656e+00,1.408105254173278809e+00,1.651052355766296387e+00,9.999786019325256348e-01,4.589063173625618219e-04,-9.673559688962996006e-04,6.455929949879646301e-03
3.772535800933837891e+00,6.416692733764648438e+00,1.833501338958740234e+00,9.999953508377075195e-01,-2.503394149243831635e-03,1.328227575868368149e-03,-1.106859301216900349e-03
2.536643266677856445e+00,3.640195846557617188e+00,3.794018030166625977e+00,9.999797940254211426e-01,-3.347402438521385193e-03,2.118385396897792816e-03,-4.988776985555887222e-03
4.072007656097412109e+00,1.620960474014282227e+00,1.846962213516235352e+00,9.999980330467224121e-01,-7.734844693914055824e-04,-1.750584458932280540e-03,6.077211000956594944e-04
2.602349758148193359e+00,5.967703819274902344e+00,3.377766370773315430e+00,9.999989271163940430e-01,-2.047795278485864401e-04,-2.333473239559680223e-04,-1.461830455809831619e-03
1.508708149194717407e-01,1.611854672431945801e+00,4.490895271301269531e+00,9.999518394470214844e-01,-2.163572702556848526e-03,-7.413811050355434418e-03,-6.055739708244800568e-03
6.252878665924072266e+00,2.918635129928588867e+00,6.089100360870361328e+00,9.999977350234985352e-01,7.059382041916251183e-04,-6.869919016025960445e-04,-1.916547655127942562e-03
6.445356369018554688e+00,3.184725046157836914e+00,6.701512336730957031e+00,9.999980926513671875e-01,1.965001923963427544e-03,4.240337511873804033e-05,-3.455638070590794086e-04
1.796633005142211914e+00,7.629992365837097168e-01,3.606492519378662109e+00,9.999979138374328613e-01,1.449429662898182869e-03,4.403572820592671633e-04,-1.404051901772618294e-03
5.950788259506225586e-01,2.482172489166259766e+00,7.118073463439941406e+00,9.999530315399169922e-01,1.399781671352684498e-03,9.076413698494434357e-03,-3.105270443484187126e-03
5.603966712951660156e+00,6.317724704742431641e+00,5.262689590454101562e+00,9.999973773956298828e-01,7.335629779845476151e-04,2.157442504540085793e-03,4.805548232980072498e-04
4.652468681335449219e+00,5.239783763885498047e+00,1.210651874542236328e+00,9.999975562095642090e-01,-1.778316684067249298e-03,-2.135458926204591990e-04,-1.275551156140863895e-03
4.582581520080566406e+00,2.998455286026000977e+00,5.809231281280517578e+00,9.999995827674865723e-01,5.759455962106585503e-05,-1.528405700810253620e-04,9.675948531366884708e-04
7.260084629058837891e+00,4.389156341552734375e+00,8.181693553924560547e-01,9.999557733535766602e-01,1.895125024020671844e-03,-3.970377147197723389e-04,-9.201887063682079315e-03
2.031838178634643555e+00,3.485816001892089844e+00,1.413086801767349243e-01,9.999740123748779297e-01,4.340395797044038773e-03,2.397190080955624580e-03,-5.237346980720758438e-03
6.969277381896972656e+00,6.077825069427490234e+00,2.095149278640747070e+00,9.999982714653015137e-01,1.164626562967896461e-03,-1.233718125149607658e-03,-7.425327785313129425e-04
1.829248309135437012e+00,3.980569362640380859e+00,4.701626300811767578e+00,9.999992847442626953e-01,6.425942410714924335e-05,6.236592889763414860e-04,1.054347958415746689e-03
1.473068714141845703e+00,7.174770832061767578e+00,5.280173778533935547e+00,9.999992847442626953e-01,2.006052964134141803e-04,-1.147482078522443771e-03,4.043775552418082952e-04
2.422862052917480469e+00,3.878913521766662598e-01,7.440694808959960938e+00,9.999995827674865723e-01,-4.995542112737894058e-04,1.989288575714454055e-04,-7.735765539109706879e-04
4.041637897491455078e+00,4.190028905868530273e-01,5.254565238952636719e+00,9.999915957450866699e-01,-2.653508679941296577e-03,3.113274462521076202e-03,-2.807776618283241987e-04
5.372543334960937500e+00,7.252301692962646484e+00,7.067627310752868652e-01,9.999074935913085938e-01,5.266779568046331406e-03,-9.230064228177070618e-03,8.492501452565193176e-03
3.404457092285156250e+00,1.338321447372436523e+00,4.128511428833007812e+00,9.999986886978149414e-01,-4.322283493820577860e-04,-5.869747255928814411e-04,1.498487894423305988e-03
4.407078742980957031e+00,2.789343357086181641e+00,3.385403156280517578e+00,9.998695254325866699e-01,-1.167781278491020203e-02,1.070685498416423798e-02,-3.180318279191851616e-03
2.399915158748626709e-01,5.355302333831787109e+00,3.313780784606933594e+00,9.999997019767761230e-01,-5.368836573325097561e-04,5.213483236730098724e-04,3.870603395625948906e-04
5.031953334808349609e+00,4.505262851715087891e+00,6.978144168853759766e+00,9.999964237213134766e-01,2.369231224292889237e-04,2.473474945873022079e-03,9.782526176422834396e-04
3.948726654052734375e+00,7.040369987487792969e+00,4.561625003814697266e+00,9.999786019325256348e-01,6.404461804777383804e-03,1.223506056703627110e-03,5.543805891647934914e-04
8.126742243766784668e-01,4.146368026733398438e+00,5.522235393524169922e+00,9.999992251396179199e-01,3.758337988983839750e-04,-2.827078860718756914e-04,1.216052216477692127e-03
-3.856354625895619392e-03,1.313718199729919434e+00,1.765645265579223633e+00,9.999911189079284668e-01,1.148312818259000778e-03,-1.217242563143372536e-03,3.884023055434226990e-03
5.244021415710449219e+00,5.170178890228271484e+00,2.055299758911132812e+00,9.999963641166687012e-01,1.974930986762046814e-03,1.220651436597108841e-03,1.404365873895585537e-03
7.175306081771850586e-01,7.219659328460693359e+00,1.743600010871887207e+00,9.997529387474060059e-01,-8.612482808530330658e-03,-1.996267773211002350e-02,-4.622105974704027176e-03
2.461785316467285156e+00,1.081982731819152832e+00,1.698345661163330078e+00,9.999977946281433105e-01,-1.825793646275997162e-03,8.977728430181741714e-04,-4.648765898309648037e-04
1.886601328849792480e+00,3.668347120285034180e+00,1.346956133842468262e+00,9.999932050704956055e-01,2.656464930623769760e-03,2.549486234784126282e-03,2.988307387568056583e-04
2.010261565446853638e-01,3.592484951019287109e+00,4.385494813323020935e-02,9.999960660934448242e-01,-1.032694592140614986e-03,-2.471320331096649170e-03,-8.852615719661116600e-04
1.812186360359191895e+00,4.398725986480712891e+00,3.954174280166625977e+00,9.999506473541259766e-01,-5.461684893816709518e-03,-8.186032995581626892e-03,-1.381586771458387375e-03
5.254046440124511719e+00,2.668832778930664062e+00,4.213262081146240234e+00,9.998981356620788574e-01,2.847650786861777306e-03,6.102004088461399078e-03,-1.258711703121662140e-02
8.841878175735473633e-01,3.802756547927856445e+00,1.534619808197021484e+00,9.999838471412658691e-01,3.420306835323572159e-03,4.523985087871551514e-03,4.558503569569438696e-04
1.005147218704223633e+00,5.464993000030517578e+00,3.688586950302124023e+00,9.999935030937194824e-01,7.808046648278832436e-04,-2.889924915507435799e-03,2.051534363999962807e-03
7.157281875610351562e+00,6.493815898895263672e+00,1.770641207695007324e-01,9.999967813491821289e-01,-1.519975019618868828e-03,1.046693301759660244e-03,-1.784259802661836147e-03
4.917330265045166016e+00,3.712474822998046875e+00,6.311545521020889282e-02,9.999956488609313965e-01,-2.196731977164745331e-03,-1.445834524929523468e-03,-1.392452046275138855e-03
5.195152759552001953e+00,5.296004295349121094e+00,3.304864406585693359e+00,9.999974370002746582e-01,-1.313720480538904667e-03,2.128171036019921303e-04,1.858580508269369602e-03
3.367748737335205078e+00,1.756587624549865723e+00,2.886646509170532227e+00,9.999135136604309082e-01,2.701310149859637022e-04,1.112808752804994583e-02,7.006576284766197205e-03
3.760658025741577148e+00,1.024462342262268066e+00,6.861209869384765625e+00,9.999981522560119629e-01,3.557981399353593588e-04,1.670581870712339878e-03,8.488488965667784214e-04
2.438791990280151367e+00,7.383937835693359375e+00,3.687875509262084961e+00,9.999937415122985840e-01,-1.744266919558867812e-04,1.461157691664993763e-03,3.207570407539606094e-03
3.834203004837036133e+00,5.165123939514160156e+00,5.586098507046699524e-02,9.999579191207885742e-01,2.730118110775947571e-03,6.987971253693103790e-03,-5.288818385452032089e-03
4.537711143493652344e+00,6.242525100708007812e+00,1.874909520149230957e+00,9.999997615814208984e-01,-6.720394594594836235e-04,-1.040282513713464141e-04,4.415289440657943487e-04
1.537751078605651855e+00,1.532877206802368164e+00,2.835505723953247070e+00,9.998067021369934082e-01,8.266423828899860382e-03,-9.511324577033519745e-03,-1.509031932801008224e-02
4.350428581237792969e+00,6.827078342437744141e+00,2.193879604339599609e+00,9.999985694885253906e-01,-1.381344976834952831e-03,-8.957149839261546731e-05,-1.029533217661082745e-03
4.174741208553314209e-01,2.065711840987205505e-02,6.797654151916503906e+00,9.998306632041931152e-01,3.917550202459096909e-03,-3.291855100542306900e-03,1.767598092555999756e-02
2.191852807998657227e+00,5.065085887908935547e+00,6.915254116058349609e+00,9.999544620513916016e-01,-3.713765880092978477e-03,-1.023227698169648647e-03,-8.738864213228225708e-03
3.119840621948242188e+00,1.045768260955810547e+00,5.217578411102294922e+00,9.998654127120971680e-01,-3.117236774414777756e-03,1.524142269045114517e-02,5.219889804720878601e-03
2.509753465652465820e+00,1.650804162025451660e+00,2.216832160949707031e+00,9.999991655349731445e-01,-6.749168969690799713e-04,4.377641307655721903e-04,1.063442323356866837e-03
4.045831680297851562e+00,1.685781359672546387e+00,7.029407024383544922e+00,9.998985528945922852e-01,9.841116145253181458e-03,6.576147861778736115e-03,7.926685735583305359e-03
2.440531730651855469e+00,6.126664161682128906e+00,3.808111667633056641e+00,9.999914765357971191e-01,2.544191200286149979e-03,-1.607965212315320969e-03,2.822314156219363213e-03
4.067279338836669922e+00,3.454473972320556641e+00,3.690139532089233398e+00,9.999957084655761719e-01,-2.738520735874772072e-03,-1.024489523842930794e-03,3.801452403422445059e-04
5.360687255859375000e+00,3.469496011734008789e+00,7.397229671478271484e+00,9.999892711639404297e-01,-3.164489753544330597e-03,-2.770176157355308533e-03,-1.927336445078253746e-03
3.148736953735351562e+00,6.930856704711914062e+00,1.169582724571228027e+00,9.999974966049194336e-01,5.343504017218947411e-04,-1.233536051586270332e-03,-1.801108359359204769e-03
6.660266399383544922e+00,3.074814081192016602e+00,4.510037600994110107e-01,9.998979568481445312e-01,-4.948181565850973129e-03,1.549534033983945847e-03,-1.331249997019767761e-02
6.368312835693359375e+00,3.139664173126220703e+00,2.981258153915405273e+00,9.999949336051940918e-01,2.768075792118906975e-03,1.534691546112298965e-03,-4.967502900399267673e-04
6.403309822082519531e+00,5.506299972534179688e+00,2.584696292877197266e+00,9.999998807907104492e-01,-1.328684902546228841e-05,6.231283186934888363e-04,2.205854252679273486e-04
4.851877689361572266e-01,4.113740444183349609e+00,2.997069358825683594e+00,9.999891519546508789e-01,3.075711894780397415e-03,-6.325131398625671864e-04,-3.461395855993032455e-03
3.156598806381225586e+00,4.515683352947235107e-01,1.711382150650024414e+00,9.999969601631164551e-01,-2.348507521674036980e-03,-3.204214735887944698e-04,7.479015621356666088e-04
6.157880783081054688e+00,4.208073616027832031e+00,5.027099132537841797e+00,9.999909996986389160e-01,-3.250726964324712753e-03,-2.123484853655099869e-03,1.744617824442684650e-03
3.138746917247772217e-01,5.301090240478515625e+00,4.954052448272705078e+00,9.999869465827941895e-01,-1.964923692867159843e-03,-4.452792927622795105e-03,-1.576164155267179012e-03
5.836721420288085938e+00,2.291640043258666992e+00,4.756883144378662109e+00,9.999954104423522949e-01,-1.249585999175906181e-03,2.056883822660893202e-04,-2.754110144451260567e-03
4.162216186523437500e+00,1.244638562202453613e+00,3.353954076766967773e+00,9.998729825019836426e-01,5.110904457978904247e-04,-1.489342190325260162e-02,-5.669523496180772781e-03
3.360231220722198486e-01,7.409420490264892578e+00,6.193295955657958984e+00,9.999973177909851074e-01,6.284969276748597622e-04,2.227799501270055771e-03,-1.112445243052206933e-04
7.155683994293212891e+00,6.662216186523437500e+00,3.837446212768554688e+00,9.999980926513671875e-01,-1.266088220290839672e-03,3.907363861799240112e-04,1.435799757018685341e-03
7.277578830718994141e+00,2.808045625686645508e+00,5.206518650054931641e+00,9.999988079071044922e-01,-9.723230614326894283e-04,1.236947719007730484e-03,-1.059967326000332832e-04
3.938629388809204102e+00,4.959120273590087891e+00,3.200818777084350586e+00,9.999998807907104492e-01,-5.451453616842627525e-04,-2.031537296716123819e-04,-2.084249572362750769e-04
7.471721172332763672e+00,3.599543333053588867e+00,6.116888999938964844e+00,9.999463558197021484e-01,-3.076094668358564377e-03,-8.899056352674961090e-03,-4.326384514570236206e-03
3.391809940338134766e+00,5.229526042938232422e+00,2.964770078659057617e+00,9.999903440475463867e-01,1.150658004917204380e-03,3.430924334679730237e-05,-4.242699127644300461e-03
6.751043796539306641e+00,4.959213256835937500e+00,6.951015472412109375e+00,9.999943971633911133e-01,-3.113619750365614891e-03,8.704217616468667984e-04,-9.127259254455566406e-04
1.485126852989196777e+00,6.835862159729003906e+00,3.686805963516235352e-01,9.999777674674987793e-01,1.113669015467166901e-03,6.527217570692300797e-03,7.920262869447469711e-04
2.534500122070312500e+00,5.648474216461181641e+00,6.018475532531738281e+00,9.999359846115112305e-01,2.109031891450285912e-03,-6.511912681162357330e-03,-9.012145921587944031e-03
4.124099731445312500e+00,4.258287250995635986e-01,1.077952146530151367e+00,9.999985694885253906e-01,-1.159848296083509922e-03,1.120211323723196983e-03,-6.584650836884975433e-04
2.169970750808715820e+00,6.856371760368347168e-01,5.846185684204101562e+00,9.999977946281433105e-01,4.326679918449372053e-04,6.367338937707245350e-04,-1.977311447262763977e-03
3.749897718429565430e+00,2.516834259033203125e+00,1.494605660438537598e+00,9.998843073844909668e-01,-8.712137350812554359e-04,-7.237111218273639679e-03,-1.335045229643583298e-02
1.295785069465637207e+00,3.171214342117309570e+00,2.833833694458007812e+00,9.999825954437255859e-01,-4.575134720653295517e-03,3.584552789106965065e-03,-1.060615642927587032e-03
7.002846240997314453e+00,4.400148868560791016e+00,2.379223823547363281e+00,9.999793767929077148e-01,-4.185979720205068588e-03,4.704620689153671265e-03,-1.311542349867522717e-03
4.954533576965332031e+00,6.809432983398437500e+00,7.487471103668212891e+00,9.999988079071044922e-01,7.549580914201214910e-05,-7.338883588090538979e-04,1.411975128576159477e-03
1.321607708930969238e+00,3.412891626358032227e+00,4.553190469741821289e-01,9.999970793724060059e-01,1.273850211873650551e-03,1.410409691743552685e-03,1.540654106065630913e-03
2.999641418457031250e+00,7.202008724212646484e+00,3.779091119766235352e+00,9.999892711639404297e-01,-1.408870448358356953e-03,-1.079608104191720486e-03,-4.279579967260360718e-03
6.783428668975830078e+00,7.043163776397705078e+00,1.594124197959899902e+00,9.999996423721313477e-01,1.546004350529983640e-04,-3.232550225220620632e-04,-7.966901175677776337e-04
5.092721462249755859e+00,2.663870573043823242e+00,1.674622774124145508e+00,9.999961853027343750e-01,-5.504507571458816528e-04,9.535897988826036453e-04,-2.550234086811542511e-03
4.385993480682373047e+00,6.552222728729248047e+00,3.245872974395751953e+00,9.998908042907714844e-01,-6.915982812643051147e-03,-1.037975493818521500e-02,-7.923447526991367340e-03
1.255009174346923828e+00,2.305222749710083008e+00,2.580837726593017578e+00,9.999955892562866211e-01,1.326655503362417221e-03,1.053320243954658508e-03,2.440174343064427376e-03
5.740225791931152344e+00,2.074527502059936523e+00,3.278671026229858398e+00,9.999871850013732910e-01,-5.718994652852416039e-04,-3.857423085719347000e-03,-3.232561051845550537e-03
3.616803169250488281e+00,2.690261125564575195e+00,6.080956935882568359e+00,9.999980926513671875e-01,1.274566398933529854e-03,-1.511899987235665321e-03,-1.143343542935326695e-04
1.283561624586582184e-02,6.061002731323242188e+00,3.911734819412231445e+00,9.999967217445373535e-01,-1.213447656482458115e-03,-1.579511328600347042e-03,1.609399099834263325e-03
5.335873126983642578e+00,6.703157901763916016e+00,6.443325996398925781e+00,9.999920129776000977e-01,-3.520374419167637825e-03,-2.496100205462425947e-04,1.892712200060486794e-03
7.023866653442382812e+00,3.653339624404907227e+00,4.734643936157226562e+00,9.999427199363708496e-01,1.490921946242451668e-03,1.019866671413183212e-02,2.901883097365498543e-03
4.499208927154541016e-01,6.337051391601562500e+00,9.480779618024826050e-02,9.999982714653015137e-01,-4.139384836889803410e-04,-4.371671238914132118e-04,1.747468253597617149e-03
9.359945654869079590e-01,4.406868934631347656e+00,5.650869607925415039e-01,9.999814629554748535e-01,-4.030024574603885412e-04,1.591598083905410022e-05,-6.075355224311351776e-03
5.129820346832275391e+00,2.856173992156982422e+00,1.299710124731063843e-01,9.999957680702209473e-01,-1.548857078887522221e-03,1.865420490503311157e-03,1.616856665350496769e-03
5.636953830718994141e+00,7.386716008186340332e-01,5.437746524810791016e+00,9.999968409538269043e-01,-1.200480735860764980e-03,-2.153203357011079788e-03,5.693415296263992786e-04
6.107563495635986328e+00,6.392817020416259766e+00,6.393869876861572266e+00,9.999253749847412109e-01,7.340990938246250153e-03,3.302164375782012939e-03,9.192067198455333710e-03
5.838821411132812500e+00,3.748153448104858398e+00,1.466014146804809570e+00,9.999196529388427734e-01,-9.265403263270854950e-03,5.313531495630741119e-03,6.825916469097137451e-03
4.159255504608154297e+00,4.677114963531494141e+00,6.268260478973388672e+00,9.999864101409912109e-01,-3.887981176376342773e-03,3.427271964028477669e-03,6.712482427246868610e-04
1.509650707244873047e+00,6.809536933898925781e+00,7.264795303344726562e+00,9.999412298202514648e-01,-3.734798869118094444e-03,4.290759563446044922e-03,-9.228615090250968933e-03
1.237111687660217285e+00,3.114365577697753906e+00,4.836276531219482422e+00,9.999502897262573242e-01,-4.764988552778959274e-03,8.519862778484821320e-03,-2.063726074993610382e-03
5.274938583374023438e+00,2.906665802001953125e+00,6.910449028015136719e+00,9.999698996543884277e-01,-4.208801779896020889e-03,5.197836551815271378e-03,-3.955613356083631516e-03
5.403718471527099609e+00,5.580647468566894531e+00,5.131325244903564453e+00,9.999986886978149414e-01,1.685750612523406744e-05,1.586310565471649170e-03,-4.066544061060994864e-04
6.551102161407470703e+00,7.358520507812500000e+00,7.397217750549316406e+00,9.999976754188537598e-01,-1.148445997387170792e-03,1.661159563809633255e-03,-8.620409062132239342e-04
1.890701174736022949e+00,5.113863945007324219e+00,1.665168642997741699e+00,9.999992251396179199e-01,-1.284913858398795128e-03,4.490751962293870747e-05,-1.732654636725783348e-04
6.883929252624511719e+00,4.430340290069580078e+00,6.791946887969970703e+00,9.999979138374328613e-01,-9.600018383935093880e-04,1.420772518031299114e-03,-1.112704398110508919e-03
1.195925250649452209e-01,4.566720485687255859e+00,6.551681518554687500e+00,9.999926686286926270e-01,-1.982611138373613358e-03,3.168443450704216957e-03,-8.863732218742370605e-04
4.920758247375488281e+00,2.648453950881958008e+00,1.314147591590881348e+00,9.999959468841552734e-01,-2.129510510712862015e-03,3.126882074866443872e-04,-1.842817757278680801e-03
6.780546665191650391e+00,4.285634040832519531e+00,1.006903767585754395e+00,9.999985098838806152e-01,1.368237659335136414e-03,-3.132252604700624943e-04,-1.044817967340350151e-03
5.555531978607177734e+00,4.698957443237304688e+00,5.465708255767822266e+00,9.995729923248291016e-01,1.287471037358045578e-02,1.501106563955545425e-02,-2.151556126773357391e-02
5.766988754272460938e+00,4.260632038116455078e+00,6.234766960144042969e+00,9.998915195465087891e-01,9.754218161106109619e-03,1.085535995662212372e-02,2.003486966714262962e-03
5.656026840209960938e+00,3.786159753799438477e+00,4.869592189788818359e+00,9.999905824661254883e-01,2.022483153268694878e-03,1.663337810896337032e-03,3.472599666565656662e-03
3.588458538055419922e+00,3.363597631454467773e+00,1.386259794235229492e+00,9.999781250953674316e-01,5.818899720907211304e-03,3.032520180568099022e-03,-8.710845140740275383e-04
2.835392475128173828e+00,5.306069850921630859e+00,4.099794387817382812e+00,9.999979138374328613e-01,6.847084732726216316e-04,1.612403197214007378e-03,1.081445952877402306e-03
5.713018417358398438e+00,5.066776275634765625e+00,1.913286328315734863e+00,9.999956488609313965e-01,3.864964528474956751e-04,1.527569023892283440e-03,2.529773628339171410e-03
6.354277610778808594e+00,5.268607616424560547e+00,4.837839603424072266e+00,9.999995827674865723e-01,-5.905760917812585831e-04,1.130383898271247745e-04,7.740448927506804466e-04
5.817867279052734375e+00,2.626451492309570312e+00,4.829609870910644531e+00,9.999915361404418945e-01,-3.321473195683211088e-04,-3.493409603834152222e-03,-2.178158611059188843e-03
3.179519891738891602e+00,6.428042888641357422e+00,4.351584434509277344e+00,9.998472929000854492e-01,-9.142506867647171021e-03,-5.718132946640253067e-03,1.375480741262435913e-02
1.658055186271667480e+00,6.957354545593261719e+00,1.445910811424255371e+00,9.999616742134094238e-01,-7.626198697835206985e-03,3.297282615676522255e-03,2.789330901578068733e-03
4.700483798980712891e+00,5.048880577087402344e+00,3.464834213256835938e+00,9.999725222587585449e-01,-4.810771904885768890e-03,-5.607413128018379211e-03,-6.296193460002541542e-04
5.321348667144775391e+00,2.549542188644409180e+00,5.124660491943359375e+00,9.996095299720764160e-01,2.336527453735470772e-03,9.916662238538265228e-03,-2.601789496839046478e-02
4.822766780853271484e-01,6.769908428192138672e+00,2.095745801925659180e+00,9.998984932899475098e-01,6.767645012587308884e-03,-1.048291288316249847e-02,-6.875417195260524750e-03
5.942923069000244141e+00,2.576363801956176758e+00,3.241174459457397461e+00,9.999865293502807617e-01,1.210896065458655357e-03,-1.859470037743449211e-03,4.707387182861566544e-03
4.492864906787872314e-01,2.268593311309814453e+00,8.646161109209060669e-02,9.999774098396301270e-01,6.354252807796001434e-03,2.197557827457785606e-03,2.528380719013512135e-04
7.068903446197509766e+00,5.159401893615722656e+00,2.175654619932174683e-01,9.999580383300781250e-01,-3.957768436521291733e-03,-1.079131150618195534e-03,8.199042640626430511e-03
1.217020377516746521e-01,3.273066997528076172e+00,3.590591192245483398e+00,9.999981522560119629e-01,1.458227867260575294e-03,-4.306357004679739475e-04,-1.223764033056795597e-03
4.249762535095214844e+00,4.125466346740722656e+00,1.442499279975891113e+00,9.999998211860656738e-01,5.854488117620348930e-04,3.245388215873390436e-04,2.081692218780517578e-04
6.849633064121007919e-04,2.940241575241088867e+00,5.616021633148193359e+00,9.999992847442626953e-01,8.286930969916284084e-04,5.091844941489398479e-04,-8.072108612395823002e-04
2.152719795703887939e-01,4.471394538879394531e+00,4.964107871055603027e-01,9.999788999557495117e-01,3.711762605234980583e-03,-4.905115347355604172e-03,2.094959374517202377e-03
2.694496393203735352e+00,1.235104203224182129e+00,1.975503921508789062e+00,9.999984502792358398e-01,-1.223394181579351425e-03,9.649198618717491627e-04,8.891316247172653675e-04
3.636782646179199219e+00,6.704102516174316406e+00,3.986499786376953125e+00,9.999983310699462891e-01,-1.266018953174352646e-04,1.532246940769255161e-03,1.057422836311161518e-03
2.642305850982666016e+00,1.456063032150268555e+00,3.225205183029174805e+00,9.999946355819702148e-01,4.462400393094867468e-04,1.704910304397344589e-03,2.775304485112428665e-03
3.924150466918945312e+00,4.539303779602050781e+00,4.584507465362548828e+00,9.999287128448486328e-01,1.829376444220542908e-03,-1.136396732181310654e-02,-3.186023095622658730e-03
6.591333389282226562e+00,4.222283840179443359e+00,6.544052600860595703e+00,9.999986886978149414e-01,1.080808811821043491e-03,1.264883438125252724e-03,1.895426248665899038e-05
2.998989105224609375e+00,4.510957241058349609e+00,6.090797424316406250e+00,9.999817609786987305e-01,-5.564062856137752533e-03,1.732678356347605586e-04,-2.352861454710364342e-03
6.043338775634765625e+00,4.219861984252929688e+00,6.668094635009765625e+00,9.997810125350952148e-01,-1.149165537208318710e-02,-1.484451722353696823e-02,9.247504174709320068e-03
2.242824077606201172e+00,4.250884056091308594e+00,2.603151798248291016e+00,9.999988675117492676e-01,4.924446693621575832e-04,4.718694253824651241e-05,1.454760902561247349e-03
4.646607875823974609e+00,3.194818735122680664e+00,1.203940033912658691e+00,9.999898672103881836e-01,2.135725691914558411e-03,3.978563472628593445e-03,-1.866282036644406617e-05
1.966491580009460449e+00,7.296033382415771484e+00,3.192889213562011719e+00,9.999292492866516113e-01,-6.166515871882438660e-03,-1.009064354002475739e-02,1.293115667067468166e-03
5.495623946189880371e-01,1.416872978210449219e+00,6.640022993087768555e-02,9.999981522560119629e-01,-9.833228541538119316e-04,1.517958822660148144e-03,7.328834617510437965e-04
3.601141691207885742e+00,5.647829532623291016e+00,2.126861572265625000e+00,9.999996423721313477e-01,5.371418083086609840e-04,1.171264375443570316e-04,7.352736429311335087e-04
3.859150171279907227e+00,3.381037712097167969e+00,1.847036600112915039e+00,9.999971389770507812e-01,1.390616991557180882e-03,1.579471427248790860e-05,-1.976262079551815987e-03
5.693548202514648438e+00,2.502780437469482422e+00,5.100270748138427734e+00,9.999740123748779297e-01,-1.780968159437179565e-04,-3.618728136643767357e-03,-6.236180197447538376e-03
4.244418442249298096e-01,3.007160425186157227e+00,3.564183950424194336e+00,9.999776482582092285e-01,4.502261523157358170e-03,-3.053841413930058479e-03,-3.906648606061935425e-03
6.692519664764404297e+00,1.337542533874511719e+00,1.822825312614440918e+00,9.999681115150451660e-01,4.710316658020019531e-03,5.386379081755876541e-03,-3.537991782650351524e-03
5.978939533233642578e+00,2.107210874557495117e+00,1.520747423171997070e+00,9.999346733093261719e-01,-3.861516248434782028e-03,9.653137996792793274e-03,-4.747832659631967545e-03
5.557278156280517578e+00,7.064507484436035156e+00,6.497218132019042969e+00,9.999960064888000488e-01,-8.188294596038758755e-04,-2.392996801063418388e-03,-1.300128875300288200e-03
3.961280822753906250e+00,5.419529438018798828e+00,5.734766006469726562e+00,9.999988079071044922e-01,-3.109874378424137831e-04,1.510192290879786015e-03,-2.308437105966731906e-04
4.568679332733154297e+00,2.898874044418334961e+00,4.699572086334228516e+00,9.999820590019226074e-01,-1.503121457062661648e-03,-2.459806157276034355e-03,5.242601502686738968e-03
5.489167690277099609e+00,4.824131488800048828e+00,1.621584296226501465e+00,9.999943375587463379e-01,2.919098129495978355e-03,-3.908971266355365515e-04,1.672141486778855324e-03
5.627039909362792969e+00,1.660656690597534180e+00,5.569609642028808594e+00,9.999963045120239258e-01,-1.979801570996642113e-03,1.389164594002068043e-03,-1.269488595426082611e-03
9.421089291572570801e-01,6.432829380035400391e+00,4.757194519042968750e+00,9.999967217445373535e-01,-2.572473138570785522e-03,-1.531743910163640976e-04,-1.858675095718353987e-04
9.019474387168884277e-01,2.472154617309570312e+00,3.447943925857543945e+00,9.998602271080017090e-01,1.074294280260801315e-02,-1.084821205586194992e-02,6.813233718276023865e-03
6.992168903350830078e+00,3.286514997482299805e+00,4.108066082000732422e+00,9.999984502792358398e-01,4.524145697359926999e-05,1.016502967104315758e-03,1.486742286942899227e-03
3.431063890457153320e+00,5.733951926231384277e-01,2.120139598846435547e+00,9.999496936798095703e-01,-5.083425901830196381e-03,-4.506891127675771713e-03,-7.378635928034782410e-03
1.586362361907958984e+00,6.266208648681640625e+00,1.516321539878845215e+00,9.999963641166687012e-01,2.673992188647389412e-03,2.112053771270439029e-04,3.784657455980777740e-04
3.602732181549072266e+00,4.031737327575683594e+00,3.279083967208862305e+00,9.999979138374328613e-01,4.470916755963116884e-04,-1.816072966903448105e-03,-8.284791838377714157e-04
2.090420722961425781e+00,6.767985820770263672e+00,1.797258019447326660e+00,9.999861121177673340e-01,5.264242645353078842e-03,-2.862790715880692005e-04,2.949635018012486398e-05
7.342882156372070312e+00,7.035917282104492188e+00,2.031865596771240234e+00,9.999988079071044922e-01,1.232622424140572548e-03,8.780964999459683895e-04,3.416354593355208635e-04
6.875202655792236328e+00,5.324060916900634766e+00,5.627765178680419922e+00,9.999999403953552246e-01,-2.141827135346829891e-04,1.306641497649252415e-04,-4.318354767747223377e-04
1.189644336700439453e+00,5.069314956665039062e+00,2.196899414062500000e+00,9.999618530273437500e-01,-8.215974085032939911e-03,2.913145581260323524e-03,-6.230021244846284389e-04
3.512956142425537109e+00,5.877771854400634766e+00,1.294342041015625000e+00,9.999976754188537598e-01,2.785034303087741137e-04,1.180630992166697979e-03,-1.827317988499999046e-03
6.069244861602783203e+00,7.607653737068176270e-01,3.735614776611328125e+00,9.999206066131591797e-01,-5.362063180655241013e-03,-6.612209836021065712e-04,1.139091700315475464e-02
2.369175672531127930e+00,5.247254371643066406e+00,7.268410682678222656e+00,9.999803900718688965e-01,4.981410456821322441e-04,-1.750361290760338306e-03,-5.997853353619575500e-03
3.349888086318969727e+00,4.508791446685791016e+00,4.266188144683837891e+00,9.999951124191284180e-01,-1.808882341720163822e-03,-4.783207550644874573e-04,-2.537204883992671967e-03
4.848508358001708984e+00,4.294690132141113281e+00,1.466552138328552246e+00,9.999988079071044922e-01,4.668594337999820709e-04,1.126935007050633430e-03,-1.030445215292274952e-03
7.357275962829589844e+00,1.390669047832489014e-01,4.028464794158935547e+00,9.999997615814208984e-01,3.283665573690086603e-04,5.651041865348815918e-04,2.828908909577876329e-04
2.011877775192260742e+00,1.436568617820739746e+00,4.328331947326660156e+00,9.999189376831054688e-01,-4.420382902026176453e-03,1.006345823407173157e-02,-6.434754934161901474e-03
2.579318284988403320e+00,4.587862014770507812e+00,2.737035989761352539e+00,9.999737739562988281e-01,2.548365446273237467e-04,3.548127366229891777e-03,-6.306704599410295486e-03
5.503457069396972656e+00,5.912950992584228516e+00,6.434972763061523438e+00,9.999908804893493652e-01,3.888762730639427900e-04,-3.426447277888655663e-03,-2.507703145965933800e-03
1.668305635452270508e+00,6.660762786865234375e+00,6.185214519500732422e+00,9.999544024467468262e-01,7.918182760477066040e-03,4.028957337141036987e-03,-3.518109675496816635e-03
8.552370071411132812e-01,6.845487117767333984e+00,2.404893875122070312e+00,9.999817013740539551e-01,-4.789085127413272858e-03,-1.810761750675737858e-03,3.227811306715011597e-03
5.685385704040527344e+00,6.988451004028320312e+00,2.114331960678100586e+00,9.998104572296142578e-01,-1.824606396257877350e-02,6.291296333074569702e-03,-2.581040142104029655e-03
1.384039759635925293e+00,3.895017862319946289e+00,4.945012569427490234e+00,9.999941587448120117e-01,3.124540904536843300e-03,-8.008815930224955082e-04,1.133035984821617603e-03
6.613990783691406250e+00,2.956246137619018555e-01,7.099121809005737305e-01,9.999954104423522949e-01,2.330343239009380341e-03,-1.871901331469416618e-03,-5.311328568495810032e-04
5.374605178833007812e+00,1.489756852388381958e-01,3.129048585891723633e+00,9.999789595603942871e-01,-1.158363535068929195e-03,-6.380393635481595993e-03,3.824544910457916558e-05
2.655079126358032227e+00,2.354958295822143555e+00,2.754722356796264648e+00,9.999922513961791992e-01,1.247154781594872475e-03,-3.745837602764368057e-03,5.538325422094203532e-05
6.367046833038330078e+00,6.072203159332275391e+00,1.766188144683837891e+00,9.999865293502807617e-01,2.569050120655447245e-04,2.426386578008532524e-03,4.595251288264989853e-03
1.247732564806938171e-01,6.354002475738525391e+00,1.237519621849060059e+00,9.999988079071044922e-01,-1.116215717047452927e-03,-3.834635717794299126e-04,1.085105235688388348e-03
4.653559207916259766e+00,1.108064889907836914e+00,6.445617675781250000e+00,9.999997615814208984e-01,-7.404451025649905205e-06,-4.945748951286077499e-04,5.627286736853420734e-04
5.606011867523193359e+00,5.996526718139648438e+00,1.429675102233886719e+00,9.999835491180419922e-01,2.027237089350819588e-03,-2.501955954357981682e-03,-4.744214471429586411e-03
3.883668422698974609e+00,5.783410668373107910e-01,3.588758707046508789e-01,9.999995827674865723e-01,2.011709293583407998e-04,9.049287182278931141e-04,-2.779229544103145599e-04
6.925458908081054688e+00,4.132042884826660156e+00,6.151799201965332031e+00,9.999992251396179199e-01,8.894729544408619404e-04,-1.696850631560664624e-06,9.464054601266980171e-04
4.220891475677490234e+00,6.502107620239257812e+00,2.670652866363525391e+00,9.999995827674865723e-01,-8.102237479761242867e-04,3.133934806101024151e-04,3.719724772963672876e-04
3.349957466125488281e+00,8.981623053550720215e-01,1.635031104087829590e+00,9.999861121177673340e-01,-1.754708122462034225e-03,-2.085906220600008965e-03,-4.529821686446666718e-03
4.815401554107666016e+00,6.162103652954101562e+00,5.145295143127441406e+00,9.999979734420776367e-01,-1.495008007623255253e-03,-1.393025275319814682e-03,-1.841828088799957186e-05
7.076194286346435547e+00,6.645363330841064453e+00,2.273190021514892578e+00,9.999991655349731445e-01,-1.247308682650327682e-03,3.870735235977917910e-05,-5.302099743857979774e-04
9.161510504782199860e-03,3.182285547256469727e+00,7.105959892272949219e+00,9.999938607215881348e-01,-3.480465617030858994e-03,5.154981627129018307e-04,5.275437797536142170e-05
5.333175659179687500e+00,5.258768558502197266e+00,5.089123725891113281e+00,9.998909235000610352e-01,-1.037053391337394714e-02,-4.623510874807834625e-03,-9.448265656828880310e-03
9.633454680442810059e-01,5.120587348937988281e+00,1.529651045799255371e+00,9.999935626983642578e-01,2.794058527797460556e-03,-1.860764576122164726e-03,1.261700293980538845e-03
1.995930314064025879e+00,5.054984092712402344e+00,6.515837669372558594e+00,9.999646544456481934e-01,-8.669648086652159691e-04,8.077331818640232086e-03,2.180854789912700653e-03
2.967011213302612305e+00,1.853524684906005859e+00,5.651312828063964844e+00,9.999954104423522949e-01,-2.132806694135069847e-03,1.950254780240356922e-03,-9.501033928245306015e-04
1.216250538825988770e+00,5.346976220607757568e-02,7.221654891967773438e+00,9.999749660491943359e-01,-6.861336063593626022e-03,9.954024571925401688e-04,1.418455271050333977e-03
2.832258462905883789e+00,3.552896976470947266e-01,7.452188491821289062e+00,1.000000000000000000e+00,2.232299884781241417e-04,-1.587064616614952683e-04,1.198173486045561731e-04
1.085624217987060547e+00,1.576705694198608398e+00,3.300280332565307617e+00,9.999822378158569336e-01,-3.704212373122572899e-03,-4.508986137807369232e-03,-1.220495207235217094e-03
2.894993782043457031e+00,5.911432266235351562e+00,6.552241802215576172e+00,9.999832510948181152e-01,4.771732259541749954e-03,3.017310518771409988e-03,-1.300801988691091537e-03
4.257877349853515625e+00,4.207949161529541016e+00,6.943183422088623047e+00,9.999952912330627441e-01,1.887856749817728996e-03,2.412857720628380775e-03,1.410016702720895410e-04
7.012406587600708008e-01,1.038695931434631348e+00,6.493262767791748047e+00,9.999965429306030273e-01,1.564007136039435863e-03,1.957406057044863701e-03,-8.404196705669164658e-04
5.336135387420654297e+00,3.724997520446777344e+00,5.416345119476318359e+00,9.999956488609313965e-01,-1.224980689585208893e-03,-2.613292075693607330e-03,-6.886000046506524086e-04
4.226179122924804688e+00,9.681072831153869629e-01,6.013936519622802734e+00,9.999886751174926758e-01,4.751092754304409027e-03,-3.722251276485621929e-04,-4.765030462294816971e-05
1.767348289489746094e+00,2.868264019489288330e-01,7.185961723327636719e+00,9.999994635581970215e-01,-7.708995253778994083e-04,1.456112076994031668e-04,-8.043778361752629280e-04
6.084530353546142578e-01,5.671310901641845703e+00,6.244268417358398438e+00,9.999943971633911133e-01,-2.258020918816328049e-03,2.386791864410042763e-03,-6.756993825547397137e-04
4.462655186653137207e-01,3.804144859313964844e+00,6.334939479827880859e+00,9.999967813491821289e-01,-1.484525389969348907e-03,4.478849878069013357e-04,-2.051407704129815102e-03
2.450583457946777344e+00,3.332773208618164062e+00,5.778314471244812012e-01,9.999988675117492676e-01,7.815816788934171200e-04,1.266542472876608372e-03,-3.257053613197058439e-04
6.533584117889404297e+00,6.723274707794189453e+00,1.690039157867431641e+00,9.999954104423522949e-01,-2.921757521107792854e-03,-8.815398905426263809e-04,3.601325443014502525e-05
6.681614875793457031e+00,4.553534030914306641e+00,2.059652090072631836e+00,9.999920725822448730e-01,-1.321340329013764858e-03,-1.416992163285613060e-04,-3.753061406314373016e-03
6.641077041625976562e+00,4.439973831176757812e+00,1.308718442916870117e+00,9.999980926513671875e-01,1.078800414688885212e-03,1.104566035792231560e-03,-1.262531150132417679e-03
4.653096199035644531e+00,3.830693244934082031e+00,3.183106184005737305e+00,9.999256134033203125e-01,7.115218322724103928e-03,-9.904050268232822418e-03,2.061360573861747980e-04
2.559139966964721680e+00,3.264545440673828125e+00,4.984706878662109375e+00,9.999982118606567383e-01,1.428068033419549465e-03,-3.713383048307150602e-04,1.241523423232138157e-03
2.346814393997192383e+00,6.191973209381103516e+00,2.239423274993896484e+00,9.999907016754150391e-01,-3.659161040559411049e-03,-5.435520433820784092e-04,2.244812436401844025e-03
3.280135154724121094e+00,2.888818085193634033e-01,2.021372079849243164e+00,9.999926686286926270e-01,-8.247003424912691116e-04,-2.514494815841317177e-03,2.792551182210445404e-03
5.916732922196388245e-02,3.621026992797851562e+00,5.806975841522216797e+00,9.999505281448364258e-01,-3.917901776731014252e-03,-8.799776434898376465e-03,-2.512265928089618683e-03
3.317438364028930664e+00,6.890209674835205078e+00,5.875272274017333984e+00,9.999999403953552246e-01,-3.790424962062388659e-04,1.892839500214904547e-04,1.786540669854730368e-04
3.017297267913818359e+00,5.480254650115966797e+00,6.323332309722900391e+00,9.999954700469970703e-01,-2.857939107343554497e-03,-2.672985428944230080e-04,-9.528704104013741016e-04
3.545527696609497070e+00,7.674025893211364746e-01,2.959580898284912109e+00,9.999788403511047363e-01,6.089828908443450928e-03,1.873788773082196712e-03,-1.302489778026938438e-03
9.161822795867919922e-01,6.246816158294677734e+00,6.304042339324951172e+00,9.999930858612060547e-01,2.828727709129452705e-03,2.422008197754621506e-03,1.979112421395257115e-04
5.431844234466552734e+00,1.268624067306518555e-01,6.489249706268310547e+00,9.999948143959045410e-01,8.729513501748442650e-04,4.344640183262526989e-04,-3.078092122450470924e-03
5.364126682281494141e+00,4.469693660736083984e+00,1.772734880447387695e+00,9.999293088912963867e-01,-1.156689948402345181e-03,-1.159486547112464905e-02,2.373333787545561790e-03
4.267694950103759766e+00,6.425011754035949707e-01,3.399054527282714844e+00,9.999969005584716797e-01,-4.312344244681298733e-04,2.241744194179773331e-03,1.002580742351710796e-03
5.854530811309814453e+00,1.606485009193420410e+00,1.912499189376831055e+00,9.999958872795104980e-01,1.227798493346199393e-04,9.017465636134147644e-04,-2.738741459324955940e-03
5.923523902893066406e+00,3.296697437763214111e-01,6.546686649322509766e+00,9.999794363975524902e-01,-3.047643927857279778e-03,-1.355006592348217964e-03,5.474563688039779663e-03
1.154327630996704102e+00,2.048680305480957031e+00,6.071478873491287231e-02,9.999875426292419434e-01,1.906037679873406887e-03,3.635622328147292137e-03,-2.839586231857538223e-03
7.127741575241088867e-01,6.279880523681640625e+00,6.618522644042968750e+00,9.998210668563842773e-01,-1.633575186133384705e-02,4.627129528671503067e-03,8.340297266840934753e-03
5.658651828765869141e+00,7.308876514434814453e+00,5.686033964157104492e-01,9.998913407325744629e-01,5.129584576934576035e-03,-9.770057164132595062e-03,9.775955229997634888e-03
4.565334320068359375e+00,2.248415708541870117e+00,7.119331836700439453e+00,9.999997615814208984e-01,1.451626594644039869e-04,-5.749511765316128731e-04,3.713965124916285276e-04
4.539599895477294922e+00,3.795222043991088867e+00,2.333781480789184570e+00,9.999160170555114746e-01,-1.185770798474550247e-02,-2.545570721849799156e-03,-4.561983980238437653e-03
1.242578864097595215e+00,4.927582263946533203e+00,4.862326145172119141e+00,9.999936223030090332e-01,3.404346934985369444e-04,2.934024669229984283e-03,1.999451778829097748e-03
4.748826980590820312e+00,2.890246868133544922e+00,6.133156776428222656e+00,9.999992251396179199e-01,-4.511993029154837132e-04,1.184779917821288109e-03,-8.217144568334333599e-06
7.459369659423828125e+00,6.338613986968994141e+00,4.135700225830078125e+00,9.998998045921325684e-01,7.697662804275751114e-03,4.139909520745277405e-03,-1.113738585263490677e-02
4.437472343444824219e+00,6.280615806579589844e+00,3.785202503204345703e+00,9.999089837074279785e-01,-1.129889488220214844e-02,6.862969137728214264e-03,2.696044743061065674e-03
6.840668678283691406e+00,3.833547353744506836e+00,6.909944117069244385e-02,9.999853372573852539e-01,-2.996952971443533897e-03,-2.180278766900300980e-03,3.961917944252490997e-03
3.314102172851562500e+00,6.598611354827880859e+00,6.115036964416503906e+00,9.999995827674865723e-01,-9.512996766716241837e-04,1.690875360509380698e-04,-3.354160071467049420e-05
7.316815257072448730e-01,5.053930759429931641e+00,6.388581275939941406e+00,9.999497532844543457e-01,4.403181374073028564e-03,2.665371866896748543e-03,-8.602232672274112701e-03
5.019500851631164551e-02,6.846878528594970703e+00,2.988823890686035156e+00,9.998615980148315430e-01,1.801478676497936249e-03,-4.601715598255395889e-03,1.588837429881095886e-02
6.266247272491455078e+00,6.910001277923583984e+00,7.043981552124023438e+00,9.999991059303283691e-01,-1.199192018248140812e-03,3.566305167623795569e-05,5.410501034930348396e-04
2.980213642120361328e+00,6.288393974304199219e+00,7.422841072082519531e+00,9.999526739120483398e-01,5.347058176994323730e-03,8.012689650058746338e-03,-1.362089300528168678e-03
1.277824878692626953e+00,5.923584938049316406e+00,5.852709770202636719e+00,9.997913837432861328e-01,4.176661837846040726e-03,-2.036903752014040947e-03,1.988888718187808990e-02
4.173343658447265625e+00,4.726805686950683594e+00,4.494466304779052734e+00,9.999419450759887695e-01,4.978199489414691925e-03,-8.743042126297950745e-03,-3.883563214913010597e-03
1.988896965980529785e+00,1.329036951065063477e+00,5.421442985534667969e+00,9.998992681503295898e-01,-1.031502615660429001e-02,-8.628600277006626129e-03,4.551479592919349670e-03
6.168423652648925781e+00,6.701711416244506836e-01,1.296106338500976562e+00,9.999691247940063477e-01,5.979411769658327103e-03,4.269403871148824692e-03,2.789546269923448563e-03
5.956202507019042969e+00,4.610364913940429688e+00,3.535173416137695312e+00,9.999530315399169922e-01,-8.349066600203514099e-03,-4.912743810564279556e-03,-5.080022383481264114e-04
6.275267124176025391e+00,5.766100883483886719e+00,6.873637676239013672e+00,9.999986290931701660e-01,-6.861295551061630249e-04,-1.191465998999774456e-03,9.553890558890998363e-04
1.123801112174987793e+00,7.067363262176513672e+00,2.621162176132202148e+00,9.999964237213134766e-01,-1.974415034055709839e-03,6.886653136461973190e-04,-1.705544418655335903e-03
2.527850627899169922e+00,9.023931622505187988e-01,5.368683815002441406e+00,9.995463490486145020e-01,1.860552281141281128e-02,-2.355601452291011810e-02,-2.486995421350002289e-03
7.243708610534667969e+00,2.167910099029541016e+00,5.137214183807373047e+00,9.999663829803466797e-01,-7.624724414199590683e-03,1.870373496785759926e-03,2.357094781473278999e-03
1.204728722572326660e+00,1.812689661979675293e+00,6.236613392829895020e-01,9.999527335166931152e-01,-6.434271926991641521e-04,3.542303806170821190e-03,9.035278111696243286e-03
3.244062900543212891e+00,4.465784430503845215e-01,3.093623161315917969e+00,9.999542236328125000e-01,7.368200924247503281e-03,-5.276545882225036621e-03,-3.090147627517580986e-03
6.909074306488037109e+00,4.019319713115692139e-01,2.519144773483276367e+00,1.000000000000000000e+00,1.165315334219485521e-04,1.407301606377586722e-04,-7.472230936400592327e-05
4.158679485321044922e+00,2.224005460739135742e+00,7.431870460510253906e+00,9.997357726097106934e-01,-2.147429995238780975e-02,-2.005669753998517990e-03,7.952563464641571045e-03
4.189169108867645264e-01,2.223295271396636963e-01,1.811265707015991211e+00,9.999994039535522461e-01,9.915451519191265106e-04,-6.135324947535991669e-04,-1.846016675699502230e-05
2.736092567443847656e+00,5.665467739105224609e+00,3.086997032165527344e+00,1.000000000000000000e+00,2.644659252837300301e-04,5.365761171560734510e-05,1.590475148987025023e-04
1.780438661575317383e+00,2.432207107543945312e+00,3.200338363647460938e+00,9.999464750289916992e-01,-1.844848389737308025e-03,-6.540400441735982895e-03,7.802196312695741653e-03
2.344309329986572266e+00,3.116134881973266602e+00,2.071932077407836914e+00,9.999972581863403320e-01,-9.274596231989562511e-04,-1.710509299300611019e-03,1.300509320572018623e-03
1.356489211320877075e-01,7.294440269470214844e+00,5.676253795623779297e+00,9.999779462814331055e-01,-5.673833191394805908e-03,-2.668666420504450798e-03,-2.208998426795005798e-03
4.338232517242431641e+00,2.421772480010986328e+00,1.959945559501647949e+00,9.999957084655761719e-01,1.653302606428042054e-04,-1.768240821547806263e-03,2.371801529079675674e-03
5.199124813079833984e+00,6.149327754974365234e+00,3.003292322158813477e+00,9.999089837074279785e-01,2.987289801239967346e-03,4.540594294667243958e-03,1.235344726592302322e-02
5.346845626831054688e+00,6.394724369049072266e+00,1.721289634704589844e+00,9.999989867210388184e-01,6.708395085297524929e-04,2.938287216238677502e-04,-1.280865399166941643e-03
3.374214410781860352e+00,6.296884536743164062e+00,2.530418522655963898e-02,9.999760389328002930e-01,-3.327823476865887642e-03,-3.546021878719329834e-03,4.922494757920503616e-03
6.393261432647705078e+00,3.850553512573242188e+00,1.113516211509704590e+00,9.999970793724060059e-01,-4.181671829428523779e-04,-2.248875331133604050e-03,8.664540946483612061e-04
1.462386727333068848e+00,2.877013206481933594e+00,1.403577685356140137e+00,9.999722242355346680e-01,-4.505471442826092243e-04,5.307519342750310898e-03,-5.211804527789354324e-03
6.166560649871826172e+00,9.799095392227172852e-01,6.554009437561035156e+00,9.999968409538269043e-01,5.509582697413861752e-04,2.233447739854454994e-03,1.006204751320183277e-03
4.204425334930419922e+00,7.355923652648925781e+00,2.593135356903076172e+00,9.999979734420776367e-01,-1.963207905646413565e-04,7.928899722173810005e-04,1.848376472480595112e-03
3.879670381546020508e+00,4.231836795806884766e+00,1.936761856079101562e+00,9.999955892562866211e-01,1.226909575052559376e-03,2.019522711634635925e-03,1.827293774113059044e-03
8.598280549049377441e-01,9.079251289367675781e-01,2.642486810684204102e+00,9.999830126762390137e-01,-4.581490531563758850e-03,-1.490295107942074537e-04,3.620327450335025787e-03
1.321151733398437500e+00,1.336667090654373169e-01,5.364564895629882812e+00,9.999898672103881836e-01,1.401299959979951382e-03,-4.194335080683231354e-03,8.912183111533522606e-04
2.803916454315185547e+00,3.580892324447631836e+00,2.318376064300537109e+00,9.999995231628417969e-01,4.275581159163266420e-04,8.401172235608100891e-04,-3.539287135936319828e-04
7.039885044097900391e+00,5.923056125640869141e+00,5.346613407135009766e+00,9.999870657920837402e-01,2.629724331200122833e-03,4.054761957377195358e-03,-1.626811921596527100e-03
4.071576595306396484e+00,3.104326128959655762e-01,7.040212154388427734e+00,9.999995827674865723e-01,6.976564764045178890e-04,4.771435924340039492e-04,-4.206874582450836897e-04
6.776485443115234375e-01,3.448692083358764648e+00,6.897686958312988281e+00,1.000000000000000000e+00,2.342064981348812580e-04,1.145843925769440830e-04,3.355145745445042849e-04
6.617574691772460938e+00,5.930891990661621094e+00,6.759124279022216797e+00,9.999991655349731445e-01,-1.162210130132734776e-03,1.619261020096018910e-04,6.633843295276165009e-04
4.459568977355957031e+00,1.435213208198547363e+00,3.237726449966430664e+00,9.999863505363464355e-01,2.318886108696460724e-03,-4.275124054402112961e-03,-1.893555629067122936e-03
7.425219058990478516e+00,2.639872074127197266e+00,2.581590175628662109e+00,9.999933242797851562e-01,1.030014245770871639e-03,2.562187379226088524e-03,-2.383109880611300468e-03
6.470215797424316406e+00,1.137248039245605469e+00,2.075626134872436523e+00,9.999978542327880859e-01,1.644620089791715145e-03,1.260518096387386322e-03,2.514352381695061922e-04
3.036123275756835938e+00,7.256146907806396484e+00,1.223702788352966309e+00,9.999996423721313477e-01,-2.520145790185779333e-04,-7.999367662705481052e-04,1.113385296775959432e-04
5.770845413208007812e+00,3.259784698486328125e+00,1.125913262367248535e+00,9.999987483024597168e-01,-1.267183921299874783e-03,3.741680411621928215e-04,-9.485254995524883270e-04
3.688365697860717773e+00,5.977083683013916016e+00,3.514015197753906250e+00,9.999948740005493164e-01,-4.724610334960743785e-05,-3.176578553393483162e-03,-5.545988678932189941e-04
6.063654899597167969e+00,3.364994287490844727e+00,1.840194106101989746e+00,9.999220967292785645e-01,8.938428945839405060e-04,-1.235471386462450027e-02,1.540831057354807854e-03
3.435532331466674805e+00,3.004900932312011719e+00,2.891430616378784180e+00,9.999567270278930664e-01,5.666263867169618607e-03,5.966255906969308853e-03,4.339749459177255630e-03
4.065116882324218750e+00,3.506158351898193359e+00,7.456690073013305664e-01,9.999113678932189941e-01,-1.289443206042051315e-02,2.308252267539501190e-03,2.385273110121488571e-03
2.393336534500122070e+00,4.449255943298339844e+00,4.409973144531250000e+00,9.999698996543884277e-01,-2.758156973868608475e-03,6.902585271745920181e-03,-2.233884995803236961e-03
4.324450016021728516e+00,7.766116857528686523e-01,6.380499005317687988e-01,9.999963045120239258e-01,5.828014109283685684e-04,-2.598064253106713295e-03,5.735158338211476803e-04
5.833525657653808594e+00,6.310238361358642578e+00,6.022732734680175781e+00,9.999966025352478027e-01,4.565412236843258142e-04,2.586659044027328491e-03,5.871920075151138008e-05
1.101031422615051270e+00,7.231164455413818359e+00,2.052563428878784180e+00,9.999746680259704590e-01,-4.643847700208425522e-03,4.099849145859479904e-03,3.527346532791852951e-03
4.332111358642578125e+00,3.807454586029052734e+00,6.803916931152343750e+00,9.999511241912841797e-01,-2.936756936833262444e-05,-5.509004113264381886e-04,-9.875697083771228790e-03
1.079001903533935547e+00,3.786843270063400269e-02,7.218701243400573730e-01,9.999974966049194336e-01,-1.647674245759844780e-03,1.435791724361479282e-03,-5.918459501117467880e-04
3.623764961957931519e-02,3.272802829742431641e+00,6.738220214843750000e+00,9.999945759773254395e-01,-1.873359316959977150e-03,2.450047526508569717e-03,1.137765706516802311e-03
4.175513267517089844e+00,2.458926677703857422e+00,3.312120914459228516e+00,9.999979734420776367e-01,-1.205187989398837090e-03,1.606760430149734020e-03,4.572637844830751419e-04
7.323922157287597656e+00,2.352019548416137695e+00,5.426573753356933594e+00,9.998765587806701660e-01,-3.520452417433261871e-03,1.527978107333183289e-02,-1.017583534121513367e-03
3.042430639266967773e+00,2.681416571140289307e-01,6.452434539794921875e+00,9.999843239784240723e-01,-1.987619558349251747e-03,-1.450791722163558006e-03,5.036042537540197372e-03
2.714550971984863281e+00,5.496534347534179688e+00,1.737812280654907227e+00,9.999978542327880859e-01,-8.568306802771985531e-04,1.370967947877943516e-03,1.350200851447880268e-03
6.309360504150390625e+00,5.068663954734802246e-01,8.272882699966430664e-01,9.999698400497436523e-01,-5.198611179366707802e-04,-6.571071222424507141e-03,-4.111865069717168808e-03
3.615232944488525391e+00,1.636115550994873047e+00,5.047666072845458984e+00,9.999958276748657227e-01,1.921631279401481152e-03,2.135666552931070328e-03,7.797844591550529003e-05
3.515379190444946289e+00,1.556784749031066895e+00,3.503733873367309570e+00,9.999986886978149414e-01,-9.463742608204483986e-04,-7.444166112691164017e-04,-1.133748097345232964e-03
5.366676330566406250e+00,6.168355345726013184e-01,1.055080890655517578e+00,9.999978542327880859e-01,9.869859059108421206e-05,-2.650179958436638117e-04,2.097157062962651253e-03
4.238312244415283203e+00,3.041699409484863281e+00,1.115568876266479492e+00,9.999960064888000488e-01,1.063364208675920963e-03,6.765070720575749874e-04,2.514935098588466644e-03
3.221730709075927734e+00,1.408936142921447754e+00,6.240175247192382812e+00,9.999992251396179199e-01,1.736588892526924610e-04,9.371188352815806866e-04,-7.827943190932273865e-04
5.338160514831542969e+00,4.050844013690948486e-01,7.839305400848388672e-01,9.999983310699462891e-01,-9.994208812713623047e-04,-4.170694155618548393e-04,1.503801438957452774e-03
1.266645938158035278e-01,2.817264318466186523e+00,4.567097187042236328e+00,9.999993443489074707e-01,1.117335399612784386e-03,3.118532476946711540e-04,1.139661835622973740e-04
2.900576353073120117e+00,3.793491601943969727e+00,3.808727741241455078e+00,9.999951124191284180e-01,-2.317147795110940933e-03,-6.690590817015618086e-05,-2.127406420186161995e-03
5.078362941741943359e+00,1.726224124431610107e-01,2.677121400833129883e+00,9.999907612800598145e-01,1.693780533969402313e-03,-2.045586938038468361e-03,3.393032820895314217e-03
3.971524000167846680e+00,7.012354373931884766e+00,3.069562673568725586e+00,9.999967813491821289e-01,2.360235899686813354e-03,9.370746556669473648e-04,-4.541259841062128544e-05
1.692954659461975098e+00,3.979800701141357422e+00,3.032529115676879883e+00,9.999750852584838867e-01,-5.070128943771123886e-03,-4.846896976232528687e-03,8.256077417172491550e-04
6.211147785186767578e+00,6.658891201019287109e+00,5.452473640441894531e+00,9.999992251396179199e-01,5.335596506483852863e-04,1.089377677999436855e-03,3.852288646157830954e-04
4.273895621299743652e-01,6.684291362762451172e+00,7.990723848342895508e-01,9.999166727066040039e-01,5.666735116392374039e-03,5.656656343489885330e-03,-1.012623310089111328e-02
2.943227291107177734e+00,3.129133939743041992e+00,7.582568526268005371e-01,9.998788237571716309e-01,8.784243836998939514e-03,-1.142124459147453308e-02,-5.898610688745975494e-03
5.254652976989746094e+00,4.131013393402099609e+00,3.359915733337402344e+00,9.999694228172302246e-01,2.653700998052954674e-03,-4.551725462079048157e-03,5.788367707282304764e-03
3.123938083648681641e+00,5.001963615417480469e+00,7.474177360534667969e+00,9.999986886978149414e-01,-1.154638128355145454e-03,-8.406577981077134609e-04,8.430552552454173565e-04
2.250548839569091797e+00,5.565931797027587891e+00,4.489767074584960938e+00,9.999923706054687500e-01,2.022482454776763916e-03,2.476092893630266190e-03,-2.235945314168930054e-03
4.147168636322021484e+00,1.426228880882263184e+00,6.496998310089111328e+00,9.999956488609313965e-01,1.349777565337717533e-03,-2.555818296968936920e-03,5.508710746653378010e-04
1.210172057151794434e+00,4.660300254821777344e+00,1.289313435554504395e+00,9.999979138374328613e-01,6.181489443406462669e-04,1.937624416314065456e-03,3.416201798245310783e-04
3.703894376754760742e+00,5.966284751892089844e+00,7.442231655120849609e+00,9.999496936798095703e-01,8.750474080443382263e-03,4.132256377488374710e-03,-2.640891121700406075e-03
3.911878108978271484e+00,3.518554925918579102e+00,4.995285511016845703e+00,9.999997019767761230e-01,3.971485130023211241e-04,-1.632203930057585239e-04,-7.428691023960709572e-04
1.455011963844299316e+00,6.539165496826171875e+00,6.703863143920898438e+00,9.999718666076660156e-01,-6.929454393684864044e-03,2.882473170757293701e-03,-2.253969141747802496e-04
4.053689002990722656e+00,4.027730941772460938e+00,2.117669343948364258e+00,9.999963045120239258e-01,6.206675898283720016e-04,1.542623154819011688e-03,2.152723958715796471e-03
7.035235404968261719e+00,6.778157234191894531e+00,3.274339675903320312e+00,9.999971389770507812e-01,-1.407418865710496902e-03,-2.781451330520212650e-04,-1.919126836583018303e-03
5.188490390777587891e+00,3.896633148193359375e+00,4.441680431365966797e+00,9.999639391899108887e-01,1.330001628957688808e-03,-7.327490951865911484e-03,4.081154707819223404e-03
6.824606418609619141e+00,2.639369249343872070e+00,6.132629871368408203e+00,9.999949932098388672e-01,-2.058760495856404305e-03,2.028522547334432602e-03,-1.303677214309573174e-03
7.409242153167724609e+00,6.175988197326660156e+00,2.635051965713500977e+00,9.999973177909851074e-01,1.211949158459901810e-03,-6.687568966299295425e-04,1.852604211308062077e-03
5.636683464050292969e+00,1.810659170150756836e+00,6.143714427947998047e+00,9.998610019683837891e-01,-4.313823301345109940e-03,-7.600094657391309738e-03,1.420186646282672882e-02
3.417979478836059570e+00,4.633417129516601562e+00,9.764756560325622559e-01,9.999963641166687012e-01,-1.010264386422932148e-03,-2.720818338275421411e-05,-2.534873085096478462e-03
3.066138029098510742e+00,3.869067668914794922e+00,3.887523114681243896e-01,9.998163580894470215e-01,-5.623505450785160065e-03,3.340657800436019897e-03,1.801376603543758392e-02
5.213083744049072266e+00,3.285152912139892578e+00,8.866804242134094238e-01,9.999995231628417969e-01,9.617914329282939434e-04,-1.761147286742925644e-04,-1.158164232037961483e-04
7.232034206390380859e+00,6.253981113433837891e+00,1.991636514663696289e+00,9.999821186065673828e-01,-2.151108812540769577e-03,-4.130644723773002625e-03,-3.753515193238854408e-03
5.344585418701171875e+00,4.795293807983398438e+00,1.286010146141052246e+00,9.999946355819702148e-01,2.828581957146525383e-03,4.504390526562929153e-04,1.649990561418235302e-03
7.310797214508056641e+00,3.415955305099487305e+00,1.700368285179138184e+00,9.999435544013977051e-01,9.812437929213047028e-03,1.095713931135833263e-03,-3.935296088457107544e-03
4.395433425903320312e+00,5.798191070556640625e+00,4.328491210937500000e+00,9.999992251396179199e-01,3.772813652176409960e-04,6.522280746139585972e-04,1.030873507261276245e-03
2.445951461791992188e+00,3.430636882781982422e+00,6.400162220001220703e+00,9.999977946281433105e-01,1.626121229492127895e-03,-6.851071375422179699e-04,-1.181535655632615089e-03
2.777961492538452148e+00,6.866632938385009766e+00,1.730202913284301758e+00,9.999980330467224121e-01,9.869737550616264343e-04,6.290522287599742413e-04,-1.618714537471532822e-03
1.208021283149719238e+00,4.330083847045898438e+00,8.421458005905151367e-01,9.999986290931701660e-01,-8.359089842997491360e-04,-3.287252620793879032e-04,-1.427229144610464573e-03
5.069634914398193359e+00,2.246101856231689453e+00,5.527698993682861328e-01,9.999791979789733887e-01,4.467370919883251190e-03,-4.364264197647571564e-03,1.656853244639933109e-03
4.158051013946533203e+00,5.168913602828979492e-01,2.948598623275756836e+00,9.999986290931701660e-01,8.332536090165376663e-04,-9.154288563877344131e-04,-1.156038604676723480e-03
5.502169609069824219e+00,1.520968079566955566e+00,6.089733123779296875e+00,9.998296499252319336e-01,1.330237183719873428e-02,7.153941318392753601e-03,1.061612274497747421e-02
3.637229919433593750e+00,3.053868293762207031e+00,2.048851728439331055e+00,9.999988079071044922e-01,1.477932324633002281e-03,2.517894026823341846e-04,-5.040992400608956814e-04
2.465168476104736328e+00,6.005696296691894531e+00,6.363332748413085938e+00,9.999984502792358398e-01,-2.250137367809657007e-05,1.732105505652725697e-03,-4.261713766027241945e-04
4.447171688079833984e+00,3.149500846862792969e+00,6.283115863800048828e+00,9.999802708625793457e-01,2.997112926095724106e-03,4.260283312760293484e-04,-5.499242339283227921e-03
6.411981582641601562e+00,7.120253086090087891e+00,4.743069648742675781e+00,9.999642968177795410e-01,-6.027209456078708172e-04,-8.093520067632198334e-03,-2.374549396336078644e-03
1.456702649593353271e-01,1.163273215293884277e+00,7.296014785766601562e+00,9.999961853027343750e-01,-1.229677582159638405e-05,-2.636714372783899307e-03,8.984974701888859272e-04
5.208300113677978516e+00,3.818445920944213867e+00,2.919326782226562500e+00,9.999983906745910645e-01,1.754244207404553890e-03,-2.052099735010415316e-04,-3.998377942480146885e-04
1.236806035041809082e+00,2.684611558914184570e+00,3.967675685882568359e+00,9.999997019767761230e-01,5.884197889827191830e-04,2.087963221129029989e-04,-5.042064585722982883e-04
4.670381069183349609e+00,3.350549697875976562e+00,4.465985298156738281e-01,9.999210834503173828e-01,3.506641369313001633e-03,-7.315708789974451065e-03,9.590373374521732330e-03
4.220663547515869141e+00,1.180666446685791016e+00,3.021692037582397461e+00,9.999400973320007324e-01,-2.055504359304904938e-03,-1.544364029541611671e-03,-1.064621098339557648e-02
1.337107181549072266e+00,3.586636543273925781e+00,2.054098606109619141e+00,9.999985098838806152e-01,1.621803501620888710e-03,6.385942106135189533e-04,-1.978635700652375817e-04
6.085084438323974609e+00,1.315484642982482910e-01,1.352805852890014648e+00,9.999943971633911133e-01,-1.838696072809398174e-03,-2.797752153128385544e-03,1.908363483380526304e-04
2.918247461318969727e+00,6.555577754974365234e+00,4.653349876403808594e+00,9.999859333038330078e-01,-4.328829701989889145e-03,2.121406141668558121e-03,2.197164343670010567e-03
4.362588405609130859e+00,2.775165319442749023e+00,5.943422794342041016e+00,9.999995827674865723e-01,-1.844323851400986314e-04,-9.886412881314754486e-04,1.109766308218240738e-04
2.676530361175537109e+00,4.534118652343750000e+00,3.365468978881835938e-01,9.999820590019226074e-01,-3.736833576112985611e-03,4.235478118062019348e-03,1.982196699827909470e-03
3.105252981185913086e+00,2.822019577026367188e+00,2.186602830886840820e+00,9.999971985816955566e-01,1.985231356229633093e-04,2.357786986976861954e-03,-1.772715477272868156e-04
3.540127038955688477e+00,7.353487491607666016e+00,7.091495513916015625e+00,9.999980926513671875e-01,5.158560234121978283e-04,-1.243278849869966507e-03,1.475056400522589684e-03
6.307004451751708984e+00,4.471390724182128906e+00,4.098843574523925781e+00,9.999984502792358398e-01,-1.147277536801993847e-03,-1.041493844240903854e-03,-8.890521712601184845e-04
5.819557666778564453e+00,2.831945657730102539e+00,1.625849753618240356e-01,9.999971985816955566e-01,9.614921873435378075e-04,1.465215929783880711e-03,-1.642353250645101070e-03
3.555286884307861328e+00,1.666059374809265137e+00,2.604906558990478516e+00,9.999684095382690430e-01,3.409322351217269897e-03,-5.790216848254203796e-03,4.252735991030931473e-03
3.969323039054870605e-01,4.615259170532226562e+00,7.058477878570556641e+00,9.999981522560119629e-01,1.002005228656344116e-04,1.548892003484070301e-03,-1.150895142927765846e-03
4.196863651275634766e+00,7.289592027664184570e-01,2.112231850624084473e-01,9.999997019767761230e-01,-5.552904913201928139e-04,1.060999420587904751e-04,-6.767655140720307827e-04
6.944431066513061523e-01,7.379257202148437500e+00,6.381334781646728516e+00,9.998626708984375000e-01,1.500778365880250931e-02,-3.018377581611275673e-03,-6.353598553687334061e-03
3.024117469787597656e+00,4.805753707885742188e+00,6.242043495178222656e+00,9.999879002571105957e-01,-1.807999564334750175e-03,-2.057134406641125679e-03,-4.098189529031515121e-03
4.716873168945312500e+00,3.639443397521972656e+00,3.054019510746002197e-01,9.999971985816955566e-01,1.173294876934960485e-04,-1.862844685092568398e-03,1.463609281927347183e-03
5.083251476287841797e+00,4.947215080261230469e+00,7.001912593841552734e+00,9.999964833259582520e-01,1.419569482095539570e-03,1.165954512543976307e-03,1.947988290339708328e-03
2.002901315689086914e+00,6.420853614807128906e+00,4.368508338928222656e+00,9.999732375144958496e-01,6.109382957220077515e-03,2.462916541844606400e-03,3.172922180965542793e-03
5.607105731964111328e+00,6.689293384552001953e+00,4.889940261840820312e+00,9.999778270721435547e-01,-2.458175178617238998e-03,5.854687187820672989e-03,2.000502310693264008e-03
3.806338548660278320e+00,5.957638263702392578e+00,1.705348730087280273e+00,9.999873042106628418e-01,-4.708151798695325851e-03,1.421199645847082138e-03,-1.152912736870348454e-03
9.741475582122802734e-01,3.903681039810180664e+00,3.585183382034301758e+00,9.999888539314270020e-01,-1.553990528918802738e-03,2.805739408358931541e-03,-3.476681886240839958e-03
2.106655597686767578e+00,6.506733894348144531e+00,7.222594738006591797e+00,9.999995827674865723e-01,-6.225370452739298344e-04,2.813720493577420712e-04,6.909062503837049007e-04
5.871686458587646484e+00,5.588532924652099609e+00,3.043600797653198242e+00,9.999989867210388184e-01,-7.807825459167361259e-04,-2.307527756784111261e-04,1.140233594924211502e-03
4.684583187103271484e+00,2.801700592041015625e+00,5.023719787597656250e+00,9.999784231185913086e-01,-4.016727209091186523e-03,1.970596611499786377e-03,-4.813360981643199921e-03
4.233397483825683594e+00,5.222744464874267578e+00,1.430250853300094604e-01,9.999934434890747070e-01,6.053465185686945915e-04,-2.813144121319055557e-03,2.190642524510622025e-03
6.261920928955078125e+00,2.088904142379760742e+00,4.720536708831787109e+00,9.999795556068420410e-01,2.022239379584789276e-03,1.529346918687224388e-03,5.886340513825416565e-03
4.862697124481201172e+00,5.521516323089599609e+00,3.278233766555786133e+00,9.999992251396179199e-01,5.398078938014805317e-04,-3.254481125622987747e-04,-1.138734281994402409e-03
2.986324787139892578e+00,7.063414573669433594e+00,4.607963562011718750e+00,1.000000000000000000e+00,-4.180707037448883057e-05,2.049278555205091834e-04,-1.096570631489157677e-04
2.062674522399902344e+00,1.629014134407043457e+00,2.925473928451538086e+00,9.999889135360717773e-01,8.195076952688395977e-04,-4.489314276725053787e-03,1.163003966212272644e-03
5.992832183837890625e+00,5.997146606445312500e+00,3.098523855209350586e+00,9.999993443489074707e-01,-8.339425548911094666e-04,1.585957361385226250e-04,8.896876242943108082e-04
4.060804367065429688e+00,4.884486198425292969e+00,9.190527796745300293e-01,9.999978542327880859e-01,-1.781414495781064034e-03,7.227216265164315701e-04,8.456910145469009876e-04
1.031288951635360718e-01,1.644518613815307617e+00,6.972600460052490234e+00,9.999943375587463379e-01,1.440784893929958344e-03,-2.216985682025551796e-03,2.104857005178928375e-03
5.036375999450683594e+00,7.280973792076110840e-01,6.061044692993164062e+00,9.999993443489074707e-01,-6.081557949073612690e-04,7.221736595965921879e-04,7.046675309538841248e-04
2.005227565765380859e+00,1.299326866865158081e-01,5.960699915885925293e-01,9.999982118606567383e-01,-2.102203434333205223e-04,1.618826994672417641e-03,-9.984554490074515343e-04
7.214397907257080078e+00,4.003828048706054688e+00,1.562184810638427734e+00,9.999915361404418945e-01,-3.716191742569208145e-03,8.132057264447212219e-04,1.623104442842304707e-03
2.248307704925537109e+00,1.443400382995605469e+00,3.167462825775146484e+00,9.999909400939941406e-01,2.159592695534229279e-03,-2.782941097393631935e-03,2.405003411695361137e-03
5.198565483093261719e+00,5.598796844482421875e+00,4.026657581329345703e+00,9.999348521232604980e-01,-6.542729679495096207e-03,-3.492733463644981384e-03,-8.677111938595771790e-03
6.760612010955810547e+00,8.489673733711242676e-01,3.491358518600463867e+00,9.999966025352478027e-01,-8.501191623508930206e-04,2.109354361891746521e-03,1.270005246624350548e-03
5.789156913757324219e+00,1.890558600425720215e+00,1.292790532112121582e+00,9.999920129776000977e-01,-1.346177887171506882e-03,2.333740238100290298e-03,-2.977386349812150002e-03
1.270416378974914551e+00,2.949609279632568359e+00,2.381462790071964264e-02,9.999728798866271973e-01,-9.433962986804544926e-04,3.707206808030605316e-03,-6.290735676884651184e-03
5.318782806396484375e+00,4.667414665222167969e+00,3.563207626342773438e+00,9.999865293502807617e-01,1.453631790354847908e-03,-1.501812832430005074e-03,4.747503437101840973e-03
7.375681877136230469e+00,3.078704595565795898e+00,1.647186517715454102e+00,9.999998211860656738e-01,2.381064696237444878e-04,6.039192667230963707e-04,-2.291523560415953398e-04
7.127069950103759766e+00,7.327364683151245117e-01,6.238887310028076172e+00,9.999910593032836914e-01,2.296241233125329018e-03,2.270429627969861031e-03,2.752657048404216766e-03
2.608725070953369141e+00,5.482995510101318359e+00,1.145300269126892090e+00,9.999923706054687500e-01,3.735966049134731293e-03,-1.133386860601603985e-03,-2.039827086264267564e-04
4.781057834625244141e+00,1.772948503494262695e+00,4.494684338569641113e-01,9.999970793724060059e-01,-1.235287520103156567e-03,-6.122918566688895226e-04,2.009164076298475266e-03
2.229272603988647461e+00,1.927919387817382812e+00,1.871065378189086914e+00,9.998177886009216309e-01,-1.241898629814386368e-02,7.856352254748344421e-03,-1.218842994421720505e-02
2.850646495819091797e+00,4.141392230987548828e+00,5.904263019561767578e+00,9.999917745590209961e-01,-3.838337725028395653e-03,7.445767405442893505e-04,1.152473618276417255e-03
5.596363544464111328e+00,5.708981990814208984e+00,6.678967952728271484e+00,9.999869465827941895e-01,1.734860124997794628e-03,-2.632512012496590614e-03,4.029560368508100510e-03
2.861729383468627930e+00,5.590636253356933594e+00,5.709786415100097656e+00,9.999842643737792969e-01,-4.331044328864663839e-04,2.801887691020965576e-03,4.840644076466560364e-03
7.034822463989257812e+00,4.554370880126953125e+00,4.048937261104583740e-01,9.999786019325256348e-01,7.947741542011499405e-04,1.706671551801264286e-03,-6.276050582528114319e-03
5.124320983886718750e+00,2.007545471191406250e+00,1.256543159484863281e+00,9.998898506164550781e-01,1.306605874560773373e-03,4.769808147102594376e-03,1.399427931755781174e-02
3.490888118743896484e+00,3.781704604625701904e-01,5.591632366180419922e+00,9.999940991401672363e-01,-2.012763870880007744e-03,-1.903545809909701347e-03,-2.024709712713956833e-03
6.534565448760986328e+00,1.200003385543823242e+00,2.600347995758056641e+00,9.999995231628417969e-01,8.624343900009989738e-04,-5.548726185224950314e-04,-1.006215461529791355e-04
2.803187847137451172e+00,5.087369918823242188e+00,1.577454328536987305e+00,9.999861121177673340e-01,-5.147651769220829010e-03,-1.115109072998166084e-03,-2.374145697103813291e-04
1.451762557029724121e+00,4.881872653961181641e+00,2.759428262710571289e+00,9.999762177467346191e-01,-2.013945253565907478e-03,-2.262908965349197388e-03,6.202362943440675735e-03
3.342586278915405273e+00,5.064026355743408203e+00,6.202079296112060547e+00,9.999991059303283691e-01,1.328298705630004406e-03,2.239084133179858327e-04,2.499786787666380405e-04
5.111990928649902344e+00,3.303699254989624023e+00,1.350946426391601562e+00,9.998984932899475098e-01,-7.502249907702207565e-03,1.169475447386503220e-02,3.164829686284065247e-03
4.011960983276367188e+00,2.505992949008941650e-01,7.409998893737792969e+00,9.999969005584716797e-01,-6.986563093960285187e-04,2.233790233731269836e-03,8.752843132242560387e-04
1.723078966140747070e+00,6.999338150024414062e+00,7.441348552703857422e+00,9.999998807907104492e-01,3.273421607445925474e-04,1.894199813250452280e-04,4.544988332781940699e-04
6.944399833679199219e+00,1.847138166427612305e+00,7.262153625488281250e+00,9.999984502792358398e-01,8.274333085864782333e-04,9.991026017814874649e-04,-1.223856699652969837e-03
6.856137752532958984e+00,9.649070501327514648e-01,3.094090938568115234e+00,1.000000000000000000e+00,-8.497461385559290648e-05,-2.530285928514786065e-05,-6.333003693725913763e-05
7.841607332229614258e-01,4.134778678417205811e-01,9.283007979393005371e-01,9.999997019767761230e-01,-6.835236563347280025e-04,3.803300787694752216e-04,1.437254541087895632e-04
5.762515068054199219e+00,4.639198631048202515e-02,8.761935830116271973e-01,9.999925494194030762e-01,1.804451894713565707e-04,-1.985980430617928505e-03,3.327862592414021492e-03
1.941599249839782715e+00,1.898057579994201660e+00,6.565851211547851562e+00,9.999321103096008301e-01,-1.059672795236110687e-02,-3.805802669376134872e-03,-3.022492630407214165e-03
9.898698925971984863e-01,1.191208243370056152e+00,3.098689556121826172e+00,9.999311566352844238e-01,6.170523352921009064e-03,-9.415625594556331635e-03,3.312060609459877014e-03
2.496877193450927734e+00,5.878948211669921875e+00,1.912538886070251465e+00,9.999681711196899414e-01,-5.283173173666000366e-03,-3.253319300711154938e-03,5.021915771067142487e-03
1.723372220993041992e+00,4.286732673645019531e+00,6.479554653167724609e+00,9.999947547912597656e-01,-1.984307309612631798e-03,1.552948146127164364e-03,2.062060404568910599e-03
6.641448020935058594e+00,2.572923660278320312e+00,4.747732639312744141e+00,9.998518824577331543e-01,-1.109692454338073730e-02,-1.157067622989416122e-02,-6.270871497690677643e-03
4.495604634284973145e-01,3.454682350158691406e+00,5.680366516113281250e+00,9.999980926513671875e-01,-6.771692424081265926e-04,-1.098609645850956440e-03,-1.524885767139494419e-03
5.068680763244628906e+00,3.497159957885742188e+00,6.995387077331542969e+00,9.999985694885253906e-01,-1.327636069618165493e-03,-5.481856642290949821e-04,-9.620694327168166637e-04
2.151806831359863281e+00,6.818638324737548828e+00,5.964304924011230469e+00,9.999983906745910645e-01,1.375527703203260899e-03,1.208860543556511402e-03,-3.386512253200635314e-05
7.302695751190185547e+00,2.155649662017822266e+00,3.687815666198730469e+00,9.999970793724060059e-01,-8.906665025278925896e-04,1.938035944476723671e-03,1.169175142422318459e-03
2.474621534347534180e+00,2.473267793655395508e+00,6.907471179962158203e+00,9.999679327011108398e-01,2.836007624864578247e-03,5.749679636210203171e-03,4.815466701984405518e-03
3.398373425006866455e-01,4.012473106384277344e+00,2.146327495574951172e+00,9.998852610588073730e-01,-5.944942124187946320e-03,-8.250463753938674927e-03,-1.122893020510673523e-02
1.040714859962463379e+00,2.618634939193725586e+00,1.078433156013488770e+00,9.999947547912597656e-01,2.175725821871310472e-04,-1.103857182897627354e-03,-3.055265406146645546e-03
5.498295783996582031e+00,3.550261259078979492e+00,3.061632394790649414e+00,9.999333024024963379e-01,9.826142340898513794e-03,5.775550846010446548e-03,-1.861042692326009274e-03
1.220139339566230774e-01,5.278921604156494141e+00,1.627879440784454346e-01,9.999995231628417969e-01,-2.405961131444200873e-04,-4.721835721284151077e-04,8.803368546068668365e-04
1.911959983408451080e-02,5.261206626892089844e+00,5.805991649627685547e+00,9.999822378158569336e-01,-3.291447879746556282e-03,1.095824409276247025e-03,-4.861722234636545181e-03
4.411776542663574219e+00,4.183246612548828125e+00,3.697396039962768555e+00,9.999971985816955566e-01,-6.530747050419449806e-04,-8.829336729831993580e-05,-2.295880578458309174e-03
1.054072007536888123e-01,3.385766506195068359e+00,3.949930191040039062e+00,9.999990463256835938e-01,5.373733001761138439e-04,-1.093465019948780537e-03,7.354853441938757896e-04
2.148997545242309570e+00,4.241041183471679688e+00,4.397479534149169922e+00,9.999770522117614746e-01,-3.485308494418859482e-03,5.282811354845762253e-03,-2.433831570670008659e-03
9.233288466930389404e-02,5.505557537078857422e+00,4.313185214996337891e+00,9.999985694885253906e-01,8.198242867365479469e-04,1.497208024375140667e-03,-3.866256156470626593e-05
1.149427056312561035e+00,1.407054901123046875e+00,2.294721454381942749e-01,9.998587965965270996e-01,-1.393978483974933624e-02,8.905438706278800964e-03,-2.957340562716126442e-03
5.959655284881591797e+00,4.821712017059326172e+00,2.939747810363769531e+00,9.999991059303283691e-01,8.538638358004391193e-04,7.117089116945862770e-04,-8.630446973256766796e-04
1.699143290519714355e+00,3.755566358566284180e+00,5.858239650726318359e+00,9.999964833259582520e-01,-1.404655398800969124e-03,-8.271123515442013741e-04,2.098827157169580460e-03
3.794034719467163086e+00,5.258552074432373047e+00,2.340054512023925781e+00,9.999952912330627441e-01,1.774640404619276524e-03,2.443086821585893631e-03,-6.894088000990450382e-04
7.049108028411865234e+00,6.263332843780517578e+00,3.854434013366699219e+00,9.999979734420776367e-01,2.710020053200423717e-04,-1.278562587685883045e-03,1.578392926603555679e-03
5.617625236511230469e+00,1.351005911827087402e+00,1.491525620222091675e-01,9.999995827674865723e-01,-4.536125052254647017e-04,-1.314064866164699197e-04,-8.756234310567378998e-04
1.253306865692138672e+00,1.381147384643554688e+00,5.190170764923095703e+00,9.999998807907104492e-01,3.522043407429009676e-04,2.860588137991726398e-04,-2.671247057151049376e-04
2.682509720325469971e-01,3.437775611877441406e+00,2.948975801467895508e+00,9.999846220016479492e-01,-3.608539933338761330e-03,4.111560992896556854e-03,9.159588953480124474e-04
7.281382560729980469e+00,7.067860603332519531e+00,3.691978693008422852e+00,9.999989867210388184e-01,-1.108873169869184494e-03,3.044358527404256165e-05,9.472357924096286297e-04
2.419970035552978516e+00,3.002544641494750977e+00,2.772326707839965820e+00,9.999994635581970215e-01,1.285605103475973010e-04,2.707538369577378035e-04,-1.029690261930227280e-03
3.842642307281494141e+00,6.694615364074707031e+00,1.989878177642822266e+00,9.999951720237731934e-01,-2.233472187072038651e-03,1.371216843836009502e-03,-1.653832034207880497e-03
7.034697055816650391e+00,3.942824840545654297e+00,3.788313150405883789e+00,9.999746680259704590e-01,3.648345591500401497e-03,-3.239503595978021622e-03,-5.188891198486089706e-03
4.709477901458740234e+00,3.028059303760528564e-01,5.236151695251464844e+00,9.999998211860656738e-01,-2.245304785901680589e-04,-4.620354447979480028e-04,3.665527328848838806e-04
3.575426340103149414e-01,5.678671360015869141e+00,1.415265798568725586e-01,9.999994635581970215e-01,-9.740581153891980648e-04,3.606783284340053797e-04,-2.662274637259542942e-04
5.241728305816650391e+00,2.499932289123535156e+00,6.579263210296630859e-01,9.999397993087768555e-01,-9.236744605004787445e-03,-7.335800910368561745e-04,-5.881471093744039536e-03
3.507223606109619141e+00,5.159193515777587891e+00,2.029967308044433594e+00,9.999957680702209473e-01,1.530210138298571110e-03,-1.510223490186035633e-03,1.985406968742609024e-03
6.015471935272216797e+00,4.697067260742187500e+00,6.112647652626037598e-01,9.999625682830810547e-01,2.048029797151684761e-03,-8.142164908349514008e-03,2.106722677126526833e-03
3.792465686798095703e+00,5.576902627944946289e-01,1.208783268928527832e+00,9.999994039535522461e-01,-4.857829480897635221e-04,9.234859026037156582e-04,-4.541971720755100250e-04
4.327605724334716797e+00,4.049218177795410156e+00,1.853581547737121582e+00,9.999992847442626953e-01,5.931417690590023994e-04,1.002318109385669231e-03,3.425179165787994862e-04
1.954291462898254395e+00,4.771863460540771484e+00,5.680798888206481934e-01,9.999670386314392090e-01,-8.011307567358016968e-03,-1.337553956545889378e-03,-1.437770843040198088e-04
6.080389022827148438e+00,7.481865882873535156e+00,4.394635200500488281e+00,9.999624490737915039e-01,-5.662221461534500122e-03,-6.280780769884586334e-03,1.901941024698317051e-03
5.594953536987304688e+00,3.658080339431762695e+00,2.486121952533721924e-01,9.999847412109375000e-01,1.545848557725548744e-03,-4.943188745528459549e-03,1.940827467478811741e-03
2.740283489227294922e+00,2.320545911788940430e+00,1.889641284942626953e+00,9.999545216560363770e-01,1.546423067338764668e-03,8.128849789500236511e-03,-4.749064333736896515e-03
7.460922241210937500e+00,1.231804490089416504e+00,4.995018959045410156e+00,9.999973177909851074e-01,5.957409157417714596e-04,2.083191648125648499e-03,8.562093134969472885e-04
7.067566871643066406e+00,1.056820750236511230e+00,5.037657737731933594e+00,9.999954700469970703e-01,-2.692145761102437973e-03,4.665332089643925428e-04,-1.286491402424871922e-03
7.321378588676452637e-01,1.914163827896118164e+00,6.028993129730224609e+00,9.999998807907104492e-01,-4.261590074747800827e-04,3.331682528369128704e-04,-1.507806300651282072e-04
7.127953171730041504e-01,1.615379095077514648e+00,2.982555150985717773e+00,9.999972581863403320e-01,4.313673998694866896e-04,-2.084676874801516533e-03,-9.959771996363997459e-04
3.905873298645019531e+00,2.434359550476074219e+00,2.480265498161315918e-01,9.999869465827941895e-01,2.573120873421430588e-03,-3.945820499211549759e-04,4.396975040435791016e-03
8.189939707517623901e-02,4.254175186157226562e+00,6.094489097595214844e+00,9.999803304672241211e-01,4.682543687522411346e-03,-3.192927222698926926e-03,2.718679606914520264e-03
3.210013628005981445e+00,2.973197460174560547e+00,3.119218587875366211e+00,9.999278783798217773e-01,7.661331444978713989e-03,5.519745871424674988e-03,7.420349866151809692e-03
2.758107662200927734e+00,2.837543725967407227e+00,3.359135866165161133e+00,9.999976754188537598e-01,1.687364419922232628e-03,-1.335582346655428410e-03,2.153142268070951104e-04
5.583007335662841797e+00,2.095108747482299805e+00,7.146127700805664062e+00,9.999995827674865723e-01,6.478403811343014240e-04,7.393592386506497860e-04,-1.294441753998398781e-04
3.578361749649047852e+00,9.555240869522094727e-01,4.184350490570068359e+00,9.999906420707702637e-01,2.061731182038784027e-03,-3.214503871276974678e-03,-2.074327319860458374e-03
2.693145513534545898e+00,6.572144985198974609e+00,3.917439937591552734e+00,9.999897480010986328e-01,1.465230307076126337e-04,-4.480771254748106003e-03,7.345246849581599236e-04
1.984599471092224121e+00,6.803608894348144531e+00,1.149237394332885742e+00,9.999949336051940918e-01,-7.132468745112419128e-04,2.829825738444924355e-03,1.301707001402974129e-03
2.774043977260589600e-01,2.546097755432128906e+00,3.371909618377685547e+00,9.999880790710449219e-01,-6.872939411550760269e-04,-3.181023756042122841e-03,-3.638954367488622665e-03
1.109257265925407410e-01,6.082512378692626953e+00,6.823143005371093750e+00,9.999935626983642578e-01,-2.044476568698883057e-03,-1.861786120571196079e-03,2.300611464306712151e-03
4.358781814575195312e+00,7.493627548217773438e+00,5.417346477508544922e+00,9.999994039535522461e-01,5.583579695667140186e-05,9.115124703384935856e-04,6.040520383976399899e-04
6.853207588195800781e+00,6.331104278564453125e+00,2.660843729972839355e-01,9.999993443489074707e-01,-7.745581679046154022e-04,2.356694749323651195e-04,-8.802188094705343246e-04
3.870448589324951172e+00,5.861940383911132812e+00,7.055968284606933594e+00,9.999982714653015137e-01,1.828017295338213444e-03,3.640016075223684311e-04,3.679976798593997955e-04
7.376564025878906250e+00,4.527617692947387695e-01,8.252575397491455078e-01,9.999791383743286133e-01,-6.049871444702148438e-03,-3.081484173890203238e-04,2.250732854008674622e-03
1.956473469734191895e+00,6.838225364685058594e+00,3.854910850524902344e+00,9.999881982803344727e-01,-3.702265443280339241e-03,2.493954496458172798e-03,1.955548301339149475e-03
8.646252751350402832e-01,5.287408828735351562e+00,3.272269010543823242e+00,9.999988675117492676e-01,1.390839228406548500e-03,5.583795718848705292e-04,-3.572613641154021025e-04
1.480177283287048340e+00,1.954395174980163574e+00,1.683427333831787109e+00,9.999978542327880859e-01,-7.145949639379978180e-04,8.475929498672485352e-04,1.779834507033228874e-03
4.527171134948730469e+00,2.080474853515625000e+00,7.437513828277587891e+00,9.999887347221374512e-01,-4.741317126899957657e-03,-2.943333820439875126e-04,-2.595239202491939068e-04
4.273695468902587891e+00,3.091014027595520020e-01,3.190227746963500977e+00,9.999879002571105957e-01,3.715603379532694817e-03,3.223870182409882545e-03,-3.171851276420056820e-04
7.136921882629394531e-01,2.081449747085571289e+00,3.784904003143310547e+00,9.999993443489074707e-01,4.125379782635718584e-04,-9.968479862436652184e-04,-5.264162318781018257e-04
5.283110618591308594e+00,6.404301166534423828e+00,1.924325823783874512e-01,9.999997019767761230e-01,4.065579851157963276e-04,4.635890945792198181e-04,5.071229534223675728e-04
3.383442163467407227e-01,6.351534366607666016e+00,2.544691324234008789e+00,9.999980330467224121e-01,-2.930853224825114012e-05,-1.961155794560909271e-03,-4.425839288160204887e-04
2.925544738769531250e+00,1.000305414199829102e+00,5.623659610748291016e+00,9.998952150344848633e-01,-7.991058751940727234e-03,-8.779291063547134399e-03,-8.290209807455539703e-03
4.827281832695007324e-01,1.293196320533752441e+00,2.567535400390625000e+00,9.999998211860656738e-01,-8.693383279023692012e-05,-5.009159212931990623e-04,4.447293758857995272e-04
6.091874122619628906e+00,2.119075536727905273e+00,3.159990310668945312e+00,9.999988675117492676e-01,-1.263471087440848351e-03,-5.601995508186519146e-04,-7.026929524727165699e-04
7.287768363952636719e+00,1.566219031810760498e-01,4.534186363220214844e+00,9.999850988388061523e-01,-4.088931251317262650e-03,-2.508241232135333121e-05,3.611909924075007439e-03
6.878667354583740234e+00,6.360401153564453125e+00,6.278472423553466797e+00,9.999997019767761230e-01,-1.047499827109277248e-04,-7.446337840519845486e-04,1.544328115414828062e-04
7.092036247253417969e+00,2.390218019485473633e+00,3.993157625198364258e+00,9.999987483024597168e-01,-6.824047159170731902e-05,1.393538783304393291e-03,7.085542893037199974e-04
3.889318466186523438e+00,1.598519682884216309e+00,1.351240277290344238e+00,9.998853802680969238e-01,-5.132869817316532135e-03,-1.231175754219293594e-02,7.162712048739194870e-03
7.157361507415771484e+00,6.087386608123779297e-01,5.322527408599853516e+00,9.999840259552001953e-01,5.326385144144296646e-03,6.148208049125969410e-04,-1.792319235391914845e-03
7.122899055480957031e+00,3.732983589172363281e+00,1.097183465957641602e+00,9.999807476997375488e-01,5.829912843182682991e-04,-4.642592743039131165e-03,-4.066900350153446198e-03
4.015063047409057617e-01,3.129035711288452148e+00,7.281350135803222656e+00,9.999915361404418945e-01,-3.955360036343336105e-03,-9.397030808031558990e-04,6.137511227279901505e-04
6.598334908485412598e-01,4.391143321990966797e+00,2.987352371215820312e+00,9.999932646751403809e-01,1.461050240322947502e-03,-1.176492078229784966e-03,-3.154429141432046890e-03
4.256368637084960938e+00,1.703137993812561035e+00,6.632072448730468750e+00,9.999951124191284180e-01,1.880299882031977177e-03,-2.206444740295410156e-03,1.138642313890159130e-03
3.594739913940429688e+00,9.959389567375183105e-01,7.303238391876220703e+00,9.999586939811706543e-01,-3.085953649133443832e-03,7.602506782859563828e-03,-3.927450161427259445e-03
4.837912559509277344e+00,9.750778079032897949e-01,1.809115529060363770e+00,9.999172091484069824e-01,1.395984436385333538e-03,1.030509453266859055e-02,7.575119845569133759e-03
4.537176609039306641e+00,7.155213356018066406e+00,3.291188240051269531e+00,9.999966621398925781e-01,1.640205853618681431e-03,1.393746817484498024e-03,-1.472082338295876980e-03
4.022526264190673828e+00,5.432892799377441406e+00,2.944344282150268555e+00,9.999974966049194336e-01,1.195481047034263611e-03,1.249534077942371368e-03,1.457472331821918488e-03
6.988619804382324219e+00,1.399335384368896484e+00,3.427700996398925781e+00,9.999995827674865723e-01,9.314178605563938618e-04,3.393723163753747940e-04,-1.127801369875669479e-04
5.634603023529052734e+00,5.387839317321777344e+00,1.396186351776123047e+00,9.999995827674865723e-01,-7.826035143807530403e-04,1.960252848220989108e-05,6.290781893767416477e-04
3.533241271972656250e+00,3.968972682952880859e+00,6.962292671203613281e+00,9.999994635581970215e-01,7.119651854736730456e-05,-8.792578009888529778e-04,-6.043284665793180466e-04
2.551544010639190674e-01,1.881003260612487793e+00,4.343018054962158203e+00,9.999952912330627441e-01,2.457716269418597221e-03,-1.814581453800201416e-03,1.986616116482764482e-04
7.382508516311645508e-01,3.756801128387451172e+00,7.493746876716613770e-01,9.999845027923583984e-01,1.695950864814221859e-03,-1.006469829007983208e-03,-5.217214114964008331e-03
5.428139209747314453e+00,5.923748970031738281e+00,3.026064634323120117e+00,9.999375343322753906e-01,5.979552399367094040e-03,6.564609706401824951e-03,6.800816860049962997e-03
6.186432838439941406e+00,1.587393522262573242e+00,6.060180187225341797e+00,9.999313950538635254e-01,-5.353597458451986313e-03,-2.205879194661974907e-03,1.018753182142972946e-02
4.308104991912841797e+00,6.742143154144287109e+00,7.282842159271240234e+00,9.999942779541015625e-01,-1.520997262559831142e-03,-2.728203544393181801e-03,-1.275310642085969448e-03
3.707488059997558594e+00,2.538760185241699219e+00,3.189978122711181641e+00,9.999916553497314453e-01,2.652896801009774208e-03,-3.065901109948754311e-03,-6.282798713073134422e-04
1.358937501907348633e+00,6.488903999328613281e+00,5.289871215820312500e+00,9.999728798866271973e-01,6.832047365605831146e-03,2.642244799062609673e-04,2.733784727752208710e-03
7.070058345794677734e+00,3.973230600357055664e+00,3.109845876693725586e+00,9.999958872795104980e-01,1.539602875709533691e-03,9.141004993580281734e-04,-2.252369420602917671e-03
1.853392243385314941e+00,5.173694133758544922e+00,5.568975210189819336e-01,9.999831914901733398e-01,-4.853857215493917465e-03,-2.281638444401323795e-04,-3.154893172904849052e-03
1.923401504755020142e-01,5.218271613121032715e-01,5.570065498352050781e+00,9.999899864196777344e-01,-8.996877586469054222e-04,1.972052501514554024e-03,-3.913917578756809235e-03
7.084568977355957031e+00,5.217568397521972656e+00,6.225177764892578125e+00,9.999764561653137207e-01,2.883446635678410530e-03,-6.210565567016601562e-03,4.699254932347685099e-04
6.490540027618408203e+00,1.226320385932922363e+00,1.599133372306823730e+00,9.999705553054809570e-01,4.690764471888542175e-03,5.577979143708944321e-03,-2.392770955339074135e-03
1.969422817230224609e+00,1.138547539710998535e+00,3.798446178436279297e+00,9.999989271163940430e-01,5.775715108029544353e-04,-9.291770402342081070e-04,-1.046730438247323036e-03
6.441958904266357422e+00,2.202279806137084961e+00,6.206031516194343567e-02,9.997438788414001465e-01,8.380170911550521851e-03,9.903626516461372375e-03,-1.854167133569717407e-02
2.085794448852539062e+00,1.441243529319763184e+00,5.709061145782470703e+00,9.999251365661621094e-01,1.953246537595987320e-03,-1.118981651961803436e-02,-4.566034302115440369e-03
7.460428714752197266e+00,4.756082534790039062e+00,4.400561749935150146e-01,9.999980330467224121e-01,1.475477474741637707e-03,1.440120395272970200e-04,-1.377979991957545280e-03
2.322408437728881836e+00,5.889186859130859375e+00,5.173115730285644531e+00,9.999514222145080566e-01,1.826744410209357738e-03,-6.700188387185335159e-03,6.994265597313642502e-03
2.774385929107666016e+00,5.097147226333618164e-01,5.636109113693237305e-01,9.999999403953552246e-01,4.151568573433905840e-04,2.955682866740971804e-04,-1.705298782326281071e-04
3.970836639404296875e+00,4.569536685943603516e+00,7.290699481964111328e+00,9.999891519546508789e-01,-3.958960995078086853e-03,-9.629645501263439655e-04,-2.261610701680183411e-03
2.869832038879394531e+00,4.493272781372070312e+00,4.998739242553710938e+00,9.999870061874389648e-01,1.887663034722208977e-03,1.444464898668229580e-03,4.509792197495698929e-03
6.712575912475585938e+00,4.267591476440429688e+00,3.336344242095947266e+00,9.999800324440002441e-01,-6.243249401450157166e-03,-7.753231329843401909e-04,7.319655269384384155e-04
4.777507305145263672e+00,9.582486748695373535e-01,4.942900657653808594e+00,9.999396204948425293e-01,-7.782025728374719620e-03,6.198755931109189987e-03,4.683203063905239105e-03
3.045186996459960938e+00,1.464283347129821777e+00,3.187594890594482422e+00,9.999988675117492676e-01,-1.398952794261276722e-03,-5.225022323429584503e-04,-3.368054749444127083e-04
5.289432525634765625e+00,9.749136567115783691e-01,3.837033510208129883e+00,9.999989271163940430e-01,5.326158716343343258e-04,-1.762503379723057151e-04,1.395807601511478424e-03
6.313832283020019531e+00,5.189973354339599609e+00,3.413498401641845703e+00,9.999954700469970703e-01,-1.180994440801441669e-03,2.562910667620599270e-04,-2.747938269749283791e-03
5.866426825523376465e-01,3.189786911010742188e+00,1.773944020271301270e+00,9.999865293502807617e-01,1.848587999120354652e-03,4.464051220566034317e-03,-1.910760998725891113e-03
4.870751380920410156e+00,3.056403398513793945e+00,4.653196334838867188e+00,9.999958872795104980e-01,6.283600814640522003e-04,-1.069324323907494545e-03,2.592880278825759888e-03
4.955494880676269531e+00,6.021989345550537109e+00,3.472287356853485107e-01,9.999999403953552246e-01,-2.902860287576913834e-04,1.480924984207376838e-04,3.618223126977682114e-04
3.056725025177001953e+00,2.802710056304931641e+00,2.014363259077072144e-01,9.999536871910095215e-01,-9.409192949533462524e-03,-4.509513673838227987e-04,-2.006050897762179375e-03
6.555036544799804688e+00,1.684100478887557983e-01,1.028336167335510254e+00,9.999898076057434082e-01,-3.147270297631621361e-03,-3.220538608729839325e-03,-5.058828392066061497e-04
6.909127235412597656e+00,2.331563949584960938e+00,6.353471755981445312e+00,9.999984502792358398e-01,2.770019636955112219e-04,1.580076175741851330e-03,-8.115597884170711040e-04
1.039177417755126953e+00,1.608257651329040527e+00,1.528913259506225586e+00,9.998887181282043457e-01,-1.129125244915485382e-02,9.745473042130470276e-03,4.828854871448129416e-04
1.019071102142333984e+00,5.767959594726562500e+00,1.726827025413513184e+00,9.999834299087524414e-01,-3.503197513055056334e-04,4.181745927780866623e-03,3.947953693568706512e-03
7.191363334655761719e+00,8.282710909843444824e-01,7.105628252029418945e-01,9.995458126068115234e-01,-4.789445549249649048e-03,2.259635180234909058e-02,-1.935943402349948883e-02
6.048201322555541992e-01,4.276200294494628906e+00,5.423409342765808105e-01,9.999861121177673340e-01,3.594365902245044708e-03,-9.663279633969068527e-04,-3.736397949978709221e-03
1.054975271224975586e+00,1.011447548866271973e+00,3.985927343368530273e+00,9.999963045120239258e-01,-3.733880294021219015e-04,-2.580027328804135323e-03,-8.633420802652835846e-04
5.423706531524658203e+00,3.615138769149780273e+00,8.869853019714355469e-01,9.999987483024597168e-01,3.717163926921784878e-04,1.201688894070684910e-03,-9.991748956963419914e-04
9.952523708343505859e-01,2.889383554458618164e+00,6.941395282745361328e+00,9.999813437461853027e-01,6.080661434680223465e-03,3.707704017870128155e-04,-5.042030243203043938e-04
2.720082998275756836e+00,1.966900944709777832e+00,1.461977958679199219e+00,9.999937415122985840e-01,1.381203299388289452e-03,-2.203735290095210075e-03,2.437992254272103310e-03
4.644994735717773438e+00,1.184657812118530273e+00,9.111602306365966797e-01,9.999982118606567383e-01,2.590374497231096029e-04,1.249731983989477158e-03,1.429667463526129723e-03
7.080151557922363281e+00,1.550393849611282349e-01,1.489136457443237305e+00,9.999959468841552734e-01,4.042706495965830982e-05,2.052757190540432930e-03,2.009650692343711853e-03
4.881199359893798828e+00,8.295965194702148438e-02,3.812268495559692383e+00,9.999431967735290527e-01,-8.085618726909160614e-03,3.528372617438435555e-03,5.987937562167644501e-03
7.500133514404296875e+00,6.963065862655639648e-01,7.439761638641357422e+00,9.999993443489074707e-01,-7.622546982020139694e-04,-4.494965833146125078e-04,-7.861589547246694565e-04
3.498402595520019531e+00,7.040163040161132812e+00,5.072061419486999512e-01,9.999907016754150391e-01,-2.181126968935132027e-03,3.721592016518115997e-03,-5.129116470925509930e-05
1.923182368278503418e+00,4.883747577667236328e+00,7.437548160552978516e+00,9.995512962341308594e-01,3.002912038937211037e-03,-2.850249409675598145e-02,-8.710949681699275970e-03
4.612589478492736816e-01,4.587657928466796875e+00,3.207389593124389648e+00,9.999976158142089844e-01,7.999698282219469547e-04,-1.963059185072779655e-03,-6.268129218369722366e-04
2.151852369308471680e+00,5.212790489196777344e+00,1.972803622484207153e-01,9.999919533729553223e-01,-3.152258228510618210e-03,2.469905186444520950e-03,-1.390083780279383063e-04
3.607959032058715820e+00,3.637573242187500000e+00,6.386818408966064453e+00,9.999855756759643555e-01,-3.901324816979467869e-04,-1.529398956336081028e-03,-5.142308305948972702e-03
1.173819303512573242e+00,3.581666946411132812e+00,4.766276359558105469e+00,9.999767541885375977e-01,-3.200600622221827507e-03,-1.237045042216777802e-03,-5.890389904379844666e-03
1.626870632171630859e+00,3.233701944351196289e+00,6.220320224761962891e+00,9.999849796295166016e-01,-3.365047741681337357e-03,8.048065501498058438e-05,4.346574191004037857e-03
1.765894055366516113e+00,4.829471111297607422e+00,6.960935592651367188e+00,9.998553395271301270e-01,-1.406974252313375473e-02,5.375908687710762024e-03,7.908459752798080444e-03
3.718090772628784180e+00,5.614039421081542969e+00,1.742334008216857910e+00,9.999564886093139648e-01,2.682795457076281309e-04,-8.410746231675148010e-03,4.033627454191446304e-03
4.442198753356933594e+00,3.835835158824920654e-01,6.935518741607666016e+00,9.998698830604553223e-01,-1.218053395859897137e-03,5.291826557368040085e-03,-1.519382186233997345e-02
5.232995033264160156e+00,7.190248012542724609e+00,5.585221767425537109e+00,9.999969601631164551e-01,1.744095497997477651e-04,-2.478234004229307175e-03,-4.423424616106785834e-05
1.531633019447326660e+00,2.740385532379150391e+00,4.929389953613281250e+00,9.999991655349731445e-01,6.229488062672317028e-04,4.972925526089966297e-04,-1.062017749063670635e-03
4.151408672332763672e+00,3.523512125015258789e+00,4.182713985443115234e+00,9.999988079071044922e-01,-8.781020296737551689e-04,2.156434129574336112e-05,-1.313938177190721035e-03
1.492505788803100586e+00,5.621865749359130859e+00,1.128797054290771484e+00,9.999926686286926270e-01,-1.425214461050927639e-03,-8.213347755372524261e-04,-3.452800679951906204e-03
2.307327032089233398e+00,2.155147552490234375e+00,1.627724170684814453e+00,9.999737143516540527e-01,-4.435018636286258698e-03,2.716034185141324997e-03,-5.049703177064657211e-03
3.388869047164916992e+00,6.762867450714111328e+00,3.473846197128295898e+00,9.999912381172180176e-01,4.032238386571407318e-03,-1.124568749219179153e-03,-3.623320953920483589e-04
1.968035578727722168e+00,1.995432496070861816e+00,8.955270051956176758e-01,9.999853968620300293e-01,5.239345598965883255e-03,-8.737757452763617039e-04,-1.024061348289251328e-03
6.690208435058593750e+00,1.888954281806945801e+00,6.603511810302734375e+00,9.999835491180419922e-01,1.288225175812840462e-03,-5.282008205540478230e-04,5.570112727582454681e-03
6.117155075073242188e+00,5.015623569488525391e+00,4.516667366027832031e+00,9.999723434448242188e-01,7.165954913944005966e-03,-1.733690965920686722e-03,9.647216065786778927e-04
3.283764600753784180e+00,4.630084335803985596e-01,2.492270946502685547e+00,9.999958872795104980e-01,1.953433034941554070e-03,2.085930667817592621e-03,3.665123076643794775e-04
6.115719795227050781e+00,3.007759094238281250e+00,1.555111259222030640e-01,9.999998807907104492e-01,2.420327837171498686e-05,3.248878929298371077e-04,-4.871617420576512814e-04
4.737305164337158203e+00,4.986003398895263672e+00,3.830149412155151367e+00,9.999987483024597168e-01,1.105861621908843517e-03,-8.253603591583669186e-04,-8.513818029314279556e-04
9.626708030700683594e-01,1.261372923851013184e+00,8.223780393600463867e-01,9.999964237213134766e-01,2.463336568325757980e-03,-1.217160206579137594e-05,1.093545812182128429e-03
2.091960191726684570e+00,6.570012569427490234e+00,6.713221549987792969e+00,9.999995827674865723e-01,4.558607179205864668e-04,-3.129627730231732130e-04,8.069569012150168419e-04
2.987982988357543945e+00,1.782286763191223145e+00,3.725869417190551758e+00,9.999996423721313477e-01,3.486150235403329134e-04,-8.322011562995612621e-04,-3.374872176209464669e-05
4.673372268676757812e+00,3.087017774581909180e+00,4.337010860443115234e+00,9.999517202377319336e-01,-2.179937837354373187e-05,2.146630082279443741e-03,9.594681672751903534e-03
5.167224407196044922e+00,6.179315090179443359e+00,3.723170518875122070e+00,9.999981522560119629e-01,-6.845789612270891666e-04,9.799684630706906319e-04,1.543760416097939014e-03
6.466290473937988281e+00,5.076169490814208984e+00,2.430578231811523438e+00,9.999964237213134766e-01,-1.527713029645383358e-03,8.178820717148482800e-04,-2.058925805613398552e-03
1.153322696685791016e+00,7.054696083068847656e+00,6.427739143371582031e+00,9.999967217445373535e-01,2.244840143248438835e-03,4.100963997188955545e-04,1.197747304104268551e-03
4.318165302276611328e+00,5.444314002990722656e+00,1.522884130477905273e+00,9.999909996986389160e-01,-2.522915368899703026e-03,1.803231192752718925e-03,-2.887451788410544395e-03
1.354279875755310059e+00,6.725182533264160156e+00,5.825523376464843750e+00,9.999401569366455078e-01,-9.192465804517269135e-03,5.750224925577640533e-03,1.468251692131161690e-03
7.870566844940185547e-01,5.248534679412841797e+00,2.036689281463623047e+00,9.999948143959045410e-01,2.687867730855941772e-03,1.557288487674668431e-04,1.782280975021421909e-03
7.985784411430358887e-01,1.687819123268127441e+00,5.586569786071777344e+00,9.999997019767761230e-01,2.622051397338509560e-04,7.323680329136550426e-04,-3.104284114670008421e-04
2.265056848526000977e+00,1.485471874475479126e-01,3.814993619918823242e+00,9.999983906745910645e-01,-1.334516913630068302e-03,-5.314555019140243530e-04,1.107930205762386322e-03
5.011771678924560547e+00,5.770491123199462891e+00,7.876088619232177734e-01,9.999983310699462891e-01,4.649755719583481550e-04,-1.400629058480262756e-03,1.153882476501166821e-03
3.542706251144409180e+00,4.432024002075195312e+00,3.478974819183349609e+00,9.999933838844299316e-01,5.442461697384715080e-04,-2.684942446649074554e-03,-2.408236265182495117e-03
5.599415302276611328e+00,6.419727325439453125e+00,3.092359602451324463e-01,9.999994635581970215e-01,6.721829413436353207e-04,7.798851584084331989e-04,3.791008493863046169e-04
1.222210645675659180e+00,4.108139514923095703e+00,5.147977352142333984e+00,9.999888539314270020e-01,-3.233461407944560051e-03,-3.080392489209771156e-03,1.535567454993724823e-03
1.311681032180786133e+00,2.498476266860961914e+00,4.712881743907928467e-01,9.999952912330627441e-01,-1.044053933583199978e-03,2.868670504540205002e-03,-4.287129850126802921e-04
9.881759285926818848e-01,5.262084007263183594e+00,2.962328910827636719e+00,9.999924898147583008e-01,2.869515446946024895e-03,1.870063599199056625e-03,-1.824226463213562965e-03
1.486729264259338379e+00,3.480273246765136719e+00,6.454490184783935547e+00,9.999991059303283691e-01,1.206628861837089062e-03,-6.149222608655691147e-04,2.155426773242652416e-04
6.940844058990478516e-01,6.591123104095458984e+00,1.923644661903381348e+00,9.999900460243225098e-01,-2.134552458301186562e-03,-3.444991074502468109e-03,1.863790443167090416e-03
7.180339813232421875e+00,2.023086309432983398e+00,4.038774013519287109e+00,9.999993443489074707e-01,-4.425797087606042624e-04,8.187060011550784111e-04,7.232492789626121521e-04
5.012068271636962891e+00,6.820643544197082520e-01,7.330317497253417969e+00,9.999998211860656738e-01,-1.544245169498026371e-04,-5.627124337479472160e-04,-3.390321799088269472e-04
5.547732830047607422e+00,3.701546669006347656e+00,5.697355270385742188e+00,9.999994039535522461e-01,-8.375666802749037743e-04,4.986212006770074368e-04,5.791830481030046940e-04
2.086572647094726562e+00,6.402570247650146484e+00,4.347732290625572205e-02,9.999998211860656738e-01,-2.228472440037876368e-04,-1.593373308423906565e-04,-4.985891282558441162e-04
1.903357267379760742e+00,6.243244647979736328e+00,9.336845278739929199e-01,9.999947547912597656e-01,2.707091625779867172e-04,-3.243797924369573593e-03,-3.077240835409611464e-04
4.545805454254150391e+00,6.364593982696533203e+00,2.920076370239257812e+00,9.999361038208007812e-01,8.152395486831665039e-03,5.806617438793182373e-03,-5.268330220133066177e-03
4.516310691833496094e+00,2.758982896804809570e+00,9.257959127426147461e-01,9.998940825462341309e-01,8.685485459864139557e-03,3.519752994179725647e-03,-1.113398093730211258e-02
6.366528987884521484e+00,2.605114221572875977e+00,1.109688282012939453e+00,9.999979138374328613e-01,1.003764802590012550e-03,-1.513032475486397743e-03,9.562349296174943447e-04
3.882253646850585938e+00,3.555238008499145508e+00,7.263394832611083984e+00,9.999985694885253906e-01,-9.826896712183952332e-04,-5.586097249761223793e-04,-1.329341554082930088e-03
6.099595069885253906e+00,2.918669939041137695e+00,2.836702108383178711e+00,9.999861717224121094e-01,2.148415194824337959e-03,1.672748243436217308e-03,4.514354746788740158e-03
4.494157791137695312e+00,2.489244222640991211e+00,3.561151981353759766e+00,9.999819397926330566e-01,-4.289434291422367096e-03,-2.448708750307559967e-03,3.431755350902676582e-03
3.995720386505126953e+00,5.502441883087158203e+00,1.592221260070800781e-01,9.999986886978149414e-01,-1.082614529877901077e-03,-2.273719001095741987e-04,1.241471269167959690e-03
3.252467155456542969e+00,1.559404850006103516e+00,1.907713055610656738e+00,9.999966621398925781e-01,1.701461151242256165e-03,1.970580546185374260e-03,-3.232209928683005273e-05
3.335866928100585938e+00,5.990471839904785156e+00,2.673182249069213867e+00,9.999902248382568359e-01,1.893498003482818604e-03,-3.163478802889585495e-03,-2.455162582919001579e-03
6.021639347076416016e+00,3.540783643722534180e+00,1.217188954353332520e+00,9.999960660934448242e-01,-2.399152435828000307e-04,1.989478943869471550e-03,-1.996253151446580887e-03
7.241661071777343750e+00,5.647506713867187500e+00,4.761296272277832031e+00,9.999979138374328613e-01,2.025183057412505150e-03,-4.901969805359840393e-04,4.888537660008296371e-05
4.502985954284667969e+00,7.023760795593261719e+00,6.375618457794189453e+00,9.999818205833435059e-01,-4.063728731125593185e-03,4.221394192427396774e-03,1.468436559662222862e-03
3.181273221969604492e+00,2.530750930309295654e-01,5.695435523986816406e+00,9.999963045120239258e-01,-4.265071474947035313e-04,-1.733768847770988941e-03,-2.042921725660562515e-03
1.887902379035949707e+00,5.493167400360107422e+00,3.027032375335693359e+00,9.999980330467224121e-01,1.709211064735427499e-04,4.102590028196573257e-04,-1.958539243787527084e-03
4.182187557220458984e+00,4.154544830322265625e+00,4.820159912109375000e+00,9.998158812522888184e-01,-1.127475872635841370e-02,-1.314849220216274261e-02,8.264233358204364777e-03
6.631972789764404297e+00,5.626642704010009766e+00,2.794661760330200195e+00,9.999969005584716797e-01,4.982860409654676914e-04,2.421012846753001213e-03,2.879849926102906466e-04
4.806228637695312500e+00,7.479186534881591797e+00,6.314755916595458984e+00,9.999961256980895996e-01,5.753595032729208469e-04,8.132228977046906948e-04,-2.619074424728751183e-03
5.988232493400573730e-01,1.926906585693359375e+00,4.607653617858886719e+00,9.999969601631164551e-01,1.956048654392361641e-03,-1.006056205369532108e-03,-1.133377314545214176e-03
1.108928084373474121e+00,7.163035869598388672e+00,1.602598428726196289e-01,9.999924898147583008e-01,-3.539367346093058586e-03,2.118045958923175931e-04,-1.552825793623924255e-03
4.750816345214843750e+00,4.043345451354980469e+00,5.671868801116943359e+00,9.999446272850036621e-01,5.676050670444965363e-03,-8.853616192936897278e-03,-4.462323267944157124e-04
2.828127384185791016e+00,2.735650300979614258e+00,3.832689762115478516e+00,9.999997019767761230e-01,5.404018447734415531e-04,-5.977436085231602192e-04,-2.556599210947751999e-04
7.310021877288818359e+00,1.587973594665527344e+00,1.591582775115966797e+00,9.999983310699462891e-01,-4.840760957449674606e-04,-1.288652885705232620e-03,-1.192158437334001064e-03
3.479896783828735352e+00,5.665318489074707031e+00,3.207302808761596680e+00,9.999987483024597168e-01,6.320130196399986744e-04,-9.987229714170098305e-04,1.062057679519057274e-03
7.048357963562011719e+00,2.310511827468872070e+00,1.216155409812927246e+00,9.999970197677612305e-01,-2.776641667878720909e-05,1.615892688278108835e-04,2.469175728037953377e-03
1.407250285148620605e+00,1.655271768569946289e+00,6.266335487365722656e+00,9.999969601631164551e-01,1.969486940652132034e-03,4.561422683764249086e-04,-1.451340736821293831e-03
3.199765920639038086e+00,3.746701002120971680e+00,4.238399505615234375e+00,9.999983310699462891e-01,-5.525950691662728786e-04,9.078375878743827343e-04,-1.519551733508706093e-03
3.453450441360473633e+00,1.435182094573974609e+00,2.593663632869720459e-01,9.999950528144836426e-01,-2.099314879160374403e-04,-1.998874358832836151e-03,2.446474507451057434e-03
6.029280662536621094e+00,4.850244998931884766e+00,6.166896343231201172e+00,9.999607205390930176e-01,4.950615111738443375e-03,-6.824495736509561539e-03,2.770397346466779709e-03
5.577600002288818359e+00,5.439145565032958984e+00,6.453213691711425781e+00,9.999973177909851074e-01,7.427356904372572899e-04,-2.103822538629174232e-03,6.527710356749594212e-04
8.598989993333816528e-02,1.589363217353820801e-01,2.996332883834838867e+00,9.999996423721313477e-01,-5.036851234763162211e-06,-8.825677796266973019e-04,-2.847241921699605882e-05
4.970788478851318359e+00,6.060183525085449219e+00,6.280460357666015625e+00,9.997763633728027344e-01,1.779024861752986908e-02,1.142713055014610291e-02,3.666845732368528843e-04
4.103446006774902344e+00,2.165726900100708008e+00,6.462957382202148438e+00,9.999986290931701660e-01,6.479978910647332668e-04,-1.211475930176675320e-03,-9.954887209460139275e-04
6.071206569671630859e+00,6.317814350128173828e+00,6.378933787345886230e-01,9.999985694885253906e-01,-1.390346908010542393e-03,-5.500284023582935333e-04,-7.553277537226676941e-04
2.405456751585006714e-01,5.126283645629882812e+00,5.946964025497436523e-01,9.999997019767761230e-01,-4.686806641984730959e-04,-2.032519842032343149e-04,6.718994700349867344e-04
4.955528259277343750e+00,2.405267715454101562e+00,2.402733802795410156e+00,9.999760389328002930e-01,1.116946106776595116e-03,-6.767570972442626953e-03,9.346957085654139519e-04
4.599247455596923828e+00,5.885047435760498047e+00,7.262981414794921875e+00,9.999992251396179199e-01,1.127331750467419624e-03,2.532019570935517550e-04,-5.474509671330451965e-04
3.149564266204833984e+00,5.243554115295410156e+00,1.842380523681640625e+00,9.999967813491821289e-01,2.244248520582914352e-03,1.073527848348021507e-03,4.592546320054680109e-04
7.796786427497863770e-01,7.287214756011962891e+00,1.245350122451782227e+00,9.998813867568969727e-01,-1.021685916930437088e-02,1.011083088815212250e-02,5.540356040000915527e-03
2.277995824813842773e+00,4.196949481964111328e+00,2.090493679046630859e+00,9.999942779541015625e-01,-3.217842197045683861e-03,8.292932179756462574e-04,6.627022521570324898e-04
2.503187656402587891e+00,6.686825752258300781e+00,3.298797607421875000e+00,9.998292922973632812e-01,-2.772724954411387444e-03,1.056133955717086792e-02,-1.490617543458938599e-02
2.270502090454101562e+00,8.150584101676940918e-01,8.025358915328979492e-01,9.999799132347106934e-01,-3.259428194724023342e-04,-6.229195743799209595e-03,-1.169959199614822865e-03
2.212835788726806641e+00,6.259921550750732422e+00,3.998543024063110352e+00,9.999932050704956055e-01,2.066312823444604874e-03,-1.646492630243301392e-03,2.582442713901400566e-03
5.171825408935546875e+00,3.157701492309570312e+00,5.677128314971923828e+00,9.999992847442626953e-01,6.487490463769063354e-05,-8.709579706192016602e-04,8.634355035610496998e-04
4.555078506469726562e+00,5.573565006256103516e+00,1.342566728591918945e+00,9.999770522117614746e-01,-2.424218924716114998e-03,5.162932444363832474e-03,-3.661056514829397202e-03
7.349316596984863281e+00,2.241684675216674805e+00,2.005352258682250977e+00,9.999995827674865723e-01,-1.446183887310326099e-04,2.237372536910697818e-04,8.336759055964648724e-04
1.869309306144714355e+00,1.780095338821411133e+00,5.891938805580139160e-01,9.998250007629394531e-01,1.849506050348281860e-02,-1.976163825020194054e-03,-2.011465840041637421e-03
4.163658142089843750e+00,5.330151915550231934e-01,5.531636714935302734e+00,9.999968409538269043e-01,-1.478648162446916103e-03,2.034839009866118431e-03,4.682720464188605547e-05
6.339602470397949219e+00,6.851978302001953125e+00,4.479310989379882812e+00,9.999908208847045898e-01,-1.989561133086681366e-03,2.504379488527774811e-03,-2.864715410396456718e-03
1.721353381872177124e-01,7.168640613555908203e+00,6.859357357025146484e+00,9.999890327453613281e-01,-3.820675192400813103e-04,-3.785397158935666084e-03,-2.735526999458670616e-03
2.350236654281616211e+00,1.704243898391723633e+00,6.034190654754638672e+00,9.998204708099365234e-01,-1.472954079508781433e-02,1.120651327073574066e-02,4.064214881509542465e-03
5.677205562591552734e+00,2.753808498382568359e+00,3.296117305755615234e+00,9.999862909317016602e-01,1.621021190658211708e-03,-1.585979014635086060e-03,4.724138882011175156e-03
8.244889378547668457e-01,2.898304700851440430e+00,6.681576967239379883e-01,9.999583363533020020e-01,-1.832611160352826118e-03,8.276994340121746063e-03,-3.401474328711628914e-03
5.045706272125244141e+00,5.644539356231689453e+00,4.589762687683105469e+00,9.999995231628417969e-01,-5.084269214421510696e-04,-3.136439481750130653e-04,8.305961382575333118e-04
1.253033399581909180e+00,4.937027394771575928e-01,5.557342052459716797e+00,9.999971389770507812e-01,-1.827857689931988716e-03,-1.530712237581610680e-03,4.185596772003918886e-04
7.204329967498779297e+00,6.778744220733642578e+00,1.594690203666687012e+00,9.998018741607666016e-01,1.198899839073419571e-02,1.587799750268459320e-02,6.260842201299965382e-04
4.936734676361083984e+00,8.855263590812683105e-01,1.180886149406433105e+00,9.999578595161437988e-01,-8.562026545405387878e-03,3.327003214508295059e-03,-2.208106452599167824e-04
6.371455192565917969e+00,4.694104194641113281e+00,7.246463298797607422e+00,9.999225139617919922e-01,8.847088553011417389e-03,2.519737463444471359e-03,8.386570028960704803e-03
4.656801700592041016e+00,5.373041629791259766e-01,2.567754268646240234e+00,9.999929666519165039e-01,1.524990075267851353e-03,-2.859325846657156944e-03,1.921139308251440525e-03
8.035632222890853882e-02,2.238922595977783203e+00,5.771394252777099609e+00,9.999964237213134766e-01,1.196644152514636517e-04,-2.496216446161270142e-03,-9.259147918783128262e-04
2.043866872787475586e+00,3.860727310180664062e+00,1.626586318016052246e+00,9.999913573265075684e-01,3.664552699774503708e-03,1.982610207051038742e-03,2.815940242726355791e-04
6.536609649658203125e+00,5.139718055725097656e+00,5.212741851806640625e+00,9.999998211860656738e-01,-6.374531658366322517e-04,2.557389379944652319e-04,1.921550428960472345e-04
3.333925247192382812e+00,4.235200405120849609e+00,7.057359695434570312e+00,9.999994039535522461e-01,-1.977627689484506845e-04,-9.585301741026341915e-04,-6.250527221709489822e-04
6.328646659851074219e+00,3.972017288208007812e+00,2.769631862640380859e+00,9.999921321868896484e-01,1.332610496319830418e-03,-1.413565361872315407e-03,3.472488373517990112e-03
4.188713550567626953e+00,3.537912845611572266e+00,2.911152124404907227e+00,9.999980926513671875e-01,5.021779215894639492e-04,-1.917990972287952900e-03,7.207774615380913019e-05
6.647003173828125000e+00,3.880469560623168945e+00,5.240234375000000000e+00,9.998866915702819824e-01,-1.402405556291341782e-03,7.041382137686014175e-03,1.323662232607603073e-02
3.806269168853759766e-01,1.083317279815673828e+00,1.365157246589660645e+00,9.999938607215881348e-01,8.962756837718188763e-04,3.179592313244938850e-03,-1.155420439317822456e-03
6.203151226043701172e+00,5.528697013854980469e+00,2.883701324462890625e+00,9.999997019767761230e-01,-6.525382632389664650e-04,5.571906222030520439e-04,1.597252994542941451e-04
3.017627716064453125e+00,4.660046100616455078e+00,2.130879402160644531e+00,9.999992251396179199e-01,9.671040461398661137e-04,7.242042338475584984e-04,2.612564421724528074e-04
1.779772758483886719e+00,1.072113037109375000e+00,7.148273944854736328e+00,9.999995827674865723e-01,-5.222389008849859238e-04,7.633686764165759087e-04,-1.263035373995080590e-04
6.112315177917480469e+00,2.666296243667602539e+00,2.344728946685791016e+00,9.997615814208984375e-01,-1.234842091798782349e-02,1.752215065062046051e-02,4.161658231168985367e-03
4.189125597476959229e-01,3.128213167190551758e+00,6.601557254791259766e+00,9.999951124191284180e-01,-2.103962004184722900e-03,2.337726298719644547e-03,1.203594729304313660e-04
7.092281818389892578e+00,6.703044891357421875e+00,4.759912014007568359e+00,9.999996423721313477e-01,6.705524865537881851e-04,-2.048380119958892465e-04,-5.125238676555454731e-04
3.036431223154067993e-02,2.087649822235107422e+00,1.969800293445587158e-01,9.999134540557861328e-01,1.079104747623205185e-02,-7.176799234002828598e-03,2.288161311298608780e-03
1.286759853363037109e+00,4.458946704864501953e+00,6.461433887481689453e+00,9.999898672103881836e-01,-3.252049675211310387e-03,9.063325705938041210e-04,3.000793745741248131e-03
5.416172981262207031e+00,4.462176799774169922e+00,2.810291290283203125e+00,9.999924898147583008e-01,-4.607897135429084301e-04,3.439130261540412903e-03,1.748802023939788342e-03
6.938361644744873047e+00,4.079021513462066650e-01,6.539098739624023438e+00,9.999724030494689941e-01,-7.486872491426765919e-04,-4.290896467864513397e-03,6.025269161909818649e-03
1.709210395812988281e+00,7.084610939025878906e+00,2.035564422607421875e+00,9.999978542327880859e-01,-1.462072832509875298e-04,-1.343671930953860283e-03,-1.626417040824890137e-03
5.018891692161560059e-01,2.746060848236083984e+00,3.232487678527832031e+00,9.999557733535766602e-01,1.250411500222980976e-03,-1.265489729121327400e-03,-9.239006787538528442e-03
7.233237743377685547e+00,7.087246894836425781e+00,6.676481246948242188e+00,9.999987483024597168e-01,-5.190261290408670902e-04,1.371823716908693314e-03,6.358150858432054520e-04
1.348189592361450195e+00,6.084702014923095703e+00,4.118296146392822266e+00,9.999647140502929688e-01,-6.631669588387012482e-03,-5.125663243234157562e-03,6.701172678731381893e-04
2.268945455551147461e+00,2.168306589126586914e+00,4.089330673217773438e+00,9.999985694885253906e-01,9.477824205532670021e-04,-1.402844907715916634e-03,7.356901915045455098e-05
6.195164322853088379e-01,7.300501346588134766e+00,9.647665619850158691e-01,9.998736977577209473e-01,-9.841819293797016144e-03,1.118688751012086868e-02,5.535059142857789993e-03
3.264719724655151367e+00,6.340605258941650391e+00,5.047354698181152344e+00,9.999902844429016113e-01,-3.013588255271315575e-03,-4.044173110742121935e-04,-3.208319656550884247e-03
5.401105403900146484e+00,6.323777198791503906e+00,3.287113904953002930e+00,9.998189210891723633e-01,9.328747168183326721e-03,1.632018387317657471e-02,2.964344806969165802e-03
2.870061874389648438e+00,1.828812956809997559e+00,6.647675633430480957e-01,9.999985098838806152e-01,-1.509889261797070503e-03,2.247774100396782160e-04,7.675051456317305565e-04
8.193606138229370117e-01,6.401316165924072266e+00,5.594416618347167969e+00,9.999995827674865723e-01,-6.919644074514508247e-04,3.124946670141071081e-05,7.290837238542735577e-04
3.668169021606445312e+00,7.394809246063232422e+00,3.805398225784301758e+00,9.999995231628417969e-01,-1.425142399966716766e-04,-3.118921886198222637e-04,9.890409419313073158e-04
4.607346057891845703e+00,2.082446515560150146e-01,2.666484415531158447e-01,9.999726414680480957e-01,-2.169923624023795128e-03,-7.063699420541524887e-03,5.159597494639456272e-04
1.215355515480041504e+00,2.321467399597167969e+00,1.187229514122009277e+00,9.999998211860656738e-01,-5.742987268604338169e-04,2.331501164007931948e-04,3.645916294772177935e-04
9.732545912265777588e-02,7.473456859588623047e+00,5.903990268707275391e-01,9.999991059303283691e-01,-6.937647704035043716e-04,-1.117214327678084373e-03,-1.923583477037027478e-04
5.036321640014648438e+00,4.979782581329345703e+00,7.512911558151245117e-01,9.999979734420776367e-01,-1.414058206137269735e-04,-1.999140717089176178e-03,1.934319880092516541e-04
3.229253053665161133e+00,3.381641387939453125e+00,6.108680963516235352e-01,9.998754858970642090e-01,-9.430367499589920044e-03,1.111735706217586994e-03,-1.260472461581230164e-02
4.334312438964843750e+00,1.549200415611267090e+00,6.975824832916259766e+00,9.998719692230224609e-01,9.904585778713226318e-03,6.167470011860132217e-03,1.095849182456731796e-02
3.889320373535156250e+00,7.287981986999511719e+00,6.716667652130126953e+00,9.999335408210754395e-01,6.594819016754627228e-03,-2.884076675400137901e-03,9.004251100122928619e-03
2.264200001955032349e-01,4.401680469512939453e+00,1.756416559219360352e-01,9.999985098838806152e-01,-1.092429854907095432e-03,-1.312559237703680992e-03,3.745108842849731445e-04
1.306328773498535156e+00,6.655258178710937500e+00,6.290572285652160645e-01,9.997974634170532227e-01,-2.008741255849599838e-03,-1.303495280444622040e-02,-1.520520634949207306e-02
7.497054576873779297e+00,4.997359216213226318e-01,2.074728727340698242e+00,1.000000000000000000e+00,1.112459431169554591e-04,-3.486780915409326553e-04,3.661281880340538919e-05
7.114361286163330078e+00,3.964116573333740234e+00,5.413962364196777344e+00,9.999950528144836426e-01,-7.012353744357824326e-04,2.982161939144134521e-03,7.832600967958569527e-04
5.249356746673583984e+00,5.868173599243164062e+00,4.766595363616943359e+00,9.999875426292419434e-01,3.537796204909682274e-03,1.940397050930187106e-04,3.515011863783001900e-03
6.633576393127441406e+00,5.730551242828369141e+00,1.929708957672119141e+00,9.999963641166687012e-01,2.151322551071643829e-03,3.799680271185934544e-04,1.600432908162474632e-03
1.066170811653137207e+00,5.770057201385498047e+00,6.180609226226806641e+00,9.999946355819702148e-01,-1.241643913090229034e-03,2.809550147503614426e-03,-1.216957229189574718e-03
2.976647138595581055e+00,3.328943967819213867e+00,7.452568054199218750e+00,9.999997615814208984e-01,3.845479659503325820e-05,-7.815235294401645660e-04,3.087445293203927577e-06
3.450235128402709961e+00,1.150051057338714600e-01,5.101340293884277344e+00,9.999998211860656738e-01,2.419424417894333601e-04,2.941169368568807840e-04,-5.892473272979259491e-04
2.426796436309814453e+00,3.321848154067993164e+00,5.814866065979003906e+00,9.999923706054687500e-01,-3.560652025043964386e-03,-1.520480844192206860e-03,-5.136599647812545300e-04
5.066109657287597656e+00,4.458786487579345703e+00,3.759748637676239014e-01,9.999998807907104492e-01,2.039066930592525750e-05,-4.241609422024339437e-04,-1.842428173404186964e-04
2.810983180999755859e+00,8.116956353187561035e-01,1.971230387687683105e+00,9.999552369117736816e-01,-1.867112470790743828e-03,9.194906800985336304e-03,-1.267505926080048084e-03
3.744685411453247070e+00,5.663743495941162109e+00,1.154291391372680664e+00,9.999915361404418945e-01,1.570464926771819592e-03,1.695669139735400677e-03,-3.429661737754940987e-03
1.457119107246398926e+00,3.905905723571777344e+00,2.325349330902099609e+00,9.999982118606567383e-01,1.854476984590291977e-03,-5.314282607287168503e-04,-1.207244640681892633e-04
6.250074863433837891e+00,6.632858276367187500e+00,9.958029389381408691e-01,9.999967217445373535e-01,-9.513805271126329899e-04,-1.768055022694170475e-03,-1.628827420063316822e-03
2.259507656097412109e+00,5.002246379852294922e+00,2.737686634063720703e+00,9.999920129776000977e-01,8.148144115693867207e-04,-2.214906970039010048e-03,-3.247139742597937584e-03
5.003672122955322266e+00,2.507991075515747070e+00,5.081146240234375000e+00,9.998828172683715820e-01,6.826601456850767136e-03,-1.368235796689987183e-02,-8.275685249827802181e-04
3.419886589050292969e+00,6.395095825195312500e+00,1.280542612075805664e+00,9.999995231628417969e-01,4.219682887196540833e-04,2.600052976049482822e-04,-9.005527826957404613e-04
4.718384444713592529e-01,7.642489671707153320e-01,6.628479957580566406e+00,9.999930262565612793e-01,3.115190891548991203e-03,4.582148103509098291e-04,-2.027197275310754776e-03
3.158616065979003906e+00,5.482663154602050781e+00,5.795593261718750000e+00,9.999753832817077637e-01,-6.699112127535045147e-04,1.848939689807593822e-03,6.737279705703258514e-03
5.968677997589111328e-01,3.545768499374389648e+00,3.124398946762084961e+00,9.999302625656127930e-01,-4.837255924940109253e-03,-1.055576652288436890e-02,-2.156672533601522446e-03
4.292538642883300781e+00,4.141908645629882812e+00,4.072515964508056641e+00,9.999952316284179688e-01,1.110788551159203053e-03,-5.673950654454529285e-04,-2.851810771971940994e-03
3.895706892013549805e+00,2.759497642517089844e+00,5.204562187194824219e+00,9.999350309371948242e-01,1.070445869117975235e-03,-8.328398689627647400e-03,7.719223853200674057e-03
1.664023876190185547e+00,4.794743537902832031e+00,6.646643638610839844e+00,9.999909996986389160e-01,-1.145215937867760658e-04,1.592875574715435505e-03,3.924273885786533356e-03
3.866698503494262695e+00,1.557831287384033203e+00,3.955378532409667969e+00,9.999960660934448242e-01,-2.586016664281487465e-03,-9.271263843402266502e-04,-7.050614221952855587e-04
6.114531040191650391e+00,9.268553555011749268e-02,5.122461795806884766e+00,9.999995231628417969e-01,-2.843468682840466499e-04,9.004606981761753559e-04,-3.293087938800454140e-04
1.481939315795898438e+00,1.972320437431335449e+00,6.101591110229492188e+00,9.999930858612060547e-01,3.189620794728398323e-03,1.591588021256029606e-03,-1.129421987570822239e-03
2.579461097717285156e+00,5.982186317443847656e+00,2.925097465515136719e+00,9.999999403953552246e-01,-2.739103219937533140e-04,1.307311031268909574e-04,4.532417515292763710e-04
3.463727712631225586e+00,1.994400382041931152e+00,7.188395500183105469e+00,9.999945163726806641e-01,2.318087033927440643e-03,-6.737780640833079815e-04,-2.251685364171862602e-03
1.869863748550415039e+00,3.223412275314331055e+00,5.479661464691162109e+00,9.998662471771240234e-01,-1.285557262599468231e-02,8.729150518774986267e-03,-5.106102209538221359e-03
3.405515193939208984e+00,1.370719313621520996e+00,4.842340946197509766e+00,9.998854994773864746e-01,8.675697259604930878e-03,1.218675449490547180e-02,2.318034647032618523e-03
1.237222909927368164e+00,6.831727981567382812e+00,6.691958427429199219e+00,9.999455809593200684e-01,8.632682263851165771e-03,5.854564718902111053e-03,-1.885547244455665350e-04
6.238427639007568359e+00,1.379036545753479004e+00,7.051223754882812500e+00,9.999995231628417969e-01,-1.081883310689590871e-04,8.790008141659200191e-04,4.658621619455516338e-04
5.419597625732421875e+00,2.943335294723510742e+00,9.299420714378356934e-01,9.999326467514038086e-01,-6.098751910030841827e-03,-1.319589326158165932e-03,9.787029586732387543e-03
9.388390183448791504e-01,3.249669075012207031e+00,7.029932141304016113e-01,9.999898672103881836e-01,1.143537112511694431e-03,-2.049389760941267014e-03,-3.849950153380632401e-03
2.321973294019699097e-01,2.352230072021484375e+00,2.147509574890136719e+00,9.999951124191284180e-01,9.510410018265247345e-04,-2.679989673197269440e-03,1.352571416646242142e-03
3.374564170837402344e+00,6.050878047943115234e+00,5.163964271545410156e+00,9.999927878379821777e-01,-8.737804018892347813e-04,-3.626472083851695061e-03,-8.139506098814308643e-04
7.359141349792480469e+00,2.574276685714721680e+00,5.910686492919921875e+00,9.999952912330627441e-01,2.117432188242673874e-03,-1.298360526561737061e-03,-1.830922788940370083e-03
3.053367137908935547e+00,3.106901168823242188e+00,3.077217042446136475e-01,9.999567270278930664e-01,3.569272812455892563e-04,-5.871258676052093506e-03,7.209115661680698395e-03
4.106596469879150391e+00,5.132327079772949219e+00,4.565720558166503906e+00,9.999979138374328613e-01,5.896897055208683014e-04,-1.957383705303072929e-03,4.115201591048389673e-04
4.101626574993133545e-01,3.001965284347534180e-01,4.502867221832275391e+00,9.999336600303649902e-01,-5.057789385318756104e-03,-3.845816012471914291e-03,-9.606753475964069366e-03
7.400564670562744141e+00,5.435997009277343750e+00,3.044810056686401367e+00,9.999938607215881348e-01,-2.465665806084871292e-03,-2.368703484535217285e-03,-8.190847001969814301e-04
5.016603946685791016e+00,5.914007186889648438e+00,1.715373754501342773e+00,9.998406171798706055e-01,-1.044475939124822617e-02,-1.124965492635965347e-02,-9.119136258959770203e-03
5.815555572509765625e+00,7.206883430480957031e-01,7.475469589233398438e+00,9.999573826789855957e-01,-3.947855904698371887e-03,-4.297340288758277893e-03,7.150339893996715546e-03
4.825481891632080078e+00,1.488047599792480469e+00,6.302648067474365234e+00,9.999997615814208984e-01,7.318044663406908512e-04,-1.517297496320679784e-04,2.703049394767731428e-04
2.951569557189941406e+00,5.525071620941162109e+00,1.062004685401916504e+00,9.999995827674865723e-01,1.322572497883811593e-04,4.847143136430531740e-04,8.429651497863233089e-04
4.547243118286132812e-01,7.483313083648681641e+00,4.474235057830810547e+00,9.999845027923583984e-01,-1.047872938215732574e-03,-2.514369320124387741e-03,-4.858652129769325256e-03
2.584422349929809570e+00,3.834496974945068359e+00,5.770548343658447266e+00,9.999731779098510742e-01,3.187181893736124039e-03,-5.912933032959699631e-03,-2.931918483227491379e-03
6.858224868774414062e+00,6.457989215850830078e-01,7.341759681701660156e+00,9.999985098838806152e-01,-4.788526857737451792e-04,1.505216700024902821e-03,7.966817938722670078e-04
3.726687431335449219e+00,2.552391529083251953e+00,4.924510955810546875e+00,9.998617768287658691e-01,-3.241222817450761795e-03,1.627364754676818848e-02,-1.097018131986260414e-03
2.187977075576782227e+00,7.450527191162109375e+00,7.472004890441894531e+00,9.999991655349731445e-01,-9.280334925279021263e-04,9.021169389598071575e-04,-3.078229783568531275e-04
4.785441875457763672e+00,5.541140079498291016e+00,6.713577747344970703e+00,9.999967217445373535e-01,2.318034879863262177e-03,8.471655746689066291e-05,-1.137498882599174976e-03
6.912675857543945312e+00,7.413462162017822266e+00,6.087979078292846680e-01,9.999932050704956055e-01,-4.895476158708333969e-04,-3.526930930092930794e-03,-9.734139894135296345e-04
4.620505571365356445e-01,2.051825284957885742e+00,3.104984045028686523e+00,9.999957680702209473e-01,-1.416051090927794576e-04,-7.919563795439898968e-04,-2.819446148350834846e-03
3.601054906845092773e+00,3.849060058593750000e+00,5.367849826812744141e+00,9.999979734420776367e-01,-1.768188667483627796e-03,-3.969970275647938251e-04,9.442484006285667419e-04
2.184818267822265625e+00,5.666523933410644531e+00,4.984433650970458984e+00,9.999442696571350098e-01,3.140976419672369957e-03,-9.825751185417175293e-03,2.261167857795953751e-03
7.536740303039550781e-01,7.558985352516174316e-01,6.874000072479248047e+00,9.999986290931701660e-01,-9.210690623149275780e-04,6.955062272027134895e-04,-1.259006443433463573e-03
7.102731704711914062e+00,6.468702316284179688e+00,1.400183677673339844e+00,9.999948143959045410e-01,-2.863215515390038490e-03,1.143491128459572792e-03,9.730505407787859440e-04
7.110777854919433594e+00,3.220644235610961914e+00,6.939726352691650391e+00,9.999801516532897949e-01,-2.840830245986580849e-03,2.288141986355185509e-03,5.149054806679487228e-03
2.297487497329711914e+00,1.976831555366516113e-01,2.361907720565795898e+00,9.999710917472839355e-01,1.647362019866704941e-03,6.417342461645603180e-03,3.735928796231746674e-03
5.504640579223632812e+00,5.433148860931396484e+00,2.533258438110351562e+00,9.999961256980895996e-01,-2.788776764646172523e-04,1.894763903692364693e-03,2.057039644569158554e-03
2.368098020553588867e+00,1.212639451026916504e+00,9.733848571777343750e-01,9.999964237213134766e-01,3.535903815645724535e-04,1.590660307556390762e-03,2.159067895263433456e-03
7.077752113342285156e+00,5.060727596282958984e+00,5.526160240173339844e+00,9.999990463256835938e-01,-9.139744215644896030e-04,5.066997837275266647e-04,-8.806989062577486038e-04
4.673635005950927734e+00,1.068615674972534180e+00,1.284265995025634766e+00,9.999630451202392578e-01,-4.189142491668462753e-03,7.453264668583869934e-03,9.594556177034974098e-04
5.721660137176513672e+00,5.324006080627441406e+00,2.264862775802612305e+00,9.999953508377075195e-01,-2.462695410940796137e-04,2.382755512371659279e-03,1.935050706379115582e-03
1.592407345771789551e+00,5.248277664184570312e+00,1.997571825981140137e+00,9.999709725379943848e-01,-4.002491012215614319e-03,3.241154598072171211e-03,5.623948760330677032e-03
3.175435066223144531e+00,7.417356967926025391e+00,4.214220046997070312e+00,9.999992251396179199e-01,1.074350788258016109e-03,-7.054512389004230499e-04,-2.943986619357019663e-04
2.786600589752197266e+00,1.327266097068786621e-01,6.712126731872558594e+00,9.999574422836303711e-01,3.597862785682082176e-03,-6.473918911069631577e-03,5.499269347637891769e-03
6.866616010665893555e-01,4.352584838867187500e+00,6.710742473602294922e+00,9.999921917915344238e-01,2.757089212536811829e-03,-2.841437933966517448e-03,2.580895088613033295e-04
4.464019298553466797e+00,3.508365154266357422e+00,1.586340665817260742e+00,9.999977350234985352e-01,1.518258941359817982e-03,1.458884682506322861e-03,2.671437687240540981e-04
5.216051101684570312e+00,2.976187705993652344e+00,3.330033540725708008e+00,9.999977946281433105e-01,1.873221946880221367e-03,6.384972948580980301e-04,8.119894191622734070e-04
4.112089872360229492e-01,5.282563209533691406e+00,2.624970436096191406e+00,9.999999403953552246e-01,-6.641456366196507588e-06,-3.515954012982547283e-04,-3.430500219110399485e-04
4.486430168151855469e+00,3.605108976364135742e+00,2.737051486968994141e+00,9.999951720237731934e-01,-3.672112070489674807e-04,-2.763584489002823830e-03,1.395960571244359016e-03
4.376044273376464844e+00,3.310925006866455078e+00,4.713760375976562500e+00,9.999983310699462891e-01,-3.479320148471742868e-04,1.608425867743790150e-03,8.459904929623007774e-04
9.041904211044311523e-01,4.625247001647949219e+00,4.766702175140380859e+00,9.999955892562866211e-01,1.868903753347694874e-03,2.009690215345472097e-04,-2.316860482096672058e-03
3.362061500549316406e+00,6.275436401367187500e+00,1.672442913055419922e+00,9.999997019767761230e-01,-5.518200341612100601e-04,1.956797350430861115e-04,-5.133589729666709900e-04
4.308614253997802734e+00,5.717225551605224609e+00,3.356459140777587891e+00,9.999290704727172852e-01,1.348279300145804882e-03,1.166408043354749680e-02,-2.003376837819814682e-03
5.691396594047546387e-01,6.318295478820800781e+00,1.134439229965209961e+00,9.999891519546508789e-01,1.653441344387829304e-03,-3.404215676710009575e-03,-2.722510369494557381e-03
5.747752189636230469e+00,7.379188537597656250e+00,2.223475724458694458e-01,9.999867081642150879e-01,-1.861329423263669014e-03,1.644436502829194069e-03,4.528702702373266220e-03
4.388302803039550781e+00,7.331062793731689453e+00,4.506562232971191406e+00,9.999893307685852051e-01,4.321012180298566818e-03,-1.436774735338985920e-03,7.365194614976644516e-04
7.452896595001220703e+00,1.647164821624755859e+00,6.568698406219482422e+00,9.996820688247680664e-01,-5.899417679756879807e-03,1.470408961176872253e-02,1.961612515151500702e-02
4.193302631378173828e+00,2.307006597518920898e+00,3.798106908798217773e-01,9.999639987945556641e-01,8.174191229045391083e-03,-1.479843864217400551e-03,1.742682536132633686e-03
1.985762953758239746e+00,7.241764068603515625e+00,5.290861606597900391e+00,9.999996423721313477e-01,2.785027900245040655e-04,6.061733001843094826e-04,5.879337550140917301e-04
3.208184480667114258e+00,2.680108323693275452e-02,1.678729891777038574e+00,9.999992847442626953e-01,-1.102566253393888474e-03,5.742728244513273239e-04,1.603824057383462787e-04
6.172770500183105469e+00,1.269302487373352051e+00,2.122492313385009766e+00,9.999833703041076660e-01,-7.266326574608683586e-04,-4.194850102066993713e-03,3.889504121616482735e-03
2.688599824905395508e+00,4.032708644866943359e+00,1.593872904777526855e+00,9.999871850013732910e-01,2.969370223581790924e-03,4.001553170382976532e-03,9.719527442939579487e-04
3.828739881515502930e+00,6.725087165832519531e+00,3.336068391799926758e+00,9.999940991401672363e-01,2.657703589648008347e-03,1.244320999830961227e-03,1.770967035554349422e-03
5.714292049407958984e+00,4.557219982147216797e+00,3.215399742126464844e+00,9.999976754188537598e-01,-2.084437059238553047e-03,-1.321651234320597723e-05,6.857423577457666397e-04
3.001134872436523438e+00,4.749292850494384766e+00,6.732133030891418457e-01,9.999972581863403320e-01,-9.730322053655982018e-04,2.084115985780954361e-04,2.103144768625497818e-03
1.932789206504821777e+00,4.607350826263427734e+00,6.777683258056640625e+00,9.999673962593078613e-01,-7.007412146776914597e-03,8.037449442781507969e-04,3.946423530578613281e-03
-2.742320066317915916e-04,3.841693878173828125e+00,4.681058883666992188e+00,9.999975562095642090e-01,1.482745981775224209e-03,1.483626780100166798e-03,7.824299973435699940e-04
2.530183315277099609e+00,7.376219272613525391e+00,5.526702880859375000e+00,9.999987483024597168e-01,1.242520054802298546e-03,-8.363211527466773987e-04,-4.846047668252140284e-04
7.290079116821289062e+00,6.130430698394775391e+00,4.776500701904296875e+00,9.999963045120239258e-01,-5.428555887192487717e-04,-1.283127930946648121e-03,-2.337669953703880310e-03
1.142685651779174805e+00,5.873268127441406250e+00,2.476759195327758789e+00,9.999918341636657715e-01,2.049795817583799362e-03,2.807589713484048843e-03,-2.103780163452029228e-03
2.152879238128662109e+00,5.114987850189208984e+00,3.921709775924682617e+00,9.999951720237731934e-01,4.950346774421632290e-04,-2.398858312517404556e-03,1.930283149704337120e-03
4.135601997375488281e+00,7.265364170074462891e+00,4.096658229827880859e+00,9.999986886978149414e-01,-1.487257657572627068e-03,6.287644500844180584e-04,-1.185521341540152207e-05
1.722283244132995605e+00,2.842252969741821289e+00,3.133982896804809570e+00,9.999928474426269531e-01,-2.838730579242110252e-03,-1.032819505780935287e-03,-2.266408177092671394e-03
6.361853599548339844e+00,7.270665168762207031e+00,4.442659378051757812e+00,9.997043609619140625e-01,2.199175022542476654e-02,3.351203398779034615e-03,-9.821628220379352570e-03
3.799227237701416016e+00,4.266469001770019531e+00,3.413144648075103760e-01,9.999005794525146484e-01,4.574343562126159668e-03,7.614743895828723907e-03,1.095393113791942596e-02
3.844215869903564453e+00,1.026844501495361328e+00,4.475721359252929688e+00,9.998781085014343262e-01,-7.568921428173780441e-03,1.548157772049307823e-03,1.357417088001966476e-02
5.555563926696777344e+00,4.212870821356773376e-02,4.144371509552001953e+00,9.999969601631164551e-01,-1.393480459228157997e-03,9.955061832442879677e-04,-1.777375815436244011e-03
6.977109909057617188e+00,9.406116604804992676e-01,6.753578662872314453e+00,9.999898672103881836e-01,-3.191626397892832756e-03,3.093295497819781303e-03,-8.010032470338046551e-04
2.765302658081054688e+00,5.947784423828125000e+00,2.558567762374877930e+00,9.999990463256835938e-01,5.066367448307573795e-04,-8.429847657680511475e-04,1.055530039593577385e-03
6.711515903472900391e+00,4.965996742248535156e+00,6.147068977355957031e+00,9.999936223030090332e-01,3.747663286048918962e-04,3.534237155690789223e-03,5.003486876375973225e-04
6.183993816375732422e+00,6.672975540161132812e+00,4.670495092868804932e-01,9.999987483024597168e-01,-1.159014413133263588e-03,1.938185596372932196e-05,-1.134846592321991920e-03
2.742756843566894531e+00,2.272343873977661133e+00,6.102492332458496094e+00,9.999995231628417969e-01,1.890759012894704938e-04,7.716066320426762104e-04,-6.772693595848977566e-04
2.463739633560180664e+00,2.581544220447540283e-01,6.784386634826660156e+00,9.999961853027343750e-01,5.483813583850860596e-04,2.437243238091468811e-03,-1.196992001496255398e-03
6.259200572967529297e+00,1.199267029762268066e+00,5.245449066162109375e+00,9.999953508377075195e-01,2.704121405258774757e-03,-1.334139844402670860e-03,5.698692402802407742e-04
4.736849784851074219e+00,4.003712177276611328e+00,2.546124696731567383e+00,9.999959468841552734e-01,1.474471879191696644e-03,3.095552674494683743e-04,-2.427307888865470886e-03
4.759340286254882812e+00,3.378378868103027344e+00,3.905561447143554688e+00,9.999949932098388672e-01,5.783584201708436012e-04,-3.084446070715785027e-03,-3.391511854715645313e-04
7.126018047332763672e+00,3.116274595260620117e+00,8.812494277954101562e-01,9.999615550041198730e-01,-1.274825423024594784e-03,-8.057751692831516266e-03,3.220663871616125107e-03
5.226254940032958984e+00,2.041924476623535156e+00,7.168038368225097656e+00,9.999999403953552246e-01,5.387277633417397738e-05,1.143990302807651460e-04,4.922142252326011658e-04
7.331982612609863281e+00,2.183955669403076172e+00,2.489974021911621094e+00,9.999987483024597168e-01,-3.774983633775264025e-04,1.191007904708385468e-03,1.041963929310441017e-03
2.400191783905029297e+00,6.318751335144042969e+00,2.641212940216064453e+00,9.999780058860778809e-01,5.000744931749068201e-05,4.073534160852432251e-03,5.241333972662687302e-03
7.001368522644042969e+00,3.001064062118530273e+00,1.154942631721496582e+00,9.996762871742248535e-01,-1.569734327495098114e-02,-1.439175754785537720e-02,-1.392237842082977295e-02
5.820817470550537109e+00,3.047266721725463867e+00,6.353855729103088379e-01,9.999960064888000488e-01,-5.618057330138981342e-04,-2.068489324301481247e-03,-1.840845099650323391e-03
5.013887405395507812e+00,2.832145214080810547e+00,2.185852527618408203e+00,9.999993443489074707e-01,-6.783130083931609988e-05,-8.875794010236859322e-04,-8.153452072292566299e-04
6.379402160644531250e+00,8.471448421478271484e-01,5.565005779266357422e+00,9.999758601188659668e-01,1.990371150895953178e-03,6.140390411019325256e-03,2.565943403169512749e-03
4.611508846282958984e+00,8.974047303199768066e-01,2.436384439468383789e+00,9.999487996101379395e-01,-4.056523554027080536e-03,-9.263698942959308624e-03,-4.631864721886813641e-04
1.860403418540954590e+00,2.156341552734375000e+00,6.380333900451660156e+00,9.999278187751770020e-01,6.217183545231819153e-03,1.008847542107105255e-02,1.961804460734128952e-03
4.533892631530761719e+00,5.561789512634277344e+00,5.757918357849121094e+00,9.997918605804443359e-01,-1.230852212756872177e-02,1.618007570505142212e-02,1.744185457937419415e-03
4.043160915374755859e+00,9.568221569061279297e-01,5.098252296447753906e+00,9.999836087226867676e-01,-2.914124401286244392e-03,-3.684099996462464333e-03,-3.284203121438622475e-03
8.597195744514465332e-01,1.554881811141967773e+00,2.418664216995239258e+00,9.999995827674865723e-01,-3.173585573676973581e-04,1.608986640349030495e-04,9.551117545925080776e-04
7.168962478637695312e+00,4.853575706481933594e+00,6.698201656341552734e+00,9.999938607215881348e-01,-2.588724019005894661e-03,-1.685727853327989578e-03,1.640567439608275890e-03
2.714369773864746094e+00,7.389517784118652344e+00,2.039920091629028320e+00,9.999462962150573730e-01,6.690714973956346512e-03,1.509180525317788124e-03,7.770680822432041168e-03
5.684806346893310547e+00,1.942675352096557617e+00,5.343657016754150391e+00,9.999681711196899414e-01,-1.960021676495671272e-03,-6.660421378910541534e-03,3.936273511499166489e-03
5.767017364501953125e+00,1.896244049072265625e+00,2.442542314529418945e+00,9.999988079071044922e-01,-4.646888992283493280e-04,9.702658862806856632e-04,-1.169529394246637821e-03
8.986117243766784668e-01,6.845635414123535156e+00,2.742751836776733398e+00,9.999868273735046387e-01,-6.060845043975859880e-05,-9.165082010440528393e-04,5.052123684436082840e-03
3.577649593353271484e+00,5.593506813049316406e+00,6.590601444244384766e+00,9.999928474426269531e-01,-2.219697635155171156e-04,3.332434222102165222e-03,1.787981833331286907e-03
5.739079475402832031e+00,4.492080211639404297e+00,4.974146366119384766e+00,9.999703764915466309e-01,6.933897268027067184e-03,-3.292572451755404472e-03,5.796203040517866611e-04
4.838901519775390625e+00,1.083425641059875488e+00,5.335422515869140625e+00,9.999986290931701660e-01,-1.634753542020916939e-03,-7.996969361556693912e-05,4.228895413689315319e-04
6.389123201370239258e-01,3.156711816787719727e+00,1.164650082588195801e+00,9.999996423721313477e-01,3.177853941451758146e-04,-2.551924844738095999e-04,-8.072410710155963898e-04
3.446558713912963867e+00,5.985013008117675781e+00,7.244897842407226562e+00,9.999849200248718262e-01,-4.585624265018850565e-04,5.471931304782629013e-03,1.124522095778957009e-04
1.768162846565246582e-01,6.975793361663818359e+00,4.451590538024902344e+00,9.998602867126464844e-01,-1.456805155612528324e-03,1.131511759012937546e-02,-1.221880689263343811e-02
2.285097241401672363e-01,1.471691250801086426e+00,5.279414653778076172e+00,9.999988079071044922e-01,-4.963231040164828300e-04,1.513391034677624702e-03,-7.183611160144209862e-05
2.498161554336547852e+00,5.135120391845703125e+00,6.004304885864257812e+00,9.999308586120605469e-01,-8.211432956159114838e-03,-6.446552928537130356e-03,-5.413851235061883926e-03
2.730000019073486328e+00,6.483123779296875000e+00,3.399019002914428711e+00,9.998314976692199707e-01,1.581712439656257629e-02,-8.787856437265872955e-03,-3.094477578997612000e-03
2.305766344070434570e+00,6.016777992248535156e+00,1.165846347808837891e+00,9.999981522560119629e-01,1.548043685033917427e-03,-1.134809805080294609e-03,3.044010190933477134e-05
4.838793873786926270e-01,2.782814025878906250e+00,5.169246196746826172e+00,9.999994039535522461e-01,-8.535875240340828896e-04,5.366827826946973801e-04,4.565285635180771351e-04
5.363015174865722656e+00,6.765164375305175781e+00,4.241721153259277344e+00,9.999987483024597168e-01,2.511287166271358728e-04,1.117495005019009113e-03,1.131727010942995548e-03
5.376853942871093750e+00,4.959513664245605469e+00,5.206222057342529297e+00,9.999201297760009766e-01,-3.182070096954703331e-03,3.538628807291388512e-03,1.170835457742214203e-02
1.679427027702331543e+00,4.999821186065673828e-01,6.168477058410644531e+00,9.999998211860656738e-01,-4.675993404816836119e-04,4.157792718615382910e-04,-2.411893074167892337e-04
8.467492461204528809e-02,8.874874114990234375e-01,3.708766222000122070e+00,1.000000000000000000e+00,-3.541887053870595992e-05,2.898778620874509215e-05,-4.007395182270556688e-04
1.485884666442871094e+00,4.171586513519287109e+00,3.235288143157958984e+00,9.999957680702209473e-01,-2.305287925992161036e-04,1.656474662013351917e-03,-2.415478695183992386e-03
3.851048648357391357e-02,1.342990517616271973e+00,6.664330482482910156e+00,9.998055100440979004e-01,-1.249014050699770451e-03,-1.261059776879847050e-03,-1.964132860302925110e-02
1.119415909051895142e-01,5.725015640258789062e+00,3.746060609817504883e+00,9.999989867210388184e-01,-8.815350593067705631e-04,-1.679946763033512980e-05,1.178086968138813972e-03
1.257898926734924316e+00,6.581791877746582031e+00,4.519228458404541016e+00,9.999983310699462891e-01,1.462274522054940462e-04,1.824446837417781353e-03,-2.720992488320916891e-04
7.222960948944091797e+00,2.237913846969604492e+00,3.190047740936279297e+00,9.999764561653137207e-01,-3.643914591521024704e-03,-3.083470510318875313e-03,-4.926641006022691727e-03
5.974892139434814453e+00,3.574692487716674805e+00,6.874352097511291504e-01,9.999991059303283691e-01,-1.956530322786420584e-04,-1.202646060846745968e-03,-6.236525950953364372e-04
2.139427423477172852e+00,6.423903942108154297e+00,2.466868638992309570e+00,9.999087452888488770e-01,1.129208225756883621e-02,5.029499996453523636e-03,5.459511186927556992e-03
6.543029308319091797e+00,4.510565102100372314e-01,1.937095999717712402e+00,9.999344944953918457e-01,7.030353881418704987e-03,-8.718815632164478302e-03,-2.361376304179430008e-03
3.708926677703857422e+00,5.162477970123291016e+00,2.920833587646484375e+00,9.999876022338867188e-01,1.067314296960830688e-03,3.379242552910000086e-04,-4.849123768508434296e-03
5.143519401550292969e+00,3.154993057250976562e+00,4.799894809722900391e+00,9.999909400939941406e-01,2.192616462707519531e-03,-3.589126281440258026e-03,-6.977413431741297245e-04
5.676102161407470703e+00,5.477161407470703125e+00,4.219978809356689453e+00,9.999974966049194336e-01,-2.944910083897411823e-04,2.114316215738654137e-03,7.670818595215678215e-04
1.033251643180847168e+00,7.053808689117431641e+00,3.847253561019897461e+00,9.999938607215881348e-01,-2.073714509606361389e-03,5.049597239121794701e-04,2.785247983410954475e-03
3.942019343376159668e-01,6.654722094535827637e-01,5.289146423339843750e+00,9.999995231628417969e-01,-5.021154647693037987e-04,8.224460761994123459e-04,-4.011357668787240982e-04
4.848794460296630859e+00,5.638037681579589844e+00,2.762553930282592773e+00,9.999762177467346191e-01,9.486382477916777134e-04,-9.463522001169621944e-04,-6.770270410925149918e-03
3.090169191360473633e+00,1.103000164031982422e+00,2.426054954528808594e+00,9.999991059303283691e-01,-4.942474188283085823e-04,-9.851610520854592323e-04,-8.696099394001066685e-04
3.436251401901245117e+00,1.552841216325759888e-01,6.041400432586669922e-01,9.999952912330627441e-01,-7.332500535994768143e-04,2.973669907078146935e-03,1.967861462617293000e-04
2.237870931625366211e+00,6.727452278137207031e+00,2.434072256088256836e+00,9.999954700469970703e-01,-2.185658551752567291e-03,-3.937545407097786665e-04,-2.062998712062835693e-03
4.724085330963134766e+00,4.775713920593261719e+00,3.287884473800659180e+00,9.999697804450988770e-01,-5.606784019619226456e-03,-4.850708413869142532e-03,-2.361089689657092094e-03
5.478386402130126953e+00,4.889564514160156250e+00,2.691489219665527344e+00,9.999780654907226562e-01,1.567325205542147160e-03,-3.931483719497919083e-03,5.096515174955129623e-03
3.293045520782470703e+00,7.265017032623291016e-01,5.287354469299316406e+00,9.998964667320251465e-01,5.059121176600456238e-03,1.066624000668525696e-02,-8.237009868025779724e-03
4.027658939361572266e+00,3.730891704559326172e+00,2.452377080917358398e+00,9.999986290931701660e-01,6.819747504778206348e-04,-1.516148331575095654e-03,3.121849731542170048e-04
7.259180545806884766e+00,3.249296665191650391e+00,2.662501096725463867e+00,9.999476671218872070e-01,9.613097645342350006e-03,3.071351675316691399e-03,-1.685225288383662701e-03
7.122354507446289062e+00,4.222728252410888672e+00,7.437452793121337891e+00,9.999949336051940918e-01,-2.221653470769524574e-03,-1.342194620519876480e-03,-1.881339820101857185e-03
7.087346553802490234e+00,4.837722778320312500e+00,1.146887898445129395e+00,9.999985694885253906e-01,1.544364495202898979e-03,-2.637668221723288298e-04,-7.419610046781599522e-04
1.334355115890502930e+00,1.635563373565673828e+00,3.679262697696685791e-01,9.999045729637145996e-01,-1.144937612116336823e-02,7.321560755372047424e-03,-2.499512396752834320e-03
1.917743682861328125e+00,2.806794166564941406e+00,4.703181266784667969e+00,9.999957084655761719e-01,-2.860709559172391891e-03,6.681858940282836556e-05,6.665101391263306141e-04
7.023670673370361328e+00,1.612141013145446777e+00,4.506397247314453125e+00,9.999989271163940430e-01,1.745014160405844450e-04,-1.389307435601949692e-03,5.164134199731051922e-04
6.590962886810302734e+00,6.079746723175048828e+00,1.437229752540588379e+00,9.999686479568481445e-01,-2.181077143177390099e-03,-6.612687371671199799e-03,-3.779673483222723007e-03
6.824284076690673828e+00,2.710818529129028320e+00,5.706361293792724609e+00,9.998092055320739746e-01,-6.559361238032579422e-03,-1.883119810372591019e-03,-1.830352470278739929e-02
4.360146522521972656e+00,2.681736707687377930e+00,3.873793125152587891e+00,9.999616742134094238e-01,9.681172086857259274e-04,-8.401167578995227814e-03,2.305975183844566345e-03
5.906165838241577148e-01,2.806690216064453125e+00,4.533644676208496094e+00,9.999786615371704102e-01,5.468921270221471786e-03,-6.099447491578757763e-04,-3.544986015185713768e-03
1.854039549827575684e+00,1.390963435173034668e+00,3.496573686599731445e+00,9.999760389328002930e-01,1.865698839537799358e-03,-4.567323194351047277e-04,-6.665657740086317062e-03
1.517115905880928040e-02,1.898090958595275879e+00,6.354546546936035156e+00,9.998268485069274902e-01,-2.228066092357039452e-03,-3.003786318004131317e-03,-1.823246479034423828e-02
8.715278506278991699e-01,5.524452209472656250e+00,1.214305639266967773e+00,9.999979138374328613e-01,2.004661830142140388e-03,3.779064863920211792e-04,-4.322626045905053616e-04
2.469139546155929565e-01,6.204022407531738281e+00,3.412090539932250977e+00,9.999992251396179199e-01,-1.719985739327967167e-04,-6.725759594701230526e-04,1.060606562532484531e-03
3.745985507965087891e+00,4.860840797424316406e+00,5.503289103507995605e-01,9.999980926513671875e-01,-9.494172991253435612e-04,1.395938103087246418e-03,-9.741915273480117321e-04
4.379723072052001953e+00,5.244451522827148438e+00,3.674979925155639648e+00,9.999512434005737305e-01,3.588444087654352188e-03,-9.175392799079418182e-03,-7.217763923108577728e-04
3.468374013900756836e+00,4.712072849273681641e+00,5.360444068908691406e+00,9.999987483024597168e-01,-8.542491705156862736e-04,-1.365277101285755634e-03,-6.980123725952580571e-05
1.986466169357299805e+00,5.056006908416748047e+00,4.615419864654541016e+00,9.999998211860656738e-01,1.331413805019110441e-04,6.865467294119298458e-04,-6.328536983346566558e-05
6.765496253967285156e+00,3.450530767440795898e+00,4.565051555633544922e+00,9.999964237213134766e-01,1.692536519840359688e-03,-1.702509762253612280e-04,-2.068001544103026390e-03
3.040350377559661865e-01,6.785326004028320312e+00,6.504818439483642578e+00,9.999995827674865723e-01,-8.435507188551127911e-04,2.179021830670535564e-04,-4.568161093629896641e-04
3.449289798736572266e+00,2.087237119674682617e+00,1.624194741249084473e+00,9.999979138374328613e-01,-7.530415314249694347e-04,1.048405421897768974e-03,-1.634434214793145657e-03
2.888920307159423828e-01,3.939899682998657227e+00,6.952631473541259766e+00,9.999940991401672363e-01,2.932925475761294365e-03,-1.699080923572182655e-03,6.387798348441720009e-04
5.164672374725341797e+00,5.973702669143676758e-02,5.660806179046630859e+00,9.999967813491821289e-01,4.878363397438079119e-04,-9.781448170542716980e-04,-2.311996649950742722e-03
3.482612609863281250e+00,3.781077384948730469e+00,3.840029716491699219e+00,9.999958276748657227e-01,-8.971879651653580368e-06,6.215904140844941139e-04,-2.842355053871870041e-03
3.901811361312866211e+00,5.454146265983581543e-01,4.909743785858154297e+00,9.999942183494567871e-01,2.472572727128863335e-03,2.060040831565856934e-03,-1.173247466795146465e-03
6.802271604537963867e-01,3.711698293685913086e+00,3.671988010406494141e+00,9.998841881752014160e-01,4.294872749596834183e-03,1.031955424696207047e-02,-1.032602321356534958e-02
1.182360291481018066e+00,9.641439318656921387e-01,1.095226645469665527e+00,9.999945759773254395e-01,1.319463714025914669e-03,2.442299388349056244e-03,1.757880439981818199e-03
4.793605804443359375e+00,2.406535863876342773e+00,1.853529214859008789e+00,9.999759197235107422e-01,4.226559307426214218e-03,2.261735644424334168e-04,-5.494043231010437012e-03
7.941893339157104492e-01,2.032603979110717773e+00,6.679436683654785156e+00,9.999846816062927246e-01,1.572862500324845314e-03,5.218847189098596573e-03,-9.558452293276786804e-04
7.195918560028076172e+00,7.754200696945190430e-01,3.980734348297119141e+00,9.999675750732421875e-01,6.504002492874860764e-03,4.427626263350248337e-03,1.710555981844663620e-03
4.271661758422851562e+00,4.817493438720703125e+00,1.946473836898803711e+00,9.999514818191528320e-01,-1.163901994004845619e-03,3.469567978754639626e-03,9.147942997515201569e-03
3.273802042007446289e+00,2.439980030059814453e+00,1.475581884384155273e+00,9.999985694885253906e-01,-2.502079878468066454e-04,3.998302272520959377e-04,1.666738186031579971e-03
6.422253608703613281e+00,4.754310131072998047e+00,8.426586985588073730e-01,9.999991655349731445e-01,1.183342887088656425e-03,5.346812540665268898e-04,-1.800105383154004812e-04
5.408945560455322266e+00,1.631748318672180176e+00,4.841407537460327148e-01,9.999811053276062012e-01,-3.298323135823011398e-03,3.911206964403390884e-03,-3.408108372241258621e-03
6.463746070861816406e+00,1.084111213684082031e+00,4.274467945098876953e+00,9.999995827674865723e-01,6.734511698596179485e-04,-5.140505963936448097e-04,5.447454168461263180e-04
4.949461460113525391e+00,4.214464187622070312e+00,3.426193475723266602e+00,9.997649788856506348e-01,-6.957908160984516144e-03,-2.880307612940669060e-03,-2.032939717173576355e-02
6.882928848266601562e+00,5.819019317626953125e+00,2.889736294746398926e-01,9.999977350234985352e-01,9.463699534535408020e-04,1.396361039951443672e-04,-1.927285920828580856e-03
7.558482885360717773e-01,8.668099641799926758e-01,4.710345268249511719e+00,9.999963641166687012e-01,1.091643935069441795e-03,2.483618445694446564e-03,-2.017744554905220866e-04
6.526115894317626953e+00,3.160419940948486328e+00,6.272280216217041016e+00,9.999961256980895996e-01,-5.498772952705621719e-04,-1.490697148256003857e-03,-2.301573054865002632e-03
3.828401803970336914e+00,7.371406078338623047e+00,2.391903162002563477e+00,9.999078512191772461e-01,1.173034403473138809e-02,2.942782361060380936e-03,6.183117162436246872e-03
4.619487285614013672e+00,5.630236148834228516e+00,3.473577022552490234e+00,9.999847412109375000e-01,2.790170838125050068e-04,-5.160352680832147598e-03,-1.947128679603338242e-03
6.493349552154541016e+00,1.667246460914611816e+00,5.966447830200195312e+00,9.999989271163940430e-01,-8.760204655118286610e-04,-6.741740508005023003e-04,1.025987905450165272e-03
2.714035987854003906e+00,9.676252603530883789e-01,3.223596096038818359e+00,9.999981522560119629e-01,-7.556343334726989269e-04,-1.512427697889506817e-03,1.017307862639427185e-03
6.303049564361572266e+00,1.791034042835235596e-01,5.490287303924560547e+00,9.999986290931701660e-01,1.127050723880529404e-03,6.545133073814213276e-04,1.101705944165587425e-03
1.061152338981628418e+00,2.091560602188110352e+00,2.944328069686889648e+00,9.999958872795104980e-01,1.763244043104350567e-03,-1.670100260525941849e-03,1.553624751977622509e-03
5.090427875518798828e+00,3.283604621887207031e+00,7.298053741455078125e+00,9.999943971633911133e-01,-2.773850690573453903e-03,-9.721312671899795532e-04,-1.640517031773924828e-03
1.416589260101318359e+00,2.993734121322631836e+00,4.147360324859619141e+00,9.999999403953552246e-01,2.317043399671092629e-04,-1.531069428892806172e-04,-4.736025584861636162e-04
1.478119373321533203e+00,3.365927696228027344e+00,3.741520643234252930e+00,9.999999403953552246e-01,1.765995839377865195e-04,2.883323468267917633e-04,-4.309012438170611858e-04
6.791284561157226562e+00,1.248831272125244141e+00,4.391114711761474609e+00,9.999988675117492676e-01,7.808664813637733459e-04,-9.184520458802580833e-04,9.036180563271045685e-04
4.017433643341064453e+00,6.183502674102783203e+00,1.107460498809814453e+00,9.999988079071044922e-01,1.260695280507206917e-03,-2.936563396360725164e-04,9.441724978387355804e-04
3.790918350219726562e+00,5.797878742218017578e+00,4.762858867645263672e+00,9.999943971633911133e-01,2.359080128371715546e-03,-2.080461708828806877e-03,1.210291869938373566e-03
7.147469371557235718e-02,5.471910953521728516e+00,6.164500713348388672e+00,9.999139308929443359e-01,-3.551405097823590040e-04,-1.150636468082666397e-02,-6.294806487858295441e-03
1.733910322189331055e+00,4.097556322813034058e-02,4.138275623321533203e+00,9.999881386756896973e-01,5.769129493273794651e-04,-4.697362426668405533e-03,1.176859368570148945e-03
1.398982405662536621e+00,2.295678377151489258e+00,1.640733957290649414e+00,9.999873638153076172e-01,-4.328547511249780655e-03,2.326843095943331718e-03,1.112419762648642063e-03
7.432565689086914062e+00,5.615491390228271484e+00,7.251419067382812500e+00,9.999998807907104492e-01,-4.846875090152025223e-04,-6.642752850893884897e-05,-3.824457235168665648e-04
2.912924528121948242e+00,1.168029427528381348e+00,6.219247341156005859e+00,9.999923706054687500e-01,1.754636294208467007e-03,2.640831982716917992e-03,2.317819278687238693e-03
4.562564849853515625e+00,4.549798011779785156e+00,2.369861125946044922e+00,9.999917745590209961e-01,2.028130460530519485e-03,-3.163454122841358185e-03,-1.570908469147980213e-03
5.871884822845458984e+00,2.585936307907104492e+00,5.398976802825927734e+00,9.999958276748657227e-01,-6.643617525696754456e-04,1.160106970928609371e-03,-2.557960338890552521e-03
3.959529876708984375e+00,2.582129478454589844e+00,7.084273338317871094e+00,9.999998807907104492e-01,-8.636212442070245743e-05,4.197348898742347956e-04,-3.163099172525107861e-04
7.005889415740966797e+00,2.301379442214965820e+00,5.409069061279296875e+00,9.999223947525024414e-01,-2.944949315860867500e-03,1.171746756881475449e-02,-3.044646466150879860e-03
6.881527423858642578e+00,6.368775844573974609e+00,6.724887847900390625e+00,9.999985098838806152e-01,-1.592582557350397110e-03,7.459338667104020715e-05,7.790751988068223000e-04
5.742356777191162109e+00,4.347801208496093750e+00,5.557407379150390625e+00,9.999712705612182617e-01,-7.548802532255649567e-03,-7.667570607736706734e-04,2.157803683076053858e-04
3.133864879608154297e+00,4.607661247253417969e+00,1.827523589134216309e+00,9.999989271163940430e-01,-1.002323348075151443e-03,7.893744623288512230e-04,7.864740327931940556e-04
5.666666030883789062e+00,3.801831245422363281e+00,7.305065393447875977e-01,9.999976158142089844e-01,4.125976120121777058e-04,-1.830555265769362450e-03,-1.116736209951341152e-03
5.796627998352050781e+00,1.486191630363464355e+00,6.667221069335937500e+00,9.999985098838806152e-01,5.570782814174890518e-04,1.595902722328901291e-03,4.316621052566915751e-04
4.336668014526367188e+00,5.294217586517333984e+00,2.212189912796020508e+00,9.999698400497436523e-01,-2.300421940162777901e-03,6.177773233503103256e-03,-4.114923998713493347e-03
6.140827655792236328e+00,1.164904356002807617e+00,2.967570066452026367e+00,9.999983906745910645e-01,1.525043626315891743e-03,-1.371161924907937646e-04,1.002092496491968632e-03
5.356333732604980469e+00,4.420920372009277344e+00,1.204344868659973145e+00,9.999940991401672363e-01,-1.065509626641869545e-03,3.126549068838357925e-03,-1.012409920804202557e-03
2.076529741287231445e+00,3.574153900146484375e+00,5.330777168273925781e-01,9.999983906745910645e-01,7.933318265713751316e-04,1.443567103706300259e-03,-7.785609923303127289e-04
2.740610122680664062e+00,6.290445327758789062e+00,5.316959857940673828e+00,9.999744296073913574e-01,-2.876514801755547523e-03,1.492460723966360092e-03,-6.380036473274230957e-03
2.050186157226562500e+00,9.092413783073425293e-01,1.369767069816589355e+00,9.999991059303283691e-01,-4.902543732896447182e-04,1.193008502013981342e-03,-3.653731837403029203e-04
3.509876430034637451e-01,3.802470684051513672e+00,7.238418102264404297e+00,9.999964833259582520e-01,2.640599850565195084e-04,-2.647418528795242310e-03,1.962442474905401468e-04
1.299996733665466309e+00,6.273396015167236328e+00,6.585556507110595703e+00,9.999716281890869141e-01,-5.366723984479904175e-03,5.231948103755712509e-03,8.201405289582908154e-04
3.507704496383666992e+00,6.274000167846679688e+00,2.248358249664306641e+00,9.999988675117492676e-01,-9.147728560492396355e-04,1.015377813018858433e-03,7.222199346870183945e-04
1.610329627990722656e+00,3.060966014862060547e+00,2.846177101135253906e+00,9.999975562095642090e-01,1.633703795960173011e-04,2.198881702497601509e-03,4.257138934917747974e-04
4.394548416137695312e+00,6.060201168060302734e+00,2.234539031982421875e+00,9.999997615814208984e-01,7.021437631919980049e-04,1.534480688860639930e-04,-3.195904719177633524e-04
5.418181419372558594e+00,7.348465919494628906e-01,1.852480918169021606e-01,9.999932646751403809e-01,7.147946744225919247e-04,-7.318588322959840298e-04,3.545030718669295311e-03
5.503078937530517578e+00,7.317586898803710938e+00,5.753056049346923828e+00,9.999778866767883301e-01,4.873072975897230208e-05,-4.204811993986368179e-03,-5.156441126018762589e-03
3.461593296378850937e-03,3.803972721099853516e+00,1.269227981567382812e+00,9.999981522560119629e-01,-1.361246570013463497e-03,8.653453551232814789e-04,1.078415894880890846e-03
6.997561931610107422e+00,5.336928844451904297e+00,1.441680431365966797e+00,9.999248981475830078e-01,-9.822691790759563446e-03,-2.127190353348851204e-03,7.015194743871688843e-03
7.372611522674560547e+00,4.758154869079589844e+00,8.638565540313720703e-01,9.999978542327880859e-01,1.314873341470956802e-03,-4.465226666070520878e-04,-1.600633142516016960e-03
2.073833465576171875e+00,1.102191925048828125e+00,6.240575790405273438e+00,9.999915361404418945e-01,-2.497501904144883156e-03,3.087792312726378441e-03,1.077646273188292980e-03
5.716257095336914062e+00,3.687588930130004883e+00,3.873252391815185547e+00,9.999880194664001465e-01,-4.029258154332637787e-03,7.693457300774753094e-04,2.668754896149039268e-03
6.504729270935058594e+00,9.779387116432189941e-01,4.600517272949218750e+00,9.999975562095642090e-01,5.823544925078749657e-04,-2.128527499735355377e-03,4.367153160274028778e-04
3.878339052200317383e+00,2.919625759124755859e+00,3.695750236511230469e+00,9.999783635139465332e-01,5.931931082159280777e-03,1.702660229057073593e-03,-2.286992501467466354e-03
2.464937686920166016e+00,3.500772237777709961e+00,2.641833066940307617e+00,9.999988675117492676e-01,1.161127118393778801e-03,9.717149659991264343e-04,2.840778324753046036e-04
4.798750877380371094e+00,6.406161189079284668e-01,6.685949802398681641e+00,9.999884366989135742e-01,4.217009409330785275e-04,-1.519888290204107761e-03,4.559137392789125443e-03
1.286713600158691406e+00,5.171814918518066406e+00,1.170087218284606934e+00,9.999960660934448242e-01,-4.335567937232553959e-04,-1.796044874936342239e-03,-2.141514560207724571e-03
6.966185092926025391e+00,6.902513980865478516e+00,4.031804561614990234e+00,9.999896883964538574e-01,3.982657566666603088e-03,3.243542450945824385e-04,2.158223185688257217e-03
6.307925701141357422e+00,5.886128544807434082e-02,3.167177200317382812e+00,9.999991655349731445e-01,9.223320521414279938e-04,8.921158150769770145e-04,3.812968207057565451e-04
6.616396903991699219e+00,5.040349960327148438e+00,6.538271427154541016e+00,9.999919533729553223e-01,-6.200436037033796310e-04,2.969513414427638054e-03,2.626854693517088890e-03
4.172465324401855469e+00,6.340745091438293457e-01,2.572831153869628906e+00,9.999787807464599609e-01,2.547131385654211044e-03,-5.495199467986822128e-03,-2.427509985864162445e-03
4.724046885967254639e-01,2.576659202575683594e+00,6.124045848846435547e-01,9.999729394912719727e-01,6.006669253110885620e-03,-2.531464444473385811e-03,-3.421331988647580147e-03
6.193481922149658203e+00,2.585069656372070312e+00,6.156908035278320312e+00,9.999945163726806641e-01,1.791438902728259563e-03,-1.767337089404463768e-03,-2.196682384237647057e-03
7.148432135581970215e-01,5.928098678588867188e+00,3.877798557281494141e+00,9.999990463256835938e-01,-1.140817883424460888e-03,-8.509177714586257935e-04,8.320248889504000545e-05
5.713726997375488281e+00,6.805695533752441406e+00,4.227903842926025391e+00,9.999992251396179199e-01,1.593820488778874278e-04,-1.201574108563363552e-03,-4.915555473417043686e-04
6.032032489776611328e+00,3.142236918210983276e-02,6.486654281616210938e+00,9.999792575836181641e-01,-3.389516146853566170e-03,-1.754454802721738815e-03,5.202834028750658035e-03
3.355071067810058594e+00,4.006700992584228516e+00,4.420247554779052734e+00,9.999992251396179199e-01,-1.700610882835462689e-04,-4.990466986782848835e-04,-1.190388575196266174e-03
2.889440059661865234e+00,3.006098605692386627e-02,5.618681430816650391e+00,9.999465942382812500e-01,-7.578377611935138702e-03,-1.796000404283404350e-03,-6.794006563723087311e-03
3.996808052062988281e+00,5.243005752563476562e+00,3.930312871932983398e+00,9.999970793724060059e-01,2.311445772647857666e-03,-4.388967645354568958e-04,6.931750685907900333e-04
1.181943416595458984e+00,4.338752269744873047e+00,1.911171793937683105e+00,9.999834895133972168e-01,3.313303459435701370e-03,4.704566672444343567e-03,-6.912466778885573149e-05
2.438462018966674805e+00,6.786098480224609375e+00,1.186026692390441895e+00,9.999982714653015137e-01,-7.459501503035426140e-04,-1.024404074996709824e-03,-1.385106937959790230e-03
7.542306780815124512e-01,7.124455451965332031e+00,2.050709009170532227e+00,9.997727274894714355e-01,-8.593087084591388702e-03,-1.899586804211139679e-02,-4.456667695194482803e-03
7.504902839660644531e+00,3.699664831161499023e+00,7.055906772613525391e+00,9.999790191650390625e-01,5.945884156972169876e-03,-1.014689099974930286e-03,2.389122033491730690e-03
6.566404700279235840e-01,1.830893874168395996e+00,8.163402788341045380e-03,9.999926090240478516e-01,2.157057751901447773e-04,3.761562285944819450e-03,8.182064048014581203e-04
3.645494699478149414e+00,1.827615618705749512e+00,4.662249088287353516e-01,9.998831748962402344e-01,6.269603502005338669e-03,-1.222360040992498398e-02,-6.702487822622060776e-03
5.919284820556640625e+00,2.587418079376220703e+00,2.100332260131835938e+00,9.997634291648864746e-01,-1.292320713400840759e-02,1.726545020937919617e-02,2.844372298568487167e-03
6.132999420166015625e+00,4.041531562805175781e+00,5.907689929008483887e-01,9.999964237213134766e-01,1.678283908404409885e-03,-1.503875129856169224e-03,-1.493316492997109890e-03
5.695645332336425781e+00,3.260615110397338867e+00,6.223495006561279297e+00,9.999605417251586914e-01,6.410403642803430557e-03,-3.916838672012090683e-03,4.752026870846748352e-03
4.519626617431640625e+00,1.494503736495971680e+00,2.837733745574951172e+00,9.999997615814208984e-01,1.355978747596964240e-04,-5.730547709390521049e-04,4.266435280442237854e-04
1.204009771347045898e+00,4.063650131225585938e+00,6.462777256965637207e-01,9.999994635581970215e-01,-1.059195259585976601e-03,-3.380186171852983534e-05,-1.558010990265756845e-04
4.148207187652587891e+00,7.399058818817138672e+00,1.880172491073608398e-01,9.999325871467590332e-01,-2.188063692301511765e-03,9.966082870960235596e-03,-5.556825548410415649e-03
1.687128424644470215e+00,7.343502521514892578e+00,2.403170824050903320e+00,9.999833703041076660e-01,-4.110530018806457520e-03,3.165717935189604759e-03,-2.545631723478436470e-03
5.121840000152587891e+00,6.617915630340576172e+00,7.262557029724121094e+00,9.999961853027343750e-01,2.376393647864460945e-03,-1.040862756781280041e-03,1.010974054224789143e-03
7.032767772674560547e+00,3.581618785858154297e+00,3.232463359832763672e+00,9.999966621398925781e-01,2.482589799910783768e-03,7.163636619225144386e-04,-3.081831964664161205e-04
2.242607593536376953e+00,4.577799797058105469e+00,5.680617809295654297e+00,9.999946951866149902e-01,-2.140034688636660576e-03,-3.722901747096329927e-04,-2.445821184664964676e-03
7.469510555267333984e+00,3.997766077518463135e-01,1.225592717528343201e-01,9.999977946281433105e-01,4.840500769205391407e-04,1.499175027674937155e-06,-2.030595438554883003e-03
4.632926940917968750e+00,2.219620943069458008e+00,2.065539360046386719e+00,9.999994039535522461e-01,-8.814658503979444504e-04,-4.274365201126784086e-04,-5.997216794639825821e-04
2.077540606260299683e-01,3.152551352977752686e-01,6.227395057678222656e+00,9.999991655349731445e-01,8.539812406525015831e-04,8.957629906944930553e-04,5.610659718513488770e-04
7.472427368164062500e+00,7.328571319580078125e+00,5.384087085723876953e+00,9.999995231628417969e-01,6.438676064135506749e-05,9.768811287358403206e-04,3.779595426749438047e-04
1.263195037841796875e+00,1.564798712730407715e+00,1.267145514488220215e+00,9.999894499778747559e-01,-3.297375747933983803e-03,2.366642467677593231e-03,-2.146176993846893311e-03
6.618701934814453125e+00,6.683092594146728516e+00,1.047123789787292480e+00,9.999977350234985352e-01,-7.258986006490886211e-04,-1.977272331714630127e-03,-4.929952556267380714e-04
6.773221015930175781e+00,2.551930665969848633e+00,2.251375615596771240e-01,9.999690055847167969e-01,6.666725035756826401e-03,3.971091246057767421e-06,4.192601889371871948e-03
1.111793756484985352e+00,4.034430503845214844e+00,5.835043430328369141e+00,9.999774098396301270e-01,6.364219356328248978e-03,-4.705626051872968674e-04,2.115610986948013306e-03
3.688729763031005859e+00,6.181305885314941406e+00,4.222905635833740234e+00,9.999815821647644043e-01,-3.313759109005331993e-03,4.870198201388120651e-03,1.453657983802258968e-03
1.105910301208496094e+00,3.565029859542846680e+00,5.226297378540039062e+00,9.999941587448120117e-01,1.644412521272897720e-03,3.002266632393002510e-03,2.564082096796482801e-04
1.679681539535522461e+00,1.640038371086120605e+00,3.388220310211181641e+00,9.999672770500183105e-01,3.073034808039665222e-03,-1.077992375940084457e-03,-7.405582349747419357e-03
1.873010039329528809e+00,7.062868118286132812e+00,5.974285602569580078e+00,9.999981522560119629e-01,4.435830924194306135e-04,1.837448566220700741e-03,-2.218247682321816683e-04
7.439382553100585938e+00,3.219745159149169922e+00,4.222007274627685547e+00,9.999995231628417969e-01,8.455751813016831875e-04,2.101122954627498984e-04,4.988297005183994770e-04
6.026611328125000000e+00,6.801765918731689453e+00,6.411655426025390625e+00,9.999991059303283691e-01,3.562092606443911791e-04,-9.542203042656183243e-04,9.604690712876617908e-04
4.336791038513183594e+00,2.126476615667343140e-01,1.804075837135314941e+00,9.999988675117492676e-01,-7.645967416465282440e-04,-1.329499646089971066e-03,1.756282581482082605e-04
6.955905914306640625e+00,7.063721418380737305e-01,4.686728000640869141e+00,9.998371601104736328e-01,-8.419687859714031219e-03,-1.587128639221191406e-02,-1.708616036921739578e-03
5.647034645080566406e+00,1.912581920623779297e+00,4.363394737243652344e+00,9.999818205833435059e-01,-2.458019007463008165e-04,4.323372617363929749e-03,4.208975471556186676e-03
6.408874511718750000e+00,3.399275779724121094e+00,1.590041756629943848e+00,9.999909400939941406e-01,7.338357972912490368e-04,-3.993441350758075714e-03,-1.249285647645592690e-03
4.587373256683349609e+00,4.097958564758300781e+00,5.236480712890625000e+00,9.999242424964904785e-01,-3.274661023169755936e-03,1.185553893446922302e-02,-5.292718415148556232e-04
4.526653289794921875e+00,4.208788871765136719e+00,1.629133939743041992e+00,9.999980330467224121e-01,1.968161668628454208e-03,-1.823433558456599712e-04,-3.172512806486338377e-04
6.397908210754394531e+00,2.004080057144165039e+00,6.686786174774169922e+00,9.999827742576599121e-01,2.462250879034399986e-03,-1.966574462130665779e-03,4.956890828907489777e-03
5.269370079040527344e+00,1.059361457824707031e+00,6.744800090789794922e+00,9.999943971633911133e-01,-1.045257668010890484e-03,1.567790517583489418e-03,-2.783283125609159470e-03
4.395205497741699219e+00,4.568908691406250000e+00,1.085047602653503418e+00,9.999975562095642090e-01,9.401142015121877193e-04,1.268672174774110317e-03,-1.596492482349276543e-03
7.101770877838134766e+00,3.750322818756103516e+00,2.040282249450683594e+00,9.999982118606567383e-01,1.902593532577157021e-03,-1.204943037009797990e-04,-3.016490081790834665e-04
6.958443164825439453e+00,6.700220704078674316e-01,5.075067043304443359e+00,9.999871253967285156e-01,-2.636002143844962120e-03,-2.635396551340818405e-03,3.443568013608455658e-03
7.208139896392822266e+00,6.278066039085388184e-01,6.664585113525390625e+00,9.999788999557495117e-01,7.284039165824651718e-04,-5.427120253443717957e-03,3.488098736852407455e-03
3.827033519744873047e+00,4.831045627593994141e+00,8.753309398889541626e-02,9.998737573623657227e-01,7.243182510137557983e-03,4.579915665090084076e-03,1.337881945073604584e-02
4.968905925750732422e+00,2.167044401168823242e+00,4.561223506927490234e+00,9.999837875366210938e-01,5.017568357288837433e-03,-2.636811928823590279e-03,5.962279974482953548e-04
2.656119585037231445e+00,6.549657821655273438e+00,7.169829368591308594e+00,9.999992251396179199e-01,1.256044139154255390e-03,2.712532841542270035e-05,3.310771717224270105e-04
6.608263015747070312e+00,1.492154002189636230e+00,4.611176490783691406e+00,9.999994635581970215e-01,5.440721870400011539e-04,-8.331218268722295761e-04,3.869653446599841118e-04
3.630723953247070312e-01,1.961111664772033691e+00,4.037428855895996094e+00,9.999929070472717285e-01,-3.683786140754818916e-03,-6.115047726780176163e-04,-5.158096319064497948e-04
1.443325400352478027e+00,3.030300140380859375e+00,4.479171752929687500e+00,9.999977350234985352e-01,1.447535905754193664e-04,-2.169693587347865105e-03,-1.225303421961143613e-04
5.915387630462646484e+00,1.574708342552185059e+00,3.119904994964599609e+00,9.999175071716308594e-01,8.412449620664119720e-03,-5.718313623219728470e-04,-9.697035886347293854e-03
1.154593110084533691e+00,5.405325412750244141e+00,9.827818274497985840e-01,9.999958276748657227e-01,-6.189976120367646217e-04,-1.488164649344980717e-03,-2.432721666991710663e-03
5.989649295806884766e+00,2.071290254592895508e+00,5.328849315643310547e+00,9.999978542327880859e-01,-9.248870774172246456e-04,-1.375013496726751328e-03,-1.305874786339700222e-03
7.354066848754882812e+00,2.692964315414428711e+00,2.246398687362670898e+00,9.999938607215881348e-01,2.256454899907112122e-03,1.335909473709762096e-03,-2.322064479812979698e-03
7.792806625366210938e-01,7.455221652984619141e+00,3.250321149826049805e+00,9.999989271163940430e-01,-7.371630053967237473e-04,-1.214127056300640106e-03,3.331248590257018805e-04
5.442461967468261719e+00,4.864973545074462891e+00,6.823013305664062500e+00,9.999808669090270996e-01,-2.815627725794911385e-03,-5.195241421461105347e-03,1.863687881268560886e-03
3.540075778961181641e+00,6.413028836250305176e-01,9.824312329292297363e-01,9.999993443489074707e-01,3.269564476795494556e-04,1.069871941581368446e-03,-3.852406807709485292e-04
5.314259052276611328e+00,6.304113864898681641e+00,5.159773826599121094e-01,9.999993443489074707e-01,6.086407811380922794e-04,8.986945613287389278e-04,-5.285286461003124714e-04
5.650554299354553223e-01,6.703905105590820312e+00,3.300078630447387695e+00,9.999898076057434082e-01,2.213163534179329872e-03,-3.221248742192983627e-03,2.298754174262285233e-03
3.672648906707763672e+00,5.367590904235839844e+00,5.584329128265380859e+00,9.999998211860656738e-01,5.815071635879576206e-04,2.306093956576660275e-04,1.016164605971425772e-04
6.722159385681152344e+00,4.407229900360107422e+00,5.253834247589111328e+00,9.999986290931701660e-01,3.904456752934493124e-05,4.984759143553674221e-04,-1.610026345588266850e-03
1.189270019531250000e+00,1.347574591636657715e-01,3.516612529754638672e+00,9.999995827674865723e-01,8.949024049798026681e-05,-1.801043799787294120e-05,9.643632802180945873e-04
5.829506874084472656e+00,1.269301325082778931e-01,7.438757896423339844e+00,9.999985694885253906e-01,-1.403897884301841259e-03,8.709110552445054054e-04,-4.065654356963932514e-04
7.002070426940917969e+00,8.899284899234771729e-02,6.317563533782958984e+00,9.999930262565612793e-01,5.973757361061871052e-04,2.847110154107213020e-03,-2.341253682971000671e-03
3.077108383178710938e+00,7.624754905700683594e-01,6.359408378601074219e+00,9.999969601631164551e-01,4.804325872100889683e-04,2.368249464780092239e-03,5.605990882031619549e-04
3.661265075206756592e-01,1.158509135246276855e+00,3.449228525161743164e+00,9.999999403953552246e-01,-2.091921633109450340e-04,-1.942125236382707953e-04,-3.986717783845961094e-04
3.878004789352416992e+00,6.720235824584960938e+00,1.396813631057739258e+00,9.999466538429260254e-01,1.001411397010087967e-02,-2.036665333434939384e-03,1.495000673457980156e-03
2.353487491607666016e+00,2.671464920043945312e+00,1.803163766860961914e+00,9.999199509620666504e-01,-8.381498046219348907e-03,7.121547125279903412e-03,6.258639506995677948e-03
6.427040576934814453e+00,2.630813598632812500e+00,5.747121334075927734e+00,9.999881982803344727e-01,-1.301340525969862938e-03,-1.529957866296172142e-03,-4.433339927345514297e-03
7.276304244995117188e+00,3.221526622772216797e+00,6.137302398681640625e+00,9.999522566795349121e-01,4.551450721919536591e-03,-4.083340754732489586e-04,-8.638200350105762482e-03
1.259006142616271973e+00,4.352047443389892578e+00,4.642497599124908447e-01,9.999919533729553223e-01,-4.220390110276639462e-04,1.851280248956754804e-04,-4.002708476036787033e-03
1.954591751098632812e+00,4.132284641265869141e+00,6.705184459686279297e+00,9.999983310699462891e-01,-1.565781072713434696e-03,-9.171976707875728607e-04,3.514271520543843508e-04
7.005002498626708984e+00,6.142935752868652344e+00,4.605940818786621094e+00,9.999985098838806152e-01,-7.831923430785536766e-04,-4.944857937516644597e-05,-1.586738508194684982e-03
4.409962654113769531e+00,4.591426849365234375e+00,7.416965484619140625e+00,9.999986290931701660e-01,-1.234936993569135666e-03,-7.374901906587183475e-04,-9.266020497307181358e-04
5.479796886444091797e+00,5.246025562286376953e+00,4.637723445892333984e+00,9.999944567680358887e-01,-1.911208149977028370e-03,1.211449038237333298e-03,-2.445125021040439606e-03
4.482011318206787109e+00,6.421861648559570312e+00,6.215520858764648438e+00,9.999899268150329590e-01,1.331369159743189812e-03,-4.132590722292661667e-03,-1.143897883594036102e-03
2.607966899871826172e+00,5.606147766113281250e+00,2.121445894241333008e+00,9.999949932098388672e-01,2.328192582353949547e-03,2.963015867862850428e-04,2.142351586371660233e-03
2.885946035385131836e+00,4.556924343109130859e+00,3.079125642776489258e+00,9.999995231628417969e-01,-6.694043404422700405e-04,-7.237179670482873917e-04,-3.460672451183199883e-04
5.831669330596923828e+00,6.713167190551757812e+00,4.451778531074523926e-01,9.999973177909851074e-01,-1.144574023783206940e-03,1.025137607939541340e-03,-1.722722663544118404e-03
5.917031288146972656e+00,7.195476055145263672e+00,6.900658130645751953e+00,9.999973773956298828e-01,9.355142246931791306e-04,1.277614617720246315e-03,-1.674114493653178215e-03
2.608350038528442383e+00,2.378496378660202026e-01,5.322433948516845703e+00,9.999958276748657227e-01,-2.193374792113900185e-03,2.194155240431427956e-05,1.924781012348830700e-03
3.892377376556396484e+00,3.488115787506103516e+00,6.425561904907226562e+00,9.999862909317016602e-01,-2.875845530070364475e-04,-1.849627937190234661e-03,-4.889888688921928406e-03
5.262456893920898438e+00,6.912398338317871094e+00,7.227373123168945312e+00,9.999963641166687012e-01,-2.091659931465983391e-03,1.618584268726408482e-03,5.798668717034161091e-04
5.071452140808105469e+00,7.302080631256103516e+00,7.381128311157226562e+00,9.999988079071044922e-01,-1.265809405595064163e-03,6.378897815011441708e-04,6.705545238219201565e-04
8.770192265510559082e-01,2.785871028900146484e+00,3.225446701049804688e+00,9.999917745590209961e-01,-2.313347533345222473e-03,-7.843525381758809090e-04,3.255459014326334000e-03
2.304412603378295898e+00,1.113315582275390625e+00,2.232320547103881836e+00,9.999892711639404297e-01,-2.311377087607979774e-03,3.228741232305765152e-03,-2.393435453996062279e-03
6.244381427764892578e+00,4.710920810699462891e+00,5.133363723754882812e+00,9.999856352806091309e-01,4.028881434351205826e-03,-1.044927048496901989e-03,-3.393870079889893532e-03
6.237653732299804688e+00,6.206708908081054688e+00,6.980396747589111328e+00,9.999926686286926270e-01,-3.443949157372117043e-03,-1.055050990544259548e-03,1.331948675215244293e-03
7.638579010963439941e-01,5.234937667846679688e+00,5.733135223388671875e+00,9.999980926513671875e-01,2.861737448256462812e-04,-1.567400409840047359e-03,-1.182720530778169632e-03
7.115411758422851562e+00,4.858096599578857422e+00,4.872011840343475342e-01,9.999845027923583984e-01,-4.830367688555270433e-04,1.611934741958975792e-03,-5.307429004460573196e-03
3.579610347747802734e+00,2.172497808933258057e-01,2.409848570823669434e-01,9.999985098838806152e-01,-4.670254711527377367e-04,5.031374748796224594e-04,-1.630068407393991947e-03
4.585525512695312500e+00,2.891240119934082031e+00,1.996439099311828613e+00,9.999985694885253906e-01,1.574027701281011105e-03,-6.748494342900812626e-04,-1.126734641729854047e-04
1.036988735198974609e+00,1.924139022827148438e+00,6.482715129852294922e+00,9.999767541885375977e-01,4.582124762237071991e-03,4.572055768221616745e-03,-2.145448233932256699e-03
3.752379655838012695e+00,6.619173049926757812e+00,6.103109359741210938e+00,9.999998211860656738e-01,-5.960186244919896126e-04,-3.109185781795531511e-04,2.384456747677177191e-04
4.951903343200683594e+00,5.358637809753417969e+00,1.392822384834289551e+00,9.999994635581970215e-01,8.880181703716516495e-04,-4.058796184835955501e-05,6.604492082260549068e-04
6.603899478912353516e+00,1.811637639999389648e+00,1.019231557846069336e+00,9.999869465827941895e-01,3.899233415722846985e-03,3.259803634136915207e-03,-6.616080645471811295e-04
5.035366535186767578e+00,2.973221302032470703e+00,1.392444729804992676e+00,9.999872446060180664e-01,-3.280389821156859398e-03,2.699916949495673180e-03,2.757421927526593208e-03
3.982315540313720703e+00,6.819522857666015625e+00,4.901533201336860657e-02,9.999738931655883789e-01,-3.012673696503043175e-03,5.503259599208831787e-03,-3.584430087357759476e-03
2.705193996429443359e+00,7.371543884277343750e+00,5.833380699157714844e+00,9.999472498893737793e-01,-7.268683519214391708e-03,-1.142342691309750080e-03,-7.165322545915842056e-03
2.435606002807617188e+00,4.374050617218017578e+00,4.793474674224853516e+00,9.999506473541259766e-01,4.849422257393598557e-03,-3.184346249327063560e-03,8.067914284765720367e-03
1.589548468589782715e+00,6.497399806976318359e+00,3.401936292648315430e+00,9.999960064888000488e-01,8.175184484571218491e-04,2.179674338549375534e-03,1.649831421673297882e-03
5.568573951721191406e+00,2.625645399093627930e+00,4.292808055877685547e+00,9.998980164527893066e-01,4.151046276092529297e-03,5.713565740734338760e-03,-1.241202279925346375e-02
2.454526424407958984e+00,6.243457794189453125e+00,6.773686408996582031e+00,9.999990463256835938e-01,5.398436333052814007e-04,-1.290045445784926414e-03,1.328771177213639021e-04
1.203013777732849121e+00,5.281392931938171387e-01,1.489899516105651855e+00,9.999589323997497559e-01,-4.805194679647684097e-03,-7.200731430202722549e-03,2.678331919014453888e-03
5.211957454681396484e+00,2.154722690582275391e+00,2.309232234954833984e+00,9.999992251396179199e-01,-8.796221227385103703e-04,4.037311591673642397e-04,-8.684613858349621296e-04
4.743241786956787109e+00,3.303498744964599609e+00,5.688271522521972656e+00,9.999966025352478027e-01,1.315075496677309275e-04,9.232657030224800110e-04,2.466113539412617683e-03
4.529790878295898438e+00,3.867896795272827148e-01,4.923914909362792969e+00,9.999942779541015625e-01,-2.673350041732192039e-03,2.010546857491135597e-03,5.707996315322816372e-04
4.275919914245605469e+00,7.487690448760986328e-01,7.085551261901855469e+00,9.999715685844421387e-01,-7.254397030919790268e-03,-1.914083841256797314e-03,7.364952471107244492e-04
6.491444587707519531e+00,3.563148975372314453e+00,5.212796211242675781e+00,9.999950528144836426e-01,1.270956709049642086e-03,2.406821586191654205e-03,-1.614498789422214031e-03
1.504294276237487793e+00,4.921503067016601562e+00,6.167078495025634766e+00,9.999759197235107422e-01,1.455969468224793673e-04,6.940081715583801270e-03,3.374098159838467836e-04
7.486160755157470703e+00,5.937351703643798828e+00,1.672628402709960938e+00,9.999516606330871582e-01,9.121364913880825043e-03,3.592752851545810699e-03,-7.244320586323738098e-04
2.035046577453613281e+00,3.043407678604125977e+00,3.352000474929809570e+00,9.999993443489074707e-01,3.961523543694056571e-05,-6.237180205062031746e-04,-9.898525895550847054e-04
2.130831003189086914e+00,5.455008029937744141e+00,1.610499143600463867e+00,9.999633431434631348e-01,7.507553789764642715e-03,8.892850019037723541e-04,-4.042809363454580307e-03
3.797412395477294922e+00,4.086460113525390625e+00,4.022845268249511719e+00,9.999783039093017578e-01,5.706372903659939766e-04,6.542168091982603073e-03,5.114833475090563297e-04
4.107899665832519531e+00,6.315034389495849609e+00,1.696286797523498535e+00,9.999991655349731445e-01,-6.601308705285191536e-04,9.207544644596055150e-05,1.153790042735636234e-03
1.151219129562377930e+00,2.718728065490722656e+00,3.397817850112915039e+00,9.999959468841552734e-01,-1.650157733820378780e-03,2.038759645074605942e-03,-1.171605661511421204e-03
3.231540918350219727e+00,1.997300505638122559e+00,6.576605796813964844e+00,9.999299049377441406e-01,-5.259611178189516068e-03,1.061051059514284134e-02,2.367704000789672136e-04
4.644818305969238281e+00,1.516070365905761719e+00,2.946765124797821045e-01,9.998708367347717285e-01,1.411420106887817383e-02,-4.841633606702089310e-03,-5.970383994281291962e-03
5.398700237274169922e+00,1.990200400352478027e+00,2.234565466642379761e-01,9.999988079071044922e-01,1.108950003981590271e-03,1.064222888089716434e-03,3.743925481103360653e-04
5.416423797607421875e+00,5.208520412445068359e+00,7.129652500152587891e+00,9.999315142631530762e-01,-4.909610841423273087e-03,1.036898046731948853e-02,-2.310951007530093193e-03
5.957126617431640625e+00,2.375926971435546875e+00,1.702744603157043457e+00,9.999536871910095215e-01,3.597581526264548302e-04,-6.299733649939298630e-03,7.272311486303806305e-03
4.286468505859375000e+00,1.848296284675598145e+00,9.236927032470703125e-01,9.999972581863403320e-01,1.184846041724085808e-03,-2.026527421548962593e-03,1.885263045551255345e-04
4.321357727050781250e+00,4.454586029052734375e+00,4.817735671997070312e+00,9.999976158142089844e-01,2.429088781354948878e-04,1.236174604855477810e-03,-1.776596182025969028e-03
1.297598481178283691e+00,5.882111549377441406e+00,3.283691167831420898e+00,9.999884366989135742e-01,-3.576510120183229446e-03,-3.222485072910785675e-03,-2.388503344263881445e-04
1.079667806625366211e-01,9.806577116250991821e-02,7.112768292427062988e-02,9.999147653579711914e-01,-2.817377215251326561e-03,-1.103035453706979752e-02,-6.398533470928668976e-03
4.778922557830810547e+00,5.289591312408447266e+00,2.424185991287231445e+00,9.999992847442626953e-01,-7.838743040338158607e-04,-7.978179492056369781e-04,-3.804557491093873978e-04
4.975942134857177734e+00,7.166349411010742188e+00,3.839866399765014648e+00,9.998527169227600098e-01,5.997705738991498947e-03,1.421355362981557846e-02,-7.528408430516719818e-03
3.183732032775878906e+00,7.478884220123291016e+00,6.517288684844970703e+00,9.999814629554748535e-01,-3.770420327782630920e-03,-1.380798756144940853e-03,4.595789127051830292e-03
5.430815696716308594e+00,6.790489196777343750e+00,1.370940685272216797e+00,9.999932646751403809e-01,-2.253644866868853569e-03,2.393250586465001106e-03,-1.675014034844934940e-03
5.520524382591247559e-01,3.057889342308044434e-01,4.873190820217132568e-01,9.999987483024597168e-01,-2.354312164243310690e-04,-9.378589456900954247e-04,1.223682891577482224e-03
8.434384465217590332e-01,9.088030457496643066e-01,5.905626773834228516e+00,9.999251365661621094e-01,-3.422506153583526611e-03,-6.414634175598621368e-03,-9.850977919995784760e-03
4.069487094879150391e+00,2.787069797515869141e+00,6.170498371124267578e+00,9.999963641166687012e-01,-1.058498630300164223e-03,9.429633500985801220e-04,2.319771097972989082e-03
5.338241100311279297e+00,2.219333648681640625e+00,2.853088140487670898e+00,9.999909400939941406e-01,2.995791728608310223e-04,-3.027978818863630295e-03,-2.979551674798130989e-03
3.640565156936645508e+00,4.760439395904541016e+00,6.098763942718505859e+00,9.998852610588073730e-01,2.207504352554678917e-03,1.098483242094516754e-02,-1.019552070647478104e-02
1.796012043952941895e+00,2.122605293989181519e-01,3.869561910629272461e+00,9.999942779541015625e-01,8.462956175208091736e-04,-3.000832162797451019e-03,-1.345692435279488564e-03
2.624726057052612305e+00,2.303826332092285156e+00,1.588442087173461914e+00,9.999246001243591309e-01,1.432889024727046490e-03,-1.583849661983549595e-03,-1.209858059883117676e-02
4.535214424133300781e+00,7.008807063102722168e-01,1.017595410346984863e+00,9.998254776000976562e-01,1.621878333389759064e-02,4.450662527233362198e-03,-8.138344623148441315e-03
4.244503021240234375e+00,2.653415441513061523e+00,6.705949306488037109e+00,9.999994635581970215e-01,8.653277764096856117e-04,-3.750482574105262756e-04,-5.868873558938503265e-04
9.317179210484027863e-03,2.395804405212402344e+00,6.356886863708496094e+00,9.999714493751525879e-01,-1.335610984824597836e-03,-4.776689689606428146e-03,5.699545610696077347e-03
2.982935667037963867e+00,3.360667705535888672e+00,3.417415142059326172e+00,9.999367594718933105e-01,4.702362697571516037e-03,8.467894047498703003e-03,5.727626383304595947e-03
9.698482602834701538e-02,3.723480701446533203e+00,4.084348678588867188e-01,9.999977350234985352e-01,-1.991088967770338058e-03,-5.471861004480160773e-05,-8.023011032491922379e-04
5.467285156250000000e+00,6.773921489715576172e+00,7.478577136993408203e+00,9.999984502792358398e-01,-1.721557928249239922e-04,1.118795480579137802e-03,-1.378001063130795956e-03
4.497099399566650391e+00,2.239500999450683594e+00,1.517834424972534180e+00,9.999846220016479492e-01,1.708121155388653278e-03,-1.739767030812799931e-03,4.979961086064577103e-03
3.368537187576293945e+00,3.996293306350708008e+00,2.489529132843017578e+00,9.999995827674865723e-01,3.424116293899714947e-04,-9.265689877793192863e-04,-1.234406081493943930e-04
6.773491382598876953e+00,2.042453765869140625e+00,5.073477745056152344e+00,9.999942183494567871e-01,1.451449788874015212e-04,-3.329126164317131042e-03,7.199933752417564392e-04
4.154893398284912109e+00,5.767402648925781250e+00,2.200058698654174805e+00,9.999998211860656738e-01,-4.729357315227389336e-04,1.385326322633773088e-04,4.596681683324277401e-04
9.652907848358154297e-01,7.134044766426086426e-01,6.136761665344238281e+00,9.998887181282043457e-01,-1.085808780044317245e-02,-4.786052741110324860e-03,-9.042186662554740906e-03
5.884700775146484375e+00,1.655044794082641602e+00,4.341906547546386719e+00,9.999964833259582520e-01,2.160706324502825737e-03,-5.453804624266922474e-04,1.469193724915385246e-03
2.719600200653076172e+00,7.464436531066894531e+00,5.179665565490722656e+00,9.999867677688598633e-01,-3.289339132606983185e-03,1.831128320191055536e-04,3.958518616855144501e-03
3.117756843566894531e+00,1.117203608155250549e-01,5.382428646087646484e+00,9.999983310699462891e-01,-1.599653973244130611e-03,-6.090570241212844849e-04,-7.528445567004382610e-04
6.362506747245788574e-01,6.226493358612060547e+00,3.756555318832397461e+00,9.999998211860656738e-01,1.019297124003060162e-04,5.828461726196110249e-04,3.505307249724864960e-04
3.404923439025878906e+00,2.409050166606903076e-01,9.842962622642517090e-01,9.999940991401672363e-01,1.348352758213877678e-03,3.166510257869958878e-03,2.084447769448161125e-04
4.671390056610107422e+00,6.288813352584838867e-01,3.177974700927734375e+00,9.999929666519165039e-01,1.325312303379178047e-03,2.219843678176403046e-03,-2.704376121982932091e-03
6.529229164123535156e+00,4.167324542999267578e+00,6.202003955841064453e+00,9.999932646751403809e-01,3.019026946276426315e-03,1.134903635829687119e-03,1.774774515070021152e-03
6.026677131652832031e+00,1.549568533897399902e+00,3.529746532440185547e+00,9.999043941497802734e-01,1.316873636096715927e-02,3.494695527479052544e-03,-2.356329234316945076e-03
5.191287517547607422e+00,2.921935558319091797e+00,6.416317939758300781e+00,9.998612403869628906e-01,1.179546304047107697e-02,-9.125875309109687805e-03,-7.428915239870548248e-03
1.385677695274353027e+00,1.225679278373718262e+00,3.794147968292236328e+00,9.999302029609680176e-01,2.866318216547369957e-03,9.271843358874320984e-03,-6.749015301465988159e-03
4.645751953125000000e+00,7.367914915084838867e-01,6.021619319915771484e+00,9.999973177909851074e-01,-1.878678333014249802e-03,-9.069385123439133167e-04,-1.000687712803483009e-03
1.184993982315063477e+00,4.034139156341552734e+00,2.573619604110717773e+00,9.999968409538269043e-01,-4.121891106478869915e-04,-1.236645155586302280e-03,-2.154234331101179123e-03
6.267305850982666016e+00,5.624117851257324219e+00,8.047783374786376953e-02,9.999953508377075195e-01,-1.631744089536368847e-04,1.372392638586461544e-03,2.743756631389260292e-03
6.491856098175048828e+00,5.225981235504150391e+00,4.322412967681884766e+00,9.999997615814208984e-01,6.798521644668653607e-05,-8.051636395975947380e-04,-1.007948740152642131e-04
6.531990051269531250e+00,3.067444086074829102e+00,3.407679080963134766e+00,9.999994635581970215e-01,1.034073997288942337e-03,1.587030565133318305e-04,9.578008030075579882e-05
1.226944327354431152e+00,7.202261924743652344e+00,4.527404785156250000e+00,9.999952912330627441e-01,2.030092757195234299e-03,1.825920771807432175e-03,1.447996590286493301e-03
6.005609035491943359e+00,5.556481838226318359e+00,4.384353637695312500e+00,9.998325109481811523e-01,-9.987019933760166168e-03,-8.671512478031218052e-04,1.531460881233215332e-02
6.596809029579162598e-01,5.585399627685546875e+00,9.420068860054016113e-01,9.999987483024597168e-01,6.857191910967230797e-04,-8.428263827227056026e-04,-1.182104810141026974e-03
7.530980110168457031e-01,2.495764255523681641e+00,5.526885509490966797e+00,9.999992847442626953e-01,2.523056464269757271e-04,5.195488338358700275e-04,-1.104691065847873688e-03
2.158342123031616211e+00,6.425865888595581055e-01,4.512301445007324219e+00,9.999987483024597168e-01,-1.098980661481618881e-03,-1.112257363274693489e-03,-3.953533305320888758e-04
7.323914527893066406e+00,3.624811172485351562e+00,4.859778404235839844e+00,9.999773502349853516e-01,5.478246603161096573e-04,6.458243355154991150e-03,1.853978959843516350e-03
4.679205417633056641e+00,9.765131026506423950e-02,9.078031182289123535e-01,9.999932646751403809e-01,-2.921734005212783813e-03,-2.139623975381255150e-03,-5.418274668045341969e-04
4.948262214660644531e+00,3.601412773132324219e+00,2.954694271087646484e+00,9.999102354049682617e-01,2.698859898373484612e-03,-1.209015306085348129e-02,-5.106214899569749832e-03
6.389111518859863281e+00,6.021991729736328125e+00,6.374077320098876953e+00,9.999840855598449707e-01,-5.312328226864337921e-03,-1.458905753679573536e-03,-1.242151483893394470e-03
5.032601356506347656e+00,4.593986034393310547e+00,6.587945938110351562e+00,9.999786019325256348e-01,3.230050788260996342e-04,-6.484026089310646057e-03,-8.155476534739136696e-04
1.733961343765258789e+00,2.940720081329345703e+00,6.428881645202636719e+00,9.996366500854492188e-01,2.029341831803321838e-02,-9.829135611653327942e-03,-1.477036066353321075e-02
3.789446830749511719e+00,4.951242923736572266e+00,5.772824764251708984e+00,9.999988675117492676e-01,-7.597274379804730415e-04,1.035873719956725836e-04,1.342003350146114826e-03
2.590011954307556152e-01,4.595137119293212891e+00,1.006475687026977539e+00,9.998492598533630371e-01,-1.526586059480905533e-02,5.547566805034875870e-03,6.148201413452625275e-03
2.077523708343505859e+00,6.173458099365234375e+00,4.566205024719238281e+00,9.999770522117614746e-01,5.401792936027050018e-03,3.798536490648984909e-03,1.500511891208589077e-03
4.806893825531005859e+00,7.127220153808593750e+00,5.902546882629394531e+00,9.999846816062927246e-01,7.183505804277956486e-04,-5.268269218504428864e-03,-1.529498375020921230e-03
2.699930906295776367e+00,3.969718456268310547e+00,6.764897346496582031e+00,9.999129176139831543e-01,-6.091155810281634331e-04,-5.596986971795558929e-03,-1.193711254745721817e-02
2.954273462295532227e+00,2.192062854766845703e+00,6.679328083992004395e-01,9.999942183494567871e-01,-1.207489403896033764e-03,2.888692077249288559e-03,-1.331921434029936790e-03
4.522202491760253906e+00,4.106779098510742188e+00,7.245304584503173828e+00,9.999985694885253906e-01,5.801486549898982048e-04,1.589821651577949524e-03,3.324490971863269806e-04
3.230259895324707031e+00,2.534323215484619141e+00,2.684419631958007812e+00,9.999871850013732910e-01,1.470429473556578159e-03,4.175500478595495224e-03,2.453228691592812538e-03
1.819574236869812012e+00,3.762382507324218750e+00,2.032137870788574219e+00,9.999892115592956543e-01,-1.321948016993701458e-03,-3.475334728136658669e-03,2.775459550321102142e-03
7.398947715759277344e+00,6.293955326080322266e+00,7.161522507667541504e-01,9.999980926513671875e-01,-9.976980509236454964e-04,9.520810563117265701e-04,1.419158070348203182e-03
1.843288779258728027e+00,4.649263858795166016e+00,3.637846469879150391e+00,9.999525547027587891e-01,2.471473300829529762e-03,1.266819424927234650e-03,9.335713461041450500e-03
2.810599088668823242e+00,5.804752826690673828e+00,1.517352342605590820e+00,9.999999403953552246e-01,8.295770385302603245e-05,-4.116731288377195597e-04,3.360416740179061890e-04
3.338393926620483398e+00,2.997281551361083984e-01,3.364523649215698242e+00,9.999145865440368652e-01,-6.471680477261543274e-03,-5.602739285677671432e-03,-9.876954369246959686e-03
5.310904026031494141e+00,3.529833316802978516e+00,6.168097019195556641e+00,9.999989271163940430e-01,2.034225035458803177e-04,-3.105263167526572943e-04,1.440788619220256805e-03
2.636081278324127197e-01,3.127415180206298828e+00,5.957215309143066406e+00,9.999887347221374512e-01,1.650278340093791485e-03,1.947193639352917671e-03,4.012780264019966125e-03
6.813516616821289062e+00,2.150653839111328125e+00,2.392404794692993164e+00,9.999997615814208984e-01,6.547347875311970711e-04,4.095377225894480944e-04,6.995914009166881442e-05
4.494120597839355469e+00,3.560459136962890625e+00,3.608732223510742188e+00,9.999976158142089844e-01,-1.916374196298420429e-03,-8.092158823274075985e-04,6.200205534696578979e-04
4.903158664703369141e+00,5.924567580223083496e-01,1.801482081413269043e+00,9.999971389770507812e-01,1.881598029285669327e-03,1.731679076328873634e-04,-1.487000379711389542e-03
6.728102564811706543e-01,1.506458640098571777e+00,6.403217792510986328e+00,9.999986886978149414e-01,-3.208771522622555494e-04,1.620519440621137619e-03,1.715645921649411321e-04
5.671499967575073242e-01,1.763074755668640137e+00,4.910822868347167969e+00,9.999992847442626953e-01,1.079562818631529808e-03,2.489201724529266357e-04,-5.601935554295778275e-04
3.791979312896728516e+00,3.033711194992065430e+00,2.554618835449218750e+00,9.999969005584716797e-01,1.426030765287578106e-03,2.778757479973137379e-04,-2.050779992714524269e-03
9.376499652862548828e-01,2.879033803939819336e+00,5.820272445678710938e+00,9.999647140502929688e-01,3.242626087740063667e-03,7.737755775451660156e-03,5.206143250688910484e-04
4.448762893676757812e+00,7.012144088745117188e+00,1.687348961830139160e+00,9.999956488609313965e-01,-2.615170669741928577e-04,2.416085451841354370e-03,-1.702425419352948666e-03
6.550599336624145508e-01,2.546386122703552246e-01,6.816510200500488281e+00,9.997977614402770996e-01,8.783322758972644806e-03,8.088350296020507812e-03,-1.618479378521442413e-02
2.633183598518371582e-01,2.960314035415649414e+00,3.215624332427978516e+00,9.999549388885498047e-01,1.329515129327774048e-03,-1.731356838718056679e-03,-9.248078800737857819e-03
6.549437999725341797e+00,1.547426223754882812e+00,2.733086109161376953e+00,9.999996423721313477e-01,8.886355790309607983e-04,-2.570023061707615852e-04,-5.519101978279650211e-05
1.516946673393249512e+00,4.954666614532470703e+00,5.808602571487426758e-01,9.997961521148681641e-01,6.758279167115688324e-03,-4.318733044783584774e-05,-1.902946084737777710e-02
2.215306460857391357e-01,1.481699347496032715e+00,5.964362144470214844e+00,9.999994635581970215e-01,-6.905241170898079872e-04,6.758275558240711689e-04,-3.605806559789925814e-04
5.721206665039062500e+00,1.014804005622863770e+00,1.369452953338623047e+00,9.999778866767883301e-01,2.598216058686375618e-03,-6.015503313392400742e-03,1.148007111623883247e-03
7.011753559112548828e+00,2.164720296859741211e+00,3.426125764846801758e+00,9.999822974205017090e-01,-3.165812464430928230e-03,-3.504275577142834663e-03,-3.637810004875063896e-03
6.645969390869140625e+00,4.131591320037841797e+00,5.582279205322265625e+00,9.999968409538269043e-01,1.334159751422703266e-03,2.043481916189193726e-03,-7.294291281141340733e-04
4.099640846252441406e+00,2.520277500152587891e+00,1.291136980056762695e+00,9.999977350234985352e-01,1.313213957473635674e-03,-1.448813360184431076e-03,-9.461939334869384766e-04
7.292191505432128906e+00,1.546480894088745117e+00,1.347714364528656006e-01,9.999986290931701660e-01,1.059839269146323204e-03,1.077948487363755703e-03,-7.722480804659426212e-04
6.237026214599609375e+00,2.719939470291137695e+00,3.066575050354003906e+00,9.999903440475463867e-01,2.178128575906157494e-03,1.408465614076703787e-04,3.826816333457827568e-03
5.468422412872314453e+00,2.717504501342773438e+00,5.419759750366210938e+00,9.999891519546508789e-01,7.689751801081001759e-04,-3.205750370398163795e-03,-3.286235034465789795e-03
3.345169067382812500e+00,1.417362213134765625e+00,4.497019767761230469e+00,9.999988675117492676e-01,-2.407433494227007031e-04,-1.434400561265647411e-03,3.961210895795375109e-04
5.830842494964599609e+00,8.126334287226200104e-03,3.588909864425659180e+00,9.999976158142089844e-01,5.577496485784649849e-04,5.219437880441546440e-04,-2.074389252811670303e-03
6.787628650665283203e+00,2.274171561002731323e-01,5.574498653411865234e+00,9.999969601631164551e-01,-4.889473784714937210e-04,1.415465027093887329e-03,1.974633429199457169e-03
2.319420814514160156e+00,5.989087104797363281e+00,8.107210993766784668e-01,9.999982118606567383e-01,2.023054839810356498e-04,8.514149812981486320e-04,-1.702155219390988350e-03
3.031663894653320312e+00,1.167038440704345703e+00,8.472547531127929688e-01,9.998357892036437988e-01,-2.510731108486652374e-03,-2.878603059798479080e-03,1.772020757198333740e-02
6.991117477416992188e+00,7.220066070556640625e+00,3.898385286331176758e+00,9.999150633811950684e-01,-1.102277822792530060e-02,6.377078127115964890e-03,2.784610725939273834e-03
1.314301252365112305e+00,3.855266571044921875e+00,4.464907169342041016e+00,9.999917745590209961e-01,1.302729215240105987e-04,-3.545411862432956696e-03,1.950916019268333912e-03
7.356633663177490234e+00,2.059939384460449219e+00,6.816082000732421875e+00,9.999984502792358398e-01,6.697035860270261765e-04,-5.331212305463850498e-04,1.568995416164398193e-03
4.997282981872558594e+00,7.290822505950927734e+00,6.926869392395019531e+00,9.999940991401672363e-01,-1.173356082290410995e-03,2.703275065869092941e-03,-1.743418397381901741e-03
2.682385683059692383e+00,5.128897666931152344e+00,2.802419662475585938e+00,9.999959468841552734e-01,2.327977214008569717e-03,6.729484302923083305e-04,1.522515201941132545e-03
1.129352301359176636e-01,5.081917285919189453e+00,2.722755670547485352e+00,9.999989867210388184e-01,8.737707394175231457e-04,1.763041800586506724e-04,-1.139105996116995811e-03
6.741071224212646484e+00,4.269637584686279297e+00,1.825700163841247559e+00,9.999678134918212891e-01,-6.985443906160071492e-05,7.835717871785163879e-03,1.761022373102605343e-03
7.451317310333251953e+00,8.755432963371276855e-01,6.460030555725097656e+00,9.999639391899108887e-01,7.117536384612321854e-03,-3.278241259977221489e-03,3.274061251431703568e-03
2.827922344207763672e+00,4.094539165496826172e+00,2.412145286798477173e-01,9.999911785125732422e-01,-8.583967573940753937e-04,-1.503513078205287457e-03,3.842289559543132782e-03
2.662173509597778320e+00,3.187850236892700195e+00,1.517047166824340820e+00,9.999997615814208984e-01,7.787607028149068356e-04,-1.626590383239090443e-04,-5.242793486104346812e-05
5.782895565032958984e+00,5.367482185363769531e+00,4.641946315765380859e+00,9.999883770942687988e-01,-2.954899799078702927e-03,3.844145103357732296e-04,-3.815911710262298584e-03
3.769269287586212158e-01,5.298071384429931641e+00,3.718956708908081055e+00,9.999992251396179199e-01,-1.006527338176965714e-03,-7.064127712510526180e-04,4.724007740151137114e-04
9.336634278297424316e-01,3.752654552459716797e+00,3.215201795101165771e-01,9.999967217445373535e-01,9.670774452388286591e-04,-1.870527863502502441e-03,-1.503442763350903988e-03
2.597625970840454102e+00,4.095345497131347656e+00,5.288999080657958984e+00,9.999403953552246094e-01,3.838512115180492401e-03,-8.553124032914638519e-03,-5.608085077255964279e-03
6.914163589477539062e+00,3.497203588485717773e-01,1.220929741859436035e+00,9.999977350234985352e-01,-1.006017671898007393e-03,-1.515403506346046925e-03,1.132358447648584843e-03
5.396366715431213379e-01,4.486618041992187500e+00,4.444473266601562500e+00,9.999555945396423340e-01,5.882214754819869995e-03,-5.108394194394350052e-03,-5.310989450663328171e-03
5.674852371215820312e+00,4.053875505924224854e-01,3.358587503433227539e+00,9.999884963035583496e-01,8.820968214422464371e-04,-2.300505526363849640e-03,-4.133913200348615646e-03
2.455102443695068359e+00,7.246894359588623047e+00,3.193540573120117188e+00,9.999822378158569336e-01,2.489785663783550262e-03,1.412490033544600010e-03,5.230971146374940872e-03
6.651664257049560547e+00,3.784003734588623047e+00,6.345878124237060547e+00,9.999682307243347168e-01,4.451423883438110352e-03,-3.201744286343455315e-03,5.797700956463813782e-03
1.954047203063964844e+00,2.442424058914184570e+00,6.867388248443603516e+00,9.999927282333374023e-01,-2.256951993331313133e-03,7.582122925668954849e-04,2.965723862871527672e-03
7.061873912811279297e+00,2.317761182785034180e+00,4.585745811462402344e+00,9.999918341636657715e-01,-1.938818953931331635e-03,1.214836607687175274e-03,3.341420786455273628e-03
7.343880176544189453e+00,5.380255222320556641e+00,5.198811054229736328e+00,9.999200701713562012e-01,-9.462595917284488678e-03,-4.738363437354564667e-03,6.915473379194736481e-03
1.250715851783752441e+00,4.551576614379882812e+00,4.249619960784912109e+00,9.998260736465454102e-01,8.635053411126136780e-03,1.401260774582624435e-02,8.771936409175395966e-03
1.186542734503746033e-01,5.640790462493896484e+00,4.393009543418884277e-01,9.999979138374328613e-01,4.803139017894864082e-04,-1.455238787457346916e-03,1.403346541337668896e-03
2.124798774719238281e+00,3.830492198467254639e-01,2.151525497436523438e+00,9.999957084655761719e-01,9.621760691516101360e-04,7.524575339630246162e-04,2.657834207639098167e-03
7.465928196907043457e-01,5.766877651214599609e+00,2.882961750030517578e+00,9.999999403953552246e-01,4.226883538649417460e-05,4.819387977477163076e-04,1.004048826871439815e-04
9.144213795661926270e-01,3.650618314743041992e+00,4.946383476257324219e+00,9.999796748161315918e-01,-3.669489175081253052e-03,-9.351051994599401951e-04,-5.140911322087049484e-03
7.321462631225585938e+00,4.655112028121948242e-01,5.084012508392333984e+00,9.999650716781616211e-01,2.672821516171097755e-03,7.637917064130306244e-03,-2.087764674797654152e-03
4.470012784004211426e-01,5.243329048156738281e+00,5.571295738220214844e+00,9.999964833259582520e-01,-4.442862700670957565e-04,-1.220297126565128565e-04,-2.642431296408176422e-03
3.341598987579345703e+00,6.215252280235290527e-01,3.388203859329223633e+00,9.998465180397033691e-01,-4.049059469252824783e-03,-9.238434955477714539e-03,-1.432336680591106415e-02
1.466458678245544434e+00,5.467428684234619141e+00,5.062627315521240234e+00,9.999888539314270020e-01,1.955181593075394630e-03,2.135646529495716095e-03,-3.725542919710278511e-03
7.000632286071777344e+00,1.441610097885131836e+00,7.449530124664306641e+00,9.999950528144836426e-01,-5.298057221807539463e-04,-2.784730633720755577e-03,1.411828096024692059e-03
6.297187805175781250e+00,5.808692455291748047e+00,1.413635730743408203e+00,9.999949932098388672e-01,-5.762444343417882919e-04,2.033578202826902270e-04,3.130179131403565407e-03
5.511184692382812500e+00,3.324403762817382812e+00,6.515096187591552734e+00,9.999933242797851562e-01,-3.278864547610282898e-03,3.640918876044452190e-04,-1.602970529347658157e-03
2.680989265441894531e+00,3.255206823348999023e+00,6.003807067871093750e+00,9.999987483024597168e-01,-5.338235641829669476e-04,-1.288366387598216534e-03,7.935464382171630859e-04
4.548288345336914062e+00,6.935181617736816406e+00,2.624956369400024414e+00,9.999984502792358398e-01,-1.206879154779016972e-03,-1.200302271172404289e-03,-5.278675234876573086e-04
5.554359436035156250e+00,5.549070835113525391e+00,7.011147022247314453e+00,9.999936223030090332e-01,-9.454761748202145100e-04,3.314535832032561302e-03,9.864012245088815689e-04
7.450009822845458984e+00,4.345201015472412109e+00,5.627683162689208984e+00,9.999949932098388672e-01,-3.261434612795710564e-04,2.688900567591190338e-03,-1.643641619011759758e-03
3.801653861999511719e+00,6.672289371490478516e+00,1.068311452865600586e+00,9.999959468841552734e-01,3.274417540524154902e-04,3.252289607189595699e-04,-2.810372039675712585e-03
2.690282583236694336e+00,1.375397801399230957e+00,4.314384460449218750e-01,9.999991059303283691e-01,4.580923414323478937e-04,-1.302186399698257446e-03,-1.107264615711756051e-04
2.970487833023071289e+00,6.225443363189697266e+00,3.915433645248413086e+00,9.999966621398925781e-01,-1.138161518611013889e-03,-2.318757120519876480e-03,-6.054312689229846001e-05
7.032161951065063477e-01,3.453836679458618164e+00,6.287468671798706055e-01,9.999809265136718750e-01,2.513726241886615753e-03,-3.994294907897710800e-03,-3.995008766651153564e-03
4.618412017822265625e+00,1.771268367767333984e+00,6.477141857147216797e+00,9.999995231628417969e-01,8.196682902052998543e-04,4.639084800146520138e-04,1.978052896447479725e-04
5.049798965454101562e+00,6.834485054016113281e+00,1.735014796257019043e+00,9.999750852584838867e-01,6.919899955391883850e-03,1.084285904653370380e-03,-9.221935761161148548e-04
7.371647834777832031e+00,1.286742925643920898e+00,3.591370582580566406e+00,9.999970197677612305e-01,1.515338430181145668e-03,-1.096193213015794754e-03,-1.603764365427196026e-03
4.167984962463378906e+00,5.285822391510009766e+00,5.061902999877929688e+00,9.999979138374328613e-01,5.713822247344069183e-05,-2.063517458736896515e-03,1.858255855040624738e-04
4.798131942749023438e+00,1.125835895538330078e+00,3.774946928024291992e+00,9.999592304229736328e-01,6.101609673351049423e-03,-4.680035170167684555e-03,4.753472283482551575e-03
6.422527313232421875e+00,6.424075603485107422e+00,7.749774456024169922e-01,9.999982118606567383e-01,-1.268792198970913887e-03,-1.131352386437356472e-03,-9.039205033332109451e-04
7.504894137382507324e-01,2.385318756103515625e+00,6.772666931152343750e+00,9.999994635581970215e-01,7.452968857251107693e-04,4.421882913447916508e-04,-6.913780234754085541e-04
9.681496024131774902e-01,4.460123062133789062e+00,1.383413076400756836e+00,9.999914169311523438e-01,1.358202309347689152e-03,3.771078307181596756e-03,-1.026585698127746582e-03
3.378044843673706055e+00,2.946803092956542969e+00,3.603950023651123047e+00,9.999939799308776855e-01,2.463812241330742836e-03,2.337856451049447060e-03,-7.977706845849752426e-04
2.995308160781860352e+00,4.953073024749755859e+00,4.497824668884277344e+00,9.997260570526123047e-01,1.195319555699825287e-02,-1.664389856159687042e-02,1.130933873355388641e-02
6.550374984741210938e+00,2.388942241668701172e+00,6.806071281433105469e+00,9.999928474426269531e-01,6.522428593598306179e-04,2.413521287962794304e-03,-2.864114707335829735e-03
6.471620559692382812e+00,2.981666326522827148e+00,2.110050439834594727e+00,9.999988675117492676e-01,-1.258869189769029617e-03,-9.047238272614777088e-04,-7.830536560504697263e-06
5.537804603576660156e+00,3.540651559829711914e+00,1.736300945281982422e+00,9.999853372573852539e-01,-2.876168349757790565e-03,1.239390578120946884e-03,4.410661291331052780e-03
4.349564075469970703e+00,3.301883697509765625e+00,7.246454805135726929e-02,9.999762773513793945e-01,3.312073415145277977e-03,-5.771493073552846909e-03,-1.797386677935719490e-03
4.198025226593017578e+00,6.629611015319824219e+00,1.745875954627990723e+00,9.999993443489074707e-01,-3.281938261352479458e-04,9.796721860766410828e-04,5.922537529841065407e-04
8.701877593994140625e-01,6.477266311645507812e+00,6.879882812500000000e+00,9.999750256538391113e-01,3.921456634998321533e-03,1.380991539917886257e-03,5.719982087612152100e-03
4.943738460540771484e+00,9.722741842269897461e-01,3.227107524871826172e+00,9.999940991401672363e-01,2.949457382783293724e-03,1.668154494836926460e-03,6.241561495698988438e-04
5.453537940979003906e+00,6.549005985260009766e+00,6.134069442749023438e+00,9.999775886535644531e-01,-5.183101166039705276e-03,-2.029626397415995598e-03,3.732704557478427887e-03
3.271639823913574219e+00,1.872156143188476562e+00,1.083202838897705078e+00,9.999984502792358398e-01,-1.325315563008189201e-03,-4.311954253353178501e-04,1.158016151748597622e-03
5.744064807891845703e+00,1.298630595207214355e+00,5.774511337280273438e+00,9.999058246612548828e-01,6.423625163733959198e-03,5.883504636585712433e-03,-1.060500647872686386e-02
3.626406192779541016e+00,4.585726261138916016e-01,3.119614124298095703e+00,9.999833106994628906e-01,-4.596541635692119598e-03,-3.505847649648785591e-03,1.821109799493569881e-05
5.833729267120361328e+00,1.647961854934692383e+00,5.947540283203125000e+00,9.999133348464965820e-01,-3.173151053488254547e-03,-1.045483257621526718e-02,-7.353601045906543732e-03
5.529382705688476562e+00,6.028856277465820312e+00,1.950219750404357910e+00,9.999924302101135254e-01,-2.166732912883162498e-03,3.074807813391089439e-03,-1.046656980179250240e-03
8.653451800346374512e-01,6.475123405456542969e+00,3.683844327926635742e+00,1.000000000000000000e+00,-1.205734770337585360e-05,6.320907414192333817e-05,1.372676779283210635e-04
4.071305751800537109e+00,1.611495852470397949e+00,2.360830307006835938e+00,9.999992847442626953e-01,-8.717604214325547218e-05,-9.690480073913931847e-04,7.533256430178880692e-04
7.491024017333984375e+00,1.470779180526733398e+00,4.733119010925292969e+00,9.999494552612304688e-01,-4.086275119334459305e-03,-6.168235559016466141e-03,-6.810216233134269714e-03
3.370285630226135254e-01,1.007547020912170410e+00,5.826109886169433594e+00,9.999985694885253906e-01,8.254130370914936066e-04,-1.508194109192118049e-04,1.457940903492271900e-03
2.634416341781616211e+00,6.723164558410644531e+00,3.593174219131469727e+00,9.998652935028076172e-01,3.896883863490074873e-04,1.349371857941150665e-03,1.635433919727802277e-02
5.631262302398681641e+00,2.476495742797851562e+00,6.858031272888183594e+00,9.999791979789733887e-01,5.348972976207733154e-03,3.257206641137599945e-03,1.586942700669169426e-03
4.254328727722167969e+00,9.138434529304504395e-01,3.985753774642944336e+00,9.999877810478210449e-01,-3.936612978577613831e-03,2.160670002922415733e-03,-2.069040667265653610e-03
6.750606060028076172e+00,7.483568668365478516e+00,1.719593167304992676e+00,9.999988079071044922e-01,7.481634384021162987e-04,-8.889592136256396770e-04,1.106342999264597893e-03
4.082911491394042969e+00,3.846653938293457031e+00,3.645826578140258789e+00,9.999736547470092773e-01,-6.963391322642564774e-03,-1.313947606831789017e-03,1.596323214471340179e-03
7.405142188072204590e-01,3.184667587280273438e+00,2.414197206497192383e+00,9.999772906303405762e-01,-4.575094673782587051e-03,-4.644399508833885193e-03,1.734441379085183144e-03
2.322191953659057617e+00,1.954219102859497070e+00,3.558306217193603516e+00,9.999988675117492676e-01,5.491711781360208988e-04,-1.255075796507298946e-03,-6.489785737358033657e-04
3.614248514175415039e+00,4.251601099967956543e-01,5.203773975372314453e+00,9.999988675117492676e-01,-1.290692482143640518e-03,-4.975916817784309387e-04,-7.075663306750357151e-04
6.043786525726318359e+00,4.946689128875732422e+00,1.322315692901611328e+00,9.999988079071044922e-01,9.901045268634334207e-05,-1.381548936478793621e-03,7.429315592162311077e-04
2.628066778182983398e+00,3.799709558486938477e+00,2.882869005203247070e+00,9.999984502792358398e-01,8.735113078728318214e-04,3.987046948168426752e-04,1.508133369497954845e-03
3.791877627372741699e-02,5.506390571594238281e+00,5.422438621520996094e+00,9.999071359634399414e-01,-9.697987698018550873e-03,-6.890772841870784760e-03,6.647484842687845230e-03
5.838147163391113281e+00,2.359978914260864258e+00,1.362387418746948242e+00,9.999914765357971191e-01,-1.382037997245788574e-03,1.795302843675017357e-03,3.455655416473746300e-03
4.292943477630615234e+00,5.444095134735107422e+00,5.577979564666748047e+00,9.997979402542114258e-01,-1.169544924050569534e-02,1.614668965339660645e-02,2.565623261034488678e-03
6.094044685363769531e+00,2.270025014877319336e+00,5.078235149383544922e+00,9.999985694885253906e-01,9.910577209666371346e-04,-6.793648353777825832e-04,-1.214376301504671574e-03
5.307488441467285156e+00,5.661142468452453613e-01,4.449823796749114990e-01,9.999954104423522949e-01,-3.054671979043632746e-04,-2.323014778085052967e-04,3.023959929123520851e-03
4.398014545440673828e+00,7.407010067254304886e-03,2.824428558349609375e+00,9.999919533729553223e-01,2.064299769699573517e-03,-3.057116875424981117e-03,1.611621351912617683e-03
1.711725234985351562e+00,2.637366533279418945e+00,5.174947261810302734e+00,9.999965429306030273e-01,2.073632320389151573e-03,1.514031318947672844e-03,-6.845105672255158424e-04
5.318093776702880859e+00,6.687487602233886719e+00,5.870646476745605469e+00,9.999901056289672852e-01,-3.884499426931142807e-03,-1.442844164557754993e-03,1.625162549316883087e-03
1.324666500091552734e+00,4.115002632141113281e+00,7.477586269378662109e+00,9.999561309814453125e-01,2.311001531779766083e-03,8.041249588131904602e-03,4.210954532027244568e-03
4.968603134155273438e+00,2.344811439514160156e+00,2.425281703472137451e-01,9.999943375587463379e-01,1.902857911773025990e-03,-1.271435525268316269e-03,-2.482443349435925484e-03
7.211069583892822266e+00,3.558756589889526367e+00,3.674127817153930664e+00,9.999892115592956543e-01,2.511878265067934990e-03,-3.786297980695962906e-03,1.034523011185228825e-03
6.307528495788574219e+00,3.722680091857910156e+00,6.227754116058349609e+00,9.999551773071289062e-01,8.858510293066501617e-03,-7.668168400414288044e-04,3.251889953389763832e-03
5.921975135803222656e+00,5.863720417022705078e+00,4.581160068511962891e+00,9.999574422836303711e-01,8.032355457544326782e-03,3.051660489290952682e-03,-3.363076830282807350e-03
9.440876841545104980e-01,6.049890518188476562e-01,3.508363723754882812e+00,9.999997615814208984e-01,8.355162572115659714e-05,-6.403644511010497808e-05,7.928916602395474911e-04
4.099339008331298828e+00,4.147735118865966797e+00,3.249562084674835205e-01,9.999073147773742676e-01,5.117135588079690933e-03,7.788597140461206436e-03,9.927498176693916321e-03
5.588051319122314453e+00,3.072124481201171875e+00,3.519632816314697266e+00,9.999853968620300293e-01,3.682999871671199799e-03,2.663938328623771667e-03,-2.918221754953265190e-03
4.544106483459472656e+00,7.372749328613281250e+00,6.155811786651611328e+00,9.999659061431884766e-01,3.086396725848317146e-03,-4.990103188902139664e-03,-5.818357225507497787e-03
3.830828666687011719e-01,4.891479015350341797e+00,4.960432529449462891e+00,9.999888539314270020e-01,2.556185238063335419e-03,-2.599520375952124596e-03,3.006087383255362511e-03
4.264158248901367188e+00,1.928413748741149902e+00,6.264354228973388672e+00,9.999995231628417969e-01,-1.653673680266365409e-04,-8.944334113039076328e-04,-5.494022625498473644e-04
6.094630718231201172e+00,7.308662891387939453e+00,2.403895616531372070e+00,9.999933242797851562e-01,-4.830524267163127661e-04,5.089110345579683781e-04,3.581224009394645691e-03
4.755548000335693359e+00,5.875937938690185547e+00,2.221873521804809570e+00,9.999982118606567383e-01,-3.683817922137677670e-04,-1.231414353242143989e-04,-1.883123768493533134e-03
4.937255382537841797e+00,3.120855093002319336e+00,1.995123267173767090e+00,9.999997019767761230e-01,4.692184447776526213e-04,-5.542453145608305931e-04,-4.984609549865126610e-04
6.929106235504150391e+00,4.995423793792724609e+00,2.615027427673339844e+00,9.999984502792358398e-01,7.037048926576972008e-04,1.565623213537037373e-03,-5.324683734215795994e-04
1.922951221466064453e+00,2.553383827209472656e+00,5.775182247161865234e+00,9.999961853027343750e-01,3.122327907476574183e-04,-2.640309743583202362e-03,7.365990895777940750e-04
1.128576159477233887e+00,3.191410779953002930e+00,5.666862010955810547e+00,9.999552369117736816e-01,-3.192903706803917885e-03,-6.760949734598398209e-03,5.795189645141363144e-03
2.181977272033691406e+00,1.606007814407348633e+00,3.477153539657592773e+00,9.999842047691345215e-01,4.138826858252286911e-03,-3.364887787029147148e-03,1.801116042770445347e-03
5.386845111846923828e+00,7.366328716278076172e+00,1.121974229812622070e+00,9.999945163726806641e-01,-2.522889408282935619e-04,3.261851845309138298e-03,-4.605159920174628496e-04
3.641376972198486328e+00,1.190540194511413574e+00,4.702745437622070312e+00,9.999861717224121094e-01,2.575159538537263870e-03,4.578143823891878128e-03,4.203947028145194054e-04
2.471849918365478516e+00,5.183988571166992188e+00,3.927491664886474609e+00,9.999977350234985352e-01,-6.818409310653805733e-04,-1.815847470425069332e-03,8.738898904994130135e-04
7.470826148986816406e+00,4.274905681610107422e+00,4.560957908630371094e+00,9.999234676361083984e-01,-2.656811848282814026e-03,-2.965778345242142677e-03,1.171531062573194504e-02
2.955969333648681641e+00,6.379144191741943359e+00,2.316604256629943848e-01,9.999458193778991699e-01,5.768635775893926620e-03,8.556400425732135773e-03,-1.386285410262644291e-03
1.674979925155639648e+00,5.347115516662597656e+00,3.283524513244628906e+00,9.999976754188537598e-01,1.128942705690860748e-03,1.147239818237721920e-03,-1.488368259742856026e-03
7.841612100601196289e-01,6.958322525024414062e+00,3.122435092926025391e+00,9.999230504035949707e-01,-9.786667302250862122e-03,-6.277286447584629059e-03,4.334367346018552780e-03
7.598325014114379883e-01,4.444704532623291016e+00,7.331670284271240234e+00,9.999858736991882324e-01,-1.278833020478487015e-03,-7.862795609980821609e-05,-5.162953864783048630e-03
7.898589968681335449e-01,8.726789951324462891e-01,5.107793807983398438e+00,9.999997615814208984e-01,9.422942821402102709e-05,7.919176132418215275e-04,-2.051202172879129648e-04
4.326028227806091309e-01,5.506115913391113281e+00,4.421139955520629883e-01,9.999994635581970215e-01,-8.675774552102666348e-06,7.084962562657892704e-04,-8.511104388162493706e-04
3.415240287780761719e+00,2.069235563278198242e+00,2.833411216735839844e+00,9.999038577079772949e-01,1.245866529643535614e-02,-4.191409330815076828e-03,-4.419164732098579407e-03
4.291851043701171875e+00,7.232887744903564453e+00,3.515675067901611328e+00,9.999960660934448242e-01,-1.522253965958952904e-03,2.349041635170578957e-03,3.930273232981562614e-04
4.865052223205566406e+00,2.735059499740600586e+00,4.312774181365966797e+00,9.999963641166687012e-01,3.676999403978697956e-05,2.703546080738306046e-03,2.845343260560184717e-04
1.220535039901733398e+00,7.774102687835693359e-01,4.418548107147216797e+00,9.999994635581970215e-01,-1.727540511637926102e-04,-7.704033632762730122e-04,-7.389765232801437378e-04
6.338663101196289062e+00,4.304913997650146484e+00,2.633762598037719727e+00,9.999981522560119629e-01,-1.154343131929636002e-03,6.786815356463193893e-04,-1.425695954822003841e-03
4.508515834808349609e+00,1.102218985557556152e+00,7.401857376098632812e+00,9.996852874755859375e-01,-8.250467479228973389e-03,-2.186986617743968964e-02,9.115906432271003723e-03
6.423065185546875000e+00,2.482713222503662109e+00,3.734466552734375000e+00,9.999935626983642578e-01,2.328551607206463814e-03,-5.497263628058135509e-04,2.700351644307374954e-03
1.031948447227478027e+00,1.184116721153259277e+00,2.417787551879882812e+00,9.999986886978149414e-01,-1.355829415842890739e-03,7.710808422416448593e-04,3.589975240174680948e-04
6.564019322395324707e-01,2.992288351058959961e+00,8.518027514219284058e-02,9.999837279319763184e-01,-5.573279689997434616e-03,-1.276034628972411156e-03,4.783296026289463043e-05
3.391052246093750000e+00,1.650281786918640137e+00,5.574979186058044434e-01,9.998888373374938965e-01,1.083039492368698120e-02,-9.195695631206035614e-03,-4.539479035884141922e-03
6.668924808502197266e+00,7.375769138336181641e+00,3.354348659515380859e+00,9.999943375587463379e-01,2.607590053230524063e-03,1.700220163911581039e-03,1.342345378361642361e-03
1.150205612182617188e+00,4.971164703369140625e+00,7.044836044311523438e+00,9.999706745147705078e-01,-6.865403614938259125e-03,3.406780073419213295e-03,6.629714789596619084e-06
7.191981315612792969e+00,1.802700757980346680e+00,2.925595998764038086e+00,9.999995231628417969e-01,-7.602756377309560776e-04,4.124925762880593538e-04,-6.118437740951776505e-04
2.253474473953247070e+00,2.292581558227539062e+00,5.653191089630126953e+00,9.999995827674865723e-01,-6.960168830119073391e-04,4.568972217384725809e-04,2.662644837982952595e-04
1.072768688201904297e+00,2.933681964874267578e+00,8.746085762977600098e-01,9.999669194221496582e-01,-3.242633538320660591e-03,6.818090099841356277e-03,-3.050981555134057999e-03
6.370170116424560547e+00,7.240310311317443848e-01,6.524948596954345703e+00,9.999963641166687012e-01,-1.060107460943982005e-04,-1.210836708196438849e-04,2.723937388509511948e-03
8.876809477806091309e-01,1.564340472221374512e+00,6.102710366249084473e-01,9.998400807380676270e-01,-1.687151938676834106e-02,5.813988856971263885e-03,1.213054638355970383e-03
4.940208435058593750e+00,4.115140438079833984e+00,7.222160339355468750e+00,9.999990463256835938e-01,7.467896211892366409e-04,1.063240459188818932e-03,5.539034027606248856e-04
5.192434191703796387e-01,7.173545837402343750e+00,4.984805583953857422e+00,9.999639987945556641e-01,-5.241802893579006195e-03,-2.712775720283389091e-03,6.104783155024051666e-03
6.013437747955322266e+00,4.797669887542724609e+00,5.671198368072509766e+00,9.999971389770507812e-01,-1.840090029872953892e-03,-2.666836662683635950e-04,1.560855307616293430e-03
6.870160102844238281e+00,9.350776672363281250e-01,2.140978574752807617e+00,9.999991655349731445e-01,4.689995548687875271e-04,-1.215479278471320868e-04,-1.236056326888501644e-03
3.726056814193725586e+00,3.762685537338256836e+00,2.947214804589748383e-02,9.999998807907104492e-01,-3.839023702312260866e-04,1.030008297675522044e-05,-4.104613326489925385e-04
7.472915649414062500e+00,1.883761048316955566e+00,7.169409394264221191e-01,9.999874234199523926e-01,-5.004079081118106842e-03,2.598015416879206896e-04,3.187437323504127562e-05
5.258665084838867188e+00,3.771486282348632812e+00,5.873639106750488281e+00,9.999987483024597168e-01,-4.925698740407824516e-04,-1.129731419496238232e-03,-1.069911522790789604e-03
3.819095134735107422e+00,5.690181255340576172e+00,5.272101759910583496e-01,9.999989271163940430e-01,-9.190292912535369396e-04,1.149852760136127472e-03,-9.881156438495963812e-05
1.699989438056945801e+00,4.283562660217285156e+00,2.011295080184936523e+00,9.999945163726806641e-01,1.409917487762868404e-03,-1.328060898231342435e-04,-3.008795436471700668e-03
1.820372492074966431e-01,6.540239810943603516e+00,3.344817161560058594e+00,9.999968409538269043e-01,-2.003101166337728500e-03,-7.157198851928114891e-04,1.310404855757951736e-03
3.174641132354736328e-01,1.860683679580688477e+00,2.870782375335693359e+00,9.999994635581970215e-01,-1.629403122933581471e-04,-7.454573642462491989e-04,-7.697680266574025154e-04
6.257293224334716797e+00,3.777461051940917969e+00,4.246113598346710205e-01,9.999919533729553223e-01,-2.445512684062123299e-03,-2.895782563427928835e-05,-3.190053394064307213e-03
3.684239149093627930e+00,7.495358467102050781e+00,8.306944966316223145e-01,9.999218583106994629e-01,-3.541639773175120354e-03,-1.109651569277048111e-02,-4.550142213702201843e-03
4.001870155334472656e+00,1.071576714515686035e+00,2.474949121475219727e+00,9.999960660934448242e-01,8.319678017869591713e-04,-2.317451871931552887e-03,1.383455353789031506e-03
5.032719612121582031e+00,2.162530183792114258e+00,3.855536937713623047e+00,9.999989867210388184e-01,1.458237646147608757e-03,-3.597592876758426428e-05,2.605481422506272793e-04
1.645997285842895508e+00,4.662321567535400391e+00,2.219296932220458984e+00,9.999967813491821289e-01,7.800802122801542282e-04,-9.589030523784458637e-04,2.258761785924434662e-03
2.749933958053588867e+00,5.674820899963378906e+00,6.733458995819091797e+00,9.999714493751525879e-01,-6.411813665181398392e-03,2.591241849586367607e-03,3.044796874746680260e-03
4.634230136871337891e+00,4.310718536376953125e+00,1.139217495918273926e+00,9.999977350234985352e-01,9.053345420397818089e-04,1.493273302912712097e-03,-1.252669608220458031e-03
5.537682533264160156e+00,9.824804663658142090e-01,6.450599670410156250e+00,9.999809861183166504e-01,-4.374314099550247192e-03,-4.191047046333551407e-03,1.199713908135890961e-03
6.498077869415283203e+00,4.868295669555664062e+00,4.280347824096679688e+00,9.999977946281433105e-01,-5.386354750953614712e-04,-3.474545665085315704e-04,-2.038124483078718185e-03
2.567587375640869141e+00,4.245034217834472656e+00,2.892612695693969727e+00,9.999930262565612793e-01,-8.728837128728628159e-04,3.572647401597350836e-04,-3.624171949923038483e-03
7.413404583930969238e-01,7.701105475425720215e-01,7.311252355575561523e-01,9.998022913932800293e-01,6.958899088203907013e-03,1.019963156431913376e-02,1.558571029454469681e-02
5.145467758178710938e+00,7.015786170959472656e+00,2.606323480606079102e+00,9.999988079071044922e-01,-1.402786117978394032e-03,-6.517780711874365807e-04,2.689892426133155823e-04
6.838791847229003906e+00,1.345034241676330566e+00,7.041270256042480469e+00,9.999989867210388184e-01,-5.941675626672804356e-04,8.867250289767980576e-04,-1.004066783934831619e-03
1.105302691459655762e+00,2.288540363311767578e+00,2.178063154220581055e+00,9.999886155128479004e-01,-1.582738244906067848e-03,1.769528724253177643e-03,4.133414011448621750e-03
5.242978930473327637e-01,4.690653800964355469e+00,1.739640116691589355e+00,9.999950528144836426e-01,-1.607012382009997964e-05,2.105724066495895386e-03,-2.360180951654911041e-03
2.387897014617919922e+00,2.266940101981163025e-02,6.419906616210937500e+00,9.999333024024963379e-01,-1.833851449191570282e-03,8.029229007661342621e-03,-8.101775310933589935e-03
2.641965150833129883e+00,2.165421009063720703e+00,5.511392593383789062e+00,9.999975562095642090e-01,-1.528067514300346375e-03,1.584926270879805088e-03,-3.546434745658189058e-04
6.880386352539062500e+00,7.034780979156494141e+00,3.071797847747802734e+00,9.999734163284301758e-01,3.442465327680110931e-03,-5.650695879012346268e-03,3.060714341700077057e-03
6.652293205261230469e+00,4.083858966827392578e+00,2.883641004562377930e+00,9.999975562095642090e-01,-4.453565343283116817e-04,1.556440605781972408e-03,-1.522202859632670879e-03
4.037861347198486328e+00,7.372015476226806641e+00,2.899280071258544922e+00,9.999246001243591309e-01,4.108779598027467728e-03,1.116598211228847504e-02,3.043163102120161057e-03
2.151461601257324219e+00,1.154351830482482910e+00,4.266466617584228516e+00,9.999309182167053223e-01,7.399497088044881821e-03,5.422877147793769836e-03,-7.355596870183944702e-03
3.963552713394165039e+00,2.541393518447875977e+00,2.386640071868896484e+00,9.999982118606567383e-01,-3.299145901110023260e-04,-1.878265524283051491e-03,-1.420277403667569160e-04
5.037838459014892578e+00,4.862262725830078125e+00,5.170673847198486328e+00,9.999592900276184082e-01,6.336000747978687286e-03,-6.335386540740728378e-03,-1.099196844734251499e-03
5.816555976867675781e+00,2.299131870269775391e+00,5.633926391601562500e+00,9.999878406524658203e-01,-8.215183042921125889e-04,-9.613612201064825058e-04,-4.757896531373262405e-03
3.024072170257568359e+00,8.579388856887817383e-01,2.211977005004882812e+00,9.999696612358093262e-01,-2.638719743117690086e-03,6.917098071426153183e-03,-2.455777255818247795e-03
3.053389549255371094e+00,6.674170494079589844e+00,7.132875919342041016e+00,9.999936819076538086e-01,3.040071809664368629e-03,2.209031954407691956e-04,1.863490091636776924e-03
8.373233079910278320e-01,1.429718375205993652e+00,5.052883625030517578e+00,9.999998211860656738e-01,1.649740443099290133e-04,6.267015123739838600e-04,2.162910386687144637e-04
6.255833148956298828e+00,2.126658439636230469e+00,1.251818299293518066e+00,9.999675750732421875e-01,-5.169631913304328918e-03,-4.984107799828052521e-03,3.662850009277462959e-03
3.193023681640625000e+00,4.359062194824218750e+00,2.911819219589233398e-01,9.999986886978149414e-01,-4.131054447498172522e-04,4.680831043515354395e-04,-1.509277382865548134e-03
5.620604038238525391e+00,1.151432991027832031e+00,4.349164962768554688e+00,9.999906420707702637e-01,1.150861149653792381e-03,2.837728941813111305e-03,3.065453376621007919e-03
2.680743932723999023e+00,2.801914215087890625e+00,5.735569000244140625e-01,9.998524188995361328e-01,-6.262619514018297195e-03,6.815906614065170288e-03,1.447328832000494003e-02
6.500283241271972656e+00,1.460835784673690796e-01,5.807258605957031250e+00,9.999973773956298828e-01,1.245211926288902760e-03,1.930055790580809116e-03,2.902004634961485863e-04
1.849906325340270996e+00,4.459166049957275391e+00,4.964748382568359375e+00,9.999951720237731934e-01,-2.616062527522444725e-03,1.703589339740574360e-03,1.393299025949090719e-04
2.435038328170776367e+00,3.540806770324707031e+00,5.470544338226318359e+00,9.999029636383056641e-01,-1.383245363831520081e-02,1.707539340713992715e-04,-1.679433044046163559e-03
1.657213926315307617e+00,4.572346687316894531e+00,1.572826653718948364e-01,9.999710321426391602e-01,6.924813147634267807e-03,-3.026096150279045105e-03,-9.480002336204051971e-04
6.225829124450683594e+00,2.409872293472290039e+00,4.710515022277832031e+00,9.998967647552490234e-01,3.535831347107887268e-03,3.116020161542110145e-05,1.393081154674291611e-02
5.481929302215576172e+00,5.378554821014404297e+00,8.895106315612792969e-01,9.999991655349731445e-01,-9.883168386295437813e-04,-9.085448691621422768e-04,9.439778659725561738e-05
1.750303864479064941e+00,5.070653915405273438e+00,2.933048963546752930e+00,9.999917149543762207e-01,1.627168850973248482e-03,-3.096761356573551893e-04,-3.718509105965495110e-03
5.894877910614013672e-01,4.351948261260986328e+00,5.874290466308593750e+00,9.999992251396179199e-01,3.273890251875855029e-05,-1.140931388363242149e-03,5.619587027467787266e-04
5.109326243400573730e-01,3.453279256820678711e+00,2.855466902256011963e-01,9.999684095382690430e-01,1.404873095452785492e-03,-6.392077542841434479e-03,4.513342399150133133e-03
2.238692998886108398e+00,2.540172040462493896e-01,7.191487312316894531e+00,9.999995827674865723e-01,-5.186343332752585411e-04,8.043550769798457623e-04,-2.928946632891893387e-04
5.820241451263427734e+00,7.253142833709716797e+00,5.775494575500488281e+00,9.999849796295166016e-01,5.690133548341691494e-04,-3.418169217184185982e-03,-4.262093454599380493e-03
4.566092491149902344e+00,4.157670021057128906e+00,3.132492065429687500e+00,9.999901652336120605e-01,1.262159203179180622e-03,-4.027415066957473755e-03,-1.411895849741995335e-03
6.152219772338867188e+00,3.210528373718261719e+00,5.530968189239501953e+00,9.996966123580932617e-01,-7.900605909526348114e-03,-1.859586499631404877e-02,1.408711541444063187e-02
1.317385435104370117e+00,1.677720665931701660e+00,8.937365412712097168e-01,9.999569654464721680e-01,-1.068962621502578259e-03,7.440268993377685547e-03,5.431492347270250320e-03
1.176823973655700684e+00,5.396189212799072266e+00,4.170034885406494141e+00,9.999988675117492676e-01,1.518525299616158009e-03,-1.611887419130653143e-04,-3.221924707759171724e-04
2.342842102050781250e+00,1.771513700485229492e+00,7.108372688293457031e+00,9.999817013740539551e-01,4.560829605907201767e-03,-3.293049754574894905e-03,-2.226490760222077370e-03
2.160221338272094727e+00,2.942527532577514648e+00,7.053093433380126953e+00,9.997404217720031738e-01,-1.703309267759323120e-02,8.197057992219924927e-03,-1.272289548069238663e-02
2.553202629089355469e+00,6.703987598419189453e+00,6.710407733917236328e-01,9.999950528144836426e-01,-2.943296683952212334e-03,5.928033497184514999e-04,1.010586740449070930e-03
2.908774137496948242e+00,1.072356462478637695e+00,2.785118103027343750e+00,9.999924898147583008e-01,3.776442958042025566e-03,-9.107324876822531223e-04,1.050024147843942046e-04
1.089013934135437012e+00,5.597257614135742188e+00,5.282094001770019531e+00,9.999935030937194824e-01,-1.137691433541476727e-03,3.372572595253586769e-03,-6.626003305427730083e-04
5.382575035095214844e+00,3.950311899185180664e+00,4.191576004028320312e+00,9.999703168869018555e-01,1.950838719494640827e-03,-5.027052480727434158e-03,5.503592081367969513e-03
7.220896244049072266e+00,1.400537136942148209e-02,3.247134685516357422e+00,9.999980926513671875e-01,1.865426660515367985e-03,-4.608525196090340614e-04,1.979572261916473508e-04
5.106057167053222656e+00,7.233129978179931641e+00,4.946296691894531250e+00,9.999965429306030273e-01,2.133828122168779373e-03,5.507988589670276269e-06,-1.593582681380212307e-03
2.317490339279174805e+00,2.362218379974365234e+00,3.697847604751586914e+00,9.999997615814208984e-01,4.372191324364393950e-04,-4.299644788261502981e-04,-4.816489235963672400e-04
3.579991340637207031e+00,1.646498799324035645e+00,5.787388801574707031e+00,9.999980330467224121e-01,-8.513832581229507923e-04,-1.017436617985367775e-03,-1.513028517365455627e-03
2.815395832061767578e+00,4.985735416412353516e+00,4.178533077239990234e+00,9.999917745590209961e-01,-2.061181003227829933e-03,3.377246437594294548e-03,9.856608230620622635e-04
4.905040264129638672e+00,1.109894156455993652e+00,7.297068119049072266e+00,9.999946951866149902e-01,1.219378755195066333e-04,3.250606358051300049e-03,2.202929026680067182e-04
6.793116092681884766e+00,3.003117442131042480e-01,1.564552545547485352e+00,9.999856352806091309e-01,-8.726018131710588932e-04,4.679451230913400650e-03,2.481976523995399475e-03
6.135663032531738281e+00,1.750917911529541016e+00,3.283186435699462891e+00,9.999456405639648438e-01,7.733934558928012848e-03,1.418818370439112186e-03,-6.848453544080257416e-03
6.311697483062744141e+00,4.398757517337799072e-01,4.221647262573242188e+00,9.999986886978149414e-01,-1.560596749186515808e-03,-4.996291245333850384e-04,2.386683336226269603e-04
6.171160221099853516e+00,1.506451845169067383e+00,4.609738349914550781e+00,9.999974966049194336e-01,1.137894345447421074e-03,-7.166071445681154728e-04,1.786490320228040218e-03
4.178661346435546875e+00,1.008634924888610840e+00,6.333623409271240234e+00,9.999787807464599609e-01,6.382757332175970078e-03,-7.006041705608367920e-04,-1.115974737331271172e-03
1.246111631393432617e+00,7.648416757583618164e-01,5.178464889526367188e+00,9.999991059303283691e-01,4.875190279562957585e-05,-1.404298091074451804e-04,1.379260909743607044e-03
4.723950326442718506e-01,5.548111438751220703e+00,3.914955854415893555e+00,9.999995231628417969e-01,-4.947374109178781509e-04,-8.887255098670721054e-04,3.345229779370129108e-04
1.381163597106933594e+00,6.506171226501464844e+00,3.538638949394226074e-01,9.999161362648010254e-01,-1.208428479731082916e-02,1.864205463789403439e-03,-4.286885261535644531e-03
8.368471860885620117e-01,7.375118255615234375e+00,5.262845039367675781e+00,9.999957680702209473e-01,6.927602953510358930e-06,-2.906882902607321739e-03,-3.975434810854494572e-04
6.087451934814453125e+00,7.240731716156005859e+00,9.681391716003417969e-01,9.999942183494567871e-01,-5.354941822588443756e-04,-3.375154919922351837e-03,1.245033490704372525e-04
1.133687257766723633e+00,3.562644720077514648e+00,9.475784897804260254e-01,9.999984502792358398e-01,-3.478781436569988728e-04,-5.098688779980875552e-05,1.754406257532536983e-03
2.938716173171997070e+00,4.576907157897949219e+00,3.731945276260375977e+00,9.999862313270568848e-01,-3.842404403258115053e-04,4.787231795489788055e-03,-2.155164722353219986e-03
5.012502193450927734e+00,3.625096797943115234e+00,3.721913099288940430e+00,9.999981522560119629e-01,1.673568738624453545e-03,7.629067986272275448e-04,-6.675345939584076405e-04
7.162016391754150391e+00,5.703872069716453552e-03,2.255106419324874878e-01,9.999995827674865723e-01,-5.882820696569979191e-04,2.840092056430876255e-04,7.178346859291195869e-04
5.109006404876708984e+00,6.084132194519042969e+00,4.440855026245117188e+00,9.999990463256835938e-01,7.094984757713973522e-04,3.532463742885738611e-04,1.175517681986093521e-03
5.574989795684814453e+00,2.901203870773315430e+00,7.145606517791748047e+00,9.997933506965637207e-01,-3.854283364489674568e-03,-1.603367924690246582e-02,1.189306098967790604e-02
5.026350021362304688e+00,1.559552907943725586e+00,4.570675849914550781e+00,9.999926090240478516e-01,-3.634229535236954689e-03,-1.209152862429618835e-03,-3.258074284531176090e-04
1.856984019279479980e+00,2.055883169174194336e+00,3.742367744445800781e+00,9.999992251396179199e-01,1.108939177356660366e-03,1.491456496296450496e-04,-6.886974442750215530e-04
6.547753810882568359e+00,3.849864006042480469e+00,3.889128208160400391e+00,9.999714493751525879e-01,2.695315750315785408e-03,4.470399580895900726e-03,5.472410935908555984e-03
3.783343553543090820e+00,5.154012680053710938e+00,4.847678184509277344e+00,9.999979138374328613e-01,-3.745256981346756220e-04,-2.030077623203396797e-03,-5.859165412402944639e-06
5.020877718925476074e-01,6.396575450897216797e+00,4.267240524291992188e+00,9.999657273292541504e-01,2.908190712332725525e-03,7.432390470057725906e-03,2.217754255980253220e-03
7.362018585205078125e+00,2.859521150588989258e+00,1.062502980232238770e+00,9.998704195022583008e-01,1.592053100466728210e-02,-2.340775448828935623e-03,5.208079819567501545e-04
2.571293830871582031e+00,9.487843513488769531e-01,2.672577857971191406e+00,9.999948740005493164e-01,2.107262611389160156e-03,7.077578338794410229e-04,2.317000413313508034e-03
1.506170511245727539e+00,2.476899862289428711e+00,1.114953041076660156e+00,9.999914765357971191e-01,-9.575036237947642803e-04,2.777249319478869438e-03,2.935795113444328308e-03
6.071015357971191406e+00,5.205181241035461426e-01,7.461042404174804688e+00,9.999496936798095703e-01,-5.084197036921977997e-03,-5.427550524473190308e-03,6.739248521625995636e-03
4.535236835479736328e+00,5.721966624259948730e-01,4.533987522125244141e+00,9.999943971633911133e-01,-8.198708528652787209e-04,1.811132882721722126e-03,-2.725084777921438217e-03
4.736480712890625000e+00,4.136717796325683594e+00,2.008438110351562500e+00,9.999715685844421387e-01,1.679687527939677238e-03,2.318411134183406830e-04,-7.350674830377101898e-03
3.743969202041625977e+00,1.487705409526824951e-01,7.219732761383056641e+00,9.999989867210388184e-01,1.354740816168487072e-03,2.127511834260076284e-04,4.726692568510770798e-04
6.830570697784423828e+00,3.449675321578979492e+00,6.488718509674072266e+00,9.999980330467224121e-01,-8.149611530825495720e-04,-1.219002879224717617e-03,-1.312007196247577667e-03
1.885489344596862793e+00,6.177233695983886719e+00,1.287565112113952637e+00,9.999962449073791504e-01,6.333597702905535698e-04,2.438627649098634720e-03,-1.115079503506422043e-03
4.599083423614501953e+00,4.464231014251708984e+00,6.293210983276367188e+00,9.999973773956298828e-01,1.788869616575539112e-03,6.377110839821398258e-04,-1.318469061516225338e-03
6.594658851623535156e+00,1.452347993850708008e+00,6.337273597717285156e+00,9.999985098838806152e-01,-1.020223018713295460e-03,1.332907937467098236e-03,-4.082001396454870701e-04
6.601183414459228516e+00,1.928755283355712891e+00,2.219622611999511719e+00,9.999919533729553223e-01,8.993279770947992802e-04,-3.113878658041357994e-03,2.385459607467055321e-03
3.223039150238037109e+00,2.320577621459960938e+00,3.241288423538208008e+00,9.999997019767761230e-01,-5.044124554842710495e-05,-4.434458605828694999e-05,-8.699544705450534821e-04
1.369199514389038086e+00,2.355539947748184204e-01,3.812683343887329102e+00,9.999994039535522461e-01,6.031455122865736485e-04,8.359178900718688965e-04,4.991905880160629749e-04
6.770288944244384766e+00,9.608588814735412598e-01,5.376840591430664062e+00,9.999769926071166992e-01,1.543818856589496136e-03,-4.195958375930786133e-03,-5.107503850013017654e-03
2.188692569732666016e+00,1.424070954322814941e+00,6.025311470031738281e+00,9.998636841773986816e-01,1.009487919509410858e-02,1.292143296450376511e-02,1.944544608704745770e-03
5.704256534576416016e+00,1.307589292526245117e+00,3.633048295974731445e+00,9.999982118606567383e-01,-1.267386251129209995e-03,-1.152838303823955357e-04,1.445397036150097847e-03
6.897073745727539062e+00,5.731464862823486328e+00,5.052105903625488281e+00,9.999084472656250000e-01,-1.757094636559486389e-03,-1.466670655645430088e-03,-1.333893463015556335e-02
2.019978284835815430e+00,1.922018229961395264e-01,5.189180374145507812e+00,9.999983310699462891e-01,9.538906742818653584e-04,1.123031601309776306e-03,1.149610499851405621e-03
3.071690559387207031e+00,5.949799060821533203e+00,4.705741405487060547e+00,9.999991059303283691e-01,9.578517056070268154e-04,6.373465294018387794e-04,7.007442764006555080e-04
4.863328456878662109e+00,6.928356170654296875e+00,4.130444526672363281e+00,9.999969601631164551e-01,2.477053320035338402e-03,8.944698492996394634e-05,3.185226523783057928e-04
2.718384981155395508e+00,1.687309145927429199e+00,1.758442640304565430e+00,9.998736977577209473e-01,-1.364580076187849045e-02,3.514790674671530724e-03,-7.355919573456048965e-03
2.459439516067504883e+00,4.633211612701416016e+00,7.500257492065429688e+00,9.999926686286926270e-01,1.252369605936110020e-03,3.605704754590988159e-03,-2.880399988498538733e-04
6.593158245086669922e+00,2.020064830780029297e+00,2.816913604736328125e+00,9.999998211860656738e-01,3.758636594284325838e-04,4.633180215023458004e-04,-2.690109540708363056e-04
5.809663772583007812e+00,3.815482854843139648e+00,6.288798332214355469e+00,9.999836087226867676e-01,-1.855385256931185722e-03,4.150543827563524246e-03,3.492605173960328102e-03
5.817455768585205078e+00,1.507229566574096680e+00,4.724766731262207031e+00,9.999994635581970215e-01,4.645538865588605404e-04,-1.656719687161967158e-04,9.860506979748606682e-04
4.476799488067626953e+00,3.877384185791015625e+00,5.648118495941162109e+00,9.999425411224365234e-01,6.153739988803863525e-03,-8.775287307798862457e-03,2.491668565198779106e-04
3.742603302001953125e+00,7.081367492675781250e+00,1.791726231575012207e+00,9.999883174896240234e-01,-3.677959321066737175e-03,-3.128196112811565399e-03,2.289891854161396623e-04
5.338940620422363281e+00,1.882479667663574219e+00,6.760053038597106934e-01,9.999884963035583496e-01,-1.324647921137511730e-03,3.672062652185559273e-03,-2.784152282401919365e-03
5.942986011505126953e+00,3.331908881664276123e-01,4.785798072814941406e+00,9.999974370002746582e-01,-1.987291732802987099e-03,1.092475606128573418e-03,-2.467607264406979084e-04
4.527153491973876953e+00,2.766329765319824219e+00,7.343190193176269531e+00,9.999970793724060059e-01,-2.293532015755772591e-03,4.726245533674955368e-04,-6.927351350896060467e-04
2.796240329742431641e+00,3.433971166610717773e+00,4.116934776306152344e+00,9.999972581863403320e-01,4.688389308284968138e-04,1.820919103920459747e-03,1.442696899175643921e-03
3.738401889801025391e+00,5.904858112335205078e+00,2.388728380203247070e+00,9.999985098838806152e-01,-1.002784818410873413e-03,1.214805408380925655e-03,-6.937662255950272083e-04
1.168770790100097656e+00,2.997042655944824219e+00,6.235204696655273438e+00,9.999963641166687012e-01,-1.793043687939643860e-03,-2.028967486694455147e-03,-1.263780868612229824e-04
3.194050312042236328e+00,3.985618591308593750e+00,3.919135808944702148e+00,9.999982714653015137e-01,-1.573403365910053253e-03,6.026910850778222084e-04,-8.402470848523080349e-04
6.993892192840576172e+00,8.975643515586853027e-01,5.862567424774169922e+00,9.999987483024597168e-01,4.751849628519266844e-04,9.298685472458600998e-04,1.233093091286718845e-03
7.449859142303466797e+00,2.295033931732177734e+00,4.998890757560729980e-01,9.999528527259826660e-01,-8.219999261200428009e-03,-3.356629516929388046e-03,-3.941055852919816971e-03
2.809004783630371094e+00,6.038944244384765625e+00,5.125161647796630859e+00,9.999901652336120605e-01,2.326787449419498444e-03,2.522990573197603226e-03,-2.818044507876038551e-03
4.805778026580810547e+00,1.998245835304260254e+00,1.296333074569702148e+00,9.998770952224731445e-01,1.853451249189674854e-03,4.934275988489389420e-03,1.476569566875696182e-02
4.142158985137939453e+00,2.180692911148071289e+00,1.374178647994995117e+00,9.999722838401794434e-01,5.427617579698562622e-03,4.872291814535856247e-03,-1.541885430924594402e-03
6.284996986389160156e+00,6.299506187438964844e+00,3.008345365524291992e+00,9.999998211860656738e-01,3.694389015436172485e-04,3.746222064364701509e-04,-4.844252543989568949e-04
5.856884956359863281e+00,6.600728988647460938e+00,5.661202430725097656e+00,9.999997615814208984e-01,3.217061457689851522e-04,7.097378256730735302e-04,-7.836850272724404931e-05
1.179103851318359375e+00,7.327785968780517578e+00,6.937370300292968750e+00,9.999937415122985840e-01,1.340978895314037800e-03,-3.103039693087339401e-03,1.029820763505995274e-03
4.418828487396240234e+00,4.065509438514709473e-01,3.732555389404296875e+00,9.999676942825317383e-01,-3.618709044530987740e-03,6.760147865861654282e-03,-2.413203474134206772e-03
1.193545579910278320e+00,3.609524369239807129e-01,2.188786983489990234e+00,9.999477267265319824e-01,4.013277066405862570e-04,6.741212215274572372e-03,-7.688144221901893616e-03
2.813838243484497070e+00,2.388621091842651367e+00,3.286052227020263672e+00,9.999994635581970215e-01,5.219432641752064228e-04,-9.534998098388314247e-04,-1.884511584648862481e-04
1.402409791946411133e+00,6.531195163726806641e+00,7.423964500427246094e+00,9.999885559082031250e-01,4.531171172857284546e-03,-1.406654599122703075e-03,5.898236413486301899e-04
4.370818436145782471e-01,4.817927360534667969e+00,3.643999099731445312e+00,9.999994039535522461e-01,-9.877814445644617081e-04,-1.913837477331981063e-04,-5.554932868108153343e-04
3.317349910736083984e+00,3.161854743957519531e+00,1.970134496688842773e+00,9.999992251396179199e-01,1.214816467836499214e-03,1.441005151718854904e-04,-4.789364174939692020e-04
7.190827846527099609e+00,5.741920948028564453e+00,3.045243024826049805e+00,9.999383687973022461e-01,-1.016360986977815628e-02,3.455345751717686653e-03,2.833700738847255707e-03
3.551139593124389648e+00,1.537671446800231934e+00,1.343249559402465820e+00,9.999552369117736816e-01,-7.132837548851966858e-03,7.357409340329468250e-04,-6.182359997183084488e-03
6.652332305908203125e+00,4.936017513275146484e+00,1.795219063758850098e+00,9.999980926513671875e-01,1.202597049996256828e-03,-2.537763793952763081e-04,-1.574661699123680592e-03
5.194428443908691406e+00,5.186650156974792480e-01,3.690908432006835938e+00,9.999972581863403320e-01,9.778812527656555176e-04,1.942796981893479824e-03,8.908525924198329449e-04
1.350909352302551270e+00,3.010401129722595215e-01,6.380192756652832031e+00,9.999961853027343750e-01,1.947968994500115514e-04,1.703745219856500626e-03,2.180957701057195663e-03
1.653245240449905396e-01,5.609451293945312500e+00,1.455291628837585449e+00,9.999307394027709961e-01,2.074397489195689559e-04,-7.039634510874748230e-03,9.430448524653911591e-03
4.515037536621093750e+00,6.079042911529541016e+00,2.768106222152709961e+00,9.999505877494812012e-01,6.138055585324764252e-03,3.617672482505440712e-03,-6.932133808732032776e-03
1.934388875961303711e+00,4.774777412414550781e+00,2.825762510299682617e+00,9.999953508377075195e-01,-1.487712957896292210e-03,-8.454172639176249504e-04,-2.519178204238414764e-03
6.002002239227294922e+00,4.550187587738037109e+00,4.620568275451660156e+00,9.999055862426757812e-01,4.512898623943328857e-03,-2.985938917845487595e-03,-1.263359282165765762e-02
1.808761119842529297e+00,8.083466887474060059e-01,2.048845052719116211e+00,9.999982714653015137e-01,4.582962719723582268e-04,1.836718874983489513e-03,-3.739230669452808797e-05
3.746737480163574219e+00,3.106802940368652344e+00,2.910494327545166016e+00,9.999982714653015137e-01,7.211884367279708385e-04,1.139443251304328442e-03,-1.283584628254175186e-03
7.441524505615234375e+00,6.698412418365478516e+00,4.758030414581298828e+00,9.999998807907104492e-01,-5.436448846012353897e-04,-2.705703955143690109e-04,-1.113877806346863508e-04
2.508709192276000977e+00,1.570943117141723633e+00,6.693472862243652344e-01,9.999980926513671875e-01,-7.925542013254016638e-05,4.382625047583132982e-04,-1.931928098201751709e-03
5.139142036437988281e+00,6.572130203247070312e+00,2.438560247421264648e+00,9.999997615814208984e-01,-7.186142029240727425e-04,-3.288795123808085918e-04,5.489206887432374060e-05
5.638826489448547363e-01,5.907682895660400391e+00,4.837369918823242188e+00,9.999940395355224609e-01,1.799712656065821648e-03,9.167108219116926193e-04,2.821829868480563164e-03
6.274981021881103516e+00,4.997343063354492188e+00,7.139857769012451172e+00,9.999465346336364746e-01,2.369380090385675430e-03,5.810980219393968582e-03,8.215289562940597534e-03
6.556125164031982422e+00,1.337386488914489746e+00,1.053420543670654297e+00,9.999937415122985840e-01,4.022190696559846401e-04,-2.994548063725233078e-03,-1.882057753391563892e-03
1.025454163551330566e+00,2.391893625259399414e+00,7.474564313888549805e-01,9.999971985816955566e-01,2.013296121731400490e-03,-8.539691916666924953e-04,-8.835913031361997128e-04
8.645363450050354004e-01,6.638616085052490234e+00,4.207855224609375000e+00,9.999966621398925781e-01,6.714129121974110603e-04,2.285284223034977913e-03,9.874028619378805161e-04
1.723744153976440430e+00,2.681307554244995117e+00,2.044653654098510742e+00,9.998931288719177246e-01,-2.138599287718534470e-03,-1.441453862935304642e-02,1.231793896295130253e-03
9.948213696479797363e-01,8.652045726776123047e-01,2.143382310867309570e+00,9.999971985816955566e-01,-2.303818939253687859e-03,1.366336655337363482e-04,6.441102595999836922e-04
5.256215095520019531e+00,5.746872425079345703e-01,2.604537725448608398e+00,9.999802112579345703e-01,-3.019117517396807671e-03,4.423802252858877182e-03,-3.299944335594773293e-03
3.702269554138183594e+00,3.163069009780883789e+00,8.959146738052368164e-01,9.999865293502807617e-01,-3.305973485112190247e-03,3.626424586400389671e-03,-1.726744580082595348e-03
3.068642616271972656e+00,7.397700786590576172e+00,8.751568198204040527e-01,9.999706745147705078e-01,-5.250251386314630508e-03,-1.332690939307212830e-03,5.412826314568519592e-03
7.470128536224365234e-01,6.684295177459716797e+00,5.889997005462646484e+00,9.999992847442626953e-01,3.929737722501158714e-04,1.011493732221424580e-03,5.005700513720512390e-04
5.880612850189208984e+00,6.838044643402099609e+00,5.046824455261230469e+00,9.999979734420776367e-01,-7.840860052965581417e-04,1.670805155299603939e-03,8.894068887457251549e-04
6.440331459045410156e+00,5.661372661590576172e+00,6.056102514266967773e-01,9.999988079071044922e-01,-2.633483090903609991e-04,-1.397108426317572594e-03,5.797505145892500877e-04
4.776833057403564453e+00,5.078266620635986328e+00,4.623824596405029297e+00,9.999972581863403320e-01,1.672398764640092850e-03,-1.526696956716477871e-03,-7.242635474540293217e-04
2.498924434185028076e-01,4.322426795959472656e+00,3.285257101058959961e+00,9.999980926513671875e-01,1.053345040418207645e-03,-6.954856216907501221e-04,-1.549330190755426884e-03
5.915166854858398438e+00,3.897133588790893555e+00,2.046296119689941406e+00,1.000000000000000000e+00,2.675050927791744471e-04,-9.127980592893436551e-05,-2.344747626921162009e-04
1.863734424114227295e-01,2.365792036056518555e+00,2.603170275688171387e-01,9.998087882995605469e-01,7.867498323321342468e-03,4.058513790369033813e-03,1.743578538298606873e-02
3.411090850830078125e+00,7.054151535034179688e+00,5.587796211242675781e+00,9.999999403953552246e-01,-3.984395007137209177e-04,1.314023393206298351e-04,3.115015279036015272e-04
3.339060544967651367e+00,6.428750514984130859e+00,3.778277873992919922e+00,9.999997019767761230e-01,5.944779841229319572e-04,-4.920602805214002728e-06,-6.366163725033402443e-04
6.836492538452148438e+00,5.381364822387695312e+00,1.777375787496566772e-01,9.999520182609558105e-01,-3.944884985685348511e-03,-1.210822490975260735e-03,8.890905417501926422e-03
1.827086687088012695e+00,1.536075472831726074e-01,7.495547294616699219e+00,9.999971389770507812e-01,-1.347487675957381725e-03,1.966706244274973869e-03,4.450240812730044127e-04
1.792841672897338867e+00,2.892243146896362305e+00,4.390756607055664062e+00,9.999803304672241211e-01,4.452870693057775497e-03,4.860405460931360722e-04,-4.390782676637172699e-03
3.994258046150207520e-01,4.080716609954833984e+00,2.627516031265258789e+00,9.999964237213134766e-01,8.680889150127768517e-04,-1.382178888889029622e-04,-2.551549812778830528e-03
1.119359135627746582e+00,7.201579093933105469e+00,5.997434258460998535e-01,9.999958276748657227e-01,-2.167887985706329346e-03,8.837596396915614605e-04,1.740587526001036167e-03
6.131076812744140625e+00,6.599539279937744141e+00,6.137177467346191406e+00,9.999941587448120117e-01,1.710111973807215691e-03,1.685418072156608105e-03,2.449591644108295441e-03
4.087325572967529297e+00,5.741863727569580078e+00,3.588576316833496094e+00,9.999353289604187012e-01,8.789062267169356346e-04,1.112247351557016373e-02,-2.250482328236103058e-03
2.215980052947998047e+00,1.902052879333496094e+00,2.233546018600463867e+00,9.999072551727294922e-01,1.069700811058282852e-03,-1.180447451770305634e-02,6.714836694300174713e-03
5.121055603027343750e+00,1.878595948219299316e+00,3.434345006942749023e+00,9.999304413795471191e-01,-1.080261729657649994e-02,2.968573011457920074e-03,-3.709451993927359581e-03
3.108083963394165039e+00,2.035797595977783203e+00,4.097452163696289062e-01,9.999958872795104980e-01,-2.036013320321217179e-04,-2.521947957575321198e-03,1.369042787700891495e-03
5.293868541717529297e+00,5.299169540405273438e+00,1.215023040771484375e+00,9.999971389770507812e-01,1.133979414589703083e-03,1.073735984391532838e-04,2.125203842297196388e-03
6.740796566009521484e+00,7.442612648010253906e+00,2.457537412643432617e+00,9.998784065246582031e-01,-6.186354439705610275e-03,-5.029751453548669815e-03,1.340931933373212814e-02
2.845554351806640625e+00,2.565504312515258789e+00,5.380416870117187500e+00,9.999994039535522461e-01,-4.125660052523016930e-04,1.026039943099021912e-03,-4.423574864631518722e-06
5.731025218963623047e+00,4.133841514587402344e+00,1.565960645675659180e+00,9.999685287475585938e-01,-7.482454646378755569e-03,-6.775043439120054245e-04,-2.537008374929428101e-03
1.782888770103454590e-01,2.368273735046386719e+00,1.760857224464416504e+00,9.999986886978149414e-01,1.245755818672478199e-03,-9.983549825847148895e-04,-4.521469818428158760e-04
1.336614012718200684e+00,5.073956012725830078e+00,5.910901546478271484e+00,9.998697042465209961e-01,-9.918918833136558533e-03,-9.408335201442241669e-03,-8.588587865233421326e-03
2.717956542968750000e+00,1.129837989807128906e+00,7.805631160736083984e-01,9.998055100440979004e-01,-3.244095947593450546e-03,-2.970393979921936989e-03,1.922712661325931549e-02
4.942843437194824219e+00,6.100735187530517578e+00,6.601035118103027344e+00,9.998239278793334961e-01,6.040087901055812836e-03,-1.776547171175479889e-02,-2.424727572361007333e-04
7.480690956115722656e+00,4.653196811676025391e+00,7.447085380554199219e+00,9.999996423721313477e-01,-8.673577685840427876e-04,2.786113182082772255e-04,1.681732392171397805e-04
6.960598945617675781e+00,6.932997703552246094e+00,5.787389278411865234e+00,9.999991655349731445e-01,5.725082592107355595e-04,-4.587449075188487768e-04,1.087207929231226444e-03
1.664371728897094727e+00,4.975005626678466797e+00,4.714163303375244141e+00,9.999990463256835938e-01,4.000077897217124701e-04,1.137180021032691002e-03,7.310883374884724617e-04
3.341134309768676758e+00,7.004081726074218750e+00,3.264974594116210938e+00,9.999838471412658691e-01,5.525915883481502533e-03,1.752146490616723895e-04,1.366525073535740376e-03
4.969525337219238281e+00,4.525363922119140625e+00,6.232446193695068359e+00,9.999993443489074707e-01,1.122170360758900642e-03,3.174369630869477987e-04,-7.610658212797716260e-05
1.231268882751464844e+00,5.874437093734741211e-01,3.130620479583740234e+00,9.999865293502807617e-01,1.926532830111682415e-03,7.652874919585883617e-04,4.756832495331764221e-03
1.471414446830749512e+00,3.892994299530982971e-02,2.879421710968017578e+00,9.999732375144958496e-01,-6.400757003575563431e-03,-1.480506034567952156e-03,-3.231027396395802498e-03
6.409954071044921875e+00,8.649049401283264160e-01,7.434680461883544922e+00,9.999930858612060547e-01,1.036804402247071266e-03,-1.922671217471361160e-04,3.587798913940787315e-03
3.764466047286987305e-01,6.427437305450439453e+00,6.800228118896484375e+00,9.999961256980895996e-01,-2.046243054792284966e-03,-1.318154972977936268e-03,-1.378662534989416599e-03
2.785748720169067383e+00,3.510339736938476562e+00,4.584362030029296875e+00,9.999998211860656738e-01,4.729876236524432898e-04,3.271258901804685593e-04,4.030333948321640491e-04
1.157215595245361328e+00,4.554388046264648438e+00,2.395036697387695312e+00,9.999980330467224121e-01,6.869470817036926746e-04,-5.685142969014123082e-05,-1.885808305814862251e-03
8.392905443906784058e-02,7.431619167327880859e+00,2.001622200012207031e+00,9.999992847442626953e-01,7.410450489260256290e-04,7.980458321981132030e-04,5.482148844748735428e-04
4.141695499420166016e+00,7.647617459297180176e-01,4.262352466583251953e+00,9.999313354492187500e-01,2.233352512121200562e-03,-8.515894412994384766e-03,-7.739113643765449524e-03
3.092777252197265625e+00,3.676561832427978516e+00,6.060662746429443359e+00,9.999961256980895996e-01,3.331837069708853960e-04,1.826851977966725826e-03,2.093607559800148010e-03
6.664727687835693359e+00,7.053592205047607422e+00,6.023152351379394531e+00,9.999998807907104492e-01,9.116034198086708784e-05,-2.094804367516189814e-04,5.192424287088215351e-04
2.297728508710861206e-01,3.295766592025756836e+00,3.340002298355102539e-01,9.999760985374450684e-01,1.321622403338551521e-03,-4.172782413661479950e-03,5.350947380065917969e-03
8.182509541511535645e-01,2.372385263442993164e+00,1.949703097343444824e+00,9.997888803482055664e-01,-1.383196935057640076e-02,1.239886321127414703e-02,8.792815729975700378e-03
5.577735424041748047e+00,1.748711705207824707e+00,7.479614257812500000e+00,9.999989271163940430e-01,7.064703368087066337e-06,1.355763059109449387e-03,-5.476424703374505043e-04
3.951419353485107422e+00,5.928990840911865234e+00,3.202493488788604736e-01,9.999854564666748047e-01,-2.092562615871429443e-03,4.764047451317310333e-03,-1.466394402086734772e-03
6.350583553314208984e+00,7.064118385314941406e+00,6.425117969512939453e+00,9.999998211860656738e-01,-3.237133496440947056e-04,1.252439687959849834e-04,5.697291926480829716e-04
5.383941173553466797e+00,4.403100013732910156e+00,9.268202632665634155e-02,9.999997019767761230e-01,-5.344589008018374443e-04,-5.678558954969048500e-04,2.611066738609224558e-04
1.458234667778015137e+00,5.338208675384521484e+00,6.110930919647216797e+00,9.999683499336242676e-01,-5.849698558449745178e-03,3.041465301066637039e-03,-4.462608136236667633e-03
7.459496974945068359e+00,4.408923149108886719e+00,1.677693963050842285e+00,9.999988079071044922e-01,-1.336164423264563084e-03,4.702677542809396982e-04,6.951593677513301373e-04
3.796836435794830322e-01,3.752175331115722656e+00,4.482085227966308594e+00,9.999875426292419434e-01,4.374054726213216782e-03,-2.414151560515165329e-03,-3.389901248738169670e-04
2.407201528549194336e+00,5.450861901044845581e-02,5.139889717102050781e+00,9.999878406524658203e-01,-8.945030276663601398e-04,1.495504868216812611e-03,4.620133433490991592e-03
5.849880218505859375e+00,4.483072832226753235e-02,1.913280367851257324e+00,9.999696612358093262e-01,-7.449024356901645660e-03,-2.849533630069345236e-04,2.276973333209753036e-03
6.639375686645507812e+00,3.461766541004180908e-01,2.838642120361328125e+00,9.999982714653015137e-01,1.358026405796408653e-03,1.310371793806552887e-03,-2.746424434008076787e-05
5.571240425109863281e+00,1.785044789314270020e+00,4.706394195556640625e+00,9.999976158142089844e-01,-1.546406769193708897e-03,-1.353691099211573601e-03,-8.395588374696671963e-04
3.526595979928970337e-02,4.957632064819335938e+00,5.013374328613281250e+00,9.999973773956298828e-01,-3.357672831043601036e-04,-1.441859640181064606e-03,1.777352299541234970e-03
2.964063644409179688e+00,5.780239105224609375e+00,4.062476634979248047e+00,9.999964833259582520e-01,2.390601672232151031e-03,3.482454631011933088e-04,1.145944464951753616e-03
3.027453899383544922e+00,4.442294597625732422e+00,5.663888454437255859e-01,9.999964833259582520e-01,-1.044063945300877094e-03,1.942115020938217640e-03,1.510403584688901901e-03
4.454473495483398438e+00,1.289459347724914551e+00,4.686636447906494141e+00,9.999968409538269043e-01,1.391333411447703838e-03,1.963624963536858559e-03,-7.690496859140694141e-04
7.241357803344726562e+00,6.177707672119140625e+00,3.250677883625030518e-01,9.999975562095642090e-01,-4.240885900799185038e-04,-4.457728937268257141e-04,-2.153516281396150589e-03
3.812430620193481445e+00,1.312911272048950195e+00,4.328348636627197266e+00,9.999005794525146484e-01,-5.381730850785970688e-03,2.872848883271217346e-03,1.271504908800125122e-02
6.388206481933593750e+00,5.508331298828125000e+00,3.719875812530517578e+00,9.999964237213134766e-01,2.298866165801882744e-03,-6.144048529677093029e-04,1.266833627596497536e-03
7.441618442535400391e+00,6.582727909088134766e+00,1.496412634849548340e+00,9.997776746749877930e-01,6.818213500082492828e-03,1.756303943693637848e-02,9.467030875384807587e-03
4.778973579406738281e+00,5.427598953247070312e+00,2.007982969284057617e+00,9.999986886978149414e-01,-8.886475552571937442e-05,-1.573117682710289955e-03,-3.895752306561917067e-04
5.746170997619628906e+00,6.467482566833496094e+00,7.053454875946044922e+00,9.999970197677612305e-01,-2.450355095788836479e-03,1.997206127271056175e-04,-1.082864328054711223e-04
4.018813133239746094e+00,7.167271137237548828e+00,3.682710170745849609e+00,9.999991655349731445e-01,-4.432960995472967625e-04,1.199783058837056160e-03,-1.713365927571430802e-04
4.332646369934082031e+00,5.774015784263610840e-01,6.252532482147216797e+00,9.998998641967773438e-01,1.038699992932379246e-03,1.378225535154342651e-02,-3.048975020647048950e-03
3.368872702121734619e-01,8.824796676635742188e-01,1.001833677291870117e+00,9.999978542327880859e-01,-5.319293704815208912e-04,-1.165499095804989338e-03,1.662531634792685509e-03
9.655435681343078613e-01,3.539911031723022461e+00,3.046242237091064453e+00,9.999800920486450195e-01,1.422644359990954399e-03,-6.110315211117267609e-03,7.338342256844043732e-04
4.604103565216064453e+00,5.539428234100341797e+00,7.431977748870849609e+00,9.999918341636657715e-01,2.365607069805264473e-03,2.540710149332880974e-03,-2.105512889102101326e-03
2.703025341033935547e+00,5.914526462554931641e+00,2.159150123596191406e+00,9.999517798423767090e-01,-4.334088880568742752e-03,-4.674326628446578979e-03,7.470841053873300552e-03
1.940671801567077637e+00,4.432053089141845703e+00,5.762516498565673828e+00,9.999718070030212402e-01,-2.680835314095020294e-03,-7.543532410636544228e-04,6.978596094995737076e-03
7.197105407714843750e+00,5.000087738037109375e+00,2.229215860366821289e+00,9.999842643737792969e-01,1.126949093304574490e-03,-1.939143869094550610e-03,-5.147872492671012878e-03
2.112764358520507812e+00,6.773114204406738281e+00,1.444652438163757324e+00,9.999759197235107422e-01,2.636493416503071785e-03,3.942252136766910553e-03,-5.068033467978239059e-03
1.368783950805664062e+00,3.437604606151580811e-01,7.397933483123779297e+00,9.999961256980895996e-01,2.632522489875555038e-03,-8.679333259351551533e-04,-3.287401923444122076e-04
9.167106747627258301e-01,1.975679874420166016e+00,1.149531841278076172e+00,9.999995231628417969e-01,-7.715948740951716900e-04,-1.691838115220889449e-04,6.183332880027592182e-04
6.915540695190429688e-01,7.099945545196533203e-01,4.303675174713134766e+00,9.999990463256835938e-01,-5.529478075914084911e-04,3.183762601111084223e-04,-1.256886171177029610e-03
5.524833202362060547e-01,3.460001945495605469e+00,3.935738325119018555e+00,9.999948740005493164e-01,-8.973305812105536461e-04,-2.366460394114255905e-03,-1.979111926630139351e-03
5.977783203125000000e+00,1.419496297836303711e+00,3.989939928054809570e+00,9.999982118606567383e-01,1.062932191416621208e-03,-1.580435433425009251e-03,-1.880039635580033064e-04
6.766912937164306641e+00,6.154870986938476562e+00,1.069863677024841309e+00,9.999872446060180664e-01,-2.254058374091982841e-03,-3.593314671888947487e-03,-2.730546984821557999e-03
2.821425676345825195e+00,7.217324733734130859e+00,6.520865440368652344e+00,9.999940395355224609e-01,-2.751581137999892235e-03,1.816776930354535580e-03,1.100496039725840092e-03
6.968650221824645996e-02,2.440530538558959961e+00,4.383530139923095703e+00,9.999514222145080566e-01,8.091057650744915009e-03,-3.755145473405718803e-03,-4.190352279692888260e-03
2.112689256668090820e+00,4.158483982086181641e+00,5.775763034820556641e+00,9.999697208404541016e-01,-1.149671035818755627e-03,-1.496098004281520844e-03,7.554419804364442825e-03
5.705743312835693359e+00,7.348258018493652344e+00,1.596418142318725586e+00,9.999911189079284668e-01,3.069777274504303932e-03,2.901372034102678299e-03,1.416037121089175344e-04
2.936691522598266602e+00,4.538469314575195312e+00,4.652811050415039062e+00,9.999945163726806641e-01,-1.463358988985419273e-03,-2.367767039686441422e-03,-1.835265778936445713e-03
5.506492137908935547e+00,2.679839849472045898e+00,1.913695693016052246e+00,9.999876618385314941e-01,-1.979809720069169998e-03,-1.444419729523360729e-03,-4.327562171965837479e-03
5.639521598815917969e+00,1.112283468246459961e+00,2.206032276153564453e+00,9.999909400939941406e-01,-6.136514712125062943e-04,3.877243492752313614e-03,1.648737583309412003e-03
7.100090384483337402e-01,5.642961859703063965e-01,1.509446024894714355e+00,9.999997019767761230e-01,2.893552300520241261e-04,-5.597956478595733643e-04,6.071010720916092396e-04
6.066015243530273438e+00,8.331697583198547363e-01,1.552795529365539551e+00,9.998054504394531250e-01,6.687266286462545395e-03,1.565881818532943726e-02,-9.960789233446121216e-03
3.745306491851806641e+00,2.560445785522460938e+00,8.169751167297363281e-01,9.999707937240600586e-01,-2.007410861551761627e-03,7.359755691140890121e-03,-4.629609757103025913e-04
2.091390609741210938e+00,5.288715660572052002e-02,5.905326366424560547e+00,9.999997019767761230e-01,-2.051635237876325846e-04,6.725317798554897308e-04,3.883582248818129301e-04
3.507063388824462891e+00,4.238039016723632812e+00,6.707461357116699219e+00,9.999833703041076660e-01,2.239014022052288055e-03,-5.086981691420078278e-03,-1.545883133076131344e-03
4.334529399871826172e+00,3.232103824615478516e+00,1.415211319923400879e+00,9.999980926513671875e-01,1.227019820362329483e-03,1.504998654127120972e-03,2.057950623566284776e-04
3.339540243148803711e+00,2.352779865264892578e+00,2.357152700424194336e+00,9.999705553054809570e-01,-2.352020237594842911e-03,7.244786247611045837e-03,9.989211102947592735e-04
1.620588898658752441e+00,4.438358783721923828e+00,5.827266693115234375e+00,9.999957084655761719e-01,-5.531171336770057678e-04,1.390074845403432846e-03,2.550754928961396217e-03
7.360063552856445312e+00,7.106518745422363281e+00,3.012821674346923828e+00,9.999440312385559082e-01,-8.108901791274547577e-03,-6.154043134301900864e-03,2.897117286920547485e-03
3.798212289810180664e+00,5.472911357879638672e+00,1.464942216873168945e+00,9.999747276306152344e-01,2.155027585104107857e-03,-6.717251148074865341e-03,8.724521612748503685e-04
4.274701118469238281e+00,4.798865795135498047e+00,5.058655261993408203e+00,9.999923110008239746e-01,-3.030308987945318222e-03,7.005829247646033764e-04,-2.405771287158131599e-03
5.957985401153564453e+00,3.525046825408935547e+00,5.736724853515625000e+00,9.999782443046569824e-01,-2.709925873205065727e-03,7.439837208949029446e-04,5.969084799289703369e-03
3.529470682144165039e+00,1.365362048149108887e+00,5.356841087341308594e+00,9.999930858612060547e-01,6.030115764588117599e-04,1.767145819030702114e-03,3.225867170840501785e-03
4.336670398712158203e+00,2.611434221267700195e+00,3.881451189517974854e-01,9.998833537101745605e-01,1.030626799911260605e-02,-5.859001073986291885e-03,-9.631915017962455750e-03
1.076794028282165527e+00,6.141198635101318359e+00,2.299524307250976562e+00,9.999505877494812012e-01,3.229911962989717722e-04,6.768924184143543243e-03,7.275832816958427429e-03
4.306149959564208984e+00,5.824236869812011719e+00,4.645962715148925781e+00,9.999539256095886230e-01,1.360332826152443886e-03,-8.553617633879184723e-03,4.152870737016201019e-03
7.106925487518310547e+00,1.524477720260620117e+00,2.540632486343383789e+00,9.999988079071044922e-01,1.335203764028847218e-03,2.566399343777447939e-04,-8.102569845505058765e-04
6.940114974975585938e+00,2.362902641296386719e+00,4.669939577579498291e-01,9.999980330467224121e-01,1.249968889169394970e-03,7.130312151275575161e-04,-1.358943991363048553e-03
6.498577594757080078e+00,4.140379905700683594e+00,1.296669483184814453e+00,9.999995231628417969e-01,-9.610923007130622864e-05,-8.588012424297630787e-04,6.223506061360239983e-04
5.603388786315917969e+00,6.067234516143798828e+00,6.723996639251708984e+00,9.999907612800598145e-01,4.737374256365001202e-04,-7.553396280854940414e-04,-4.203160293400287628e-03
4.828585147857666016e+00,6.852364063262939453e+00,4.699079990386962891e+00,9.999306201934814453e-01,5.240896251052618027e-03,6.315072998404502869e-03,8.450197055935859680e-03
3.207193374633789062e+00,1.050334215164184570e+00,3.583360195159912109e+00,9.999969601631164551e-01,1.562478952109813690e-03,-1.439186511561274529e-03,1.275040558539330959e-03
5.090670108795166016e+00,1.596898674964904785e+00,3.589322805404663086e+00,9.999520778656005859e-01,-8.296634070575237274e-03,-1.210397575050592422e-03,-5.052490159869194031e-03
3.425832748413085938e+00,2.526080369949340820e+00,8.421158790588378906e-01,9.999768137931823730e-01,-2.539000473916530609e-03,5.950412712991237640e-03,2.118704374879598618e-03
6.721139430999755859e+00,3.305303096771240234e+00,5.881027698516845703e+00,9.999982118606567383e-01,9.401628049090504646e-04,1.426223199814558029e-03,-8.572090300731360912e-04
6.562551498413085938e+00,5.311105728149414062e+00,6.135502338409423828e+00,9.999964237213134766e-01,-1.178327584057115018e-04,2.086586784571409225e-03,1.678773085586726665e-03
6.928829193115234375e+00,3.917010784149169922e+00,1.359782457351684570e+00,9.999772310256958008e-01,-6.442730315029621124e-03,1.892119646072387695e-03,6.849148194305598736e-04
2.709540843963623047e+00,1.149103164672851562e+00,1.469129800796508789e+00,9.999952316284179688e-01,-2.539413515478372574e-03,1.351232989691197872e-03,1.105949748307466507e-03
2.201408386230468750e+00,6.368783473968505859e+00,9.304091930389404297e-01,9.999887943267822266e-01,4.024335648864507675e-04,-4.712372552603483200e-03,2.385510888416320086e-04
1.770824551582336426e+00,5.525166988372802734e-01,1.925996840000152588e-01,9.999979138374328613e-01,-7.257146644406020641e-04,1.184650114737451077e-03,1.535825431346893311e-03
6.956421852111816406e+00,5.193876266479492188e+00,2.116555690765380859e+00,9.998565316200256348e-01,1.044652797281742096e-02,9.600248187780380249e-03,-9.253808297216892242e-03
7.015404224395751953e+00,5.180517673492431641e+00,7.322487354278564453e+00,9.999994635581970215e-01,-2.477262169122695923e-04,5.448365118354558945e-04,8.886816794984042645e-04
4.751409888267517090e-01,4.510067462921142578e+00,7.496432781219482422e+00,9.999979138374328613e-01,-3.404146118555217981e-04,-1.178408274427056313e-04,-2.035405253991484642e-03
6.164213657379150391e+00,2.478519678115844727e+00,3.954919099807739258e+00,9.999997615814208984e-01,3.151287091895937920e-04,-5.788587150163948536e-04,3.589792468119412661e-04
3.892669200897216797e+00,3.252485752105712891e+00,6.864936828613281250e+00,9.999998807907104492e-01,1.391663099639117718e-04,4.617692029569298029e-04,-2.511734201107174158e-04
1.596971511840820312e+00,2.800293922424316406e+00,2.444880008697509766e+00,9.999026060104370117e-01,-6.058985833078622818e-03,5.911950487643480301e-03,-1.109990943223237991e-02
3.277412414550781250e+00,6.500943183898925781e+00,5.474922657012939453e+00,9.999526143074035645e-01,3.662795526906847954e-03,5.651196930557489395e-03,-7.025371305644512177e-03
6.756645202636718750e+00,3.984272956848144531e+00,5.876866340637207031e+00,9.999987483024597168e-01,9.231012081727385521e-04,1.218593795783817768e-03,5.490238545462489128e-04
1.979761481285095215e+00,4.561787128448486328e+00,7.247839450836181641e+00,9.999898076057434082e-01,8.067617891356348991e-04,-4.387184511870145798e-03,-7.303694728761911392e-04
7.112619400024414062e+00,1.479325294494628906e+00,6.772794723510742188e-01,9.999998807907104492e-01,6.049458752386271954e-04,1.237986871274188161e-04,-9.122035407926887274e-05
3.891917467117309570e-01,6.475656032562255859e+00,1.959897756576538086e+00,9.998840093612670898e-01,-4.013789817690849304e-03,-3.108908189460635185e-03,1.436181738972663879e-02
5.938489913940429688e+00,5.732025504112243652e-01,4.002067089080810547e+00,9.999994039535522461e-01,-3.136309096589684486e-04,-2.665735373739153147e-04,-1.059888396412134171e-03
2.734357595443725586e+00,2.063622474670410156e+00,7.483432769775390625e+00,9.999871850013732910e-01,-3.788363654166460037e-03,-2.158101182430982590e-03,2.596290083602070808e-03
7.060233116149902344e+00,6.021389272063970566e-03,1.190944910049438477e+00,9.999974966049194336e-01,4.956839620717801154e-05,2.073319396004080772e-03,-9.243620443157851696e-04
2.268683671951293945e+00,6.683681964874267578e+00,5.504115104675292969e+00,9.999662041664123535e-01,3.116339677944779396e-03,-1.866693492047488689e-03,-7.377560716122388840e-03
1.481713175773620605e+00,4.639587402343750000e+00,5.130854249000549316e-01,9.997738003730773926e-01,8.194638416171073914e-03,5.059338873252272606e-04,-1.962405629456043243e-02
6.486451625823974609e+00,7.074645519256591797e+00,2.552347898483276367e+00,9.999941587448120117e-01,-1.715285587124526501e-03,2.279963344335556030e-03,-1.874107285402715206e-03
6.375066757202148438e+00,3.733380317687988281e+00,1.567878603935241699e+00,9.999964237213134766e-01,8.402577077504247427e-05,-2.694280352443456650e-03,-8.800100476946681738e-05
5.530099391937255859e+00,4.494184970855712891e+00,1.499005436897277832e+00,9.998843073844909668e-01,-1.841382123529911041e-03,-1.459792628884315491e-02,-3.871142165735363960e-03
5.757533550262451172e+00,5.342897772789001465e-01,5.133571624755859375e+00,9.999952912330627441e-01,-1.275023794732987881e-03,2.297989558428525925e-03,1.574560301378369331e-03
5.172273635864257812e+00,1.441839098930358887e+00,2.543185949325561523e+00,9.999978542327880859e-01,-1.321232062764465809e-03,-8.811102015897631645e-04,1.361199887469410896e-03
5.313505649566650391e+00,9.084528684616088867e-01,1.841904640197753906e+00,9.999935030937194824e-01,8.718809112906455994e-04,3.233901923522353172e-03,1.370577956549823284e-03
2.677793979644775391e+00,6.768907070159912109e+00,7.493716239929199219e+00,9.998941421508789062e-01,2.790627069771289825e-03,-1.187328435480594635e-02,-7.938297465443611145e-03
3.343307018280029297e+00,4.178719043731689453e+00,8.899105191230773926e-01,9.999698400497436523e-01,6.582103203982114792e-03,-1.080331858247518539e-03,3.977616317570209503e-03
5.369006156921386719e+00,4.234123706817626953e+00,7.123785972595214844e+00,9.999993443489074707e-01,-6.411295180441811681e-05,2.579890133347362280e-04,-1.173392054624855518e-03
1.831064343452453613e+00,6.345032691955566406e+00,1.741037726402282715e+00,9.999919533729553223e-01,-1.987187657505273819e-03,4.093458410352468491e-04,-3.462916472926735878e-03
2.272079229354858398e+00,1.806205868721008301e+00,4.178891181945800781e+00,9.999802708625793457e-01,7.880037883296608925e-04,-3.317501163110136986e-03,-5.279207136482000351e-03
4.361388683319091797e+00,2.792790889739990234e+00,1.334663033485412598e+00,9.999974966049194336e-01,-3.737119868674199097e-06,7.182795670814812183e-04,2.153691602870821953e-03
5.962241172790527344e+00,5.781179904937744141e+00,1.686687231063842773e+00,9.998821616172790527e-01,2.364380750805139542e-03,1.276520546525716782e-02,8.198256604373455048e-03
3.550714552402496338e-01,4.914044380187988281e+00,3.151864051818847656e+00,9.999997019767761230e-01,-6.322648259811103344e-04,-9.467958443565294147e-05,5.314135341905057430e-04
6.821047782897949219e+00,4.841358184814453125e+00,2.769195735454559326e-01,9.999991059303283691e-01,-6.912913522683084011e-05,4.112269962206482887e-04,-1.314937137067317963e-03
2.348355770111083984e+00,1.991420507431030273e+00,6.864896774291992188e+00,9.999853968620300293e-01,4.289627075195312500e-03,-3.277819603681564331e-03,-2.543485898058861494e-04
2.044807672500610352e+00,6.233637928962707520e-01,6.276366233825683594e+00,9.999980330467224121e-01,-1.522880746051669121e-03,1.495354663347825408e-04,-1.336203771643340588e-03
6.262232780456542969e+00,6.836597442626953125e+00,5.753779888153076172e+00,9.999994635581970215e-01,7.568336441181600094e-04,7.242303108796477318e-04,1.688156189629808068e-04
6.915750503540039062e+00,2.567261457443237305e+00,6.823843002319335938e+00,9.999988079071044922e-01,7.284790044650435448e-04,1.403341884724795818e-03,-1.724759786156937480e-04
1.192690372467041016e+00,5.371470928192138672e+00,2.687262773513793945e+00,9.999628663063049316e-01,-6.791637279093265533e-03,5.276742856949567795e-03,-6.047258502803742886e-04
1.253304362297058105e+00,6.765035152435302734e+00,2.578142881393432617e+00,9.999964833259582520e-01,1.222525141201913357e-03,2.335445024073123932e-03,-4.585025817505083978e-05
4.556137561798095703e+00,3.406006097793579102e+00,1.908675312995910645e+00,9.999929070472717285e-01,3.614787245169281960e-03,1.077557681128382683e-03,-2.662454498931765556e-04
1.273847818374633789e+00,5.345405101776123047e+00,3.465203285217285156e+00,9.999011158943176270e-01,4.333286080509424210e-03,-1.060785911977291107e-02,8.157846517860889435e-03
7.134495258331298828e+00,5.443163394927978516e+00,2.422967910766601562e+00,9.999964237213134766e-01,2.042202511802315712e-03,-2.115622046403586864e-04,-1.737487851642072201e-03
4.289247393608093262e-01,6.199631690979003906e+00,4.823252260684967041e-01,9.999955296516418457e-01,-1.894059125334024429e-03,1.110653392970561981e-03,2.047676825895905495e-03
3.244426727294921875e+00,5.545749187469482422e+00,1.619816303253173828e+00,9.999965429306030273e-01,2.458092523738741875e-03,5.120087880641222000e-04,8.724732324481010437e-04
1.014624357223510742e+00,7.045626163482666016e+00,5.529353618621826172e+00,9.999996423721313477e-01,-4.313583485782146454e-04,4.487190162762999535e-04,-6.522379117086529732e-04
1.166376829147338867e+00,2.153913974761962891e+00,7.028110980987548828e+00,9.999933838844299316e-01,-1.002436853013932705e-03,-3.516728291288018227e-03,2.054427459370344877e-04
1.480625987052917480e+00,6.928050041198730469e+00,1.122315764427185059e+00,9.999691843986511230e-01,-3.841205965727567673e-03,4.567179421428591013e-04,-6.839185953140258789e-03
7.398598670959472656e+00,3.655112743377685547e+00,3.173999547958374023e+00,9.999944567680358887e-01,1.815713709220290184e-03,2.095139818266034126e-03,-1.836274983361363411e-03
2.990327835083007812e+00,2.991820573806762695e+00,7.082732200622558594e+00,9.999966025352478027e-01,2.135669812560081482e-03,-1.531229587271809578e-03,-2.237532753497362137e-04
2.235650420188903809e-01,7.067235946655273438e+00,1.558893084526062012e+00,9.999984502792358398e-01,1.124950242228806019e-03,2.582217348390258849e-05,1.404473325237631798e-03
8.884109854698181152e-01,5.222831726074218750e+00,7.020836353302001953e+00,9.999921321868896484e-01,-2.564859809353947639e-03,1.086829695850610733e-03,-2.844825154170393944e-03
6.174836635589599609e+00,3.553664445877075195e+00,2.904801368713378906e+00,9.998483657836914062e-01,-1.716086827218532562e-02,4.610116011463105679e-04,2.935146447271108627e-03
2.323202610015869141e+00,3.169447183609008789e-01,9.423252344131469727e-01,9.999575614929199219e-01,8.002742193639278412e-03,4.531298298388719559e-03,-5.888727027922868729e-04
1.581099480390548706e-01,6.467081069946289062e+00,4.353014469146728516e+00,9.997614026069641113e-01,1.242705993354320526e-02,2.085585612803697586e-03,-1.784429512917995453e-02
4.368190288543701172e+00,5.968839645385742188e+00,5.710995674133300781e+00,9.999968409538269043e-01,-1.414634287357330322e-03,-1.259161392226815224e-03,1.647114637307822704e-03
4.619521141052246094e+00,1.255145311355590820e+00,1.538900375366210938e+00,9.999688267707824707e-01,3.184978617355227470e-03,6.481256801635026932e-03,-3.190508810803294182e-03
4.702744483947753906e+00,7.255344390869140625e-01,5.321149349212646484e+00,9.999979734420776367e-01,-1.386601012200117111e-03,-8.414087351411581039e-04,1.245304476469755173e-03
2.721825122833251953e+00,6.687816143035888672e+00,6.486557960510253906e+00,9.999973177909851074e-01,5.666890065185725689e-04,-2.205541823059320450e-03,3.451696829870343208e-04
3.180742502212524414e+00,6.506100177764892578e+00,1.079200148582458496e+00,9.999995827674865723e-01,3.306704747956246138e-04,1.674437226029112935e-04,-9.475638507865369320e-04
3.599004507064819336e+00,3.324898958206176758e+00,5.655842781066894531e+00,9.999960660934448242e-01,7.933669257909059525e-04,6.188392289914190769e-04,2.639980288222432137e-03
4.399959087371826172e+00,3.495605468750000000e+00,3.295011281967163086e+00,9.999990463256835938e-01,-4.366176726762205362e-04,-4.144276317674666643e-04,1.278286217711865902e-03
6.046500682830810547e+00,2.324903160333633423e-01,6.942841529846191406e+00,9.999981522560119629e-01,1.169983646832406521e-03,1.520757097750902176e-03,2.658673911355435848e-04
4.820577144622802734e+00,7.354045867919921875e+00,5.387243747711181641e+00,9.999989867210388184e-01,6.917718565091490746e-04,-1.241861144080758095e-03,2.821079306158935651e-06
6.091083288192749023e-01,2.273611307144165039e+00,1.310918927192687988e+00,9.999999403953552246e-01,-3.284433041699230671e-04,-1.212399947689846158e-04,3.454979159869253635e-04
4.477158546447753906e+00,2.535607516765594482e-01,6.287627696990966797e+00,9.999890923500061035e-01,2.516652224585413933e-03,-3.938648733310401440e-04,-3.920791205018758774e-03
5.482898712158203125e+00,7.436323642730712891e+00,4.624970629811286926e-02,9.999932646751403809e-01,-8.974671945907175541e-04,2.735127462074160576e-03,2.281633671373128891e-03
2.764099121093750000e+00,4.949548244476318359e+00,1.408638209104537964e-01,9.999980330467224121e-01,-1.513927709311246872e-03,1.101591042242944241e-03,-7.757601561024785042e-04
3.229995071887969971e-01,2.026126384735107422e+00,5.512617588043212891e+00,9.999993443489074707e-01,-1.238950062543153763e-04,3.552454872988164425e-04,-1.161229098215699196e-03
7.036004543304443359e+00,5.441723823547363281e+00,5.081005096435546875e+00,9.998977184295654297e-01,-2.595985075458884239e-03,-1.020755080389790237e-04,-1.406627241522073746e-02
4.533210754394531250e+00,4.519239902496337891e+00,6.818721294403076172e+00,9.999974966049194336e-01,-5.940899136476218700e-04,2.118886681273579597e-03,5.933069041930139065e-04
5.669483184814453125e+00,6.067592144012451172e+00,1.093713760375976562e+00,9.999914765357971191e-01,-5.030864267610013485e-04,-4.058764781802892685e-03,6.337128579616546631e-04
2.251133441925048828e+00,3.120413780212402344e+00,5.331450939178466797e+00,9.999949336051940918e-01,2.413866604911163449e-04,-2.130970591679215431e-03,2.373162424191832542e-03
5.143353939056396484e+00,2.714472055435180664e+00,6.655989646911621094e+00,9.998717308044433594e-01,1.086892746388912201e-02,-8.753028698265552521e-03,-7.867945358157157898e-03
1.415159583091735840e+00,2.291745424270629883e+00,5.892156600952148438e+00,9.998876452445983887e-01,-1.149712968617677689e-02,8.920184918679296970e-04,-9.582363069057464600e-03
6.283052921295166016e+00,4.177720546722412109e+00,5.462374687194824219e+00,9.999991059303283691e-01,-5.730867851525545120e-04,1.054221298545598984e-03,6.787588354200124741e-04
2.720034599304199219e+00,5.004751682281494141e+00,3.825721263885498047e+00,9.999972581863403320e-01,-1.306549413129687309e-03,-8.212188840843737125e-04,1.788791618309915066e-03
4.685092926025390625e+00,4.654125273227691650e-01,8.462412357330322266e-01,9.999530315399169922e-01,-4.189370200037956238e-03,-7.836589589715003967e-03,3.885834943503141403e-03
6.825829029083251953e+00,3.939428329467773438e+00,4.042987346649169922e+00,9.999808669090270996e-01,4.151888657361268997e-03,-1.141299726441502571e-03,-4.442811943590641022e-03
6.041891098022460938e+00,6.732260704040527344e+00,3.471261501312255859e+00,9.999969601631164551e-01,-2.302904147654771805e-03,5.974055966362357140e-04,6.562800845131278038e-04
1.364182353019714355e+00,5.624335765838623047e+00,5.778245449066162109e+00,9.997934699058532715e-01,4.312069359002634883e-05,-1.291052903980016708e-04,2.032226324081420898e-02
3.068697929382324219e+00,6.076041698455810547e+00,1.801069140434265137e+00,9.999998807907104492e-01,-4.946922999806702137e-04,2.822060778271406889e-04,2.962739672511816025e-04
5.289032459259033203e+00,6.964531421661376953e+00,4.998736381530761719e+00,9.999997615814208984e-01,-6.788653990952298045e-05,1.697502157185226679e-04,-7.605214486829936504e-04
1.158197045326232910e+00,3.980716228485107422e+00,4.727753639221191406e+00,9.999893307685852051e-01,4.294526297599077225e-03,1.565411686897277832e-03,7.615407230332493782e-04
3.881002664566040039e+00,3.736619234085083008e+00,5.569208621978759766e+00,9.999991059303283691e-01,-1.149471383541822433e-03,6.167894462123513222e-04,4.820300091523677111e-04
4.616967678070068359e+00,6.528870582580566406e+00,3.885493278503417969e+00,9.998741745948791504e-01,-1.333689689636230469e-02,7.504697423428297043e-03,4.187946207821369171e-03
2.430563867092132568e-01,5.735907077789306641e+00,2.369811773300170898e+00,9.999998211860656738e-01,-3.077146830037236214e-04,-6.019223947077989578e-04,-2.501824346836656332e-04
5.456064701080322266e+00,8.121590018272399902e-01,7.144800186157226562e+00,9.999901652336120605e-01,3.461642423644661903e-03,-1.349161262623965740e-03,-2.428079489618539810e-03
3.429075241088867188e+00,2.032816648483276367e+00,5.452340602874755859e+00,9.998518228530883789e-01,-1.318731065839529037e-02,6.345091387629508972e-03,-9.066421538591384888e-03
5.569087982177734375e+00,6.607778072357177734e+00,3.821496725082397461e+00,9.999997019767761230e-01,-2.134446258423849940e-04,7.983457180671393871e-04,1.794666313799098134e-04
5.722668394446372986e-02,2.006033658981323242e-01,2.287348270416259766e+00,9.999998807907104492e-01,3.703864349517971277e-04,-3.453443932812660933e-04,2.203167969128116965e-04
1.300975322723388672e+00,2.329874038696289062e+00,4.888602733612060547e+00,9.999982714653015137e-01,1.213499228470027447e-03,-1.414178404957056046e-03,1.291422522626817226e-04
5.993226051330566406e+00,2.942831277847290039e+00,6.773567199707031250e+00,9.999997019767761230e-01,6.117660086601972580e-04,-3.460735606495290995e-04,4.066445108037441969e-04
4.455268085002899170e-01,4.408912658691406250e+00,7.974177002906799316e-01,9.999873042106628418e-01,5.009605549275875092e-03,2.747889084275811911e-04,5.211113020777702332e-04
6.714085102081298828e+00,6.470979452133178711e-01,6.917065978050231934e-01,9.999892711639404297e-01,1.906547578983008862e-03,-3.455088473856449127e-03,2.431144006550312042e-03
4.160264492034912109e+00,5.535763263702392578e+00,6.216707229614257812e+00,9.999523162841796875e-01,1.188964888569898903e-04,9.585781954228878021e-03,-1.845589722506701946e-03
3.293699502944946289e+00,4.780827999114990234e+00,3.341045677661895752e-01,9.999979734420776367e-01,-7.971605518832802773e-04,-1.794117619283497334e-03,-4.850943223573267460e-04
5.983899116516113281e+00,1.917866587638854980e+00,4.757853507995605469e+00,9.999549984931945801e-01,-6.688766297884285450e-04,-6.666724802926182747e-04,-9.438565932214260101e-03
2.803019523620605469e+00,5.599854469299316406e+00,4.402801513671875000e+00,9.999921917915344238e-01,3.328562714159488678e-03,1.919174566864967346e-03,9.472321253269910812e-04
2.789712190628051758e+00,2.062167644500732422e+00,4.872532367706298828e+00,9.999986290931701660e-01,7.271346839843317866e-05,1.385968877002596855e-03,-9.570846450515091419e-04
5.509350776672363281e+00,4.212740421295166016e+00,3.724749326705932617e+00,9.999954700469970703e-01,-5.106813041493296623e-04,-2.960661426186561584e-03,3.555846342351287603e-04
3.973403215408325195e+00,1.919528007507324219e+00,6.807743072509765625e+00,9.999907612800598145e-01,1.807979773730039597e-03,-2.499558031558990479e-03,-2.995044924318790436e-03
3.911491155624389648e+00,1.446314215660095215e+00,5.990508079528808594e+00,9.999970793724060059e-01,9.064368787221610546e-04,-2.164129633456468582e-03,-6.938290316611528397e-04
2.925180196762084961e+00,2.082991361618041992e+00,7.208518505096435547e+00,9.999933838844299316e-01,2.662836108356714249e-03,1.018850714899599552e-03,2.302707871422171593e-03
5.863850593566894531e+00,5.936089992523193359e+00,2.756636857986450195e+00,9.999982118606567383e-01,1.027809776132926345e-04,1.281774137169122696e-03,1.356085645966231823e-03
6.687567234039306641e+00,1.743838548660278320e+00,7.085815429687500000e+00,9.999992251396179199e-01,-3.379466361366212368e-04,7.322575547732412815e-04,-9.984254138544201851e-04
1.474431753158569336e+00,2.234943151473999023e+00,7.269690513610839844e+00,9.999971389770507812e-01,-7.205350557342171669e-04,-1.916899229399859905e-03,1.221622689627110958e-03
4.471166610717773438e+00,8.359612226486206055e-01,2.724652767181396484e+00,9.999530911445617676e-01,-7.423707284033298492e-03,-6.177627015858888626e-03,8.256377186626195908e-04
1.433402538299560547e+00,3.582446813583374023e+00,7.762142419815063477e-01,9.999992847442626953e-01,6.668797577731311321e-04,3.745298599824309349e-04,9.777615778148174286e-04
7.115561962127685547e+00,9.553192257881164551e-01,3.724054574966430664e+00,9.999658465385437012e-01,6.323137786239385605e-03,5.191072821617126465e-03,1.202498213388025761e-03
7.273962497711181641e-01,1.119157910346984863e+00,3.273111581802368164e+00,9.998223185539245605e-01,1.334773097187280655e-02,-1.085209473967552185e-02,7.705752272158861160e-03
4.005259990692138672e+00,1.135706901550292969e+00,4.937992393970489502e-01,9.999983906745910645e-01,1.828339765779674053e-03,-1.131700482801534235e-04,-1.406783703714609146e-04
6.616565704345703125e+00,7.326415061950683594e+00,8.214241862297058105e-01,9.999492764472961426e-01,-9.776615537703037262e-03,-4.859847831539809704e-04,-2.380227204412221909e-03
7.066922187805175781e-01,6.591154575347900391e+00,9.316004514694213867e-01,9.999088048934936523e-01,5.270355381071567535e-03,6.324682384729385376e-03,-1.071334909647703171e-02
2.720661878585815430e+00,6.493410587310791016e+00,5.566973209381103516e+00,9.999803304672241211e-01,-5.872381851077079773e-03,2.047621877864003181e-03,8.041469845920801163e-04
6.752174854278564453e+00,5.149380207061767578e+00,1.337890386581420898e+00,9.999564290046691895e-01,-1.576420618221163750e-04,4.912902135401964188e-03,-7.944436743855476379e-03
5.147544860839843750e+00,1.287962198257446289e+00,5.325987815856933594e+00,9.999992251396179199e-01,-1.048491685651242733e-03,6.989404791966080666e-04,-1.559872180223464966e-04
2.990925610065460205e-01,2.658863782882690430e+00,3.339881896972656250e-01,9.999705553054809570e-01,-1.324524200754240155e-04,-3.210266819223761559e-03,6.976939272135496140e-03
3.425379037857055664e+00,3.938883781433105469e+00,6.918603181838989258e-01,9.999498724937438965e-01,8.044451475143432617e-03,-3.095443360507488251e-03,5.089472513645887375e-03
5.210908889770507812e+00,2.068380862474441528e-01,4.848368167877197266e+00,9.999995231628417969e-01,8.287664968520402908e-04,-5.363078089430928230e-04,2.420345845166593790e-04
2.120970636606216431e-01,7.415165424346923828e+00,3.572131156921386719e+00,9.999971389770507812e-01,9.850750211626291275e-04,-6.922095781192183495e-04,-2.096179407089948654e-03
5.062895774841308594e+00,4.464184761047363281e+00,3.620987892150878906e+00,9.999673366546630859e-01,-1.723427209071815014e-03,4.186230245977640152e-03,-6.697182077914476395e-03
5.355347633361816406e+00,6.039038181304931641e+00,4.163775444030761719e+00,9.999979138374328613e-01,1.306109945289790630e-03,2.416071947664022446e-04,1.598491915501654148e-03
1.342133760452270508e+00,5.619872570037841797e+00,4.411814808845520020e-01,9.999997019767761230e-01,-8.328639669343829155e-04,7.356481091846944764e-06,-1.861039636423811316e-04
1.992799758911132812e+00,5.659581661224365234e+00,5.959526062011718750e+00,9.999914169311523438e-01,-1.595755689777433872e-03,3.750546369701623917e-03,8.092836360447108746e-04
3.575345993041992188e+00,2.877610921859741211e+00,1.402050852775573730e+00,9.999961256980895996e-01,9.103658376261591911e-04,-6.296757492236793041e-04,-2.580567728728055954e-03
2.952950477600097656e+00,3.217442035675048828e+00,6.844721317291259766e+00,9.999986290931701660e-01,1.334093627519905567e-03,-9.693591855466365814e-04,1.029393242788501084e-04
2.211416482925415039e+00,4.656051635742187500e+00,7.001773357391357422e+00,9.999684691429138184e-01,-2.827994525432586670e-03,-6.428388878703117371e-03,-3.722154302522540092e-03
4.994555711746215820e-01,6.963828563690185547e+00,7.249577045440673828e+00,9.999976158142089844e-01,2.303547662450000644e-04,-1.953249331563711166e-03,1.029751496389508247e-03
2.956215143203735352e-01,1.815349936485290527e+00,3.660508394241333008e+00,9.999948143959045410e-01,-2.313918434083461761e-03,2.195667009800672531e-03,-4.564537375699728727e-04
3.182095050811767578e+00,6.060824871063232422e+00,6.333704471588134766e+00,9.997636675834655762e-01,1.243743207305669785e-02,-1.721219345927238464e-02,4.662610590457916260e-03
2.482358932495117188e+00,1.901566743850708008e+00,2.826539754867553711e+00,9.999071955680847168e-01,1.206079777330160141e-02,-6.203767843544483185e-03,1.313558197580277920e-03
5.219444274902343750e+00,2.137734174728393555e+00,6.409146785736083984e+00,9.999943971633911133e-01,2.487075282260775566e-03,-5.508091999217867851e-04,2.201128751039505005e-03
4.597014427185058594e+00,1.153474926948547363e+00,4.313974857330322266e+00,9.999977946281433105e-01,5.919095710851252079e-04,5.906215519644320011e-04,-1.966352574527263641e-03
3.254711151123046875e+00,6.641460418701171875e+00,2.951865196228027344e+00,9.999855756759643555e-01,1.000656397081911564e-03,4.448577761650085449e-03,-2.845619106665253639e-03
6.355763435363769531e+00,2.998543500900268555e+00,2.609163045883178711e+00,9.999787807464599609e-01,-3.436065744608640671e-03,-2.105800667777657509e-03,-5.128970835357904434e-03
1.983528971672058105e+00,8.346467614173889160e-01,7.040921688079833984e+00,9.999998807907104492e-01,-8.267619705293327570e-05,5.677862209267914295e-04,-2.617261088744271547e-05
6.202138900756835938e+00,2.978075981140136719e+00,5.019061088562011719e+00,9.999794363975524902e-01,4.411981906741857529e-03,4.126806277781724930e-03,-2.171898493543267250e-03
2.960349798202514648e+00,4.935361862182617188e+00,2.854997873306274414e+00,9.999898076057434082e-01,3.996137063950300217e-03,-2.000314852921292186e-04,2.111812587827444077e-03
3.499503612518310547e+00,7.066465377807617188e+00,6.345426559448242188e+00,9.999997019767761230e-01,-5.135620594955980778e-04,4.687076143454760313e-04,-3.993369173258543015e-04
1.926287412643432617e+00,2.029142856597900391e+00,5.919626235961914062e+00,9.999985694885253906e-01,1.419208361767232418e-03,-5.433278056443668902e-05,9.912303648889064789e-04
2.395458459854125977e+00,7.794339656829833984e-01,3.928420543670654297e+00,9.999979138374328613e-01,1.568434177897870541e-03,1.796807191567495465e-04,1.312342588789761066e-03
4.999711513519287109e+00,1.894111275672912598e+00,2.919542551040649414e+00,9.999747276306152344e-01,-6.336956750601530075e-03,2.768161473795771599e-03,1.662462949752807617e-03
1.774173617362976074e+00,1.196453332901000977e+00,2.531347513198852539e+00,9.997680783271789551e-01,3.846465842798352242e-03,2.095446921885013580e-02,-3.143626498058438301e-03
2.416741609573364258e+00,3.979045152664184570e+00,1.872799634933471680e+00,9.999975562095642090e-01,-1.663585775531828403e-03,1.414086553268134594e-03,-1.960766967386007309e-04
3.035056889057159424e-01,3.612777709960937500e+00,6.673658370971679688e+00,9.999982714653015137e-01,-4.757105198223143816e-04,3.874473914038389921e-04,-1.775230281054973602e-03
3.858452081680297852e+00,7.345015048980712891e+00,4.257371902465820312e+00,9.999984502792358398e-01,-9.837694233283400536e-04,8.707850938662886620e-04,1.200110069476068020e-03
3.498134613037109375e+00,3.526759386062622070e+00,6.975399017333984375e+00,1.000000000000000000e+00,-1.601954427314922214e-04,2.483627758920192719e-05,1.871070271590724587e-04
7.217641353607177734e+00,5.427645206451416016e+00,5.299186706542968750e-01,9.999988675117492676e-01,3.864225291181355715e-04,-4.958965582773089409e-04,1.405726419761776924e-03
1.661251664161682129e+00,2.495885610580444336e+00,1.546022891998291016e+00,9.999858140945434570e-01,-1.263815676793456078e-03,-5.621791933663189411e-04,5.145115312188863754e-03
8.436320424079895020e-01,2.253476232290267944e-01,3.493583798408508301e-01,9.999992847442626953e-01,-1.151110394857823849e-03,-4.155092465225607157e-04,2.866298600565642118e-04
3.421394109725952148e+00,2.071405649185180664e+00,6.824738979339599609e+00,9.999354481697082520e-01,-4.606943577527999878e-03,1.037456654012203217e-02,5.589525098912417889e-04
6.449061870574951172e+00,3.486957311630249023e+00,5.927725315093994141e+00,9.999246597290039062e-01,2.532328013330698013e-03,7.917923503555357456e-04,-1.198325585573911667e-02
5.614128112792968750e+00,6.526889324188232422e+00,6.547817230224609375e+00,9.999386072158813477e-01,4.449229221791028976e-03,3.589203581213951111e-03,-9.496287442743778229e-03
7.072436332702636719e+00,5.624487876892089844e+00,6.610499382019042969e+00,9.999876022338867188e-01,-4.490902647376060486e-03,2.109605818986892700e-03,3.731139586307108402e-04
6.427962779998779297e+00,7.278492450714111328e+00,7.093048572540283203e+00,9.999990463256835938e-01,-8.335770689882338047e-04,1.142885768786072731e-03,-1.753442484186962247e-04
5.256043434143066406e+00,3.504251003265380859e+00,4.291905403137207031e+00,9.998822808265686035e-01,5.994083825498819351e-03,1.107453275471925735e-02,-8.767443709075450897e-03
6.599736213684082031e+00,1.247921586036682129e+00,3.535893678665161133e+00,9.999997615814208984e-01,2.299924817634746432e-04,6.922347238287329674e-04,-2.335465833311900496e-04
3.520592212677001953e+00,4.992492198944091797e+00,1.753599405288696289e+00,9.999681711196899414e-01,5.365344804886262864e-06,7.975063286721706390e-03,4.119288059882819653e-04
4.374769210815429688e+00,3.808060407638549805e+00,4.687015056610107422e+00,9.999994635581970215e-01,3.462142194621264935e-04,8.839370566420257092e-04,-4.596639773808419704e-04
2.267985820770263672e+00,7.333478450775146484e+00,2.239793300628662109e+00,9.998695254325866699e-01,-7.734770886600017548e-03,-2.481836359947919846e-03,-1.396618969738483429e-02
4.416646003723144531e+00,1.917580962181091309e-01,4.623007774353027344e+00,9.999579787254333496e-01,5.689581739716231823e-04,-6.156741641461849213e-03,-6.769874598830938339e-03
4.383567333221435547e+00,5.057466506958007812e+00,1.583124876022338867e+00,9.999936223030090332e-01,9.218240156769752502e-04,-3.447564318776130676e-03,-1.749017537804320455e-04
4.204903125762939453e+00,5.996909141540527344e+00,6.330295085906982422e+00,9.999891519546508789e-01,-1.195137621834874153e-03,3.996980842202901840e-03,-2.107995096594095230e-03
1.756754040718078613e+00,5.610080242156982422e+00,5.629093647003173828e+00,9.999582171440124512e-01,-8.959492668509483337e-03,1.804588478989899158e-03,-1.646353848627768457e-05
4.931755542755126953e+00,1.848194718360900879e+00,1.830138802528381348e+00,9.999993443489074707e-01,-1.140772015787661076e-03,-3.190918650943785906e-04,1.759761507855728269e-04
2.467859350144863129e-02,2.840220212936401367e+00,3.902019500732421875e+00,9.999993443489074707e-01,9.709912701509892941e-04,-5.945026059634983540e-04,-2.238900633528828621e-04
1.240669265389442444e-01,7.455213069915771484e+00,1.146250486373901367e+00,9.999999403953552246e-01,1.989460433833301067e-04,4.074285388924181461e-04,-2.473484200891107321e-04
1.859500765800476074e+00,5.586964607238769531e+00,4.187626361846923828e+00,9.999928474426269531e-01,3.349924460053443909e-03,1.551131834276020527e-03,-8.434773772023618221e-04
3.409211397171020508e+00,1.474882602691650391e+00,8.268527388572692871e-01,9.999656081199645996e-01,6.831573788076639175e-03,4.500990733504295349e-03,1.339065609499812126e-03
4.150697231292724609e+00,4.391379833221435547e+00,7.818073630332946777e-01,9.998015165328979492e-01,-1.922970451414585114e-02,-5.062369164079427719e-03,1.257270807400345802e-03
5.197532653808593750e+00,3.639652967453002930e+00,1.392506361007690430e+00,9.999939799308776855e-01,1.485173706896603107e-04,-2.913262927904725075e-03,-1.887007383629679680e-03
4.284458637237548828e+00,2.090295791625976562e+00,7.006855487823486328e+00,9.999785423278808594e-01,5.741170607507228851e-03,-3.073902567848563194e-03,-7.355416310019791126e-04
8.095149397850036621e-01,3.236731290817260742e+00,4.535774707794189453e+00,9.999989271163940430e-01,8.214939734898507595e-04,1.132210949435830116e-03,-5.033939378336071968e-04
3.027024030685424805e+00,4.686221599578857422e+00,1.085127592086791992e+00,9.999125599861145020e-01,8.512794971466064453e-03,8.902631700038909912e-03,4.821149166673421860e-03
3.402930498123168945e+00,3.143232107162475586e+00,4.056324481964111328e+00,9.999896883964538574e-01,-1.781792263500392437e-03,-1.865104655735194683e-03,3.738241735845804214e-03
1.907934427261352539e+00,2.586570024490356445e+00,6.257677555084228516e+00,9.998561739921569824e-01,2.899902174249291420e-03,1.243350561708211899e-02,1.116986293345689774e-02
9.271118044853210449e-01,5.444802761077880859e+00,6.015373706817626953e+00,9.997259378433227539e-01,-1.432065851986408234e-02,1.355392485857009888e-02,-1.262139435857534409e-02
4.704741954803466797e+00,5.589811801910400391e+00,1.628172397613525391e+00,9.999802708625793457e-01,2.887292532250285149e-03,-4.803036805242300034e-03,2.832849510014057159e-03
4.083934783935546875e+00,5.946967124938964844e+00,4.848552703857421875e+00,9.999548196792602539e-01,-4.116441414225846529e-04,-6.854393053799867630e-03,6.580459885299205780e-03
6.892094135284423828e+00,2.072582483291625977e+00,4.456007003784179688e+00,9.999963641166687012e-01,-1.073779654689133167e-03,1.024571363814175129e-03,2.235678024590015411e-03
5.792719841003417969e+00,6.920698165893554688e+00,6.124286651611328125e+00,9.999651908874511719e-01,-2.493926091119647026e-03,-7.099700625985860825e-03,-3.596444614231586456e-03
5.293682098388671875e+00,1.307107567787170410e+00,6.946296691894531250e-01,9.998988509178161621e-01,-1.345847826451063156e-02,4.176789894700050354e-03,1.941424445249140263e-03
5.720692634582519531e+00,2.216532230377197266e+00,6.193103313446044922e+00,9.999490976333618164e-01,2.710070228204131126e-03,-8.300040499307215214e-04,-9.686026722192764282e-03
4.757671356201171875e+00,3.521235883235931396e-01,1.163802385330200195e+00,9.999962449073791504e-01,-1.929905731230974197e-03,-1.496683224104344845e-03,1.211743569001555443e-03
4.548688888549804688e+00,8.849721401929855347e-02,1.388015627861022949e+00,9.999998807907104492e-01,1.443289802409708500e-04,6.375501397997140884e-04,1.685535971773788333e-04
2.145994901657104492e+00,3.906919479370117188e+00,4.690851211547851562e+00,9.999883174896240234e-01,-2.237294102087616920e-04,-4.834891296923160553e-03,-8.854356565279886127e-06
2.292156219482421875e+00,1.134735226631164551e+00,1.566139757633209229e-01,9.999968409538269043e-01,-1.612797728739678860e-03,-1.814642222598195076e-03,-6.771475891582667828e-04
3.813195705413818359e+00,4.817506313323974609e+00,6.363081455230712891e+00,9.999762773513793945e-01,-3.535444615408778191e-03,5.265697371214628220e-03,-2.689796732738614082e-03
4.175295829772949219e+00,1.269490838050842285e+00,1.161095380783081055e+00,9.999954700469970703e-01,1.869130530394613743e-03,1.275518443435430527e-03,2.009183634072542191e-03
5.953017711639404297e+00,5.478649139404296875e+00,1.337892174720764160e+00,9.999986886978149414e-01,-1.320734270848333836e-03,-8.010377059690654278e-04,4.946579574607312679e-04
8.920138478279113770e-01,5.593914985656738281e+00,4.982022285461425781e+00,9.999209046363830566e-01,3.316417569294571877e-03,-9.981876239180564880e-03,-6.896198261529207230e-03
1.123776078224182129e+00,1.752264618873596191e+00,3.759216785430908203e+00,9.999856352806091309e-01,-3.729974618181586266e-03,-3.192900680005550385e-03,-2.167629776522517204e-03
7.410469055175781250e+00,3.873726129531860352e+00,7.902871370315551758e-01,9.999662041664123535e-01,-1.774993841536343098e-03,6.463620811700820923e-03,4.769749473780393600e-03
5.392747402191162109e+00,5.695486545562744141e+00,1.981779336929321289e+00,9.999588727951049805e-01,1.423478126525878906e-03,-6.609966047108173370e-03,6.051933858543634415e-03
1.979897499084472656e+00,3.481673479080200195e+00,5.639968872070312500e+00,9.997964501380920410e-01,-1.805608533322811127e-02,8.093368262052536011e-03,-3.953611012548208237e-03
2.870280109345912933e-02,2.383735895156860352e+00,3.906250000000000000e+00,9.999999403953552246e-01,-1.092153033823706210e-04,-2.891875046771019697e-04,3.909783845301717520e-04
6.785252094268798828e+00,2.604226589202880859e+00,1.262263894081115723e+00,9.999958872795104980e-01,1.235172385349869728e-03,-2.598821884021162987e-03,-2.369528956478461623e-04
9.430661797523498535e-01,5.338417291641235352e-01,5.757162094116210938e+00,9.999968409538269043e-01,-2.513700164854526520e-03,-1.093905739253386855e-04,3.332174674142152071e-04
5.653440952301025391e+00,3.220839500427246094e-01,3.722961425781250000e+00,9.999959468841552734e-01,-8.570313220843672752e-04,9.267010609619319439e-04,-2.590552205219864845e-03
9.067092090845108032e-02,1.117328763008117676e+00,6.959428787231445312e+00,9.999025464057922363e-01,-7.076168432831764221e-03,-8.247899822890758514e-03,8.771254681050777435e-03
2.932379245758056641e+00,6.140028953552246094e+00,4.451489925384521484e+00,9.999950528144836426e-01,2.743521472439169884e-03,1.492466253694146872e-04,-1.567274797707796097e-03
6.921880722045898438e+00,7.141880035400390625e+00,3.589076519012451172e+00,9.999210834503173828e-01,-1.050239149481058121e-02,6.554822903126478195e-03,2.173652173951268196e-03
3.219317674636840820e+00,7.389879226684570312e+00,2.365741491317749023e+00,9.999889731407165527e-01,-5.779890343546867371e-04,-3.898704424500465393e-03,-2.543638925999403000e-03
6.057140827178955078e+00,7.180891513824462891e+00,7.412091255187988281e+00,9.999746084213256836e-01,-8.335172315128147602e-04,6.172609049826860428e-03,-3.464542794972658157e-03
1.513632014393806458e-02,4.786601543426513672e+00,6.078443527221679688e+00,9.999984502792358398e-01,-1.074168249033391476e-03,7.768371724523603916e-04,1.193032716400921345e-03
6.335478782653808594e+00,5.724829196929931641e+00,5.274166107177734375e+00,9.999988079071044922e-01,1.248525513801723719e-04,1.546127605251967907e-03,-3.661686496343463659e-04
2.714289426803588867e+00,3.940079361200332642e-02,2.381769180297851562e+00,9.999921321868896484e-01,9.304925915785133839e-04,-1.354280742816627026e-03,-3.616859903559088707e-03
2.763620913028717041e-01,2.582079172134399414e+00,5.666276454925537109e+00,9.999999403953552246e-01,2.809470170177519321e-04,-6.069782466511242092e-05,3.566869709175080061e-04
6.818956375122070312e+00,2.155656576156616211e+00,6.779001712799072266e+00,9.999970793724060059e-01,1.300724223256111145e-03,-3.466032649157568812e-05,2.062985440716147423e-03
5.742275714874267578e+00,2.427632093429565430e+00,4.068838119506835938e+00,9.999921321868896484e-01,3.797767858486622572e-04,2.465120051056146622e-03,-3.112658392637968063e-03
1.286148905754089355e+00,1.284686923027038574e+00,3.322265148162841797e+00,9.999467730522155762e-01,-4.783766344189643860e-03,-8.077850565314292908e-03,-4.298139829188585281e-03
3.657330751419067383e+00,2.200548648834228516e+00,1.132996901869773865e-01,9.999960064888000488e-01,9.991700062528252602e-04,-1.529425615444779396e-03,2.153576817363500595e-03
6.106476306915283203e+00,2.277435213327407837e-01,2.552963018417358398e+00,9.999980330467224121e-01,-1.402505673468112946e-03,1.328135840594768524e-03,4.951556911692023277e-04
4.726980686187744141e+00,7.171606540679931641e+00,4.690731048583984375e+00,9.999967813491821289e-01,2.358378376811742783e-03,6.820483831688761711e-04,-6.995195872150361538e-04
2.969360589981079102e+00,3.139822959899902344e+00,1.281008958816528320e+00,9.999977946281433105e-01,1.426886001354432665e-06,-1.924700569361448288e-03,-9.135238942690193653e-04
3.895571529865264893e-01,2.936262369155883789e+00,2.691623926162719727e+00,9.999932646751403809e-01,-2.133064903318881989e-03,-4.217086243443191051e-04,2.977638505399227142e-03
5.139889717102050781e+00,1.486107945442199707e+00,7.371847629547119141e+00,9.999993443489074707e-01,4.829836834687739611e-04,2.347214031033217907e-04,1.042642514221370220e-03
5.835220813751220703e+00,3.255625247955322266e+00,6.694517135620117188e+00,9.999959468841552734e-01,2.882504195440560579e-04,4.187860758975148201e-04,2.821459434926509857e-03
1.003922224044799805e+00,5.916025042533874512e-01,6.759676933288574219e-01,9.998955726623535156e-01,6.561520509421825409e-03,5.924865603446960449e-03,1.143707893788814545e-02
5.887302875518798828e+00,3.208612680435180664e+00,5.158191680908203125e+00,9.999943375587463379e-01,2.899870742112398148e-03,-6.210308056324720383e-04,1.627593068405985832e-03
5.247008800506591797e+00,3.506563305854797363e-01,6.018082618713378906e+00,9.999966025352478027e-01,-2.185400342568755150e-03,-1.381622045300900936e-03,-4.593150806613266468e-04
5.537470817565917969e+00,4.108175277709960938e+00,2.881499528884887695e-01,9.999614357948303223e-01,-3.751479554921388626e-03,-3.710931632667779922e-03,7.027381099760532379e-03
1.424597501754760742e+00,5.931792736053466797e+00,6.666788578033447266e+00,9.999976754188537598e-01,-1.589504769071936607e-03,8.559099514968693256e-04,1.227607135660946369e-03
2.788185179233551025e-01,4.822226047515869141e+00,2.477657347917556763e-01,9.999973773956298828e-01,1.766985806170850992e-04,-2.290546195581555367e-03,-3.817176911979913712e-04
9.334365725517272949e-01,4.424281597137451172e+00,1.015928387641906738e+00,9.999965429306030273e-01,1.126556075178086758e-03,1.043449621647596359e-03,-2.168605802580714226e-03
6.207466125488281250e+00,2.409514784812927246e-01,4.178702235221862793e-01,9.999908208847045898e-01,-2.367153356317430735e-04,-3.942101262509822845e-03,1.672017853707075119e-03
5.828887224197387695e-01,6.422677516937255859e+00,6.361907005310058594e+00,9.998062849044799805e-01,-1.678053289651870728e-02,3.804027801379561424e-03,9.556657634675502777e-03
6.822544574737548828e+00,5.844374656677246094e+00,2.505368232727050781e+00,9.999800324440002441e-01,1.198795624077320099e-03,-3.298276104032993317e-03,5.262032151222229004e-03
4.908509731292724609e+00,4.703580379486083984e+00,4.340301513671875000e+00,9.999764561653137207e-01,6.300941575318574905e-03,-2.682857681065797806e-03,4.776665300596505404e-04
6.101181983947753906e+00,8.608576655387878418e-01,7.045833021402359009e-02,9.999791979789733887e-01,-1.893258304335176945e-03,-4.418852739036083221e-03,-4.317098297178745270e-03
8.859375119209289551e-01,4.699491977691650391e+00,5.783898353576660156e+00,9.999967813491821289e-01,2.259678207337856293e-03,-1.190239214338362217e-03,-8.150739631673786789e-06
4.225649833679199219e+00,9.505224823951721191e-01,9.451195597648620605e-01,9.999918937683105469e-01,2.107848878949880600e-03,3.134771948680281639e-03,-1.371901133097708225e-03
7.108505725860595703e+00,3.543030261993408203e+00,6.903761863708496094e+00,9.999784231185913086e-01,-2.858121879398822784e-03,4.175598733127117157e-03,4.205234814435243607e-03
9.538145661354064941e-01,3.384472370147705078e+00,6.688607215881347656e+00,9.999997019767761230e-01,5.152174853719770908e-04,-4.045771493110805750e-04,5.115024396218359470e-04
2.898318529129028320e+00,5.422112345695495605e-01,2.708734750747680664e+00,9.999970793724060059e-01,2.110883593559265137e-03,-1.207299181260168552e-03,-3.470055526122450829e-04
3.835592508316040039e+00,1.097268939018249512e+00,5.507461071014404297e+00,9.999969005584716797e-01,-9.889226639643311501e-04,-2.176583744585514069e-03,7.175691425800323486e-04
6.193881034851074219e-01,1.610289692878723145e+00,6.819739341735839844e+00,9.999993443489074707e-01,1.339554000878706574e-05,1.174905570223927498e-03,9.830101043917238712e-05
7.231888771057128906e-01,4.727994918823242188e+00,3.375699520111083984e+00,9.999880790710449219e-01,4.373675212264060974e-03,-2.186704892665147781e-03,-1.732746022753417492e-04
4.017410278320312500e+00,6.348077774047851562e+00,3.776024878025054932e-01,9.999989867210388184e-01,4.853816062677651644e-04,-4.998415242880582809e-04,-1.288087223656475544e-03
2.577976942062377930e+00,7.021231651306152344e+00,4.603717327117919922e+00,9.999973177909851074e-01,9.434836683794856071e-04,1.116764615289866924e-03,-1.839085714891552925e-03
5.396774291992187500e+00,2.496547937393188477e+00,1.221565008163452148e+00,9.999837279319763184e-01,1.780618913471698761e-04,-3.555994946509599686e-03,-4.452263470739126205e-03
7.104817867279052734e+00,6.043146610260009766e+00,6.152917861938476562e+00,9.999861717224121094e-01,4.935566801577806473e-03,-1.807518419809639454e-03,-1.097130007110536098e-04
7.012902259826660156e+00,3.791972637176513672e+00,2.838978528976440430e+00,9.999458193778991699e-01,-7.862600497901439667e-03,-4.386385437101125717e-03,5.231723189353942871e-03
5.226056575775146484e+00,6.603820800781250000e+00,3.718952894210815430e+00,9.999986886978149414e-01,-9.546985966153442860e-04,7.245593587867915630e-04,1.106139039620757103e-03
2.022158145904541016e+00,4.372529506683349609e+00,6.070056438446044922e+00,9.999973177909851074e-01,2.007345668971538544e-03,7.021445780992507935e-04,9.771934710443019867e-04
2.887654542922973633e+00,6.996161937713623047e+00,2.715514421463012695e+00,9.999991059303283691e-01,-3.118502791039645672e-04,-8.396054618060588837e-04,1.025196514092385769e-03
5.656555294990539551e-01,4.903730392456054688e+00,4.846078157424926758e-01,9.999990463256835938e-01,-9.891549125313758850e-04,-7.757003768347203732e-04,-7.105703698471188545e-04
5.987864494323730469e+00,4.077929973602294922e+00,6.383674621582031250e+00,9.999752044677734375e-01,-2.631282201036810875e-03,-2.791347214952111244e-03,5.913518369197845459e-03
4.986404895782470703e+00,2.129210948944091797e+00,5.752137184143066406e+00,9.999979734420776367e-01,4.059100319864228368e-05,1.788357330951839685e-04,2.020268235355615616e-03
7.243287563323974609e+00,1.864084362983703613e+00,1.944490671157836914e+00,9.999994039535522461e-01,-1.926629483932629228e-04,7.214657380245625973e-04,-7.863997016102075577e-04
3.547119140625000000e+00,2.546818494796752930e+00,1.190434098243713379e+00,9.999914169311523438e-01,-3.655744716525077820e-03,-1.412162790074944496e-03,1.395724830217659473e-03
7.184291362762451172e+00,7.835390567779541016e-01,1.193060636520385742e+00,9.999873638153076172e-01,4.213683772832155228e-03,-5.196850397624075413e-04,-2.686932915821671486e-03
1.377269864082336426e+00,6.185249328613281250e+00,3.107404947280883789e+00,9.999937415122985840e-01,2.304851368535310030e-04,-1.785562722943723202e-03,3.079378046095371246e-03
2.179492473602294922e+00,2.395656824111938477e+00,2.055946588516235352e-01,9.999935626983642578e-01,-1.222196849994361401e-03,2.343278611078858376e-03,2.461495809257030487e-03
1.667736172676086426e+00,1.563777178525924683e-01,5.048480033874511719e+00,9.999645948410034180e-01,7.613371126353740692e-03,2.047856571152806282e-03,2.951774979010224342e-03
1.259475350379943848e+00,6.170740604400634766e+00,1.778956890106201172e+00,9.999237656593322754e-01,1.101406291127204895e-02,-4.285441711544990540e-03,3.585323924198746681e-03
1.909763574600219727e+00,1.788390517234802246e+00,1.510277509689331055e+00,9.999936819076538086e-01,1.103171030990779400e-03,2.821666654199361801e-03,-1.894936896860599518e-03
3.307384729385375977e+00,3.991021633148193359e+00,5.460476875305175781e+00,9.999991655349731445e-01,-1.097440137527883053e-03,6.715264753438532352e-04,5.961247370578348637e-05
1.906966328620910645e+00,4.534687042236328125e+00,1.477478027343750000e+00,9.999886155128479004e-01,-2.899352926760911942e-03,3.512234427034854889e-03,1.419787062332034111e-03
3.682961463928222656e+00,5.053048133850097656e-01,1.780009627342224121e+00,9.999849796295166016e-01,-5.149476230144500732e-03,-8.315267623402178288e-04,-1.679852721281349659e-03
8.380445241928100586e-01,6.239509582519531250e-01,2.796368837356567383e+00,9.999834299087524414e-01,-3.124510403722524643e-03,-3.428274067118763924e-04,4.820606205612421036e-03
3.437528908252716064e-01,6.061410427093505859e+00,2.200805425643920898e+00,9.999932050704956055e-01,-2.899096813052892685e-03,8.307259413413703442e-04,2.100954530760645866e-03
1.945591211318969727e+00,2.146903753280639648e+00,5.829335451126098633e-01,9.999604225158691406e-01,-3.589475061744451523e-03,-5.911300890147686005e-03,5.598498508334159851e-03
3.277861833572387695e+00,5.876678943634033203e+00,6.841572761535644531e+00,9.999840855598449707e-01,2.667644759640097618e-03,-5.114914383739233017e-04,-4.963990300893783569e-03
1.640841722488403320e+00,1.496623396873474121e+00,1.953559875488281250e+00,9.999986290931701660e-01,-1.338668225798755884e-04,1.380255329422652721e-03,-9.936761343851685524e-04
3.530947923660278320e+00,7.077374458312988281e+00,9.259673953056335449e-01,9.999825358390808105e-01,6.740845128661021590e-05,5.670936312526464462e-03,-1.641392824240028858e-03
2.491739511489868164e+00,6.409337997436523438e+00,4.515007972717285156e+00,9.997370243072509766e-01,4.869276192039251328e-03,1.311587356030941010e-02,1.817246899008750916e-02
1.210166096687316895e+00,1.856757402420043945e+00,4.053588390350341797e+00,9.999960064888000488e-01,-1.861107768490910530e-03,-2.144614001736044884e-03,-2.864714770112186670e-04
2.194585800170898438e-01,6.952638149261474609e+00,6.047176837921142578e+00,9.998657107353210449e-01,-1.309909299015998840e-02,-9.754792787134647369e-03,1.395375467836856842e-03
1.645803570747375488e+00,2.295190840959548950e-01,5.529920578002929688e+00,9.999976754188537598e-01,1.411547302268445492e-03,1.245744177140295506e-03,-1.102358335629105568e-03
3.753152370452880859e+00,5.787848472595214844e+00,3.868467807769775391e+00,9.999641776084899902e-01,-1.881437376141548157e-03,-8.143441751599311829e-03,1.355548622086644173e-03
6.724212169647216797e+00,6.385522365570068359e+00,4.440221309661865234e+00,9.999896883964538574e-01,-1.112317549996078014e-03,1.083969254978001118e-03,-4.280983936041593552e-03
8.880218863487243652e-01,4.926972091197967529e-01,6.357188224792480469e+00,9.999215006828308105e-01,-1.208253856748342514e-02,1.427555340342223644e-03,-3.020804608240723610e-03
6.750725746154785156e+00,4.507488727569580078e+00,8.801824599504470825e-02,9.999079108238220215e-01,1.302548311650753021e-02,-1.832383335568010807e-03,-3.353308653458952904e-03
4.152881622314453125e+00,5.106023311614990234e+00,2.025037288665771484e+00,9.999325871467590332e-01,1.404322683811187744e-03,9.409725666046142578e-03,-6.653277203440666199e-03
8.383165597915649414e-01,5.693064689636230469e+00,6.976407527923583984e+00,9.999999403953552246e-01,3.830236964859068394e-04,5.492510172189213336e-05,-3.279466181993484497e-04
8.270838856697082520e-02,7.261903285980224609e+00,2.665214061737060547e+00,9.999949336051940918e-01,1.301393727771937847e-03,-1.086120028048753738e-03,-2.706851111724972725e-03
5.156351566314697266e+00,3.862206220626831055e+00,4.975147247314453125e+00,9.999647736549377441e-01,2.931687922682613134e-04,7.322696503251791000e-03,-4.098421894013881683e-03
8.681715130805969238e-01,7.202168464660644531e+00,2.924363851547241211e+00,9.999909996986389160e-01,4.206518933642655611e-04,-2.720345743000507355e-03,-3.221984254196286201e-03
6.591429710388183594e+00,2.997238159179687500e+00,1.779257178306579590e+00,9.999977946281433105e-01,-1.689264667220413685e-03,-1.206233631819486618e-03,3.281790704932063818e-04
5.124605655670166016e+00,1.165502548217773438e+00,2.297788113355636597e-01,9.999729394912719727e-01,6.372377276420593262e-03,-3.225879743695259094e-03,-1.762301661074161530e-03
4.399129867553710938e+00,5.223407745361328125e+00,3.997259616851806641e+00,9.999518394470214844e-01,4.446130245923995972e-03,-8.740483783185482025e-03,-3.713476762641221285e-04
3.087263822555541992e+00,7.156677246093750000e+00,3.123643636703491211e+00,9.999872446060180664e-01,1.511985668912529945e-03,2.930735936388373375e-03,3.830227768048644066e-03
4.692006111145019531e+00,3.407991647720336914e+00,4.273449897766113281e+00,9.996522665023803711e-01,4.506567493081092834e-03,-1.637058518826961517e-02,2.017633430659770966e-02
7.255172252655029297e+00,1.231238722801208496e+00,6.093300819396972656e+00,9.999957084655761719e-01,-6.887291092425584793e-04,-2.053679432719945908e-03,2.011148259043693542e-03
5.987919807434082031e+00,4.551569461822509766e+00,2.148636102676391602e+00,9.999983310699462891e-01,-1.313055050559341908e-03,-1.054248772561550140e-03,7.546333945356309414e-04
3.364456415176391602e+00,3.119642496109008789e+00,6.772308826446533203e+00,9.999998211860656738e-01,4.097553901374340057e-04,-4.279996210243552923e-04,4.238602414261549711e-04
3.050586700439453125e+00,5.148195743560791016e+00,1.125438094139099121e+00,9.999983310699462891e-01,1.784901483915746212e-03,-5.214355769567191601e-04,-1.046296893036924303e-04
5.615735054016113281e+00,3.509173989295959473e-01,7.293288707733154297e+00,9.999956488609313965e-01,-1.263621030375361443e-03,-7.788211223669350147e-04,2.574550453573465347e-03
7.269981384277343750e+00,1.720320343971252441e+00,4.227863311767578125e+00,9.999963641166687012e-01,-2.180314389988780022e-03,8.779298514127731323e-04,1.374698709696531296e-03
7.195688247680664062e+00,5.947668075561523438e+00,5.699459075927734375e+00,9.999867081642150879e-01,-4.820753820240497589e-03,-9.407185134477913380e-04,1.567341038025915623e-03
2.523028373718261719e+00,5.495396137237548828e+00,6.369102001190185547e+00,9.999956488609313965e-01,-8.171330555342137814e-04,1.333963940851390362e-03,-2.504719886928796768e-03
7.199480533599853516e-01,1.533246785402297974e-01,7.208943843841552734e+00,9.999952912330627441e-01,-5.142008303664624691e-04,2.423293655738234520e-03,-1.805369975045323372e-03
2.335920572280883789e+00,7.030483484268188477e-01,2.515930414199829102e+00,9.999933242797851562e-01,-2.500554546713829041e-03,-9.496495476923882961e-04,2.518920693546533585e-03
7.438456535339355469e+00,2.944214105606079102e+00,6.117644309997558594e+00,9.999667406082153320e-01,4.621114116162061691e-03,3.011925145983695984e-03,-6.008926313370466232e-03
6.573776245117187500e+00,5.963842391967773438e+00,7.330083101987838745e-02,9.999755620956420898e-01,5.266838707029819489e-03,-2.941206563264131546e-03,-3.558548400178551674e-03
5.564504623413085938e+00,5.057016849517822266e+00,2.397168397903442383e+00,9.999827742576599121e-01,-4.147500265389680862e-03,2.479844843037426472e-04,4.160057753324508667e-03
2.285150051116943359e+00,4.858085155487060547e+00,4.726339817047119141e+00,9.999853372573852539e-01,6.219807546585798264e-04,-4.558636341243982315e-03,-2.861818298697471619e-03
2.599357843399047852e+00,6.959626674652099609e+00,7.244212627410888672e+00,9.998502731323242188e-01,3.591775195673108101e-03,-1.426334027200937271e-02,-9.118333458900451660e-03
4.517506122589111328e+00,1.760197520256042480e+00,7.382205486297607422e+00,9.999911785125732422e-01,-2.971168840304017067e-03,-4.527685523498803377e-04,2.959144534543156624e-03
3.020026206970214844e+00,3.553813457489013672e+00,6.923424720764160156e+00,1.000000000000000000e+00,3.314397181384265423e-04,-2.077118988381698728e-04,2.064396248897537589e-04
6.685184478759765625e+00,4.319452762603759766e+00,3.655511617660522461e+00,9.999828338623046875e-01,-5.774782504886388779e-03,-9.332709596492350101e-04,1.949803263414651155e-04
5.876821517944335938e+00,5.345810890197753906e+00,4.994437694549560547e+00,9.999832510948181152e-01,-5.346583202481269836e-03,1.396628562361001968e-03,-1.717251841910183430e-03
6.202936172485351562e+00,2.814015746116638184e-01,5.794257640838623047e+00,9.999933242797851562e-01,2.569014439359307289e-03,2.530135447159409523e-03,5.989044439047574997e-04
6.019710063934326172e+00,3.475576639175415039e+00,2.140053987503051758e+00,9.999237656593322754e-01,-1.187191155622713268e-04,-1.190384663641452789e-02,3.293600864708423615e-03
4.416107833385467529e-01,1.796248912811279297e+00,5.765244960784912109e+00,9.999997019767761230e-01,-4.020754131488502026e-04,5.413910839706659317e-04,-4.051358846481889486e-04
4.038601398468017578e+00,6.545831680297851562e+00,3.014572620391845703e+00,9.999963641166687012e-01,-6.532826228067278862e-04,2.797999768517911434e-04,2.594524761661887169e-03
5.726122379302978516e+00,2.329663038253784180e+00,2.257874488830566406e+00,9.999886751174926758e-01,-3.372961655259132385e-03,3.326076082885265350e-03,-4.507555568125098944e-04
4.270839214324951172e+00,5.274903774261474609e-01,7.396812915802001953e+00,9.999969601631164551e-01,-1.589656923897564411e-03,1.753006014041602612e-03,-7.786861388012766838e-04
6.667695045471191406e+00,6.854370117187500000e+00,3.235228538513183594e+00,9.999457001686096191e-01,1.585907302796840668e-03,-4.865768831223249435e-03,9.077508933842182159e-03
3.900415182113647461e+00,1.136397004127502441e+00,1.951308250427246094e+00,9.999998211860656738e-01,4.268853517714887857e-04,-3.173061704728752375e-04,2.208809164585545659e-04
2.812796235084533691e-01,1.196651816368103027e+00,1.670026779174804688e+00,9.999932050704956055e-01,5.674214917235076427e-04,-2.939614059869199991e-04,3.643861506134271622e-03
4.188817501068115234e+00,2.492583751678466797e+00,4.601336479187011719e+00,9.999943971633911133e-01,2.177417278289794922e-03,9.537166333757340908e-04,2.386425388976931572e-03
6.530815601348876953e+00,4.294171810150146484e+00,4.830012798309326172e+00,9.999974966049194336e-01,-2.126222709193825722e-03,-3.729496966116130352e-04,7.182849221862852573e-04
1.043678760528564453e+00,1.404101252555847168e-01,1.127089142799377441e+00,9.999937415122985840e-01,-2.711539622396230698e-03,5.833212053403258324e-04,2.198392059653997421e-03
4.372231960296630859e-01,1.805450081825256348e+00,1.425567269325256348e+00,9.999983310699462891e-01,1.808743341825902462e-03,3.353248175699263811e-04,-2.950147609226405621e-04
4.163495540618896484e+00,4.473370552062988281e+00,3.860258579254150391e+00,9.999998211860656738e-01,7.329515210585668683e-05,-4.647399764508008957e-04,-5.093857180327177048e-04
6.420984268188476562e-01,2.480188608169555664e+00,5.930012226104736328e+00,9.999989271163940430e-01,2.166847480111755431e-05,-6.128384266048669815e-04,-1.375923398882150650e-03
6.433622837066650391e+00,4.155982494354248047e+00,3.156826019287109375e+00,9.999774694442749023e-01,-6.842438015155494213e-04,6.666607223451137543e-03,-3.238815988879650831e-04
1.518570780754089355e+00,3.166323900222778320e+00,2.514176130294799805e+00,9.999880790710449219e-01,1.275892020203173161e-03,-2.308129332959651947e-03,4.120383411645889282e-03
2.259654283523559570e+00,7.032184123992919922e+00,5.716212272644042969e+00,9.999983310699462891e-01,1.332103973254561424e-03,4.991095047444105148e-04,-1.194179640151560307e-03
4.177049160003662109e+00,4.708257615566253662e-01,6.924313902854919434e-01,9.999987483024597168e-01,-6.426367326639592648e-04,2.164806064683943987e-04,-1.481768209487199783e-03
1.431372761726379395e+00,3.369384288787841797e+00,4.567545890808105469e+00,9.999958872795104980e-01,1.698201638646423817e-03,-1.112038036808371544e-03,-2.060696016997098923e-03
2.228729009628295898e+00,6.569839477539062500e+00,5.013719081878662109e+00,9.999920129776000977e-01,-3.725011833012104034e-03,-8.680978207848966122e-04,-1.216747099533677101e-03
4.028982639312744141e+00,8.410366773605346680e-01,1.412566661834716797e+00,9.999989867210388184e-01,9.965898934751749039e-04,-6.103687337599694729e-04,-8.921222761273384094e-04
2.105679035186767578e+00,2.251563310623168945e+00,4.775436401367187500e+00,9.999637603759765625e-01,-8.095904253423213959e-03,-2.591134747490286827e-03,-4.387189401313662529e-04
7.157873153686523438e+00,6.614066600799560547e+00,1.088953971862792969e+00,9.999902248382568359e-01,-2.266748575493693352e-03,-1.707195769995450974e-03,3.389443270862102509e-03
3.710556030273437500e+00,7.096404075622558594e+00,2.118776082992553711e+00,9.999879002571105957e-01,-4.626313224434852600e-03,2.341206854907795787e-04,-1.636605127714574337e-03
3.590377092361450195e+00,3.643461942672729492e+00,5.719876289367675781e+00,9.999785423278808594e-01,6.369599606841802597e-03,-1.525092287920415401e-03,-3.041424206458032131e-04
2.811301946640014648e+00,2.795984506607055664e+00,4.371199131011962891e+00,9.999983310699462891e-01,-4.346404748503118753e-04,-8.799953502602875233e-04,1.579436240717768669e-03
7.758107781410217285e-02,2.018613338470458984e+00,2.637757778167724609e+00,9.999991059303283691e-01,-4.889691481366753578e-04,9.026386542245745659e-04,9.443169110454618931e-04
3.966655015945434570e+00,4.371846199035644531e+00,6.519462108612060547e+00,9.999630451202392578e-01,8.070884272456169128e-03,1.181747298687696457e-03,-2.738294424489140511e-03
5.456594944000244141e+00,6.660995960235595703e+00,5.201236248016357422e+00,9.999994039535522461e-01,-1.076253713108599186e-03,-3.034521359950304031e-04,-1.823285565478727221e-04
3.360426723957061768e-01,5.579184055328369141e+00,6.407439708709716797e+00,9.999978542327880859e-01,1.737358048558235168e-03,-9.936360875144600868e-04,5.993522354401648045e-04
5.900520324707031250e+00,2.537551403045654297e+00,4.526168346405029297e+00,9.999966621398925781e-01,-2.329786308109760284e-03,1.105223898775875568e-03,4.405490763019770384e-04
3.672427177429199219e+00,1.177829623222351074e+00,6.007156372070312500e-01,9.999970793724060059e-01,1.951741869561374187e-03,8.362983935512602329e-04,1.198965008370578289e-03
3.769906044006347656e+00,4.759803771972656250e+00,6.952467441558837891e+00,9.999963045120239258e-01,1.402241759933531284e-03,2.234102459624409676e-03,6.552213453687727451e-04
4.897349357604980469e+00,6.512370109558105469e+00,5.792627811431884766e+00,9.999019503593444824e-01,-1.183166075497865677e-02,-6.561267655342817307e-03,3.609725274145603180e-03
1.810058236122131348e+00,4.757726192474365234e+00,1.253728985786437988e+00,9.999989867210388184e-01,-8.239228045567870140e-04,9.983035270124673843e-04,6.970304530113935471e-04
2.391822814941406250e+00,4.840570926666259766e+00,3.597580671310424805e+00,9.999894499778747559e-01,5.242147599346935749e-04,-9.664907702244818211e-04,-4.456609487533569336e-03
1.163118124008178711e+00,3.082655668258666992e+00,3.651970624923706055e-01,9.999918341636657715e-01,2.200307557359337807e-03,3.376065287739038467e-03,-2.337424375582486391e-04
7.274460315704345703e+00,4.921887516975402832e-01,2.542166471481323242e+00,9.999996423721313477e-01,-4.154196067247539759e-04,-7.425274816341698170e-04,3.403692680876702070e-04
3.746688604354858398e+00,1.581158041954040527e+00,1.062245249748229980e+00,9.998866319656372070e-01,1.021964382380247116e-02,-8.875195868313312531e-03,-6.593011785298585892e-03
4.751353263854980469e+00,6.738488674163818359e+00,5.260558128356933594e+00,9.999777078628540039e-01,-6.205711513757705688e-03,5.912473425269126892e-04,2.412471454590559006e-03
2.113581746816635132e-01,5.755076408386230469e+00,6.843169212341308594e+00,9.999926090240478516e-01,-3.808988956734538078e-03,5.099003901705145836e-04,4.417244927026331425e-04
6.710358142852783203e+00,6.816403388977050781e+00,4.554511606693267822e-02,9.999986290931701660e-01,-1.579718315042555332e-03,-3.285614657215774059e-04,4.657443205360323191e-04
6.651831626892089844e+00,3.614786624908447266e+00,4.087067604064941406e+00,9.999538660049438477e-01,2.031269541475921869e-04,7.287584710866212845e-03,6.256655324250459671e-03
2.731968164443969727e+00,4.873898029327392578e+00,4.669279575347900391e+00,9.997467398643493652e-01,1.300931628793478012e-02,-8.393439464271068573e-03,1.633599773049354553e-02
6.627333164215087891e+00,5.439081668853759766e+00,4.660425186157226562e+00,9.999988675117492676e-01,-5.430205492302775383e-04,-1.024786848574876785e-03,9.932332905009388924e-04
9.656930565834045410e-01,2.782872200012207031e+00,3.484723567962646484e-01,9.999831914901733398e-01,5.508369300514459610e-03,1.330450410023331642e-03,-1.254544709809124470e-03
4.927544116973876953e+00,5.539243221282958984e+00,5.929419994354248047e+00,9.999916553497314453e-01,-1.211322029121220112e-03,2.282373141497373581e-03,-3.161859000101685524e-03
1.170939207077026367e+00,4.913505613803863525e-01,1.169182300567626953e+00,9.999561309814453125e-01,-5.147218238562345505e-03,-7.379868999123573303e-03,2.599447965621948242e-03
5.593320846557617188e+00,1.947077512741088867e+00,2.120085239410400391e+00,9.999967217445373535e-01,-1.068238285370171070e-03,2.220102353021502495e-03,-7.295815739780664444e-04
6.275903701782226562e+00,6.524985313415527344e+00,4.603903770446777344e+00,9.998970031738281250e-01,-9.064516983926296234e-03,-7.547970395535230637e-03,8.178106509149074554e-03
1.620430231094360352e+00,6.594668865203857422e+00,5.501461982727050781e+00,9.999819993972778320e-01,-5.983337759971618652e-03,4.521806258708238602e-04,6.007949923514388502e-05
9.881349802017211914e-01,9.234219193458557129e-01,5.852941274642944336e-01,9.999927282333374023e-01,-1.858148258179426193e-03,3.331807674840092659e-03,-3.748892631847411394e-04
4.438770771026611328e+00,5.663757324218750000e+00,4.805763065814971924e-01,9.999974966049194336e-01,1.833291025832295418e-03,-7.377930451184511185e-04,-1.101238420233130455e-03
5.608995914459228516e+00,5.787522792816162109e-01,1.465545415878295898e+00,9.999923706054687500e-01,2.930646296590566635e-03,1.967458665603771806e-04,2.597350860014557838e-03
4.313204288482666016e+00,1.731694221496582031e+00,3.675084352493286133e+00,9.999998807907104492e-01,-3.179463601554743946e-05,-3.067238139919936657e-04,-4.877566243521869183e-04
4.783994674682617188e+00,2.954808235168457031e+00,3.946374177932739258e+00,9.999975562095642090e-01,2.015882637351751328e-03,-8.708816603757441044e-04,4.680023121181875467e-04
5.470057964324951172e+00,1.256824851036071777e+00,1.504424691200256348e+00,9.999986886978149414e-01,1.723217719700187445e-04,-1.004380523227155209e-03,-1.257392112165689468e-03
2.127029180526733398e+00,5.466621518135070801e-01,5.297238349914550781e+00,9.999976754188537598e-01,1.467682886868715286e-04,1.193218748085200787e-03,1.808634144254028797e-03
2.035364136099815369e-02,4.815041065216064453e+00,7.161553382873535156e+00,9.999903440475463867e-01,2.232220489531755447e-03,1.443775487132370472e-03,-3.499702317640185356e-03
4.726941585540771484e+00,1.237104654312133789e+00,2.308735609054565430e+00,9.999794960021972656e-01,3.097768174484372139e-03,4.314270336180925369e-03,3.594017587602138519e-03
6.313365936279296875e+00,2.046406507492065430e+00,3.449384689331054688e+00,9.999992847442626953e-01,-3.459169529378414154e-04,-1.078229979611933231e-03,5.134887178428471088e-04
2.992097139358520508e+00,2.345378398895263672e+00,6.569026470184326172e+00,9.999957680702209473e-01,1.430005882866680622e-03,1.203069041366688907e-04,-2.564807888120412827e-03
3.287932157516479492e+00,5.792157649993896484e+00,2.251309394836425781e+00,9.999998211860656738e-01,3.830336499959230423e-04,-4.520167422015219927e-04,4.135875497013330460e-04
1.740157604217529297e+00,6.414954662322998047e+00,7.225691795349121094e+00,9.999976754188537598e-01,-1.703857094980776310e-03,-4.057954065501689911e-04,-1.278377603739500046e-03
7.458518505096435547e+00,4.036309242248535156e+00,5.180919766426086426e-01,9.999665617942810059e-01,-2.522622002288699150e-03,6.902405526489019394e-03,3.582420991733670235e-03
1.764661788940429688e+00,5.678010940551757812e+00,5.299549579620361328e+00,9.999699592590332031e-01,-4.484466277062892914e-03,4.586552735418081284e-03,4.368551541119813919e-03
4.825243949890136719e+00,4.960210800170898438e+00,6.727322578430175781e+00,9.999958872795104980e-01,-1.566553371958434582e-03,-1.272010034881532192e-03,2.079496392980217934e-03
1.312703132629394531e+00,2.823982954025268555e+00,7.202832221984863281e+00,9.999836087226867676e-01,1.048748381435871124e-03,-5.458507686853408813e-03,-1.356145017780363560e-03
7.168540477752685547e+00,3.884711742401123047e+00,2.464432001113891602e+00,9.999907612800598145e-01,-3.536230884492397308e-03,-2.266396535560488701e-03,-9.797129314392805099e-04
5.810760498046875000e+00,2.484747886657714844e+00,1.003647565841674805e+00,9.997304081916809082e-01,1.834811829030513763e-02,1.361835841089487076e-02,-4.132460802793502808e-03
2.350756645202636719e+00,3.837178945541381836e+00,1.503151893615722656e+00,9.999973773956298828e-01,2.057202160358428955e-03,6.034697798895649612e-05,1.069194637238979340e-03
5.933469772338867188e+00,4.138639926910400391e+00,2.332316637039184570e+00,9.999956488609313965e-01,1.033022301271557808e-03,2.489932114258408546e-03,-1.188521622680127621e-03
3.721277475357055664e+00,3.491498231887817383e+00,4.479043483734130859e+00,9.999983310699462891e-01,-6.913277902640402317e-04,-1.658931141719222069e-03,4.169198218733072281e-04
3.150222539901733398e+00,2.866124153137207031e+00,6.786414623260498047e+00,9.999989271163940430e-01,1.100890338420867920e-03,-9.402566938661038876e-04,3.550974070094525814e-04
6.257298946380615234e+00,1.179991126060485840e+00,5.890051841735839844e+00,9.999917745590209961e-01,1.730477903038263321e-03,3.248038934543728828e-03,1.747546251863241196e-03
6.461855411529541016e+00,5.628133296966552734e+00,3.142325162887573242e+00,9.999993443489074707e-01,3.477361588011262938e-06,7.775349076837301254e-04,-9.051834931597113609e-04
6.216976165771484375e+00,7.482444286346435547e+00,7.460238933563232422e-01,9.999992847442626953e-01,1.641826820559799671e-04,-1.166496309451758862e-03,-1.878588518593460321e-04
9.901643991470336914e-01,2.417230606079101562e+00,6.352566927671432495e-02,9.998075366020202637e-01,1.545695960521697998e-02,8.085883222520351410e-03,8.982372470200061798e-03
4.673405647277832031e+00,1.453842520713806152e+00,5.971755981445312500e+00,9.999996423721313477e-01,8.308024844154715538e-04,3.014241519849747419e-05,3.329547471366822720e-04
2.132165908813476562e+00,5.150846958160400391e+00,1.918326020240783691e+00,9.999860525131225586e-01,-4.443851357791572809e-04,4.902040585875511169e-03,-1.962531125172972679e-03
2.315389156341552734e+00,2.496087789535522461e+00,7.194541454315185547e+00,9.999991059303283691e-01,-2.861987450160086155e-04,1.174650969915091991e-03,7.169265300035476685e-04
5.630079269409179688e+00,1.014075726270675659e-01,2.152994394302368164e+00,9.999720454216003418e-01,-4.943720530718564987e-03,-5.397922359406948090e-03,-1.523120095953345299e-03
5.367119312286376953e+00,4.115223884582519531e+00,4.872837066650390625e+00,9.999102950096130371e-01,1.168188080191612244e-02,-3.251718822866678238e-03,5.694839637726545334e-03
1.856446504592895508e+00,2.631849050521850586e+00,3.973831176757812500e+00,9.999987483024597168e-01,1.616967259906232357e-03,-1.227148313773795962e-04,1.192590352729894221e-04
2.698118448257446289e+00,6.327013969421386719e+00,3.106431007385253906e+00,9.999759197235107422e-01,4.843647126108407974e-03,4.328540060669183731e-03,-2.456853864714503288e-03
3.999299526214599609e+00,4.399694919586181641e+00,4.920729637145996094e+00,9.999247789382934570e-01,-7.168676238507032394e-03,-9.424702264368534088e-03,3.202319378033280373e-03
4.340738296508789062e+00,5.592524528503417969e+00,5.130877494812011719e+00,9.999957084655761719e-01,1.023541553877294064e-03,-2.777284709736704826e-03,-4.397609882289543748e-05
3.383303642272949219e+00,2.454072475433349609e+00,6.338265895843505859e+00,9.999969601631164551e-01,2.132519846782088280e-03,-1.214761403389275074e-03,-2.936158853117376566e-04
7.076767444610595703e+00,5.647013187408447266e+00,5.879431247711181641e+00,9.999994635581970215e-01,7.206872105598449707e-04,-2.519047702662646770e-04,7.726553594693541527e-04
1.408179998397827148e+00,2.756011486053466797e+00,2.089182138442993164e+00,9.998804330825805664e-01,-5.448168143630027771e-03,-1.426054816693067551e-02,-2.460230374708771706e-03
3.732443571090698242e+00,1.255503773689270020e+00,1.126897335052490234e+00,9.999712705612182617e-01,-6.281936541199684143e-03,1.892942353151738644e-03,3.803488332778215408e-03
2.570884704589843750e+00,1.742453128099441528e-01,2.120656251907348633e+00,9.999858140945434570e-01,3.686170093715190887e-03,-3.756053512915968895e-03,-8.438092772848904133e-04
5.500127315521240234e+00,6.948678970336914062e+00,3.207135438919067383e+00,9.999980330467224121e-01,1.517505850642919540e-03,1.524479303043335676e-04,-1.335351611487567425e-03
3.433500528335571289e+00,1.049579501152038574e+00,6.981952667236328125e+00,9.997456073760986328e-01,5.166071932762861252e-04,2.114759571850299835e-02,-7.824283093214035034e-03
3.421597719192504883e+00,9.692002534866333008e-01,6.669151306152343750e+00,9.998399615287780762e-01,2.455306239426136017e-03,1.667449995875358582e-02,-6.004213821142911911e-03
3.116462230682373047e+00,4.498464107513427734e+00,7.414449691772460938e+00,9.999611973762512207e-01,9.956521680578589439e-04,-6.482209078967571259e-03,-5.885468795895576477e-03
1.528224825859069824e+00,4.734704971313476562e+00,5.295786857604980469e+00,9.999682307243347168e-01,3.479769220575690269e-04,7.504906039685010910e-03,2.666014479473233223e-03
1.819729447364807129e+00,6.807876586914062500e+00,3.560302972793579102e+00,9.999963641166687012e-01,-1.998281106352806091e-03,1.363508403301239014e-03,1.186907757073640823e-03
2.714552164077758789e+00,1.668646574020385742e+00,3.925969123840332031e+00,9.999986290931701660e-01,-4.809111414942890406e-04,-8.903731941245496273e-04,-1.351388753391802311e-03
5.790193080902099609e+00,1.412395715713500977e+00,4.876550436019897461e-01,9.999975562095642090e-01,-1.032059080898761749e-03,1.328976592049002647e-03,-1.463487744331359863e-03
4.915191650390625000e+00,7.081281542778015137e-01,5.669629096984863281e+00,9.999794960021972656e-01,2.868246752768754959e-03,3.843761747702956200e-03,4.249181132763624191e-03
4.182868957519531250e+00,6.918294429779052734e+00,4.234462261199951172e+00,9.999986886978149414e-01,-9.871448855847120285e-04,-1.294705900363624096e-03,2.897945232689380646e-04
5.261591911315917969e+00,2.484298229217529297e+00,2.475511550903320312e+00,9.999793767929077148e-01,9.101822506636381149e-04,-6.289271637797355652e-03,9.452104568481445312e-04
8.568070530891418457e-01,3.211984634399414062e+00,3.336053848266601562e+00,9.999480843544006348e-01,7.445513736456632614e-03,2.551983576267957687e-03,6.473212968558073044e-03
2.994222164154052734e+00,6.721071720123291016e+00,4.323966801166534424e-01,9.999750256538391113e-01,-6.132455077022314072e-03,-4.248036420904099941e-04,3.492815420031547546e-03
4.270194172859191895e-01,2.145340681076049805e+00,6.434734821319580078e+00,9.999985098838806152e-01,-4.808129597222432494e-05,1.753544434905052185e-03,-1.394834689563140273e-04
3.174040019512176514e-01,6.270244121551513672e+00,8.386034369468688965e-01,9.999852180480957031e-01,-1.315678004175424576e-03,-1.284058962482959032e-04,5.287289619445800781e-03
5.652178287506103516e+00,7.193744659423828125e+00,3.772827625274658203e+00,9.999966025352478027e-01,1.118537620641291142e-03,1.818097662180662155e-03,-1.531953457742929459e-03
5.996840000152587891e+00,6.065600395202636719e+00,6.725349903106689453e+00,9.999961256980895996e-01,2.577476203441619873e-03,2.728955878410488367e-04,-1.064286334440112114e-03
4.543315887451171875e+00,5.537293434143066406e+00,3.902132749557495117e+00,9.999951720237731934e-01,-2.901104977354407310e-03,1.028583501465618610e-03,5.117913242429494858e-04
4.873697757720947266e+00,2.321521520614624023e+00,1.277897119522094727e+00,9.999821186065673828e-01,-1.284598954953253269e-03,-1.548760221339762211e-03,-5.640131887048482895e-03
3.477279901504516602e+00,1.529205918312072754e+00,7.104675292968750000e+00,9.999983906745910645e-01,-1.814567251130938530e-03,1.296649716095998883e-04,-1.580228272359818220e-04
2.345774881541728973e-02,2.991798818111419678e-01,6.727688312530517578e+00,9.999983310699462891e-01,-4.375258286017924547e-04,7.846015068935230374e-05,1.757351681590080261e-03
5.128040313720703125e+00,3.988269567489624023e+00,6.507318496704101562e+00,9.999992847442626953e-01,4.891339340247213840e-04,1.112543046474456787e-03,1.085234544007107615e-04
5.706920623779296875e+00,2.504937648773193359e+00,6.544983386993408203e+00,9.999675154685974121e-01,6.985052488744258881e-03,3.982983529567718506e-03,5.554100498557090759e-04
2.781858682632446289e+00,1.354247450828552246e+00,5.523401737213134766e+00,9.999431371688842773e-01,3.025074722245335579e-03,-4.460657946765422821e-03,-9.201700799167156219e-03
6.020423412322998047e+00,1.260992169380187988e+00,3.378353595733642578e+00,9.999364614486694336e-01,1.042063254863023758e-02,2.952003153041005135e-03,-3.131805919110774994e-03
3.761021375656127930e+00,3.129246473312377930e+00,1.238972902297973633e+00,9.999876618385314941e-01,4.099187441170215607e-03,2.229270292446017265e-03,-1.712150522507727146e-03
5.460028648376464844e+00,6.264584064483642578e+00,7.172698020935058594e+00,9.999983906745910645e-01,-1.282238634303212166e-03,1.180121791549026966e-03,5.707347881980240345e-04
3.060154438018798828e+00,6.000103950500488281e+00,2.960965156555175781e+00,9.999998211860656738e-01,3.919945447705686092e-04,5.377382040023803711e-04,-8.760960190556943417e-05
4.236717224121093750e+00,5.777948856353759766e+00,2.552652120590209961e+00,9.999997019767761230e-01,2.340907813049852848e-04,7.433538557961583138e-04,2.825864066835492849e-04
6.132830619812011719e+00,4.166765689849853516e+00,1.510330200195312500e+00,9.999921917915344238e-01,4.063492087880149484e-05,-3.863311605527997017e-03,9.263285901397466660e-04
3.477292537689208984e+00,4.571591854095458984e+00,2.101062536239624023e+00,9.999995827674865723e-01,9.554976713843643665e-04,1.318050344707444310e-04,1.697605330264195800e-04
1.054332613945007324e+00,6.268551349639892578e+00,8.726699948310852051e-01,9.999938011169433594e-01,6.422873702831566334e-04,2.508671721443533897e-03,2.415479626506567001e-03
6.733252048492431641e+00,1.740357875823974609e+00,1.909087300300598145e+00,9.998900890350341797e-01,7.333904970437288284e-03,-8.485179394483566284e-03,-9.695053100585937500e-03
4.722858428955078125e+00,1.552171230316162109e+00,7.001948356628417969e+00,9.999945759773254395e-01,9.907486382871866226e-04,-3.173789009451866150e-04,3.142122179269790649e-03
5.448742389678955078e+00,4.762865304946899414e-01,4.935990333557128906e+00,9.999911785125732422e-01,2.051123301498591900e-04,2.908119000494480133e-03,3.018393646925687790e-03
4.696793556213378906e+00,9.577175378799438477e-01,5.789355754852294922e+00,9.999974966049194336e-01,-1.175972633063793182e-03,-1.302853343077003956e-03,-1.436349237337708473e-03
5.897114276885986328e+00,4.803901195526123047e+00,5.257140636444091797e+00,9.999504685401916504e-01,7.086561527103185654e-03,-2.352725947275757790e-03,-6.581320427358150482e-03
2.567557096481323242e+00,1.919234037399291992e+00,2.430577993392944336e+00,9.999993443489074707e-01,8.470783941447734833e-04,-1.638384565012529492e-04,8.209143416024744511e-04
2.165944576263427734e+00,1.700613737106323242e+00,1.009384155273437500e+00,9.999955296516418457e-01,-1.616407826077193022e-04,2.983617363497614861e-03,2.296498569194227457e-04
5.280366420745849609e+00,2.320946931838989258e+00,7.398346900939941406e+00,9.999991655349731445e-01,-1.149375922977924347e-03,6.377876270562410355e-04,-1.369430392514914274e-04
6.515905857086181641e+00,5.586798191070556641e+00,7.253104686737060547e+00,9.999050498008728027e-01,-1.202617119997739792e-02,-5.760935135185718536e-03,3.476928453892469406e-03
1.708551794290542603e-01,1.103722691535949707e+00,3.181404829025268555e+00,9.999995827674865723e-01,-3.188296977896243334e-04,-1.779353333404287696e-04,-8.204755722545087337e-04
5.501783847808837891e+00,4.150306284427642822e-01,2.083375751972198486e-01,9.999966025352478027e-01,-2.615573794173542410e-05,6.590309203602373600e-04,2.559978282079100609e-03
1.916402220726013184e+00,3.281807661056518555e+00,5.945287704467773438e+00,9.999913573265075684e-01,3.762230975553393364e-03,-1.661992981098592281e-03,-7.309260545298457146e-04
6.783526420593261719e+00,4.998251438140869141e+00,1.003847002983093262e+00,9.999981522560119629e-01,1.694944920018315315e-03,-5.953424260951578617e-04,-7.690311176702380180e-04
4.172486782073974609e+00,5.090646266937255859e+00,2.412153482437133789e+00,9.999880194664001465e-01,4.881389904767274857e-03,3.457441052887588739e-04,2.883683482650667429e-04
6.597860455513000488e-01,5.284890174865722656e+00,7.487373828887939453e+00,9.999986290931701660e-01,9.664574754424393177e-04,1.334872213192284107e-03,-1.842472411226481199e-04
1.008891940116882324e+00,1.740972697734832764e-01,2.001111268997192383e+00,9.999368786811828613e-01,-3.622002899646759033e-03,4.216273780912160873e-03,-9.766893461346626282e-03
1.121079564094543457e+00,6.974812030792236328e+00,4.892802715301513672e+00,9.999570846557617188e-01,-4.640826489776372910e-03,2.999637974426150322e-03,-7.442777510732412338e-03
6.919919013977050781e+00,3.293576002120971680e+00,5.778776407241821289e-01,9.999870657920837402e-01,-9.980140748666599393e-05,2.800056012347340584e-03,4.240809939801692963e-03
8.684769272804260254e-02,7.222534418106079102e-01,7.049267768859863281e+00,9.999986886978149414e-01,6.893185782246291637e-04,-8.939216058934107423e-05,-1.492407871410250664e-03
4.187147617340087891e+00,8.675215840339660645e-01,5.381093502044677734e+00,9.999957084655761719e-01,-2.537394408136606216e-03,-1.482439925894141197e-03,1.913198211695998907e-04
7.051309108734130859e+00,9.788243770599365234e-01,9.589865207672119141e-01,9.998931288719177246e-01,4.000088665634393692e-03,2.703567733988165855e-03,-1.380055770277976990e-02
6.917760372161865234e+00,6.387081623077392578e+00,1.779773354530334473e+00,9.999960660934448242e-01,7.308259373530745506e-04,-8.285465301014482975e-04,-2.572981175035238266e-03
4.122063636779785156e+00,6.118129253387451172e+00,7.015258312225341797e+00,9.999998807907104492e-01,6.281348760239779949e-05,-5.743816145695745945e-04,-6.754179594281595200e-06
6.525185108184814453e+00,3.361140966415405273e+00,5.083078742027282715e-01,9.999140501022338867e-01,-5.517117679119110107e-03,1.059219241142272949e-03,-1.184529811143875122e-02
2.466320991516113281e+00,2.789396047592163086e+00,2.443072557449340820e+00,9.999510049819946289e-01,-8.040575194172561169e-04,9.726239368319511414e-03,-1.708975527435541153e-03
3.099180698394775391e+00,6.020586967468261719e+00,2.406824588775634766e+00,9.999995827674865723e-01,5.718481261283159256e-04,-6.898652063682675362e-04,-3.437304985709488392e-04
4.826928138732910156e+00,5.127427101135253906e+00,4.047300517559051514e-01,9.999432563781738281e-01,4.871646815445274115e-04,-4.113379865884780884e-03,9.817223995923995972e-03
2.226871252059936523e+00,5.638715744018554688e+00,1.859628200531005859e+00,9.999774694442749023e-01,6.154886446893215179e-03,1.287361257709562778e-03,-2.347616245970129967e-03
1.710466146469116211e+00,6.126787185668945312e+00,2.189828634262084961e+00,9.999183416366577148e-01,6.721829529851675034e-03,-2.598967403173446655e-03,-1.055554766207933426e-02
3.349056005477905273e+00,3.912220478057861328e+00,6.199664592742919922e+00,9.999939203262329102e-01,-2.179398667067289352e-03,2.653295639902353287e-03,-6.081107421778142452e-04
8.936932086944580078e-01,4.732651233673095703e+00,7.242251396179199219e+00,9.999877214431762695e-01,2.885066438466310501e-03,2.309128409251570702e-03,3.312978893518447876e-03
2.849277973175048828e+00,3.865551948547363281e+00,7.189399003982543945e-01,9.999730587005615234e-01,5.523025523871183395e-03,3.861765610054135323e-03,2.936922945082187653e-03
7.105043888092041016e+00,3.078670978546142578e+00,2.152555227279663086e+00,9.999961853027343750e-01,-2.511488506570458412e-03,3.531190159264951944e-04,1.084911637008190155e-03
5.245335102081298828e-01,5.002840042114257812e+00,4.317749977111816406e+00,9.998629689216613770e-01,-1.036771922372281551e-03,1.597167365252971649e-02,-4.233167506754398346e-03
6.985883235931396484e+00,2.303018718957901001e-01,5.887197017669677734e+00,9.999978542327880859e-01,1.185904955491423607e-03,1.243380713276565075e-03,1.226210151799023151e-03
6.825903415679931641e+00,2.718207836151123047e+00,3.598171234130859375e+00,9.999969005584716797e-01,7.309330394491553307e-04,2.283071167767047882e-03,7.619035313837230206e-04
8.005277514457702637e-01,2.334329605102539062e+00,4.822128772735595703e+00,9.999994635581970215e-01,-1.836040319176390767e-04,9.779095416888594627e-04,-4.144307167734950781e-04
4.806316375732421875e+00,2.858608365058898926e-01,1.519776463508605957e+00,9.999995231628417969e-01,8.119145641103386879e-04,1.921398070408031344e-04,6.220934446901082993e-04
5.905836582183837891e+00,5.995960235595703125e+00,5.624969959259033203e+00,9.999919533729553223e-01,1.112427795305848122e-03,-2.982045407406985760e-04,3.843780839815735817e-03
7.304142951965332031e+00,3.185227811336517334e-01,1.154154419898986816e+00,9.999980926513671875e-01,-1.486110268160700798e-03,5.749716074205935001e-04,1.149999443441629410e-03
3.409666776657104492e+00,6.519085407257080078e+00,4.216040670871734619e-01,9.999982118606567383e-01,-1.335047534666955471e-03,7.762933964841067791e-04,1.145659713074564934e-03
5.661724090576171875e+00,2.676312923431396484e+00,2.669357299804687500e+00,9.999975562095642090e-01,2.696113660931587219e-04,-2.076576463878154755e-03,7.369088125415146351e-04
1.464348077774047852e+00,3.844854354858398438e+00,6.096554279327392578e+00,9.999578595161437988e-01,4.104551335331052542e-04,-5.787940695881843567e-03,7.114881649613380432e-03
5.782620429992675781e+00,4.235854625701904297e+00,1.868045806884765625e+00,9.999994039535522461e-01,8.022211841307580471e-04,-7.118865032680332661e-04,-3.320196119602769613e-04
3.508389949798583984e+00,5.564422130584716797e+00,3.755386114120483398e+00,9.999831914901733398e-01,-4.623537824954837561e-04,-2.338869962841272354e-04,5.777759943157434464e-03
6.663730740547180176e-01,7.471271514892578125e+00,2.239613056182861328e+00,9.999923706054687500e-01,-1.189054106362164021e-03,-3.697456326335668564e-03,5.002464167773723602e-04
1.627064585685729980e+00,1.879880666732788086e+00,6.493186473846435547e+00,9.999056458473205566e-01,-2.364042738918215036e-04,-1.123281661421060562e-03,-1.368851866573095322e-02
1.531585574150085449e+00,2.011100053787231445e+00,3.522865533828735352e+00,9.999974966049194336e-01,2.130456035956740379e-03,2.581691660452634096e-04,-6.956455181352794170e-04
7.064556121826171875e+00,2.851254120469093323e-02,6.931585788726806641e+00,9.999999403953552246e-01,-2.371574955759570003e-04,-2.615271077957004309e-04,1.081250011338852346e-04
4.658827185630798340e-01,4.096561431884765625e+00,6.481690883636474609e+00,9.999998211860656738e-01,1.489645219407975674e-04,-5.564413149841129780e-04,3.741554392036050558e-04
4.410459995269775391e+00,2.498401880264282227e+00,2.282146453857421875e+00,9.999971985816955566e-01,5.592614761553704739e-04,-2.269350690767168999e-03,5.460453685373067856e-04
1.651344418525695801e+00,6.365426540374755859e+00,3.026575565338134766e+00,9.999452233314514160e-01,7.702754344791173935e-03,-8.649851952213793993e-05,7.094414904713630676e-03
2.014320373535156250e+00,2.069558501243591309e-01,6.185608386993408203e+00,9.999988079071044922e-01,-1.134341931901872158e-03,-1.076534972526133060e-03,-2.137816773029044271e-04
5.343885421752929688e+00,1.935386955738067627e-01,3.945203304290771484e+00,9.999849200248718262e-01,-4.845463205128908157e-03,2.585011534392833710e-03,-2.252691629109904170e-04
5.109448432922363281e+00,5.331799030303955078e+00,6.896685361862182617e-01,9.999979138374328613e-01,-8.490984328091144562e-05,-1.719974563457071781e-03,1.087346696294844151e-03
4.761079788208007812e+00,3.368978977203369141e+00,4.824437618255615234e+00,9.999923110008239746e-01,1.868888968601822853e-03,-2.496015513315796852e-03,2.366920001804828644e-03
5.695411205291748047e+00,6.889221668243408203e+00,1.805091142654418945e+00,9.999800324440002441e-01,-3.627826925367116928e-03,-2.856369828805327415e-04,5.183068569749593735e-03
5.938451766967773438e+00,3.972400724887847900e-01,2.331156730651855469e+00,9.999920725822448730e-01,-2.759434049949049950e-03,7.907342514954507351e-04,-2.776177832856774330e-03
1.907264947891235352e+00,4.342741668224334717e-01,1.147584319114685059e+00,9.999656677246093750e-01,-4.934035241603851318e-03,-6.064251065254211426e-03,-2.752319211140275002e-03
7.390105724334716797e-01,3.933369159698486328e+00,6.241899967193603516e+00,9.999970793724060059e-01,-2.003486268222332001e-03,-5.248333327472209930e-04,1.306883292272686958e-03
2.096708297729492188e+00,5.178671360015869141e+00,2.331406354904174805e+00,9.999960064888000488e-01,5.367004778236150742e-04,1.951636048033833504e-03,1.976198982447385788e-03
6.638632774353027344e+00,8.213174939155578613e-01,1.856389343738555908e-01,9.999983906745910645e-01,1.014860754366964102e-05,8.006003336049616337e-04,1.633054460398852825e-03
5.430669784545898438e+00,2.656431198120117188e+00,4.472290277481079102e-01,9.998528957366943359e-01,-1.411011070013046265e-02,3.790356684476137161e-03,-8.990876376628875732e-03
5.163995265960693359e+00,5.472043037414550781e+00,6.573075771331787109e+00,9.999986886978149414e-01,1.589665538631379604e-03,-6.761121767340227962e-05,-4.686489119194447994e-04
5.351906776428222656e+00,5.838929653167724609e+00,3.873629331588745117e+00,9.999502301216125488e-01,-5.130907054990530014e-03,-3.731799544766545296e-03,-7.709993980824947357e-03
3.363354206085205078e+00,5.754795670509338379e-01,6.152430534362792969e+00,9.999995827674865723e-01,-6.821583374403417110e-04,-6.390018388628959656e-04,3.393906808923929930e-04
6.592388749122619629e-01,2.660003900527954102e+00,2.011281490325927734e+00,9.997634887695312500e-01,1.865487312898039818e-03,1.025657728314399719e-02,-1.908676885068416595e-02
5.571272373199462891e+00,5.479671359062194824e-01,2.675113916397094727e+00,9.999786019325256348e-01,-2.028384478762745857e-03,3.623456694185733795e-03,-5.051822867244482040e-03
6.952766895294189453e+00,5.723310947418212891e+00,3.733123779296875000e+00,9.999886751174926758e-01,-8.443794213235378265e-04,4.592811688780784607e-03,-9.730343008413910866e-04
1.511648595333099365e-01,3.565293788909912109e+00,2.611378908157348633e+00,9.999954700469970703e-01,-5.140668363310396671e-04,2.484219148755073547e-03,1.661579124629497528e-03
3.015936374664306641e+00,5.243927478790283203e+00,3.538148641586303711e+00,9.999960064888000488e-01,1.940529095008969307e-03,2.090078312903642654e-03,-1.170314935734495521e-04
1.956022739410400391e+00,7.343295574188232422e+00,6.481666564941406250e+00,9.999928474426269531e-01,8.892316254787147045e-04,-2.687996602617204189e-04,3.691859776154160500e-03
6.435634613037109375e+00,1.610556125640869141e+00,7.504150271415710449e-01,9.999988079071044922e-01,3.469193761702626944e-04,1.641661074245348573e-04,-1.533921458758413792e-03
7.208535194396972656e+00,4.248301506042480469e+00,6.708647727966308594e+00,9.999987483024597168e-01,1.384965144097805023e-03,1.345786440651863813e-04,8.342275395989418030e-04
4.516026496887207031e+00,3.925383806228637695e+00,1.728584021329879761e-01,9.999979138374328613e-01,-1.726466696709394455e-03,-8.668671944178640842e-04,-6.685045664198696613e-04
4.384666442871093750e+00,4.183641433715820312e+00,6.372889995574951172e+00,9.999991655349731445e-01,3.046102356165647507e-04,1.062015886418521404e-03,-7.221332052722573280e-04
3.999458312988281250e+00,3.830209970474243164e-01,6.688852310180664062e+00,9.999970793724060059e-01,-2.239266410470008850e-03,-8.606434566900134087e-04,-5.162723246030509472e-04
4.360412597656250000e+00,6.652777791023254395e-01,2.020596742630004883e+00,9.999599456787109375e-01,2.981893951073288918e-03,-8.363927714526653290e-03,-1.174226868897676468e-03
9.906547665596008301e-01,6.437063694000244141e+00,5.313041210174560547e+00,9.999983310699462891e-01,7.426397496601566672e-05,-1.478343387134373188e-03,1.132175792008638382e-03
5.062528610229492188e+00,6.702306747436523438e+00,2.029271602630615234e+00,9.999768733978271484e-01,6.755561567842960358e-03,-1.796023716451600194e-04,-7.059234194457530975e-04
1.958573579788208008e+00,4.728000164031982422e+00,1.769294500350952148e+00,9.999688863754272461e-01,4.013451281934976578e-03,-2.354154596105217934e-03,6.383410189300775528e-03
3.969094514846801758e+00,4.517963409423828125e+00,6.851046562194824219e+00,9.997941851615905762e-01,-8.038715459406375885e-03,-1.196815259754657745e-02,-1.427356060594320297e-02
1.218380689620971680e+00,6.067852973937988281e+00,3.706955909729003906e+00,9.999998807907104492e-01,-4.108098510187119246e-04,-7.842342165531590581e-05,-3.743094857782125473e-04
6.440537452697753906e+00,6.369445800781250000e+00,5.750523090362548828e+00,9.999936223030090332e-01,3.162525827065110207e-03,1.641416689381003380e-03,3.898202558048069477e-04
4.413309574127197266e+00,7.384785652160644531e+00,3.779993295669555664e+00,9.999874830245971680e-01,-4.804088268429040909e-03,-1.359594287350773811e-03,2.542227448429912329e-04
1.491575121879577637e+00,2.359786033630371094e-01,1.732652187347412109e+00,9.999795556068420410e-01,5.538066383451223373e-03,3.204587381333112717e-03,1.322585594607517123e-04
3.362962007522583008e+00,1.167379736900329590e+00,1.056587815284729004e+00,9.999881982803344727e-01,-3.615497611463069916e-03,3.243186278268694878e-03,3.659029025584459305e-04
1.487159490585327148e+00,5.040255069732666016e+00,6.956965923309326172e+00,9.999915361404418945e-01,1.742669264785945415e-03,3.669528290629386902e-03,7.665417506359517574e-04
4.695433616638183594e+00,6.184391498565673828e+00,6.394250392913818359e+00,9.997123479843139648e-01,1.520297676324844360e-02,9.208519011735916138e-03,1.610556989908218384e-02
6.191220760345458984e+00,6.751745700836181641e+00,3.757122278213500977e+00,9.999960064888000488e-01,-8.664565975777804852e-04,-1.350790262222290039e-03,2.333442680537700653e-03
3.757796764373779297e+00,3.147335290908813477e+00,7.444004535675048828e+00,9.999997019767761230e-01,6.859946879558265209e-04,-3.944375202991068363e-04,1.424858783138915896e-04
4.059154987335205078e+00,1.960661172866821289e+00,7.273145675659179688e+00,9.999752044677734375e-01,-6.602459587156772614e-03,1.268423511646687984e-03,2.119416603818535805e-03
6.522596478462219238e-01,5.779150009155273438e+00,7.259016513824462891e+00,9.999993443489074707e-01,-1.098905806429684162e-03,5.692308332072570920e-05,-4.958616918884217739e-04
6.815204143524169922e+00,3.259114265441894531e+00,3.641719102859497070e+00,9.999997019767761230e-01,8.160387515090405941e-04,2.256957523059099913e-04,-9.925584890879690647e-05
5.454302787780761719e+00,1.000336766242980957e+00,1.058725714683532715e+00,9.999940991401672363e-01,2.439317759126424789e-03,-2.261465415358543396e-03,-8.166915504261851311e-04
4.843771457672119141e+00,2.911523818969726562e+00,2.866220235824584961e+00,9.999847412109375000e-01,4.087898880243301392e-03,-2.969478082377463579e-04,3.704122034832835197e-03
6.253832817077636719e+00,3.330026388168334961e+00,6.974225044250488281e+00,9.999993443489074707e-01,9.667609701864421368e-04,1.771656825440004468e-04,6.733115296810865402e-04
1.416884422302246094e+00,3.928905725479125977e+00,6.420019626617431641e+00,9.998193979263305664e-01,7.653342559933662415e-03,1.722917333245277405e-02,-2.399815246462821960e-03
6.084207534790039062e+00,4.720328450202941895e-01,2.988209724426269531e+00,9.999995827674865723e-01,7.805973873473703861e-04,3.501123283058404922e-04,-4.803795600309967995e-04
2.422137737274169922e+00,5.077574253082275391e+00,5.535121917724609375e+00,9.999691843986511230e-01,2.927724272012710571e-03,-5.027008010074496269e-04,7.278551813215017319e-03
2.959591150283813477e+00,5.929528713226318359e+00,6.867880821228027344e+00,9.999467134475708008e-01,-2.960009733214974403e-03,-9.504545480012893677e-03,-2.721483120694756508e-03
5.577637195587158203e+00,3.016304731369018555e+00,4.954273223876953125e+00,9.999976754188537598e-01,2.122635720297694206e-03,-1.270680368179455400e-04,-4.674939555115997791e-04
1.381817936897277832e+00,6.446077346801757812e+00,2.780065059661865234e+00,9.999946951866149902e-01,5.946142846369184554e-05,-4.588117881212383509e-04,3.232477931305766106e-03
2.886495113372802734e+00,2.721635401248931885e-01,6.983997344970703125e+00,9.999527335166931152e-01,4.711602814495563507e-03,-6.994003895670175552e-03,4.836300387978553772e-03
2.827798604965209961e+00,9.537645578384399414e-01,6.482541084289550781e+00,9.999971389770507812e-01,-1.096453270292840898e-04,2.192756393924355507e-03,1.002907054498791695e-03
1.274170041084289551e+00,6.870141506195068359e+00,7.479539871215820312e+00,9.999586939811706543e-01,-2.044932916760444641e-03,-8.860074914991855621e-03,3.041625604964792728e-04
6.594095230102539062e+00,5.403441905975341797e+00,5.794627189636230469e+00,9.999956488609313965e-01,2.844763221219182014e-03,-6.561684422194957733e-04,-5.531749920919537544e-04
1.960820674896240234e+00,5.014044284820556641e+00,7.143688201904296875e+00,9.998654723167419434e-01,4.438588861376047134e-03,-1.494991406798362732e-02,-5.084856878966093063e-03
1.221235394477844238e+00,4.287529468536376953e+00,1.594481348991394043e+00,9.999810457229614258e-01,3.614121116697788239e-03,4.992317408323287964e-03,-2.949631889350712299e-04
5.865119457244873047e+00,4.100121498107910156e+00,2.856703519821166992e+00,9.999989271163940430e-01,8.917609811760485172e-04,1.001231605187058449e-03,-7.117753266356885433e-04
2.749478340148925781e+00,4.784907341003417969e+00,2.538774967193603516e+00,9.999960064888000488e-01,1.748780137859284878e-03,2.094516530632972717e-03,7.588231237605214119e-04
5.109451770782470703e+00,6.995007514953613281e+00,6.420272350311279297e+00,9.999932050704956055e-01,-2.722018398344516754e-03,2.429227111861109734e-03,6.028976640664041042e-04
5.934402942657470703e+00,9.742488265037536621e-01,4.194562911987304688e+00,9.999963045120239258e-01,2.143400255590677261e-03,-1.418578031007200480e-04,1.717520528472959995e-03
1.035390496253967285e+00,3.450491130352020264e-01,6.833385467529296875e+00,9.999523758888244629e-01,-3.034111578017473221e-03,1.117750303819775581e-03,9.216141887009143829e-03
6.396867752075195312e+00,3.936716616153717041e-01,6.965228557586669922e+00,9.999876618385314941e-01,2.009366173297166824e-03,3.440103493630886078e-03,2.964197192341089249e-03
1.632284760475158691e+00,4.293270111083984375e+00,2.787362098693847656e+00,9.999945163726806641e-01,-1.871083397418260574e-03,-2.433134242892265320e-03,-1.287571387365460396e-03
1.430271416902542114e-01,5.864962577819824219e+00,1.946273565292358398e+00,9.999613761901855469e-01,7.128391880542039871e-03,4.137869924306869507e-03,-3.060038434341549873e-03
7.025159835815429688e+00,6.116308212280273438e+00,7.130735397338867188e+00,9.999985694885253906e-01,-1.658367458730936050e-03,3.646266995929181576e-04,3.025602782145142555e-04
5.471349716186523438e+00,6.263275623321533203e+00,5.608217716217041016e+00,9.999787211418151855e-01,-8.610060322098433971e-04,-3.952693659812211990e-03,5.123573821038007736e-03
5.553724765777587891e+00,5.841154575347900391e+00,6.097003459930419922e+00,9.999976158142089844e-01,2.502854913473129272e-04,-1.638097804971039295e-03,-1.453069504350423813e-03
1.891699790954589844e+00,5.743274688720703125e+00,2.661941289901733398e+00,9.999916553497314453e-01,8.598670247010886669e-04,-3.448444651439785957e-03,-2.047195099294185638e-03
1.344693154096603394e-01,6.193250417709350586e-01,9.275219440460205078e-01,9.999831318855285645e-01,-3.011907450854778290e-03,-9.818290127441287041e-04,4.878208041191101074e-03
6.598845958709716797e+00,2.390082359313964844e+00,2.113709688186645508e+00,9.999993443489074707e-01,6.105905049480497837e-04,9.556618169881403446e-04,3.481841122265905142e-04
5.271902084350585938e+00,2.326930522918701172e+00,6.868211746215820312e+00,9.999971985816955566e-01,1.582643715664744377e-03,-4.683634324464946985e-04,1.726428512483835220e-03
7.241348266601562500e+00,5.912386417388916016e+00,5.091140270233154297e+00,9.999732971191406250e-01,-5.140310968272387981e-04,-2.058345125988125801e-03,-7.000779733061790466e-03
5.377655506134033203e+00,3.322966337203979492e+00,3.776911258697509766e+00,9.999907016754150391e-01,3.900509094819426537e-03,5.474422941915690899e-04,-1.791625050827860832e-03
1.067542880773544312e-01,3.160676956176757812e+00,2.749243497848510742e+00,9.999802708625793457e-01,-3.293591085821390152e-03,-2.762534655630588531e-03,4.587132949382066727e-03
8.497103452682495117e-01,4.904641628265380859e+00,6.088286399841308594e+00,9.999892711639404297e-01,2.224563155323266983e-03,1.371895661577582359e-03,3.827140666544437408e-03
5.575905799865722656e+00,3.679222106933593750e+00,1.291133880615234375e+00,9.998910427093505859e-01,-6.917981896549463272e-03,9.648782201111316681e-03,8.778145536780357361e-03
6.090089321136474609e+00,5.835229396820068359e+00,6.313698291778564453e+00,9.999985694885253906e-01,-3.877848503179848194e-04,1.308244303800165653e-03,-1.068523502908647060e-03
5.822084903717041016e+00,4.348729133605957031e+00,1.975527405738830566e-02,9.999960064888000488e-01,-2.213556086644530296e-03,-7.748010102659463882e-05,1.786921406164765358e-03
1.153311133384704590e+00,4.065918445587158203e+00,2.920398235321044922e+00,9.999955296516418457e-01,-8.478186209686100483e-04,-2.151129156118258834e-04,-2.880471060052514076e-03
3.743176460266113281e+00,5.657148361206054688e-02,3.278943300247192383e+00,9.999235868453979492e-01,-6.675602868199348450e-03,-5.325417965650558472e-03,-8.940449915826320648e-03
3.170293331146240234e+00,9.644321203231811523e-01,5.969445228576660156e+00,9.999910593032836914e-01,3.735963487997651100e-03,-1.071951584890484810e-03,-1.710867276415228844e-03
7.372044920921325684e-01,3.488978385925292969e+00,1.793070793151855469e+00,9.999775886535644531e-01,7.582735852338373661e-04,2.569014439359307289e-03,6.134380586445331573e-03
4.150002956390380859e+00,6.927900791168212891e+00,6.715189456939697266e+00,9.995080828666687012e-01,-1.511049829423427582e-02,-2.171358652412891388e-02,1.684771105647087097e-02
4.887271404266357422e+00,4.745105743408203125e+00,1.602032184600830078e+00,9.999913573265075684e-01,3.315172391012310982e-03,-1.809835783205926418e-03,1.757987891323864460e-03
3.478591144084930420e-01,5.457906723022460938e-01,3.068314552307128906e+00,9.999992251396179199e-01,-9.151116246357560158e-04,-8.517224341630935669e-04,-2.804625255521386862e-04
4.443735122680664062e+00,4.121213436126708984e+00,2.720087051391601562e+00,9.999976754188537598e-01,1.522051519714295864e-03,-1.502470462583005428e-03,-2.314127486897632480e-04
4.915404319763183594e+00,5.348733901977539062e+00,7.301680564880371094e+00,9.997985959053039551e-01,1.293246354907751083e-02,-3.140066983178257942e-03,-1.502722874283790588e-02
4.331852436065673828e+00,2.926777124404907227e+00,2.251428127288818359e+00,9.999918937683105469e-01,2.300314838066697121e-03,-3.217143239453434944e-03,-7.030431879684329033e-04
2.403879642486572266e+00,1.535301685333251953e+00,3.105625808238983154e-01,9.999921917915344238e-01,-5.554882809519767761e-04,-3.931263927370309830e-03,-2.161777520086616278e-04
4.106505870819091797e+00,4.191013872623443604e-01,3.640401124954223633e+00,9.999982118606567383e-01,-4.226480668876320124e-04,7.546585493400925770e-06,1.862840610556304455e-03
5.189333558082580566e-01,9.916795492172241211e-01,7.396793365478515625e+00,9.999998807907104492e-01,-2.580812433734536171e-04,1.816061703721061349e-04,-3.865077160298824310e-04
2.270847558975219727e+00,5.728336811065673828e+00,4.279760122299194336e-01,9.999991655349731445e-01,8.637862047180533409e-04,7.494624005630612373e-04,6.490972591564059258e-04
4.420879840850830078e+00,6.347336292266845703e+00,4.875270366668701172e+00,9.999933242797851562e-01,1.303812256082892418e-03,-2.839712658897042274e-03,-1.939619774930179119e-03
5.000256538391113281e+00,7.429786920547485352e-01,4.432335376739501953e+00,9.999994635581970215e-01,8.223938493756577373e-05,7.304862956516444683e-04,-8.355106692761182785e-04
6.737965583801269531e+00,2.642752170562744141e+00,1.914485812187194824e+00,9.999967217445373535e-01,2.174398396164178848e-03,1.215857686474919319e-03,6.040438893251121044e-04
2.731943607330322266e+00,7.317451953887939453e+00,4.574517250061035156e+00,9.999974370002746582e-01,1.596689806319773197e-03,6.046070484444499016e-04,-1.470306422561407089e-03
1.000022292137145996e+00,6.542799472808837891e+00,2.787458896636962891e+00,9.999825954437255859e-01,3.512236056849360466e-03,3.393523162230849266e-03,3.320800140500068665e-03
9.909657239913940430e-01,1.533829212188720703e+00,4.123335838317871094e+00,9.999865293502807617e-01,3.364111064001917839e-03,3.606969723477959633e-03,-1.651018857955932617e-03
1.019668858498334885e-02,4.610299587249755859e+00,4.488405227661132812e+00,9.999891519546508789e-01,-1.407979754731059074e-03,-4.268194898031651974e-04,4.423442762345075607e-03
6.275826454162597656e+00,2.970023632049560547e+00,1.179534792900085449e+00,9.999993443489074707e-01,5.933551583439111710e-04,-9.620409691706299782e-04,3.786995075643062592e-04
1.167211055755615234e+00,7.270237445831298828e+00,4.048465251922607422e+00,9.999940991401672363e-01,-1.977125648409128189e-03,8.678543963469564915e-04,2.669681096449494362e-03
7.473948001861572266e+00,6.207295417785644531e+00,6.107212543487548828e+00,9.999706745147705078e-01,3.327352460473775864e-03,6.851182784885168076e-03,-7.576533826068043709e-04
4.473914623260498047e+00,1.101480960845947266e+00,3.718738079071044922e+00,9.999945759773254395e-01,-2.281579363625496626e-04,3.276808420196175575e-03,3.586848906707018614e-04
7.341865062713623047e+00,5.396344184875488281e+00,6.378047943115234375e+00,9.999253749847412109e-01,-9.738977532833814621e-04,-1.075014099478721619e-02,-5.722755566239356995e-03
4.815270900726318359e+00,3.466207504272460938e+00,9.825486540794372559e-01,9.999977946281433105e-01,1.085726427845656872e-03,6.873849197290837765e-04,-1.689482014626264572e-03
5.738883018493652344e-01,4.323777675628662109e+00,3.894104480743408203e+00,9.999989867210388184e-01,-6.813980871811509132e-04,1.076447893865406513e-03,7.488167611882090569e-04
6.616231918334960938e+00,3.513562679290771484e+00,8.548105955123901367e-01,9.999958872795104980e-01,1.238208147697150707e-03,2.365984488278627396e-03,-1.125431968830525875e-03
2.311877727508544922e+00,6.797512531280517578e+00,6.927021026611328125e+00,9.999994635581970215e-01,-7.844706415198743343e-04,-4.592120239976793528e-04,5.509827169589698315e-04
1.877689480781555176e+00,2.749526977539062500e+00,6.755084991455078125e+00,9.999942183494567871e-01,-1.234764582477509975e-03,1.773426542058587074e-03,-2.613116754218935966e-03
2.675523996353149414e+00,6.445695400238037109e+00,4.847686290740966797e+00,9.998885393142700195e-01,-6.696489173918962479e-03,-2.977252705022692680e-03,1.300737261772155762e-02
3.219895839691162109e+00,1.662581443786621094e+00,4.306891441345214844e+00,9.999998807907104492e-01,3.259529767092317343e-04,-3.194675373379141092e-04,3.312071203254163265e-04
3.725886344909667969e+00,1.939369440078735352e+00,7.420707225799560547e+00,9.999814033508300781e-01,-1.857317518442869186e-03,3.851483808830380440e-03,-4.356766119599342346e-03
4.146437644958496094e+00,7.419909477233886719e+00,5.945271492004394531e+00,9.999988675117492676e-01,5.926036392338573933e-04,4.561137466225773096e-04,-1.378113403916358948e-03
3.648083925247192383e+00,6.953942298889160156e+00,1.504440188407897949e+00,9.999523162841796875e-01,-4.358112055342644453e-04,-9.436628781259059906e-03,-2.484170487150549889e-03
5.192183971405029297e+00,6.413737297058105469e+00,5.692367553710937500e+00,9.999482035636901855e-01,-4.045793786644935608e-03,-7.829706184566020966e-03,5.095927976071834564e-03
4.053239345550537109e+00,1.750459313392639160e+00,6.979836225509643555e-01,9.999956488609313965e-01,1.114222570322453976e-03,-2.512616338208317757e-03,-1.060321344994008541e-03
4.353230476379394531e+00,6.355161666870117188e+00,1.238583326339721680e+00,9.999943971633911133e-01,1.576883718371391296e-03,6.431210786104202271e-04,2.895750338211655617e-03
5.364254474639892578e+00,4.485028743743896484e+00,4.312840938568115234e+00,9.999749064445495605e-01,-2.378712408244609833e-03,2.456416375935077667e-03,6.212293170392513275e-03
6.743083000183105469e+00,1.003057718276977539e+00,1.364848494529724121e+00,9.999904036521911621e-01,-2.985457889735698700e-03,2.868692856281995773e-03,-1.493242685683071613e-03
2.808446884155273438e+00,2.257757425308227539e+00,2.274130821228027344e+00,9.999868869781494141e-01,3.959978130296804011e-05,5.128526594489812851e-03,7.841133628971874714e-05
3.434129238128662109e+00,4.001257896423339844e+00,4.933539390563964844e+00,9.999985098838806152e-01,1.654925639741122723e-03,-4.166048311162739992e-04,-4.787150537595152855e-04
6.687642574310302734e+00,3.758023738861083984e+00,4.768890857696533203e+00,9.999009370803833008e-01,-1.067936513572931290e-02,-9.143511764705181122e-03,-6.375230150297284126e-04
4.535249233245849609e+00,6.622225761413574219e+00,5.559916496276855469e-01,9.999962449073791504e-01,-1.191658433526754379e-03,-6.142363999970257282e-04,-2.409572713077068329e-03
4.073191642761230469e+00,1.972613811492919922e+00,4.755681991577148438e+00,9.999567866325378418e-01,3.733371850103139877e-04,-9.054326452314853668e-03,-2.096608746796846390e-03
4.346220970153808594e+00,6.970248222351074219e+00,6.968436717987060547e+00,9.996696114540100098e-01,-1.588084548711776733e-02,-1.935544610023498535e-02,5.828685592859983444e-03
2.972566783428192139e-01,1.421746134757995605e+00,1.409790992736816406e+00,9.999940395355224609e-01,1.748949289321899414e-03,2.949846675619482994e-03,-5.624826299026608467e-04
5.871212482452392578e+00,2.826851606369018555e+00,1.517166137695312500e+00,9.999675750732421875e-01,-1.402726978994905949e-03,-9.677084162831306458e-04,7.875879295170307159e-03
1.564846485853195190e-01,3.313747167587280273e+00,2.103042125701904297e+00,9.999845623970031738e-01,4.408780951052904129e-03,-2.029478549957275391e-03,-2.696571405977010727e-03
7.584883570671081543e-01,3.716838836669921875e+00,3.990800857543945312e+00,9.999772310256958008e-01,3.256822936236858368e-03,3.293639514595270157e-03,-4.917665850371122360e-03
6.117885589599609375e+00,6.729743003845214844e+00,4.236218452453613281e+00,9.999906420707702637e-01,2.134509850293397903e-03,3.707987954840064049e-03,7.337303250096738338e-04
6.318926334381103516e+00,2.435184001922607422e+00,7.299313068389892578e+00,9.999935626983642578e-01,2.550916513428092003e-03,-4.899848136119544506e-04,-2.481264993548393250e-03
5.040425777435302734e+00,4.564836621284484863e-01,4.201745033264160156e+00,9.999043941497802734e-01,-2.679335419088602066e-03,-7.091404404491186142e-03,-1.156469341367483139e-02
7.256805896759033203e+00,1.280296206474304199e+00,7.324762344360351562e+00,9.999911785125732422e-01,-1.068036770448088646e-03,-3.636729205027222633e-03,1.826014253310859203e-03
2.616056442260742188e+00,6.784144401550292969e+00,6.179112434387207031e+00,9.999998807907104492e-01,3.128790995106101036e-04,-5.093154031783342361e-04,-1.316459238296374679e-04
4.387920498847961426e-01,3.473042249679565430e+00,2.228489875793457031e+00,9.998919963836669922e-01,5.491866730153560638e-03,-8.414459414780139923e-03,1.072779204696416855e-02
7.496651172637939453e+00,6.624427795410156250e+00,3.824671506881713867e+00,9.999933838844299316e-01,-2.483272459357976913e-03,-2.590249059721827507e-03,5.885636201128363609e-04
6.094171524047851562e+00,5.623561859130859375e+00,3.316160917282104492e+00,9.999976158142089844e-01,-9.679643553681671619e-04,-1.939583686180412769e-03,4.863204667344689369e-04
1.731710672378540039e+00,5.895708084106445312e+00,9.809405803680419922e-01,9.999704360961914062e-01,-3.166353795677423477e-03,-4.039803054183721542e-03,5.732082296162843704e-03
5.158927440643310547e+00,5.729531288146972656e+00,1.189798235893249512e+00,9.999300241470336914e-01,-6.497080437839031219e-03,-3.838464617729187012e-03,-9.116312488913536072e-03
3.663083016872406006e-01,6.689119338989257812e+00,5.173229217529296875e+00,9.999989867210388184e-01,-1.339719514362514019e-03,-5.317575996741652489e-04,6.095056596677750349e-05
5.227370262145996094e+00,1.839341640472412109e+00,4.597905158996582031e+00,9.999966621398925781e-01,-1.412378507666289806e-03,-1.995163504034280777e-03,8.586677140556275845e-04
4.020683765411376953e+00,1.153051376342773438e+00,7.001878261566162109e+00,9.999285340309143066e-01,3.163095330819487572e-03,1.082258112728595734e-02,3.986490890383720398e-03
7.043084621429443359e+00,5.107384681701660156e+00,3.892473697662353516e+00,9.999929666519165039e-01,-1.946725024026818573e-05,-3.223471809178590775e-03,1.946797012351453304e-03
6.499197483062744141e+00,6.595526218414306641e+00,1.370564460754394531e+00,9.999973177909851074e-01,-6.491544772870838642e-04,-2.007127040997147560e-03,-1.013980479910969734e-03
7.372210025787353516e+00,6.185377836227416992e-01,3.087834358215332031e+00,9.999958872795104980e-01,-8.937369566410779953e-04,-2.620066981762647629e-03,-8.081216947175562382e-04
4.863169670104980469e+00,4.990417003631591797e+00,2.538153171539306641e+00,9.999955892562866211e-01,2.544954651966691017e-03,1.083913026377558708e-03,1.140956883318722248e-03
7.136391639709472656e+00,2.931927442550659180e+00,6.242531776428222656e+00,9.999979734420776367e-01,8.323606452904641628e-04,9.691093582659959793e-04,1.581962336786091328e-03
7.049470424652099609e+00,3.800028800964355469e+00,6.484925746917724609e-01,9.999879598617553711e-01,-2.750109182670712471e-03,-3.421891015022993088e-03,-2.215733518823981285e-03
5.447295188903808594e+00,1.957766413688659668e+00,6.857388019561767578e+00,9.999988675117492676e-01,1.304264063946902752e-03,-1.071048900485038757e-04,8.292605634778738022e-04
4.862897872924804688e+00,5.805010795593261719e+00,3.862711191177368164e+00,9.999985098838806152e-01,-7.508294656872749329e-04,-1.535939751192927361e-03,2.861531684175133705e-04
5.998564243316650391e+00,2.798791885375976562e+00,5.879662036895751953e+00,9.999988079071044922e-01,4.489941056817770004e-04,-1.054405816830694675e-03,-1.095779938623309135e-03
4.066946804523468018e-01,3.470890760421752930e+00,4.644236087799072266e+00,9.999947547912597656e-01,2.755656372755765915e-03,1.828256208682432771e-04,1.720555243082344532e-03
2.053449392318725586e+00,7.692400813102722168e-01,6.715783119201660156e+00,9.999996423721313477e-01,-6.031219963915646076e-04,3.486867644824087620e-04,-6.343113491311669350e-04
3.345660924911499023e+00,4.738705158233642578e+00,5.968386173248291016e+00,9.999285340309143066e-01,2.456280402839183807e-03,5.559787619858980179e-03,-1.029784604907035828e-02
1.594894409179687500e+00,4.977654457092285156e+00,2.480234652757644653e-01,9.999583959579467773e-01,-8.097033947706222534e-03,-2.997721079736948013e-03,-2.958254190161824226e-03
7.338828086853027344e+00,5.725529193878173828e+00,1.153674364089965820e+00,9.999776482582092285e-01,2.663933439180254936e-03,6.110650487244129181e-03,-5.268125678412616253e-04
6.884199142456054688e+00,4.261082649230957031e+00,4.079366683959960938e+00,9.999893307685852051e-01,2.868343843147158623e-03,5.335672758519649506e-04,-3.594245994463562965e-03
2.268799781799316406e+00,4.650091171264648438e+00,2.800868034362792969e+00,9.999805092811584473e-01,7.031521818134933710e-05,2.549123018980026245e-03,-5.705642048269510269e-03
3.572826385498046875e+00,4.046486377716064453e+00,1.261594176292419434e+00,9.999974370002746582e-01,1.750286319293081760e-03,1.472088275477290154e-03,2.646943903528153896e-04
1.563204765319824219e+00,3.782628774642944336e+00,2.691628456115722656e+00,9.999970197677612305e-01,1.015611458569765091e-03,-2.137094968929886818e-03,5.580494180321693420e-04
7.394885540008544922e+00,4.832682132720947266e+00,2.837624788284301758e+00,9.999939799308776855e-01,2.090563764795660973e-03,2.633652649819850922e-03,-9.317512158304452896e-04
7.966446131467819214e-02,4.620330035686492920e-01,3.399008035659790039e+00,9.999095201492309570e-01,3.704145317897200584e-03,1.291476842015981674e-02,7.220513070933520794e-04
2.486063241958618164e+00,6.371247768402099609e+00,2.134494036436080933e-01,9.999979734420776367e-01,-4.547869320958852768e-04,-1.999136758968234062e-03,1.075636246241629124e-04
4.687284946441650391e+00,3.096894979476928711e+00,8.271552920341491699e-01,9.999876618385314941e-01,1.954019768163561821e-03,3.767989575862884521e-03,2.607535803690552711e-03
2.838320016860961914e+00,1.435515284538269043e+00,7.973521351814270020e-01,9.999909996986389160e-01,1.396463252604007721e-03,1.258752425201237202e-03,-3.799807978793978691e-03
2.540857315063476562e+00,2.298564672470092773e+00,7.360904216766357422e+00,9.999884366989135742e-01,-3.634703811258077621e-03,-9.229112765751779079e-04,3.040602197870612144e-03
2.659031391143798828e+00,6.560946941375732422e+00,6.795734405517578125e+00,9.999995231628417969e-01,-4.189957962807966396e-06,-1.395802974002435803e-04,1.045472221449017525e-03
6.846887111663818359e+00,3.743359088897705078e+00,2.566280841827392578e+00,9.999850392341613770e-01,-4.080604296177625656e-03,-1.761011779308319092e-03,3.216734388843178749e-03
3.838131666183471680e+00,2.895748913288116455e-01,2.718378067016601562e+00,9.999971985816955566e-01,-2.043828833848237991e-03,-1.115743187256157398e-03,-5.094889202155172825e-04
3.522171258926391602e+00,4.380150318145751953e+00,3.952185392379760742e+00,9.999061822891235352e-01,8.535503409802913666e-03,-8.642829925520345569e-05,-1.071257703006267548e-02
4.195072650909423828e+00,5.744241714477539062e+00,9.227087497711181641e-01,9.999968409538269043e-01,1.545360544696450233e-03,6.302815163508057594e-04,-1.919821486808359623e-03
1.616093754768371582e+00,3.904494285583496094e+00,1.534366048872470856e-02,9.999876618385314941e-01,2.982366131618618965e-03,2.944508567452430725e-03,2.675622468814253807e-03
4.784606933593750000e+00,3.928789615631103516e+00,3.460059165954589844e+00,9.998996853828430176e-01,7.727015763521194458e-03,-8.474750444293022156e-03,8.314849808812141418e-03
4.797495841979980469e+00,5.074592113494873047e+00,7.474920272827148438e+00,9.999877810478210449e-01,-2.726646838709712029e-03,3.600291674956679344e-03,2.053687814623117447e-03
5.375381946563720703e+00,3.406565904617309570e+00,1.183096766471862793e+00,9.999672174453735352e-01,2.764249918982386589e-03,-4.436488728970289230e-03,-6.195343099534511566e-03
2.011849164962768555e+00,1.507813692092895508e+00,1.975172758102416992e+00,9.999973177909851074e-01,-1.132895122282207012e-03,1.846692408435046673e-03,-8.801210206001996994e-04
3.363154828548431396e-01,1.939704298973083496e+00,6.764585971832275391e+00,9.999994635581970215e-01,4.078377969563007355e-04,9.260986698791384697e-04,4.529693396762013435e-04
8.600062131881713867e-01,4.443923950195312500e+00,5.405792236328125000e+00,9.999958872795104980e-01,-7.658876711502671242e-05,3.216858895029872656e-04,-2.858830383047461510e-03
2.010013818740844727e+00,5.671271324157714844e+00,7.351099967956542969e+00,9.999894499778747559e-01,3.829248482361435890e-03,-1.250505563803017139e-03,2.218620851635932922e-03
1.820641636848449707e+00,6.166790962219238281e+00,2.835962057113647461e+00,9.999349713325500488e-01,7.493969053030014038e-03,-1.528117922134697437e-03,8.464175276458263397e-03
6.603300571441650391e+00,6.437624931335449219e+00,6.035037517547607422e+00,9.999881982803344727e-01,4.020201042294502258e-03,-2.450422151014208794e-03,1.237451797351241112e-03
2.048675775527954102e+00,7.121533870697021484e+00,2.346313238143920898e+00,9.998567104339599609e-01,-8.066718466579914093e-03,-1.032736268825829029e-03,-1.484632492065429688e-02
4.589058399200439453e+00,4.831941127777099609e+00,1.448134660720825195e+00,9.999986290931701660e-01,-3.497340367175638676e-04,-1.487452769652009010e-03,7.329284562729299068e-04
6.384979724884033203e+00,6.603252410888671875e+00,2.806084871292114258e+00,9.999912381172180176e-01,-2.348200650885701180e-03,-3.077859873883426189e-04,3.470869036391377449e-03
1.946060538291931152e+00,6.878354072570800781e+00,5.824133753776550293e-01,9.999984502792358398e-01,-1.457186532206833363e-03,1.006884500384330750e-03,-3.727329021785408258e-05
3.121544361114501953e+00,2.142754554748535156e+00,2.969415903091430664e+00,9.999932050704956055e-01,1.062216353602707386e-03,-2.920926781371235847e-03,-2.013396937400102615e-03
1.048320531845092773e+00,2.022637844085693359e+00,4.812986850738525391e+00,9.999992847442626953e-01,9.259558282792568207e-04,-7.854352588765323162e-04,-2.616778656374663115e-04
6.460976123809814453e+00,2.301698207855224609e+00,4.262975692749023438e+00,9.999994039535522461e-01,-8.754776790738105774e-04,5.409870063886046410e-04,-4.598533269017934799e-04
2.583342790603637695e+00,1.585824728012084961e+00,4.541854381561279297e+00,9.999999403953552246e-01,2.894878853112459183e-04,-2.730822307057678699e-04,2.108828048221766949e-04
3.351562738418579102e+00,3.965031385421752930e+00,2.818530082702636719e+00,9.999993443489074707e-01,6.695342599414288998e-04,-8.848581346683204174e-04,-4.279366112314164639e-04
4.314577579498291016e+00,1.273498177528381348e+00,1.830531358718872070e+00,9.999774098396301270e-01,-2.123594895238056779e-04,-3.550825407728552818e-03,5.706821568310260773e-03
1.324405550956726074e+00,2.544546365737915039e+00,6.124291896820068359e+00,9.999929666519165039e-01,-2.483248710632324219e-03,-2.349409274756908417e-03,-1.535734394565224648e-03
4.101855278015136719e+00,2.074510097503662109e+00,6.380627155303955078e-01,1.000000000000000000e+00,1.643742434680461884e-04,1.017537579173222184e-04,-3.039184666704386473e-04
4.253217697143554688e+00,4.409723758697509766e+00,1.708469152450561523e+00,9.999985694885253906e-01,1.195575168821960688e-04,-1.396158244460821152e-03,9.783899877220392227e-04
1.126621723175048828e+00,3.324924230575561523e+00,3.842973232269287109e+00,9.999963641166687012e-01,-6.193123990669846535e-04,2.395936287939548492e-03,1.073040999472141266e-03
1.140989661216735840e+00,7.404147624969482422e+00,5.021044254302978516e+00,9.998419880867004395e-01,6.497803609818220139e-03,-2.278604777529835701e-03,-1.639140024781227112e-02
1.358810901641845703e+00,6.187065601348876953e+00,6.133596420288085938e+00,9.999957680702209473e-01,2.644633175805211067e-03,1.162464148364961147e-03,4.985257983207702637e-04
6.310143470764160156e+00,4.411167144775390625e+00,6.002473354339599609e+00,9.999979138374328613e-01,1.593747176229953766e-03,-1.035583787597715855e-03,-7.884418591856956482e-04
4.660425484180450439e-01,7.421758174896240234e+00,3.344156265258789062e+00,9.999979734420776367e-01,1.233927905559539795e-03,-1.104510854929685593e-03,-1.189882401376962662e-03
6.844119071960449219e+00,4.834176540374755859e+00,4.310310840606689453e+00,9.999997615814208984e-01,3.861063451040536165e-04,-1.452980795875191689e-04,-7.013070280663669109e-04
4.215733528137207031e+00,6.499363780021667480e-01,1.731994628906250000e+00,9.999567270278930664e-01,3.991816658526659012e-03,-8.214747533202171326e-03,-1.809759764000773430e-03
5.836632251739501953e+00,4.193717002868652344e+00,5.907818675041198730e-01,9.999944567680358887e-01,2.319950610399246216e-03,-2.167107537388801575e-03,1.042445655912160873e-03
2.676626205444335938e+00,2.874075174331665039e+00,7.095582008361816406e+00,9.999988079071044922e-01,8.613435784354805946e-04,-1.242435420863330364e-03,-4.103616229258477688e-04
3.267628192901611328e+00,6.795864701271057129e-01,7.456656932830810547e+00,9.999387860298156738e-01,4.488788079470396042e-03,-3.259599208831787109e-03,9.581649675965309143e-03
9.573032855987548828e-01,3.212553024291992188e+00,7.464289188385009766e+00,9.999955296516418457e-01,-2.175846602767705917e-03,6.506837089546024799e-04,-1.966105075553059578e-03
2.833243131637573242e+00,1.185105681419372559e+00,7.455870628356933594e+00,9.999994635581970215e-01,-1.181817424367181957e-04,-4.204210417810827494e-04,1.016709022223949432e-03
6.965728282928466797e+00,1.815023571252822876e-01,4.405293464660644531e+00,9.999973773956298828e-01,-1.603808370418846607e-03,1.568252220749855042e-03,5.142723675817251205e-04
4.610013961791992188e+00,5.184462547302246094e+00,8.040870428085327148e-01,9.999992251396179199e-01,-1.182828447781503201e-03,-1.440532505512237549e-04,4.681434947997331619e-04
3.420550823211669922e+00,7.614376544952392578e-01,2.477006673812866211e+00,9.999939799308776855e-01,1.473804702982306480e-03,1.157975406385958195e-03,-2.940381644293665886e-03
2.477368831634521484e+00,2.767141819000244141e+00,6.369854450225830078e+00,9.999987483024597168e-01,7.047454710118472576e-04,1.205520005896687508e-03,-8.453767513856291771e-04
6.462657928466796875e+00,3.664502859115600586e+00,6.579296112060546875e+00,9.999825358390808105e-01,4.763627424836158752e-03,1.696484163403511047e-03,3.084640949964523315e-03
1.397127389907836914e+00,1.699740767478942871e+00,5.648260116577148438e+00,9.999993443489074707e-01,7.959944778122007847e-04,3.836849064100533724e-04,-8.062735432758927345e-04
4.836726188659667969e+00,4.532990932464599609e+00,4.657629489898681641e+00,9.999409914016723633e-01,-8.182148449122905731e-03,6.936690770089626312e-03,-1.726694870740175247e-03
1.304955959320068359e+00,7.400959491729736328e+00,3.123294830322265625e+00,9.999880194664001465e-01,-4.689921159297227859e-03,-3.131882695015519857e-04,1.399585278704762459e-03
6.358213424682617188e+00,7.279576778411865234e+00,5.452062606811523438e+00,9.999995827674865723e-01,4.632592026609927416e-04,4.768707440234720707e-04,7.356688147410750389e-04
6.578452587127685547e+00,2.101366281509399414e+00,7.812176346778869629e-01,1.000000000000000000e+00,4.163939447607845068e-04,5.529574264073744416e-05,3.588334948290139437e-05
2.074658870697021484e+00,6.629770278930664062e+00,6.305070400238037109e+00,9.999989867210388184e-01,1.439658924937248230e-03,1.436913735233247280e-04,2.743833465501666069e-04
4.189017295837402344e+00,2.790482759475708008e+00,4.327490806579589844e+00,9.999858140945434570e-01,-1.174705452285706997e-03,-4.848783835768699646e-03,1.911878469400107861e-03
2.616865396499633789e+00,5.238451004028320312e+00,6.876242160797119141e-01,9.999991059303283691e-01,-1.257666037417948246e-03,4.482228250708431005e-04,3.258273645769804716e-04
5.992164611816406250e+00,5.512307882308959961e-01,7.701203823089599609e-01,9.999813437461853027e-01,1.765596243785694242e-04,-4.444325808435678482e-03,-4.207490012049674988e-03
4.324437618255615234e+00,6.301618099212646484e+00,3.479521989822387695e+00,9.999755620956420898e-01,4.584581125527620316e-03,-3.744091372936964035e-03,-3.727760864421725273e-03
6.677525043487548828e+00,2.246989250183105469e+00,5.646578788757324219e+00,9.999997019767761230e-01,-1.938989880727604032e-04,7.799041341058909893e-04,-1.642490824451670051e-04
5.694688484072685242e-02,2.024838924407958984e+00,1.006815433502197266e+00,9.999979138374328613e-01,-2.045623958110809326e-03,6.178567127790302038e-05,2.773803425952792168e-04
6.412941455841064453e+00,6.046974182128906250e+00,2.370370388031005859e+00,9.999988079071044922e-01,1.110618817619979382e-03,-6.013921229168772697e-04,9.593995637260377407e-04
4.287947118282318115e-01,6.350623130798339844e+00,5.317206859588623047e+00,1.000000000000000000e+00,-2.821136440616101027e-04,7.155117145885014907e-06,1.400136970914900303e-04
1.172074913978576660e+00,7.159144401550292969e+00,3.301841020584106445e+00,9.999211430549621582e-01,1.006197649985551834e-03,-5.061761010438203812e-03,1.145405042916536331e-02
4.083154678344726562e+00,3.470485925674438477e+00,4.663502216339111328e+00,9.999985098838806152e-01,3.591004351619631052e-04,-2.093989896820858121e-04,-1.692145946435630322e-03
2.143571376800537109e-01,2.883252382278442383e+00,6.515930652618408203e+00,9.999761581420898438e-01,-3.706024726852774620e-03,-3.842669539153575897e-03,4.381882492452859879e-03
5.930922985076904297e+00,6.642851829528808594e+00,2.977042436599731445e+00,9.999994039535522461e-01,3.911068051820620894e-05,5.385142285376787186e-04,-9.868651395663619041e-04
6.441617012023925781e+00,2.176482200622558594e+00,3.173599720001220703e+00,9.999987483024597168e-01,-6.599064217880368233e-04,-1.292666274821385741e-04,-1.478153397329151630e-03
5.999159812927246094e+00,4.495837688446044922e+00,5.174291133880615234e+00,9.999716877937316895e-01,6.269678939133882523e-03,-2.106147119775414467e-03,-3.611353226006031036e-03
8.875171542167663574e-01,3.896511793136596680e+00,2.550467729568481445e+00,9.999912977218627930e-01,-5.459335516206920147e-04,-2.953125163912773132e-03,-2.906079869717359543e-03
6.468988895416259766e+00,2.415789365768432617e+00,2.425714731216430664e+00,9.999901652336120605e-01,2.493279287591576576e-03,2.890927251428365707e-03,-2.277037594467401505e-03
6.559220790863037109e+00,6.808355808258056641e+00,2.049680233001708984e+00,9.999488592147827148e-01,-5.983181763440370560e-04,-7.422239519655704498e-03,-6.844751071184873581e-03
1.657950878143310547e-01,1.193001270294189453e+00,4.114059448242187500e+00,9.999969005584716797e-01,-1.828098087571561337e-03,4.479941853787750006e-04,-1.621845876798033714e-03
1.696032404899597168e+00,1.251302480697631836e+00,2.843528509140014648e+00,9.997246265411376953e-01,-1.605954603292047977e-03,1.672484539449214935e-02,-1.638398319482803345e-02
7.536798119544982910e-01,5.759833335876464844e+00,2.508947134017944336e+00,9.999971985816955566e-01,5.142366717336699367e-05,1.932653016410768032e-03,1.376136438921093941e-03
3.878152847290039062e+00,7.869478464126586914e-01,2.210193395614624023e+00,9.999927282333374023e-01,-2.402127487584948540e-03,1.421203487552702427e-03,2.620811108499765396e-03
1.287277936935424805e-01,6.624370813369750977e-01,4.146816730499267578e+00,9.999871253967285156e-01,1.077036373317241669e-03,1.690414384938776493e-03,4.659144207835197449e-03
4.780272006988525391e+00,9.515820145606994629e-01,6.796753406524658203e+00,9.999980926513671875e-01,-1.139862142736092210e-04,-9.360745898447930813e-04,1.719022635370492935e-03
2.009424209594726562e+00,6.563617706298828125e+00,3.328450024127960205e-01,9.999997615814208984e-01,-3.974933060817420483e-04,1.204111540573649108e-04,-6.940978346392512321e-04
6.845625877380371094e+00,4.039339065551757812e+00,4.960556030273437500e+00,9.999778866767883301e-01,-6.302991416305303574e-03,2.495655789971351624e-04,-2.145704347640275955e-03
4.074356555938720703e+00,8.624649047851562500e-01,4.708503723144531250e+00,9.999849796295166016e-01,1.239606179296970367e-03,5.314498674124479294e-03,-5.394027684815227985e-04
9.403743147850036621e-01,3.694154620170593262e-01,4.282098293304443359e+00,9.999958872795104980e-01,2.466067671775817871e-04,1.475617318646982312e-04,2.871647942811250687e-03
5.860799789428710938e+00,7.361043453216552734e+00,5.258996486663818359e+00,9.999989271163940430e-01,4.892906290479004383e-04,1.148384413681924343e-03,7.783318287692964077e-04
4.893271446228027344e+00,5.281130790710449219e+00,6.494540691375732422e+00,9.999984502792358398e-01,4.453241417650133371e-04,1.728335046209394932e-03,8.423282451985869557e-06
4.681473731994628906e+00,5.303291797637939453e+00,5.409767627716064453e+00,9.999507069587707520e-01,-2.870076335966587067e-03,-6.582343019545078278e-03,6.865830626338720322e-03
1.125267386436462402e+00,5.410775661468505859e+00,5.766019821166992188e+00,9.998766183853149414e-01,-1.242494862526655197e-02,9.515856392681598663e-03,-1.376609317958354950e-03
6.740039348602294922e+00,2.781048297882080078e+00,2.254063129425048828e+00,9.999942183494567871e-01,1.166697940789163113e-03,3.145491005852818489e-03,6.206139223650097847e-04
3.578292131423950195e+00,2.804279565811157227e+00,5.481190681457519531e+00,9.999947547912597656e-01,1.552797271870076656e-03,-2.650763373821973801e-03,1.075135078281164169e-03
5.485177636146545410e-01,4.980131626129150391e+00,1.558591604232788086e+00,9.999982714653015137e-01,-1.451527117751538754e-03,-9.566668304614722729e-04,-7.716922555118799210e-04
9.439746737480163574e-01,2.682309150695800781e+00,2.790919303894042969e+00,9.999988079071044922e-01,5.050987238064408302e-04,-1.200999715365469456e-03,9.131707483902573586e-04
7.342205524444580078e+00,7.986550331115722656e-01,2.400977134704589844e+00,9.999997615814208984e-01,2.488332102075219154e-04,-6.452697562053799629e-04,-3.651948936749249697e-04
7.420964837074279785e-01,4.159381389617919922e+00,1.140166759490966797e+00,9.999979138374328613e-01,1.010695123113691807e-03,4.079933278262615204e-04,-1.769622555002570152e-03
4.234192073345184326e-01,5.959317684173583984e+00,5.302085399627685547e+00,9.999956488609313965e-01,-2.581937937065958977e-03,-4.371349496068432927e-05,1.480725128203630447e-03
2.147789150476455688e-01,3.098977088928222656e+00,1.401204943656921387e+00,9.999974966049194336e-01,2.163028111681342125e-03,5.537386750802397728e-04,3.359380352776497602e-04
5.368616104125976562e+00,3.149858474731445312e+00,5.899682641029357910e-01,9.999931454658508301e-01,-1.584839425049722195e-03,-3.101574257016181946e-03,1.299913856200873852e-03
2.929362535476684570e+00,7.152647972106933594e+00,1.969535708427429199e+00,9.999762177467346191e-01,3.268316155299544334e-03,2.083569765090942383e-03,5.703257396817207336e-03
8.179811835289001465e-01,2.171369791030883789e+00,6.348159790039062500e+00,9.999970197677612305e-01,1.554666785523295403e-03,9.704336407594382763e-04,-1.631417660973966122e-03
5.239256381988525391e+00,4.748658180236816406e+00,3.874587774276733398e+00,9.999984502792358398e-01,-1.362352923024445772e-04,-3.660309885162860155e-04,1.748155686073005199e-03
3.083607435226440430e+00,7.331810474395751953e+00,7.356349468231201172e+00,9.998937249183654785e-01,-9.709311649203300476e-03,1.070254389196634293e-02,-1.913176616653800011e-03
2.463045835494995117e+00,5.735110282897949219e+00,7.418697834014892578e+00,9.999762773513793945e-01,-1.233235670952126384e-04,-5.769740790128707886e-03,3.777745412662625313e-03
3.920665025711059570e+00,2.267707347869873047e+00,1.606958985328674316e+00,9.998878240585327148e-01,-7.407746743410825729e-04,-5.944342818111181259e-03,-1.372703071683645248e-02
5.294694900512695312e+00,6.065672397613525391e+00,6.022908210754394531e+00,9.999961256980895996e-01,2.263466361910104752e-03,-1.158317434601485729e-03,1.193993026390671730e-03
5.637560367584228516e+00,4.600228309631347656e+00,4.566138267517089844e+00,9.999943971633911133e-01,-2.507071010768413544e-03,-8.307626703754067421e-04,2.084148582071065903e-03
7.329471111297607422e+00,5.133296966552734375e+00,4.262112140655517578e+00,9.999983906745910645e-01,5.537487450055778027e-04,-3.833367081824690104e-04,1.690956298261880875e-03
3.002422094345092773e+00,2.517037153244018555e+00,6.951256275177001953e+00,9.999949336051940918e-01,1.228799694217741489e-03,-2.959099365398287773e-03,-7.703236769884824753e-05
7.021825313568115234e+00,1.279450535774230957e+00,2.055372476577758789e+00,9.999876022338867188e-01,4.549575038254261017e-03,1.085035473806783557e-04,2.065115142613649368e-03
2.165842294692993164e+00,2.760783433914184570e+00,5.114417076110839844e+00,9.999994635581970215e-01,-6.685602711513638496e-04,6.869139033369719982e-04,4.749309155158698559e-04
1.998427659273147583e-01,5.771030426025390625e+00,4.118900775909423828e+00,9.999999403953552246e-01,1.520638907095417380e-04,7.217586971819400787e-05,5.022503319196403027e-04
5.002575874328613281e+00,1.288002014160156250e+00,2.857536554336547852e+00,9.999988079071044922e-01,-1.202618586830794811e-03,-6.972730043344199657e-04,-7.739819120615720749e-04
1.873967051506042480e-01,6.248692512512207031e+00,5.745047569274902344e+00,9.999985694885253906e-01,-3.038852591998875141e-04,1.691997982561588287e-03,6.226645200513303280e-05
6.801442623138427734e+00,6.735270023345947266e+00,6.877413272857666016e+00,9.999958872795104980e-01,-1.681246329098939896e-03,1.117269392125308514e-03,2.068183384835720062e-03
4.528852924704551697e-02,1.108675360679626465e+00,6.194540977478027344e+00,9.999549984931945801e-01,-4.724318627268075943e-03,8.054477162659168243e-03,-1.687029725871980190e-03
1.012832403182983398e+00,3.952345848083496094e+00,1.853225588798522949e+00,9.999957084655761719e-01,-6.037825369276106358e-04,2.817068248987197876e-03,6.692900205962359905e-04
4.109441637992858887e-01,4.081419467926025391e+00,1.591919183731079102e+00,9.998640418052673340e-01,-5.805257242172956467e-03,1.354701351374387741e-02,7.405718322843313217e-03
5.309692382812500000e+00,7.102480411529541016e+00,2.298231601715087891e+00,9.999939203262329102e-01,-1.860571908764541149e-03,-2.915128134191036224e-03,5.256432341411709785e-04
3.535583972930908203e+00,5.732173323631286621e-01,4.926736831665039062e+00,9.999985694885253906e-01,-3.307217557448893785e-04,1.237351214513182640e-03,-1.129713957197964191e-03
9.167437553405761719e-01,1.095157489180564880e-01,4.919104099273681641e+00,9.999171495437622070e-01,1.707133254967629910e-03,2.297569066286087036e-03,-1.255258731544017792e-02
8.473948836326599121e-01,6.761193752288818359e+00,6.343726158142089844e+00,9.999856948852539062e-01,4.827274009585380554e-03,-1.247362932190299034e-03,-1.956552499905228615e-03
2.445778846740722656e+00,3.269216537475585938e+00,2.388205528259277344e+00,9.999999403953552246e-01,1.910872961161658168e-04,-3.692058089654892683e-04,2.212560211773961782e-04
8.134908676147460938e-01,1.380729556083679199e+00,1.508456468582153320e+00,9.998806118965148926e-01,-1.130461972206830978e-02,1.051928382366895676e-02,6.705889827571809292e-04
2.443071752786636353e-01,2.747145175933837891e+00,2.970046281814575195e+00,9.999791979789733887e-01,-2.219454385340213776e-03,-4.391803406178951263e-03,4.188203252851963043e-03
6.205460071563720703e+00,7.084587097167968750e+00,1.833315849304199219e+00,9.999928474426269531e-01,1.968223601579666138e-03,-2.056082244962453842e-03,2.506971359252929688e-03
4.380812644958496094e+00,2.540555000305175781e+00,7.060525894165039062e+00,9.999986290931701660e-01,3.576164890546351671e-04,2.684819337446242571e-04,-1.645609969273209572e-03
4.229784011840820312e+00,6.716485023498535156e+00,6.326853036880493164e-01,9.999899268150329590e-01,-1.865961588919162750e-03,2.867865609005093575e-03,2.929973648861050606e-03
2.336723566055297852e+00,5.806263923645019531e+00,2.547767877578735352e+00,9.999990463256835938e-01,1.017809190670959651e-04,9.874300303636118770e-05,1.418245607055723667e-03
6.683266639709472656e+00,5.840941429138183594e+00,3.953797578811645508e+00,9.999984502792358398e-01,-7.556137861683964729e-04,1.594559638760983944e-03,-2.817216736730188131e-04
7.112819194793701172e+00,6.630345344543457031e+00,4.229513645172119141e+00,9.999698996543884277e-01,-2.255215804325416684e-04,1.024913857690989971e-03,7.692983839660882950e-03
2.116292476654052734e+00,7.044100284576416016e+00,4.825461864471435547e+00,9.999998807907104492e-01,4.119273799005895853e-04,3.684085677377879620e-04,-2.027190203079953790e-04
2.444383859634399414e+00,4.500606536865234375e+00,9.590466022491455078e-01,9.999892711639404297e-01,2.980842255055904388e-03,-2.185601973906159401e-03,2.785747172310948372e-03
7.109883427619934082e-01,3.393519818782806396e-01,1.865900121629238129e-02,9.999965429306030273e-01,-2.523217350244522095e-03,8.043310372158885002e-04,2.241188485641032457e-04
3.425810575485229492e+00,6.600686550140380859e+00,4.604846000671386719e+00,9.999723434448242188e-01,7.218287792056798935e-04,3.411051817238330841e-03,6.570772267878055573e-03
2.917142391204833984e+00,2.320499897003173828e+00,5.759585857391357422e+00,9.999980330467224121e-01,-1.050403574481606483e-03,1.697900122962892056e-03,-1.926869299495592713e-04
5.679741382598876953e+00,4.011286735534667969e+00,6.990230560302734375e+00,9.999944567680358887e-01,-1.311245723627507687e-03,-2.782297786325216293e-03,1.300826668739318848e-03
7.120848178863525391e+00,3.640993535518646240e-01,3.220873475074768066e-01,9.999994635581970215e-01,-6.520809256471693516e-05,8.263594936579465866e-04,-6.591442506760358810e-04
8.861222267150878906e-01,2.655022144317626953e+00,3.946496009826660156e+00,9.999990463256835938e-01,1.084979041479527950e-03,-8.676744182594120502e-04,1.230492198374122381e-04
2.441054105758666992e+00,1.964528322219848633e+00,6.367013454437255859e+00,9.999954700469970703e-01,2.175076864659786224e-03,-8.513018838129937649e-04,1.938339555636048317e-03
1.094673633575439453e+00,6.410922050476074219e+00,2.278618812561035156e-01,9.999904036521911621e-01,2.457929542288184166e-03,-1.508676912635564804e-03,3.325648140162229538e-03
1.655240893363952637e+00,6.546591281890869141e+00,4.369726657867431641e+00,9.999967813491821289e-01,1.317456248216331005e-03,1.472332398407161236e-03,1.625292701646685600e-03
4.287354469299316406e+00,1.262361764907836914e+00,5.432778835296630859e+00,9.999997615814208984e-01,-4.457885515876114368e-04,1.654882944421842694e-04,6.029112264513969421e-04
4.233941555023193359e+00,2.893398284912109375e+00,5.169373035430908203e+00,9.999942779541015625e-01,-1.307401689700782299e-03,-3.043750184588134289e-04,3.119333414360880852e-03
1.041735649108886719e+00,6.916482448577880859e+00,4.573889732360839844e+00,9.999983906745910645e-01,1.289078791160136461e-04,1.824303995817899704e-03,-5.679613241227343678e-05
5.066529273986816406e+00,3.081588029861450195e+00,2.545492410659790039e+00,9.999996423721313477e-01,2.643883926793932915e-04,6.471991946455091238e-05,8.999258861877024174e-04
5.547113895416259766e+00,4.661446094512939453e+00,5.026074647903442383e-01,9.999998807907104492e-01,2.046879089903086424e-04,-2.536757674533873796e-04,3.817551187239587307e-04
2.291987895965576172e+00,6.918984413146972656e+00,5.314624905586242676e-01,9.999955892562866211e-01,-2.966696163639426231e-03,2.418160729575902224e-04,2.642000908963382244e-04
1.692720651626586914e+00,1.858504176139831543e+00,7.294711589813232422e+00,9.999998211860656738e-01,2.475571818649768829e-04,1.750317605910822749e-04,6.243247189559042454e-04
6.470245838165283203e+00,1.637734055519104004e+00,1.750877261161804199e+00,9.998720884323120117e-01,7.029853761196136475e-03,-8.772196248173713684e-03,-1.137657649815082550e-02
2.590261995792388916e-01,5.479525566101074219e+00,5.862627506256103516e+00,9.999889135360717773e-01,-8.042862173169851303e-04,2.765927056316286325e-04,-4.641176201403141022e-03
8.241217732429504395e-01,1.968314498662948608e-01,3.586158990859985352e+00,9.999998807907104492e-01,1.485604152549058199e-04,-5.185690824873745441e-04,2.865645219571888447e-04
4.353793144226074219e+00,1.811315894126892090e+00,3.275891780853271484e+00,9.999995827674865723e-01,8.370302384719252586e-04,-3.667614946607500315e-04,3.266317944508045912e-04
7.402753829956054688e+00,5.798175334930419922e+00,7.121925354003906250e-01,9.998954534530639648e-01,-3.594322130084037781e-03,5.746946204453706741e-03,1.277472265064716339e-02
7.448377013206481934e-01,4.951089859008789062e+00,5.515871524810791016e+00,9.999994039535522461e-01,5.924176657572388649e-04,-9.860508143901824951e-04,-1.403019996359944344e-04
4.915069639682769775e-01,5.064918518066406250e+00,2.050401687622070312e+00,9.999999403953552246e-01,2.992002118844538927e-04,2.264242939418181777e-04,-2.301889981026761234e-05
7.216226100921630859e+00,4.109376907348632812e+00,4.456717967987060547e+00,9.999187588691711426e-01,-2.931093797087669373e-03,-2.775215078145265579e-03,1.209809724241495132e-02
7.084617614746093750e+00,1.592070221900939941e+00,1.094387412071228027e+00,9.999963045120239258e-01,1.549355656607076526e-04,-5.081185372546315193e-04,2.691274276003241539e-03
1.252628087997436523e+00,2.146699905395507812e+00,6.271013736724853516e+00,9.999893903732299805e-01,2.645096741616725922e-03,-2.089356770738959312e-03,-3.145103808492422104e-03
1.380235791206359863e+00,7.256610393524169922e+00,6.198658466339111328e+00,9.999977946281433105e-01,-1.137693529017269611e-03,1.173297408968210220e-03,1.352822873741388321e-03
6.479745864868164062e+00,7.428974151611328125e+00,6.503885746002197266e+00,9.999997019767761230e-01,-3.461059823166579008e-04,3.468299400992691517e-04,6.926100468263030052e-04
3.436815738677978516e+00,1.035123229026794434e+00,2.701649665832519531e+00,9.999961256980895996e-01,2.699564443901181221e-03,-6.438365089707076550e-04,-3.430225187912583351e-04
5.800545215606689453e+00,1.402609467506408691e+00,1.639845252037048340e+00,9.999965429306030273e-01,-1.269243541173636913e-03,-9.563899948261678219e-04,-2.135680057108402252e-03
7.456715583801269531e+00,2.160642385482788086e+00,1.641597747802734375e+00,9.999936223030090332e-01,1.337100751698017120e-03,-1.581264892593026161e-03,-2.910421229898929596e-03
4.346677303314208984e+00,6.648267745971679688e+00,6.943711757659912109e+00,9.999198317527770996e-01,-1.276763359783217311e-04,-1.435782411135733128e-03,-1.258313469588756561e-02
4.938083648681640625e+00,2.925984621047973633e+00,6.842750072479248047e+00,9.998569488525390625e-01,-1.631169393658638000e-02,-2.470459090545773506e-03,3.743772394955158234e-03
1.190698385238647461e+00,5.120975494384765625e+00,6.754256725311279297e+00,9.999338984489440918e-01,1.222470542415976524e-03,9.842470288276672363e-03,5.822937469929456711e-03
1.907649755477905273e+00,3.342498302459716797e+00,7.360430717468261719e+00,9.995869994163513184e-01,-2.474264800548553467e-02,-1.452511828392744064e-02,1.614404027350246906e-03
7.045816421508789062e+00,4.524885177612304688e+00,1.959364652633666992e+00,9.998714327812194824e-01,5.852855974808335304e-04,3.324518213048577309e-03,1.567965932190418243e-02
5.366078853607177734e+00,2.047980546951293945e+00,3.911898374557495117e+00,9.999998211860656738e-01,5.074882647022604942e-04,3.577219031285494566e-04,9.341748409497085959e-06
1.081708788871765137e+00,3.224101543426513672e+00,7.151257038116455078e+00,9.999973773956298828e-01,-4.754577239509671926e-04,-1.448844559490680695e-03,-1.751407748088240623e-03
5.199501991271972656e+00,2.553099393844604492e+00,6.310519695281982422e+00,9.999996423721313477e-01,4.228640464134514332e-04,7.499476196244359016e-04,2.550579665694385767e-04
1.788180708885192871e+00,6.884640216827392578e+00,6.432209968566894531e+00,9.999968409538269043e-01,2.421044977381825447e-03,5.760130006819963455e-04,4.414808063302189112e-04
2.641564846038818359e+00,3.927948236465454102e+00,4.722331047058105469e+00,9.999994635581970215e-01,-8.645106572657823563e-04,-2.210726961493492126e-04,-6.452646921388804913e-04
3.860486030578613281e+00,1.172582745552062988e+00,4.939360618591308594e+00,9.999736547470092773e-01,-4.866092931479215622e-03,-5.309075582772493362e-03,-9.526234935037791729e-04
1.138260483741760254e+00,2.465105295181274414e+00,4.574579715728759766e+00,9.999997615814208984e-01,-6.423774757422506809e-04,-2.309407427674159408e-04,4.137401119805872440e-04
4.172307848930358887e-01,1.701073765754699707e+00,2.461520910263061523e+00,1.000000000000000000e+00,-4.389467721921391785e-05,-8.141555736074224114e-05,-1.101313828257843852e-04
5.437663078308105469e+00,7.174693107604980469e+00,2.817577362060546875e+00,9.999997019767761230e-01,-8.654414705233648419e-05,2.286144735990092158e-04,-8.148680790327489376e-04
3.728399276733398438e+00,2.047099828720092773e+00,2.293113470077514648e+00,9.999927878379821777e-01,-3.126565832644701004e-03,-1.483682426624000072e-03,-1.555609283968806267e-03
1.532094717025756836e+00,4.069381237030029297e+00,1.196677327156066895e+00,9.999999403953552246e-01,1.868192775873467326e-04,2.466938458383083344e-04,2.530905185267329216e-04
7.215322017669677734e+00,1.770779013633728027e+00,6.387265682220458984e+00,9.999116063117980957e-01,-7.700810674577951431e-03,1.081095822155475616e-02,8.139525889419019222e-04
5.246885418891906738e-01,7.094355106353759766e+00,5.343650341033935547e+00,9.999975562095642090e-01,-2.181365387514233589e-03,-4.102062084712088108e-04,2.265720104333013296e-04
6.473022937774658203e+00,4.017983973026275635e-01,1.604880452156066895e+00,9.999425411224365234e-01,-1.069733314216136932e-02,-6.313582416623830795e-04,-4.458759212866425514e-04
2.572141408920288086e+00,4.547583103179931641e+00,1.424212694168090820e+00,9.999995231628417969e-01,6.225635297596454620e-04,-1.669550101723871194e-06,8.211389649659395218e-04
1.473573207855224609e+00,2.011505126953125000e+00,5.126332283020019531e+00,9.999982714653015137e-01,-1.325491757597774267e-04,-7.346457568928599358e-04,1.746344263665378094e-03
4.718658447265625000e+00,1.687071025371551514e-01,4.517468929290771484e+00,9.998976588249206543e-01,4.010721575468778610e-03,1.169316377490758896e-02,7.207328453660011292e-03
3.174752235412597656e+00,6.856060028076171875e+00,2.422349929809570312e+00,9.999970197677612305e-01,-1.111970399506390095e-03,-5.662295734509825706e-04,2.145524136722087860e-03
1.304184198379516602e+00,3.265227377414703369e-01,7.076119422912597656e+00,9.999815821647644043e-01,-5.560910329222679138e-03,1.778882229700684547e-03,1.671073376201093197e-03
7.385452747344970703e+00,1.590734869241714478e-01,5.238342285156250000e+00,9.999938607215881348e-01,-3.226465545594692230e-03,-5.199450697546126321e-06,-1.365127973258495331e-03
5.378490447998046875e+00,8.969860076904296875e-01,2.885392427444458008e+00,9.999955892562866211e-01,-9.289510198868811131e-04,1.797218574211001396e-03,2.206181641668081284e-03
3.867390394210815430e+00,5.802931308746337891e+00,6.011702537536621094e+00,9.999987483024597168e-01,1.251483801752328873e-03,-3.587200189940631390e-04,-9.678684291429817677e-04
2.944293022155761719e+00,6.532669067382812500e+00,6.208591938018798828e+00,9.999997615814208984e-01,6.192076398292556405e-05,3.037596179638057947e-04,6.666919216513633728e-04
1.177623510360717773e+00,3.552733063697814941e-01,4.933902263641357422e+00,9.998744726181030273e-01,-5.017617251724004745e-03,1.265309844166040421e-02,-8.109428919851779938e-03
1.869319319725036621e+00,2.365899085998535156e+00,2.032643795013427734e+00,9.999729394912719727e-01,-9.235343313775956631e-04,-1.597987604327499866e-03,-7.120779715478420258e-03
6.009172439575195312e+00,4.909118652343750000e+00,9.999994039535522461e-01,9.999966025352478027e-01,-3.470262454356998205e-04,-2.451033564284443855e-03,8.344771922565996647e-04
7.451909542083740234e+00,6.594791412353515625e+00,7.112892150878906250e+00,9.999986290931701660e-01,-1.353152096271514893e-03,4.179238749202340841e-04,-9.148929966613650322e-04
6.663859367370605469e+00,6.142046451568603516e+00,4.181299209594726562e+00,9.999958872795104980e-01,-2.773340558633208275e-03,-3.614409943111240864e-04,-7.463788497261703014e-04
5.334041118621826172e+00,5.253659486770629883e-01,7.054495334625244141e+00,9.998783469200134277e-01,8.743404410779476166e-03,9.822088293731212616e-03,8.389319293200969696e-03
5.519599437713623047e+00,5.519183635711669922e+00,3.549734354019165039e+00,9.999009966850280762e-01,-4.358192905783653259e-03,1.217795535922050476e-02,5.540506914258003235e-03
5.126944541931152344e+00,5.674943923950195312e+00,7.236092567443847656e+00,9.999937415122985840e-01,1.722829765640199184e-04,2.590462099760770798e-03,2.415179740637540817e-03
5.790500640869140625e+00,3.907917976379394531e+00,3.160176277160644531e-01,9.999784827232360840e-01,9.018670534715056419e-04,-6.286462303251028061e-03,1.635817578062415123e-03
3.991467237472534180e+00,5.840909957885742188e+00,5.248518466949462891e+00,9.999988079071044922e-01,1.416218699887394905e-03,-6.880123401060700417e-04,-2.370704805798595771e-06
1.426227927207946777e+00,4.704428672790527344e+00,4.532819271087646484e+00,9.999806284904479980e-01,-2.071328694000840187e-03,5.818195175379514694e-03,-8.176510455086827278e-04
4.973850250244140625e+00,6.372547149658203125e+00,7.109377384185791016e+00,9.999912977218627930e-01,3.773163305595517159e-03,-1.671659876592457294e-03,6.143577629700303078e-04
3.322591781616210938e+00,7.203815460205078125e+00,5.313581466674804688e+00,9.999998211860656738e-01,-6.131329573690891266e-04,-1.490116846980527043e-04,-2.408505533821880817e-04
3.613193988800048828e+00,3.473038911819458008e+00,2.058389902114868164e+00,9.999990463256835938e-01,1.297282637096941471e-03,1.032391228363849223e-04,-6.074191769585013390e-04
5.415630340576171875e+00,5.395815849304199219e+00,3.831699132919311523e+00,9.998883008956909180e-01,-1.734616234898567200e-03,1.228464581072330475e-02,8.343985304236412048e-03
6.469908714294433594e+00,4.446851730346679688e+00,5.578540325164794922e+00,1.000000000000000000e+00,2.995086251758038998e-04,2.282346395077183843e-04,-2.125280152540653944e-04
4.151446819305419922e+00,7.448706626892089844e+00,6.353105545043945312e+00,9.999989867210388184e-01,6.625664536841213703e-04,-2.572665107436478138e-04,-1.290993764996528625e-03
6.291818022727966309e-01,5.017513751983642578e+00,1.050476312637329102e+00,9.999033808708190918e-01,1.042324467562139034e-03,-1.027887500822544098e-02,-9.304168634116649628e-03
4.677471518516540527e-01,5.571025848388671875e+00,5.476336956024169922e+00,9.999914765357971191e-01,-2.415507100522518158e-03,1.199414255097508430e-03,-3.138936357572674751e-03
5.984408855438232422e+00,4.937482357025146484e+00,4.800893306732177734e+00,9.999656081199645996e-01,8.204044774174690247e-03,1.456267636967822909e-04,1.219495898112654686e-03
1.357923150062561035e+00,1.632349371910095215e+00,1.662346124649047852e+00,9.999963045120239258e-01,-2.043354033958166838e-04,-1.874472072813659906e-04,-2.718111500144004822e-03
3.605286836624145508e+00,6.188450336456298828e+00,3.903911590576171875e+00,9.999688267707824707e-01,7.347090868279337883e-04,7.767554838210344315e-03,1.227133907377719879e-03
1.746362447738647461e+00,3.209780216217041016e+00,7.033152103424072266e+00,9.999979138374328613e-01,-8.723292849026620388e-04,-8.597546839155256748e-04,1.671238453127443790e-03
1.072182059288024902e-01,9.160547256469726562e-01,2.754727125167846680e+00,9.999993443489074707e-01,-2.048085007118061185e-04,-9.855544194579124451e-04,-6.625924143008887768e-04
2.718057632446289062e+00,2.245748758316040039e+00,5.137286663055419922e+00,9.999983310699462891e-01,-2.535094099584966898e-04,1.653763581998646259e-03,-7.559221703559160233e-04
2.817373752593994141e+00,5.707867622375488281e+00,6.167438507080078125e+00,9.999733567237854004e-01,-3.051577601581811905e-03,4.501999821513891220e-03,-4.874366335570812225e-03
4.119766235351562500e+00,3.657462596893310547e+00,1.156123280525207520e+00,9.999996423721313477e-01,3.794931108132004738e-04,-6.707442225888371468e-04,2.900241815950721502e-04
2.413426399230957031e+00,3.133172750473022461e+00,4.243691444396972656e+00,9.999939799308776855e-01,1.089016092009842396e-03,-1.291388616664335132e-04,3.317256458103656769e-03
1.492312192916870117e+00,4.807489395141601562e+00,1.819951295852661133e+00,9.999937415122985840e-01,-2.371590817347168922e-03,8.385579712921753526e-05,2.636623103171586990e-03
5.016226291656494141e+00,4.915441036224365234e+00,3.457926034927368164e+00,9.999980330467224121e-01,-1.302954507991671562e-03,-1.448586117476224899e-03,-5.116657703183591366e-04
2.586168050765991211e+00,7.464141845703125000e+00,8.470331132411956787e-02,9.999821186065673828e-01,-2.683381782844662666e-03,6.609007832594215870e-04,-5.301302298903465271e-03
4.694152832031250000e+00,2.065614223480224609e+00,3.716899871826171875e+00,9.999998807907104492e-01,4.922088701277971268e-04,-9.700645023258402944e-05,1.931438600877299905e-04
3.033885240554809570e+00,9.157832711935043335e-02,2.940393447875976562e+00,9.999989271163940430e-01,8.337182225659489632e-04,-7.336005801334977150e-04,-1.019441639073193073e-03
2.135024547576904297e+00,3.750099658966064453e+00,2.579653739929199219e+00,9.999962449073791504e-01,2.392455702647566795e-03,-7.725739851593971252e-04,1.070678699761629105e-03
9.854984283447265625e-01,2.298099249601364136e-01,5.214059352874755859e+00,9.999949932098388672e-01,2.449912717565894127e-03,1.730688265524804592e-03,-1.057967077940702438e-03
5.511714935302734375e+00,3.090512037277221680e+00,4.085601329803466797e+00,9.997293353080749512e-01,2.305070683360099792e-02,-7.010693661868572235e-04,3.086001379415392876e-03
5.101467132568359375e+00,6.744397163391113281e+00,5.325340270996093750e+00,9.999938607215881348e-01,-1.352578867226839066e-03,-2.179862931370735168e-03,-2.385687548667192459e-03
3.017656326293945312e+00,2.005553722381591797e+00,5.327935218811035156e+00,9.999932050704956055e-01,2.531035861466079950e-04,2.014224184677004814e-03,-3.078233450651168823e-03
7.028993368148803711e-01,4.404286861419677734e+00,4.916026592254638672e+00,9.999975562095642090e-01,1.800631987862288952e-03,-8.152533555403351784e-04,-1.063225208781659603e-03
7.059378623962402344e+00,5.713689327239990234e+00,9.780146479606628418e-01,9.999904632568359375e-01,7.260892307385802269e-04,4.023966379463672638e-03,-1.533988513983786106e-03
2.417769670486450195e+00,6.637967109680175781e+00,1.569567561149597168e+00,9.999856948852539062e-01,3.362268675118684769e-03,2.492603925929870456e-05,-4.155994392931461334e-03
2.101200103759765625e+00,2.674659252166748047e+00,2.500389814376831055e+00,9.999966621398925781e-01,-9.313167538493871689e-04,-2.059406833723187447e-03,-1.270829699933528900e-03
4.605134487152099609e+00,5.691285610198974609e+00,9.785741567611694336e-01,9.999909996986389160e-01,-3.228520508855581284e-04,1.313456683419644833e-03,-4.027517512440681458e-03
3.842206239700317383e+00,6.808287620544433594e+00,6.928104877471923828e+00,9.999597072601318359e-01,1.341939670965075493e-03,6.784233730286359787e-03,-5.726514849811792374e-03
1.058965206146240234e+00,4.960886478424072266e+00,3.563516616821289062e+00,9.999973177909851074e-01,-1.166907837614417076e-03,1.911079511046409607e-03,6.864308961667120457e-04
3.078810214996337891e+00,5.635056495666503906e+00,3.460334300994873047e+00,9.999983906745910645e-01,1.474140677601099014e-03,1.006777049042284489e-03,3.646058903541415930e-04
1.876081943511962891e+00,7.213013172149658203e+00,4.072525024414062500e+00,9.999951720237731934e-01,1.464244793169200420e-03,1.243889913894236088e-03,2.476576250046491623e-03
3.892408609390258789e-01,2.840488433837890625e+00,2.011096000671386719e+00,9.998267292976379395e-01,8.234107517637312412e-04,1.623240299522876740e-03,-1.852628961205482483e-02
6.016461849212646484e+00,4.207868576049804688e+00,4.165343761444091797e+00,9.999983906745910645e-01,-9.732775506563484669e-04,1.630096085136756301e-04,-1.552717527374625206e-03
5.562896728515625000e+00,2.196815490722656250e+00,4.219857215881347656e+00,9.999914765357971191e-01,1.613155909581109881e-04,4.763166944030672312e-04,4.099480807781219482e-03
1.894592046737670898e+00,6.577256202697753906e+00,3.210783720016479492e+00,9.999903440475463867e-01,-3.886919934302568436e-03,-1.662858994677662849e-03,-1.257093623280525208e-03
3.716179609298706055e+00,5.656980514526367188e+00,8.891148865222930908e-02,9.999902248382568359e-01,-4.196865484118461609e-03,6.458887364715337753e-04,-1.287344959564507008e-03
7.461076974868774414e-01,1.012235999107360840e+00,4.131665229797363281e+00,9.999603629112243652e-01,-2.917814766988158226e-03,-4.417609889060258865e-03,-7.168857380747795105e-03
3.650149106979370117e+00,1.542293787002563477e+00,2.145044088363647461e+00,9.999994635581970215e-01,-2.015434147324413061e-04,-1.077530323527753353e-03,-4.493015148909762502e-05
5.206875801086425781e+00,5.356747627258300781e+00,5.886726856231689453e+00,9.999912381172180176e-01,2.106396015733480453e-03,3.416392719373106956e-03,-1.180794439278542995e-03
1.097959756851196289e+00,1.218380928039550781e+00,7.388387680053710938e+00,9.999973177909851074e-01,3.764664870686829090e-05,-1.726629678159952164e-03,1.568063162267208099e-03
2.648451089859008789e+00,5.060723304748535156e+00,6.860817432403564453e+00,9.999821186065673828e-01,1.526968553662300110e-04,-3.522620070725679398e-03,-4.835262428969144821e-03
4.013845324516296387e-01,4.720932960510253906e+00,6.456986427307128906e+00,9.999986290931701660e-01,9.119798196479678154e-04,1.354559673927724361e-03,-3.914978296961635351e-04
4.019742488861083984e+00,6.509739160537719727e-01,6.280227184295654297e+00,9.999039769172668457e-01,2.845774870365858078e-03,1.333429291844367981e-02,-2.494890941306948662e-03
5.593553066253662109e+00,3.415578365325927734e+00,4.859801769256591797e+00,9.999920129776000977e-01,1.500138547271490097e-03,-2.791801700368523598e-03,2.460888121277093887e-03
1.453543543815612793e+00,7.451958656311035156e+00,5.621142864227294922e+00,9.999994039535522461e-01,4.295318503864109516e-04,-1.056736218743026257e-03,-1.164474451798014343e-04
3.892951309680938721e-01,3.655070364475250244e-01,3.416280031204223633e+00,9.999219179153442383e-01,2.981144003570079803e-03,1.213927660137414932e-02,-7.797982834745198488e-05
6.374321460723876953e+00,6.483937740325927734e+00,3.674022912979125977e+00,9.999888539314270020e-01,2.338959835469722748e-03,3.619161900132894516e-03,-1.933846739120781422e-03
6.501394748687744141e+00,4.634306430816650391e+00,1.529831051826477051e+00,9.999546408653259277e-01,5.076232366263866425e-03,-4.438546486198902130e-03,-6.733176298439502716e-03
5.757671356201171875e+00,7.252050399780273438e+00,3.033236026763916016e+00,9.999985098838806152e-01,7.323960016947239637e-05,6.135046132840216160e-04,-1.645392156206071377e-03
4.775098860263824463e-01,5.588413238525390625e+00,3.472892999649047852e+00,9.999995827674865723e-01,-4.182094126008450985e-04,-6.016360712237656116e-04,6.721317768096923828e-04
1.188023567199707031e+00,1.946753501892089844e+00,4.499421119689941406e+00,9.999995827674865723e-01,5.221530445851385593e-04,-8.133590454235672951e-04,-2.693854912649840117e-04
2.135709047317504883e+00,3.492448091506958008e+00,1.915783762931823730e+00,9.999666810035705566e-01,5.346975289285182953e-03,2.139416523277759552e-03,-5.782703403383493423e-03
2.390469789505004883e+00,3.976196050643920898e-01,6.109185695648193359e+00,9.999986886978149414e-01,2.758325135800987482e-04,1.415887265466153622e-03,7.698881672695279121e-04
5.860620021820068359e+00,9.171674251556396484e-01,2.498522281646728516e+00,9.999986290931701660e-01,-9.790901094675064087e-05,1.670080586336553097e-03,2.927939349319785833e-04
3.026191711425781250e+00,3.275879383087158203e+00,6.260432243347167969e+00,9.999995827674865723e-01,7.955701439641416073e-04,4.064662789460271597e-04,4.240100679453462362e-04
1.855702042579650879e+00,4.880720078945159912e-01,1.973048686981201172e+00,9.999974966049194336e-01,8.574603125452995300e-04,-9.021299192681908607e-04,-1.838978263549506664e-03
6.120511054992675781e+00,7.172307372093200684e-01,5.162624835968017578e+00,9.999040961265563965e-01,-9.063660167157649994e-03,1.043334789574146271e-02,-9.575444855727255344e-04
1.819079279899597168e+00,2.439271688461303711e+00,6.528426170349121094e+00,9.998053312301635742e-01,-1.201309030875563622e-03,7.816953584551811218e-03,1.807588338851928711e-02
6.303491592407226562e-01,6.570559978485107422e+00,3.954589843750000000e+00,9.999958872795104980e-01,8.824864635244011879e-04,2.671690192073583603e-03,5.816420889459550381e-04
2.533626794815063477e+00,2.981839895248413086e+00,3.126307949423789978e-02,9.999995827674865723e-01,9.392855572514235973e-04,3.846933541353791952e-04,7.141803507693111897e-05
1.294538736343383789e+00,3.631223201751708984e+00,3.938032150268554688e+00,9.999997019767761230e-01,1.284205354750156403e-04,5.809185677208006382e-04,-5.557253025472164154e-04
1.661462664604187012e+00,2.411315202713012695e+00,7.193816304206848145e-01,9.999977350234985352e-01,-1.694254926405847073e-03,-3.748646413441747427e-04,1.269672531634569168e-03
2.280340433120727539e+00,4.309569299221038818e-01,3.464409828186035156e+00,9.999998211860656738e-01,5.366940604289993644e-05,-4.681086575146764517e-04,-4.197006055619567633e-04
2.062289237976074219e+00,1.597500920295715332e+00,6.695757061243057251e-02,9.999927282333374023e-01,2.768540754914283752e-03,-2.638689707964658737e-03,-7.962537347339093685e-05
5.254128932952880859e+00,1.394805312156677246e+00,1.299471497535705566e+00,9.999943971633911133e-01,-1.995575148612260818e-03,-2.480510156601667404e-03,1.088229357264935970e-03
4.285824775695800781e+00,2.404902935028076172e+00,2.867154598236083984e+00,9.999998807907104492e-01,-3.234888717997819185e-04,-1.089997676899656653e-04,5.194936529733240604e-04
3.602222204208374023e-01,7.229071617126464844e+00,7.121458530426025391e+00,9.998000860214233398e-01,-6.389942485839128494e-03,1.813455484807491302e-02,5.493139848113059998e-03
2.165034055709838867e+00,5.121949672698974609e+00,5.725534915924072266e+00,9.999883174896240234e-01,-4.809631966054439545e-03,-5.483316490426659584e-04,1.440039486624300480e-04
1.160564184188842773e+00,6.212672710418701172e+00,4.527442455291748047e+00,9.999909996986389160e-01,-3.648299491032958031e-03,2.155148191377520561e-03,3.717680519912391901e-04
6.849032402038574219e+00,3.649329900741577148e+00,5.340112686157226562e+00,9.998663663864135742e-01,-2.343212254345417023e-04,7.530626375228166580e-03,1.451188884675502777e-02
4.514915943145751953e+00,6.239627838134765625e+00,5.589527606964111328e+00,9.999979734420776367e-01,-2.005426445975899696e-03,-1.744906330714002252e-04,3.217938356101512909e-04
3.497179031372070312e+00,4.208930492401123047e+00,5.673414707183837891e+00,9.999998211860656738e-01,3.861670484184287488e-05,4.988521686755120754e-04,-5.237299483269453049e-04
2.086992979049682617e+00,4.801269531250000000e+00,3.482520580291748047e+00,9.999995231628417969e-01,7.020892226137220860e-04,-7.627990562468767166e-04,-1.382202317472547293e-04
1.534089207649230957e+00,5.730105400085449219e+00,3.477780103683471680e+00,9.999961853027343750e-01,-2.305797301232814789e-03,1.146721537224948406e-03,-1.067337929271161556e-03
4.264914512634277344e+00,6.817264556884765625e+00,3.107131004333496094e+00,9.998763799667358398e-01,-1.025878917425870895e-02,-8.655942045152187347e-03,-8.190839551389217377e-03
7.275854110717773438e+00,7.319976806640625000e+00,6.165497779846191406e+00,9.999792575836181641e-01,3.230195725336670876e-03,3.353073261678218842e-03,4.465390462428331375e-03
3.803756237030029297e+00,5.569116115570068359e+00,3.184468030929565430e+00,9.999979734420776367e-01,1.103891641832888126e-03,-1.392701640725135803e-03,1.001202734187245369e-03
1.124134421348571777e+00,8.899789452552795410e-01,2.980822086334228516e+00,9.999710917472839355e-01,2.090546768158674240e-03,-7.295627146959304810e-03,-5.707747768610715866e-04
2.143485069274902344e+00,9.746549129486083984e-01,1.062674403190612793e+00,9.999918937683105469e-01,-1.322914613410830498e-04,-3.038147464394569397e-03,2.629653783515095711e-03
2.296490907669067383e+00,5.987071037292480469e+00,7.280818939208984375e+00,9.999885559082031250e-01,-2.574432175606489182e-03,-3.979845903813838959e-03,-7.534445612691342831e-04
4.343070030212402344e+00,5.500867962837219238e-01,5.185425758361816406e+00,9.999998211860656738e-01,4.121424572076648474e-04,-4.589571035467088223e-04,-3.406273390282876790e-05
6.774924397468566895e-01,1.826401829719543457e+00,3.276132822036743164e+00,9.999958276748657227e-01,-1.871372805908322334e-04,-1.870472333393990993e-03,-2.211448736488819122e-03
1.750802755355834961e+00,5.987513065338134766e+00,7.474954128265380859e+00,9.999997019767761230e-01,6.812712526880204678e-04,-2.073676441796123981e-04,-4.856581217609345913e-04
2.923353195190429688e+00,6.631880283355712891e+00,2.013688564300537109e+00,9.999997019767761230e-01,-2.741517964750528336e-04,-6.108898669481277466e-04,-4.894613521173596382e-04
3.682438611984252930e+00,3.547271966934204102e+00,3.013827323913574219e+00,9.999987483024597168e-01,6.566178053617477417e-04,-1.286355662159621716e-03,-6.903838366270065308e-04
6.057942390441894531e+00,5.207126617431640625e+00,2.878254175186157227e+00,9.999998807907104492e-01,-8.055501530179753900e-05,2.479474642314016819e-04,5.191255477257072926e-04
2.907605409622192383e+00,3.738160133361816406e+00,8.317983895540237427e-02,9.999685883522033691e-01,-5.759101826697587967e-03,-1.852842397056519985e-03,5.118570756167173386e-03
4.224816799163818359e+00,6.514476299285888672e+00,5.232657432556152344e+00,9.997811317443847656e-01,-2.858011983335018158e-03,9.006938897073268890e-03,-1.866719685494899750e-02
2.566344976425170898e+00,8.779663443565368652e-01,2.249529600143432617e+00,9.999939203262329102e-01,-2.100297249853610992e-03,2.294568810611963272e-03,1.631180755794048309e-03
2.086889743804931641e+00,6.455122947692871094e+00,1.384580850601196289e+00,9.999188184738159180e-01,-1.229646895080804825e-02,3.198360325768589973e-03,1.012278604321181774e-03
7.274329185485839844e+00,4.672474861145019531e+00,2.312393426895141602e+00,9.999974966049194336e-01,7.791912648826837540e-04,-9.953442495316267014e-04,1.846314291469752789e-03
6.284541606903076172e+00,4.268109321594238281e+00,1.953129768371582031e+00,9.999982714653015137e-01,-8.541026036255061626e-04,1.576159615069627762e-03,-5.561291472986340523e-04
3.520560562610626221e-01,6.871268749237060547e+00,4.772398471832275391e+00,9.999945759773254395e-01,-1.898908289149403572e-03,2.290523378178477287e-03,1.469530630856752396e-03
6.158027648925781250e+00,7.343164920806884766e+00,1.516016125679016113e+00,9.999917745590209961e-01,1.602900796569883823e-03,-3.658349625766277313e-03,7.664469303563237190e-04
4.507654905319213867e-01,1.604056596755981445e+00,3.446099042892456055e+00,9.999862313270568848e-01,-2.711909823119640350e-03,-2.794855041429400444e-03,3.537429729476571083e-03
7.329203128814697266e+00,1.460298180580139160e+00,4.414424896240234375e+00,9.999995827674865723e-01,-5.641650641337037086e-04,-7.995044579729437828e-04,-6.164413207443431020e-05
7.376998066902160645e-01,5.680103778839111328e+00,1.585560798645019531e+00,9.999763965606689453e-01,1.841900753788650036e-03,-6.280472036451101303e-03,2.102159196510910988e-03
3.668963909149169922e+00,4.721046924591064453e+00,2.375784158706665039e+00,9.999991059303283691e-01,1.202379120513796806e-03,6.565829389728605747e-04,7.533754251198843122e-05
4.327105045318603516e+00,5.413805961608886719e+00,1.166199684143066406e+00,9.999668002128601074e-01,-7.099815644323825836e-03,2.699543256312608719e-03,2.950941445305943489e-03
1.673718571662902832e+00,6.351174354553222656e+00,5.289191246032714844e+00,9.999751448631286621e-01,-6.990433204919099808e-03,9.848383488133549690e-04,-2.273932477692142129e-04
7.051997661590576172e+00,5.486520290374755859e+00,4.369308471679687500e+00,9.999997615814208984e-01,3.359503753017634153e-04,-3.069478261750191450e-04,4.834942228626459837e-04
2.472814545035362244e-02,8.621116876602172852e-01,1.117309451103210449e+00,9.999946951866149902e-01,-4.438998294062912464e-04,-3.171418095007538795e-03,5.716982414014637470e-04
5.629713535308837891e+00,6.056912541389465332e-01,4.696371555328369141e+00,9.999954700469970703e-01,-5.259327590465545654e-04,2.606714842841029167e-03,1.429523807018995285e-03
8.073558211326599121e-01,2.603801727294921875e+00,1.725401997566223145e+00,9.998839497566223145e-01,-9.018935263156890869e-03,1.036180928349494934e-02,-6.593292113393545151e-03
3.294033288955688477e+00,3.047768831253051758e+00,6.482634544372558594e-01,9.999685883522033691e-01,1.653439714573323727e-03,4.303682595491409302e-03,-6.446469109505414963e-03
4.696608066558837891e+00,6.750136375427246094e+00,9.916414022445678711e-01,9.998914003372192383e-01,6.651387084275484085e-03,-4.327981732785701752e-03,1.242237258702516556e-02
1.534886479377746582e+00,2.780288219451904297e+00,6.255996227264404297e-01,9.999764561653137207e-01,4.482260905206203461e-03,-5.053777247667312622e-03,-1.261456869542598724e-03
6.998363971710205078e+00,7.488860607147216797e+00,2.804860830307006836e+00,9.999931454658508301e-01,-1.154995174147188663e-03,-2.403614576905965805e-03,2.577658742666244507e-03
6.275330543518066406e+00,2.319216579198837280e-01,4.619282722473144531e+00,9.999952316284179688e-01,-2.528057666495442390e-03,-1.806008396670222282e-03,1.182327760034240782e-04
1.125549793243408203e+00,2.647261619567871094e+00,1.753971099853515625e+00,9.998043179512023926e-01,4.113525210414081812e-04,-8.508211001753807068e-03,-1.785437576472759247e-02
1.325190305709838867e+00,4.290274620056152344e+00,6.021206855773925781e+00,9.999959468841552734e-01,-2.375201554968953133e-03,-1.036240370012819767e-03,-1.244464772753417492e-03
4.736166477203369141e+00,1.855174422264099121e+00,4.218499183654785156e+00,9.999994635581970215e-01,4.204808283247984946e-05,1.033553155139088631e-03,-3.975014260504394770e-04
7.282117366790771484e+00,6.146797180175781250e+00,3.395974397659301758e+00,9.999974966049194336e-01,-1.337013673037290573e-03,-5.243637715466320515e-04,1.756511512212455273e-03
4.991857528686523438e+00,6.353333473205566406e+00,3.226398229598999023e+00,9.999926090240478516e-01,2.364129526540637016e-03,8.894347120076417923e-04,2.903599990531802177e-03
5.725308418273925781e+00,4.050372600555419922e+00,5.423293113708496094e+00,9.999895095825195312e-01,-4.347291309386491776e-03,1.279777265153825283e-03,-7.210273761302232742e-04
2.289906978607177734e+00,6.508985519409179688e+00,2.195899724960327148e+00,9.998123049736022949e-01,1.319623086601495743e-02,4.911725409328937531e-03,1.330380421131849289e-02
4.919497013092041016e+00,6.661379814147949219e+00,3.382713556289672852e+00,9.999887347221374512e-01,-4.065370885655283928e-04,6.275911582633852959e-04,4.686074797064065933e-03
6.087358474731445312e+00,3.190625429153442383e+00,6.324597358703613281e+00,9.999984502792358398e-01,8.054405916482210159e-04,-4.398563760332763195e-04,-1.541957608424127102e-03
1.098246216773986816e+00,6.884057998657226562e+00,3.117207765579223633e+00,9.999684691429138184e-01,2.461474621668457985e-03,4.754426423460245132e-03,-5.872221197932958603e-03
1.611659049987792969e+00,4.865692615509033203e+00,3.578142642974853516e+00,9.999490380287170410e-01,4.410314373672008514e-03,3.887926228344440460e-03,8.208557032048702240e-03
2.699498176574707031e+00,4.763259887695312500e+00,6.296115398406982422e+00,9.999355077743530273e-01,7.165209390223026276e-03,8.736917749047279358e-03,1.140728243626654148e-03
6.479213714599609375e+00,6.582951545715332031e+00,2.263859748840332031e+00,9.999514818191528320e-01,-3.352271160110831261e-04,-6.944932974874973297e-03,-6.978553719818592072e-03
2.727313637733459473e-01,4.793040752410888672e+00,7.362073898315429688e+00,9.999898076057434082e-01,3.182778833433985710e-03,1.074685133062303066e-03,-3.023505443707108498e-03
1.007394909858703613e+00,4.255865573883056641e+00,3.989270448684692383e+00,9.999957084655761719e-01,2.296742517501115799e-03,-1.794411684386432171e-03,-3.977391461376100779e-04
6.337103366851806641e+00,4.108711719512939453e+00,4.197534561157226562e+00,9.999898672103881836e-01,2.691804664209485054e-03,1.068806450348347425e-04,-3.624836681410670280e-03
1.422392606735229492e+00,6.673098206520080566e-01,7.277229785919189453e+00,9.999989867210388184e-01,1.314375433139503002e-03,-4.206626908853650093e-04,4.927204572595655918e-04
4.754148483276367188e+00,5.039639472961425781e+00,5.230850696563720703e+00,9.999080300331115723e-01,-4.160493146628141403e-03,-8.547974750399589539e-03,9.669763036072254181e-03
3.543921947479248047e+00,2.299045324325561523e+00,2.647896528244018555e+00,9.999440312385559082e-01,7.089313119649887085e-03,4.198803508188575506e-04,-7.841275073587894440e-03
5.050821304321289062e+00,4.105486869812011719e+00,2.745918989181518555e+00,9.999974370002746582e-01,1.468876493163406849e-03,1.578903174959123135e-03,6.984962965361773968e-04
6.149605751037597656e+00,3.789886474609375000e+00,6.500260829925537109e+00,9.999464750289916992e-01,7.460168562829494476e-03,-7.170695345848798752e-03,-3.592628927435725927e-04
6.161349296569824219e+00,2.152240753173828125e+00,7.404823303222656250e+00,9.998443722724914551e-01,7.827971130609512329e-03,5.991530604660511017e-03,-1.463470235466957092e-02
8.009629845619201660e-01,5.168811321258544922e+00,3.039532601833343506e-01,9.999999403953552246e-01,1.104152324842289090e-04,2.820091613102704287e-04,-4.176554793957620859e-04
2.335088014602661133e+00,7.372486591339111328e+00,4.172425270080566406e+00,9.998606443405151367e-01,1.189206074923276901e-02,6.331331562250852585e-03,-9.860216639935970306e-03
4.663015842437744141e+00,5.980343818664550781e+00,1.111058831214904785e+00,9.999901652336120605e-01,-1.068422454409301281e-03,1.041547046042978764e-03,-4.193905275315046310e-03
1.944865584373474121e+00,2.643733501434326172e+00,1.587023973464965820e+00,9.999573230743408203e-01,-2.161554675694787875e-06,2.265483606606721878e-03,8.955415338277816772e-03
1.388285905122756958e-01,1.961228609085083008e+00,5.971101760864257812e+00,9.999990463256835938e-01,-1.051372615620493889e-03,7.152614416554570198e-04,-6.122706108726561069e-04
7.492690086364746094e+00,5.712204456329345703e+00,5.120188713073730469e+00,9.999788999557495117e-01,-2.641306025907397270e-03,-3.527953289449214935e-03,-4.774854984134435654e-03
5.851177215576171875e+00,5.085204601287841797e+00,6.987132072448730469e+00,9.999848604202270508e-01,-9.178425534628331661e-04,3.805312560871243477e-03,-3.868283238261938095e-03
2.622119665145874023e+00,1.114020586013793945e+00,4.153280735015869141e+00,9.999969601631164551e-01,-9.125575161306187510e-05,5.424660630524158478e-04,2.431936794891953468e-03
2.779069185256958008e+00,2.041008234024047852e+00,9.912279248237609863e-01,9.999970793724060059e-01,-1.053200452588498592e-03,-5.620213341899216175e-04,-2.134512411430478096e-03
1.376312613487243652e+00,6.529462337493896484e+00,6.292218685150146484e+00,9.999826550483703613e-01,5.851087160408496857e-03,-4.611190233845263720e-04,-4.936732584610581398e-04
3.575752735137939453e+00,2.049329757690429688e+00,7.238782048225402832e-01,9.999843239784240723e-01,3.931679762899875641e-03,-1.773662166669964790e-03,3.566063707694411278e-03
4.670917510986328125e+00,7.216256618499755859e+00,2.240994125604629517e-01,9.999990463256835938e-01,-2.250507677672430873e-04,-7.642995915375649929e-04,-1.188679831102490425e-03
4.974599838256835938e+00,4.651977539062500000e+00,1.305408120155334473e+00,9.999887347221374512e-01,3.674451494589447975e-03,-2.409207401797175407e-03,1.848947023972868919e-03
4.037642955780029297e+00,6.453815937042236328e+00,7.215738296508789062e+00,9.999973773956298828e-01,-1.400812063366174698e-03,4.437439201865345240e-04,-1.784192281775176525e-03
7.285167694091796875e+00,2.568865418434143066e-01,2.841513633728027344e+00,9.999987483024597168e-01,-6.275427294895052910e-04,-1.511315698735415936e-03,1.523028186056762934e-04
6.942067146301269531e+00,4.644442558288574219e+00,3.801022052764892578e+00,9.999953508377075195e-01,-2.185610821470618248e-03,1.921080052852630615e-03,-9.607546962797641754e-04
2.617714166641235352e+00,2.819957971572875977e+00,1.437305450439453125e+00,9.999855756759643555e-01,5.253384355455636978e-03,-5.796293844468891621e-04,-9.337997762486338615e-04
1.771072387695312500e+00,4.016623973846435547e+00,3.344448804855346680e+00,9.999757409095764160e-01,-5.498970393091440201e-03,-4.266645759344100952e-03,4.082070372533053160e-04
3.446929216384887695e+00,4.949786186218261719e+00,4.512468814849853516e+00,9.999911785125732422e-01,-6.791673949919641018e-04,-4.075264092534780502e-03,-8.314041770063340664e-04
2.383091926574707031e+00,2.940435171127319336e+00,3.140565633773803711e+00,9.999994039535522461e-01,-1.094754916266538203e-04,-9.387176251038908958e-04,-5.989558994770050049e-04
1.148687601089477539e+00,4.045640468597412109e+00,6.281041145324707031e+00,9.998854994773864746e-01,-9.856885299086570740e-04,1.507038064301013947e-02,1.033200300298631191e-03
4.904983043670654297e+00,7.035687446594238281e+00,3.553354024887084961e+00,9.999015331268310547e-01,9.134922176599502563e-03,9.129297919571399689e-03,-5.497876554727554321e-03
3.736348152160644531e+00,7.003442764282226562e+00,3.854095935821533203e+00,9.999991655349731445e-01,4.759417606692295521e-06,4.825562355108559132e-04,1.227939501404762268e-03
2.618137598037719727e+00,4.339975357055664062e+00,3.983689546585083008e+00,9.999978542327880859e-01,-1.412394456565380096e-03,5.370564176701009274e-04,-1.464200555346906185e-03
2.020946979522705078e+00,5.038671970367431641e+00,9.067402482032775879e-01,9.999976158142089844e-01,-2.042520325630903244e-03,6.122051854617893696e-04,-4.298375861253589392e-04
3.130348682403564453e+00,3.687127113342285156e+00,2.519179582595825195e+00,9.999991655349731445e-01,6.871458026580512524e-04,-1.074418774805963039e-03,-4.557823122013360262e-04
1.928883671760559082e+00,4.141087234020233154e-01,5.808538436889648438e+00,9.999980926513671875e-01,-1.857292605563998222e-03,-3.390154161024838686e-04,-5.636549904011189938e-04
1.952666282653808594e+00,3.830684185028076172e+00,1.518300827592611313e-02,9.999983906745910645e-01,1.634567044675350189e-03,4.927224363200366497e-04,6.335692014545202255e-04
2.145347595214843750e+00,1.543704986572265625e+00,2.280632972717285156e+00,9.999944567680358887e-01,-8.716368465684354305e-04,2.043425571173429489e-03,2.515619853511452675e-03
6.501271724700927734e+00,1.932164669036865234e+00,1.325224399566650391e+00,9.999702572822570801e-01,-4.503685981035232544e-03,-5.830642767250537872e-03,2.303382148966193199e-03
6.532521247863769531e+00,5.741403102874755859e+00,4.992097854614257812e+00,9.999963641166687012e-01,-3.894994442816823721e-04,1.252354122698307037e-03,2.379957353696227074e-03
7.290171146392822266e+00,4.661734104156494141e-01,5.823970794677734375e+00,9.999964237213134766e-01,1.862368080765008926e-03,1.557822572067379951e-03,1.118908287025988102e-03
1.493275761604309082e+00,8.243733644485473633e-01,1.710805058479309082e+00,9.999986290931701660e-01,-1.311518833972513676e-03,1.070522004738450050e-03,-1.758459548000246286e-04
6.083832740783691406e+00,7.044051170349121094e+00,2.217483758926391602e+00,9.999886155128479004e-01,-2.987967745866626501e-04,2.698467578738927841e-03,3.926062956452369690e-03
2.165570020675659180e+00,4.552837371826171875e+00,4.817836761474609375e+00,9.999837875366210938e-01,4.265644587576389313e-03,2.250806894153356552e-03,3.024521749466657639e-03
5.651159763336181641e+00,6.102308750152587891e+00,2.714745998382568359e-01,9.999855160713195801e-01,1.374589744955301285e-03,6.127558881416916847e-04,5.168329924345016479e-03
3.776064157485961914e+00,3.107563018798828125e+00,4.357683658599853516e+00,9.999630451202392578e-01,3.049014136195182800e-03,-4.751489963382482529e-03,6.488487124443054199e-03
6.035788059234619141e+00,2.022894859313964844e+00,3.645906925201416016e+00,9.999979734420776367e-01,8.539946284145116806e-04,-1.782111241482198238e-03,-4.752378445118665695e-04
4.593790054321289062e+00,5.604657649993896484e+00,3.069252729415893555e+00,9.999781847000122070e-01,5.837143864482641220e-03,2.084935549646615982e-03,-2.276943065226078033e-03
4.355970382690429688e+00,1.318420022726058960e-01,1.065014362335205078e+00,9.999976158142089844e-01,-2.065944718196988106e-03,-4.890564596280455589e-04,-6.622725049965083599e-04
3.330946266651153564e-01,3.952673435211181641e+00,4.075825214385986328e+00,9.999575614929199219e-01,-3.823124105110764503e-03,5.468789488077163696e-03,-6.358504295349121094e-03
4.140157699584960938e+00,3.439009189605712891e+00,5.558696746826171875e+00,9.998922944068908691e-01,6.431197747588157654e-03,-1.277274917811155319e-02,-3.315769368782639503e-03
6.928492784500122070e-01,3.759689331054687500e+00,2.811942577362060547e+00,9.999896883964538574e-01,2.588603645563125610e-03,-3.560145618394017220e-03,-1.109866891056299210e-03
6.742803573608398438e+00,4.245300769805908203e+00,4.270364940166473389e-01,9.999971985816955566e-01,1.077977125532925129e-03,-1.469092327170073986e-03,-1.523386104963719845e-03
2.326947450637817383e+00,4.292176246643066406e+00,3.378217697143554688e+00,9.999973773956298828e-01,6.677050841972231865e-04,-1.052909530699253082e-03,-1.920849666930735111e-03
3.044546365737915039e+00,5.831793308258056641e+00,7.163444042205810547e+00,9.998270869255065918e-01,-8.830595761537551880e-03,-1.636530272662639618e-02,-1.328708312939852476e-04
1.508082866668701172e+00,3.837306976318359375e+00,3.679390251636505127e-01,9.999980330467224121e-01,1.178604550659656525e-03,1.148381270468235016e-03,1.179550774395465851e-03
6.212647631764411926e-02,3.616181612014770508e+00,3.652834177017211914e+00,9.999958872795104980e-01,2.544823568314313889e-03,-1.326534082181751728e-03,-3.261939564254134893e-04
9.271339774131774902e-01,3.514865636825561523e-01,3.065946578979492188e+00,9.999985694885253906e-01,9.098914597416296601e-05,-4.480556526686996222e-04,1.672172336839139462e-03
6.940321922302246094e+00,6.732002258300781250e+00,1.297726869583129883e+00,9.999657273292541504e-01,-3.812722396105527878e-03,-6.004870403558015823e-03,4.229960497468709946e-03
3.124859571456909180e+00,2.139477491378784180e+00,1.428366422653198242e+00,9.999977946281433105e-01,-1.650277990847826004e-03,-1.271025976166129112e-03,3.462640743236988783e-04
7.204582214355468750e+00,2.924865722656250000e+00,2.668044805526733398e+00,9.999820590019226074e-01,-1.842062803916633129e-03,-1.626971352379769087e-04,-5.699232220649719238e-03
3.891293764114379883e+00,2.383685827255249023e+00,7.352260589599609375e+00,9.999992251396179199e-01,4.386803193483501673e-04,7.361155585385859013e-04,9.162951610051095486e-04
7.297692775726318359e+00,4.754755020141601562e+00,1.772057890892028809e+00,9.999985694885253906e-01,-1.696236198768019676e-03,1.070331709343008697e-04,-3.537208249326795340e-04
5.926826000213623047e+00,3.145688295364379883e+00,3.415435791015625000e+00,9.999903440475463867e-01,3.065370256081223488e-03,-3.071838058531284332e-03,-6.704107508994638920e-04
7.054623126983642578e+00,4.002518177032470703e+00,3.297626674175262451e-01,9.999983906745910645e-01,-1.187145826406776905e-03,2.497526584193110466e-04,-1.385593554005026817e-03
1.762835741043090820e+00,1.991991877555847168e+00,4.860023021697998047e+00,9.999971985816955566e-01,1.853087800554931164e-03,-1.231667934916913509e-03,-8.997237309813499451e-04
4.594012737274169922e+00,6.705819606781005859e+00,3.045621633529663086e+00,9.999625086784362793e-01,4.465722478926181793e-03,4.406573716551065445e-03,5.963278934359550476e-03
3.871679306030273438e+00,4.042015552520751953e+00,4.963290214538574219e+00,9.999938011169433594e-01,-1.418272149749100208e-03,-2.600656989670824260e-05,-3.213981864973902702e-03
5.529804706573486328e+00,1.960852593183517456e-01,5.138257980346679688e+00,9.999997019767761230e-01,-8.517874812241643667e-05,-2.727561804931610823e-04,-7.885083905421197414e-04
6.218247890472412109e+00,4.760382175445556641e+00,2.274760976433753967e-02,9.998782277107238770e-01,7.112731225788593292e-03,-8.939339779317378998e-03,1.063251961022615433e-02
6.917973518371582031e+00,4.288978576660156250e+00,7.090061664581298828e+00,9.999964833259582520e-01,-1.280485535971820354e-03,2.147454069927334785e-03,-9.321392280980944633e-04
4.959656238555908203e+00,2.432904958724975586e+00,8.194730877876281738e-01,9.999949932098388672e-01,-9.053440298885107040e-04,-2.652539405971765518e-03,-1.520218793302774429e-03
2.858383357524871826e-01,5.210942268371582031e+00,4.259509086608886719e+00,9.996532201766967773e-01,1.570137217640876770e-02,2.008003741502761841e-02,6.609580479562282562e-03
5.632005691528320312e+00,4.389696121215820312e+00,6.766975402832031250e+00,9.999932050704956055e-01,2.041758270934224129e-03,-2.394190756604075432e-03,-1.938391709700226784e-03
9.692487716674804688e-01,4.789579868316650391e+00,6.646788120269775391e+00,9.999983906745910645e-01,-4.328613285906612873e-04,3.236027550883591175e-04,-1.703499117866158485e-03
3.910245895385742188e+00,1.887308835983276367e+00,1.691658616065979004e+00,9.999936819076538086e-01,-1.012329012155532837e-03,-3.178219310939311981e-03,-1.239344594068825245e-03
5.808479189872741699e-01,6.976367950439453125e+00,2.873359203338623047e+00,9.997397661209106445e-01,-1.321170851588249207e-02,-1.349089108407497406e-02,1.280053798109292984e-02
5.179691910743713379e-01,4.656603813171386719e+00,2.108931541442871094e+00,9.999070167541503906e-01,1.954414648935198784e-03,2.183455973863601685e-03,-1.332149002701044083e-02
5.727419853210449219e+00,4.223413392901420593e-02,6.355747222900390625e+00,9.999966621398925781e-01,6.188445840962231159e-04,1.255650306120514870e-03,-2.207954181358218193e-03
4.864865303039550781e+00,4.120235443115234375e+00,5.069898128509521484e+00,9.999238848686218262e-01,-3.369675250723958015e-03,1.174977328628301620e-02,-1.674113678745925426e-03
1.644421577453613281e+00,3.065132379531860352e+00,1.592164635658264160e+00,9.999760985374450684e-01,1.223687315359711647e-03,5.939115770161151886e-03,-3.328200429677963257e-03
2.382269144058227539e+00,1.893149971961975098e+00,3.168832063674926758e-01,9.999860525131225586e-01,4.924638662487268448e-03,-1.772252726368606091e-03,-7.575296331197023392e-04
2.922012329101562500e+00,6.074250936508178711e-01,4.618005275726318359e+00,9.999995231628417969e-01,3.260197117924690247e-04,6.326104630716145039e-04,6.385581218637526035e-04
3.968972444534301758e+00,3.648409366607666016e+00,6.044330596923828125e+00,9.999989271163940430e-01,8.332059951499104500e-04,9.186481474898755550e-04,-8.415224147029221058e-04
7.144318580627441406e+00,3.829480409622192383e+00,5.797944545745849609e+00,9.999957084655761719e-01,-3.640229697339236736e-04,2.919368911534547806e-03,2.749545383267104626e-04
6.661384105682373047e+00,2.394387245178222656e+00,3.066386938095092773e+00,9.999994635581970215e-01,-5.302004283294081688e-04,-3.521686012391000986e-04,-8.859686786308884621e-04
4.183512210845947266e+00,2.499938488006591797e+00,9.680624306201934814e-02,9.999191761016845703e-01,-1.221276726573705673e-02,1.906822668388485909e-03,2.995425602421164513e-03
7.262368202209472656e-01,1.589726209640502930e+00,3.615428209304809570e+00,9.999639987945556641e-01,-6.701347883790731430e-03,-3.195507451891899109e-03,4.116549622267484665e-03
1.379482030868530273e+00,6.077040672302246094e+00,2.390908479690551758e+00,9.999274015426635742e-01,1.526637002825737000e-03,9.142263792455196381e-03,7.701681461185216904e-03
1.755951762199401855e+00,3.344792842864990234e+00,2.026212453842163086e+00,9.999998807907104492e-01,-4.177203227300196886e-04,-3.167256072629243135e-04,2.012659533647820354e-04
5.600918769836425781e+00,4.646623134613037109e+00,2.318014144897460938e+00,9.999459385871887207e-01,-3.798381658270955086e-03,8.789287880063056946e-03,-4.063108935952186584e-03
5.480448246002197266e+00,3.797978401184082031e+00,4.589105606079101562e+00,9.999676346778869629e-01,8.738804608583450317e-04,7.492679869756102562e-04,7.969246245920658112e-03
8.688616156578063965e-01,6.384536743164062500e+00,7.217561244964599609e+00,9.999966621398925781e-01,-2.127924468368291855e-03,-1.333790482021868229e-03,7.254218216985464096e-04
2.097437143325805664e+00,9.044048786163330078e-01,2.440454244613647461e+00,9.999899864196777344e-01,-4.324334673583507538e-03,-1.059613641700707376e-04,-1.145629561506211758e-03
2.621865987777709961e+00,9.101332426071166992e-01,5.680367469787597656e+00,9.997087717056274414e-01,7.811517454683780670e-03,5.658058915287256241e-03,-2.212327718734741211e-02
7.493046283721923828e+00,3.269814014434814453e+00,3.070586681365966797e+00,9.999946951866149902e-01,-2.933431416749954224e-03,-1.357255270704627037e-03,4.446304519660770893e-04
1.517597556114196777e+00,6.138254165649414062e+00,9.825146794319152832e-01,9.999775886535644531e-01,-2.937007928267121315e-03,-3.457116894423961639e-03,4.920119885355234146e-03
6.850687503814697266e+00,6.815116405487060547e+00,3.674694061279296875e+00,9.999952912330627441e-01,-2.402723534032702446e-03,1.599986338987946510e-03,1.084248535335063934e-03
3.656860589981079102e+00,6.505862474441528320e-01,1.299427896738052368e-01,9.999991059303283691e-01,6.733945920132100582e-04,1.032486907206475735e-03,-6.151419947855174541e-04
4.920800685882568359e+00,4.686457633972167969e+00,4.926938056945800781e+00,9.999918937683105469e-01,-3.720302833244204521e-03,1.546625164337456226e-03,2.083931467495858669e-04
3.006459236145019531e+00,4.504949092864990234e+00,5.678558826446533203e+00,9.999948143959045410e-01,-2.772923558950424194e-03,2.649622038006782532e-04,-1.603993354365229607e-03
1.601022362709045410e+00,2.276419162750244141e+00,5.626677989959716797e+00,9.998856186866760254e-01,-1.034526899456977844e-02,1.041612471453845501e-03,-1.098461262881755829e-02
5.572242140769958496e-01,7.305710315704345703e+00,7.364346027374267578e+00,9.996490478515625000e-01,-1.152899488806724548e-02,2.382759377360343933e-02,1.115794526413083076e-03
5.876773595809936523e-01,7.154816627502441406e+00,2.403544664382934570e+00,9.999778866767883301e-01,-5.281518679112195969e-03,4.155116912443190813e-04,4.012458957731723785e-03
1.541115045547485352e+00,4.581526756286621094e+00,2.666594982147216797e+00,9.999728798866271973e-01,-3.191413590684533119e-03,-5.372265819460153580e-03,3.911655396223068237e-03
5.102804183959960938e+00,1.512343525886535645e+00,2.098939180374145508e+00,9.999976158142089844e-01,7.863199425628408790e-05,1.027185237035155296e-03,1.933527993969619274e-03
6.971549510955810547e+00,5.515442848205566406e+00,2.932070493698120117e+00,9.999899864196777344e-01,-2.808953868225216866e-03,3.347236663103103638e-03,9.748569573275744915e-04
2.809842824935913086e+00,4.520606517791748047e+00,1.768085837364196777e+00,9.999989867210388184e-01,-1.009685220196843147e-03,9.703135001473128796e-04,4.016550665255635977e-04
6.323954105377197266e+00,3.217273235321044922e+00,3.764208555221557617e+00,9.999911785125732422e-01,2.581859007477760315e-03,-8.581453002989292145e-04,-3.200349397957324982e-03
5.576856613159179688e+00,7.086944580078125000e+00,5.316860198974609375e+00,9.999999403953552246e-01,-1.614242792129516602e-04,-3.814914380200207233e-04,3.753242490347474813e-04
7.456390380859375000e+00,8.722335100173950195e-01,5.195429801940917969e+00,9.999898672103881836e-01,-1.956816529855132103e-03,4.057618323713541031e-03,-2.175103290937840939e-04
1.760671019554138184e+00,3.214842081069946289e+00,4.425711154937744141e+00,9.999766349792480469e-01,3.818722674623131752e-03,5.538426921702921391e-04,-5.654574371874332428e-03
3.809130430221557617e+00,7.110283851623535156e+00,7.043621540069580078e+00,9.999581575393676758e-01,1.300814212299883366e-03,6.147569045424461365e-03,-6.653401069343090057e-03
2.666150331497192383e+00,4.892279624938964844e+00,3.209221363067626953e+00,9.999848008155822754e-01,-4.780678078532218933e-03,-1.956010702997446060e-03,-1.970552606508135796e-03
7.292717933654785156e+00,3.267700910568237305e+00,6.493433713912963867e-01,9.998007416725158691e-01,1.249069347977638245e-02,3.191055962815880775e-03,1.524121500551700592e-02
7.140717983245849609e+00,5.910713672637939453e+00,2.531644582748413086e+00,9.999794960021972656e-01,9.877731790766119957e-04,-3.409789176657795906e-03,5.338389892131090164e-03
2.311384677886962891e+00,3.241793870925903320e+00,4.670688152313232422e+00,9.999997615814208984e-01,3.709253796841949224e-04,5.944291478954255581e-04,3.854265960399061441e-04
3.659172296524047852e+00,2.250413656234741211e+00,6.412377834320068359e+00,9.999983906745910645e-01,1.187341753393411636e-03,-1.316321548074483871e-03,-4.146033606957644224e-04
3.944534063339233398e+00,4.749107837677001953e+00,4.851593971252441406e+00,9.999673366546630859e-01,-6.326537113636732101e-03,-3.648452984634786844e-04,-5.023967474699020386e-03
3.107433795928955078e+00,4.480497360229492188e+00,6.721220970153808594e+00,9.999975562095642090e-01,-1.476126373745501041e-03,1.386809744872152805e-03,-9.373610955663025379e-04
6.776460647583007812e+00,6.440655708312988281e+00,5.764810562133789062e+00,9.999846816062927246e-01,5.488606169819831848e-03,8.015673374757170677e-04,1.482791849412024021e-04
4.633158206939697266e+00,3.040962219238281250e+00,6.851693630218505859e+00,9.999480843544006348e-01,-1.795156975276768208e-03,-2.947646658867597580e-03,9.595851413905620575e-03
6.601717948913574219e+00,6.030440807342529297e+00,7.654251456260681152e-01,9.999982714653015137e-01,-1.007622340694069862e-03,-1.199568621814250946e-03,-1.063405768945813179e-03
6.219427108764648438e+00,1.687133193016052246e+00,5.689771652221679688e+00,9.999989867210388184e-01,-3.434903919696807861e-04,-1.224669511429965496e-03,7.445201626978814602e-04
5.484052300453186035e-01,7.232715606689453125e+00,6.861585617065429688e+00,9.998201131820678711e-01,4.255110397934913635e-03,-7.964583928696811199e-04,1.846695132553577423e-02
7.421535015106201172e+00,2.743885755538940430e+00,1.047539189457893372e-01,9.999820590019226074e-01,1.055612927302718163e-03,8.024266571737825871e-05,5.897615570574998856e-03
5.619790554046630859e+00,4.403767108917236328e+00,2.532025814056396484e+00,9.999738335609436035e-01,-5.755255930125713348e-03,3.979819361120462418e-03,1.865180674940347672e-03
5.366429805755615234e+00,1.524287581443786621e+00,4.922835350036621094e+00,9.999989867210388184e-01,-1.402128138579428196e-03,3.772009513340890408e-04,-2.149618085240945220e-04
4.631221294403076172e-02,6.328276991844177246e-01,6.049072742462158203e+00,9.999988675117492676e-01,-4.720566794276237488e-04,9.451071964576840401e-04,1.120113651268184185e-03
6.072508811950683594e+00,1.900432348251342773e+00,4.099277019500732422e+00,9.999973177909851074e-01,1.814897172152996063e-03,-1.133004203438758850e-03,8.672341355122625828e-04
6.732395887374877930e-01,5.954716682434082031e+00,5.828456401824951172e+00,9.999985098838806152e-01,-1.647303462959825993e-03,4.567887226585298777e-04,5.467724622576497495e-05
8.957152962684631348e-01,6.926123052835464478e-02,6.708106040954589844e+00,9.999076128005981445e-01,1.045020180754363537e-03,8.137226104736328125e-03,-1.084530912339687347e-02
1.025481104850769043e+00,4.631083011627197266e+00,3.842015027999877930e+00,9.999956488609313965e-01,-1.442946027964353561e-03,9.946508362190797925e-05,2.606017980724573135e-03
2.177057266235351562e+00,5.316287517547607422e+00,5.040473461151123047e+00,9.999893903732299805e-01,-3.240138525143265724e-03,3.299650270491838455e-04,3.279981436207890511e-03
1.820655941963195801e+00,1.285026550292968750e+00,1.084895431995391846e-01,9.999935626983642578e-01,-3.476308425888419151e-03,-8.381785592064261436e-04,2.160339936381205916e-04
3.234301805496215820e+00,2.117161154747009277e-01,3.836671352386474609e+00,9.999986886978149414e-01,-7.223240099847316742e-04,-1.328338985331356525e-03,-6.745129358023405075e-04
4.450973510742187500e+00,5.130135059356689453e+00,3.265352010726928711e+00,9.999907016754150391e-01,-2.728674095124006271e-03,-3.079392714425921440e-03,-1.360178110189735889e-03
6.641018390655517578e+00,4.107709884643554688e+00,6.971222877502441406e+00,9.999958276748657227e-01,-2.995602262672036886e-04,2.265891060233116150e-03,-1.798075507394969463e-03
5.427820682525634766e+00,2.106059789657592773e+00,4.505568981170654297e+00,9.999802708625793457e-01,6.262850482016801834e-03,-1.111729725380428135e-04,-5.732288118451833725e-04
1.743935942649841309e+00,4.072735786437988281e+00,8.122617006301879883e-01,9.999995231628417969e-01,7.411321275867521763e-04,2.906119916588068008e-04,6.687948480248451233e-04
1.977902531623840332e+00,7.244503498077392578e+00,2.741093635559082031e+00,9.999874234199523926e-01,-1.993496262002736330e-04,-3.002037527039647102e-03,-4.019532352685928345e-03
3.636077880859375000e+00,4.445908069610595703e+00,1.168201804161071777e+00,9.999984502792358398e-01,4.953445750288665295e-04,1.644346746616065502e-03,-4.974678740836679935e-04
4.782712459564208984e+00,3.646250963211059570e+00,5.303410530090332031e+00,9.999991059303283691e-01,-9.416054817847907543e-04,3.284937993157655001e-04,9.776660008355975151e-04
3.435737133026123047e+00,5.108711719512939453e+00,5.807161808013916016e+00,9.999977350234985352e-01,2.014882629737257957e-03,-5.671391263604164124e-04,-5.677386652678251266e-04
7.173524379730224609e+00,1.056094646453857422e+00,4.658270359039306641e+00,9.999892115592956543e-01,4.337240010499954224e-03,-1.582747558131814003e-03,5.169075448065996170e-04
4.870124816894531250e+00,2.632747650146484375e+00,6.958028316497802734e+00,9.998833537101745605e-01,-1.494619715958833694e-02,1.194942626170814037e-03,-2.914017764851450920e-03
2.376211643218994141e+00,4.001359462738037109e+00,6.919471025466918945e-01,9.999812841415405273e-01,-1.133799087256193161e-03,1.648374134674668312e-03,5.780847277492284775e-03
2.453177213668823242e+00,7.144155502319335938e+00,1.334100723266601562e+00,9.999979734420776367e-01,1.233853283338248730e-03,2.368928544456139207e-04,-1.612875494174659252e-03
1.343697309494018555e+00,6.249005317687988281e+00,7.230557441711425781e+00,9.999979734420776367e-01,-1.038826769217848778e-03,-1.209695474244654179e-03,-1.288013416342437267e-03
6.566402912139892578e+00,7.028915286064147949e-01,2.392554283142089844e+00,9.999988079071044922e-01,8.128528133966028690e-04,-5.905528669245541096e-04,-1.206171815283596516e-03
1.372234463691711426e+00,4.602488040924072266e+00,7.153270244598388672e+00,9.999901056289672852e-01,3.304371843114495277e-03,2.004357054829597473e-03,2.245467389002442360e-03
7.260959148406982422e+00,4.243855476379394531e+00,5.883610725402832031e+00,9.999853372573852539e-01,8.081818814389407635e-04,5.260637030005455017e-03,-1.067810342647135258e-03
1.578627347946166992e+00,8.693335056304931641e-01,5.693628311157226562e+00,9.998977184295654297e-01,-9.026184678077697754e-03,5.261374171823263168e-04,-1.108001079410314560e-02
5.203471660614013672e+00,4.616818428039550781e-01,1.865587711334228516e+00,9.999982714653015137e-01,1.290344400331377983e-03,9.353442001156508923e-04,-1.003590296022593975e-03
7.370323657989501953e+00,3.724217653274536133e+00,7.348189353942871094e+00,9.999832510948181152e-01,1.995928818359971046e-03,5.046078469604253769e-03,-2.028905786573886871e-03
5.578380107879638672e+00,3.106718540191650391e+00,5.941411495208740234e+00,9.999986290931701660e-01,4.491970175877213478e-04,-1.556479837745428085e-03,4.196982190478593111e-04
1.669819951057434082e+00,2.057726144790649414e+00,4.415821731090545654e-01,9.999176263809204102e-01,-3.253756090998649597e-03,-1.139384880661964417e-02,4.931926727294921875e-03
5.330426692962646484e+00,2.209169864654541016e+00,1.469372987747192383e+00,9.999867677688598633e-01,-1.919377245940268040e-03,-4.763272125273942947e-03,1.175875368062406778e-04
6.430796623229980469e+00,6.817781925201416016e+00,3.543418169021606445e+00,9.999968409538269043e-01,3.722362162079662085e-04,1.244423561729490757e-03,2.175178844481706619e-03
7.237407207489013672e+00,3.751046419143676758e+00,4.028652191162109375e+00,9.998795390129089355e-01,2.933428855612874031e-03,-5.213974043726921082e-03,-1.432313211262226105e-02
4.001870632171630859e+00,2.120421409606933594e+00,2.984644889831542969e+00,9.999981522560119629e-01,-1.541296485811471939e-03,2.469001046847552061e-04,1.124580739997327328e-03
4.275603771209716797e+00,1.060432195663452148e+00,7.180906295776367188e+00,9.997815489768981934e-01,-1.180307660251855850e-02,-1.051814202219247818e-02,1.367432717233896255e-02
2.652481317520141602e+00,3.074492216110229492e+00,5.480490684509277344e+00,9.999993443489074707e-01,-1.067756675183773041e-04,1.706187613308429718e-04,1.190466922707855701e-03
3.826980352401733398e+00,2.595081567764282227e+00,4.584881305694580078e+00,9.998300075531005859e-01,-4.365402739495038986e-03,-3.048687009140849113e-03,1.765360310673713684e-02
6.226568222045898438e+00,2.621808767318725586e+00,4.993914604187011719e+00,9.999898076057434082e-01,4.348779562860727310e-03,-1.473353040637448430e-04,-1.263914164155721664e-03
7.755018305033445358e-03,2.860928773880004883e-01,4.773274898529052734e+00,9.999939203262329102e-01,2.163361525163054466e-03,-1.828229520469903946e-03,-2.032884862273931503e-03
1.207160472869873047e+00,2.042326688766479492e+00,1.454475879669189453e+00,9.999982714653015137e-01,-1.373045728541910648e-03,2.352823939872905612e-04,1.276291906833648682e-03
4.115431785583496094e+00,6.595796585083007812e+00,2.221259832382202148e+00,9.999987483024597168e-01,-3.075167187489569187e-04,1.070082653313875198e-03,-1.170341973192989826e-03
1.592737555503845215e+00,5.642806291580200195e-01,6.779810428619384766e+00,9.999992847442626953e-01,-1.076409011147916317e-03,6.492072716355323792e-04,3.673226819955743849e-05
1.835650086402893066e+00,1.261336326599121094e+00,8.036143779754638672e-01,9.999336004257202148e-01,9.920952841639518738e-03,5.082351621240377426e-03,2.920011058449745178e-03
1.413399457931518555e+00,1.206847310066223145e+00,1.805153846740722656e+00,9.999988675117492676e-01,-6.262536626309156418e-04,4.481177893467247486e-04,-1.351903192698955536e-03
5.634050369262695312e+00,1.990758657455444336e+00,6.410540580749511719e+00,9.999614953994750977e-01,-4.658345133066177368e-03,3.220625454559922218e-03,-6.706883199512958527e-03
9.461352229118347168e-01,5.039220333099365234e+00,5.056250095367431641e+00,9.994524121284484863e-01,5.159487016499042511e-03,2.255995757877826691e-02,2.365303412079811096e-02
1.626335740089416504e+00,5.814337730407714844e+00,1.497083187103271484e+00,9.999793171882629395e-01,-2.623806009069085121e-03,-4.125560168176889420e-03,-4.190743900835514069e-03
3.570867776870727539e+00,6.452035427093505859e+00,5.600779056549072266e+00,9.999440312385559082e-01,3.685147967189550400e-03,6.688286550343036652e-03,-7.334545254707336426e-03
5.037705421447753906e+00,8.371083736419677734e-01,2.019818544387817383e+00,9.999272227287292480e-01,-1.257059047929942608e-03,1.088605076074600220e-02,5.059927701950073242e-03
5.408270359039306641e+00,5.818130016326904297e+00,1.004967689514160156e+00,9.999436736106872559e-01,-5.791543517261743546e-03,-4.001299384981393814e-03,-7.945178076624870300e-03
7.154878377914428711e-01,3.339250087738037109e+00,2.128806114196777344e+00,9.999743700027465820e-01,-1.270120381377637386e-03,-4.577676765620708466e-03,-5.368087906390428543e-03
1.643308401107788086e+00,1.551578760147094727e+00,7.077620983123779297e+00,1.000000000000000000e+00,-1.077017805073410273e-04,-7.755402475595474243e-05,4.024771988042630255e-05
6.251866817474365234e+00,3.538968563079833984e+00,3.218040943145751953e+00,9.998555779457092285e-01,-1.644092798233032227e-02,5.816336488351225853e-04,4.269225522875785828e-03
2.717901706695556641e+00,3.756540298461914062e+00,1.173364758491516113e+00,9.999985098838806152e-01,-3.586479579098522663e-04,4.915397730655968189e-04,1.641897251829504967e-03
5.559947341680526733e-02,3.792461872100830078e+00,4.061704158782958984e+00,9.998654723167419434e-01,-1.554862828925251961e-03,4.995843628421425819e-04,-1.632242649793624878e-02
4.204797267913818359e+00,1.304265379905700684e+00,7.429581165313720703e+00,9.999783039093017578e-01,5.987294018268585205e-03,1.929733203724026680e-03,1.978936605155467987e-03
8.766569495201110840e-01,4.680894851684570312e+00,1.635635375976562500e+00,9.999973177909851074e-01,-1.021886011585593224e-03,1.272403402253985405e-03,-1.669853809289634228e-03
4.902593612670898438e+00,2.286744356155395508e+00,5.359867572784423828e+00,9.999834299087524414e-01,4.916573408991098404e-03,6.397168035618960857e-04,2.921167528256773949e-03
5.428532361984252930e-01,1.529890656471252441e+00,4.092530727386474609e+00,9.999960660934448242e-01,-2.728668041527271271e-04,4.820427420781925321e-05,-2.782204188406467438e-03
2.610058307647705078e+00,3.401920080184936523e+00,3.588486194610595703e+00,9.999747872352600098e-01,-3.281948855146765709e-03,-1.426653238013386726e-03,-6.137260235846042633e-03
2.817525386810302734e+00,7.227753162384033203e+00,6.903226487338542938e-03,9.999079108238220215e-01,-8.565245196223258972e-03,9.559488855302333832e-03,-4.418138414621353149e-03
2.549509048461914062e+00,4.530467510223388672e+00,5.251067638397216797e+00,9.999968409538269043e-01,1.000726915663108230e-04,1.128167379647493362e-03,2.266472671180963516e-03
5.348485469818115234e+00,4.926090240478515625e+00,4.495615482330322266e+00,9.999877214431762695e-01,7.937715854495763779e-04,4.872145946137607098e-04,4.874995443969964981e-03
5.469845771789550781e+00,2.995491981506347656e+00,2.796953916549682617e+00,9.999990463256835938e-01,-1.066815384547226131e-04,-1.372592407278716564e-03,3.144301590509712696e-04
4.541537761688232422e-01,9.421514272689819336e-01,2.975898265838623047e+00,9.999979734420776367e-01,-1.443580375052988529e-03,-1.328421640209853649e-03,4.952781600877642632e-04
1.412679672241210938e+00,9.402288794517517090e-01,3.953375816345214844e+00,9.999865889549255371e-01,-1.454361481592059135e-03,-1.997191226109862328e-03,-4.556327592581510544e-03
4.998488426208496094e+00,9.989375472068786621e-01,8.821138143539428711e-01,9.999866485595703125e-01,-5.080358590930700302e-03,9.163889335468411446e-04,1.925225078593939543e-04
2.445947408676147461e+00,3.435566902160644531e+00,1.373401284217834473e-01,1.000000000000000000e+00,-5.380084985517896712e-05,1.772893010638654232e-04,-2.662774022610392421e-05
3.069651126861572266e+00,6.280884265899658203e+00,5.812869548797607422e+00,9.999939799308776855e-01,2.476076828315854073e-03,2.416515490040183067e-03,-1.341936440439894795e-04
1.040904641151428223e+00,5.950514316558837891e+00,2.997142970561981201e-01,9.999995827674865723e-01,3.274741538916714489e-05,-1.000921474769711494e-04,9.764292626641690731e-04
4.590571880340576172e+00,5.842749595642089844e+00,1.799122214317321777e+00,9.999637007713317871e-01,-1.831398694775998592e-03,-5.574201699346303940e-03,6.181042175740003586e-03
4.047439098358154297e+00,3.217880725860595703e+00,5.341494560241699219e+00,9.998545646667480469e-01,-1.191456220112740993e-03,-1.123262662440538406e-02,1.278326194733381271e-02
7.007310867309570312e+00,2.718525409698486328e+00,3.326969146728515625e+00,9.999751448631286621e-01,1.514574280008673668e-03,6.868341937661170959e-03,-5.238131852820515633e-04
1.166660666465759277e+00,6.422123908996582031e+00,2.456688642501831055e+00,9.999719262123107910e-01,6.486309226602315903e-03,3.564182901754975319e-03,-1.206557848490774632e-03
7.193890094757080078e+00,3.522726297378540039e+00,2.820685386657714844e+00,9.999863505363464355e-01,4.747631493955850601e-03,6.705760606564581394e-04,2.080788370221853256e-03
3.130456686019897461e+00,6.563528060913085938e+00,3.308917760848999023e+00,9.999896883964538574e-01,4.077133722603321075e-03,-6.335402722470462322e-04,1.908060279674828053e-03
5.336466312408447266e+00,4.638621807098388672e+00,6.079011917114257812e+00,9.999998807907104492e-01,2.576334518380463123e-04,-2.374279138166457415e-04,-3.890111984219402075e-04
5.851444602012634277e-01,2.440042644739151001e-01,3.180357217788696289e+00,9.999958276748657227e-01,8.289096294902265072e-04,2.313623437657952309e-03,-1.560031319968402386e-03
2.434265613555908203e+00,1.003356695175170898e+00,5.980140209197998047e+00,9.996152520179748535e-01,-1.644696667790412903e-02,-3.472935641184449196e-03,2.206624113023281097e-02
2.716897726058959961e+00,4.618004322052001953e+00,5.788926124572753906e+00,9.999857544898986816e-01,-4.129730165004730225e-03,1.015535453916527331e-04,-3.379757050424814224e-03
6.554683208465576172e+00,4.141172468662261963e-01,7.477924346923828125e+00,9.999983906745910645e-01,-9.577952732797712088e-05,1.176471705548465252e-03,1.390021410770714283e-03
3.301093101501464844e+00,5.938249111175537109e+00,3.859907865524291992e+00,9.999951124191284180e-01,2.919486025348305702e-03,9.282278479076921940e-04,6.288954755291342735e-04
3.070446491241455078e+00,4.617519378662109375e+00,2.692075014114379883e+00,9.999965429306030273e-01,2.368654357269406319e-03,-1.390430406900122762e-04,1.177863799966871738e-03
3.725551843643188477e+00,4.004601001739501953e+00,2.266381263732910156e+00,9.999979734420776367e-01,-1.837930321926251054e-04,-1.891210908070206642e-03,-7.295599207282066345e-04
2.979738712310791016e+00,2.227002382278442383e+00,2.544647693634033203e+00,9.999852180480957031e-01,-1.031534164212644100e-03,5.272186361253261566e-03,9.178592590615153313e-04
1.128744482994079590e+00,3.798753261566162109e+00,6.075054168701171875e+00,9.999545216560363770e-01,-9.216873906552791595e-03,1.670668367296457291e-03,1.802833983674645424e-03
2.156031608581542969e+00,7.461239814758300781e+00,2.990602016448974609e+00,9.997738599777221680e-01,1.309705618768930435e-02,-1.656376942992210388e-02,-2.532058861106634140e-03
1.577540040016174316e-01,1.550136089324951172e+00,2.672932386398315430e+00,1.000000000000000000e+00,-8.836806955514475703e-05,-1.379439345328137279e-04,-2.627819485496729612e-04
7.450673580169677734e-01,1.125182390213012695e+00,3.596937894821166992e+00,9.999309182167053223e-01,9.572112001478672028e-03,-6.753667257726192474e-03,9.843513835221529007e-04
4.932393550872802734e+00,6.577251911163330078e+00,6.107285976409912109e+00,9.999302029609680176e-01,-1.048791036009788513e-02,-2.262496156617999077e-03,4.954295698553323746e-03
3.006584405899047852e+00,1.723998337984085083e-01,2.326788902282714844e+00,9.999978542327880859e-01,1.617888221517205238e-03,1.249573542736470699e-03,4.225243465043604374e-04
3.969436645507812500e+00,6.212256431579589844e+00,4.693957805633544922e+00,9.999739527702331543e-01,-4.619283135980367661e-03,-4.609568044543266296e-03,-3.097410546615719795e-03
2.052149772644042969e+00,8.365115523338317871e-01,3.974996805191040039e+00,9.999952316284179688e-01,2.148692961782217026e-03,-1.864536752691492438e-04,-2.239171881228685379e-03
4.576056301593780518e-01,4.627029418945312500e+00,4.775631427764892578e+00,9.999936819076538086e-01,2.506193704903125763e-03,-2.351976931095123291e-03,8.976110257208347321e-04
4.474124908447265625e+00,6.611361980438232422e+00,1.957545578479766846e-01,9.999983906745910645e-01,-1.304987468756735325e-03,8.727789972908794880e-04,-8.778154151514172554e-04
5.174789428710937500e+00,5.099701881408691406e+00,2.659412622451782227e+00,9.999945163726806641e-01,1.231276546604931355e-03,1.515873009338974953e-03,2.662587445229291916e-03
5.594620704650878906e+00,4.683525085449218750e+00,1.058727383613586426e+00,9.999977350234985352e-01,1.691536279395222664e-03,-1.173696364276111126e-03,6.299006054177880287e-04
6.068748950958251953e+00,5.199968814849853516e+00,6.326181411743164062e+00,9.999728202819824219e-01,-3.907534293830394745e-03,-6.172764115035533905e-03,-1.044939388521015644e-03
5.600330233573913574e-01,6.579868793487548828e+00,2.346544981002807617e+00,9.998884797096252441e-01,8.188496343791484833e-03,-9.911697357892990112e-03,-7.605589460581541061e-03
4.382497787475585938e+00,3.127991199493408203e+00,3.969760179519653320e+00,9.999960660934448242e-01,2.427957719191908836e-03,-1.303193625062704086e-03,6.447747000493109226e-04
7.153352260589599609e+00,1.839997768402099609e+00,5.906784057617187500e+00,9.999969005584716797e-01,-5.796347395516932011e-04,-2.395708579570055008e-03,3.356623637955635786e-04
2.050733715295791626e-01,3.932476758956909180e+00,3.754728317260742188e+00,9.999865293502807617e-01,-1.622851006686687469e-03,4.452693741768598557e-03,2.109844470396637917e-03
3.338186264038085938e+00,6.130785942077636719e+00,4.584118366241455078e+00,9.998583197593688965e-01,4.313667770475149155e-03,-1.591083779931068420e-02,3.411980811506509781e-03
4.166719913482666016e+00,3.093934297561645508e+00,6.124300479888916016e+00,9.999873042106628418e-01,2.496419241651892662e-03,5.599851137958467007e-04,-4.338087514042854309e-03
3.874629259109497070e+00,6.306599378585815430e-01,4.385481357574462891e+00,9.999244809150695801e-01,4.882354289293289185e-03,-9.639814496040344238e-03,-5.865510087460279465e-03
7.319930553436279297e+00,3.312592267990112305e+00,5.229835510253906250e+00,9.999989867210388184e-01,-5.354518652893602848e-04,1.275858259759843349e-03,-4.370069073047488928e-04
2.011816978454589844e+00,9.783555567264556885e-02,2.524464130401611328e+00,9.999858140945434570e-01,1.423054840415716171e-03,-4.192620050162076950e-03,2.956345211714506149e-03
4.774725437164306641e+00,7.421017646789550781e+00,7.167886734008789062e+00,9.999978542327880859e-01,-1.517592929303646088e-03,-9.031928493641316891e-04,-1.150977332144975662e-03
6.603393554687500000e-01,9.778899699449539185e-02,6.143931388854980469e+00,9.998750090599060059e-01,1.423098519444465637e-02,-4.630522336810827255e-03,-5.093895364552736282e-03
6.721790790557861328e+00,4.240478038787841797e+00,7.408389091491699219e+00,9.999595880508422852e-01,1.445786037947982550e-04,8.841605857014656067e-03,-1.598174683749675751e-03
4.671427726745605469e+00,3.158863306045532227e+00,3.071532011032104492e+00,9.997866749763488770e-01,8.353312732651829720e-04,-1.466840039938688278e-03,2.058532275259494781e-02
2.073869854211807251e-02,1.062695503234863281e+00,5.520635128021240234e+00,9.999996423721313477e-01,5.078512003819923848e-06,8.589880890212953091e-04,-2.849859884008765221e-04
1.862586259841918945e+00,6.008720874786376953e+00,2.445329189300537109e+00,9.999544620513916016e-01,1.437183818779885769e-03,-8.383387699723243713e-03,-4.325849935412406921e-03
4.118165969848632812e+00,2.171144336462020874e-01,5.588763236999511719e+00,9.999996423721313477e-01,7.187306182458996773e-04,-5.561069119721651077e-04,1.798606681404635310e-04
1.477782130241394043e+00,7.374178409576416016e+00,4.879883289337158203e+00,9.999793767929077148e-01,3.096376778557896614e-03,4.044127650558948517e-03,3.929996863007545471e-03
3.081344842910766602e+00,5.883570194244384766e+00,6.081247329711914062e+00,9.998815059661865234e-01,1.377171650528907776e-02,-6.804395932704210281e-03,1.045786426402628422e-03
5.394202232360839844e+00,1.541360616683959961e+00,3.698391675949096680e+00,9.999628067016601562e-01,-1.329051796346902847e-03,6.443778402172029018e-04,8.503898046910762787e-03
2.029859542846679688e+00,2.042889595031738281e+00,2.461888790130615234e+00,9.998618364334106445e-01,-1.492515555582940578e-03,-1.517160050570964813e-02,6.623106077313423157e-03
2.377457618713378906e-01,7.235320210456848145e-01,6.354557037353515625e+00,9.999960064888000488e-01,2.820584224537014961e-03,3.429094504099339247e-04,5.167306517250835896e-05
3.327922105789184570e+00,1.722199678421020508e+00,6.833831310272216797e+00,9.999955892562866211e-01,1.448657596483826637e-03,-1.551862224005162716e-03,-2.104780403897166252e-03
4.396774768829345703e+00,6.999270915985107422e+00,3.831732273101806641e+00,9.999989271163940430e-01,-1.345480675809085369e-03,8.385610999539494514e-05,6.413584342226386070e-04
5.799222946166992188e+00,6.144827008247375488e-01,6.025356769561767578e+00,9.999856352806091309e-01,-3.907054662704467773e-03,2.448464510962367058e-03,2.723113866522908211e-03
4.588500499725341797e+00,2.530812025070190430e+00,1.622042417526245117e+00,9.999850988388061523e-01,2.101944759488105774e-03,-2.106470754370093346e-03,4.583421163260936737e-03
4.777109026908874512e-01,9.890475273132324219e-01,5.370891094207763672e+00,9.999995231628417969e-01,-4.397295124363154173e-04,9.253076277673244476e-04,6.399004632839933038e-05
2.220717668533325195e+00,7.358195304870605469e+00,4.913389205932617188e+00,9.999996423721313477e-01,2.834167389664798975e-04,-5.461194450617767870e-05,8.744256338104605675e-04
2.190112352371215820e+00,2.272100687026977539e+00,7.398357391357421875e+00,9.999969601631164551e-01,8.684703498147428036e-04,8.006744319573044777e-04,2.195914043113589287e-03
4.507168292999267578e+00,2.457891941070556641e+00,8.099502325057983398e-01,9.998176693916320801e-01,9.464270435273647308e-03,2.655164338648319244e-03,-1.637111231684684753e-02
2.377213716506958008e+00,6.390791893005371094e+00,5.592099189758300781e+00,9.999616742134094238e-01,5.138325504958629608e-03,-3.487673355266451836e-03,-6.172996480017900467e-03
2.484890222549438477e+00,1.833454608917236328e+00,1.139105439186096191e+00,9.999867677688598633e-01,-5.003505852073431015e-03,-1.010905369184911251e-03,-6.886144983582198620e-04
4.994883060455322266e+00,6.040842056274414062e+00,2.685781955718994141e+00,9.999968409538269043e-01,1.999665284529328346e-03,-1.420478103682398796e-03,6.223499658517539501e-04
1.638118624687194824e+00,5.723944664001464844e+00,7.008983612060546875e+00,9.999990463256835938e-01,1.285557402297854424e-03,3.844397433567792177e-04,5.018372321501374245e-04
5.168516635894775391e-01,6.554196476936340332e-01,4.015567779541015625e+00,9.999196529388427734e-01,-6.867733784019947052e-03,-7.575029972940683365e-03,-7.496883161365985870e-03
3.640026807785034180e+00,4.495384693145751953e+00,2.723746538162231445e+00,9.999994039535522461e-01,9.810813935473561287e-04,-5.453956546261906624e-04,-1.664912415435537696e-04
2.416584968566894531e+00,4.915131568908691406e+00,4.135462760925292969e+00,9.999858140945434570e-01,3.121273359283804893e-03,1.860808231867849827e-03,3.911467734724283218e-03
3.591693937778472900e-01,5.985737323760986328e+00,4.553486347198486328e+00,9.999971389770507812e-01,2.176600508391857147e-03,1.025103381834924221e-03,2.292951467097736895e-05
1.450685143470764160e+00,5.661642551422119141e+00,2.680271387100219727e+00,9.999367594718933105e-01,7.358551491051912308e-03,-7.958892732858657837e-03,-2.995721530169248581e-03
2.932840108871459961e+00,4.314806461334228516e+00,4.058006763458251953e+00,9.999948143959045410e-01,-1.568616833537817001e-03,1.224171719513833523e-03,-2.533244434744119644e-03
1.797148734331130981e-01,6.012154817581176758e-01,6.672875881195068359e+00,9.999970197677612305e-01,1.849853666499257088e-03,1.626190962269902229e-03,-1.701858855085447431e-05
5.165714621543884277e-01,1.041902422904968262e+00,4.354229450225830078e+00,9.999490976333618164e-01,-4.901862703263759613e-03,-3.466438269242644310e-03,-8.106982335448265076e-03
3.045648336410522461e+00,5.629969120025634766e+00,4.972012519836425781e+00,9.999992847442626953e-01,5.342835211195051670e-04,-1.082115224562585354e-03,2.640845777932554483e-04
1.717562675476074219e+00,4.869093894958496094e-01,2.272460699081420898e+00,9.999997615814208984e-01,-1.993079058593139052e-05,-3.441859444137662649e-04,-6.731500034220516682e-04
3.773132324218750000e+00,2.307681083679199219e+00,6.997158050537109375e+00,9.999960660934448242e-01,2.110982546582818031e-03,1.260434510186314583e-03,-1.383773400448262691e-03
1.145218014717102051e+00,7.487464904785156250e+00,2.426462411880493164e+00,9.999991655349731445e-01,5.989799974486231804e-04,9.703199029900133610e-04,7.174941711127758026e-04
3.544026851654052734e+00,1.142682909965515137e+00,3.010588645935058594e+00,9.999887347221374512e-01,-2.653655130416154861e-03,-3.937044180929660797e-03,2.093177026836201549e-04
2.754627704620361328e+00,5.352003097534179688e+00,3.901304006576538086e-01,9.999993443489074707e-01,-1.077433931641280651e-03,-3.012383822351694107e-04,-2.070226328214630485e-04
2.173078536987304688e+00,5.361520767211914062e+00,1.124905467033386230e+00,9.999994635581970215e-01,8.310927660204470158e-04,-7.353912806138396263e-04,-1.113959733629599214e-04
6.046596050262451172e+00,7.201574802398681641e+00,2.868391990661621094e+00,9.999991655349731445e-01,6.962664192542433739e-04,9.343473357148468494e-04,-6.175861926749348640e-04
6.591837406158447266e+00,3.386030912399291992e+00,2.358160018920898438e+00,9.999964833259582520e-01,-1.499520731158554554e-03,8.438038057647645473e-04,-2.046401379629969597e-03
4.261761665344238281e+00,1.430121064186096191e+00,6.087096214294433594e+00,9.999985694885253906e-01,7.977728382684290409e-04,-1.505919615738093853e-03,-1.391924452036619186e-04
5.976625442504882812e+00,5.104302406311035156e+00,5.367128372192382812e+00,9.999748468399047852e-01,-4.287750925868749619e-04,-1.522505306638777256e-03,6.922684144228696823e-03
4.611337661743164062e+00,6.722663879394531250e+00,6.228411674499511719e+00,9.999293684959411621e-01,7.648447528481483459e-03,-4.221395123749971390e-03,-8.063803426921367645e-03
1.363492131233215332e+00,2.634415149688720703e+00,8.574615120887756348e-01,9.999840259552001953e-01,3.646306693553924561e-03,-3.960037603974342346e-03,-1.760869286954402924e-03
4.472751140594482422e+00,6.059400558471679688e+00,4.718968868255615234e-01,9.999998211860656738e-01,1.055725224432535470e-04,3.300519892945885658e-04,-6.353933713398873806e-04
4.935801982879638672e+00,1.074694633483886719e+00,4.257105350494384766e+00,9.999928474426269531e-01,2.278717933222651482e-03,-2.070298884063959122e-03,-2.212119055911898613e-03
7.412755489349365234e+00,5.023195743560791016e+00,6.433928012847900391e+00,9.999729394912719727e-01,4.800342954695224762e-03,2.671718830242753029e-03,4.906563553959131241e-03
4.089415073394775391e+00,1.946732759475708008e+00,5.811323165893554688e+00,9.999970793724060059e-01,-7.718539563938975334e-04,-1.893704175017774105e-03,1.335058128461241722e-03
2.225139856338500977e+00,2.809730768203735352e+00,1.538034796714782715e+00,9.998817443847656250e-01,-8.037015795707702637e-03,9.030614048242568970e-03,9.508355520665645599e-03
1.963291406631469727e+00,2.099791288375854492e+00,2.860734701156616211e+00,9.997960925102233887e-01,6.104097235947847366e-03,1.599069498479366302e-02,-1.071496773511171341e-02
2.323565959930419922e+00,1.382874250411987305e+00,6.947398662567138672e+00,9.999998211860656738e-01,6.545438081957399845e-04,2.604575129225850105e-04,-8.346030517714098096e-05
2.352168798446655273e+00,2.916566848754882812e+00,6.684554576873779297e+00,9.999967813491821289e-01,2.317790873348712921e-03,-1.031541381962597370e-03,-3.636269248090684414e-04
3.343299627304077148e+00,5.153408050537109375e+00,7.220378875732421875e+00,9.999942183494567871e-01,-1.382503192871809006e-03,-3.010640852153301239e-03,8.005246636457741261e-04
2.366980314254760742e+00,6.933214187622070312e+00,8.609796874225139618e-03,9.999977350234985352e-01,-3.254294279031455517e-04,1.748826703988015652e-03,1.197544974274933338e-03
2.255376815795898438e+00,7.058597564697265625e+00,5.214889049530029297e+00,9.999998807907104492e-01,-4.189135506749153137e-04,-4.796474240720272064e-05,-4.024104564450681210e-04
2.505223035812377930e+00,1.706856966018676758e+00,6.606894969940185547e+00,9.999989271163940430e-01,1.432310324162244797e-03,-3.477766877040266991e-04,2.096555399475619197e-04
4.383015632629394531e+00,1.596621870994567871e-01,3.526517391204833984e+00,9.998461604118347168e-01,-1.147624477744102478e-02,1.196464803069829941e-02,-5.725246388465166092e-03
7.471693038940429688e+00,4.514748096466064453e+00,2.027719736099243164e+00,9.999935626983642578e-01,-8.933045319281518459e-05,-1.848938874900341034e-03,3.093154402449727058e-03
3.850942611694335938e+00,5.170084476470947266e+00,7.642714977264404297e-01,9.999976754188537598e-01,1.571726985275745392e-03,1.372478203848004341e-03,-5.931658088229596615e-04
7.139782905578613281e+00,2.220261096954345703e+00,1.668536782264709473e+00,9.999996423721313477e-01,-4.238488327246159315e-05,3.467311034910380840e-04,-8.372117881663143635e-04
4.156900882720947266e+00,5.136631056666374207e-02,6.820443630218505859e+00,9.999821782112121582e-01,-8.938868995755910873e-04,-1.273916452191770077e-03,-5.765972658991813660e-03
3.313133239746093750e+00,7.335775852203369141e+00,3.857164144515991211e+00,9.999994635581970215e-01,-3.827330074273049831e-04,-6.034450489096343517e-04,-8.132214425131678581e-04
2.622998476028442383e+00,6.194540500640869141e+00,1.804863572120666504e+00,9.999995231628417969e-01,2.718633622862398624e-04,-7.877426105551421642e-04,-6.446805200539529324e-04
4.412903785705566406e+00,1.982059836387634277e+00,2.945135593414306641e+00,9.999997615814208984e-01,-4.889185074716806412e-04,8.838820212986320257e-05,6.014587706886231899e-04
2.635424137115478516e+00,2.795967578887939453e+00,9.413847327232360840e-01,9.999959468841552734e-01,-2.194796456024050713e-03,-1.664187526330351830e-03,8.489702595397830009e-04
6.316528797149658203e+00,4.548160552978515625e+00,4.421301841735839844e+00,9.999888539314270020e-01,-1.558366464450955391e-03,-9.157257154583930969e-04,-4.378234036266803741e-03
5.893796920776367188e+00,3.149032831192016602e+00,1.526101112365722656e+00,9.999786615371704102e-01,-1.222958817379549146e-04,1.307010068558156490e-03,6.402423605322837830e-03
5.926698207855224609e+00,2.476644068956375122e-01,3.221202611923217773e+00,9.999933242797851562e-01,1.020239898934960365e-03,8.621395099908113480e-04,-3.417903557419776917e-03
5.861418724060058594e+00,4.519750595092773438e+00,6.488087654113769531e+00,9.999884366989135742e-01,2.910966286435723305e-03,3.108179429545998573e-03,2.230687998235225677e-03
4.327661514282226562e+00,6.133301734924316406e+00,4.544830322265625000e+00,9.999943971633911133e-01,2.570957876741886139e-03,-2.059268997982144356e-03,-7.174634956754744053e-04
5.222592830657958984e+00,1.787549406290054321e-01,5.244206428527832031e+00,9.999988675117492676e-01,4.549180157482624054e-04,-9.274293552152812481e-04,-1.177112106233835220e-03
4.282488822937011719e+00,6.186842441558837891e+00,8.713411688804626465e-01,9.999988079071044922e-01,-2.900333201978355646e-04,-7.689801714150235057e-05,1.573168090544641018e-03
6.548463106155395508e-01,5.171091079711914062e+00,5.014251708984375000e+00,9.998895525932312012e-01,2.680893754586577415e-03,-7.768428622512146831e-05,1.462018210440874100e-02
6.711253166198730469e+00,3.047902345657348633e+00,1.484048008918762207e+00,9.999795556068420410e-01,-5.562373553402721882e-04,-5.821499507874250412e-03,-2.572975121438503265e-03
4.035976886749267578e+00,6.033160209655761719e+00,4.120240211486816406e+00,9.999485015869140625e-01,-6.131939124315977097e-03,2.928819274529814720e-03,7.548150140792131424e-03
1.095700860023498535e+00,1.501504421234130859e+00,6.332043170928955078e+00,9.999995231628417969e-01,2.085567102767527103e-04,6.926729111000895500e-04,-7.523033418692648411e-04
4.222141742706298828e+00,4.083551406860351562e+00,7.229802608489990234e-01,9.997661113739013672e-01,-2.044224366545677185e-02,-7.048535626381635666e-03,2.840408124029636383e-04
6.233753681182861328e+00,6.846639156341552734e+00,4.975502014160156250e+00,9.999949932098388672e-01,-1.524168765172362328e-03,-7.463421788997948170e-04,-2.691921778023242950e-03
4.485133647918701172e+00,5.003932952880859375e+00,4.768568992614746094e+00,9.999975562095642090e-01,9.067175560630857944e-04,-1.233803573995828629e-03,-1.633567851968109608e-03
8.830924332141876221e-02,3.501345813274383545e-01,5.414652824401855469e-01,9.999988675117492676e-01,-2.999365970026701689e-04,-1.503023668192327023e-03,7.870479021221399307e-05
5.311737537384033203e+00,4.912874698638916016e+00,4.842968463897705078e+00,9.999940991401672363e-01,2.322492655366659164e-03,1.162851986009627581e-04,2.526676049456000328e-03
4.400850296020507812e+00,3.336712598800659180e+00,5.212577819824218750e+00,9.999965429306030273e-01,-6.299189990386366844e-04,-3.921815950889140368e-04,2.540804212912917137e-03
4.655500352382659912e-01,1.623449623584747314e-01,1.050324320793151855e+00,9.999950528144836426e-01,2.609533490613102913e-03,1.695221988484263420e-03,-6.164214573800563812e-04
5.101589560508728027e-01,6.999564647674560547e+00,6.185168266296386719e+00,9.999679327011108398e-01,-1.453066244721412659e-03,-3.764647524803876877e-03,6.926495581865310669e-03
3.455325603485107422e+00,2.695503473281860352e+00,2.989380359649658203e+00,9.999926686286926270e-01,-1.285907812416553497e-03,-2.776863286271691322e-03,-2.318119164556264877e-03
3.579160928726196289e+00,2.585314750671386719e+00,1.897425889968872070e+00,9.999973773956298828e-01,1.556925592012703419e-03,1.667516771703958511e-03,-3.114163700956851244e-04
1.131221532821655273e+00,1.416238069534301758e+00,3.848499298095703125e+00,9.999387860298156738e-01,2.466903766617178917e-03,9.208736941218376160e-03,-5.621711723506450653e-03
5.445372104644775391e+00,2.084304809570312500e+00,5.509853839874267578e+00,9.999519586563110352e-01,-2.175380941480398178e-03,-8.191746659576892853e-03,4.926056601107120514e-03
2.736093521118164062e+00,7.392521858215332031e+00,3.849061489105224609e+00,9.999575614929199219e-01,4.654157441109418869e-03,-7.034026202745735645e-04,7.921881973743438721e-03
2.335903644561767578e+00,5.534942626953125000e+00,3.395470619201660156e+00,9.999995231628417969e-01,-6.679990910924971104e-04,-4.040726635139435530e-04,-6.740689277648925781e-04
2.108693122863769531e+00,3.474901914596557617e+00,1.594166159629821777e+00,9.999943971633911133e-01,9.013440576381981373e-04,-3.074511187151074409e-03,9.262554813176393509e-04
4.746349811553955078e+00,1.577158212661743164e+00,2.368481874465942383e+00,9.999939799308776855e-01,1.069382633431814611e-04,7.097533089108765125e-04,-3.414561273530125618e-03
7.353930950164794922e+00,1.084542989730834961e+00,6.741442203521728516e+00,9.998310208320617676e-01,-9.043934755027294159e-03,-1.262072753161191940e-02,-9.844757616519927979e-03
3.880074262619018555e+00,6.951876163482666016e+00,6.445822715759277344e+00,9.999996423721313477e-01,5.382671370171010494e-04,-3.390608762856572866e-04,6.524258060380816460e-04
5.433596134185791016e+00,6.573976516723632812e+00,9.926730394363403320e-01,9.998475313186645508e-01,9.611242567189037800e-04,-1.723845116794109344e-02,2.632995136082172394e-03
8.243963718414306641e-01,5.287688732147216797e+00,2.390777587890625000e+00,9.999959468841552734e-01,-2.140565775334835052e-03,-1.881703967228531837e-03,-4.141363897360861301e-04
6.808522701263427734e+00,5.635872840881347656e+00,6.417320251464843750e+00,9.999909996986389160e-01,-2.662486862391233444e-03,2.154512330889701843e-03,2.516228007152676582e-03
6.703557491302490234e+00,1.355078101158142090e+00,1.387123107910156250e+00,9.999893307685852051e-01,2.652929862961173058e-03,-3.637837013229727745e-03,1.072571612894535065e-03
2.109471797943115234e+00,3.750465631484985352e+00,6.378029823303222656e+00,9.999987483024597168e-01,-1.049305777996778488e-03,1.110266777686774731e-03,-5.546011961996555328e-04
1.274460852146148682e-01,3.154604434967041016e+00,7.488234043121337891e+00,9.999940395355224609e-01,-3.342477371916174889e-03,-8.261266048066318035e-04,-2.039427345152944326e-04
6.497620344161987305e-01,3.949135303497314453e+00,1.767035365104675293e+00,9.998163580894470215e-01,-3.613665001466870308e-03,1.461207866668701172e-02,1.186096202582120895e-02
5.718861103057861328e+00,5.116982460021972656e+00,3.339613676071166992e+00,9.999981522560119629e-01,-1.176212914288043976e-03,-7.752115488983690739e-04,1.345266704447567463e-03
4.839568614959716797e+00,2.033770322799682617e+00,6.545562744140625000e+00,9.999986290931701660e-01,1.497148186899721622e-03,-2.603416505735367537e-04,7.597210351377725601e-04
5.826381206512451172e+00,6.229206085205078125e+00,1.352223515510559082e+00,9.999719262123107910e-01,1.501151244156062603e-03,-4.321874585002660751e-03,-5.942707415670156479e-03
2.100630760192871094e+00,4.003950119018554688e+00,2.932381629943847656e+00,9.999988675117492676e-01,2.308904804522171617e-04,-1.279759337194263935e-03,8.675745921209454536e-04
5.742931842803955078e+00,5.043602466583251953e+00,1.159283757209777832e+00,9.999988675117492676e-01,7.694727974012494087e-04,-1.115942490287125111e-03,7.663135183975100517e-04
7.426530838012695312e+00,4.164854526519775391e+00,5.355248928070068359e+00,9.999981522560119629e-01,2.403368125669658184e-05,1.107380725443363190e-03,-1.610278850421309471e-03
6.723031520843505859e+00,1.515804409980773926e+00,6.117240190505981445e-01,1.000000000000000000e+00,-1.885650417534634471e-04,-1.512102753622457385e-04,-2.647607470862567425e-05
2.253352880477905273e+00,6.250257968902587891e+00,7.027110099792480469e+00,9.999990463256835938e-01,-3.719017695402726531e-05,-1.439481973648071289e-03,-1.172522388515062630e-04
3.565447568893432617e+00,3.080058395862579346e-01,4.654634952545166016e+00,9.999738335609436035e-01,-4.710871726274490356e-03,-2.322225132957100868e-03,4.981103818863630295e-03
5.488588333129882812e+00,3.106648206710815430e+00,6.762997627258300781e+00,9.999889731407165527e-01,3.153609286528080702e-04,4.530667327344417572e-03,1.225439948029816151e-03
7.562652230262756348e-01,2.353308677673339844e+00,3.975205183029174805e+00,9.999979138374328613e-01,1.312448643147945404e-03,-1.549339620396494865e-03,-3.635884204413741827e-04
5.400798320770263672e+00,3.882542371749877930e+00,2.079697847366333008e+00,9.999883770942687988e-01,1.732110744342207909e-03,-1.220779609866440296e-03,4.349776078015565872e-03
3.239339113235473633e+00,3.183108091354370117e+00,5.493848800659179688e+00,9.999989867210388184e-01,9.819399565458297729e-04,1.032727421261370182e-03,-1.043029114953242242e-04
3.473947763442993164e+00,7.417449474334716797e+00,7.412748336791992188e+00,9.999939203262329102e-01,8.312018471769988537e-04,-3.001117845997214317e-03,-1.592500950209796429e-03
1.716604709625244141e+00,6.673793792724609375e+00,1.501955538988113403e-01,9.999985694885253906e-01,9.927600622177124023e-04,6.171022541821002960e-04,-1.263356418348848820e-03
5.839117050170898438e+00,1.000671505928039551e+00,1.975807547569274902e-01,9.999782443046569824e-01,-1.556992530822753906e-03,-3.341363277286291122e-03,-5.481851752847433090e-03
6.951571464538574219e+00,6.355356693267822266e+00,4.154380321502685547e+00,9.999841451644897461e-01,-6.657554768025875092e-04,-1.750580500811338425e-03,5.312835797667503357e-03
6.989745616912841797e+00,7.797286659479141235e-02,5.314700126647949219e+00,9.999852776527404785e-01,1.339548500254750252e-03,3.579571784939616919e-04,5.245205014944076538e-03
1.146656632423400879e+00,3.692592859268188477e+00,2.792115688323974609e+00,9.998993873596191406e-01,-1.136946026235818863e-02,-5.192593671381473541e-03,-6.707636639475822449e-03
3.619456291198730469e+00,2.118048429489135742e+00,5.172094345092773438e+00,9.999830126762390137e-01,4.050427582114934921e-03,-3.484922344796359539e-04,4.187221173197031021e-03
3.170673608779907227e+00,2.950339317321777344e+00,4.464789867401123047e+00,9.998595714569091797e-01,-6.925639696419239044e-03,-2.023425186052918434e-03,-1.512779388576745987e-02
4.890335083007812500e+00,4.511743068695068359e+00,9.083970785140991211e-01,9.999994635581970215e-01,1.336858549620956182e-04,4.539253422990441322e-04,-1.018428243696689606e-03
6.314080238342285156e+00,2.864361286163330078e+00,1.667921543121337891e+00,9.999908804893493652e-01,-1.358076115138828754e-03,-3.308152547106146812e-03,2.365747466683387756e-03
7.499003410339355469e-01,6.685034275054931641e+00,7.096018314361572266e+00,9.999754428863525391e-01,5.756972357630729675e-03,-1.600449788384139538e-03,3.683069720864295959e-03
1.724695563316345215e+00,4.810050964355468750e+00,5.050774574279785156e+00,9.999852776527404785e-01,2.270097611472010612e-04,4.113489296287298203e-03,3.537811804562807083e-03
7.421028614044189453e+00,5.136907577514648438e+00,9.411812424659729004e-01,9.999992847442626953e-01,-1.418992032995447516e-04,4.076948680449277163e-04,1.153381192125380039e-03
5.984269618988037109e+00,7.347967624664306641e+00,3.944657564163208008e+00,9.999951124191284180e-01,1.505341497249901295e-03,2.121919242199510336e-04,-2.758017508313059807e-03
5.335431575775146484e+00,2.778666496276855469e+00,5.886821269989013672e+00,9.999988079071044922e-01,-1.251016219612210989e-04,-8.713703718967735767e-04,-1.327592064626514912e-03
1.388102531433105469e+00,5.569663047790527344e+00,7.166698455810546875e+00,9.999989271163940430e-01,1.078405999578535557e-03,1.044658478349447250e-03,-1.857617317000404000e-04
1.529421448707580566e+00,3.744952678680419922e-01,5.250585556030273438e+00,9.999815821647644043e-01,-2.600213745608925819e-03,-5.151049699634313583e-03,1.901629031635820866e-03
5.770294189453125000e+00,4.824072837829589844e+00,2.527975320816040039e+00,9.999513030052185059e-01,-3.377237822860479355e-03,8.545394055545330048e-03,-3.608750412240624428e-03
2.380144834518432617e+00,4.554618835449218750e+00,5.877727866172790527e-01,9.999902248382568359e-01,-1.631131308386102319e-04,3.011004300788044930e-03,3.231121227145195007e-03
3.341759204864501953e+00,7.157246589660644531e+00,1.676898241043090820e+00,9.999974370002746582e-01,-7.141769165173172951e-04,1.822141697630286217e-03,-1.157834427431225777e-03
1.330948829650878906e+00,4.824144840240478516e+00,6.680472373962402344e+00,9.996552467346191406e-01,-2.403653599321842194e-02,9.165658615529537201e-03,-5.256682634353637695e-03
7.121926307678222656e+00,6.312846660614013672e+00,5.684231758117675781e+00,9.999802112579345703e-01,-6.068100221455097198e-03,1.136683742515742779e-03,1.210615388117730618e-03
5.363011837005615234e+00,5.128703594207763672e+00,5.700374245643615723e-01,9.999982714653015137e-01,-5.410036537796258926e-04,-1.574433292262256145e-03,8.138464763760566711e-04
3.944431066513061523e+00,2.030610322952270508e+00,3.380499839782714844e+00,9.999997019767761230e-01,-1.164398563560098410e-04,2.390844456385821104e-04,8.264022762887179852e-04
7.107938766479492188e+00,3.324484109878540039e+00,9.253656864166259766e-02,9.999977350234985352e-01,2.188029029639437795e-04,9.154693107120692730e-04,1.939642941579222679e-03
3.679113090038299561e-01,4.018146038055419922e+00,4.854588985443115234e+00,9.999931454658508301e-01,3.125470131635665894e-03,-1.403492526151239872e-03,-1.445314614102244377e-03
6.001685619354248047e+00,3.466604948043823242e+00,4.715294361114501953e+00,9.999419450759887695e-01,6.960206083022058010e-04,-7.837347686290740967e-03,7.356936577707529068e-03
3.919888496398925781e+00,4.852814674377441406e+00,4.055850505828857422e+00,9.999991059303283691e-01,-1.062429393641650677e-03,6.675290642306208611e-04,4.273129161447286606e-04
2.214524984359741211e+00,4.603346347808837891e+00,3.864984273910522461e+00,9.999974370002746582e-01,-9.369059116579592228e-04,-1.201985753141343594e-03,1.728026312775909901e-03
3.298971176147460938e+00,1.690532684326171875e+00,1.476750373840332031e+00,9.999738931655883789e-01,-4.993898328393697739e-03,-2.313947305083274841e-03,-4.689562134444713593e-03
5.896368026733398438e-01,2.937439680099487305e+00,1.462825894355773926e+00,9.999982714653015137e-01,8.350238786078989506e-04,1.615968649275600910e-03,-3.355905646458268166e-04
3.504801034927368164e+00,3.043170928955078125e+00,5.154046058654785156e+00,9.999963641166687012e-01,1.750252209603786469e-03,1.082220929674804211e-03,-1.763670239597558975e-03
7.446852207183837891e+00,3.491039514541625977e+00,6.442811489105224609e+00,9.999786615371704102e-01,5.673468578606843948e-03,4.319749496062286198e-05,3.257987089455127716e-03
3.526791334152221680e+00,2.489153385162353516e+00,4.529973506927490234e+00,9.999197721481323242e-01,-1.190085057169198990e-02,-9.743541595526039600e-04,4.240807611495256424e-03
2.307580947875976562e+00,7.480104446411132812e+00,1.140598416328430176e+00,9.999866485595703125e-01,-2.493226202204823494e-03,-4.539573565125465393e-03,1.487912959419190884e-04
2.464749097824096680e+00,3.685316324234008789e+00,6.858569979667663574e-01,9.999886155128479004e-01,-1.183296786621212959e-03,9.472449310123920441e-04,4.532864782959222794e-03
3.484657526016235352e+00,7.449526190757751465e-01,7.114612579345703125e+00,9.999822974205017090e-01,2.885041758418083191e-03,4.834531806409358978e-03,1.940235262736678123e-03
3.438802361488342285e-01,7.443117618560791016e+00,2.297168523073196411e-01,9.999035000801086426e-01,-3.079752670601010323e-03,-1.204557996243238449e-02,-6.211216561496257782e-03
1.196256399154663086e+00,6.484963893890380859e+00,3.914661407470703125e+00,9.999988675117492676e-01,-1.038370537571609020e-03,-1.130503020249307156e-03,8.761336357565596700e-05
3.718726873397827148e+00,6.920248985290527344e+00,5.609765052795410156e+00,9.999992847442626953e-01,-8.726887172088027000e-04,3.859833523165434599e-04,7.968245772644877434e-04
3.945569038391113281e+00,7.419701099395751953e+00,5.015406608581542969e+00,9.999804496765136719e-01,-2.189920982345938683e-03,5.731211043894290924e-03,1.241665566340088844e-03
4.620518207550048828e+00,1.401386130601167679e-02,3.334876537322998047e+00,9.999641776084899902e-01,-4.455484915524721146e-03,-6.619316991418600082e-04,7.177303545176982880e-03
5.867424488067626953e+00,5.790882110595703125e+00,3.803202629089355469e+00,9.999945163726806641e-01,-1.814651302993297577e-03,-2.748144324868917465e-03,-3.060057351831346750e-04
6.334456920623779297e+00,6.056950569152832031e+00,4.282972514629364014e-01,9.999988675117492676e-01,-2.384729159530252218e-04,-1.367850927636027336e-03,6.073323893360793591e-04
6.126350402832031250e+00,1.024425029754638672e+00,5.056836605072021484e-01,9.999959468841552734e-01,6.863155867904424667e-04,2.545533236116170883e-03,-1.056535169482231140e-03
7.335297584533691406e+00,4.014796733856201172e+00,2.849421262741088867e+00,9.999898076057434082e-01,-2.245374256744980812e-03,2.168000210076570511e-03,-3.272560657933354378e-03
5.370515346527099609e+00,4.917660713195800781e+00,2.667531371116638184e-01,9.999995827674865723e-01,3.356183005962520838e-04,2.608326030895113945e-04,8.823382086120545864e-04
1.434632897377014160e+00,1.184193253517150879e+00,1.161074489355087280e-01,9.999856352806091309e-01,-2.035557990893721581e-03,-1.687039737589657307e-03,4.671588074415922165e-03
5.813019752502441406e+00,5.673657894134521484e+00,6.250438690185546875e+00,9.999979138374328613e-01,4.565784474834799767e-04,1.691914629191160202e-03,-1.070618513040244579e-03
5.667131423950195312e+00,5.305130004882812500e+00,5.492488384246826172e+00,9.999521374702453613e-01,-7.806953508406877518e-03,2.992021851241588593e-03,-5.084681324660778046e-03
2.284027814865112305e+00,5.087448596954345703e+00,4.833564758300781250e-01,9.999889731407165527e-01,-4.036966711282730103e-03,2.261023037135601044e-03,8.131745271384716034e-04
9.206596612930297852e-01,6.342305660247802734e+00,1.712171792984008789e+00,9.999945163726806641e-01,2.092792128678411245e-04,6.620303029194474220e-04,-3.263535443693399429e-03
3.200294017791748047e+00,3.250628471374511719e+00,9.106239676475524902e-01,9.998924732208251953e-01,2.792103914543986320e-03,-1.288181822746992111e-02,-6.428388413041830063e-03
9.715403914451599121e-01,5.514717578887939453e+00,1.930517315864562988e+00,9.999808073043823242e-01,-4.719981923699378967e-03,-1.190666574984788895e-03,3.832685528323054314e-03
5.359591960906982422e+00,3.338611841201782227e+00,1.554653048515319824e+00,9.998188614845275879e-01,-8.902083151042461395e-03,1.429796032607555389e-02,8.861958049237728119e-03
3.067137241363525391e+00,2.002684831619262695e+00,4.606100082397460938e+00,9.999998211860656738e-01,-1.203736828756518662e-04,3.282936231698840857e-04,-5.975947133265435696e-04
2.716535091400146484e+00,6.374628543853759766e+00,1.253442287445068359e+00,9.999994635581970215e-01,1.292258530156686902e-04,-9.850300848484039307e-04,-4.333564720582216978e-04
1.329324841499328613e+00,4.480346679687500000e+00,3.138400316238403320e+00,9.999983310699462891e-01,-5.385411204770207405e-04,1.410001423209905624e-03,-1.092211226932704449e-03
1.920136809349060059e+00,4.454009056091308594e+00,6.476640105247497559e-01,9.999915361404418945e-01,3.667842829599976540e-03,-7.819510065019130707e-04,1.740519655868411064e-03
4.206074237823486328e+00,8.590105175971984863e-01,3.074638366699218750e+00,9.999358057975769043e-01,-1.917701796628534794e-03,-2.009282587096095085e-03,-1.098184008151292801e-02
3.671526193618774414e+00,5.971852302551269531e+00,9.398680329322814941e-01,9.999995827674865723e-01,8.614570833742618561e-04,-4.568239091895520687e-05,-4.453728906810283661e-04
7.187915802001953125e+00,7.063658714294433594e+00,2.439318656921386719e+00,9.999648928642272949e-01,-6.580776069313287735e-03,-1.198862679302692413e-03,5.048357881605625153e-03
3.459419250488281250e+00,3.789859056472778320e+00,1.448451876640319824e+00,9.999859929084777832e-01,1.125267590396106243e-03,4.430256318300962448e-03,2.688029315322637558e-03
7.437133789062500000e-01,3.326288163661956787e-01,4.576678276062011719e+00,9.999887943267822266e-01,4.591889155562967062e-04,-9.318481315858662128e-04,-4.633722826838493347e-03
4.398960113525390625e+00,4.951866149902343750e+00,6.261605739593505859e+00,9.999116659164428711e-01,1.551273395307362080e-03,1.249633915722370148e-02,4.266652278602123260e-03
4.061720371246337891e+00,5.541023254394531250e+00,4.822623252868652344e+00,9.999995231628417969e-01,3.482172323856502771e-04,-9.041027515195310116e-04,-3.563788777682930231e-04
4.433222293853759766e+00,3.440695047378540039e+00,6.097284793853759766e+00,9.999942779541015625e-01,-1.635123742744326591e-03,1.527285668998956680e-03,2.534816041588783264e-03
3.487702608108520508e+00,8.804979324340820312e-01,3.258158445358276367e+00,9.998574852943420410e-01,1.237477920949459076e-02,-5.087255965918302536e-03,-1.029879041016101837e-02
7.757671922445297241e-02,4.579034805297851562e+00,2.557181358337402344e+00,9.997861385345458984e-01,4.899801220744848251e-03,1.999904215335845947e-02,-1.930106081999838352e-03
2.692850828170776367e+00,7.076319217681884766e+00,3.894424200057983398e+00,9.999519586563110352e-01,3.276997944340109825e-03,-4.160361364483833313e-03,8.250088430941104889e-03
6.168931007385253906e+00,6.654612064361572266e+00,7.469982624053955078e+00,9.999986886978149414e-01,-1.486515277065336704e-03,5.840433877892792225e-04,-3.250938898418098688e-04
4.662108421325683594e+00,5.200455188751220703e+00,2.829029321670532227e+00,9.996832609176635742e-01,-2.245509065687656403e-02,-1.125759445130825043e-02,1.569222309626638889e-03
1.421635031700134277e+00,3.216732501983642578e+00,5.077582836151123047e+00,9.999540448188781738e-01,-4.116609226912260056e-03,8.435470052063465118e-03,-1.981851179152727127e-03
4.399306774139404297e+00,6.772026538848876953e+00,4.816252708435058594e+00,9.999980330467224121e-01,1.340265385806560516e-03,-3.250245063100010157e-04,1.399792265146970749e-03
3.989625453948974609e+00,2.413473129272460938e+00,5.413507461547851562e+00,9.999961853027343750e-01,-1.002648146823048592e-03,-1.610847539268434048e-03,-2.037862781435251236e-03
3.048010826110839844e+00,3.504491090774536133e+00,3.138018131256103516e+00,9.997963905334472656e-01,-2.172916429117321968e-03,1.917294599115848541e-02,5.911303218454122543e-03
1.430175542831420898e+00,3.089103221893310547e+00,5.789517164230346680e-01,9.999681711196899414e-01,6.400707643479108810e-03,3.250953508540987968e-03,3.489908529445528984e-03
3.945946931838989258e+00,5.273271083831787109e+00,5.408528804779052734e+00,9.999993443489074707e-01,-1.139273517765104771e-03,1.306175981881096959e-04,4.092289018444716930e-04
8.580901622772216797e-01,3.840862989425659180e+00,3.155163288116455078e+00,9.999868273735046387e-01,3.085851669311523438e-03,-3.435003571212291718e-03,-2.250959165394306183e-03
4.308735370635986328e+00,3.701377630233764648e+00,2.091636419296264648e+00,9.999971389770507812e-01,-4.772648971993476152e-04,-1.370244077406823635e-03,1.891582855023443699e-03
1.503492474555969238e+00,7.990550398826599121e-01,4.717323303222656250e+00,9.999870061874389648e-01,-3.157530154567211866e-04,4.813938576262444258e-04,5.079916212707757950e-03
4.033812522888183594e+00,2.163048267364501953e+00,2.522761106491088867e+00,9.999974966049194336e-01,-1.154628000222146511e-03,-1.907146070152521133e-03,-3.126335213892161846e-04
2.475031137466430664e+00,1.367474317550659180e+00,5.420698642730712891e+00,9.998307824134826660e-01,5.877253133803606033e-03,-8.632996119558811188e-03,-1.514836028218269348e-02
5.566677093505859375e+00,7.370968341827392578e+00,4.989800930023193359e+00,9.999999403953552246e-01,2.560128632467240095e-04,2.833823091350495815e-04,-1.125418275478295982e-04
2.188116550445556641e+00,6.973818540573120117e-01,2.826968193054199219e+00,9.999909400939941406e-01,-2.361812861636281013e-03,-3.095109714195132256e-03,-1.761046820320188999e-03
2.649213314056396484e+00,1.368295550346374512e+00,6.250603675842285156e+00,9.999983906745910645e-01,-6.670435541309416294e-04,1.538334996439516544e-03,-6.652071024291217327e-04
6.182014465332031250e+00,6.175697326660156250e+00,4.424161911010742188e+00,9.999960660934448242e-01,8.936294470913708210e-04,-2.474613022059202194e-03,1.039039343595504761e-03
1.570936918258666992e+00,2.933008432388305664e+00,5.357833385467529297e+00,9.999983310699462891e-01,9.025549516081809998e-04,1.097495551221072674e-03,-1.171128475107252598e-03
6.721705913543701172e+00,1.106961727142333984e+00,7.281534194946289062e+00,9.999991655349731445e-01,-4.521059454418718815e-04,1.272823661565780640e-03,-7.491967699024826288e-05
4.889202117919921875e+00,4.099576473236083984e+00,6.839978694915771484e+00,9.999990463256835938e-01,4.878489417023956776e-04,1.180276158265769482e-03,6.056020502001047134e-04
3.540500879287719727e+00,4.429946899414062500e+00,5.876192450523376465e-01,9.999983310699462891e-01,-4.044537490699440241e-04,1.567612867802381516e-03,-9.517068392597138882e-04
5.431146621704101562e+00,1.136195778846740723e+00,5.990102767944335938e+00,9.999925494194030762e-01,-3.090085228905081749e-03,2.032691612839698792e-03,-1.114564365707337856e-03
5.781003952026367188e+00,9.294422268867492676e-01,3.520752429962158203e+00,9.999936819076538086e-01,-3.400028217583894730e-03,-4.083437088411301374e-04,1.004680641926825047e-03
6.582032203674316406e+00,3.175383329391479492e+00,4.563251018524169922e+00,9.999949336051940918e-01,1.996833831071853638e-03,-2.453224733471870422e-03,4.299140709917992353e-04
2.667203664779663086e+00,3.779857754707336426e-01,4.169144630432128906e+00,9.999994635581970215e-01,1.068728277459740639e-03,-1.468720438424497843e-05,1.033537409966811538e-04
4.625585079193115234e+00,2.698782205581665039e+00,5.013548731803894043e-01,9.999321699142456055e-01,6.080002989619970322e-03,-2.074616495519876480e-03,-9.723190218210220337e-03
7.040296077728271484e+00,1.053775310516357422e+00,1.618334412574768066e+00,9.999989867210388184e-01,9.891603986034169793e-05,1.481273444369435310e-03,-2.166444173781201243e-04
7.185303211212158203e+00,5.243382453918457031e+00,2.850390911102294922e+00,9.999958276748657227e-01,-1.453501754440367222e-03,-2.021474996581673622e-03,-1.484898384660482407e-03
1.442948818206787109e+00,4.063503265380859375e+00,3.976540088653564453e+00,9.999878406524658203e-01,-3.409100463613867760e-03,-2.512769773602485657e-03,-2.550822449848055840e-03
2.143391847610473633e+00,5.799608230590820312e+00,2.969880580902099609e+00,9.999987483024597168e-01,-1.600489486008882523e-03,-1.882664364529773593e-04,-7.842291961424052715e-05
6.093509674072265625e+00,4.244151115417480469e+00,4.664761543273925781e+00,9.999428987503051758e-01,2.662875223904848099e-03,-1.098012900911271572e-03,-1.029233355075120926e-02
7.362150669097900391e+00,7.504516839981079102e-02,5.795292377471923828e+00,9.999998807907104492e-01,-1.983798720175400376e-04,5.020829266868531704e-04,2.732018183451145887e-04
2.971857309341430664e+00,3.410600900650024414e+00,4.932310581207275391e+00,9.999993443489074707e-01,1.034107874147593975e-03,-2.696416922844946384e-04,5.360436625778675079e-04
1.436380982398986816e+00,2.114805221557617188e+00,2.034752666950225830e-01,9.999838471412658691e-01,1.888649305328726768e-03,3.961980692110955715e-04,-5.360829178243875504e-03
4.979715824127197266e+00,4.811018109321594238e-01,2.745382547378540039e+00,9.999982714653015137e-01,3.506330176605843008e-05,-1.679865992628037930e-03,8.277169545181095600e-04
6.651222705841064453e+00,4.669228553771972656e+00,3.187679290771484375e+00,9.999910593032836914e-01,3.257802221924066544e-03,-8.712842245586216450e-04,2.562162000685930252e-03
1.777868509292602539e+00,4.168831825256347656e+00,7.194864273071289062e+00,9.999946951866149902e-01,7.603883859701454639e-04,-3.027038648724555969e-03,9.568725363351404667e-04
6.692718982696533203e+00,5.819540619850158691e-01,6.657888412475585938e+00,9.999658465385437012e-01,3.575031179934740067e-03,7.293181493878364563e-03,1.535113551653921604e-03
2.146474599838256836e+00,3.920705318450927734e+00,3.600578546524047852e+00,9.999998807907104492e-01,-5.441281828097999096e-04,-1.430711854482069612e-04,1.198878017021343112e-04
2.573546886444091797e+00,4.302057743072509766e+00,6.205542564392089844e+00,9.998981356620788574e-01,1.447485643438994884e-03,8.809342049062252045e-03,1.113821566104888916e-02
3.686783552169799805e+00,3.810933232307434082e-01,2.079830408096313477e+00,9.998735785484313965e-01,-1.103420462459325790e-02,-8.044159039855003357e-03,-8.150953799486160278e-03
3.711776494979858398e+00,6.198923110961914062e+00,1.659494638442993164e-01,9.999338984489440918e-01,1.052356418222188950e-02,3.611199092119932175e-03,-2.915067365393042564e-03
4.504622220993041992e-01,6.424437999725341797e+00,7.205183029174804688e+00,9.999974966049194336e-01,-4.556095518637448549e-04,-1.868777209892868996e-03,1.195865217596292496e-03
6.816038131713867188e+00,7.270651817321777344e+00,7.100440979003906250e+00,9.999995827674865723e-01,-7.834743591956794262e-04,2.607718051876872778e-04,5.627388600260019302e-04
7.495547533035278320e-01,5.267361640930175781e+00,4.720791339874267578e+00,9.997386336326599121e-01,-5.845409352332353592e-03,-2.075153030455112457e-02,-7.613520603626966476e-03
6.487643718719482422e+00,1.854129076004028320e+00,7.400320053100585938e+00,9.999987483024597168e-01,7.069723797030746937e-04,9.205141104757785797e-04,-1.142905559390783310e-03
4.126573503017425537e-01,2.838551282882690430e+00,6.264680862426757812e+00,9.999899268150329590e-01,-1.588781247846782207e-03,-2.938887802883982658e-03,3.020357340574264526e-03
3.797354549169540405e-02,7.084600448608398438e+00,2.350431442260742188e+00,9.999981522560119629e-01,1.986775314435362816e-04,-1.332265906967222691e-03,1.420523505657911301e-03
2.750387430191040039e+00,2.346972227096557617e+00,4.073150157928466797e+00,9.999988079071044922e-01,7.529805880039930344e-04,-6.263918476179242134e-04,-1.178969861939549446e-03
5.806064605712890625e+00,3.057893514633178711e+00,5.544947147369384766e+00,9.999200105667114258e-01,-3.446253249421715736e-03,-5.312882363796234131e-03,1.094949338585138321e-02
1.695816516876220703e+00,1.608336925506591797e+00,1.043334245681762695e+00,9.999910593032836914e-01,-3.642631461843848228e-03,2.159965224564075470e-03,-2.733968140091747046e-04
3.585042953491210938e+00,7.388454437255859375e+00,4.218773543834686279e-01,9.999868273735046387e-01,-2.736910944804549217e-03,4.131162073463201523e-03,-1.326117198914289474e-03
5.397774696350097656e+00,1.098694205284118652e+00,3.507021903991699219e+00,9.999996423721313477e-01,-1.766007517289835960e-05,-8.214293629862368107e-04,3.148790856357663870e-04
2.314620018005371094e+00,1.539626121520996094e+00,6.367892265319824219e+00,9.999781847000122070e-01,6.344737019389867783e-03,8.095941739156842232e-04,-1.650866121053695679e-03
2.322741985321044922e+00,7.395295053720474243e-02,2.736203193664550781e+00,9.997580051422119141e-01,1.831222511827945709e-02,-1.177321374416351318e-02,3.176592756062746048e-03
5.788136005401611328e+00,3.977197647094726562e+00,3.714011907577514648e+00,9.999982714653015137e-01,-1.139430096372961998e-03,-1.124666887335479259e-03,-9.772701887413859367e-04
2.033145427703857422e+00,1.073035359382629395e+00,1.991783499717712402e+00,9.999950528144836426e-01,-2.173646353185176849e-03,1.943679410032927990e-03,-1.210095942951738834e-03
4.450952053070068359e+00,2.605151414871215820e+00,4.924118995666503906e+00,9.999531507492065430e-01,-3.529906505718827248e-03,8.382466621696949005e-03,-3.313804976642131805e-03
2.601221561431884766e+00,3.223816871643066406e+00,9.664561152458190918e-01,9.999933838844299316e-01,-8.016505162231624126e-04,2.573041012510657310e-03,-2.462526084855198860e-03
1.473788499832153320e+00,1.824559450149536133e+00,1.199852943420410156e+00,9.999973177909851074e-01,-9.369219187647104263e-04,2.109833061695098877e-03,-1.261798570340033621e-05
2.356040239334106445e+00,7.115165710449218750e+00,3.978257417678833008e+00,9.998354315757751465e-01,8.832304738461971283e-03,2.130849752575159073e-03,-1.570185273885726929e-02
3.576485872268676758e+00,4.585427284240722656e+00,1.626403212547302246e+00,9.999996423721313477e-01,-5.960378330200910568e-04,6.292419275268912315e-04,-1.096658379537984729e-04
1.294827938079833984e+00,5.149842262268066406e+00,3.211002349853515625e+00,9.999008178710937500e-01,5.149639211595058441e-03,-1.032698806375265121e-02,8.077464997768402100e-03
2.241491317749023438e+00,6.860495090484619141e+00,4.157015800476074219e+00,9.999796152114868164e-01,-2.499633119441568851e-04,6.178705021739006042e-03,1.617421628907322884e-03
5.565445899963378906e+00,4.712741374969482422e+00,7.077504634857177734e+00,9.999905824661254883e-01,-2.856216859072446823e-03,-2.092861803248524666e-03,-2.521918853744864464e-03
2.241937160491943359e+00,3.560553073883056641e+00,6.972242832183837891e+00,9.999968409538269043e-01,-1.061615999788045883e-03,-1.028767655952833593e-04,-2.299181651324033737e-03
2.002814292907714844e+00,1.559566736221313477e+00,4.789225101470947266e+00,9.999972581863403320e-01,2.016240963712334633e-03,5.092709325253963470e-04,-1.131646800786256790e-03
5.324557304382324219e+00,5.529164791107177734e+00,3.513604700565338135e-01,9.999921321868896484e-01,-2.534600789658725262e-04,-3.400619141757488251e-03,2.058588666841387749e-03
6.590620994567871094e+00,3.012020826339721680e+00,7.088382720947265625e+00,9.999893903732299805e-01,1.001790747977793217e-03,-8.014745544642210007e-04,4.435312468558549881e-03
6.297861337661743164e-01,6.225819587707519531e+00,4.699291229248046875e+00,9.999998211860656738e-01,6.692620809189975262e-04,-1.866965467343106866e-04,-4.220446862746030092e-05
7.457115650177001953e+00,9.558874964714050293e-01,5.925080776214599609e+00,9.999514818191528320e-01,-5.264014936983585358e-03,8.231227286159992218e-03,-1.249201595783233643e-03
5.818520545959472656e+00,5.791643142700195312e+00,4.259599685668945312e+00,9.998494386672973633e-01,-1.124152541160583496e-02,-8.753393776714801788e-04,1.319164037704467773e-02
5.682852268218994141e-01,1.480014085769653320e+00,4.475692749023437500e+00,9.999955892562866211e-01,8.415777701884508133e-04,-1.881588250398635864e-03,-2.174447989091277122e-03
3.968059539794921875e+00,2.617532312870025635e-01,6.267253875732421875e+00,9.999942183494567871e-01,-1.675681094639003277e-03,-1.924186828546226025e-03,2.277663443237543106e-03
5.209703445434570312e+00,6.108294010162353516e+00,8.898163437843322754e-01,9.999954700469970703e-01,5.967470351606607437e-04,1.799530000425875187e-03,2.365942113101482391e-03
7.290211677551269531e+00,1.895004153251647949e+00,4.666425704956054688e+00,9.999985098838806152e-01,1.613215543329715729e-03,-1.857313473010435700e-04,-6.532521802000701427e-04
1.753198653459548950e-01,6.088818550109863281e+00,4.893670082092285156e+00,9.999712705612182617e-01,-5.128594784764572978e-05,-1.436247373931109905e-03,-7.442668080329895020e-03
6.823663711547851562e+00,3.817617654800415039e+00,9.836906194686889648e-01,9.998241662979125977e-01,1.104238210245966911e-03,1.518009882420301437e-02,1.095722801983356476e-02
7.222167968750000000e+00,3.799241304397583008e+00,1.238845884799957275e-01,9.999583959579467773e-01,-2.561038825660943985e-03,7.924335077404975891e-03,-3.710783785209059715e-03
7.384974360466003418e-01,2.040862321853637695e+00,2.788005590438842773e+00,9.999990463256835938e-01,9.434600360691547394e-04,-3.629190032370388508e-04,-1.003009616397321224e-03
3.614526748657226562e+00,5.491079807281494141e+00,4.828506469726562500e+00,9.999979138374328613e-01,4.866094386670738459e-04,-1.907889149151742458e-03,6.901363958604633808e-04
1.655719518661499023e+00,5.426029205322265625e+00,1.377852201461791992e+00,9.999969005584716797e-01,1.017023823806084692e-04,-2.149500884115695953e-03,-1.307930680923163891e-03
7.310428619384765625e+00,1.674676060676574707e+00,7.270451545715332031e+00,9.999991059303283691e-01,1.167402719147503376e-03,-6.252716411836445332e-04,4.018670297227799892e-04
2.471364498138427734e+00,1.381954312324523926e+00,7.386663436889648438e+00,9.999980330467224121e-01,-4.501729563344269991e-04,-1.814346644096076488e-03,-6.571234553121030331e-04
5.570461273193359375e+00,5.091057777404785156e+00,4.042102813720703125e+00,9.999929070472717285e-01,1.090223202481865883e-03,2.257369691506028175e-03,2.843039808794856071e-03
6.991712570190429688e+00,7.134289741516113281e+00,9.246491789817810059e-01,9.999989271163940430e-01,-1.432248856872320175e-03,-4.867572861257940531e-04,-1.277837291127070785e-04
3.767490863800048828e+00,5.705366730690002441e-01,7.088457584381103516e+00,9.999965429306030273e-01,-1.279156771488487720e-03,2.191103994846343994e-03,7.766215130686759949e-04
4.546913623809814453e+00,7.487055301666259766e+00,1.703598260879516602e+00,9.999990463256835938e-01,-7.008585380390286446e-04,6.776311784051358700e-04,1.037679961882531643e-03
4.885149002075195312e+00,7.507403939962387085e-02,4.805561065673828125e+00,9.999717473983764648e-01,-1.117968116886913776e-03,-7.338739465922117233e-03,-1.161129097454249859e-03
1.682773470878601074e+00,3.361768007278442383e+00,7.625360488891601562e-01,9.999979734420776367e-01,1.652235281653702259e-03,7.790031377226114273e-04,9.252759627997875214e-04
1.505107045173645020e+00,5.212457180023193359e+00,2.367223739624023438e+00,9.999969005584716797e-01,-1.081416383385658264e-03,9.485921473242342472e-04,2.070032758638262749e-03
5.221167564392089844e+00,6.346287727355957031e+00,2.069768905639648438e+00,9.999970197677612305e-01,1.942054135724902153e-03,7.007819367572665215e-04,-1.346791512332856655e-03
6.005927562713623047e+00,1.964038014411926270e+00,2.829209566116333008e+00,9.999987483024597168e-01,-2.024620334850624204e-04,2.543393566156737506e-05,-1.598793198354542255e-03
8.600131273269653320e-01,5.004503726959228516e+00,7.489762306213378906e-01,9.999960064888000488e-01,-1.164395478554069996e-03,-2.212693681940436363e-03,-1.365165691822767258e-03
6.884944915771484375e+00,5.640836715698242188e+00,3.270900964736938477e+00,9.998711943626403809e-01,-1.422727218596264720e-04,-1.555366348475217819e-02,3.968270961195230484e-03
2.838958978652954102e+00,4.060107767581939697e-01,1.382311105728149414e+00,9.999982118606567383e-01,-1.912180683575570583e-03,-7.361947064055129886e-05,2.965040330309420824e-04
6.076530456542968750e+00,4.344747543334960938e+00,3.675029039382934570e+00,9.999490976333618164e-01,-8.822643198072910309e-03,-4.901655018329620361e-03,-1.186745357699692249e-04
3.598078727722167969e+00,2.276185274124145508e+00,4.285227298736572266e+00,9.999904632568359375e-01,1.444627996534109116e-03,-2.777399960905313492e-03,3.069822210818529129e-03
2.255620956420898438e+00,1.752559781074523926e+00,2.543570756912231445e+00,9.999911785125732422e-01,-7.261284044943749905e-04,2.240824978798627853e-03,3.495605662465095520e-03
7.129735469818115234e+00,4.333691120147705078e+00,5.308872699737548828e+00,9.999974966049194336e-01,8.247658843174576759e-04,1.111135701648890972e-03,-1.756982994265854359e-03
4.604066848754882812e+00,2.646729946136474609e+00,5.480726242065429688e+00,9.999973177909851074e-01,2.006080467253923416e-03,-1.144944224506616592e-03,4.097161581739783287e-04
7.104032516479492188e+00,2.322123527526855469e+00,7.312039375305175781e+00,9.999922513961791992e-01,2.818875247612595558e-03,2.062242478132247925e-03,-1.859497395344078541e-03
5.513624668121337891e+00,3.316247940063476562e+00,4.316238880157470703e+00,9.997184276580810547e-01,2.273682504892349243e-02,-9.147272212430834770e-04,6.737016141414642334e-03
6.878911018371582031e+00,3.009036540985107422e+00,3.185005903244018555e+00,9.999757409095764160e-01,-4.149718675762414932e-03,-3.322076983749866486e-03,-4.508605692535638809e-03
1.314795613288879395e+00,6.717078685760498047e+00,2.162685871124267578e+00,9.999976754188537598e-01,1.875196583569049835e-03,-6.865955656394362450e-04,9.075641864910721779e-04
5.802801251411437988e-01,3.503248214721679688e+00,3.443320751190185547e+00,9.999721646308898926e-01,5.379541777074337006e-03,4.207410383969545364e-03,-3.011036664247512817e-03
4.549823284149169922e+00,2.987881183624267578e+00,3.595834016799926758e+00,9.997747540473937988e-01,-7.877574302256107330e-03,1.825745217502117157e-02,-7.423929870128631592e-03
3.588443040847778320e+00,6.920088768005371094e+00,5.079332351684570312e+00,9.999996423721313477e-01,-5.575831164605915546e-04,-7.229279726743698120e-04,8.396807970711961389e-05
7.036758422851562500e+00,6.910385608673095703e+00,7.014580249786376953e+00,9.999932050704956055e-01,-2.642240608111023903e-03,6.742354598827660084e-04,2.491230377927422523e-03
4.169801712036132812e+00,5.040300846099853516e+00,5.807740211486816406e+00,9.999919533729553223e-01,-2.850968390703201294e-03,-1.928268931806087494e-03,2.099612029269337654e-03
4.652710914611816406e+00,4.853442192077636719e+00,6.436140537261962891e+00,9.999149441719055176e-01,2.411381341516971588e-03,1.210153941065073013e-02,4.234117921441793442e-03
3.304613590240478516e+00,5.124358654022216797e+00,3.637970209121704102e+00,9.999980330467224121e-01,1.400161534547805786e-03,1.293505541980266571e-03,-6.297777872532606125e-04
6.898984909057617188e+00,2.025736093521118164e+00,1.293877959251403809e+00,9.999922513961791992e-01,-1.385455252602696419e-03,3.724712587427347898e-04,3.671340644359588623e-03
9.476588368415832520e-01,9.137400984764099121e-01,1.315696001052856445e+00,9.999907016754150391e-01,1.897236506920307875e-04,3.510617185384035110e-03,2.497978974133729935e-03
2.309270143508911133e+00,6.644982337951660156e+00,4.389803409576416016e+00,9.996849298477172852e-01,7.086833473294973373e-03,1.631308346986770630e-02,1.771192997694015503e-02
4.496521949768066406e+00,5.165350914001464844e+00,1.943045258522033691e+00,9.999988079071044922e-01,-9.661290096119046211e-04,-1.146160182543098927e-03,4.645639273803681135e-04
6.411000251770019531e+00,3.791591167449951172e+00,4.317925930023193359e+00,9.999903440475463867e-01,-1.945584517670795321e-05,-4.396096337586641312e-03,-1.099904329748824239e-05
5.383183479309082031e+00,8.631729483604431152e-01,1.427774429321289062e+00,9.999983906745910645e-01,1.357926870696246624e-03,-8.671877440065145493e-04,8.404203690588474274e-04
6.057129383087158203e+00,1.281416416168212891e+00,7.704235315322875977e-01,9.999971389770507812e-01,-1.245168270543217659e-03,1.696548075415194035e-03,-1.203936408273875713e-03
4.886457920074462891e+00,3.199666261672973633e+00,6.549547195434570312e+00,9.999978542327880859e-01,9.852629154920578003e-04,1.835079281590878963e-03,-2.337306068511679769e-04
1.784735918045043945e+00,3.287532567977905273e+00,3.963859558105468750e+00,9.999991655349731445e-01,7.325507467612624168e-04,-9.455396211706101894e-04,-5.671525723300874233e-04
7.482566833496093750e+00,3.149580240249633789e+00,9.986890554428100586e-01,9.998685717582702637e-01,1.398300565779209137e-02,-7.599713746458292007e-03,-3.093188861384987831e-03
3.628962278366088867e+00,6.140503287315368652e-02,4.125465869903564453e+00,9.999973177909851074e-01,-5.865991115570068359e-04,-7.202610140666365623e-04,2.156618982553482056e-03
3.740712165832519531e+00,6.339007854461669922e+00,3.645968675613403320e+00,9.999833703041076660e-01,1.994572347030043602e-03,2.937439596280455589e-03,-4.551392979919910431e-03
1.976131319999694824e+00,6.764353752136230469e+00,2.622782468795776367e+00,9.999991059303283691e-01,-3.152287099510431290e-04,8.916499791666865349e-04,1.013444853015244007e-03
7.372910022735595703e+00,5.182727813720703125e+00,3.624224424362182617e+00,9.999874830245971680e-01,-1.858296105638146400e-03,2.109173074131831527e-04,4.646115005016326904e-03
7.273779869079589844e+00,2.673851251602172852e-01,7.338548660278320312e+00,1.000000000000000000e+00,-2.846362476702779531e-04,7.556747004855424166e-05,1.732444980007130653e-05
7.045066833496093750e+00,2.921775341033935547e+00,5.600773334503173828e+00,9.998361468315124512e-01,-6.460567470639944077e-03,-1.424174755811691284e-03,-1.685267314314842224e-02
5.500809669494628906e+00,6.228135108947753906e+00,3.775903224945068359e+00,9.999989867210388184e-01,-8.639501756988465786e-04,1.843324134824797511e-04,1.152073382399976254e-03
4.810999870300292969e+00,4.959701538085937500e+00,2.984852313995361328e+00,9.998906254768371582e-01,-1.232064422219991684e-02,-8.193029090762138367e-03,-4.505570541368797421e-05
3.480168581008911133e+00,2.935787916183471680e+00,1.768693447113037109e+00,9.999974370002746582e-01,1.991923432797193527e-03,8.710655965842306614e-04,-7.439777837134897709e-04
5.740376949310302734e+00,3.544655323028564453e+00,5.188847541809082031e+00,9.999982714653015137e-01,-8.089735638350248337e-04,-1.115204649977385998e-03,1.237570890225470066e-03
4.285879611968994141e+00,1.905789494514465332e+00,1.253659486770629883e+00,9.999997615814208984e-01,1.789655216271057725e-04,3.756618825718760490e-04,6.092425319366157055e-04
7.156721591949462891e+00,4.940866947174072266e+00,3.575516462326049805e+00,9.999820590019226074e-01,4.860793997067958117e-04,-5.661465227603912354e-03,1.887894235551357269e-03
2.591915369033813477e+00,3.983917951583862305e+00,3.171372652053833008e+00,9.999985098838806152e-01,-2.657458244357258081e-04,2.533914521336555481e-04,1.738010323606431484e-03
2.657525777816772461e+00,1.502082705497741699e+00,6.850768566131591797e+00,9.999998211860656738e-01,3.789414768107235432e-04,4.910173011012375355e-04,3.796037926804274321e-04
5.624701499938964844e+00,2.739345073699951172e+00,1.071952104568481445e+00,9.999161362648010254e-01,8.143459446728229523e-03,9.582130238413810730e-03,3.099207067862153053e-03
1.682077884674072266e+00,5.990980148315429688e+00,5.282493591308593750e+00,9.999728202819824219e-01,-3.990294877439737320e-03,1.393280923366546631e-03,6.036909297108650208e-03
5.674203872680664062e+00,5.283886909484863281e+00,2.772442817687988281e+00,9.999979138374328613e-01,-7.968276622705161572e-04,1.085150361177511513e-04,1.914529013447463512e-03
5.700628757476806641e+00,3.097435832023620605e-01,2.857375383377075195e+00,9.999819397926330566e-01,-1.764680142514407635e-03,-2.153122622985392809e-04,-5.748210474848747253e-03
2.286151409149169922e+00,7.244541168212890625e+00,4.540858745574951172e+00,9.999871850013732910e-01,4.847919102758169174e-03,8.957183454185724258e-04,-1.192358438856899738e-03
5.706935405731201172e+00,5.304640293121337891e+00,7.230934143066406250e+00,9.999197125434875488e-01,-5.181855522096157074e-03,1.098224800080060959e-02,-3.645685035735368729e-03
3.789153575897216797e+00,4.083916664123535156e+00,6.551708698272705078e+00,9.999942183494567871e-01,2.439267234876751900e-03,-1.973412930965423584e-03,-1.379594556055963039e-03
6.176866531372070312e+00,1.100432515144348145e+00,1.043610930442810059e+00,9.997329711914062500e-01,1.221680082380771637e-03,2.031552046537399292e-02,-1.094572152942419052e-02
1.227217793464660645e+00,5.818030357360839844e+00,4.429714202880859375e+00,9.999969601631164551e-01,2.329150447621941566e-03,-8.547911420464515686e-04,-1.957943459274247289e-04
2.085547208786010742e+00,2.740364789962768555e+00,2.978777170181274414e+00,9.999973177909851074e-01,-2.058488084003329277e-03,-2.829526056302711368e-05,-1.036119647324085236e-03
1.867113232612609863e+00,4.506567478179931641e+00,2.566793918609619141e+00,9.999525547027587891e-01,4.370819777250289917e-03,3.352076280862092972e-03,8.042498491704463959e-03
5.045081138610839844e+00,6.823241710662841797e+00,5.692105293273925781e+00,9.999888539314270020e-01,3.531595924869179726e-03,-3.158784238621592522e-03,6.253673200262710452e-05
5.325440883636474609e+00,3.534343004226684570e+00,6.683643817901611328e+00,9.999946355819702148e-01,-2.517262473702430725e-03,4.533659084700047970e-04,-2.095030387863516808e-03
5.955180525779724121e-01,1.256645202636718750e+00,7.004553318023681641e+00,9.999998211860656738e-01,2.839350199792534113e-04,5.627002683468163013e-04,-2.474247885402292013e-04
1.392815828323364258e+00,3.231475114822387695e+00,5.854616165161132812e+00,9.999464750289916992e-01,-4.334219731390476227e-03,-7.359342183917760849e-03,5.841935519129037857e-03
1.356268286705017090e+00,4.184914588928222656e+00,6.736572742462158203e+00,9.999984502792358398e-01,-1.760120154358446598e-03,2.918705868069082499e-04,2.305313828401267529e-04
6.806349277496337891e+00,6.184946894645690918e-01,5.676566123962402344e+00,9.999978542327880859e-01,3.483217151369899511e-04,-2.835400518961250782e-04,2.069202251732349396e-03
1.692505836486816406e+00,1.172216087579727173e-01,4.732795059680938721e-01,9.999717473983764648e-01,-7.959489012137055397e-04,-7.189122843556106091e-04,7.440715562552213669e-03
6.228205561637878418e-01,5.198750495910644531e+00,4.002209186553955078e+00,9.999993443489074707e-01,4.638103127945214510e-04,9.363801218569278717e-04,5.791214061900973320e-04
3.610299229621887207e-01,4.351197719573974609e+00,5.451086044311523438e+00,9.998459815979003906e-01,-1.900384086184203625e-03,5.125734489411115646e-03,-1.667818427085876465e-02
3.097584486007690430e+00,5.477637767791748047e+00,7.248873233795166016e+00,9.999709129333496094e-01,7.251664996147155762e-03,-6.523373886011540890e-04,-2.276748185977339745e-03
2.196046352386474609e+00,4.694170475006103516e+00,1.551965117454528809e+00,9.999254345893859863e-01,-5.810612346976995468e-03,-1.025810372084379196e-02,3.199229948222637177e-03
7.409590244293212891e+00,6.598042488098144531e+00,5.986032485961914062e+00,9.999747276306152344e-01,-4.530088044703006744e-03,4.182510543614625931e-03,3.551899921149015427e-03
6.699713230133056641e+00,1.887719392776489258e+00,3.974291801452636719e+00,9.999997615814208984e-01,7.354076951742172241e-04,1.094283798011019826e-04,9.009649511426687241e-05
2.049481123685836792e-01,2.452077627182006836e+00,2.519738435745239258e+00,9.999699592590332031e-01,9.944648481905460358e-04,-7.026142440736293793e-03,3.122616559267044067e-03
6.729370594024658203e+00,2.531887054443359375e+00,7.208039760589599609e+00,9.999974370002746582e-01,-7.702410803176462650e-04,2.098942641168832779e-03,5.120513378642499447e-04
2.228621244430541992e+00,2.085010893642902374e-02,8.288194537162780762e-01,9.999612569808959961e-01,-7.852812297642230988e-03,-6.897427956573665142e-04,-3.925682976841926575e-03
3.608879566192626953e+00,6.166370868682861328e+00,2.628384590148925781e+00,9.999887347221374512e-01,1.945706782862544060e-03,-3.448991104960441589e-03,-2.625738037750124931e-03
3.385659217834472656e+00,4.262326717376708984e+00,6.385871410369873047e+00,9.998418092727661133e-01,4.520307295024394989e-03,-1.720137335360050201e-02,-3.780977858696132898e-04
5.477754116058349609e+00,7.370943069458007812e+00,2.541866540908813477e+00,9.999998807907104492e-01,-2.261398185510188341e-05,5.514692165888845921e-04,2.371859300183132291e-04
1.198469638824462891e+00,2.222766637802124023e+00,5.237589836120605469e+00,9.998838305473327637e-01,-2.723581856116652489e-03,1.141554489731788635e-02,-9.735767729580402374e-03
5.660410881042480469e+00,8.315702080726623535e-01,6.706285476684570312e+00,9.999544024467468262e-01,-3.727945499122142792e-03,-7.672373671084642410e-03,4.290784709155559540e-03
2.144597053527832031e+00,6.044445991516113281e+00,3.226728200912475586e+00,9.999986886978149414e-01,-1.630410784855484962e-03,2.030026371357962489e-04,-2.865344868041574955e-04
7.445129394531250000e+00,1.208676218986511230e+00,2.954385519027709961e+00,9.999995231628417969e-01,7.725978503003716469e-05,-7.010049885138869286e-04,-7.808097871020436287e-04
6.753895759582519531e+00,1.402356743812561035e+00,5.440454483032226562e+00,9.999959468841552734e-01,7.622022530995309353e-04,-4.112345923203974962e-04,2.729172352701425552e-03
2.095284700393676758e+00,5.331381320953369141e+00,4.318241596221923828e+00,9.999936223030090332e-01,3.612501604948192835e-04,2.382360631600022316e-03,-2.636048477143049240e-03
4.298756599426269531e+00,7.097480773925781250e+00,2.396604776382446289e+00,9.999990463256835938e-01,-1.408103504218161106e-03,-5.757308099418878555e-05,-1.811843249015510082e-04
4.176644325256347656e+00,4.170490741729736328e+00,2.526687383651733398e+00,9.999989867210388184e-01,-1.669872872298583388e-04,-1.298536779358983040e-03,5.723427748307585716e-04
5.453631877899169922e+00,5.958999991416931152e-01,3.009201288223266602e+00,9.999248981475830078e-01,3.749763127416372299e-03,1.127106510102748871e-02,-3.020468167960643768e-03
4.055914878845214844e+00,7.048892498016357422e+00,5.967215061187744141e+00,9.999963641166687012e-01,1.528102584416046739e-04,1.866178121417760849e-03,1.980898668989539146e-03
6.368251800537109375e+00,5.218896389007568359e+00,5.605324268341064453e+00,9.999976754188537598e-01,5.206508794799447060e-04,-1.968427794054150581e-03,-7.566965068690478802e-04
2.439436912536621094e+00,6.175262928009033203e-01,6.798133373260498047e+00,9.999998807907104492e-01,-8.417009667027741671e-05,4.738349816761910915e-04,-2.169300423702225089e-04
4.778004646301269531e+00,7.407085418701171875e+00,2.691200733184814453e+00,9.999976754188537598e-01,7.425820222124457359e-04,-1.408400130458176136e-03,1.484250533394515514e-03
8.347988724708557129e-01,4.315509319305419922e+00,1.883113384246826172e+00,9.999929666519165039e-01,-2.303445013239979744e-03,-2.931481460109353065e-03,-4.487940459512174129e-04
7.103595137596130371e-01,1.584221601486206055e+00,1.086121678352355957e+00,9.999970197677612305e-01,8.689069072715938091e-04,-1.950312289409339428e-03,-1.170619972981512547e-03
3.280478477478027344e+00,1.730616211891174316e+00,7.328962326049804688e+00,9.999973177909851074e-01,2.241361187770962715e-03,6.335488869808614254e-04,-1.553070178488269448e-04
3.470883369445800781e+00,6.032858848571777344e+00,3.059644460678100586e+00,9.999995231628417969e-01,1.560714154038578272e-04,8.662892651045694947e-05,1.025484642013907433e-03
1.014880299568176270e+00,5.032406806945800781e+00,4.350566864013671875e+00,9.999954104423522949e-01,-2.251195022836327553e-03,-1.849928754381835461e-03,-9.431458311155438423e-04
4.186670780181884766e+00,5.971921920776367188e+00,1.421511411666870117e+00,9.999877214431762695e-01,-2.050349954515695572e-03,1.458926242776215076e-03,4.274225793778896332e-03
1.851830124855041504e+00,5.591480255126953125e+00,4.517736911773681641e+00,9.999927878379821777e-01,3.708859905600547791e-03,6.497370777651667595e-04,-4.662317223846912384e-04
6.854202270507812500e+00,5.103287696838378906e+00,5.586110353469848633e-01,1.000000000000000000e+00,-3.856432449538260698e-04,-1.726500922814011574e-04,7.413703133352100849e-05
1.491016745567321777e+00,2.351673126220703125e+00,5.291245937347412109e+00,9.998739957809448242e-01,-1.976396655663847923e-03,1.257011014968156815e-02,-9.489819407463073730e-03
6.025857925415039062e+00,7.197940945625305176e-01,6.988847732543945312e+00,9.999978542327880859e-01,1.188646856462582946e-04,1.862625940702855587e-03,9.911758825182914734e-04
3.251368284225463867e+00,6.772750616073608398e-01,5.825788974761962891e-01,9.999988675117492676e-01,2.887166920118033886e-04,1.286204555071890354e-03,-7.628998719155788422e-04
3.585419893264770508e+00,2.817334413528442383e+00,3.373617887496948242e+00,9.999998211860656738e-01,4.461898060981184244e-04,-2.846699317160528153e-05,-5.125050083734095097e-04
2.136657953262329102e+00,2.126460313796997070e+00,4.477254390716552734e+00,9.999672174453735352e-01,-7.415911182761192322e-03,-3.226353554055094719e-03,-3.939062007702887058e-04
3.666540682315826416e-01,1.050421714782714844e+00,6.458914756774902344e+00,9.999944567680358887e-01,2.346689347177743912e-03,2.194697968661785126e-03,-9.068733197636902332e-04
3.301072597503662109e+00,5.421807289123535156e+00,4.711588382720947266e+00,9.999967813491821289e-01,1.148514798842370510e-03,-1.994550228118896484e-03,1.120122964493930340e-03
1.834159195423126221e-01,2.875169754028320312e+00,7.323259353637695312e+00,9.999877810478210449e-01,-4.835919011384248734e-03,-5.790012437500990927e-05,-1.034826505929231644e-03
5.529529571533203125e+00,6.689961433410644531e+00,2.687635421752929688e+00,9.999971985816955566e-01,-1.116179861128330231e-03,-6.775329238735139370e-04,-2.004667650908231735e-03
1.692136645317077637e+00,1.536828130483627319e-01,1.344674348831176758e+00,9.999190568923950195e-01,-4.105558153241872787e-03,1.077630184590816498e-02,-5.383603274822235107e-03
3.136128425598144531e+00,6.215507984161376953e+00,7.062418460845947266e+00,9.999982714653015137e-01,1.897359034046530724e-03,6.755643698852509260e-05,-1.533226168248802423e-04
8.781399726867675781e-01,1.315250754356384277e+00,5.463855743408203125e+00,9.999999403953552246e-01,2.843281545210629702e-04,3.775899240281432867e-04,-2.038496168097481132e-04
3.495149850845336914e+00,7.246420383453369141e+00,2.552273750305175781e+00,9.999756813049316406e-01,4.351680167019367218e-03,1.226781634613871574e-03,-5.311401560902595520e-03
5.270847797393798828e+00,4.258025169372558594e+00,1.995818734169006348e+00,9.999806880950927734e-01,3.076421562582254410e-03,1.776293152943253517e-03,5.104603245854377747e-03
4.536315917968750000e+00,5.798641204833984375e+00,5.462359905242919922e+00,9.999966621398925781e-01,-2.519889269024133682e-03,-5.346543039195239544e-04,4.469436826184391975e-04
3.135988712310791016e+00,1.324448227882385254e+00,6.730851650238037109e+00,9.999997615814208984e-01,-6.575107690878212452e-04,1.298770803259685636e-04,-3.479282604530453682e-04
5.510512351989746094e+00,2.044313907623291016e+00,5.956571578979492188e+00,9.997460842132568359e-01,-2.074361592531204224e-02,-6.511521060019731522e-03,5.927637219429016113e-03
2.639966726303100586e+00,8.346934318542480469e-01,7.373716831207275391e+00,1.000000000000000000e+00,-9.067399514606222510e-05,3.830750574707053602e-05,9.628159750718623400e-05
6.968852996826171875e+00,6.625268459320068359e+00,7.349359512329101562e+00,9.999924302101135254e-01,-3.803163301199674606e-03,6.085226414143107831e-05,8.617634885013103485e-04
1.694147348403930664e+00,5.298955917358398438e+00,4.225236892700195312e+00,9.999983906745910645e-01,6.805637531215324998e-05,1.463859807699918747e-03,-1.035143970511853695e-03
1.463694095611572266e+00,3.347725868225097656e+00,1.412649273872375488e+00,9.999941587448120117e-01,-2.299599582329392433e-03,1.043023657985031605e-03,2.319162245839834213e-03
5.928079128265380859e+00,5.689641952514648438e+00,7.117762088775634766e+00,9.999935030937194824e-01,-2.683928934857249260e-03,2.013654302572831511e-04,2.382792066782712936e-03
4.632751941680908203e+00,6.306510925292968750e+00,1.069487452507019043e+00,9.999974370002746582e-01,-1.178118283860385418e-03,3.896765992976725101e-04,1.932003302499651909e-03
6.652805328369140625e+00,5.262450218200683594e+00,6.901565074920654297e+00,9.999979734420776367e-01,-1.778478967025876045e-03,7.544311811216175556e-04,-6.533724372275173664e-04
6.449426174163818359e+00,6.898555755615234375e+00,5.396689414978027344e+00,9.999997615814208984e-01,5.410727462731301785e-04,3.186225076206028461e-04,3.942411567550152540e-04
4.210436344146728516e+00,3.814320564270019531e-01,4.462930202484130859e+00,9.997006058692932129e-01,-2.441108226776123047e-03,-1.920726336538791656e-02,-1.496453490108251572e-02
4.701504230499267578e+00,3.202718734741210938e+00,5.184509277343750000e+00,9.999902248382568359e-01,-6.579530891031026840e-04,7.083864184096455574e-04,4.333076532930135727e-03
3.796398267149925232e-02,7.210807323455810547e+00,5.979820251464843750e+00,9.998890757560729980e-01,-1.263703964650630951e-02,-7.861069403588771820e-03,6.306142895482480526e-04
5.177640914916992188e-01,5.580910205841064453e+00,4.336485862731933594e+00,9.999948740005493164e-01,2.585584996268153191e-03,1.565732294693589211e-03,1.129609183408319950e-03
3.813772678375244141e+00,5.883954048156738281e+00,6.576758384704589844e+00,9.999992847442626953e-01,9.376495727337896824e-04,-1.083186634787125513e-05,-8.474884671159088612e-04
3.348620891571044922e+00,3.101065874099731445e+00,2.465693712234497070e+00,1.000000000000000000e+00,1.876100286608561873e-04,-2.936497039627283812e-04,4.401263868203386664e-05
1.557265281677246094e+00,7.183278560638427734e+00,3.830060958862304688e+00,9.999987483024597168e-01,5.910882464377209544e-05,1.283830031752586365e-03,9.788057068362832069e-04
1.265693068504333496e+00,7.071020126342773438e+00,1.754706859588623047e+00,9.999957084655761719e-01,-2.887317910790443420e-03,4.346930072642862797e-04,-2.653104020282626152e-04
6.247778534889221191e-01,5.178176879882812500e+00,6.073232173919677734e+00,9.999955892562866211e-01,2.932691248133778572e-03,-9.337788651464506984e-05,-4.202562849968671799e-04
7.139752388000488281e+00,2.847894906997680664e+00,4.767512798309326172e+00,9.999999403953552246e-01,-7.227813330246135592e-05,3.816798271145671606e-04,3.927973157260566950e-04
5.067949771881103516e+00,6.836629390716552734e+00,4.457807540893554688e+00,9.999883174896240234e-01,-3.534113988280296326e-03,-1.024158787913620472e-03,-3.141473280265927315e-03
5.929412841796875000e+00,1.625160813331604004e+00,1.087521672248840332e+00,9.999976754188537598e-01,2.634798293001949787e-04,9.386474848724901676e-04,-1.936800312250852585e-03
1.153382062911987305e-01,3.768964052200317383e+00,5.171094894409179688e+00,9.999998211860656738e-01,6.987254018895328045e-04,-1.485245738876983523e-04,5.612237509922124445e-05
4.015544414520263672e+00,6.295188903808593750e+00,2.079061031341552734e+00,9.999994039535522461e-01,-9.959004819393157959e-04,3.828291373793035746e-04,1.598725211806595325e-04
4.959462881088256836e-01,1.409720659255981445e+00,3.114477634429931641e+00,9.999945759773254395e-01,7.829255191609263420e-04,-2.533118706196546555e-03,-1.985540613532066345e-03
4.203229904174804688e+00,4.568631649017333984e+00,3.478319406509399414e+00,9.999238848686218262e-01,-8.656638674437999725e-03,7.654221728444099426e-03,4.327136091887950897e-03
1.221714973449707031e+00,2.869374513626098633e+00,2.572182416915893555e+00,9.999593496322631836e-01,-3.324228804558515549e-03,7.517170626670122147e-03,3.718290245160460472e-03
2.267977714538574219e+00,4.853283882141113281e+00,2.398482561111450195e+00,9.999824762344360352e-01,3.639832604676485062e-03,-4.278197011444717646e-04,-4.660239443182945251e-03
6.554453849792480469e+00,5.436136722564697266e+00,2.038213968276977539e+00,9.999982118606567383e-01,4.114703624509274960e-04,-1.751789939589798450e-03,6.047213682904839516e-04
1.830078125000000000e+00,1.495626866817474365e-01,1.727024435997009277e+00,9.999794960021972656e-01,4.778104368597269058e-03,2.213455270975828171e-03,-3.659204579889774323e-03
4.893007755279541016e+00,6.093521595001220703e+00,5.553486347198486328e+00,9.999964237213134766e-01,-2.512488747015595436e-03,-1.266029285034164786e-04,9.585706866346299648e-04
2.005179405212402344e+00,4.654862403869628906e+00,2.310677528381347656e+00,9.998630881309509277e-01,1.372832525521516800e-02,8.087838068604469299e-03,4.479177296161651611e-03
2.359345912933349609e+00,7.275611162185668945e-01,7.227395057678222656e+00,1.000000000000000000e+00,-3.399338165763765574e-04,5.165042603039182723e-05,-5.812305971630848944e-05
2.676885604858398438e+00,5.530544281005859375e+00,7.290133476257324219e+00,9.999827742576599121e-01,1.296366099268198013e-03,-5.322862416505813599e-03,2.127516083419322968e-03
5.055997371673583984e+00,4.043562889099121094e+00,2.691644430160522461e-01,9.999963045120239258e-01,1.362193492241203785e-03,-2.267112722620368004e-03,7.266829488798975945e-04
5.537357926368713379e-01,6.394265651702880859e+00,2.852614641189575195e+00,9.999983310699462891e-01,-9.076534770429134369e-04,-1.624255557544529438e-03,4.662300852942280471e-06
1.240929812192916870e-01,4.965717792510986328e+00,3.758343458175659180e+00,9.999998211860656738e-01,-2.011396136367693543e-04,-1.066059994627721608e-04,-6.564331124536693096e-04
4.461134910583496094e+00,2.930202484130859375e+00,2.796440124511718750e+00,9.999813437461853027e-01,2.418523188680410385e-03,5.159470252692699432e-03,-2.234021900221705437e-03
4.045519828796386719e+00,4.647447586059570312e+00,5.836511611938476562e+00,9.999966025352478027e-01,-2.300954423844814301e-03,-1.246625324711203575e-03,-2.873678567993920296e-05
4.733589887619018555e-01,2.518375873565673828e+00,4.433300971984863281e+00,9.999783635139465332e-01,5.589851178228855133e-03,-1.368458033539354801e-03,-3.217171877622604370e-03
4.778882503509521484e+00,4.002072811126708984e+00,1.059347510337829590e+00,9.999963641166687012e-01,-2.267423318699002266e-03,-1.449190196581184864e-03,4.103714018128812313e-04
2.254687070846557617e+00,7.160982608795166016e+00,2.899708986282348633e+00,9.999486804008483887e-01,9.817022830247879028e-03,2.275558188557624817e-03,1.076729618944227695e-03
3.567300319671630859e+00,5.682961940765380859e+00,6.275623798370361328e+00,9.999927282333374023e-01,-1.239948789589107037e-03,3.277868265286087990e-03,1.518554636277258396e-03
3.506202995777130127e-01,6.182483196258544922e+00,1.829502463340759277e+00,9.999043345451354980e-01,7.791368407197296619e-04,-3.486456582322716713e-03,1.336451619863510132e-02
1.830774843692779541e-01,3.798758029937744141e+00,3.023536920547485352e+00,9.999927282333374023e-01,1.131406403146684170e-03,3.292720299214124680e-03,-1.553661888465285301e-03
7.033567905426025391e+00,2.711153268814086914e+00,6.513162612915039062e+00,9.999990463256835938e-01,4.757501883432269096e-04,9.060739539563655853e-04,-9.966494981199502945e-04
2.180906772613525391e+00,5.577195644378662109e+00,6.237666606903076172e+00,9.999970793724060059e-01,-1.298047427553683519e-04,1.182200037874281406e-03,-2.126659033820033073e-03
4.245367527008056641e+00,2.116547584533691406e+00,5.313833236694335938e+00,9.999986290931701660e-01,-1.470412942580878735e-03,8.169629727490246296e-04,2.580908185336738825e-04
6.440187931060791016e+00,4.477636337280273438e+00,6.283444762229919434e-01,9.999963641166687012e-01,2.557314466685056686e-03,8.947086171247065067e-04,-2.962947764899581671e-04
3.603683948516845703e+00,5.140472412109375000e+00,1.145977616310119629e+00,9.999002814292907715e-01,9.609838947653770447e-03,7.920070551335811615e-03,-6.662247236818075180e-03
6.725123405456542969e+00,4.497137069702148438e+00,4.513057708740234375e+00,9.999980330467224121e-01,1.931012666318565607e-04,7.602324476465582848e-04,-1.852469169534742832e-03
6.155085563659667969e+00,3.908497333526611328e+00,9.014280438423156738e-01,9.999971985816955566e-01,1.051035942509770393e-03,-2.128976630046963692e-03,-7.968980207806453109e-05
2.655047416687011719e+00,2.107779026031494141e+00,3.549563169479370117e+00,9.999998807907104492e-01,-1.100116933230310678e-04,-4.717829579021781683e-04,-1.528288557892665267e-04
4.685513973236083984e+00,3.965359449386596680e+00,6.514338970184326172e+00,9.999988675117492676e-01,4.564179398585110903e-04,1.374225597828626633e-03,5.398480570875108242e-04
2.667584896087646484e+00,7.328211784362792969e+00,6.792920112609863281e+00,9.999895095825195312e-01,-3.040059935301542282e-03,2.874015597626566887e-03,1.871739979833364487e-03
4.168153285980224609e+00,7.386902809143066406e+00,1.773985028266906738e+00,9.999978542327880859e-01,-1.348223449895158410e-04,-2.076240489259362221e-03,-2.191586099797859788e-04
2.312000513076782227e+00,2.544929027557373047e+00,1.065981745719909668e+00,9.999949336051940918e-01,-1.783714047633111477e-03,2.561465138569474220e-03,6.469743675552308559e-04
3.428697586059570312e+00,1.794971227645874023e+00,2.183432340621948242e+00,9.999994039535522461e-01,-6.800455739721655846e-04,-5.200735176913440228e-04,-6.475734990090131760e-04
3.649101972579956055e+00,1.227492809295654297e+00,3.333581209182739258e+00,9.998711943626403809e-01,-2.921337261795997620e-03,1.443419978022575378e-02,-6.394769065082073212e-03
5.857897281646728516e+00,6.995690345764160156e+00,1.545872569084167480e+00,9.998190402984619141e-01,1.621140912175178528e-02,-6.227358710020780563e-03,7.766202557832002640e-03
2.998653650283813477e+00,4.392291069030761719e+00,2.373316049575805664e+00,9.999991655349731445e-01,5.459222011268138885e-04,1.177255413495004177e-03,-2.412530302535742521e-04
4.395476341247558594e+00,3.317389264702796936e-02,4.961898803710937500e+00,9.999992847442626953e-01,4.468064580578356981e-04,4.843678907491266727e-04,1.052780775353312492e-03
3.835310935974121094e+00,8.313924074172973633e-02,6.836491584777832031e+00,9.999526739120483398e-01,6.497513502836227417e-03,-3.763071727007627487e-03,6.190628744661808014e-03
2.768224239349365234e+00,4.609018802642822266e+00,3.374899148941040039e+00,9.999991059303283691e-01,-4.902291111648082733e-04,6.524036871269345284e-04,-1.053269486874341965e-03
4.964643001556396484e+00,2.924396753311157227e+00,7.929012775421142578e-01,9.999788403511047363e-01,1.726188813336193562e-03,3.723132656887173653e-03,5.054694134742021561e-03
6.071485996246337891e+00,5.402798652648925781e+00,3.630706548690795898e+00,9.999981522560119629e-01,9.692828170955181122e-04,-1.662582973949611187e-03,3.129491524305194616e-04
1.738228321075439453e+00,6.265705108642578125e+00,4.779106080532073975e-01,9.999983906745910645e-01,-1.683106966083869338e-04,-1.092955586500465870e-03,-1.429602736607193947e-03
6.509481668472290039e-01,7.007334232330322266e+00,3.965742111206054688e+00,9.999758005142211914e-01,-2.565135364420711994e-04,5.535020027309656143e-03,4.224564414471387863e-03
6.227834224700927734e+00,7.697380781173706055e-01,5.839315891265869141e+00,9.999855756759643555e-01,2.226993907243013382e-03,4.573029000312089920e-03,1.741384621709585190e-03
7.262871265411376953e+00,6.308637857437133789e-01,1.705180048942565918e+00,9.999995827674865723e-01,-2.390029112575575709e-04,8.379640057682991028e-04,3.635662142187356949e-04
5.578038692474365234e+00,1.511274933815002441e+00,2.103342294692993164e+00,9.999979734420776367e-01,3.402239817660301924e-04,1.860420568846166134e-03,-7.891253917478024960e-04
6.326508522033691406e+00,5.423966884613037109e+00,5.133173465728759766e+00,9.999979734420776367e-01,-1.591561594977974892e-03,5.308036925271153450e-04,1.139139058068394661e-03
3.326051235198974609e+00,2.976702451705932617e+00,6.046186923980712891e+00,9.999996423721313477e-01,4.032150609418749809e-04,-2.039658284047618508e-04,7.682150462642312050e-04
4.533511638641357422e+00,1.882538080215454102e+00,2.254135608673095703e+00,9.999989867210388184e-01,-1.343423849903047085e-03,-3.109838871750980616e-04,5.039449315518140793e-04
5.918771266937255859e+00,5.684320449829101562e+00,6.675964355468750000e+00,9.999879598617553711e-01,4.863042559009045362e-04,-2.407778752967715263e-03,4.261927213519811630e-03
5.773126602172851562e+00,3.112477064132690430e+00,2.523270606994628906e+00,9.999979138374328613e-01,-3.681120870169252157e-04,-1.609110506251454353e-03,1.243670703843235970e-03
1.762802004814147949e+00,4.625512599945068359e+00,4.400537967681884766e+00,9.999972581863403320e-01,4.664663283620029688e-04,2.152048982679843903e-03,-8.664276683703064919e-04
2.863051414489746094e+00,6.877948760986328125e+00,5.180968761444091797e+00,9.999905228614807129e-01,-2.221663016825914383e-03,-2.537629799917340279e-03,2.784686395898461342e-03
6.377384185791015625e+00,2.954555749893188477e+00,8.344016075134277344e-01,9.999982118606567383e-01,1.817875425331294537e-03,-2.694067661650478840e-04,5.436292267404496670e-04
5.575191497802734375e+00,3.599410772323608398e+00,6.358599662780761719e+00,9.999495744705200195e-01,-6.467762868851423264e-03,5.625406280159950256e-03,5.246437620371580124e-03
1.965209007263183594e+00,8.966262340545654297e-01,7.344989180564880371e-01,9.999761581420898438e-01,-1.614396809600293636e-03,-6.109568290412425995e-03,-2.795700682327151299e-03
3.444157242774963379e-01,7.306497097015380859e+00,1.752198219299316406e+00,9.999907016754150391e-01,1.353521132841706276e-03,3.566962899640202522e-03,2.054552547633647919e-03
6.653600692749023438e+00,4.743966579437255859e+00,5.706547737121582031e+00,9.999997019767761230e-01,7.130977464839816093e-04,-1.912991137942299247e-04,-3.503525513224303722e-04
4.566459178924560547e+00,2.168537616729736328e+00,1.124285459518432617e+00,9.999872446060180664e-01,6.337653030641376972e-04,-4.740428179502487183e-03,-1.660330221056938171e-03
7.282788753509521484e+00,8.599229454994201660e-01,2.158336639404296875e-01,9.999977350234985352e-01,1.219459692947566509e-03,1.791985356248915195e-03,-3.790133268921636045e-05
5.376943111419677734e+00,7.093538284301757812e+00,6.519653648138046265e-02,9.999982714653015137e-01,3.786309098359197378e-04,9.855700191110372543e-04,1.561885699629783630e-03
1.935067415237426758e+00,3.904349729418754578e-02,2.217058897018432617e+00,9.999634623527526855e-01,-4.846349838771857321e-06,-6.660711951553821564e-03,5.367773585021495819e-03
3.830675363540649414e+00,7.041279792785644531e+00,1.079349756240844727e+00,9.998118877410888672e-01,-1.586449891328811646e-02,9.455211460590362549e-03,5.926052108407020569e-03
4.914448261260986328e+00,2.012566328048706055e+00,7.430788040161132812e+00,9.999984502792358398e-01,-1.012145541608333588e-03,-1.020925934426486492e-03,1.106176408939063549e-03
5.485425949096679688e+00,6.718410015106201172e+00,2.196363925933837891e+00,9.999781847000122070e-01,5.923585034906864166e-03,-2.624485641717910767e-03,1.341253169812262058e-03
4.489808082580566406e+00,1.409712433815002441e+00,3.647497668862342834e-02,9.999321103096008301e-01,1.043105870485305786e-02,-5.145893897861242294e-03,-7.408453384414315224e-04
6.390425682067871094e+00,8.443323969841003418e-01,1.557799816131591797e+00,9.998061060905456543e-01,9.687931014923378825e-05,1.492456998676061630e-02,-1.284898258745670319e-02
1.838319897651672363e+00,2.701974391937255859e+00,7.502668499946594238e-01,9.999854564666748047e-01,-1.452978583984076977e-03,-5.185822490602731705e-03,-3.614759771153330803e-04
4.552735388278961182e-01,3.005042791366577148e+00,4.097941398620605469e+00,9.999987483024597168e-01,-6.080387538531795144e-05,-1.497412216849625111e-03,-6.140898331068456173e-04
5.112498283386230469e+00,2.767887830734252930e+00,4.640080928802490234e+00,9.999970197677612305e-01,-1.293962704949080944e-03,1.682317466475069523e-03,-1.252006040886044502e-03
2.059107780456542969e+00,6.666129827499389648e-01,8.184664696455001831e-02,9.999996423721313477e-01,-5.709799006581306458e-04,3.839446289930492640e-04,6.003957241773605347e-04
6.221711635589599609e+00,3.689084768295288086e+00,5.825316429138183594e+00,9.999944567680358887e-01,1.149586867541074753e-03,-1.692268997430801392e-04,-3.135384526103734970e-03
6.670892238616943359e-01,6.678051471710205078e+00,4.519155502319335938e+00,9.999977350234985352e-01,-2.064169617369771004e-03,2.241702168248593807e-04,6.135717267170548439e-04
6.520724296569824219e+00,2.729362964630126953e+00,2.685840129852294922e+00,9.999788999557495117e-01,-2.501351758837699890e-03,-1.617411151528358459e-03,-5.769172683358192444e-03
6.907420158386230469e+00,5.967691421508789062e+00,4.341568946838378906e+00,9.999986886978149414e-01,-1.511388574726879597e-03,6.404667510651051998e-04,2.207833749707788229e-04
2.936215639114379883e+00,4.930594563484191895e-01,5.608222961425781250e+00,9.999988675117492676e-01,-1.024603843688964844e-04,4.484672099351882935e-04,1.465891138650476933e-03
2.069673389196395874e-01,2.197683572769165039e+00,7.020184993743896484e+00,9.999971389770507812e-01,1.388545148074626923e-03,1.569276326335966587e-03,-1.197370816953480244e-03
2.320895910263061523e+00,4.456491470336914062e+00,1.735377311706542969e+00,9.999397397041320801e-01,-9.164941497147083282e-03,-5.961521994322538376e-03,-1.032737083733081818e-03
6.570405006408691406e+00,4.636580944061279297e+00,6.286205291748046875e+00,9.999954700469970703e-01,2.413998357951641083e-03,1.680910703726112843e-03,-7.714917301200330257e-04
5.417434692382812500e+00,5.221402168273925781e+00,6.800735950469970703e+00,9.999643564224243164e-01,1.651511644013226032e-03,-8.067778311669826508e-03,-1.885098987258970737e-03
7.357139587402343750e+00,6.274204730987548828e+00,6.903313159942626953e+00,9.999938011169433594e-01,-1.606309670023620129e-03,-1.795371994376182556e-03,2.565736649557948112e-03
3.544445753097534180e+00,5.350090026855468750e+00,2.558510065078735352e+00,9.999940991401672363e-01,2.038411796092987061e-03,2.147248480468988419e-03,-1.779310638085007668e-03
4.481085300445556641e+00,6.962980270385742188e+00,6.056159496307373047e+00,9.999300837516784668e-01,7.305555511265993118e-03,5.828042048960924149e-04,-9.282700717449188232e-03
2.960312366485595703e+00,7.113877773284912109e+00,7.130911827087402344e+00,9.999053478240966797e-01,-1.244143024086952209e-02,-1.464687229599803686e-04,-5.878954194486141205e-03
6.829972743988037109e+00,5.936866283416748047e+00,5.720923900604248047e+00,9.999788999557495117e-01,-3.256673226132988930e-03,-4.195606801658868790e-03,-3.763972315937280655e-03
6.562019348144531250e+00,7.410908222198486328e+00,5.121392011642456055e-01,9.999805688858032227e-01,-6.615005549974739552e-04,6.194333545863628387e-03,2.078447869280353189e-04
3.667093276977539062e+00,6.809904098510742188e+00,1.295479685068130493e-01,9.999743103981018066e-01,-3.374981228262186050e-03,5.696789361536502838e-03,-2.761295763775706291e-03
5.981231212615966797e+00,5.245095252990722656e+00,1.838851094245910645e+00,9.999684095382690430e-01,9.923322359099984169e-04,4.471442196518182755e-03,-6.499605719000101089e-03
6.838000774383544922e+00,6.566255688667297363e-01,1.442912220954895020e+00,9.999976158142089844e-01,-1.617640024051070213e-03,9.303903207182884216e-04,1.094681210815906525e-03
4.864408969879150391e+00,2.479710340499877930e+00,6.308316707611083984e+00,9.999988079071044922e-01,1.573484274558722973e-03,-6.517287692986428738e-05,1.681627618381753564e-04
3.128522634506225586e+00,2.790681838989257812e+00,4.118420124053955078e+00,9.999943375587463379e-01,-5.774451419711112976e-04,-1.631811843253672123e-03,-2.903890097513794899e-03
4.704833507537841797e+00,1.952641844749450684e+00,8.147208690643310547e-01,9.999920725822448730e-01,-4.237998509779572487e-04,-3.818462369963526726e-03,1.018168637529015541e-03
4.999332427978515625e+00,2.546640157699584961e+00,3.470474243164062500e+00,9.999960064888000488e-01,2.688364591449499130e-03,8.276512380689382553e-04,2.273214195156469941e-04
2.200397253036499023e+00,6.263074874877929688e+00,6.257020473480224609e+00,9.999994635581970215e-01,8.704920182935893536e-04,4.361614119261503220e-04,-4.708742781076580286e-04
6.877397000789642334e-02,3.790729522705078125e+00,6.457314968109130859e+00,9.999813437461853027e-01,4.449119325727224350e-03,-2.946206368505954742e-04,4.173910245299339294e-03
4.852229595184326172e+00,2.786208391189575195e-01,5.757307052612304688e+00,9.999943971633911133e-01,1.585013698786497116e-03,-1.418550615198910236e-03,-2.582448069006204605e-03
4.349828660488128662e-01,6.899033069610595703e+00,1.783887624740600586e+00,9.999871253967285156e-01,-4.420563112944364548e-03,-1.650840509682893753e-03,1.857265131548047066e-03
1.737170934677124023e+00,6.045332551002502441e-01,5.596201419830322266e+00,9.998932480812072754e-01,-8.927077986299991608e-03,9.887962369248270988e-04,-1.152918487787246704e-02
3.711755275726318359e+00,9.294161200523376465e-01,6.439608573913574219e+00,9.999817013740539551e-01,2.451389329507946968e-03,-5.540663842111825943e-03,1.975765917450189590e-04
3.264160394668579102e+00,6.687868118286132812e+00,6.668224334716796875e+00,9.999968409538269043e-01,-1.726300572045147419e-03,-1.860630116425454617e-03,-2.104305458487942815e-04
2.190281152725219727e+00,4.804103374481201172e+00,6.715905189514160156e+00,9.997935295104980469e-01,2.779442351311445236e-03,-9.759597480297088623e-03,-1.760448329150676727e-02
6.521362781524658203e+00,3.637324094772338867e+00,6.904461860656738281e+00,9.999912381172180176e-01,-5.141890724189579487e-04,4.131821449846029282e-03,5.944234435446560383e-04
3.121102809906005859e+00,3.425321877002716064e-01,5.662432909011840820e-01,9.999989271163940430e-01,-7.364504854194819927e-04,1.270836102776229382e-03,-6.358414248097687960e-05
6.296949386596679688e+00,9.005591869354248047e-01,1.865295052528381348e+00,9.999907016754150391e-01,1.533775648567825556e-04,4.263639915734529495e-03,-6.745991995558142662e-04
3.080804109573364258e+00,5.025166511535644531e+00,5.870632171630859375e+00,9.999632835388183594e-01,1.674728817306458950e-03,-6.843043025583028793e-03,4.888638854026794434e-03
4.395432472229003906e+00,1.702364563941955566e+00,2.602932691574096680e+00,9.999998807907104492e-01,-1.472224539611488581e-04,-2.381649974267929792e-04,5.644240300171077251e-04
4.426395416259765625e+00,7.257888317108154297e+00,1.919552564620971680e+00,9.999960064888000488e-01,-1.177167985588312149e-03,-2.130851382389664650e-03,-1.472829375416040421e-03
1.394655346870422363e+00,9.579743742942810059e-01,2.812841415405273438e+00,9.999706149101257324e-01,4.431204870343208313e-03,-5.573115777224302292e-03,2.856760751456022263e-03
2.129736840724945068e-01,2.548940896987915039e+00,6.553477764129638672e+00,9.999745488166809082e-01,-3.834604576695710421e-04,-4.390721209347248077e-03,5.618526134639978409e-03
7.472945690155029297e+00,4.927105426788330078e+00,1.988056659698486328e+00,9.999935030937194824e-01,-1.766808331012725830e-03,-2.456356305629014969e-03,-1.987081253901124001e-03
7.035979747772216797e+00,2.418069690465927124e-01,3.913252592086791992e+00,9.999994635581970215e-01,4.748380742967128754e-04,4.377636942081153393e-04,9.200500207953155041e-04
1.465022563934326172e+00,3.693044900894165039e+00,3.158235549926757812e+00,9.999982118606567383e-01,-6.480623269453644753e-04,1.572289387695491314e-03,-8.604477043263614178e-04
2.334853172302246094e+00,5.709196090698242188e+00,5.772208690643310547e+00,9.999614953994750977e-01,-2.437497489154338837e-03,-8.426239714026451111e-03,-2.885775465983897448e-04
2.914695501327514648e+00,6.527845382690429688e+00,4.194781303405761719e+00,9.998314976692199707e-01,-9.554422460496425629e-03,-6.778179202228784561e-03,1.413928531110286713e-02
6.888811588287353516e-01,7.494068145751953125e+00,6.269002556800842285e-01,9.999953508377075195e-01,-1.318682043347507715e-04,-2.912968629971146584e-03,-9.377872920595109463e-04
2.849734067916870117e+00,2.748093903064727783e-01,4.784727096557617188e+00,9.999908208847045898e-01,2.935067052021622658e-03,3.045224351808428764e-03,6.259238580241799355e-04
6.203759670257568359e+00,3.876409530639648438e+00,1.863601326942443848e+00,9.999988675117492676e-01,-9.941883618012070656e-04,5.853185430169105530e-04,-1.021948526613414288e-03
5.699985504150390625e+00,5.634580612182617188e+00,1.118011951446533203e+00,9.999925494194030762e-01,-7.376520661637187004e-04,-2.460053889080882072e-03,-2.897821599617600441e-03
1.634906649589538574e+00,7.800078988075256348e-01,3.305203437805175781e+00,9.999774694442749023e-01,2.512309933081269264e-03,5.595976486802101135e-03,-2.725652651861310005e-03
5.865722656250000000e+00,6.337798595428466797e+00,6.603055953979492188e+00,9.999115467071533203e-01,1.207618881016969681e-02,3.818468190729618073e-03,-4.056817386299371719e-03
1.869149208068847656e+00,2.238041877746582031e+00,1.087588429450988770e+00,9.999871253967285156e-01,3.528952365741133690e-03,2.068561734631657600e-04,3.650930244475603104e-03
1.649965167045593262e+00,2.820224523544311523e+00,5.780197143554687500e+00,9.999988675117492676e-01,-1.480581122450530529e-03,3.696355270221829414e-04,-3.415646788198500872e-04
6.243198394775390625e+00,2.982877731323242188e+00,3.973055362701416016e+00,9.999921321868896484e-01,1.899371971376240253e-03,-1.676280167885124683e-03,-3.074961481615900993e-03
3.753687381744384766e+00,3.882748842239379883e+00,5.871685981750488281e+00,9.999803304672241211e-01,5.323234014213085175e-03,-1.491179922595620155e-03,-2.993146423250436783e-03
5.268115997314453125e+00,6.388623267412185669e-02,3.561543464660644531e+00,9.998744726181030273e-01,-6.172540131956338882e-03,1.227528229355812073e-02,7.892239838838577271e-03
5.701650142669677734e+00,5.578098446130752563e-02,6.779776096343994141e+00,9.999963641166687012e-01,-1.805083476938307285e-03,2.027646172791719437e-03,-7.560156518593430519e-05
2.186485290527343750e+00,4.334136009216308594e+00,4.282038658857345581e-02,9.999860525131225586e-01,4.499120637774467468e-03,2.769841812551021576e-03,-2.556911786086857319e-04
6.760293006896972656e+00,5.554285526275634766e+00,1.403547883033752441e+00,9.998317360877990723e-01,-9.498271159827709198e-03,-6.592237390577793121e-03,1.424588635563850403e-02
1.315641999244689941e+00,5.057259202003479004e-01,6.480748057365417480e-01,9.999988675117492676e-01,-3.988247772213071585e-04,8.215613197535276413e-04,1.218974241055548191e-03
3.144961595535278320e+00,9.110293984413146973e-01,4.855840206146240234e+00,9.999929070472717285e-01,1.030134881148114800e-04,3.600389230996370316e-03,1.115302788093686104e-03
5.755998134613037109e+00,2.309448957443237305e+00,2.643169164657592773e+00,9.999993443489074707e-01,4.775093111675232649e-04,3.708883887156844139e-04,-9.776639053598046303e-04
7.166726112365722656e+00,3.630401134490966797e+00,3.984150886535644531e-01,9.999966025352478027e-01,2.829897275660187006e-04,1.285446574911475182e-03,2.282819012179970741e-03
1.073021173477172852e+00,2.149020433425903320e+00,1.778853178024291992e+00,9.999911189079284668e-01,9.605985833331942558e-04,5.888212472200393677e-04,4.075838718563318253e-03
3.011391878128051758e+00,3.919054746627807617e+00,1.155087590217590332e+00,9.999921321868896484e-01,-2.274705766467377543e-04,-3.872635541483759880e-03,7.818524027243256569e-04
6.580277919769287109e+00,2.744255542755126953e+00,4.477965831756591797e+00,9.998729228973388672e-01,-1.122462656348943710e-02,-1.028644666075706482e-02,-4.737072158604860306e-03
2.073175907135009766e+00,6.382511138916015625e+00,3.431687593460083008e+00,9.999987483024597168e-01,-1.580221578478813171e-03,3.585232479963451624e-04,2.074533113045617938e-04
2.737555265426635742e+00,5.205548286437988281e+00,9.948301315307617188e-01,9.999988079071044922e-01,1.409792341291904449e-03,1.251680223504081368e-04,5.848634173162281513e-04
2.571426153182983398e+00,5.321093559265136719e+00,4.759191989898681641e+00,9.999997019767761230e-01,2.810162841342389584e-04,1.312354561378015205e-05,-7.977348286658525467e-04
4.084007263183593750e+00,1.682181239128112793e+00,5.523694515228271484e+00,9.999799728393554688e-01,5.086763296276330948e-03,-5.950154154561460018e-04,-3.719624364748597145e-03
1.109818577766418457e+00,5.098585605621337891e+00,2.508055686950683594e+00,9.999704360961914062e-01,-7.390920538455247879e-03,2.118409611284732819e-03,-3.548826789483428001e-04
1.993399024009704590e+00,5.324704170227050781e+00,5.379077434539794922e+00,9.999929070472717285e-01,-2.528214128687977791e-03,1.567936851643025875e-03,2.332707168534398079e-03
5.570232272148132324e-01,4.184048771858215332e-01,4.230666637420654297e+00,9.998677968978881836e-01,-8.539660833775997162e-03,-8.553637191653251648e-03,-1.088229846209287643e-02
4.743326663970947266e+00,5.140820026397705078e+00,5.857094764709472656e+00,9.999865889549255371e-01,8.744471124373376369e-04,2.413253067061305046e-03,-4.507868085056543350e-03
4.228960037231445312e+00,2.362978219985961914e+00,3.780853033065795898e+00,9.999918341636657715e-01,-2.526552416384220123e-03,3.768044116441160440e-04,3.128549084067344666e-03
3.771372079849243164e+00,6.795032501220703125e+00,4.417988777160644531e+00,9.999934434890747070e-01,-3.998926840722560883e-04,9.158014436252415180e-04,3.490213770419359207e-03
2.913029670715332031e+00,3.216077804565429688e+00,5.735843658447265625e+00,9.999971985816955566e-01,5.423947004601359367e-04,2.084591193124651909e-03,1.010971027426421642e-03
2.588425874710083008e+00,2.369620323181152344e+00,5.768941879272460938e+00,9.999979734420776367e-01,-1.466234913095831871e-03,1.425215159542858601e-03,2.690371547942049801e-05
8.125333189964294434e-01,2.322187662124633789e+00,5.211491584777832031e+00,9.999974966049194336e-01,-1.024428493110463023e-04,1.286744954995810986e-03,-1.869894098490476608e-03
3.934288740158081055e+00,8.229284286499023438e-01,2.730059623718261719e+00,9.999946951866149902e-01,-1.003944664262235165e-03,-3.072753548622131348e-03,-4.993199254386126995e-04
4.747025072574615479e-01,4.431028366088867188e+00,6.249855518341064453e+00,9.999963641166687012e-01,1.158425118774175644e-03,1.663846313022077084e-03,1.810195040889084339e-03
4.544792652130126953e+00,5.485546588897705078e+00,2.726744174957275391e+00,9.998987317085266113e-01,-1.342188473790884018e-02,-4.731695633381605148e-03,3.347811871208250523e-04
7.049877643585205078e+00,2.314008712768554688e+00,2.663673877716064453e+00,9.999983906745910645e-01,-2.010303142014890909e-04,1.623752876184880733e-03,-7.396082510240375996e-04
3.615105390548706055e+00,4.454375267028808594e+00,5.851528644561767578e+00,9.999975562095642090e-01,-2.138344570994377136e-03,-1.779977028490975499e-04,5.937560927122831345e-04
1.725425243377685547e+00,4.519440174102783203e+00,9.893189668655395508e-01,9.999975562095642090e-01,-1.989067532122135162e-03,-8.696874137967824936e-04,4.438547475729137659e-04
6.512654304504394531e+00,7.333513736724853516e+00,1.126403093338012695e+00,9.999096989631652832e-01,-1.126698963344097137e-02,-6.708317436277866364e-03,-2.950694411993026733e-03
3.934415102005004883e+00,5.718926429748535156e+00,4.124372005462646484e+00,9.999509453773498535e-01,-5.455153994262218475e-03,-6.010351236909627914e-03,5.683147814124822617e-03
7.243331909179687500e+00,2.780045747756958008e+00,3.586125612258911133e+00,9.999993443489074707e-01,9.385550511069595814e-04,1.712509110802784562e-04,7.103043026290833950e-04
1.140956640243530273e+00,7.055501937866210938e-01,6.863377094268798828e+00,9.999976158142089844e-01,-1.371589023619890213e-03,1.323142438195645809e-03,1.128597534261643887e-03
1.461943984031677246e+00,5.312651634216308594e+00,5.612704157829284668e-01,9.999974370002746582e-01,-2.112071262672543526e-03,-5.109557532705366611e-04,-7.532716845162212849e-04
9.061289429664611816e-01,5.559945583343505859e+00,4.320189952850341797e+00,9.999971985816955566e-01,2.310330746695399284e-03,5.936142988502979279e-04,2.440530224703252316e-04
5.829277038574218750e+00,4.385549545288085938e+00,9.320480823516845703e-01,9.999933242797851562e-01,3.053379245102405548e-03,-2.013402990996837616e-03,2.603485772851854563e-04
3.468885660171508789e+00,5.834318637847900391e+00,4.578505992889404297e+00,9.999639391899108887e-01,-1.107592615881003439e-04,-4.190450068563222885e-03,7.386064156889915466e-03
6.837587356567382812e+00,3.933430194854736328e+00,3.423353195190429688e+00,9.999923110008239746e-01,-3.130865748971700668e-03,-2.332084579393267632e-03,-5.050881300121545792e-04
1.404728442430496216e-01,3.916768074035644531e+00,1.666808128356933594e+00,9.999440908432006836e-01,-1.006312202662229538e-02,-3.193066688254475594e-03,6.464790785685181618e-04
8.892118930816650391e-02,7.323816299438476562e+00,3.108199596405029297e+00,9.999596476554870605e-01,2.129667700501158834e-04,3.093100152909755707e-03,-8.427962660789489746e-03
4.730930328369140625e-01,1.544851899147033691e+00,1.918689250946044922e+00,9.999997019767761230e-01,-7.340198499150574207e-04,5.005352431908249855e-05,-3.524417406879365444e-04
7.071825027465820312e+00,6.944724082946777344e+00,1.421660929918289185e-01,9.999992847442626953e-01,-5.357643822208046913e-04,5.436133360490202904e-04,9.875925024971365929e-04
1.090513348579406738e+00,3.864707469940185547e+00,5.540266036987304688e+00,9.999963045120239258e-01,1.589344814419746399e-03,5.883343401364982128e-04,2.153461100533604622e-03
3.600663423538208008e+00,2.861211061477661133e+00,4.245540142059326172e+00,9.999592900276184082e-01,-1.759274746291339397e-03,-8.683633990585803986e-03,1.728092902339994907e-03
3.988140344619750977e+00,6.537117481231689453e+00,7.519773244857788086e-01,9.999825358390808105e-01,-1.850370899774134159e-03,3.218561178073287010e-03,4.603529348969459534e-03
5.494202136993408203e+00,6.321773052215576172e+00,4.533751010894775391e+00,9.999638199806213379e-01,1.809454406611621380e-03,7.389550562947988510e-03,3.810994792729616165e-03
5.916526794433593750e+00,4.198198020458221436e-01,5.700699806213378906e+00,9.999895095825195312e-01,4.193947650492191315e-03,-4.947333945892751217e-04,1.795290154404938221e-03
1.443864226341247559e+00,1.653036832809448242e+00,4.908656120300292969e+00,9.999995827674865723e-01,8.901853580027818680e-04,1.699487183941528201e-04,-3.282547695562243462e-04
3.768331050872802734e+00,2.093199491500854492e+00,2.756415367126464844e+00,9.999457597732543945e-01,-5.866968072950839996e-03,-5.278278142213821411e-03,-6.805179174989461899e-03
3.154557049274444580e-01,3.750122547149658203e+00,2.332219123840332031e+00,9.999503493309020996e-01,-4.785424098372459412e-03,4.490005783736705780e-03,7.509878836572170258e-03
6.463435649871826172e+00,5.239276885986328125e-01,1.306451797485351562e+00,9.999349117279052734e-01,-7.253284566104412079e-03,-8.811529725790023804e-03,1.204946893267333508e-04
3.298617839813232422e+00,5.218664169311523438e+00,2.384519100189208984e+00,9.999929070472717285e-01,2.485681325197219849e-03,1.716835773549973965e-03,-2.253812272101640701e-03
1.019902467727661133e+00,3.966357469558715820e+00,6.581090927124023438e+00,9.999777674674987793e-01,5.801898427307605743e-03,-2.048524329438805580e-03,2.606566995382308960e-03
4.453700542449951172e+00,3.744342327117919922e+00,4.065790653228759766e+00,9.999904632568359375e-01,-9.735175408422946930e-04,-3.645932767540216446e-03,-2.191868377849459648e-03
5.315636157989501953e+00,5.883834362030029297e+00,1.476364433765411377e-01,9.999921321868896484e-01,8.572522783651947975e-04,-9.401837596669793129e-04,3.752085613086819649e-03
2.595400810241699219e-01,6.996376037597656250e+00,2.791692495346069336e+00,9.997759461402893066e-01,1.305470522493124008e-02,2.120468532666563988e-03,1.653201505541801453e-02
5.065702438354492188e+00,1.074154227972030640e-01,7.158113479614257812e+00,9.999991059303283691e-01,-2.558703999966382980e-04,-1.118835760280489922e-03,-6.903251050971448421e-04
3.551110744476318359e+00,6.213341712951660156e+00,4.820572853088378906e+00,9.999355077743530273e-01,4.982210695743560791e-03,-1.001594122499227524e-02,1.985759707167744637e-03
2.314090967178344727e+00,2.573689937591552734e+00,3.978928565979003906e+00,9.999994635581970215e-01,9.816306410357356071e-04,-5.143393063917756081e-04,-9.153228165814653039e-05
5.359687328338623047e+00,6.194025516510009766e+00,4.798415184020996094e+00,9.999566078186035156e-01,2.406483283266425133e-03,7.847219705581665039e-03,4.424907267093658447e-03
6.678040504455566406e+00,5.713967323303222656e+00,3.507640600204467773e+00,9.999136328697204590e-01,-9.152787388302385807e-04,-1.286477781832218170e-02,2.526537748053669930e-03
3.145915031433105469e+00,4.880568981170654297e+00,5.240800380706787109e+00,9.999999403953552246e-01,-2.663484192453324795e-04,2.781655930448323488e-04,-2.760873758234083652e-04
4.803069591522216797e+00,5.662223815917968750e+00,4.304739952087402344e+00,9.999986290931701660e-01,-1.520268502645194530e-03,-6.193452281877398491e-04,4.037604667246341705e-04
5.377359867095947266e+00,1.875188231468200684e+00,1.041860461235046387e+00,9.999966025352478027e-01,1.237669144757091999e-03,1.862630946561694145e-03,-1.321869436651468277e-03
1.466998577117919922e+00,1.236374497413635254e+00,7.074164867401123047e+00,9.999999403953552246e-01,2.470576146151870489e-04,-2.911578631028532982e-04,1.553416950628161430e-05
5.750226497650146484e+00,1.030003905296325684e+00,5.291178703308105469e+00,9.999995231628417969e-01,-1.038917573168873787e-03,8.425926353083923459e-05,7.827587978681549430e-05
3.709144353866577148e+00,1.707015752792358398e+00,6.675116062164306641e+00,9.999995231628417969e-01,-6.777893868274986744e-04,7.694748346693813801e-04,-1.367634977214038372e-04
4.827465057373046875e+00,4.225896358489990234e+00,6.355706691741943359e+00,9.999997615814208984e-01,5.410325247794389725e-04,5.632997490465641022e-04,3.094371641054749489e-05
3.901461839675903320e+00,1.158400535583496094e+00,3.141270399093627930e+00,9.998629093170166016e-01,-3.122468478977680206e-03,1.619184762239456177e-02,-1.484409673139452934e-03
7.101138234138488770e-01,4.826459407806396484e+00,1.298383593559265137e+00,9.999095201492309570e-01,8.881186950020492077e-04,-9.291805326938629150e-03,-9.689224883913993835e-03
5.626151561737060547e+00,4.956230163574218750e+00,5.647764682769775391e+00,9.997613430023193359e-01,7.389458362013101578e-03,2.055786922574043274e-02,2.909478207584470510e-04
8.263971209526062012e-01,4.400396823883056641e+00,4.250157356262207031e+00,9.999894499778747559e-01,1.780456863343715668e-03,-3.126655006781220436e-03,-2.874216530472040176e-03
3.739607632160186768e-01,3.751707077026367188e+00,1.816961646080017090e+00,9.999332427978515625e-01,-6.025069393217563629e-03,-9.074894711375236511e-03,-3.857157193124294281e-03
6.345736026763916016e+00,3.010810136795043945e+00,5.366071701049804688e+00,9.997695088386535645e-01,-6.417128723114728928e-03,-1.751530915498733521e-02,1.062747277319431305e-02
4.116607666015625000e+00,6.999145507812500000e+00,5.089577674865722656e+00,9.999992847442626953e-01,2.297874016221612692e-04,-9.724741103127598763e-04,-7.130273152142763138e-04
1.904466748237609863e+00,6.031423568725585938e+00,6.703046321868896484e+00,9.999997019767761230e-01,3.532350528985261917e-04,-2.627795620355755091e-04,7.273232913576066494e-04
3.674340486526489258e+00,6.019457578659057617e-01,2.666747093200683594e+00,9.999966621398925781e-01,-1.484645297750830650e-03,-2.060450380668044090e-03,-5.570552893914282322e-04
3.309419870376586914e+00,1.977425813674926758e+00,5.057333469390869141e+00,9.999927282333374023e-01,3.583454526960849762e-03,7.592545589432120323e-04,-1.111240591853857040e-03
5.473530769348144531e+00,3.087246179580688477e+00,7.386695384979248047e+00,9.996989965438842773e-01,-6.303258240222930908e-03,-1.831445284187793732e-02,1.505912933498620987e-02
2.677814245223999023e+00,4.818018436431884766e+00,8.193861842155456543e-01,9.999973177909851074e-01,-4.430222033988684416e-04,1.215645112097263336e-03,1.936725224368274212e-03
5.700485229492187500e+00,3.359101772308349609e+00,5.574325561523437500e+00,9.999297261238098145e-01,-4.368475638329982758e-03,-3.295645583420991898e-03,1.052052900195121765e-02
7.760809063911437988e-01,1.104019045829772949e+00,1.765053629875183105e+00,9.999898672103881836e-01,-3.620444098487496376e-03,1.358602894470095634e-03,2.304643858224153519e-03
2.226007223129272461e+00,3.137051165103912354e-01,1.249592542648315430e+00,9.999864697456359863e-01,2.877975814044475555e-03,4.255052655935287476e-03,8.579009445384144783e-04
6.735063076019287109e+00,4.264812946319580078e+00,2.234976768493652344e+00,9.999719858169555664e-01,-1.522882957942783833e-03,-7.243954576551914215e-03,1.171506126411259174e-03
6.205770015716552734e+00,5.842812061309814453e-01,4.831103324890136719e+00,9.999923110008239746e-01,-4.909791750833392143e-04,-3.186157904565334320e-03,-2.234729239717125893e-03
8.603982925415039062e-01,7.259405612945556641e+00,2.568903207778930664e+00,9.999973773956298828e-01,5.626589409075677395e-04,-2.239330671727657318e-03,-6.782670243410393596e-05
1.631451725959777832e+00,4.985533714294433594e+00,5.814093589782714844e+00,9.998658299446105957e-01,-8.741488680243492126e-03,-9.526754729449748993e-03,-1.006281841546297073e-02
6.547839641571044922e+00,4.713958740234375000e+00,4.870829105377197266e+00,9.999975562095642090e-01,-6.224702228792011738e-04,9.532887488603591919e-04,-1.923864590935409069e-03
3.897630453109741211e+00,6.031781673431396484e+00,3.042408466339111328e+00,9.999989271163940430e-01,1.396802021190524101e-03,-1.879524352261796594e-04,-5.370519938878715038e-04
3.457886695861816406e+00,2.803196907043457031e+00,4.538945198059082031e+00,9.998335838317871094e-01,-9.623450227081775665e-03,-2.264382317662239075e-03,-1.533427834510803223e-02
6.394157886505126953e+00,5.875986576080322266e+00,7.318265438079833984e+00,9.998986721038818359e-01,-9.618784300982952118e-03,-1.038846373558044434e-02,1.534391660243272781e-03
4.467492580413818359e+00,2.020730257034301758e+00,4.835417270660400391e+00,9.999962449073791504e-01,-9.944235207512974739e-04,2.487183548510074615e-03,-6.213373853825032711e-04
5.758744716644287109e+00,5.511493682861328125e+00,5.264385700225830078e+00,9.999666213989257812e-01,-4.857408348470926285e-03,6.218827329576015472e-03,2.146357670426368713e-03
2.240338802337646484e+00,2.580524206161499023e+00,6.173608779907226562e+00,9.999967813491821289e-01,-4.326834750827401876e-04,-5.513437208719551563e-04,-2.459522802382707596e-03
2.825070858001708984e+00,6.342609405517578125e+00,2.485989332199096680e+00,9.999997615814208984e-01,-2.414039481664076447e-04,-4.859019245486706495e-04,5.630125524476170540e-04
7.815821170806884766e-01,3.603297948837280273e+00,5.624996662139892578e+00,9.999983310699462891e-01,1.223308965563774109e-03,6.890465156175196171e-04,-1.210686285048723221e-03
3.364107131958007812e+00,2.169883698225021362e-01,7.334458827972412109e+00,9.999984502792358398e-01,1.490520313382148743e-03,-7.904159720055758953e-04,-6.035611731931567192e-04
6.920338153839111328e+00,1.093509554862976074e+00,6.215729236602783203e+00,9.999998807907104492e-01,4.031931166537106037e-04,9.202783985529094934e-05,4.763520555570721626e-04
2.624997138977050781e+00,5.059086084365844727e-01,4.856482982635498047e+00,9.999920725822448730e-01,2.715727780014276505e-03,2.811272162944078445e-03,8.535147644579410553e-04
5.899009227752685547e+00,5.871030330657958984e+00,1.221092462539672852e+00,9.999918341636657715e-01,-1.778137288056313992e-03,-3.414899343624711037e-03,-1.259218668565154076e-03
3.680153369903564453e+00,4.324380874633789062e+00,3.085337400436401367e+00,9.999971985816955566e-01,9.352389606647193432e-04,-1.933466526679694653e-03,-1.030609011650085449e-03
7.288189888000488281e+00,1.737635374069213867e+00,2.258225202560424805e+00,9.999987483024597168e-01,2.995725662913173437e-04,4.593973862938582897e-04,-1.480269595049321651e-03
5.737841129302978516e+00,2.972600221633911133e+00,2.000224828720092773e+00,9.999963045120239258e-01,1.284065539948642254e-03,6.612335564568638802e-04,-2.327289665117859840e-03
4.669104576110839844e+00,1.064444422721862793e+00,2.853918313980102539e+00,9.999862909317016602e-01,-4.112399648874998093e-03,-6.029749638400971889e-04,3.189115319401025772e-03
1.479544520378112793e+00,4.694964587688446045e-01,4.945926189422607422e+00,9.998791217803955078e-01,-1.293013896793127060e-02,5.156071856617927551e-03,-6.929469760507345200e-03
6.082509994506835938e+00,7.233242392539978027e-01,5.482950687408447266e+00,9.998970031738281250e-01,-9.878864511847496033e-03,1.022838801145553589e-02,-1.963161397725343704e-03
5.537913322448730469e+00,7.125650882720947266e+00,4.517046451568603516e+00,9.999442100524902344e-01,6.278889719396829605e-03,2.132583642378449440e-03,-8.225934579968452454e-03
5.938868045806884766e+00,2.434426248073577881e-01,6.179422378540039062e+00,9.999973773956298828e-01,1.316654845140874386e-03,1.059859991073608398e-03,1.526911859400570393e-03
1.244534611701965332e+00,6.689594745635986328e+00,3.337815523147583008e+00,9.999706149101257324e-01,-1.289541018195450306e-03,-6.323106586933135986e-03,-4.140125121921300888e-03
2.938203811645507812e+00,3.362973928451538086e+00,4.703925549983978271e-01,9.997459650039672852e-01,1.721142977476119995e-02,-1.349936984479427338e-02,-5.434626713395118713e-03
1.863893270492553711e+00,3.588713884353637695e+00,3.657432317733764648e+00,9.999992251396179199e-01,5.572595400735735893e-04,-1.142261899076402187e-03,-2.822680107783526182e-04
5.603663444519042969e+00,5.833256721496582031e+00,4.514157772064208984e+00,9.999759197235107422e-01,1.222270075231790543e-03,3.516326658427715302e-03,5.859993398189544678e-03
2.560976982116699219e+00,6.326181888580322266e+00,4.103857517242431641e+00,9.999977946281433105e-01,1.640242873691022396e-03,-2.126876643160358071e-04,1.352751860395073891e-03
4.429124891757965088e-01,7.253900051116943359e+00,2.133662939071655273e+00,9.999728202819824219e-01,-5.388322286307811737e-03,2.059165854007005692e-03,4.597874358296394348e-03
3.222493886947631836e+00,9.488296508789062500e-01,5.509945392608642578e+00,9.999665617942810059e-01,1.407679403200745583e-03,6.058059632778167725e-03,-5.321620963513851166e-03
5.755404472351074219e+00,7.269982337951660156e+00,4.266634464263916016e+00,9.999957680702209473e-01,7.926867692731320858e-05,-9.912094101309776306e-04,-2.762984950095415115e-03
3.650965452194213867e+00,1.749203205108642578e+00,3.043935060501098633e+00,9.997883439064025879e-01,-6.032008212059736252e-03,1.453433930873870850e-02,1.325301639735698700e-02
5.830383300781250000e+00,4.020411968231201172e+00,1.276510119438171387e+00,9.999589920043945312e-01,-9.025027044117450714e-03,-3.044826444238424301e-04,-7.530713919550180435e-04
3.967197179794311523e+00,4.956346035003662109e+00,1.376940488815307617e+00,9.999947547912597656e-01,-2.512466395273804665e-03,-1.554751652292907238e-03,1.347739947959780693e-03
2.257483959197998047e+00,2.097701072692871094e+00,6.837961077690124512e-01,9.999904632568359375e-01,6.601714412681758404e-04,3.517782315611839294e-03,-2.513345330953598022e-03
1.127235651016235352e+00,2.686881065368652344e+00,5.540828227996826172e+00,9.999980926513671875e-01,1.285100821405649185e-03,1.461347914300858974e-03,2.988960186485201120e-04
1.727101206779479980e-01,5.971450328826904297e+00,7.247744202613830566e-01,9.998958110809326172e-01,-3.890361869707703590e-03,5.680323578417301178e-03,1.268922537565231323e-02
3.411698341369628906e-01,5.068806648254394531e+00,4.577483177185058594e+00,9.997299909591674805e-01,-1.998350583016872406e-02,-6.675524171441793442e-03,-9.799883700907230377e-03
4.770485877990722656e+00,3.195459842681884766e+00,5.418911203742027283e-02,9.999980926513671875e-01,-1.470671268180012703e-03,1.323980512097477913e-03,1.082923263311386108e-04
1.439589738845825195e+00,6.880420207977294922e+00,6.094006061553955078e+00,9.999408125877380371e-01,-7.020942401140928268e-03,8.044372312724590302e-03,-2.096158219501376152e-03
2.220214843750000000e+00,4.280967235565185547e+00,1.052142381668090820e+00,9.999870061874389648e-01,4.067702218890190125e-03,-1.751631032675504684e-03,2.532577607780694962e-03
6.306762695312500000e+00,5.401219844818115234e+00,3.897339701652526855e-01,9.999935030937194824e-01,-2.843986963853240013e-03,1.823033206164836884e-03,1.300122006796300411e-03
2.646929025650024414e+00,4.250738620758056641e+00,3.447430610656738281e+00,9.999921917915344238e-01,3.603099612519145012e-03,-1.327843754552304745e-03,-8.878373773768544197e-04
4.713428974151611328e+00,6.557327747344970703e+00,1.432196021080017090e+00,9.999946951866149902e-01,-8.765082020545378327e-05,3.051076782867312431e-03,1.176908379420638084e-03
5.362290382385253906e+00,2.570051908493041992e+00,3.834916830062866211e+00,9.999991059303283691e-01,1.361300121061503887e-03,-2.173398679587990046e-04,1.612607884453609586e-04
6.902229785919189453e+00,5.668643474578857422e+00,1.750656008720397949e+00,9.999956488609313965e-01,1.091339392587542534e-03,2.318805782124400139e-03,-1.483299885876476765e-03
3.856242895126342773e+00,4.651836395263671875e+00,3.280702114105224609e+00,9.999970197677612305e-01,-1.128534568124450743e-04,-1.740918145515024662e-03,-1.735050347633659840e-03
6.269036293029785156e+00,6.475728988647460938e+00,1.778306126594543457e+00,9.999993443489074707e-01,-8.746025268919765949e-04,-6.829234189353883266e-04,-2.317672915523871779e-04
2.119579792022705078e+00,6.897950649261474609e+00,7.206093311309814453e+00,9.999983906745910645e-01,-3.495186974760144949e-04,1.608854276128113270e-03,7.279691635631024837e-04
5.151841640472412109e+00,3.645251035690307617e+00,5.624593496322631836e-01,9.999976754188537598e-01,-1.422623172402381897e-03,8.082744316197931767e-04,-1.440812717191874981e-03
1.312063694000244141e+00,3.481055021286010742e+00,2.612971305847167969e+00,9.998884797096252441e-01,-1.198421604931354523e-02,-4.157896153628826141e-03,-7.891564629971981049e-03
6.608510494232177734e+00,3.799755275249481201e-01,3.439154624938964844e+00,9.999969005584716797e-01,1.121494453400373459e-03,2.508524339646100998e-04,2.247272757813334465e-03
7.045864582061767578e+00,6.422464847564697266e+00,2.693047046661376953e+00,9.999996423721313477e-01,2.023855777224525809e-04,6.153335561975836754e-04,6.252207094803452492e-04
4.844797134399414062e+00,2.858949899673461914e+00,3.601557254791259766e+00,9.998964071273803711e-01,4.644325468689203262e-03,1.207912247627973557e-02,-6.305974908173084259e-03
6.379839777946472168e-01,1.961024165153503418e+00,1.973011851310729980e+00,9.999985694885253906e-01,1.617287285625934601e-03,-5.444773705676198006e-04,1.790284732123836875e-04
6.211686134338378906e+00,8.275069594383239746e-01,6.197070121765136719e+00,9.999983906745910645e-01,-1.610159873962402344e-03,-8.614573744125664234e-04,2.285932860104367137e-04
6.915224075317382812e+00,3.948947489261627197e-01,5.268620967864990234e+00,9.999568462371826172e-01,7.104991935193538666e-03,-5.060048773884773254e-03,3.190210787579417229e-03
3.115027427673339844e+00,8.640208244323730469e-01,1.228880167007446289e+00,9.999952316284179688e-01,-1.120112952776253223e-03,-2.116690855473279953e-03,-1.976758707314729691e-03
4.664930343627929688e+00,7.466440796852111816e-01,1.309589862823486328e+00,9.998766183853149414e-01,1.210679300129413605e-02,7.754959631711244583e-03,-6.336355581879615784e-03
1.630348563194274902e+00,4.310681819915771484e+00,6.868278026580810547e+00,9.999982714653015137e-01,-1.803659135475754738e-03,-4.033629957120865583e-04,-4.069767019245773554e-04
1.002171516418457031e+00,4.378852367401123047e+00,2.628414630889892578e+00,9.999977350234985352e-01,9.134928695857524872e-04,-5.934745422564446926e-04,-1.864191261120140553e-03
3.058016300201416016e+00,6.092220306396484375e+00,3.296498537063598633e+00,9.999994039535522461e-01,1.136333914473652840e-03,9.478895663050934672e-06,2.481348346918821335e-04
5.357321262359619141e+00,4.484584629535675049e-01,4.150434494018554688e+00,9.998894929885864258e-01,-3.854581620544195175e-03,-7.942761294543743134e-03,-1.196123193949460983e-02
4.198818206787109375e+00,1.412482380867004395e+00,5.723917484283447266e+00,9.999970197677612305e-01,1.920537208206951618e-03,-1.011875341646373272e-03,-1.190028851851820946e-03
6.902983784675598145e-01,3.250185012817382812e+00,3.610167741775512695e+00,9.998597502708435059e-01,1.168965641409158707e-02,6.457637529820203781e-03,1.010960340499877930e-02
2.742742300033569336e+00,3.116398811340332031e+00,4.221466064453125000e+00,9.999970197677612305e-01,-2.033780765486881137e-04,9.099066664930433035e-05,2.467103768140077591e-03
4.194411754608154297e+00,8.349072337150573730e-01,2.321245193481445312e+00,9.999799728393554688e-01,1.187585759907960892e-03,-6.214322522282600403e-03,1.363616320304572582e-04
5.387763977050781250e+00,5.148162364959716797e+00,5.550926208496093750e+00,9.997687339782714844e-01,-5.540707148611545563e-03,5.441326182335615158e-03,2.005596645176410675e-02
3.686405420303344727e+00,2.495031833648681641e+00,2.864859580993652344e+00,9.999763369560241699e-01,4.245704039931297302e-03,3.434626851230859756e-04,-5.397944245487451553e-03
5.692723751068115234e+00,6.765115261077880859e+00,9.700433611869812012e-01,9.999450445175170898e-01,4.231445025652647018e-03,-8.751993067562580109e-03,3.919219598174095154e-03
6.504063129425048828e+00,4.850193977355957031e+00,1.286211133003234863e+00,9.999576807022094727e-01,5.889680702239274979e-03,-4.745063371956348419e-03,-5.236052442342042923e-03
1.959974646568298340e+00,3.182629346847534180e+00,5.780803561210632324e-01,9.999991059303283691e-01,9.201555512845516205e-04,8.595250546932220459e-04,-5.431775934994220734e-04
3.116217613220214844e+00,3.284677267074584961e+00,4.024469375610351562e+00,9.999780654907226562e-01,-3.045323304831981659e-03,-9.669121936894953251e-04,5.808423273265361786e-03
2.153322100639343262e-01,5.679400920867919922e+00,8.969057798385620117e-01,9.999845027923583984e-01,2.463374054059386253e-03,-2.403041813522577286e-03,-4.387108143419027328e-03
7.092741966247558594e+00,5.047173023223876953e+00,3.091945171356201172e+00,9.999933838844299316e-01,5.360658396966755390e-04,-2.993967849761247635e-03,-2.032312098890542984e-03
1.965309143066406250e+00,5.953318119049072266e+00,6.328919410705566406e+00,9.999991655349731445e-01,1.071859034709632397e-03,7.899476331658661366e-04,-1.312345120823010802e-04
2.141355514526367188e+00,4.265208244323730469e+00,3.731453716754913330e-01,9.999850988388061523e-01,3.416108200326561928e-03,4.250482656061649323e-03,-3.142868517898023129e-04
1.584662556648254395e+00,5.736122608184814453e+00,2.169336557388305664e+00,9.999934434890747070e-01,-9.463608148507773876e-05,2.501711249351501465e-03,-2.622117754071950912e-03
7.012217044830322266e+00,7.245252609252929688e+00,5.098175525665283203e+00,9.999995231628417969e-01,5.120498826727271080e-04,1.639768597669899464e-04,8.768967236392199993e-04
6.150264739990234375e+00,6.213852405548095703e+00,2.553572177886962891e+00,9.999997615814208984e-01,3.285403654444962740e-04,-1.062715382431633770e-04,7.266234606504440308e-04
7.205310344696044922e+00,4.910752296447753906e+00,4.735766410827636719e+00,9.999985694885253906e-01,-5.880299722775816917e-04,-1.168077462352812290e-03,1.124606234952807426e-03
1.943851470947265625e+00,4.299621582031250000e+00,2.231803894042968750e+00,9.998493790626525879e-01,-1.123458705842494965e-02,-3.985609859228134155e-03,-1.261739153414964676e-02
8.861416578292846680e-01,5.589955806732177734e+00,5.937982201576232910e-01,9.999999403953552246e-01,-3.060973540414124727e-04,2.767344121821224689e-04,-3.193840675521641970e-04
4.705215930938720703e+00,4.511175155639648438e+00,7.101612567901611328e+00,9.999969005584716797e-01,-5.637863650918006897e-04,2.115566516295075417e-03,1.222000923007726669e-03
3.527809619903564453e+00,3.937100172042846680e+00,1.798881649971008301e+00,9.999898076057434082e-01,-1.600034534931182861e-03,1.988450763747096062e-03,3.732857061550021172e-03
2.932071089744567871e-01,7.308874130249023438e+00,4.782416820526123047e+00,9.998119473457336426e-01,1.112848427146673203e-02,4.817754030227661133e-03,1.513601839542388916e-02
1.274283647537231445e+00,3.676899671554565430e+00,6.611545562744140625e+00,9.999877810478210449e-01,2.433155663311481476e-03,-2.388019347563385963e-03,-3.574538975954055786e-03
4.707619667053222656e+00,3.006461858749389648e+00,1.478122830390930176e+00,9.999983906745910645e-01,-5.732657155022025108e-04,1.751409145072102547e-03,-6.251949525903910398e-05
2.288424253463745117e+00,7.181099414825439453e+00,1.912885189056396484e+00,9.999843835830688477e-01,-4.971958231180906296e-03,1.160735730081796646e-03,-2.300945576280355453e-03
2.440048217773437500e+00,1.090372681617736816e+00,3.670650720596313477e+00,9.999303817749023438e-01,8.637847378849983215e-03,-8.037727326154708862e-03,1.806856162147596478e-04
2.970898389816284180e+00,7.089904785156250000e+00,5.943624973297119141e+00,9.999976754188537598e-01,-3.681102825794368982e-04,1.348933787085115910e-03,1.631518476642668247e-03
6.993125915527343750e+00,4.545835971832275391e+00,3.433520793914794922e+00,9.999848008155822754e-01,3.504607011564075947e-04,-2.805638825520873070e-03,4.747842438519001007e-03
2.611772775650024414e+00,1.510325193405151367e+00,4.939676284790039062e+00,9.999992251396179199e-01,1.115127583034336567e-03,-5.911916960030794144e-04,-1.093059836421161890e-04
2.678257465362548828e+00,4.606863021850585938e+00,4.376415252685546875e+00,9.999881982803344727e-01,-3.422219539061188698e-03,3.278816584497690201e-03,1.103413989767432213e-03
7.087638378143310547e+00,2.557404518127441406e+00,1.591529101133346558e-01,9.999369382858276367e-01,-1.241773599758744240e-03,4.952689167112112045e-03,-1.000796630978584290e-02
1.525295257568359375e+00,2.226602315902709961e+00,4.468792915344238281e+00,1.000000000000000000e+00,6.702451355522498488e-05,1.496243785368278623e-04,-3.348047612234950066e-04
2.894062519073486328e+00,3.428410530090332031e+00,2.866491556167602539e+00,9.998076558113098145e-01,-1.031806599348783493e-02,1.659335196018218994e-02,1.693974016234278679e-03
4.572522163391113281e+00,3.590017318725585938e+00,6.801327228546142578e+00,9.999478459358215332e-01,-1.488372799940407276e-03,-6.270707235671579838e-04,-1.008465606719255447e-02
5.677274227142333984e+00,5.722251415252685547e+00,1.831807017326354980e+00,9.999617338180541992e-01,2.307074144482612610e-03,-6.187820341438055038e-03,5.740417167544364929e-03
4.053619861602783203e+00,4.975994586944580078e+00,7.408863067626953125e+00,9.997727274894714355e-01,1.206039823591709137e-02,1.301348023116588593e-02,1.182449888437986374e-02
1.972460150718688965e+00,6.991691589355468750e+00,6.864541053771972656e+00,9.999991059303283691e-01,3.658629429992288351e-04,6.398863042704761028e-04,1.153489691205322742e-03
5.194122314453125000e+00,7.401193380355834961e-01,6.856378555297851562e+00,9.998931884765625000e-01,-3.583213314414024353e-03,1.311361603438854218e-02,-5.367814097553491592e-03
4.354834079742431641e+00,5.337637424468994141e+00,6.769192695617675781e+00,9.999915361404418945e-01,-1.806291402317583561e-03,-3.618713002651929855e-03,-8.128667832352221012e-04
1.194053053855895996e+00,4.621393203735351562e+00,1.947930604219436646e-01,9.999955892562866211e-01,5.734209553338587284e-04,-7.467607501894235611e-04,-2.837016247212886810e-03
1.120778799057006836e+00,5.713635683059692383e-01,1.501508355140686035e-01,9.999983906745910645e-01,-4.254309460520744324e-04,1.757050398737192154e-03,-5.216371209826320410e-05
1.168656229972839355e+00,6.332176685333251953e+00,4.222032070159912109e+00,9.999590516090393066e-01,-8.484994061291217804e-03,-2.173688262701034546e-03,2.296263817697763443e-03
2.333990097045898438e+00,1.255176424980163574e+00,2.804890155792236328e+00,9.999785423278808594e-01,1.925439108163118362e-03,-6.234631873667240143e-03,5.952955107204616070e-04
4.868439197540283203e+00,4.426797389984130859e+00,2.070667743682861328e+00,9.999608993530273438e-01,2.037252066656947136e-03,-2.816384658217430115e-04,-8.607970550656318665e-03
3.567234277725219727e+00,2.792182445526123047e+00,6.505379199981689453e+00,9.999998211860656738e-01,5.546328611671924591e-04,-3.148667165078222752e-04,9.054975635081063956e-06
7.073744297027587891e+00,3.748807430267333984e+00,4.382446289062500000e+00,9.999961256980895996e-01,-2.270874334499239922e-03,1.525324769318103790e-03,-5.868061562068760395e-04
3.740421295166015625e+00,7.051518440246582031e+00,3.486872673034667969e+00,9.999970197677612305e-01,1.802098704501986504e-03,-1.026597223244607449e-03,1.289964420720934868e-03
1.027211472392082214e-01,4.400545120239257812e+00,7.973587512969970703e-01,9.999162554740905762e-01,-1.134436670690774918e-02,3.459016093984246254e-03,5.183359142392873764e-03
6.143774032592773438e+00,2.455251932144165039e+00,6.969758033752441406e+00,9.999963641166687012e-01,1.211778610013425350e-03,-4.015706654172390699e-04,-2.360303187742829323e-03
4.056069850921630859e+00,1.441970229148864746e+00,1.817409545183181763e-01,9.999834895133972168e-01,5.044361576437950134e-03,2.423523692414164543e-03,1.354419626295566559e-03
4.724661350250244141e+00,3.805816650390625000e+00,4.386490821838378906e+00,9.999414682388305664e-01,1.366985496133565903e-03,-8.065478759817779064e-04,-1.069956179708242416e-02
1.855311274528503418e+00,1.618077278137207031e+00,3.103399276733398438e-01,9.998940229415893555e-01,1.313972286880016327e-02,-6.248753517866134644e-03,-4.979438963346183300e-04
7.061388492584228516e+00,7.077993869781494141e+00,1.375118732452392578e+00,9.999957084655761719e-01,-2.353429561480879784e-03,-1.679159759078174829e-04,-1.785641070455312729e-03
2.546800851821899414e+00,1.421386837959289551e+00,4.086265087127685547e+00,9.999998807907104492e-01,-4.892352153547108173e-04,-3.804860398304299451e-06,3.746100119315087795e-04
5.016999244689941406e+00,3.499294996261596680e+00,4.979653835296630859e+00,9.999833703041076660e-01,1.674836035817861557e-03,-4.752683453261852264e-03,2.813454717397689819e-03
1.687783122062683105e+00,7.475375652313232422e+00,1.077845573425292969e+00,9.999155402183532715e-01,-5.681927315890789032e-03,1.155431289225816727e-02,-1.789351692423224449e-03
2.971003055572509766e+00,1.599983215332031250e+00,1.262090325355529785e+00,9.999805688858032227e-01,-1.038387184962630272e-03,-4.628592636436223984e-03,4.042136948555707932e-03
4.708735466003417969e+00,5.842335700988769531e+00,6.917832851409912109e+00,9.999954104423522949e-01,2.715969691053032875e-03,-1.307459664531052113e-03,-3.778644022531807423e-04
6.375005722045898438e+00,1.741842269897460938e+00,4.062454223632812500e+00,9.999979138374328613e-01,1.602222910150885582e-03,-1.114870538003742695e-03,6.315832724794745445e-04
3.355907440185546875e+00,9.709540009498596191e-01,6.431686878204345703e-02,9.999442100524902344e-01,4.072553943842649460e-03,-3.256194526329636574e-03,9.190050885081291199e-03
3.173477411270141602e+00,5.648208141326904297e+00,1.290254201740026474e-02,9.999917745590209961e-01,3.632181556895375252e-03,-4.544499970506876707e-04,-1.738726045005023479e-03
3.179904222488403320e+00,4.459706306457519531e+00,1.262074232101440430e+00,9.999100565910339355e-01,8.657651953399181366e-03,9.085602127015590668e-03,4.727633669972419739e-03
4.521094799041748047e+00,3.540868759155273438e+00,7.385748863220214844e+00,9.999991059303283691e-01,-1.340112998150289059e-03,3.182000364176928997e-04,1.420432527083903551e-04
2.336094141006469727e+00,3.240122556686401367e+00,6.853482723236083984e+00,9.999985694885253906e-01,4.167297447565943003e-04,-1.549293170683085918e-03,-5.330487620085477829e-04
1.740063279867172241e-01,6.637367248535156250e+00,1.052259922027587891e+00,9.999850392341613770e-01,-4.167025443166494370e-03,3.535264404490590096e-03,-3.840813296847045422e-04
1.802207946777343750e+00,6.200745701789855957e-01,5.193774223327636719e+00,9.999969601631164551e-01,-4.714021342806518078e-04,2.426850842311978340e-03,3.098434244748204947e-04
7.108715057373046875e+00,3.124821901321411133e+00,4.968394756317138672e+00,9.999998211860656738e-01,3.327942395117133856e-04,5.130395293235778809e-04,-2.029371389653533697e-04
2.654378414154052734e+00,7.095314860343933105e-01,6.351189136505126953e+00,9.999986886978149414e-01,-3.328011953271925449e-04,1.022829790599644184e-03,1.186126959510147572e-03
2.234624624252319336e+00,5.860312461853027344e+00,4.198099136352539062e+00,9.999973177909851074e-01,2.333100652322173119e-03,3.850334542221389711e-05,2.082837745547294617e-04
7.477492809295654297e+00,6.782153129577636719e+00,4.517425969243049622e-02,9.999791383743286133e-01,1.455744146369397640e-03,-6.024173926562070847e-03,-1.837975229136645794e-03
1.832700967788696289e+00,3.303682327270507812e+00,1.354740619659423828e+00,9.999825954437255859e-01,-2.198604634031653404e-03,5.437508691102266312e-03,6.436789990402758121e-04
5.226560592651367188e+00,4.505498409271240234e+00,2.347669124603271484e+00,9.999885559082031250e-01,-1.334269880317151546e-03,4.174381494522094727e-03,-1.909472630359232426e-03
4.352986812591552734e+00,3.781156063079833984e+00,6.467346668243408203e+00,9.999985694885253906e-01,-5.631981184706091881e-04,-1.630119280889630318e-03,7.288933556992560625e-05
5.360725522041320801e-02,6.490054607391357422e+00,2.244220733642578125e+00,9.999940395355224609e-01,-2.703382167965173721e-03,-8.440993406111374497e-05,2.155724214389920235e-03
2.464897155761718750e+00,3.749409914016723633e+00,6.806833744049072266e+00,9.999120235443115234e-01,1.339014619588851929e-03,-4.972357302904129028e-03,-1.222806610167026520e-02
6.866653442382812500e+00,2.394204616546630859e+00,5.128484249114990234e+00,9.999604821205139160e-01,2.033218508586287498e-03,-7.984076626598834991e-03,-3.339865710586309433e-03
9.412161111831665039e-01,4.142525672912597656e+00,7.052468299865722656e+00,9.999957084655761719e-01,4.900184576399624348e-04,2.747107297182083130e-03,9.548048838041722775e-04
3.027277708053588867e+00,6.609011888504028320e-01,7.102754116058349609e+00,9.999986290931701660e-01,1.419111387804150581e-03,6.461691373260691762e-05,8.930887561291456223e-04
7.500835895538330078e+00,1.593178272247314453e+00,1.031360983848571777e+00,9.997841715812683105e-01,2.037884294986724854e-02,-2.574096433818340302e-03,-3.130376338958740234e-03
6.670010566711425781e+00,6.647714614868164062e+00,2.964005947113037109e+00,9.999148845672607422e-01,3.350090468302369118e-03,-8.000166155397891998e-03,-9.750744327902793884e-03
6.210168838500976562e+00,3.200348615646362305e+00,6.711903214454650879e-01,9.999933838844299316e-01,1.809784560464322567e-03,-3.814293304458260536e-04,3.155392361804842949e-03
6.325034141540527344e+00,4.884257793426513672e+00,3.310058593750000000e+00,9.999904632568359375e-01,-1.195232965983450413e-03,8.339579217135906219e-04,-4.134373739361763000e-03
4.022969722747802734e+00,7.414543628692626953e+00,5.334280490875244141e+00,9.999806880950927734e-01,-2.901849104091525078e-03,5.421020556241273880e-03,9.882835438475012779e-04
7.310938835144042969e+00,1.618417978286743164e+00,3.777998447418212891e+00,9.999999403953552246e-01,3.515815187711268663e-04,3.544437640812247992e-04,-2.114360104314982891e-04
7.466322898864746094e+00,5.679347515106201172e+00,6.638577938079833984e+00,9.999763965606689453e-01,-5.867427680641412735e-03,3.576827002689242363e-03,2.465152356307953596e-04
8.439788818359375000e-01,7.437739372253417969e+00,3.845853090286254883e+00,9.999988079071044922e-01,1.334805507212877274e-03,-5.797024932689964771e-04,5.990145727992057800e-04
1.284752130508422852e+00,2.989999294281005859e+00,2.279483556747436523e+00,9.999582171440124512e-01,9.055654518306255341e-04,8.319205604493618011e-03,-3.677576081827282906e-03
5.655840396881103516e+00,1.617401599884033203e+00,5.176689624786376953e+00,9.999966025352478027e-01,-2.009584102779626846e-03,6.815807428210973740e-04,-1.550853135995566845e-03
4.583339214324951172e+00,4.665501594543457031e+00,4.478334426879882812e+00,9.999696016311645508e-01,5.113375373184680939e-03,3.086208133026957512e-03,-5.016516428440809250e-03
6.997193813323974609e+00,5.325744628906250000e+00,3.529885768890380859e+00,9.999957084655761719e-01,-8.172669331543147564e-04,-2.783483825623989105e-03,4.600074316840618849e-04
7.040518283843994141e+00,1.513680458068847656e+00,1.796031594276428223e+00,9.999927878379821777e-01,6.035243277437984943e-04,2.566915005445480347e-03,-2.727823331952095032e-03
2.020803689956665039e+00,1.627993106842041016e+00,4.070635318756103516e+00,9.998885393142700195e-01,-1.484962925314903259e-02,1.495554693974554539e-03,-3.482095489744096994e-04
1.305946469306945801e+00,6.459361553192138672e+00,1.915754556655883789e+00,9.999443888664245605e-01,9.428420104086399078e-03,-3.756672143936157227e-03,2.868407173082232475e-03
1.371289491653442383e+00,3.258763551712036133e+00,7.004149436950683594e+00,9.999950528144836426e-01,7.876128074713051319e-04,-3.003840800374746323e-03,-6.358645623549818993e-04
1.818714737892150879e+00,4.372666835784912109e+00,3.403654813766479492e+00,9.999991059303283691e-01,9.974599815905094147e-04,8.010057499632239342e-04,-5.180368898436427116e-04
2.212218761444091797e+00,3.005880355834960938e+00,6.127515792846679688e+00,9.999960064888000488e-01,-1.232075301231816411e-04,3.320193500258028507e-04,-2.819553017616271973e-03
6.700875759124755859e+00,3.105336666107177734e+00,2.626559972763061523e+00,9.999982118606567383e-01,-9.503466426394879818e-04,4.341152380220592022e-04,-1.611754298210144043e-03
7.173708438873291016e+00,2.941982269287109375e+00,5.572435855865478516e-01,9.999814033508300781e-01,-6.032987963408231735e-03,8.226157515309751034e-04,-3.900513984262943268e-04
5.996124744415283203e+00,5.581510066986083984e+00,1.985229372978210449e+00,9.999860525131225586e-01,-1.852601417340338230e-04,-4.604226443916559219e-03,-2.607986098155379295e-03
2.850482702255249023e+00,5.612042903900146484e+00,3.751874923706054688e+00,1.000000000000000000e+00,-9.703290743345860392e-06,-3.130123950541019440e-04,-3.588300387491472065e-05
3.347791910171508789e+00,2.456072568893432617e+00,1.813337057828903198e-01,9.999951720237731934e-01,-7.001515041338279843e-05,-2.135492162778973579e-03,2.237875945866107941e-03
3.861173152923583984e+00,8.344917893409729004e-01,7.454234600067138672e+00,9.999969005584716797e-01,-3.045855555683374405e-04,2.166783902794122696e-03,-1.174291246570646763e-03
1.310204863548278809e+00,6.686226367950439453e+00,4.183163642883300781e+00,9.999973773956298828e-01,2.081481507048010826e-03,-8.032374898903071880e-04,-6.319400272332131863e-04
5.202227115631103516e+00,3.851678609848022461e+00,1.749268412590026855e+00,9.999915957450866699e-01,-5.738558829762041569e-04,-2.285961993038654327e-03,3.368827747181057930e-03
2.723962306976318359e+00,5.539207458496093750e+00,2.469204425811767578e+00,9.999993443489074707e-01,9.033691021613776684e-04,3.585285448934882879e-04,7.422451162710785866e-04
5.884647369384765625e+00,1.228743314743041992e+00,1.970628142356872559e+00,9.999852180480957031e-01,-1.329687540419399738e-03,-4.338705446571111679e-03,2.996134338900446892e-03
7.777974009513854980e-01,4.387955188751220703e+00,6.400708675384521484e+00,9.999901652336120605e-01,2.404898870736360550e-03,-3.430383745580911636e-03,1.476029399782419205e-03
5.741986751556396484e+00,1.693762421607971191e+00,3.580167531967163086e+00,9.999843835830688477e-01,3.734263591468334198e-03,4.160452168434858322e-03,-3.973394632339477539e-05
3.194724798202514648e+00,3.724978923797607422e+00,1.688147187232971191e+00,9.999884366989135742e-01,4.084433894604444504e-03,1.536527648568153381e-03,-2.034462522715330124e-03
6.277047157287597656e+00,1.690272450447082520e+00,3.692294836044311523e+00,9.999871253967285156e-01,1.814553746953606606e-03,-3.972543403506278992e-03,2.614548895508050919e-03
1.766036868095397949e+00,1.152076005935668945e+00,5.705462455749511719e+00,9.999883174896240234e-01,-7.733876700513064861e-04,3.924170043319463730e-03,-2.723601181060075760e-03
5.022007942199707031e+00,4.377624988555908203e+00,5.249247074127197266e+00,9.999950528144836426e-01,1.088923076167702675e-03,-1.746728317812085152e-03,2.408988308161497116e-03
4.239000797271728516e+00,3.799369573593139648e+00,3.300259113311767578e+00,9.999991655349731445e-01,5.866743158549070358e-04,-1.199556281790137291e-03,1.191560513689182699e-04
3.509773969650268555e+00,5.961843013763427734e+00,5.839187502861022949e-01,9.999994635581970215e-01,1.055652624927461147e-03,-6.002535883453674614e-05,1.676476967986673117e-04
5.104878902435302734e+00,1.717473268508911133e-01,3.309053182601928711e+00,9.999166727066040039e-01,-7.296156138181686401e-03,3.850852604955434799e-03,9.934240020811557770e-03
5.147963523864746094e+00,1.128453493118286133e+00,4.857073783874511719e+00,9.999985098838806152e-01,-1.320066745392978191e-03,4.225178272463381290e-04,1.087749376893043518e-03
6.947095870971679688e+00,1.777354329824447632e-01,3.518749237060546875e+00,9.999966621398925781e-01,2.151669235900044441e-03,1.664734299993142486e-04,1.484425622038543224e-03
1.096695065498352051e+00,1.827533841133117676e-01,4.639832019805908203e+00,9.999951720237731934e-01,-2.230298938229680061e-03,-2.198399044573307037e-03,-1.033276566886343062e-04
6.268383979797363281e+00,5.725167751312255859e+00,1.777517914772033691e+00,9.998690485954284668e-01,2.020533429458737373e-03,1.454529911279678345e-02,6.805173121392726898e-03
6.022463321685791016e+00,1.842167496681213379e+00,6.763254642486572266e+00,9.999968409538269043e-01,2.189481165260076523e-03,3.018177230842411518e-04,1.234961906448006630e-03
4.493144512176513672e+00,7.474879741668701172e+00,6.561440944671630859e+00,9.999988675117492676e-01,3.201600338798016310e-04,1.194166834466159344e-03,-8.483077399432659149e-04
3.207239866256713867e+00,1.238895535469055176e+00,2.120554924011230469e+00,9.999986886978149414e-01,-1.526519423350691795e-03,3.620574716478586197e-04,5.572375957854092121e-04
5.091791152954101562e+00,3.174685001373291016e+00,6.116947174072265625e+00,9.999986290931701660e-01,1.142297056503593922e-03,7.341291056945919991e-04,9.855532553046941757e-04
3.809464454650878906e+00,6.017795085906982422e+00,5.029436111450195312e+00,9.999976754188537598e-01,1.089290250092744827e-03,6.116381846368312836e-04,1.777295023202896118e-03
5.061097145080566406e+00,6.532192230224609375e+00,4.024131774902343750e+00,9.999989271163940430e-01,1.067339326255023479e-04,1.453120843507349491e-03,-4.435034934431314468e-04
8.583557009696960449e-01,9.392763972282409668e-01,7.251130580902099609e+00,9.999995827674865723e-01,-7.076296606101095676e-04,6.492717657238245010e-04,-1.806678192224353552e-04
1.906506061553955078e+00,4.943388938903808594e+00,6.042917251586914062e+00,9.999902844429016113e-01,-3.617498790845274925e-03,-2.414927352219820023e-03,-7.322173914872109890e-04
5.893990993499755859e+00,1.693572878837585449e+00,7.340435981750488281e+00,9.999987483024597168e-01,-7.505433168262243271e-04,1.374464598484337330e-03,3.338157839607447386e-04
4.498410820960998535e-01,6.903269767761230469e+00,4.293997287750244141e+00,9.998837113380432129e-01,-4.118076525628566742e-03,1.076004933565855026e-02,-1.000024843961000443e-02
1.378828167915344238e+00,3.875181823968887329e-02,4.791303575038909912e-01,9.999732375144958496e-01,-1.155546284280717373e-03,-7.189940661191940308e-04,7.186051458120346069e-03
5.308130010962486267e-02,1.733757972717285156e+00,2.369592525064945221e-02,9.999967217445373535e-01,1.729974523186683655e-03,-9.296802454628050327e-04,1.628214144147932529e-03
2.558015346527099609e+00,3.866235911846160889e-01,6.483908176422119141e+00,9.999966025352478027e-01,1.829206477850675583e-03,4.147186409682035446e-04,1.838066149502992630e-03
7.304792881011962891e+00,2.652844190597534180e+00,3.213294506072998047e+00,9.999801516532897949e-01,4.918269114568829536e-04,6.236567161977291107e-03,-7.153283222578465939e-04
2.192518949508666992e+00,3.704956293106079102e+00,2.152572154998779297e+00,9.999302625656127930e-01,7.040544878691434860e-03,6.791499909013509750e-03,-6.617216393351554871e-03
1.566478013992309570e+00,3.919070959091186523e+00,3.709212064743041992e+00,9.999871253967285156e-01,-3.373519051820039749e-03,-3.058543661609292030e-03,-2.248709322884678841e-03
6.428657531738281250e+00,6.557810902595520020e-01,3.561021804809570312e+00,9.999989271163940430e-01,-4.026004462502896786e-04,1.337180961854755878e-03,-5.180596490390598774e-04
7.141228199005126953e+00,5.245673656463623047e+00,4.796844482421875000e+00,9.999967813491821289e-01,2.476251218467950821e-03,2.195033885072916746e-04,-5.851631867699325085e-04
2.052398204803466797e+00,5.472993373870849609e+00,6.903495788574218750e+00,9.999936223030090332e-01,3.522483631968498230e-03,-6.458202842622995377e-04,2.393278264207765460e-04
6.481514930725097656e+00,7.276446819305419922e+00,5.834462642669677734e+00,9.999994635581970215e-01,7.859753095544874668e-04,6.002874579280614853e-04,4.669204645324498415e-04
4.737097918987274170e-01,4.115362167358398438e-01,6.598977088928222656e+00,9.999682903289794922e-01,4.909136332571506500e-03,-1.622010749997571111e-04,-6.270588841289281845e-03
5.083959579467773438e+00,1.584854364395141602e+00,5.463875770568847656e+00,9.999994039535522461e-01,-6.534554413519799709e-04,8.413994801230728626e-04,3.689364239107817411e-04
5.695145606994628906e+00,2.098952054977416992e+00,1.675726532936096191e+00,9.999099969863891602e-01,-5.205213092267513275e-03,9.430864825844764709e-03,-8.000275120139122009e-03
7.294759750366210938e+00,7.272850036621093750e+00,7.333880901336669922e+00,9.999992251396179199e-01,-7.769099902361631393e-04,-1.787159708328545094e-04,1.019039656966924667e-03
4.689455986022949219e+00,5.358900070190429688e+00,4.238926887512207031e+00,9.999982118606567383e-01,-1.165057183243334293e-03,1.440712483599781990e-03,5.474501522257924080e-04
6.277154922485351562e+00,5.505771636962890625e+00,4.206087589263916016e+00,9.999741315841674805e-01,3.333680564537644386e-03,1.482965191826224327e-03,6.199532188475131989e-03
7.088530063629150391e+00,6.692824363708496094e+00,6.156187057495117188e+00,9.999948143959045410e-01,-3.180462401360273361e-03,-6.466319318860769272e-04,9.821787898545153439e-07
1.013297319412231445e+00,6.545032501220703125e+00,5.481628179550170898e-01,9.997931718826293945e-01,9.617587551474571228e-03,-1.199348364025354385e-02,-1.331331394612789154e-02
4.008919715881347656e+00,3.150155544281005859e+00,4.103259563446044922e+00,9.999424219131469727e-01,-1.275319606065750122e-03,5.277686752378940582e-03,-9.262385778129100800e-03
3.579653024673461914e+00,1.302156448364257812e+00,6.534230232238769531e+00,9.999857544898986816e-01,4.625855479389429092e-03,-2.177922287955880165e-03,-1.555942697450518608e-03
5.422743320465087891e+00,5.919142961502075195e-01,6.683215141296386719e+00,9.998610615730285645e-01,-5.236248020082712173e-03,7.331973174586892128e-04,-1.580724306404590607e-02
4.058633327484130859e+00,4.490054607391357422e+00,2.999287247657775879e-01,9.999974966049194336e-01,-3.492587420623749495e-04,-9.099388844333589077e-04,-2.042293082922697067e-03
1.104477763175964355e+00,5.048618793487548828e+00,6.234048366546630859e+00,9.999673366546630859e-01,8.173023816198110580e-04,5.887265782803297043e-03,5.482205189764499664e-03
4.702255249023437500e+00,2.574944257736206055e+00,3.823045015335083008e+00,9.999969601631164551e-01,2.241750946268439293e-03,-7.985313422977924347e-04,-6.371914641931653023e-04
3.620953559875488281e+00,5.539066791534423828e+00,2.819572210311889648e+00,9.999970793724060059e-01,1.085596974007785320e-03,-2.916009980253875256e-04,2.177045447751879692e-03
2.592210054397583008e+00,5.620260238647460938e+00,8.516440391540527344e-01,9.999938011169433594e-01,3.366715740412473679e-03,-9.716103086248040199e-04,-4.410012043081223965e-04
3.129555463790893555e+00,2.749773263931274414e+00,3.347148418426513672e+00,9.999959468841552734e-01,2.405812265351414680e-03,3.976416192017495632e-04,1.489667454734444618e-03
7.220818996429443359e-01,1.081637024879455566e+00,6.153533935546875000e+00,9.999788999557495117e-01,9.992803679779171944e-04,5.753093399107456207e-03,-2.855934435501694679e-03
6.589482784271240234e+00,3.311698913574218750e+00,7.212831497192382812e+00,9.999862313270568848e-01,1.199888414703309536e-03,-3.831270441878587008e-04,5.100762937217950821e-03
1.880389750003814697e-01,2.106863021850585938e+00,3.564131021499633789e+00,9.999963641166687012e-01,-2.689214656129479408e-03,-1.785508356988430023e-04,2.874979109037667513e-04
6.880784988403320312e+00,5.953716754913330078e+00,1.506855130195617676e+00,9.999926686286926270e-01,2.504472155123949051e-03,2.422214252874255180e-03,1.602331292815506458e-03
2.957433938980102539e+00,3.225598096847534180e+00,2.250407218933105469e+00,9.999995827674865723e-01,-4.312892269808799028e-04,3.869245410896837711e-04,7.851293776184320450e-04
6.360040187835693359e+00,2.668336629867553711e+00,5.301459789276123047e+00,9.999891519546508789e-01,-8.832050953060388565e-04,-1.173022901639342308e-03,-4.417800344526767731e-03
4.057097911834716797e+00,2.724097490310668945e+00,5.878863334655761719e-01,9.999925494194030762e-01,2.533535880502313375e-04,3.564878599718213081e-03,1.504123094491660595e-03
3.748376667499542236e-01,2.454874038696289062e+00,5.369220256805419922e+00,9.999999403953552246e-01,-3.138155152555555105e-04,3.396195243112742901e-04,6.517567817354574800e-05
3.633272647857666016e+00,9.216598272323608398e-01,3.756858110427856445e+00,9.999988079071044922e-01,1.232637208886444569e-03,-3.883450699504464865e-04,-8.898423402570188046e-04
1.834986686706542969e+00,5.707963466644287109e+00,7.323498129844665527e-01,9.999955296516418457e-01,2.830963814631104469e-03,9.263592073693871498e-04,4.070500435773283243e-04
7.122749328613281250e+00,1.255399703979492188e+00,4.008493423461914062e+00,9.999980926513671875e-01,1.774030853994190693e-03,7.755712722428143024e-04,3.709577140398323536e-04
1.112988233566284180e+00,3.990607500076293945e+00,2.205024480819702148e+00,9.999994039535522461e-01,8.467502193525433540e-04,1.869156403699889779e-04,-7.626120932400226593e-04
1.824156403541564941e+00,3.786064624786376953e+00,4.304127216339111328e+00,9.999889731407165527e-01,2.694662660360336304e-03,-2.105682156980037689e-03,-3.233286552131175995e-03
4.677855968475341797e+00,1.450188517570495605e+00,5.024752616882324219e+00,9.999986290931701660e-01,-1.353669329546391964e-03,1.038485555909574032e-03,-3.224247484467923641e-05
3.829848289489746094e+00,7.350782394409179688e+00,1.672036945819854736e-01,9.999504089355468750e-01,-1.811420661397278309e-03,8.242210373282432556e-03,-5.300942342728376389e-03
1.251155257225036621e+00,4.109568595886230469e+00,3.486788749694824219e+00,9.999960064888000488e-01,-7.675903616473078728e-04,5.135914543643593788e-04,-2.699427073821425438e-03
3.688133478164672852e+00,1.286243796348571777e+00,7.121913909912109375e+00,9.999823570251464844e-01,-2.733605215325951576e-03,5.271561909466981888e-03,-1.095599654945544899e-04
3.066029787063598633e+00,6.306695938110351562e+00,5.302917480468750000e+00,9.999936223030090332e-01,-1.733294222503900528e-03,-2.422739984467625618e-03,-1.973137725144624710e-03
4.792492866516113281e+00,4.070023536682128906e+00,6.469937562942504883e-01,9.999980926513671875e-01,-1.596213900484144688e-03,-1.023196731694042683e-03,5.130742210894823074e-04
3.034780502319335938e+00,1.601073384284973145e+00,4.900721609592437744e-01,9.999983310699462891e-01,-1.521018857602030039e-04,4.971189191564917564e-04,1.740609877742826939e-03
3.838313102722167969e+00,4.837605953216552734e-01,5.823454380035400391e+00,9.999943375587463379e-01,-1.298989518545567989e-03,-3.099078545346856117e-03,-2.941527927760034800e-04
2.094538450241088867e+00,1.240259885787963867e+00,2.548973560333251953e+00,9.999980330467224121e-01,7.398570887744426727e-04,-1.735391328111290932e-03,-6.578322499990463257e-04
6.867450237274169922e+00,2.273089647293090820e+00,6.015697956085205078e+00,9.999985694885253906e-01,-4.919743514619767666e-04,1.630700775422155857e-03,-2.248624223284423351e-04
1.004240438342094421e-01,1.891790144145488739e-02,4.935017108917236328e+00,9.997894763946533203e-01,1.736064255237579346e-02,2.747349208220839500e-03,1.058981660753488541e-02
5.817738056182861328e+00,7.024542808532714844e+00,4.651053428649902344e+00,9.999743700027465820e-01,4.703653044998645782e-03,4.841079062316566706e-04,-5.373709835112094879e-03
2.895048856735229492e+00,2.467854022979736328e+00,4.530901908874511719e+00,9.999846220016479492e-01,-1.230789814144372940e-03,3.654242900665849447e-04,-5.411211401224136353e-03
4.115004062652587891e+00,4.917831897735595703e+00,2.918619155883789062e+00,9.999998211860656738e-01,2.210071543231606483e-04,2.563130401540547609e-04,-5.845292471349239349e-04
2.417607307434082031e+00,1.857230901718139648e+00,4.767914772033691406e+00,9.999988675117492676e-01,8.780005155131220818e-04,4.056654579471796751e-04,-1.187490415759384632e-03
4.292949199676513672e+00,1.560296893119812012e+00,5.077349185943603516e+00,9.999991655349731445e-01,-5.995287792757153511e-04,7.931003929115831852e-04,7.957479101605713367e-04
1.938090562820434570e+00,9.189560413360595703e-01,2.944346189498901367e+00,9.999059438705444336e-01,1.334005314856767654e-02,-2.801285823807120323e-03,-1.508711371570825577e-03
3.175861835479736328e+00,5.575142383575439453e+00,3.931048393249511719e+00,9.999968409538269043e-01,1.565525541082024574e-03,1.528269640402868390e-04,2.006682101637125015e-03
7.273690223693847656e+00,3.124935388565063477e+00,7.337559223175048828e+00,9.999943375587463379e-01,-3.042291151359677315e-03,7.484453381039202213e-04,1.291443128138780594e-03
4.744750499725341797e+00,6.185843467712402344e+00,7.574850916862487793e-01,9.999973177909851074e-01,-2.188318409025669098e-03,-3.740156244020909071e-04,-7.431955891661345959e-04
8.815772086381912231e-02,9.918933361768722534e-02,1.448937892913818359e+00,9.999999403953552246e-01,2.769094717223197222e-04,-2.966248430311679840e-04,1.129406373365782201e-04
1.509314775466918945e+00,2.482867956161499023e+00,3.617030858993530273e+00,9.999974966049194336e-01,1.948847318999469280e-03,1.056817709468305111e-03,-3.047275822609663010e-04
5.387892246246337891e+00,5.835861682891845703e+00,5.581145763397216797e+00,9.999991059303283691e-01,6.276607746258378029e-04,9.767063893377780914e-04,-7.586487336084246635e-04
5.969733715057373047e+00,6.506099700927734375e+00,3.978111028671264648e+00,9.999967217445373535e-01,1.824433915317058563e-03,-1.362763228826224804e-03,-1.195322955027222633e-03
