6.385147571563720703e-01,1.718692898750305176e+00,6.292063236236572266e+00,9.999995231628417969e-01,7.950502913445234299e-05,-3.947367076762020588e-04,-9.315337520092725754e-04
2.255769014358520508e+00,9.320529103279113770e-01,5.730979919433593750e+00,9.999989271163940430e-01,6.052395910955965519e-04,1.297975541092455387e-03,-4.489097045734524727e-04
6.410336494445800781e+00,1.808185458183288574e+00,3.979182004928588867e+00,9.999934434890747070e-01,-5.836911441292613745e-06,-3.319582028780132532e-04,3.626503050327301025e-03
8.785005807876586914e-01,1.472779512405395508e+00,3.289137840270996094e+00,9.999976158142089844e-01,-1.107201096601784229e-03,1.236713025718927383e-03,-1.464843633584678173e-03
3.547446489334106445e+00,2.428766965866088867e+00,2.096866607666015625e+00,9.999601244926452637e-01,4.593616817146539688e-03,-7.223785854876041412e-03,2.564625581726431847e-03
4.351539611816406250e+00,3.778700828552246094e+00,3.538949728012084961e+00,9.999239444732666016e-01,1.164589263498783112e-02,3.496727673336863518e-03,-2.069806680083274841e-03
2.782318115234375000e+00,1.153789758682250977e+00,5.116877079010009766e+00,9.999998211860656738e-01,2.936579403467476368e-04,-3.087272343691438437e-04,-5.720276385545730591e-04
3.810372352600097656e+00,6.777335643768310547e+00,2.767324447631835938e+00,9.999980926513671875e-01,6.490297964774072170e-04,8.312401405419223011e-06,1.842327183112502098e-03
1.873382568359375000e+00,6.692456245422363281e+00,1.026538968086242676e+00,1.000000000000000000e+00,-9.635026799514889717e-06,-4.789665763382799923e-05,-1.426221570000052452e-05
2.786918640136718750e+00,1.200559139251708984e+00,1.153248548507690430e+00,9.999968409538269043e-01,-1.467120251618325710e-03,-1.950935577042400837e-03,-6.573363207280635834e-04
2.791241884231567383e+00,6.607527256011962891e+00,4.641682624816894531e+00,9.999989271163940430e-01,-1.620276743778958917e-04,-1.471542753279209137e-03,-3.266436106059700251e-04
5.173776626586914062e+00,1.438166648149490356e-01,7.145467758178710938e+00,9.999971985816955566e-01,1.417685649357736111e-03,3.991201811004430056e-04,-1.844474347308278084e-03
4.872379302978515625e+00,3.370768308639526367e+00,7.223208904266357422e+00,9.999990463256835938e-01,1.390204881317913532e-03,1.940588263096287847e-04,2.948195106000639498e-05
6.323130130767822266e+00,4.957571029663085938e+00,5.123749256134033203e+00,9.999997019767761230e-01,-2.285249647684395313e-04,-4.932832671329379082e-04,-6.011187797412276268e-04
5.772367954254150391e+00,2.253646612167358398e+00,1.127926826477050781e+00,9.999924302101135254e-01,3.302584635093808174e-03,-1.815825817175209522e-03,-1.005524187348783016e-03
3.131941795349121094e+00,5.074347019195556641e+00,7.341042518615722656e+00,9.999989867210388184e-01,1.133114914409816265e-03,-6.076529389247298241e-04,6.962360348552465439e-04
1.161120176315307617e+00,7.425502538681030273e-01,6.757092475891113281e+00,9.999993443489074707e-01,5.457819206640124321e-04,1.061868621036410332e-03,-5.188783688936382532e-05
3.341856002807617188e+00,5.257779598236083984e+00,1.233530402183532715e+00,9.999994635581970215e-01,4.330916854087263346e-04,7.919623749330639839e-04,4.149358137510716915e-04
2.736986398696899414e+00,6.965413093566894531e+00,3.351356267929077148e+00,9.999983906745910645e-01,-7.675968226976692677e-04,-1.374294981360435486e-03,-9.460257715545594692e-04
3.604437828063964844e+00,1.061504006385803223e+00,5.574406147003173828e+00,9.997780919075012207e-01,1.086605060845613480e-02,1.754589565098285675e-02,-4.225180484354496002e-03
7.466280460357666016e+00,3.710055589675903320e+00,4.999302387237548828e+00,9.999960064888000488e-01,-2.005010843276977539e-03,-1.610884442925453186e-03,1.193647738546133041e-03
3.559707403182983398e+00,2.167041778564453125e+00,1.154368758201599121e+00,1.000000000000000000e+00,-2.727781247813254595e-05,2.875507343560457230e-04,1.278415584238246083e-04
3.056813716888427734e+00,6.307645797729492188e+00,8.073372244834899902e-01,9.999997615814208984e-01,5.912197520956397057e-04,3.376711974851787090e-04,-3.499356680549681187e-04
3.013456463813781738e-01,1.635501086711883545e-01,2.962657213211059570e+00,9.999997019767761230e-01,-5.522484570974484086e-05,1.998735970119014382e-04,7.498580380342900753e-04
6.089873790740966797e+00,3.460597515106201172e+00,2.183549404144287109e+00,1.000000000000000000e+00,3.446507616899907589e-04,8.220024028560146689e-06,5.213656913838349283e-05
5.000648498535156250e+00,2.673255443572998047e+00,4.652151584625244141e+00,9.999880194664001465e-01,-4.816580098122358322e-03,-6.028787465766072273e-04,-6.235605105757713318e-04
2.894512414932250977e+00,1.395196676254272461e+00,4.936397448182106018e-02,1.000000000000000000e+00,3.536265867296606302e-04,2.864772341126808897e-06,-1.053104424499906600e-04
7.184012413024902344e+00,4.951445579528808594e+00,1.448706030845642090e+00,9.999997615814208984e-01,-3.871424123644828796e-04,-4.360071616247296333e-04,-4.494038003031164408e-04
6.842539310455322266e+00,3.851048946380615234e+00,1.834805369377136230e+00,1.000000000000000000e+00,-3.941539762308821082e-05,1.367374788969755173e-04,-3.239016514271497726e-04
2.146802663803100586e+00,8.467043638229370117e-01,2.154010534286499023e+00,9.999998807907104492e-01,-1.359652378596365452e-04,1.966667769011110067e-04,-4.590925527736544609e-04
1.817926406860351562e+00,6.175745487213134766e+00,6.688967227935791016e+00,9.999857544898986816e-01,-9.961781324818730354e-04,-3.124479670077562332e-03,4.212922882288694382e-03
3.797138690948486328e+00,2.120692729949951172e+00,7.122086286544799805e-01,1.000000000000000000e+00,3.726792929228395224e-04,-9.439272980671375990e-05,5.186564885661937296e-05
3.039390563964843750e+00,5.908746719360351562e+00,1.712165713310241699e+00,9.999999403953552246e-01,-8.439007797278463840e-05,-9.759144450072199106e-05,-4.645100270863622427e-04
8.379162549972534180e-01,5.613278865814208984e+00,5.404200077056884766e+00,9.999472498893737793e-01,-9.578552097082138062e-03,3.199904225766658783e-03,-1.859821728430688381e-03
6.457715988159179688e+00,3.513506889343261719e+00,4.594677925109863281e+00,9.999999403953552246e-01,1.194994329125620425e-04,-5.494965080288238823e-05,4.757925926242023706e-04
4.242583751678466797e+00,7.475901126861572266e+00,3.877280950546264648e+00,9.999988675117492676e-01,-1.365016913041472435e-03,6.518879672512412071e-04,-3.298795199953019619e-04
4.066377162933349609e+00,1.472930550575256348e+00,7.249328136444091797e+00,9.999996423721313477e-01,5.192774115130305290e-04,6.139395409263670444e-04,4.876962921116501093e-04
4.211792469024658203e+00,7.164738655090332031e+00,1.909093856811523438e+00,9.999884366989135742e-01,3.064917633309960365e-03,-3.669852158054709435e-03,5.939539405517280102e-04
1.360864520072937012e+00,5.932450294494628906e+00,7.053252220153808594e+00,9.999161958694458008e-01,-1.166853867471218109e-02,-4.210034385323524475e-03,3.715876489877700806e-03
2.185561180114746094e+00,3.250205993652343750e+00,1.121827721595764160e+00,9.999963641166687012e-01,-9.033852838911116123e-04,-2.267842413857579231e-03,-1.195810502395033836e-03
7.420154571533203125e+00,1.212806224822998047e+00,2.014095485210418701e-01,9.999192953109741211e-01,-9.472556412220001221e-03,-7.825531065464019775e-03,3.256133524700999260e-03
2.612792253494262695e+00,6.319025993347167969e+00,2.528432846069335938e+00,9.999636411666870117e-01,-4.209992475807666779e-03,6.181015167385339737e-03,-4.096754360944032669e-03
1.120921492576599121e+00,9.438714981079101562e-01,4.193817973136901855e-01,9.999834895133972168e-01,-1.059288275428116322e-03,1.784971682354807854e-03,-5.369077436625957489e-03
6.883373856544494629e-01,5.745485305786132812e+00,8.828505277633666992e-01,9.998852610588073730e-01,-1.000194624066352844e-02,1.031099469400942326e-03,1.133058313280344009e-02
1.338287949562072754e+00,1.636991262435913086e+00,2.514054536819458008e+00,9.999999403953552246e-01,3.366952296346426010e-04,8.197758870664983988e-05,2.730806299950927496e-04
3.309201240539550781e+00,3.219634771347045898e+00,1.960915923118591309e+00,9.999995827674865723e-01,5.291018751449882984e-04,-5.817314959131181240e-04,5.345917888917028904e-04
3.607534170150756836e-01,5.789699077606201172e+00,2.821731090545654297e+00,9.999767541885375977e-01,6.035501603037118912e-03,2.805623691529035568e-03,-1.524941413663327694e-03
3.373905658721923828e+00,1.240303635597229004e+00,8.774559497833251953e-01,9.999842643737792969e-01,-1.012668944895267487e-03,1.030721701681613922e-03,5.425646901130676270e-03
1.229724287986755371e+00,3.941939592361450195e+00,3.738520145416259766e+00,9.999995231628417969e-01,-9.124723146669566631e-04,-2.826270938385277987e-04,-4.688082553911954165e-04
2.954271554946899414e+00,4.408571720123291016e-01,4.766217708587646484e+00,1.000000000000000000e+00,2.204007614636793733e-04,4.955948679707944393e-05,2.120303543051704764e-04
5.452559947967529297e+00,2.669230937957763672e+00,5.679105281829833984e+00,9.999999403953552246e-01,3.002377052325755358e-04,3.034145047422498465e-04,-2.598166611278429627e-05
6.281035423278808594e+00,2.340616703033447266e+00,1.405538916587829590e+00,9.999998211860656738e-01,-2.944489533547312021e-04,6.434381939470767975e-04,4.751356027554720640e-05
2.171210050582885742e+00,2.623974084854125977e+00,2.321733236312866211e+00,9.999690055847167969e-01,4.736007656902074814e-03,5.375217646360397339e-03,-3.280329518020153046e-03
1.055786728858947754e+00,5.804843902587890625e+00,3.422171354293823242e+00,9.999192357063293457e-01,-4.455785267055034637e-03,1.190444640815258026e-02,2.334203236387111247e-05
4.074243605136871338e-01,5.227390766143798828e+00,1.576878190040588379e+00,9.999991655349731445e-01,-7.537266355939209461e-04,-2.781694056466221809e-04,-1.100282534025609493e-03
5.659332752227783203e+00,2.831539154052734375e+00,9.835836291313171387e-01,9.999992847442626953e-01,-1.237396936630830169e-04,1.258048694580793381e-03,-5.848278306075371802e-05
5.937285423278808594e+00,5.567392349243164062e+00,5.192981243133544922e+00,9.999655485153198242e-01,2.657782752066850662e-03,-5.375629290938377380e-03,5.751523189246654510e-03
3.698032855987548828e+00,5.826163291931152344e+00,5.768736362457275391e+00,9.999992251396179199e-01,-7.977252826094627380e-04,-1.007153303362429142e-03,-2.081889833789318800e-04
6.002785205841064453e+00,4.131325244903564453e+00,1.120061725378036499e-01,9.999944567680358887e-01,-2.927310415543615818e-04,-1.272319204872474074e-04,-3.321746597066521645e-03
5.965068340301513672e+00,7.092727661132812500e+00,1.244904637336730957e+00,9.999850392341613770e-01,-1.518195844255387783e-03,1.694993465207517147e-03,4.980377387255430222e-03
5.012295246124267578e+00,1.170800998806953430e-01,1.085479855537414551e+00,9.999994635581970215e-01,1.565420534461736679e-04,3.206685069017112255e-04,1.049735932610929012e-03
3.351669073104858398e+00,3.680774867534637451e-01,4.113944530487060547e+00,9.999998807907104492e-01,-2.226347569376230240e-04,3.312820917926728725e-04,-3.722142719198018312e-04
3.518253326416015625e+00,2.864324808120727539e+00,6.027461886405944824e-01,1.000000000000000000e+00,2.007751318160444498e-04,1.466782559873536229e-04,-1.437879473087377846e-05
1.980125427246093750e+00,3.690551280975341797e+00,4.637520790100097656e+00,9.999260902404785156e-01,1.058478257618844509e-03,5.279351607896387577e-04,-1.210279483348131180e-02
1.806165814399719238e+00,5.391469001770019531e+00,3.965684413909912109e+00,9.999987483024597168e-01,1.305790618062019348e-03,-4.944117390550673008e-04,7.411800906993448734e-04
3.290466308593750000e+00,4.107044696807861328e+00,4.236810207366943359e+00,1.000000000000000000e+00,-1.259258738173230086e-06,2.698527823667973280e-04,1.799546444090083241e-04
4.716785430908203125e+00,6.736928939819335938e+00,3.286352157592773438e+00,9.999037981033325195e-01,3.087174845859408379e-03,2.166856545954942703e-03,-1.335294824093580246e-02
6.304756641387939453e+00,6.430897712707519531e+00,1.925513029098510742e+00,1.000000000000000000e+00,-7.665603334316983819e-05,-8.965723100118339062e-05,2.628197835292667150e-04
3.145608425140380859e+00,4.771027088165283203e+00,1.396896004676818848e+00,9.999997019767761230e-01,-1.252133079105988145e-04,6.478811264969408512e-04,-2.148503554053604603e-04
5.531748771667480469e+00,2.607122659683227539e+00,5.310851573944091797e+00,1.000000000000000000e+00,-3.619262424763292074e-04,1.548460713820531964e-04,8.930048352340236306e-05
3.403178215026855469e+00,3.830437660217285156e+00,2.383246898651123047e+00,9.999433755874633789e-01,7.232461124658584595e-03,-5.517936311662197113e-03,-5.525105632841587067e-03
2.321513891220092773e+00,4.364302158355712891e+00,1.150146722793579102e+00,9.999872446060180664e-01,1.394290127791464329e-03,4.797063767910003662e-03,8.570073405280709267e-04
1.997990131378173828e+00,1.221636772155761719e+00,2.065288782119750977e+00,1.000000000000000000e+00,-8.684131898917257786e-05,2.244486240670084953e-04,-3.010710061062127352e-04
4.200802326202392578e+00,4.332346916198730469e+00,5.581559658050537109e+00,9.999984502792358398e-01,-1.651777070946991444e-03,4.386961518321186304e-04,5.277616437524557114e-04
3.494411468505859375e+00,2.648678541183471680e+00,4.660572528839111328e+00,9.999997615814208984e-01,-1.449637493351474404e-04,-4.797154106199741364e-04,-6.161537021398544312e-04
4.650560379028320312e+00,2.391947805881500244e-02,1.826370358467102051e+00,9.999504685401916504e-01,-2.227093558758497238e-03,-7.226528134196996689e-03,-6.475711707025766373e-03
9.628612399101257324e-01,5.793277263641357422e+00,4.879825115203857422e+00,9.999629855155944824e-01,-4.468095023185014725e-03,7.340606767684221268e-03,-5.194452824071049690e-04
2.118901491165161133e+00,4.448454856872558594e+00,5.571831703186035156e+00,9.999633431434631348e-01,5.642520729452371597e-03,6.187965162098407745e-03,1.801905571483075619e-03
7.364976406097412109e+00,3.725590229034423828e+00,7.498059749603271484e+00,9.999993443489074707e-01,1.797755794541444629e-05,-3.868303610943257809e-04,-1.037770998664200306e-03
6.663613915443420410e-01,3.230490922927856445e+00,4.063575267791748047e+00,9.999995231628417969e-01,-1.019279821775853634e-03,1.962814712896943092e-05,2.058944955933839083e-04
4.858135700225830078e+00,3.980250358581542969e+00,2.301254272460937500e+00,9.999917745590209961e-01,3.569954307749867439e-03,1.902114716358482838e-03,4.591866163536906242e-04
6.723929405212402344e+00,3.820619821548461914e+00,6.813686847686767578e+00,1.000000000000000000e+00,-5.851105379406362772e-05,2.073129435302689672e-04,-1.654239167692139745e-04
6.547232627868652344e+00,7.224702835083007812e-01,1.323629856109619141e+00,9.999921321868896484e-01,-1.434139441698789597e-03,3.584034508094191551e-03,-9.115141001529991627e-04
7.332453727722167969e+00,6.532871723175048828e+00,6.606862068176269531e+00,9.999994635581970215e-01,8.382301311939954758e-04,-2.204918855568394065e-04,-6.348293391056358814e-04
1.335817575454711914e+00,5.050282001495361328e+00,7.106314659118652344e+00,9.999995827674865723e-01,-4.300813016016036272e-04,5.534938536584377289e-04,-6.979011814109981060e-04
2.750808238983154297e+00,3.954743385314941406e+00,6.184914588928222656e+00,9.999985098838806152e-01,6.845456082373857498e-04,-1.609980827197432518e-03,-1.866739039542153478e-04
7.190372943878173828e+00,4.487289428710937500e+00,5.483165264129638672e+00,9.999983310699462891e-01,1.695092651061713696e-03,6.860775756649672985e-04,-2.655436401255428791e-04
1.551493167877197266e+00,4.134600639343261719e+00,1.978012561798095703e+00,9.999998807907104492e-01,1.834706563386134803e-05,-4.804232739843428135e-04,-4.221278941258788109e-04
5.244063854217529297e+00,3.429039716720581055e+00,4.376557350158691406e+00,1.000000000000000000e+00,1.551157474750652909e-04,2.027783339144662023e-04,-7.557142089353874326e-05
6.589666366577148438e+00,5.245347499847412109e+00,6.848430156707763672e+00,9.999982118606567383e-01,-1.140642445534467697e-03,5.477635932038538158e-05,-1.493060728535056114e-03
6.840119361877441406e+00,2.465539693832397461e+00,6.660765171051025391e+00,1.000000000000000000e+00,-6.036275226506404579e-05,-2.692605776246637106e-04,4.486721809371374547e-05
3.261050224304199219e+00,5.027276992797851562e+00,6.956058025360107422e+00,9.999386668205261230e-01,-6.023458670824766159e-03,3.798033809289336205e-03,8.488016203045845032e-03
9.498308897018432617e-01,5.723127841949462891e+00,7.481822490692138672e+00,9.998006820678710938e-01,1.523300888948142529e-03,-7.087374106049537659e-03,-1.860236749053001404e-02
4.528463363647460938e+00,6.640429973602294922e+00,6.814489841461181641e+00,9.999971389770507812e-01,-3.732020559255033731e-04,2.391271525993943214e-03,1.878076000139117241e-04
3.873044967651367188e+00,4.613656520843505859e+00,3.106490612030029297e+00,9.999994635581970215e-01,-2.098262048093602061e-04,-5.229005473665893078e-04,9.464971954002976418e-04
4.176729679107666016e+00,5.148623943328857422e+00,9.553254246711730957e-01,1.000000000000000000e+00,6.780440889997407794e-05,3.600687196012586355e-04,-1.612480118637904525e-04
3.251334667205810547e+00,6.677928924560546875e+00,4.911693096160888672e+00,1.000000000000000000e+00,1.632884377613663673e-04,-9.600615885574370623e-05,7.130805897759273648e-05
4.391318798065185547e+00,4.534746170043945312e+00,4.563128948211669922e+00,9.998810887336730957e-01,3.073266241699457169e-03,-1.165822148323059082e-02,-9.618396870791912079e-03
6.157437324523925781e+00,4.065937995910644531e+00,2.793201684951782227e+00,9.999417662620544434e-01,-4.952318500727415085e-03,4.536131396889686584e-03,-8.451918140053749084e-03
5.563662052154541016e+00,5.800542831420898438e+00,4.735902309417724609e+00,9.999418258666992188e-01,-2.208219375461339951e-03,-8.358154445886611938e-03,6.459082942456007004e-03
8.837867975234985352e-01,1.553366661071777344e+00,3.683312892913818359e+00,9.999908804893493652e-01,1.667554606683552265e-03,1.868968683993443847e-04,3.936682362109422684e-03
6.517021656036376953e+00,5.172228336334228516e+00,7.192680835723876953e+00,9.999983310699462891e-01,-5.551181384362280369e-04,1.584710786119103432e-03,8.322377107106149197e-04
5.945277214050292969e+00,6.101579666137695312e+00,2.688376426696777344e+00,9.999997019767761230e-01,6.005798422847874463e-05,-4.602491972036659718e-04,6.653238087892532349e-04
7.117217063903808594e+00,5.619899749755859375e+00,7.075112819671630859e+00,9.999993443489074707e-01,8.867710130289196968e-04,-5.576490075327455997e-04,-5.466362927109003067e-04
6.400749206542968750e+00,4.254334926605224609e+00,6.653786659240722656e+00,9.999998807907104492e-01,-2.376535994699224830e-04,4.437895258888602257e-04,-3.242454258725047112e-04
4.578619956970214844e+00,5.636221885681152344e+00,3.348893404006958008e+00,9.999997615814208984e-01,3.615281020756810904e-04,4.065785033162683249e-04,-5.868744920007884502e-04
1.678583025932312012e-01,6.462138891220092773e-02,3.537779808044433594e+00,9.999994039535522461e-01,6.160754710435867310e-04,6.742161931470036507e-04,5.703270435333251953e-04
2.369962453842163086e+00,1.272488117218017578e+00,5.134636878967285156e+00,9.999982118606567383e-01,6.308305892162024975e-04,-1.658228458836674690e-03,-7.046519895084202290e-04
3.290663003921508789e+00,5.967530250549316406e+00,5.941517829895019531e+00,9.999998807907104492e-01,-1.396068691974505782e-04,-3.064284392166882753e-04,3.885600017383694649e-04
4.769332408905029297e+00,6.659793853759765625e+00,5.510317534208297729e-02,9.999107718467712402e-01,1.105882599949836731e-02,7.253212388604879379e-03,1.899749506264925003e-03
2.483562469482421875e+00,5.623132228851318359e+00,6.320474624633789062e+00,9.999982118606567383e-01,8.445231360383331776e-04,-4.741520970128476620e-04,1.643421011976897717e-03
9.106521606445312500e-01,5.634133338928222656e+00,1.381964325904846191e+00,9.999981522560119629e-01,-1.461231266148388386e-03,8.544712327420711517e-04,9.999345056712627411e-04
3.022606372833251953e+00,5.206033706665039062e+00,3.592978000640869141e+00,1.000000000000000000e+00,-7.638363604201003909e-05,-1.706745024421252310e-05,2.940577105619013309e-04
3.284396648406982422e+00,2.953865766525268555e+00,2.601639986038208008e+00,9.999848008155822754e-01,-4.096419550478458405e-03,-2.681565238162875175e-04,3.693463047966361046e-03
2.273475646972656250e+00,2.775038719177246094e+00,6.955762863159179688e+00,9.999970793724060059e-01,2.026746748015284538e-03,-7.799784652888774872e-04,-1.079063862562179565e-03
2.994559526443481445e+00,1.648541450500488281e+00,6.275299549102783203e+00,9.999998211860656738e-01,-4.041960637550801039e-04,3.217951452825218439e-04,4.599638923536986113e-04
3.676960468292236328e+00,1.218655824661254883e+00,4.666766643524169922e+00,9.999971985816955566e-01,-2.155642723664641380e-03,-8.772131986916065216e-04,-5.859955563209950924e-04
2.902606487274169922e+00,6.488247394561767578e+00,7.142532348632812500e+00,9.999890327453613281e-01,-3.117820888292044401e-04,-2.312095602974295616e-03,4.053482785820960999e-03
4.349423885345458984e+00,9.781215190887451172e-01,3.644635200500488281e+00,9.999302029609680176e-01,-2.338966121897101402e-03,-2.371445734752342105e-04,-1.158485189080238342e-02
7.328926563262939453e+00,3.449859023094177246e-01,2.015914916992187500e+00,9.999997019767761230e-01,-5.987694603390991688e-04,-5.236397846601903439e-04,2.280503540532663465e-04
2.669367790222167969e-01,1.906777858734130859e+00,4.131698906421661377e-01,9.999997615814208984e-01,5.868067382834851742e-04,1.621727715246379375e-04,-4.596433718688786030e-04
8.778707981109619141e-01,6.301817417144775391e+00,6.034265995025634766e+00,9.999979138374328613e-01,1.656298292800784111e-03,1.191526884213089943e-03,2.407392457826063037e-04
2.918946743011474609e+00,6.741511169821023941e-03,4.133377075195312500e+00,9.999997019767761230e-01,-7.700631394982337952e-04,1.972417230717837811e-04,-8.454411727143451571e-05
2.021296262741088867e+00,4.282737255096435547e+00,4.057198524475097656e+00,9.999998807907104492e-01,-3.865093731292290613e-06,4.126266867388039827e-04,4.640188126359134912e-04
5.914500236511230469e+00,2.356227874755859375e+00,2.451012849807739258e+00,9.999708533287048340e-01,-6.020418833941221237e-03,2.631160663440823555e-03,3.901052987203001976e-03
2.726834058761596680e+00,3.097695589065551758e+00,4.441730499267578125e+00,9.999999403953552246e-01,2.727775427047163248e-04,-2.695361945370677859e-05,-3.953376726713031530e-04
3.683967590332031250e+00,2.252991348505020142e-01,2.050437927246093750e+00,9.999837279319763184e-01,-1.629257691092789173e-03,-5.447016563266515732e-03,4.536653577815741301e-04
5.088873863220214844e+00,5.546423792839050293e-02,1.636418700218200684e+00,9.999998807907104492e-01,3.281133831478655338e-04,-4.809879173990339041e-04,-7.907372491899877787e-05
7.227906703948974609e+00,4.524142265319824219e+00,4.838487625122070312e+00,9.999783039093017578e-01,-5.904336459934711456e-03,-1.816162606701254845e-03,-2.326189540326595306e-03
6.861612200736999512e-01,2.476706027984619141e+00,6.926239490509033203e+00,9.999985098838806152e-01,-5.440427339635789394e-04,1.376168220303952694e-03,8.527690661139786243e-04
6.558177471160888672e+00,5.580496788024902344e+00,7.274553179740905762e-01,9.999997615814208984e-01,-1.103263421100564301e-04,-7.010113331489264965e-04,2.655357238836586475e-04
7.265190601348876953e+00,4.726490378379821777e-01,1.100931406021118164e+00,1.000000000000000000e+00,1.918703201226890087e-04,-9.276071796193718910e-05,-1.117971114581450820e-04
1.336859822273254395e+00,5.512994766235351562e+00,2.040525674819946289e+00,9.999988675117492676e-01,9.565107757225632668e-04,-1.883854420157149434e-04,1.172596006654202938e-03
3.801069498062133789e+00,7.386485099792480469e+00,6.602560520172119141e+00,9.999925494194030762e-01,2.012425335124135017e-03,-4.158326773904263973e-04,3.274990012869238853e-03
1.214575171470642090e+00,3.908433675765991211e+00,4.563418865203857422e+00,9.999368786811828613e-01,-5.830211099237203598e-03,6.925486377440392971e-04,-9.580831043422222137e-03
2.132306098937988281e+00,2.329185724258422852e+00,9.700131416320800781e-01,9.999997615814208984e-01,-6.701478268951177597e-04,1.053831365425139666e-04,3.166867536492645741e-04
4.744631290435791016e+00,3.920608520507812500e+00,4.373542308807373047e+00,9.999998807907104492e-01,-5.835967021994292736e-04,2.750496378212119453e-06,6.309866148512810469e-05
3.766292572021484375e+00,1.947188615798950195e+00,4.131848216056823730e-01,1.000000000000000000e+00,3.467609349172562361e-04,-1.246999599970877171e-04,-2.812964521581307054e-05
4.630589962005615234e+00,4.300515174865722656e+00,7.372322082519531250e+00,9.999492168426513672e-01,3.932435996830463409e-03,-4.637264180928468704e-03,8.040138520300388336e-03
3.547450602054595947e-01,6.681688308715820312e+00,6.373371601104736328e+00,9.999995827674865723e-01,8.166833431459963322e-04,3.122733323834836483e-05,-5.160627188161015511e-04
4.911124229431152344e+00,4.613702297210693359e+00,6.882858872413635254e-01,9.999991059303283691e-01,6.717874784953892231e-04,-7.163070840761065483e-04,-9.859283454716205597e-04
1.219847053289413452e-02,1.392388463020324707e+00,2.068235158920288086e+00,9.999211430549621582e-01,-1.061012875288724899e-02,5.360445473343133926e-03,4.052060656249523163e-03
9.745875000953674316e-01,1.209266424179077148e+00,5.420771837234497070e-01,9.999727010726928711e-01,1.548818545415997505e-04,1.812739174056332558e-05,-7.393247447907924652e-03
2.376330375671386719e+00,4.592285633087158203e+00,3.190397739410400391e+00,9.999917149543762207e-01,-9.065261110663414001e-04,-3.919002134352922440e-03,5.623261095024645329e-04
6.578532695770263672e+00,3.153989553451538086e+00,6.874498724937438965e-01,9.999998211860656738e-01,2.200349845224991441e-04,5.795748438686132431e-04,-1.464823144488036633e-04
3.903968572616577148e+00,2.348578453063964844e+00,1.650520086288452148e+00,9.999982714653015137e-01,-1.358092180453240871e-03,1.110678073018789291e-03,-6.671412847936153412e-04
2.590773820877075195e+00,1.917005419731140137e+00,5.091391205787658691e-01,9.999993443489074707e-01,-1.418177998857572675e-04,-7.897664909251034260e-04,-8.729518740437924862e-04
6.241804957389831543e-01,6.745465755462646484e+00,2.909538269042968750e+00,9.999946355819702148e-01,3.085960634052753448e-03,-3.720165987033396959e-04,1.095221261493861675e-03
5.947472095489501953e+00,5.383801460266113281e+00,3.434205055236816406e+00,9.999994635581970215e-01,-5.817152214149245992e-06,-9.134860010817646980e-04,4.885759553872048855e-04
6.287280082702636719e+00,7.215764999389648438e+00,6.540754318237304688e+00,1.000000000000000000e+00,2.354163589188829064e-04,-2.218635054305195808e-04,2.594252000562846661e-04
8.200234770774841309e-01,1.384173274040222168e+00,1.699495911598205566e+00,9.999564290046691895e-01,-4.277487285435199738e-03,3.022855613380670547e-03,7.730204612016677856e-03
9.959474802017211914e-01,5.273337364196777344e+00,5.252239704132080078e+00,9.999998807907104492e-01,-4.789495433215051889e-04,3.396793617866933346e-04,3.609687337302602828e-05
3.528191566467285156e+00,5.933606624603271484e+00,2.607424497604370117e+00,9.999986886978149414e-01,1.309246174059808254e-03,-6.613055011257529259e-04,-8.176582050509750843e-04
4.937883853912353516e+00,3.398318588733673096e-02,6.599672317504882812e+00,9.999967217445373535e-01,6.359065882861614227e-04,-1.366908079944550991e-03,2.082908758893609047e-03
4.277276992797851562e+00,3.943673133850097656e+00,1.311503410339355469e+00,9.999989867210388184e-01,-1.150616910308599472e-03,8.080732077360153198e-04,-3.856251423712819815e-04
5.445705890655517578e+00,1.790319561958312988e+00,1.165253400802612305e+00,9.999275207519531250e-01,-1.065229717642068863e-02,3.118291031569242477e-03,-4.672290291637182236e-03
5.397504806518554688e+00,2.439727544784545898e+00,1.291562557220458984e+00,9.999986886978149414e-01,1.512343063950538635e-03,-3.299269301351159811e-04,5.823373794555664062e-04
6.630229473114013672e+00,2.978422641754150391e-01,4.022630691528320312e+00,9.999998211860656738e-01,3.472538955975323915e-04,-5.512982606887817383e-04,-1.063013132807100192e-05
2.317491292953491211e+00,1.750238418579101562e+00,3.338379144668579102e+00,9.999988079071044922e-01,-6.634747260250151157e-04,-8.967528119683265686e-04,1.114532002247869968e-03
5.943580269813537598e-01,1.145267844200134277e+00,2.867900371551513672e+00,9.999988079071044922e-01,-8.914776262827217579e-04,9.759306558407843113e-04,-7.971983868628740311e-04
1.668067812919616699e+00,3.758597612380981445e+00,2.145010471343994141e+00,9.999998807907104492e-01,-3.445834154263138771e-04,-3.173507866449654102e-04,-3.780686238314956427e-04
5.224876880645751953e+00,4.009225845336914062e+00,1.639121919870376587e-01,9.996261596679687500e-01,-3.669961122795939445e-03,-7.592888083308935165e-03,-2.600886672735214233e-02
5.169250965118408203e+00,7.076122760772705078e+00,1.389355778694152832e+00,9.999998807907104492e-01,1.473768497817218304e-04,-2.072008646791800857e-04,-5.038933595642447472e-04
6.657754421234130859e+00,2.629207611083984375e+00,1.657829403877258301e+00,9.999829530715942383e-01,-4.858257248997688293e-03,5.030132015235722065e-04,3.209596266970038414e-03
1.266595125198364258e+00,5.246188163757324219e+00,3.941670656204223633e+00,9.999880194664001465e-01,-3.102350747212767601e-03,1.911116705741733313e-04,3.783439751714468002e-03
1.015980958938598633e+00,4.993506908416748047e+00,6.191313743591308594e+00,9.999996423721313477e-01,-7.358700531767681241e-05,2.409030566923320293e-04,-8.918634848669171333e-04
6.788242340087890625e+00,4.580511569976806641e+00,5.678478240966796875e+00,9.999955892562866211e-01,-1.978222746402025223e-03,-8.804278913885354996e-04,2.057728357613086700e-03
6.023217678070068359e+00,3.700532436370849609e+00,4.236513137817382812e+00,9.999998807907104492e-01,-4.490353458095341921e-04,-8.247059668065048754e-06,4.154354974161833525e-04
3.789165019989013672e+00,5.522826671600341797e+00,4.117969512939453125e+00,1.000000000000000000e+00,-2.556405434006592259e-06,9.250333096133545041e-05,-1.799034798750653863e-04
1.261349558830261230e+00,2.505845785140991211e+00,1.099718451499938965e+00,9.998723864555358887e-01,3.379867877811193466e-03,8.431466296315193176e-03,-1.314283628016710281e-02
5.093869209289550781e+00,4.196178913116455078e+00,2.911038637161254883e+00,9.999999403953552246e-01,2.610321098472923040e-04,-2.719073090702295303e-04,-1.748598151607438922e-04
1.781144499778747559e+00,6.705529689788818359e+00,1.376976728439331055e+00,9.999970793724060059e-01,1.407508156262338161e-03,-1.548915402963757515e-03,1.267473562620580196e-03
2.686725139617919922e+00,5.310803890228271484e+00,5.257719516754150391e+00,1.000000000000000000e+00,-1.066320837708190084e-04,-3.742740591405890882e-05,4.226020610076375306e-05
3.902332782745361328e+00,3.145586013793945312e+00,2.235271930694580078e+00,9.999998211860656738e-01,-1.924173266161233187e-04,4.771734529640525579e-04,4.751300148200243711e-04
1.611094474792480469e+00,1.919931769371032715e+00,6.257004261016845703e+00,9.999656677246093750e-01,7.433204911649227142e-03,-2.726027509197592735e-03,-2.452168380841612816e-03
5.579665303230285645e-02,4.985838830471038818e-01,7.227997303009033203e+00,9.999681711196899414e-01,-3.527824766933917999e-03,1.541445264592766762e-03,-6.989781279116868973e-03
2.711967945098876953e+00,1.455366015434265137e+00,8.846606612205505371e-01,9.998846054077148438e-01,5.703342612832784653e-03,1.153289340436458588e-02,8.080137893557548523e-03
5.534583091735839844e+00,3.220448732376098633e+00,3.752345561981201172e+00,1.000000000000000000e+00,-2.152624510927125812e-04,-1.361258618999272585e-04,2.339194179512560368e-04
4.629295349121093750e+00,2.376258134841918945e+00,1.992926836013793945e+00,9.998670220375061035e-01,1.398067642003297806e-02,-7.019346579909324646e-03,4.609985277056694031e-03
4.756492137908935547e+00,2.222619533538818359e+00,5.799960136413574219e+00,1.000000000000000000e+00,1.195512413687538356e-05,1.263181620743125677e-04,2.485411823727190495e-04
2.248065948486328125e+00,6.914571762084960938e+00,3.212232112884521484e+00,9.999231696128845215e-01,1.490394817665219307e-03,-1.066719647496938705e-02,-6.140457000583410263e-03
7.087204933166503906e+00,4.201597273349761963e-01,6.796231746673583984e+00,9.999709129333496094e-01,-7.472930941730737686e-03,4.212708154227584600e-04,1.471375697292387486e-03
5.136343955993652344e+00,5.756173610687255859e+00,4.568703174591064453e+00,9.999981522560119629e-01,-1.900053466670215130e-03,-3.356259840074926615e-04,2.220398746430873871e-04
6.831296443939208984e+00,6.999302387237548828e+00,7.207844257354736328e+00,9.999998807907104492e-01,4.536280175670981407e-04,4.514515967457555234e-05,3.831390640698373318e-04
1.096973299980163574e+00,3.651906013488769531e+00,1.968960285186767578e+00,9.999996423721313477e-01,1.410129625583067536e-04,-8.452295442111790180e-04,-3.012977540493011475e-04
1.230691790580749512e+00,5.933687210083007812e+00,4.988753795623779297e+00,9.999656677246093750e-01,-4.491279833018779755e-03,6.922864355146884918e-03,-7.868403336033225060e-04
2.843294858932495117e+00,6.906450748443603516e+00,5.902351856231689453e+00,9.999484419822692871e-01,4.342969041317701340e-03,-1.302548684179782867e-03,9.092071093618869781e-03
4.510702610015869141e+00,2.768951416015625000e+00,4.711143016815185547e+00,9.999998807907104492e-01,3.097264880125294439e-06,8.189186337403953075e-05,5.755217862315475941e-04
6.697828769683837891e+00,2.149582624435424805e+00,7.027952194213867188e+00,9.999998807907104492e-01,5.045974394306540489e-04,3.695978957694023848e-04,1.219050536747090518e-04
1.819332718849182129e+00,6.388370513916015625e+00,5.222394943237304688e+00,9.999992847442626953e-01,2.825354458764195442e-04,-5.468405433930456638e-04,-1.100197434425354004e-03
4.105536937713623047e+00,4.509057998657226562e+00,4.018579959869384766e+00,9.999983906745910645e-01,-1.494329539127647877e-03,9.364414145238697529e-04,4.424717044457793236e-04
7.174668312072753906e+00,3.220585346221923828e+00,5.796760559082031250e+00,1.000000000000000000e+00,-5.251161201158538461e-05,-2.669412933755666018e-04,2.842493995558470488e-05
6.360492229461669922e+00,3.631717443466186523e+00,3.754745960235595703e+00,9.999998807907104492e-01,-3.898478753399103880e-04,2.043598069576546550e-04,1.977701758733019233e-04
1.097569346427917480e+00,1.923262834548950195e+00,1.336628675460815430e+00,9.999999403953552246e-01,-1.059600617736577988e-04,-2.296675847901497036e-05,5.105999298393726349e-04
2.992181301116943359e+00,3.053941488265991211e+00,3.578166007995605469e+00,9.999995231628417969e-01,3.752265911316499114e-05,-6.060520536266267300e-04,8.647202630527317524e-04
1.506578207015991211e+00,2.328307390213012695e+00,7.749214172363281250e-01,9.999918341636657715e-01,3.419633954763412476e-03,-2.468492311891168356e-04,2.173038665205240250e-03
3.493106603622436523e+00,1.178763628005981445e+00,6.263497352600097656e+00,9.999982118606567383e-01,1.730169518850743771e-03,8.092234493233263493e-04,1.353000552626326680e-04
4.951033115386962891e+00,3.257011413574218750e+00,4.198647975921630859e+00,1.000000000000000000e+00,-1.425255322828888893e-04,1.747251662891358137e-04,-2.125704631907865405e-04
4.663373947143554688e+00,2.196287870407104492e+00,3.060503721237182617e+00,9.999961853027343750e-01,9.032952366396784782e-04,-1.410099910572171211e-03,2.213939093053340912e-03
1.027104139328002930e+00,6.696557044982910156e+00,2.770785331726074219e+00,9.999995827674865723e-01,3.697141364682465792e-04,-8.558709523640573025e-04,1.842892670538276434e-04
1.669455170631408691e+00,1.123063921928405762e+00,4.603309154510498047e+00,9.999929070472717285e-01,1.050064689479768276e-03,2.745779696851968765e-03,-2.374892821535468102e-03
7.364806175231933594e+00,4.024981498718261719e+00,7.372266292572021484e+00,9.999995231628417969e-01,1.552795401948969811e-05,-4.222650022711604834e-04,-9.615382296033203602e-04
2.479916810989379883e+00,2.191298484802246094e+00,3.313437461853027344e+00,9.999998807907104492e-01,-3.928540681954473257e-04,-2.647553919814527035e-04,-1.814159768400713801e-04
6.357826590538024902e-01,1.242384195327758789e+00,3.611091136932373047e+00,9.999962449073791504e-01,1.712922006845474243e-03,-1.507313427282497287e-04,-2.128013875335454941e-03
4.975727558135986328e+00,5.812304496765136719e+00,6.173420429229736328e+00,9.999998807907104492e-01,-4.310242075007408857e-04,2.149908395949751139e-04,-3.184602537658065557e-04
5.206446170806884766e+00,3.763125896453857422e+00,4.891267776489257812e+00,9.999942183494567871e-01,-3.402912523597478867e-03,1.214688745676539838e-04,1.843970676418393850e-04
5.254220008850097656e+00,2.842099070549011230e-01,2.768547534942626953e+00,9.999998807907104492e-01,-9.541030522086657584e-06,-5.550258210860192776e-04,2.374166797380894423e-04
3.579774379730224609e+00,6.008403301239013672e+00,6.767106056213378906e-01,9.999998807907104492e-01,5.076674860902130604e-04,3.152125864289700985e-04,8.996773249236866832e-05
2.932496070861816406e+00,2.570740461349487305e+00,5.454825401306152344e+00,9.999973177909851074e-01,2.326092508155852556e-04,1.880106981843709946e-03,-1.343202078714966774e-03
5.496871948242187500e+00,4.926100254058837891e+00,1.607965946197509766e+00,1.000000000000000000e+00,-1.578838564455509186e-04,-3.818589320871978998e-04,-4.542843453236855567e-05
5.735501289367675781e+00,2.604580879211425781e+00,6.072896957397460938e+00,9.999999403953552246e-01,4.294687241781502962e-04,1.700906141195446253e-04,7.585670391563326120e-05
3.628860473632812500e+00,3.295646905899047852e+00,8.088942766189575195e-01,9.999997019767761230e-01,-1.652229002502281219e-05,1.513674505986273289e-04,8.305315859615802765e-04
3.937293767929077148e+00,3.626237392425537109e+00,4.717097282409667969e+00,9.999926090240478516e-01,3.210244933143258095e-03,-1.936242682859301567e-03,-8.796852198429405689e-04
6.692005634307861328e+00,4.355026245117187500e+00,3.660793304443359375e+00,1.000000000000000000e+00,-4.758390059578232467e-05,-3.630412975326180458e-04,-1.222706341650336981e-04
4.233501255512237549e-01,5.538286685943603516e+00,7.160052776336669922e+00,9.999928474426269531e-01,6.967713125050067902e-04,-3.048944287002086639e-03,2.119748387485742569e-03
3.953759908676147461e+00,4.228652715682983398e-01,5.624533891677856445e-01,9.999989271163940430e-01,-2.755639725364744663e-04,9.666868718340992928e-04,1.057768706232309341e-03
7.121431827545166016e+00,4.925553321838378906e+00,3.130820989608764648e+00,9.999998211860656738e-01,6.702132523059844971e-04,1.043139563989825547e-04,9.064916230272501707e-05
7.163248538970947266e+00,1.463680028915405273e+00,5.874001502990722656e+00,9.999999403953552246e-01,-1.782523322617635131e-04,-2.946558524854481220e-04,1.998734078370034695e-04
6.401556491851806641e+00,3.362051725387573242e+00,3.815063834190368652e-01,9.999997615814208984e-01,2.989035237987991422e-05,5.801162915304303169e-04,-4.407669184729456902e-04
2.436863899230957031e+00,3.805316925048828125e+00,5.867166519165039062e+00,9.999936223030090332e-01,-3.724442503880709410e-04,-2.896596677601337433e-03,-2.043798798695206642e-03
4.012085437774658203e+00,5.380030155181884766e+00,3.471818923950195312e+00,1.000000000000000000e+00,-1.087796263163909316e-04,1.712735247565433383e-04,-3.534972347551956773e-05
5.401427745819091797e+00,1.029430627822875977e+00,2.276508808135986328e+00,9.999998807907104492e-01,-3.339757313369773328e-05,-4.569146840367466211e-04,2.677797165233641863e-04
4.091729164123535156e+00,1.337310671806335449e+00,1.905683040618896484e+00,9.999999403953552246e-01,4.685247404268011451e-05,1.198231402668170631e-04,5.094468942843377590e-04
1.047131776809692383e+00,1.398717880249023438e+00,1.109031081199645996e+00,9.998576641082763672e-01,-1.622226461768150330e-02,-2.849097130820155144e-03,-3.668776713311672211e-03
1.178034067153930664e+00,2.728948593139648438e+00,1.907688856124877930e+00,9.999990463256835938e-01,1.278779120184481144e-03,-5.847136490046977997e-04,8.188453648472204804e-05
2.424304485321044922e+00,5.085034847259521484e+00,5.988073825836181641e+00,9.999999403953552246e-01,1.884479279397055507e-04,3.429780481383204460e-04,-2.224721538368612528e-04
5.894679427146911621e-01,3.043933391571044922e+00,3.300835192203521729e-01,9.999999403953552246e-01,1.441700151190161705e-04,3.380297275725752115e-04,2.202312170993536711e-04
2.112121105194091797e+00,5.105766773223876953e+00,4.728297710418701172e+00,9.999839067459106445e-01,-3.541172249242663383e-03,9.851320646703243256e-04,-4.331984557211399078e-03
6.213942050933837891e+00,3.727828979492187500e+00,5.859058380126953125e+00,9.998881220817565918e-01,1.161643955856561661e-02,3.450659802183508873e-03,8.776080794632434845e-03
7.005034446716308594e+00,7.135098457336425781e+00,2.540454626083374023e+00,9.999998211860656738e-01,-5.723577851313166320e-05,4.238595429342240095e-04,3.652171872090548277e-04
5.992950439453125000e+00,7.971433997154235840e-01,6.105380535125732422e+00,9.999852180480957031e-01,4.855335690081119537e-03,-1.132702804170548916e-03,-2.200118033215403557e-03
6.002666473388671875e+00,6.762894153594970703e+00,4.589026570320129395e-01,9.999998807907104492e-01,5.466712173074483871e-04,-3.700270463014021516e-05,4.149057349422946572e-05
6.567773342132568359e+00,4.454149246215820312e+00,4.889057159423828125e+00,9.999858140945434570e-01,-1.520594116300344467e-03,-4.881295375525951385e-03,-1.499905833043158054e-03
5.061067104339599609e+00,4.625781536102294922e+00,7.323092460632324219e+00,9.999577403068542480e-01,-5.525670479983091354e-03,7.334755267947912216e-03,5.362910451367497444e-04
9.323319196701049805e-01,4.831605911254882812e+00,3.916502296924591064e-01,9.999991655349731445e-01,4.665935703087598085e-04,9.884316241368651390e-04,-7.543788524344563484e-04
5.185349941253662109e+00,6.587703704833984375e+00,5.250002861022949219e+00,9.999485611915588379e-01,-9.152898564934730530e-03,5.531525239348411560e-04,4.335415549576282501e-03
4.834593296051025391e+00,1.303686380386352539e+00,2.199617147445678711e+00,9.999994039535522461e-01,8.401829982176423073e-04,-6.426663021557033062e-04,-3.319927782285958529e-04
4.793505191802978516e+00,5.738209724426269531e+00,6.479142189025878906e+00,1.000000000000000000e+00,-4.074685275554656982e-04,-9.607528045307844877e-05,9.712090832181274891e-05
4.607908248901367188e+00,6.682858943939208984e+00,1.397287487983703613e+00,9.999995827674865723e-01,7.295655814232304692e-05,9.453450911678373814e-04,3.401894937269389629e-04
2.916941165924072266e+00,3.042053937911987305e+00,4.780801296234130859e+00,9.999985098838806152e-01,5.922644049860537052e-04,1.362436218187212944e-03,-9.266999550163745880e-04
5.253217220306396484e+00,5.959025859832763672e+00,2.854928255081176758e+00,9.999994635581970215e-01,3.620448405854403973e-04,2.316799946129322052e-04,-1.020424417220056057e-03
2.359488248825073242e+00,2.611525058746337891e+00,3.317551910877227783e-01,9.999911189079284668e-01,4.827700468013063073e-05,9.145571966655552387e-04,4.122067242860794067e-03
5.892966270446777344e+00,3.041254758834838867e+00,5.624192237854003906e+00,9.999998807907104492e-01,1.824920618673786521e-04,5.184662295505404472e-04,-2.091957285301759839e-04
4.464380264282226562e+00,6.380636215209960938e+00,3.599851131439208984e+00,9.999984502792358398e-01,-8.747197571210563183e-04,-1.518957084044814110e-03,-7.633945642737671733e-05
3.142347812652587891e+00,4.207695484161376953e+00,5.962032675743103027e-01,1.000000000000000000e+00,-8.990827154775615782e-06,-6.896088598296046257e-05,-1.083992465282790363e-04
1.095598816871643066e+00,7.089465618133544922e+00,1.897175788879394531e+00,9.997659921646118164e-01,8.151799440383911133e-03,-1.989424414932727814e-02,2.398440614342689514e-03
5.316283106803894043e-01,8.430246114730834961e-01,6.149349689483642578e+00,9.999938011169433594e-01,-2.585803158581256866e-03,-1.864607329480350018e-03,1.553263980895280838e-03
9.946269392967224121e-01,6.981248855590820312e+00,6.870642662048339844e+00,9.999999403953552246e-01,4.490526625886559486e-04,1.071229344233870506e-04,2.312941069249063730e-04
7.031926155090332031e+00,1.065093278884887695e+00,1.385902762413024902e-01,9.999985098838806152e-01,-8.850977756083011627e-04,1.439908286556601524e-03,4.192829655949026346e-04
7.390747547149658203e+00,6.234984874725341797e+00,4.309856891632080078e+00,9.999997019767761230e-01,6.333179189823567867e-04,-5.195899284444749355e-04,1.981298701139166951e-04
7.022629380226135254e-01,6.695753097534179688e+00,3.847682476043701172e+00,9.999982118606567383e-01,-1.653529470786452293e-03,9.623974328860640526e-04,-2.474953944329172373e-04
4.321012020111083984e+00,5.914131164550781250e+00,5.660614967346191406e+00,9.999998807907104492e-01,-4.260414862073957920e-04,3.585959202609956264e-04,2.142421144526451826e-04
3.102711737155914307e-01,3.835399150848388672e+00,4.427167415618896484e+00,9.999989867210388184e-01,1.131689641624689102e-04,-1.015609712339937687e-03,1.048984588123857975e-03
3.607027292251586914e+00,5.342078685760498047e+00,6.203883171081542969e+00,9.999994635581970215e-01,-8.186809718608856201e-04,4.569521988742053509e-04,3.384161682333797216e-04
5.865075111389160156e+00,1.537418842315673828e+00,5.492701053619384766e+00,9.999966621398925781e-01,1.852446701377630234e-03,-8.246561046689748764e-04,-1.606544596143066883e-03
3.494757786393165588e-02,7.209691047668457031e+00,4.489331245422363281e+00,9.999940991401672363e-01,2.973256778204813600e-05,9.730408783070743084e-04,-3.289381973445415497e-03
1.252347826957702637e+00,6.199677467346191406e+00,7.196759223937988281e+00,9.998979568481445312e-01,-1.283721905201673508e-02,-4.650280345231294632e-03,4.204801283776760101e-03
7.253450393676757812e+00,1.613693237304687500e+00,5.035709381103515625e+00,9.999994635581970215e-01,-7.834697025828063488e-04,7.389388047158718109e-04,-6.285695417318493128e-05
6.941007137298583984e+00,5.955753922462463379e-01,9.005176424980163574e-01,9.999999403953552246e-01,6.806189776398241520e-05,-3.325562574900686741e-04,-2.870117314159870148e-04
7.423390865325927734e+00,4.455959320068359375e+00,7.393418788909912109e+00,9.999997019767761230e-01,-2.170651132473722100e-04,-3.998357860837131739e-04,7.343164179474115372e-04
7.210458755493164062e+00,5.503634452819824219e+00,3.302041888236999512e-01,9.999906420707702637e-01,5.700251203961670399e-04,4.204638302326202393e-03,8.717264281585812569e-04
2.068996429443359375e+00,5.926384925842285156e+00,6.708156585693359375e+00,9.999885559082031250e-01,4.589835181832313538e-03,2.817427739500999451e-04,-1.336832181550562382e-03
6.940226078033447266e+00,4.939493179321289062e+00,4.667829036712646484e+00,9.999998211860656738e-01,6.514343549497425556e-04,1.318734139204025269e-04,-3.258572251070290804e-04
2.554923534393310547e+00,1.587999343872070312e+00,1.361142396926879883e+00,9.999992251396179199e-01,7.882692734710872173e-04,-9.217652259394526482e-04,4.283601592760533094e-04
3.824827909469604492e+00,5.962712764739990234e+00,1.560374379158020020e+00,1.000000000000000000e+00,1.866976526798680425e-04,9.836759272729977965e-05,1.187539528473280370e-04
2.564513206481933594e+00,4.399940967559814453e-01,3.660948991775512695e+00,9.998908638954162598e-01,-3.375497180968523026e-03,3.140959423035383224e-03,-1.403412967920303345e-02
9.968599677085876465e-02,6.039433479309082031e+00,1.560027956962585449e+00,9.999516606330871582e-01,-6.080238614231348038e-03,2.526629541534930468e-04,7.725902833044528961e-03
6.298888206481933594e+00,5.716438293457031250e-01,1.178144454956054688e+00,9.999916553497314453e-01,-1.268236665055155754e-03,3.707602387294173241e-03,-1.121034729294478893e-03
6.952734947204589844e+00,1.830255866050720215e+00,5.289698600769042969e+00,9.999758601188659668e-01,-5.614037625491619110e-03,2.251046942546963692e-03,-3.412528429180383682e-03
4.334044456481933594e+00,6.984468102455139160e-01,6.134148597717285156e+00,9.999971985816955566e-01,4.884336958639323711e-04,6.912673707120120525e-04,2.233993494883179665e-03
6.946168541908264160e-01,7.194744586944580078e+00,4.833626270294189453e+00,9.999994039535522461e-01,6.471093511208891869e-04,-4.331853124313056469e-04,8.626692579127848148e-04
4.927812099456787109e+00,4.185957908630371094e+00,5.490170001983642578e+00,9.999998211860656738e-01,-6.591093260794878006e-04,-6.188233965076506138e-05,1.983915572054684162e-04
1.975697040557861328e+00,3.168445348739624023e+00,6.219274997711181641e+00,9.999997615814208984e-01,-6.876291590742766857e-04,1.031822757795453072e-04,-2.956712560262531042e-04
4.410909652709960938e+00,6.624442577362060547e+00,2.332326173782348633e+00,9.999632239341735840e-01,3.800813108682632446e-03,3.430455457419157028e-03,6.889192387461662292e-03
5.549911022186279297e+00,4.839495658874511719e+00,2.904294967651367188e+00,9.999997615814208984e-01,-1.360730966553092003e-04,7.592276670038700104e-04,-4.131625973968766630e-05
1.588078379631042480e+00,1.453335881233215332e+00,3.906501531600952148e+00,9.999997615814208984e-01,6.257347413338720798e-04,3.209741844329982996e-04,3.111583937425166368e-04
4.600955486297607422e+00,3.868082523345947266e+00,3.354663133621215820e+00,9.999926090240478516e-01,-5.974326631985604763e-04,-2.364837797358632088e-03,-2.969622379168868065e-03
5.550946235656738281e+00,5.214597225189208984e+00,1.425570845603942871e+00,9.999998211860656738e-01,7.048930856399238110e-04,-7.353734690696001053e-05,2.964359919133130461e-05
7.377147674560546875e-01,3.270186901092529297e+00,5.595037937164306641e+00,9.999796152114868164e-01,2.059217076748609543e-03,6.032612174749374390e-03,-4.335436678957194090e-04
3.802077770233154297e+00,2.231388330459594727e+00,7.387877941131591797e+00,9.999956488609313965e-01,-2.428708539810031652e-04,-1.181027037091553211e-03,2.700020791962742805e-03
6.553470134735107422e+00,6.780894279479980469e+00,6.570934057235717773e-01,9.999998211860656738e-01,5.630171508528292179e-04,5.039725510869175196e-05,3.851242654491215944e-04
1.547154068946838379e+00,3.467332601547241211e+00,5.290148735046386719e+00,9.999998807907104492e-01,1.391784171573817730e-04,4.253406659699976444e-04,-1.506484113633632660e-04
3.968972921371459961e+00,3.683109760284423828e+00,1.239875197410583496e+00,9.999982714653015137e-01,1.967820280697196722e-04,-1.719517284072935581e-03,6.412082002498209476e-04
1.958492398262023926e+00,7.239727020263671875e+00,2.993896007537841797e+00,9.999994039535522461e-01,7.355314301094040275e-05,4.107803979422897100e-04,1.055596512742340565e-03
7.130165100097656250e-01,5.160848140716552734e+00,2.541273459792137146e-02,9.999995827674865723e-01,7.341741002164781094e-04,3.448083007242530584e-04,-5.145596223883330822e-04
4.852575778961181641e+00,2.131951093673706055e+00,6.952908515930175781e+00,9.999992251396179199e-01,1.224472885951399803e-03,2.203137992182746530e-04,-3.306731232441961765e-04
3.313011884689331055e+00,7.271606922149658203e+00,3.101113319396972656e+00,9.999971985816955566e-01,-8.498799288645386696e-04,5.693183047696948051e-04,-2.129745902493596077e-03
4.328641891479492188e+00,1.331015110015869141e+00,6.268425583839416504e-01,9.999987483024597168e-01,-9.937051800079643726e-05,-1.216955133713781834e-03,-1.045051962137222290e-03
2.952810525894165039e+00,5.328237414360046387e-01,3.525416612625122070e+00,9.999883770942687988e-01,-3.591049928218126297e-03,2.434274880215525627e-03,-2.122969133779406548e-03
7.432120442390441895e-01,2.092371225357055664e+00,5.786778450012207031e+00,1.000000000000000000e+00,2.948153451143298298e-05,2.260619512526318431e-04,-3.558313255780376494e-05
3.797857046127319336e+00,4.314470291137695312e+00,1.479202806949615479e-01,1.000000000000000000e+00,-2.014897181652486324e-04,-8.644897206977475435e-06,-2.944800653494894505e-04
3.923250913619995117e+00,5.747407436370849609e+00,3.211088418960571289e+00,1.000000000000000000e+00,5.963732837699353695e-05,2.271967823617160320e-04,5.831195812788791955e-05
3.042569398880004883e+00,2.243731260299682617e+00,1.809488296508789062e+00,9.999997019767761230e-01,7.230394985526800156e-04,1.280334690818563104e-04,-1.205477965413592756e-04
7.010603904724121094e+00,2.740767002105712891e+00,6.914683818817138672e+00,1.000000000000000000e+00,1.548896834719926119e-04,2.200438466388732195e-04,3.419842687435448170e-05
1.658504247665405273e+00,5.910217761993408203e+00,3.973201274871826172e+00,9.999994039535522461e-01,-4.869771946687251329e-04,-2.007552102440968156e-04,-1.010646694339811802e-03
6.557960987091064453e+00,5.460366249084472656e+00,2.671703815460205078e+00,9.999998211860656738e-01,7.073199376463890076e-04,-7.475268648704513907e-05,1.495405595051124692e-04
1.785575866699218750e+00,2.924112558364868164e+00,4.172057628631591797e+00,9.999999403953552246e-01,1.778222067514434457e-04,3.059789596591144800e-04,2.711522392928600311e-04
5.574173450469970703e+00,5.840263843536376953e+00,6.896705150604248047e+00,9.999997019767761230e-01,-5.486856098286807537e-04,-2.477565139997750521e-04,-5.544965388253331184e-04
2.981532335281372070e+00,4.004143714904785156e+00,3.373703718185424805e+00,9.999902248382568359e-01,-7.811586256138980389e-04,-3.541495418176054955e-03,2.563005546107888222e-03
2.881373405456542969e+00,1.537949681282043457e+00,2.325974702835083008e+00,9.999999403953552246e-01,-3.322402480989694595e-04,1.468952832510694861e-04,3.573950089048594236e-04
5.823108196258544922e+00,1.347085714340209961e+00,5.215598344802856445e-01,9.999101758003234863e-01,6.826613098382949829e-04,-1.328583527356386185e-02,1.661391346715390682e-03
5.589037418365478516e+00,7.334420204162597656e+00,6.008297920227050781e+00,9.999998807907104492e-01,1.304827892454341054e-04,2.350788563489913940e-04,4.843847418669611216e-04
3.517218112945556641e+00,1.482825160026550293e+00,5.068163394927978516e+00,9.999987483024597168e-01,6.512935506179928780e-04,1.270356005989015102e-03,7.519845385104417801e-04
2.566741466522216797e+00,4.056197166442871094e+00,4.675748825073242188e+00,9.999905228614807129e-01,2.463577548041939735e-04,3.395782783627510071e-03,-2.730081789195537567e-03
3.377090930938720703e+00,5.135646343231201172e+00,1.599726438522338867e+00,9.999756813049316406e-01,3.629493061453104019e-03,4.321201704442501068e-03,4.096833989024162292e-03
1.237639069557189941e+00,6.240795135498046875e+00,5.379464626312255859e+00,9.999969005584716797e-01,-2.797737834043800831e-04,-2.332840813323855400e-03,8.259589085355401039e-04
5.228429317474365234e+00,1.432716012001037598e+00,1.990288734436035156e+00,9.999958872795104980e-01,1.101430389098823071e-03,-1.956413500010967255e-03,1.773737254552543163e-03
7.296431541442871094e+00,3.925360679626464844e+00,2.849419116973876953e+00,9.999991059303283691e-01,1.536441704956814647e-04,-5.465389112941920757e-04,-1.240504556335508823e-03
6.813399314880371094e+00,5.775762081146240234e+00,5.777167320251464844e+00,9.998596906661987305e-01,-4.533149302005767822e-03,6.110151764005422592e-03,-1.492657233029603958e-02
5.434957504272460938e+00,4.012562751770019531e+00,4.948007583618164062e+00,9.999724626541137695e-01,-6.965115200728178024e-03,6.232910091057419777e-04,-2.492649713531136513e-03
1.121320202946662903e-01,4.071450710296630859e+00,6.264342784881591797e+00,9.999941587448120117e-01,5.128875491209328175e-04,3.230107482522726059e-03,1.033071428537368774e-03
3.458751440048217773e+00,6.738461852073669434e-01,4.114862084388732910e-01,9.999998211860656738e-01,-1.565903075970709324e-04,5.488380556926131248e-04,1.704282622085884213e-04
4.278765678405761719e+00,4.154774188995361328e+00,5.986580848693847656e-01,9.999869465827941895e-01,-2.783746691420674324e-03,-4.797675646841526031e-04,4.263409879058599472e-03
4.380784034729003906e-01,3.288999080657958984e+00,1.009293317794799805e+00,9.999998807907104492e-01,-1.283377641811966896e-04,5.305558443069458008e-04,2.438884112052619457e-04
4.512471199035644531e+00,1.490474343299865723e+00,3.205382823944091797e+00,9.999594688415527344e-01,-7.500792853534221649e-03,-2.893408527597784996e-03,-4.062718711793422699e-03
1.563825964927673340e+00,4.456562519073486328e+00,6.519498348236083984e+00,9.999930858612060547e-01,2.563742687925696373e-03,7.530244765803217888e-04,2.592018106952309608e-03
4.930519104003906250e+00,9.337729811668395996e-01,2.216677427291870117e+00,9.999997615814208984e-01,5.253468989394605160e-04,-3.055066918022930622e-04,2.856716455426067114e-04
3.533977508544921875e+00,3.828476667404174805e+00,3.291123509407043457e-01,1.000000000000000000e+00,-5.637188951368443668e-05,-4.560525667329784483e-06,-1.982368121389299631e-04
2.356508255004882812e+00,4.715183258056640625e+00,1.451939344406127930e+00,9.999999403953552246e-01,1.499345817137509584e-04,2.600745647214353085e-04,1.933862513396888971e-04
3.305532217025756836e+00,2.722577095031738281e+00,1.877748489379882812e+00,9.999994039535522461e-01,3.809946356341242790e-04,-1.080852816812694073e-03,7.740803994238376617e-05
2.291552275419235229e-01,4.080466270446777344e+00,3.959565877914428711e+00,9.999995231628417969e-01,-4.792662221007049084e-04,-6.003059097565710545e-04,7.246659370139241219e-04
3.020688533782958984e+00,2.199481248855590820e+00,7.351478576660156250e+00,1.000000000000000000e+00,-2.309955561941023916e-05,2.342730113014113158e-05,-2.738675102591514587e-04
6.108950614929199219e+00,1.395161390304565430e+00,4.363592147827148438e+00,9.999969005584716797e-01,-9.311627945862710476e-04,2.048962051048874855e-03,-1.118101528845727444e-03
4.970988631248474121e-01,5.507309436798095703e+00,2.755488157272338867e+00,9.999691843986511230e-01,5.555354524403810501e-03,4.191238898783922195e-03,-3.635797183960676193e-03
5.974581241607666016e-01,1.639488220214843750e+00,3.812019109725952148e+00,9.999906420707702637e-01,1.817600219510495663e-03,-3.718947700690478086e-04,3.932037390768527985e-03
6.298551082611083984e+00,2.982722997665405273e+00,6.912213325500488281e+00,9.999926090240478516e-01,-2.600499195978045464e-03,2.634372795000672340e-03,-1.098010106943547726e-03
1.435172796249389648e+00,7.365498542785644531e+00,2.960916757583618164e+00,9.999271631240844727e-01,1.198268868029117584e-02,1.332558458670973778e-03,5.478741368278861046e-04
7.454868316650390625e+00,2.328963279724121094e+00,2.781737089157104492e+00,9.999880194664001465e-01,-1.369917066767811775e-03,4.477674607187509537e-03,-1.472527859732508659e-03
3.467021703720092773e+00,1.468459069728851318e-01,3.401211500167846680e+00,1.000000000000000000e+00,-1.955834013642743230e-04,-2.820943191181868315e-04,-6.370430492097511888e-05
6.871480464935302734e+00,6.846226215362548828e+00,2.261475801467895508e+00,9.999992847442626953e-01,5.123049486428499222e-04,2.761088835541158915e-04,1.100430614314973354e-03
7.389303207397460938e+00,7.275704860687255859e+00,1.787679910659790039e+00,9.999975562095642090e-01,-1.481950632296502590e-03,-9.496103739365935326e-04,-1.384285744279623032e-03
6.026475429534912109e+00,5.607432126998901367e-01,5.449518680572509766e+00,9.999935626983642578e-01,-8.076306548900902271e-04,2.382908947765827179e-03,2.577090170234441757e-03
2.841854095458984375e+00,6.330860137939453125e+00,2.302688360214233398e+00,9.999625086784362793e-01,-4.759304691106081009e-03,6.217276211827993393e-03,-3.703625174239277840e-03
1.923859357833862305e+00,7.081886291503906250e+00,7.152659893035888672e-01,9.999996423721313477e-01,-1.062429364537820220e-04,9.020797442644834518e-04,-1.474752498324960470e-04
1.053559064865112305e+00,7.297052860260009766e+00,4.915738582611083984e+00,9.999998807907104492e-01,-7.923338125692680478e-05,-4.636881931219249964e-04,3.537495795171707869e-04
2.720968484878540039e+00,4.254261016845703125e+00,3.576270341873168945e+00,9.999991655349731445e-01,-1.917723129736259580e-04,9.653854649513959885e-04,-8.648607181385159492e-04
1.635861396789550781e-01,4.467138648033142090e-01,4.088171958923339844e+00,9.999994039535522461e-01,3.759360988624393940e-04,1.069338293746113777e-03,1.857788010966032743e-04
2.105348825454711914e+00,2.469333648681640625e+00,3.668706893920898438e+00,1.000000000000000000e+00,-2.332985750399529934e-04,9.612550638848915696e-05,-7.272860966622829437e-05
5.019583702087402344e+00,2.363940924406051636e-01,1.073784902691841125e-01,9.999989867210388184e-01,-9.558122837916016579e-04,8.421718375757336617e-04,-7.019920740276575089e-04
8.012101054191589355e-01,5.859831333160400391e+00,1.705118775367736816e+00,9.999996423721313477e-01,4.906464018858969212e-04,7.399974274449050426e-04,-7.836146687623113394e-05
5.870477199554443359e+00,6.797640323638916016e+00,5.881304264068603516e+00,1.000000000000000000e+00,-1.630380393180530518e-05,4.129122244194149971e-04,-1.500638063589576632e-05
7.631210088729858398e-01,5.827891826629638672e+00,6.055342197418212891e+00,9.999977946281433105e-01,1.821515266783535480e-03,1.102438895031809807e-03,-1.123331458074972034e-04
7.163850307464599609e+00,1.204285979270935059e+00,4.429287612438201904e-01,9.999899268150329590e-01,1.330322469584643841e-03,4.109529778361320496e-03,1.236012089066207409e-03
5.563474178314208984e+00,5.838278293609619141e+00,4.149210453033447266e+00,9.999982714653015137e-01,1.596063375473022461e-03,-5.623561446554958820e-04,8.399375947192311287e-04
3.836544275283813477e+00,3.796350955963134766e+00,1.818260908126831055e+00,9.998198747634887695e-01,-1.522782444953918457e-02,-8.492562919855117798e-03,-7.503638975322246552e-03
3.589933395385742188e+00,5.518528461456298828e+00,4.616362452507019043e-01,9.999993443489074707e-01,-3.283238038420677185e-04,6.622062064707279205e-04,9.279336081817746162e-04
1.848464488983154297e+00,4.505171298980712891e+00,4.619454383850097656e+00,9.999990463256835938e-01,1.101936679333448410e-03,5.573448288487270474e-05,-9.259919170290231705e-04
3.736562728881835938e+00,2.640087902545928955e-01,4.006078720092773438e+00,9.999994039535522461e-01,-1.290821383008733392e-04,2.081842685583978891e-04,-1.132667879574000835e-03
3.531024694442749023e+00,2.276158571243286133e+00,8.628663420677185059e-02,9.999997615814208984e-01,2.389779401710256934e-04,-7.183717680163681507e-04,2.961647696793079376e-04
3.201552867889404297e+00,1.800083160400390625e+00,4.222147464752197266e+00,9.999998807907104492e-01,-2.424355916446074843e-04,-5.085936281830072403e-04,2.576369151938706636e-04
2.640678882598876953e+00,7.102947235107421875e-01,5.533030509948730469e+00,9.999259114265441895e-01,-1.006190082989633083e-03,1.194064784795045853e-02,2.141202567145228386e-03
7.482394695281982422e+00,9.329773187637329102e-01,6.357018947601318359e+00,9.999993443489074707e-01,-1.066954107955098152e-03,4.799492016900330782e-04,1.540702069178223610e-04
7.186995029449462891e+00,4.616854667663574219e+00,2.142587423324584961e+00,1.000000000000000000e+00,-9.661350486567243934e-05,5.573715679929591715e-05,-2.513624785933643579e-04
1.250327527523040771e-01,2.296160012483596802e-01,4.687503814697265625e+00,9.999719858169555664e-01,1.677145133726298809e-03,2.730315551161766052e-03,-6.763467099517583847e-03
4.656401157379150391e+00,8.266723155975341797e-01,4.214677810668945312e+00,9.999980926513671875e-01,1.060902723111212254e-03,-4.838154709432274103e-04,1.578756840899586678e-03
1.388202667236328125e+00,6.367916107177734375e+00,3.261873722076416016e+00,1.000000000000000000e+00,-1.907256810227409005e-04,2.014799392782151699e-04,2.932763309217989445e-04
1.827355265617370605e+00,1.966354250907897949e-01,1.097293734550476074e+00,9.999015331268310547e-01,-8.662433363497257233e-03,-1.095752231776714325e-02,1.392751699313521385e-03
5.262421607971191406e+00,2.834426879882812500e+00,6.875967502593994141e+00,9.999967813491821289e-01,-1.564562320709228516e-03,-1.817627693526446819e-03,8.779536583460867405e-04
3.418084979057312012e-01,6.042390823364257812e+00,6.257402420043945312e+00,9.999997615814208984e-01,2.189887600252404809e-04,-5.169169744476675987e-04,3.627283440437167883e-04
4.459222316741943359e+00,8.793074488639831543e-01,6.681145168840885162e-03,9.998584985733032227e-01,1.511284057050943375e-02,-4.940626211464405060e-03,5.495859775692224503e-03
3.497017621994018555e+00,7.211341381072998047e+00,6.039993286132812500e+00,9.999957680702209473e-01,-1.362303039059042931e-03,2.551670651882886887e-03,5.054551875218749046e-04
6.217487335205078125e+00,9.078138470649719238e-01,7.339235305786132812e+00,9.999337792396545410e-01,-8.360916748642921448e-03,7.828491739928722382e-03,1.122353482060134411e-03
6.456729412078857422e+00,6.081965923309326172e+00,5.532644748687744141e+00,9.999995827674865723e-01,-2.424866252113133669e-04,-8.939158869907259941e-04,-1.951853628270328045e-04
3.406928062438964844e+00,5.531024932861328125e+00,5.194312095642089844e+00,9.999991059303283691e-01,9.048304636962711811e-04,-8.081990526989102364e-04,6.330564501695334911e-04
4.627366960048675537e-01,4.829630374908447266e+00,1.102614551782608032e-01,9.999721646308898926e-01,-3.408493706956505775e-03,-8.132847724482417107e-04,-6.588377989828586578e-03
3.312502145767211914e+00,3.882377862930297852e+00,5.329865455627441406e+00,9.999999403953552246e-01,9.822104766499251127e-05,-2.653026604093611240e-04,-2.961339778266847134e-04
7.418740272521972656e+00,4.233850479125976562e+00,1.868933200836181641e+00,9.999999403953552246e-01,-2.960506826639175415e-04,3.900406227330677211e-05,-4.337805439718067646e-04
1.310216903686523438e+00,5.058452606201171875e+00,4.687350273132324219e+00,1.000000000000000000e+00,-2.192539686802774668e-04,-8.618608262622728944e-05,-4.887231261818669736e-05
7.312493324279785156e+00,6.071481227874755859e+00,2.246822834014892578e+00,9.999989271163940430e-01,-9.897644631564617157e-04,-1.121106906794011593e-03,-3.311653927084989846e-05
1.470636248588562012e+00,1.545088171958923340e+00,5.914570808410644531e+00,9.996709823608398438e-01,-2.512063272297382355e-02,5.140106077305972576e-04,-5.159371066838502884e-03
6.150676608085632324e-01,7.031045913696289062e+00,3.576779127120971680e+00,9.999985098838806152e-01,-1.575862639583647251e-03,5.729559343308210373e-04,3.222326922696083784e-04
1.728144645690917969e+00,3.470758914947509766e+00,4.032523155212402344e+00,9.999995827674865723e-01,5.482488195411860943e-04,7.277852855622768402e-04,2.977449039462953806e-04
3.579836606979370117e+00,1.200443267822265625e+00,3.324976205825805664e+00,9.999996423721313477e-01,8.560931310057640076e-04,-3.655343898572027683e-04,-8.119764970615506172e-05
4.686084747314453125e+00,2.681888341903686523e+00,8.383724093437194824e-01,9.999559521675109863e-01,5.959589499980211258e-03,-6.208196748048067093e-03,3.736650571227073669e-03
5.575253963470458984e+00,6.285392284393310547e+00,4.712316989898681641e+00,9.999963045120239258e-01,-6.782277487218379974e-04,-1.821437734179198742e-03,1.900589093565940857e-03
3.227456092834472656e+00,6.156415343284606934e-01,5.686385154724121094e+00,1.000000000000000000e+00,3.238862555008381605e-04,2.013253106269985437e-04,-8.606682968093082309e-05
5.374194145202636719e+00,5.551637649536132812e+00,6.151827335357666016e+00,9.999998211860656738e-01,-2.859258675016462803e-04,4.970763111487030983e-04,-4.514468309935182333e-04
1.983316421508789062e+00,5.521663665771484375e+00,5.415328025817871094e+00,9.999999403953552246e-01,3.351697523612529039e-04,1.740010338835418224e-04,-2.921284758485853672e-04
1.294717311859130859e+00,1.401144266128540039e+00,8.163156509399414062e-01,9.999882578849792480e-01,2.620734449010342360e-04,-4.805385600775480270e-03,-5.731660057790577412e-04
7.327141761779785156e+00,5.321529865264892578e+00,5.690119862556457520e-01,9.999756217002868652e-01,6.054886151105165482e-03,1.024542958475649357e-03,-3.336412599310278893e-03
4.002910137176513672e+00,5.996893405914306641e+00,4.950476169586181641e+00,9.999992251396179199e-01,3.161562490276992321e-04,-6.776933441869914532e-04,-9.881614241749048233e-04
2.252812623977661133e+00,2.806024849414825439e-01,5.992606639862060547e+00,9.999365210533142090e-01,-2.186007797718048096e-03,7.276896852999925613e-03,-8.326546289026737213e-03
4.395619392395019531e+00,3.812716305255889893e-01,6.977530479431152344e+00,9.999999403953552246e-01,2.989267813973128796e-04,3.296578361187130213e-04,-1.641602721065282822e-04
4.042293071746826172e+00,5.574337482452392578e+00,4.348911285400390625e+00,1.000000000000000000e+00,-1.901496034406591207e-05,-2.421351091470569372e-04,-9.590083936927840114e-05
3.894312858581542969e+00,5.935824394226074219e+00,7.311168193817138672e+00,9.999997019767761230e-01,-9.122650226345285773e-06,5.622670505545102060e-05,8.739549666643142700e-04
3.128550648689270020e-01,2.288312911987304688e+00,4.644392967224121094e+00,9.999949336051940918e-01,-1.000395277515053749e-03,-2.604132751002907753e-04,-3.021504729986190796e-03
2.281300783157348633e+00,2.857656955718994141e+00,3.483286857604980469e+00,1.000000000000000000e+00,2.883826937249978073e-06,-1.579859053890686482e-05,1.185947839985601604e-04
2.276220083236694336e+00,4.744157314300537109e+00,5.569851398468017578e+00,9.999943971633911133e-01,2.143626334145665169e-03,-5.978030967526137829e-04,2.509919926524162292e-03
4.248008251190185547e+00,1.890849471092224121e+00,5.909866094589233398e-01,9.999999403953552246e-01,2.145347389159724116e-04,-3.793355135712772608e-04,2.353065938223153353e-04
4.496590137481689453e+00,2.290350198745727539e+00,2.274236440658569336e+00,9.998768568038940430e-01,1.384424138814210892e-02,-5.798653233796358109e-03,4.590687807649374008e-03
5.808490276336669922e+00,4.583363056182861328e+00,6.869243621826171875e+00,9.999998807907104492e-01,-3.389953344594687223e-04,3.244488616473972797e-04,-3.390323254279792309e-04
5.011595249176025391e+00,3.453546047210693359e+00,3.542917013168334961e+00,9.999994635581970215e-01,-7.556608179584145546e-04,-6.285173003561794758e-04,-4.759241710416972637e-04
6.960206031799316406e+00,2.570356607437133789e+00,5.548271179199218750e+00,9.999998807907104492e-01,-4.866352173849008977e-05,-2.182146126870065928e-04,5.081224371679127216e-04
5.618265151977539062e+00,6.107970714569091797e+00,5.371903896331787109e+00,9.999995231628417969e-01,3.527152002789080143e-04,-5.775672616437077522e-04,-6.878019194118678570e-04
5.700457096099853516e+00,2.411306142807006836e+00,3.664243221282958984e+00,9.999913573265075684e-01,-7.048866827972233295e-04,1.226050662808120251e-03,3.915068693459033966e-03
4.826086997985839844e+00,7.088556289672851562e+00,1.951456308364868164e+00,9.999998211860656738e-01,3.836922405753284693e-04,4.469775885809212923e-04,3.042991738766431808e-04
3.379499197006225586e+00,4.892264842987060547e+00,7.446559906005859375e+00,9.999960064888000488e-01,1.813710900023579597e-03,2.155355876311659813e-03,2.213238331023603678e-04
1.875077366828918457e+00,7.174129962921142578e+00,6.408489227294921875e+00,9.999998807907104492e-01,-4.140529199503362179e-04,3.908167127519845963e-04,-1.266462350031360984e-04
2.830474376678466797e+00,3.624503612518310547e+00,2.896225929260253906e+00,9.999997019767761230e-01,-7.261811406351625919e-04,2.067064488073810935e-04,-4.010878328699618578e-04
5.871436595916748047e+00,1.885349631309509277e+00,6.961991786956787109e+00,9.999997019767761230e-01,-5.577183910645544529e-04,4.826257354579865932e-04,3.814557276200503111e-04
4.673743247985839844e+00,7.111811637878417969e-01,4.572512626647949219e+00,9.999445080757141113e-01,6.173073779791593552e-03,8.190675638616085052e-03,2.425349783152341843e-03
5.319538593292236328e+00,4.988718986511230469e+00,6.343809604644775391e+00,9.999415874481201172e-01,1.156122074462473392e-03,-8.505287580192089081e-03,-6.571416277438402176e-03
1.820340633392333984e+00,7.368398189544677734e+00,5.734000682830810547e+00,9.999988675117492676e-01,1.011597458273172379e-03,-9.906354825943708420e-04,6.015254766680300236e-04
1.439604163169860840e-01,5.698143959045410156e+00,6.977757930755615234e+00,9.999966025352478027e-01,9.884921601042151451e-04,-2.169953193515539169e-03,-1.073305495083332062e-03
6.829390525817871094e+00,6.850722789764404297e+00,6.096856117248535156e+00,9.998602271080017090e-01,-8.696654811501502991e-03,1.418789103627204895e-02,-1.656237407587468624e-03
6.365139007568359375e+00,4.194118022918701172e+00,5.302422523498535156e+00,9.999505877494812012e-01,6.485573947429656982e-03,6.321750581264495850e-03,4.112723749130964279e-03
4.339085102081298828e+00,6.014477252960205078e+00,3.426040649414062500e+00,1.000000000000000000e+00,-6.047010174370370805e-05,3.295619098935276270e-04,-1.241230202140286565e-04
6.466156482696533203e+00,1.899725675582885742e+00,6.260503292083740234e+00,1.000000000000000000e+00,-2.403895196039229631e-04,5.805585533380508423e-05,-1.411085249856114388e-04
3.834400177001953125e+00,7.188083529472351074e-01,4.789291381835937500e+00,9.999577999114990234e-01,4.074109252542257309e-03,-2.537890570238232613e-03,7.835896685719490051e-03
2.961401224136352539e+00,5.711693286895751953e+00,7.299228668212890625e+00,9.999989867210388184e-01,1.186756417155265808e-03,-3.508892405079677701e-05,-8.788605919107794762e-04
2.552387475967407227e+00,6.990204811096191406e+00,5.092684268951416016e+00,9.999885559082031250e-01,-4.668738692998886108e-03,6.529488018713891506e-04,8.720044279471039772e-04
2.055609226226806641e+00,5.302946090698242188e+00,3.779583215713500977e+00,9.999984502792358398e-01,1.229007495567202568e-03,-3.052063402719795704e-04,1.234803465195000172e-03
1.403771281242370605e+00,6.616784334182739258e-01,1.410252451896667480e+00,9.999974966049194336e-01,-1.738850260153412819e-03,-1.378262415528297424e-03,-3.845781320706009865e-04
1.755630135536193848e+00,3.171261310577392578e+00,1.040163040161132812e+00,9.999969005584716797e-01,-1.792737748473882675e-03,1.705602626316249371e-03,-3.835429961327463388e-04
3.849398374557495117e+00,6.805175304412841797e+00,3.778170108795166016e+00,9.999995231628417969e-01,5.498077734955586493e-05,8.313319412991404533e-04,4.812010738532990217e-04
4.234691619873046875e+00,6.043342590332031250e+00,6.825802803039550781e+00,9.999989867210388184e-01,-2.904232242144644260e-04,-1.369055826216936111e-03,2.653369447216391563e-04
4.385378837585449219e+00,3.680263757705688477e+00,1.723083853721618652e+00,9.999982118606567383e-01,3.966118383686989546e-04,1.660635927692055702e-03,8.602099842391908169e-04
2.144731760025024414e+00,2.470082521438598633e+00,4.964508056640625000e+00,9.999997615814208984e-01,2.825989213306456804e-04,-9.173400030704215169e-05,6.910481606610119343e-04
7.276736259460449219e+00,7.409863948822021484e+00,2.118324279785156250e+00,9.999993443489074707e-01,-1.007566810585558414e-03,1.517279015388339758e-04,-6.086112698540091515e-04
1.331270098686218262e+00,2.475234270095825195e+00,5.277884006500244141e+00,9.999899268150329590e-01,-4.273353610187768936e-03,-1.413889229297637939e-03,-1.361180329695343971e-04
2.435734868049621582e-01,3.592791318893432617e+00,1.477572917938232422e+00,9.999969005584716797e-01,-1.055952510796487331e-03,1.491578761488199234e-03,-1.698399893939495087e-03
3.363386869430541992e+00,3.607895612716674805e+00,7.307266592979431152e-01,1.000000000000000000e+00,-4.673821240430697799e-05,-2.510626800358295441e-04,-1.195081404148368165e-05
3.874781847000122070e+00,7.451161861419677734e+00,3.537430286407470703e+00,9.999997615814208984e-01,-2.990476496051996946e-04,-2.102097059832885861e-04,-6.815815577283501625e-04
6.123985767364501953e+00,2.147883892059326172e+00,3.880038976669311523e+00,9.999997019767761230e-01,-5.204856861382722855e-04,-4.405754734762012959e-04,5.202628090046346188e-04
5.763431549072265625e+00,1.892768740653991699e-01,2.320302963256835938e+00,9.999992251396179199e-01,4.099923535250127316e-04,1.064821495674550533e-03,5.107746692374348640e-04
5.991206169128417969e+00,8.178569078445434570e-01,5.225652217864990234e+00,9.999490976333618164e-01,-3.039571922272443771e-03,9.396103210747241974e-03,-2.080452628433704376e-03
6.831936359405517578e+00,3.222576618194580078e+00,6.599620819091796875e+00,9.999996423721313477e-01,5.677347653545439243e-04,-4.952416056767106056e-04,-5.100127891637384892e-04
3.317129373550415039e+00,5.719065189361572266e+00,1.259767055511474609e+00,9.999998807907104492e-01,5.024438723921775818e-04,-2.609757648315280676e-04,1.896759058581665158e-04
6.455388069152832031e+00,6.921968460083007812e+00,6.914824485778808594e+00,9.999996423721313477e-01,6.210306310094892979e-04,-3.642177325673401356e-04,3.904524201061576605e-04
4.437678337097167969e+00,7.338185787200927734e+00,3.493111133575439453e+00,9.999697804450988770e-01,-7.043183315545320511e-03,-2.691643778234720230e-03,-1.894405926577746868e-03
6.824064731597900391e+00,9.260913133621215820e-01,6.687551021575927734e+00,9.999983310699462891e-01,-1.268768450245261192e-03,-3.351584309712052345e-04,1.294729532673954964e-03
4.316315174102783203e+00,6.921390533447265625e+00,1.631387829780578613e+00,9.999995827674865723e-01,6.166628445498645306e-04,-5.098294932395219803e-04,5.462116678245365620e-04
4.407678127288818359e+00,6.460983276367187500e+00,3.946686744689941406e+00,9.999927282333374023e-01,3.011828754097223282e-03,2.470046747475862503e-04,-2.351372037082910538e-03
2.145245075225830078e+00,6.101450920104980469e+00,5.265382289886474609e+00,9.999987483024597168e-01,1.373026752844452858e-03,-8.039148524403572083e-04,-2.040334511548280716e-04
3.780106067657470703e+00,3.603704929351806641e+00,3.986818552017211914e+00,9.999998211860656738e-01,2.466251607984304428e-04,-4.905089153908193111e-04,3.626419347710907459e-04
5.864569664001464844e+00,4.681794166564941406e+00,3.821897745132446289e+00,1.000000000000000000e+00,-2.463885357428807765e-05,-1.663355360506102443e-04,-2.916008816100656986e-04
3.194056749343872070e+00,5.545304298400878906e+00,1.542124509811401367e+00,9.999999403953552246e-01,3.649206482805311680e-04,1.334884727839380503e-04,3.821912687271833420e-04
5.926169753074645996e-01,4.665731906890869141e+00,2.247070789337158203e+00,9.999995827674865723e-01,-2.430138411000370979e-04,-2.066053857561200857e-04,-9.241160587407648563e-04
1.431954741477966309e+00,3.583749234676361084e-01,3.613564014434814453e+00,9.999977350234985352e-01,1.074830070137977600e-03,8.381168008781969547e-04,-1.666063675656914711e-03
4.127116203308105469e+00,3.260324954986572266e+00,1.767682313919067383e+00,9.999386072158813477e-01,5.413373932242393494e-03,6.351458374410867691e-03,7.296904921531677246e-03
5.592525005340576172e+00,5.376169681549072266e+00,4.571110606193542480e-01,9.999941587448120117e-01,4.938819911330938339e-04,2.212130231782793999e-03,2.568354597315192223e-03
6.983617305755615234e+00,4.676882743835449219e+00,3.929265499114990234e+00,1.000000000000000000e+00,-7.434035796904936433e-05,-1.482856896473094821e-04,6.392154318746179342e-05
1.733396053314208984e+00,7.772347331047058105e-01,2.231937170028686523e+00,9.999995827674865723e-01,-7.311757653951644897e-04,1.328882644884288311e-04,-6.490711821243166924e-04
9.661095738410949707e-01,7.055845737457275391e+00,4.349800109863281250e+00,9.999992847442626953e-01,1.967480784514918923e-04,-1.176694640889763832e-03,2.282934292452409863e-04
2.497174024581909180e+00,1.856357693672180176e+00,6.646004676818847656e+00,9.999999403953552246e-01,4.457982504391111434e-05,5.131367361173033714e-04,-5.493269418366253376e-05
3.873071670532226562e+00,2.770732164382934570e+00,2.928815364837646484e+00,9.999403953552246094e-01,8.184759877622127533e-03,-5.147228948771953583e-03,-5.079965572804212570e-03
1.764348000288009644e-01,6.937941074371337891e+00,5.714589118957519531e+00,9.999915361404418945e-01,1.283494522795081139e-03,-3.244687803089618683e-03,-2.199096372351050377e-03
3.967835664749145508e+00,6.307988762855529785e-01,5.922860622406005859e+00,9.999992847442626953e-01,1.566858118167147040e-04,-2.567705523688346148e-04,-1.191239571198821068e-03
6.933671951293945312e+00,4.901118755340576172e+00,7.310534477233886719e+00,9.999955892562866211e-01,-2.746908459812402725e-03,-7.790867239236831665e-04,8.863367256708443165e-04
1.421445727348327637e+00,3.357049942016601562e+00,2.745193958282470703e+00,1.000000000000000000e+00,-6.956993456697091460e-05,4.320003063185140491e-05,-3.581434721127152443e-04
4.000908851623535156e+00,6.798621177673339844e+00,6.934009790420532227e-01,9.999514222145080566e-01,2.244959352537989616e-03,-8.160900324583053589e-03,-5.061753559857606888e-03
5.943604946136474609e+00,4.845096766948699951e-01,6.155798912048339844e+00,9.999843835830688477e-01,5.006754770874977112e-03,-1.259209006093442440e-03,-2.148733707144856453e-03
1.726806879043579102e+00,6.947919845581054688e+00,7.270390987396240234e+00,9.999998807907104492e-01,1.020874697132967412e-05,6.302787223830819130e-04,-2.314749435754492879e-04
4.978306293487548828e+00,4.527923583984375000e+00,1.582083702087402344e+00,9.999995231628417969e-01,-4.553291655611246824e-04,6.505924975499510765e-04,-6.741551915183663368e-04
6.495521962642669678e-02,6.590712547302246094e+00,2.290218114852905273e+00,9.999979138374328613e-01,-1.545756938867270947e-03,9.527091169729828835e-04,-1.004781574010848999e-03
2.383033990859985352e+00,4.447977066040039062e+00,4.079044818878173828e+00,9.999999403953552246e-01,7.042186189210042357e-05,3.978853637818247080e-04,3.286100691184401512e-04
3.748490571975708008e+00,3.371087551116943359e+00,4.769637584686279297e+00,9.999946951866149902e-01,2.707139123231172562e-03,-1.463644322939217091e-03,-1.055659493431448936e-03
3.692556858062744141e+00,8.739424347877502441e-01,3.134104728698730469e+00,9.999998807907104492e-01,8.724260987946763635e-05,-3.630673163570463657e-04,-4.769573570229113102e-04
1.516103148460388184e+00,6.231929302215576172e+00,2.655161380767822266e+00,9.999998807907104492e-01,5.110118654556572437e-04,1.626789889996871352e-05,2.020982938120141625e-04
1.042761087417602539e+00,3.598510503768920898e+00,6.622395515441894531e-01,9.999932050704956055e-01,-2.967687090858817101e-03,-1.241712481714785099e-03,1.830247812904417515e-03
4.651400819420814514e-02,6.852931499481201172e+00,7.168359279632568359e+00,1.000000000000000000e+00,1.610209146747365594e-04,-1.887775288196280599e-04,-9.329763270216062665e-05
6.910805702209472656e-01,4.109568297863006592e-01,4.953702449798583984e+00,9.999998211860656738e-01,-2.396426862105727196e-04,-3.073813859373331070e-04,5.038930103182792664e-04
3.838535070419311523e+00,4.956174850463867188e+00,6.813205480575561523e-01,9.999982118606567383e-01,1.412367855664342642e-04,-6.369772017933428288e-05,-1.904128585010766983e-03
1.479890704154968262e+00,5.648386001586914062e+00,2.763117074966430664e+00,9.999920129776000977e-01,-1.587404869496822357e-03,3.270294284448027611e-03,-1.710168900899589062e-03
1.942116975784301758e+00,7.486478805541992188e+00,3.298967361450195312e+00,9.999995827674865723e-01,-6.068650400266051292e-04,-1.898740592878311872e-04,7.431196281686425209e-04
3.239680528640747070e-01,3.977416038513183594e+00,5.345278739929199219e+00,9.999982714653015137e-01,9.351369808427989483e-04,1.425586175173521042e-03,-8.226437494158744812e-04
2.342604398727416992e+00,2.140637159347534180e+00,4.266441345214843750e+00,9.999997615814208984e-01,-6.478070281445980072e-04,2.667270018719136715e-04,3.996329323854297400e-04
6.115669250488281250e+00,3.707734584808349609e+00,6.627995014190673828e+00,9.999998807907104492e-01,-4.071675357408821583e-05,6.234808242879807949e-04,-2.051065530395135283e-04
1.823230504989624023e+00,7.316183567047119141e+00,6.864224910736083984e+00,9.999997019767761230e-01,1.509551220806315541e-04,6.798021495342254639e-04,-4.988168366253376007e-04
4.365935802459716797e+00,7.306582450866699219e+00,6.566270828247070312e+00,9.999858736991882324e-01,2.439202740788459778e-03,3.180664265528321266e-03,-3.507646732032299042e-03
7.388311028480529785e-01,4.844195365905761719e+00,6.877299785614013672e+00,9.999997615814208984e-01,-1.886665450001601130e-05,-1.170251416624523699e-04,-7.553682662546634674e-04
7.052298069000244141e+00,9.910061359405517578e-01,2.560222625732421875e+00,9.999965429306030273e-01,-7.212901837192475796e-04,-2.554063219577074051e-03,-1.274695387110114098e-04
1.683238148689270020e+00,1.192908287048339844e+00,1.164016723632812500e+00,9.999988675117492676e-01,-3.100958711002022028e-04,-1.197769539430737495e-03,-8.623458561487495899e-04
7.152133941650390625e+00,1.842134833335876465e+00,3.150951623916625977e+00,9.999998211860656738e-01,-3.402227303013205528e-04,2.876771904993802309e-04,-4.949461435899138451e-04
1.040448427200317383e+00,4.286424160003662109e+00,1.280869126319885254e+00,9.999974966049194336e-01,-4.184319404885172844e-04,1.420074957422912121e-03,1.666640047915279865e-03
4.712780952453613281e+00,4.927932620048522949e-01,2.885912656784057617e+00,9.999998807907104492e-01,5.250999820418655872e-04,1.508114946773275733e-04,3.086525830440223217e-04
2.715788125991821289e+00,3.255477428436279297e+00,7.417619705200195312e+00,9.999998211860656738e-01,-4.965701373293995857e-04,4.479598137550055981e-04,2.346193941775709391e-04
6.568459987640380859e+00,5.146532058715820312e-01,6.141339778900146484e+00,9.999997019767761230e-01,-6.857411935925483704e-04,8.879353845259174705e-05,4.797470755875110626e-04
3.102782249450683594e+00,4.807889938354492188e+00,3.422634601593017578e-01,9.999986886978149414e-01,2.391758898738771677e-04,-1.474524266086518764e-03,-6.319691892713308334e-04
2.975298404693603516e+00,2.871476888656616211e+00,1.661648988723754883e+00,1.000000000000000000e+00,3.472233074717223644e-04,4.788647129316814244e-05,-3.820297024503815919e-06
6.925097465515136719e+00,4.387221336364746094e+00,2.855958461761474609e+00,9.999991059303283691e-01,2.825412375386804342e-04,-1.243499224074184895e-03,-4.717413685284554958e-04
6.827220439910888672e+00,2.258479118347167969e+00,3.679988145828247070e+00,9.999998211860656738e-01,-5.641980678774416447e-04,-5.910917025175876915e-05,-4.418755124788731337e-04
1.269071578979492188e+00,6.638807296752929688e+00,4.756442546844482422e+00,9.999998807907104492e-01,-5.072156200185418129e-04,-2.868273877538740635e-04,2.259135544591117650e-05
6.632941722869873047e+00,4.312445163726806641e+00,7.542828321456909180e-01,9.999996423721313477e-01,4.093180905329063535e-06,-3.985249204561114311e-04,-7.778349099680781364e-04
4.503418922424316406e+00,3.472286701202392578e+00,2.559400796890258789e+00,9.999992251396179199e-01,-7.021953351795673370e-04,1.072605838999152184e-03,-5.564938692259602249e-05
8.233444094657897949e-01,6.033021584153175354e-02,2.103479623794555664e+00,9.999987483024597168e-01,-2.825603041856084019e-05,-1.045892830006778240e-03,1.206624903716146946e-03
1.158530712127685547e+00,6.827484130859375000e+00,5.768724918365478516e+00,9.999974370002746582e-01,-1.512475311756134033e-03,-1.254046917892992496e-03,1.157668768428266048e-03
1.249513998627662659e-01,5.641653060913085938e+00,4.728914260864257812e+00,9.999999403953552246e-01,-4.225176962791010737e-05,4.242839640937745571e-04,1.215552765643224120e-04
6.549677371978759766e+00,1.638425707817077637e+00,4.783595561981201172e+00,9.999942779541015625e-01,2.468001563102006912e-03,-3.566539671737700701e-04,-2.313592704012989998e-03
5.792513370513916016e+00,4.370981216430664062e+00,1.927498131990432739e-01,9.999971985816955566e-01,6.374187651090323925e-04,-1.655141473747789860e-03,-1.611724379472434521e-03
5.137379646301269531e+00,4.866260528564453125e+00,3.235855102539062500e+00,9.999767541885375977e-01,-4.474331217352300882e-04,-3.614899236708879471e-03,-5.778275895863771439e-03
5.087667942047119141e+00,1.354950308799743652e+00,1.705523967742919922e+00,9.999972581863403320e-01,1.848006621003150940e-03,-1.421236898750066757e-03,3.493398835416883230e-04
4.902219295501708984e+00,6.047414779663085938e+00,2.268872022628784180e+00,1.000000000000000000e+00,8.176032133633270860e-05,4.823892595595680177e-05,-5.770627831225283444e-05
4.816265583038330078e+00,2.068321228027343750e+00,1.053720831871032715e+00,9.999993443489074707e-01,-5.176602280698716640e-04,-8.884868293534964323e-05,1.100465189665555954e-03
5.906049728393554688e+00,4.177095413208007812e+00,2.086868762969970703e+00,9.999997615814208984e-01,4.102273087482899427e-04,-3.387088945601135492e-04,-5.570781067945063114e-04
3.359892845153808594e+00,4.069980144500732422e+00,2.736156463623046875e+00,9.999982118606567383e-01,1.534514944069087505e-03,-1.055445987731218338e-03,4.088405985385179520e-04
4.904373645782470703e+00,3.544829607009887695e+00,6.079675197601318359e+00,9.999993443489074707e-01,-5.159823922440409660e-05,-7.724845199845731258e-04,9.416779503226280212e-04
7.272429943084716797e+00,5.930011272430419922e+00,6.957729458808898926e-01,9.999989867210388184e-01,-3.733553166966885328e-04,-8.313269354403018951e-04,1.074217609129846096e-03
5.482542514801025391e+00,4.105614662170410156e+00,6.174068927764892578e+00,1.000000000000000000e+00,-1.567572617204859853e-04,9.433710511075332761e-05,2.335121243959292769e-04
2.264928340911865234e+00,1.430905103683471680e+00,5.523575305938720703e+00,9.999995231628417969e-01,9.776703518582507968e-05,-9.651137515902519226e-04,2.882499829865992069e-04
5.697556495666503906e+00,4.902052402496337891e+00,4.677299976348876953e+00,9.999985098838806152e-01,3.488280708552338183e-05,-1.695588463917374611e-03,-4.867882817052304745e-04
3.122427463531494141e+00,2.188656568527221680e+00,2.157134711742401123e-01,1.000000000000000000e+00,6.056572965462692082e-05,-1.044125820044428110e-04,-3.247775312047451735e-04
6.616103649139404297e+00,9.028187394142150879e-01,2.704250097274780273e+00,9.999987483024597168e-01,6.872345693409442902e-04,-1.360150869004428387e-03,4.434630682226270437e-04
6.544239044189453125e+00,1.128151297569274902e+00,2.942627668380737305e+00,9.999996423721313477e-01,5.039021489210426807e-04,-7.073400774970650673e-04,-1.026999889290891588e-04
3.532782316207885742e+00,1.935656547546386719e+00,8.087245821952819824e-01,1.000000000000000000e+00,2.197198482463136315e-04,7.153470505727455020e-05,-2.255093131680041552e-04
2.445669412612915039e+00,2.599995613098144531e+00,4.331412792205810547e+00,9.999991655349731445e-01,-1.129377866163849831e-03,2.863859117496758699e-04,7.078145281411707401e-04
5.829724788665771484e+00,7.065422534942626953e+00,1.588032960891723633e+00,9.999822378158569336e-01,-5.110496655106544495e-03,-2.357925521209836006e-03,-1.973525388166308403e-03
7.423075199127197266e+00,6.557026386260986328e+00,5.625006198883056641e+00,9.999994635581970215e-01,-1.185595610877498984e-04,-3.282437101006507874e-04,1.006721518933773041e-03
1.682221531867980957e+00,4.159815788269042969e+00,2.643805742263793945e+00,1.000000000000000000e+00,-2.719057665672153234e-04,-1.843659119913354516e-04,-2.606051275506615639e-04
5.056391239166259766e+00,7.275928020477294922e+00,4.207116127014160156e+00,9.999998211860656738e-01,5.797170451842248440e-04,2.318878832738846540e-04,2.335530443815514445e-04
4.705275058746337891e+00,5.236765861511230469e+00,1.839382886886596680e+00,1.000000000000000000e+00,1.205427033710293472e-04,1.447525864932686090e-04,-1.139221858466044068e-04
2.653969764709472656e+00,2.016208410263061523e+00,1.589314103126525879e+00,1.000000000000000000e+00,2.917663659900426865e-04,6.871292134746909142e-05,3.808513065450824797e-05
5.887893199920654297e+00,1.716066002845764160e+00,2.570426225662231445e+00,9.999951720237731934e-01,5.695252330042421818e-04,2.055886900052428246e-03,-2.281882334500551224e-03
6.567391157150268555e-01,1.054853439331054688e+00,2.179766148328781128e-01,9.999750852584838867e-01,3.492633579298853874e-03,-6.110889371484518051e-03,6.109281093813478947e-04
6.161801338195800781e+00,1.063579559326171875e+00,1.789027690887451172e+00,9.999983310699462891e-01,1.071808976121246815e-03,-9.811305208131670952e-04,1.173781347461044788e-03
3.436848640441894531e+00,6.625503540039062500e+00,1.045981407165527344e+00,9.999957084655761719e-01,2.185723977163434029e-03,-9.519038139842450619e-04,-1.700336462818086147e-03
6.399417877197265625e+00,1.168574571609497070e+00,3.315105915069580078e+00,9.999998211860656738e-01,4.914022283628582954e-04,-4.132853064220398664e-04,-1.876760652521625161e-04
9.334024190902709961e-01,5.406184673309326172e+00,4.318258762359619141e+00,9.999992847442626953e-01,2.002587862079963088e-04,-8.052362827584147453e-04,9.195627644658088684e-04
5.272803783416748047e+00,2.607408761978149414e+00,9.325536489486694336e-01,9.999897480010986328e-01,1.820906327338889241e-04,3.473753109574317932e-03,-2.899601124227046967e-03
7.094244956970214844e+00,9.588909745216369629e-01,2.936837911605834961e+00,9.999967813491821289e-01,2.363880397751927376e-03,2.440836251480504870e-04,-9.002939914353191853e-04
6.962373256683349609e+00,4.645136296749114990e-01,4.117473125457763672e+00,9.999998807907104492e-01,-3.250068402849137783e-04,-1.899344933917745948e-04,4.717913107015192509e-04
6.709414482116699219e+00,6.140328407287597656e+00,7.358709335327148438e+00,9.999998211860656738e-01,6.325981812551617622e-04,1.392390695400536060e-04,2.237385342596098781e-04
4.142145633697509766e+00,2.042547702789306641e+00,1.736055493354797363e+00,9.999995231628417969e-01,-1.032403903082013130e-03,-1.668978984525892884e-05,-2.241819020127877593e-04
2.174872636795043945e+00,3.444662094116210938e+00,2.230182886123657227e+00,9.999994635581970215e-01,-4.904692759737372398e-04,4.105004481971263885e-04,-8.717339369468390942e-04
5.531462669372558594e+00,4.681446552276611328e-01,6.837700605392456055e-01,9.999970197677612305e-01,-2.405940787866711617e-03,-3.352339263074100018e-04,3.749249153770506382e-04
1.431342959403991699e+00,1.578598618507385254e+00,7.164273262023925781e+00,9.999925494194030762e-01,-3.288786392658948898e-03,1.148496055975556374e-03,1.712651457637548447e-03
7.306128501892089844e+00,2.618657350540161133e+00,1.603534579277038574e+00,9.999904036521911621e-01,-2.759669208899140358e-03,2.449356717988848686e-03,-2.394825918599963188e-03
3.677762508392333984e+00,3.541551589965820312e+00,6.066636562347412109e+00,9.999988079071044922e-01,9.316275245510041714e-04,1.045448938384652138e-03,-7.423028582707047462e-04
6.572984218597412109e+00,4.203082561492919922e+00,1.645421147346496582e+00,9.999998211860656738e-01,-1.412673154845833778e-04,-1.845085716922767460e-05,-5.280457553453743458e-04
4.001082420349121094e+00,8.043655157089233398e-01,3.495083570480346680e+00,9.999971985816955566e-01,-1.696405524853616953e-04,-1.353874453343451023e-03,1.970418263226747513e-03
8.433861136436462402e-01,4.219864368438720703e+00,4.798707962036132812e+00,9.999973177909851074e-01,1.004052581265568733e-03,-1.377019332721829414e-03,1.602967153303325176e-03
9.205628037452697754e-01,1.541868090629577637e+00,5.585641860961914062e+00,9.999963045120239258e-01,-2.174802822992205620e-03,3.552891430445015430e-04,-1.638344954699277878e-03
5.255373477935791016e+00,6.675014019012451172e+00,3.593029975891113281e+00,9.999186396598815918e-01,-9.179468266665935516e-03,2.578976796939969063e-03,8.476174436509609222e-03
1.784194827079772949e+00,4.835417270660400391e+00,1.299425244331359863e+00,9.999970197677612305e-01,2.428723964840173721e-03,2.596278209239244461e-04,-4.748975698021240532e-06
6.983582377433776855e-01,1.341981410980224609e+00,4.934273719787597656e+00,9.999339580535888672e-01,8.927795104682445526e-03,-7.234800606966018677e-03,-3.287777071818709373e-04
4.346408367156982422e+00,1.593331217765808105e+00,3.461872816085815430e+00,9.999608397483825684e-01,-7.384103257209062576e-03,-2.941162558272480965e-03,-3.895130241289734840e-03
5.694879055023193359e+00,7.596227526664733887e-01,7.097759723663330078e+00,9.999997615814208984e-01,-8.825387340039014816e-05,-6.869386998005211353e-04,-2.333592274226248264e-04
7.093165397644042969e+00,2.252976894378662109e+00,5.509451866149902344e+00,9.999994635581970215e-01,-9.460330475121736526e-04,-3.445403708610683680e-04,1.530659392301458865e-05
1.495346307754516602e+00,5.170626640319824219e+00,2.611399650573730469e+00,9.999998211860656738e-01,-3.225505643058568239e-04,-4.937185440212488174e-04,4.269320634193718433e-04
2.468717336654663086e+00,5.276435852050781250e+00,6.257522106170654297e+00,9.999998807907104492e-01,3.280746168456971645e-04,-3.461600135779008269e-05,4.430941480677574873e-04
6.960276365280151367e-01,1.784705877304077148e+00,2.486060619354248047e+00,9.999998211860656738e-01,-2.314818993909284472e-04,-6.225192337296903133e-04,-1.920804788824170828e-04
5.198436379432678223e-01,6.609560966491699219e+00,6.490854024887084961e-01,9.999995827674865723e-01,-5.521745188161730766e-04,4.629410395864397287e-04,6.159130716696381569e-04
4.184949398040771484e+00,1.718287706375122070e+00,4.902543544769287109e+00,1.000000000000000000e+00,6.536029104609042406e-05,5.228385998634621501e-05,-8.330508717335760593e-05
5.137552261352539062e+00,1.132752537727355957e+00,4.421996593475341797e+00,9.999996423721313477e-01,5.292783025652170181e-04,-6.721313693560659885e-04,-2.244134957436472178e-04
1.092006564140319824e+00,7.023913383483886719e+00,9.913721680641174316e-01,9.999999403953552246e-01,3.410025092307478189e-04,3.603795194067060947e-04,-1.452099531888961792e-04
7.444190502166748047e+00,1.833405137062072754e+00,2.819988727569580078e-01,9.999995827674865723e-01,6.470330408774316311e-04,1.148248702520504594e-04,-7.626918377354741096e-04
1.138965368270874023e+00,6.059605121612548828e+00,6.630393028259277344e+00,9.998926520347595215e-01,3.658307483419775963e-03,2.001917455345392227e-03,1.405014470219612122e-02
3.112460136413574219e+00,2.823028326034545898e+00,5.978008270263671875e+00,9.999650716781616211e-01,6.952548399567604065e-03,4.480920732021331787e-03,1.236048876307904720e-03
7.359685897827148438e+00,5.950366497039794922e+00,4.793253898620605469e+00,9.999999403953552246e-01,1.453245113225420937e-05,4.991860478185117245e-04,1.025303863571025431e-04
5.482172012329101562e+00,7.281834602355957031e+00,3.431419134140014648e+00,9.999997615814208984e-01,6.096265278756618500e-04,-3.986927331425249577e-04,1.802246406441554427e-04
4.744338989257812500e+00,4.705016136169433594e+00,2.275294542312622070e+00,1.000000000000000000e+00,2.648744557518512011e-04,1.347358484053984284e-04,-2.238687447970733047e-04
3.192822217941284180e+00,3.636939525604248047e+00,6.478565216064453125e+00,9.999998211860656738e-01,2.125501487171277404e-04,-5.678324960172176361e-04,-3.300372918602079153e-04
6.666553974151611328e+00,2.201831340789794922e+00,5.260655403137207031e+00,9.999862313270568848e-01,-2.880750456824898720e-03,3.245423780754208565e-03,2.961610443890094757e-03
1.129508972167968750e+00,5.597557425498962402e-01,5.264916896820068359e+00,9.999975562095642090e-01,1.449120813049376011e-03,-2.077537210425361991e-04,1.664817100390791893e-03
2.584853410720825195e+00,2.823411226272583008e+00,2.238191366195678711e+00,9.999984502792358398e-01,7.803359767422080040e-04,9.915044065564870834e-04,1.304510864429175854e-03
5.869410991668701172e+00,2.579240500926971436e-01,8.207521438598632812e-01,9.999993443489074707e-01,-8.322696667164564133e-04,-7.044990197755396366e-04,-5.577830597758293152e-04
7.130091667175292969e+00,5.036774158477783203e+00,6.764580011367797852e-01,9.999965429306030273e-01,-3.302656405139714479e-04,-6.376226665452122688e-04,-2.562125679105520248e-03
2.507673501968383789e+00,1.073179602622985840e+00,2.235114574432373047e+00,1.000000000000000000e+00,-2.840777451638132334e-04,-4.194840130367083475e-06,1.572559267515316606e-04
8.147413134574890137e-01,5.184611797332763672e+00,1.162105917930603027e+00,9.999960660934448242e-01,-7.030027973087271675e-06,1.071283011697232723e-03,2.627043519169092178e-03
5.914303302764892578e+00,5.317151069641113281e+00,3.868811607360839844e+00,9.999973177909851074e-01,8.908495510695502162e-05,-2.239959780126810074e-03,-6.398312980309128761e-04
4.138651847839355469e+00,6.964545249938964844e+00,4.555213451385498047e-01,9.999360442161560059e-01,1.681919529801234603e-04,-1.109945774078369141e-02,-2.159490017220377922e-03
6.229121088981628418e-01,9.174492955207824707e-01,1.189837098121643066e+00,9.999996423721313477e-01,8.499301620759069920e-04,-2.303175569977611303e-04,1.405282819177955389e-04
3.473282337188720703e+00,2.017400264739990234e+00,2.187928915023803711e+00,9.999880194664001465e-01,-3.835766576230525970e-03,2.398018259555101395e-03,1.896410249173641205e-03
3.280707836151123047e+00,4.063091754913330078e+00,3.476863384246826172e+00,9.999893903732299805e-01,-7.349124643951654434e-04,-3.712949808686971664e-03,2.659825142472982407e-03
9.745692014694213867e-01,1.581922322511672974e-01,3.285990476608276367e+00,9.999991059303283691e-01,9.583079954609274864e-04,8.388498681597411633e-04,4.769993829540908337e-04
3.595336198806762695e+00,4.431199550628662109e+00,3.515071868896484375e+00,9.999995231628417969e-01,-4.705161554738879204e-04,-4.280143766663968563e-04,8.111024508252739906e-04
4.339296340942382812e+00,4.680179119110107422e+00,2.866995930671691895e-01,9.999984502792358398e-01,-8.225781493820250034e-04,-4.471303836908191442e-04,-1.482253079302608967e-03
7.480038166046142578e+00,4.116083621978759766e+00,5.970860958099365234e+00,9.999931454658508301e-01,2.479806134942919016e-04,3.620370989665389061e-03,7.294560200534760952e-04
1.591191649436950684e+00,1.600659012794494629e+00,6.487564563751220703e+00,9.999961853027343750e-01,-2.537747495807707310e-04,2.600831910967826843e-03,-9.708631550893187523e-04
2.562443494796752930e+00,7.053901195526123047e+00,4.048112869262695312e+00,9.999997615814208984e-01,4.055649333167821169e-04,-4.818243032786995173e-04,4.525967524386942387e-04
4.072585582733154297e+00,5.639294147491455078e+00,1.424371957778930664e+00,1.000000000000000000e+00,3.240196965634822845e-04,1.208009416586719453e-04,2.006793802138417959e-04
1.603199124336242676e+00,1.485968828201293945e+00,1.460891842842102051e+00,9.999998211860656738e-01,-1.816069561755284667e-04,-5.689942627213895321e-04,-4.155701317358762026e-04
1.114904403686523438e+00,3.643874883651733398e+00,1.392376065254211426e+00,9.999998211860656738e-01,-2.921892737504094839e-04,-1.507479319116100669e-04,-6.366255111061036587e-04
6.560644626617431641e+00,5.587136745452880859e+00,5.622120857238769531e+00,9.999822974205017090e-01,1.815867493860423565e-03,-5.628351587802171707e-03,-6.996055017225444317e-04
3.672932386398315430e+00,5.239950865507125854e-02,7.350680232048034668e-01,9.999980330467224121e-01,1.382240589009597898e-04,1.683842740021646023e-03,1.102638663724064827e-03
4.810742378234863281e+00,3.472411155700683594e+00,2.023383855819702148e+00,9.999730587005615234e-01,-3.837683936581015587e-03,2.347229747101664543e-03,5.808612331748008728e-03
3.659343004226684570e+00,1.463358283042907715e+00,1.446478515863418579e-01,1.000000000000000000e+00,3.173367877025157213e-04,1.910662977024912834e-04,3.276131565144169144e-06
3.556550502777099609e+00,1.244229793548583984e+00,5.830320358276367188e+00,9.998204112052917480e-01,-6.941981264390051365e-04,1.576684787869453430e-02,-1.048887427896261215e-02
1.735841184854507446e-01,8.341043591499328613e-01,1.616406202316284180e+00,9.999986290931701660e-01,6.967942463234066963e-04,-1.254319795407354832e-03,-9.076722781173884869e-04
5.753739833831787109e+00,2.897291421890258789e+00,3.970963001251220703e+00,9.999992847442626953e-01,6.302986876107752323e-04,-9.715157211758196354e-04,-3.102890041191130877e-04
6.786258697509765625e+00,7.061173439025878906e+00,1.466403484344482422e+00,9.999995827674865723e-01,-4.078022029716521502e-04,-4.451880231499671936e-04,7.722096634097397327e-04
2.028379440307617188e+00,3.852216005325317383e+00,2.291280508041381836e+00,9.999998807907104492e-01,-2.562867884989827871e-04,8.232432446675375104e-05,-5.044902209192514420e-04
2.501131594181060791e-01,2.199074983596801758e+00,7.227773189544677734e+00,9.999999403953552246e-01,3.153369762003421783e-04,3.122374764643609524e-04,-3.448854386078892276e-06
1.255545139312744141e+00,1.694257706403732300e-01,5.874908924102783203e+00,9.999986290931701660e-01,1.642187475226819515e-03,-4.137339128646999598e-04,6.957826553843915462e-05
4.981652736663818359e+00,1.053778052330017090e+00,6.765475749969482422e+00,9.999997615814208984e-01,7.525663477281341329e-06,6.507844082079827785e-04,-2.564275346230715513e-04
1.016464710235595703e+00,7.304129123687744141e+00,1.505641579627990723e+00,9.999970197677612305e-01,-1.681216876022517681e-03,-1.383503898978233337e-03,1.158692059107124805e-03
4.835953235626220703e+00,5.755153656005859375e+00,5.235250473022460938e+00,9.999989271163940430e-01,-1.291304011829197407e-03,-5.874452763237059116e-04,4.518840287346392870e-04
5.270102024078369141e+00,5.104418754577636719e+00,4.432844161987304688e+00,9.999351501464843750e-01,7.820889353752136230e-03,7.946938276290893555e-03,2.325555775314569473e-03
7.116631031036376953e+00,6.982620239257812500e+00,3.295136213302612305e+00,9.999999403953552246e-01,3.224909596610814333e-04,-1.265285100089386106e-04,2.973618393298238516e-04
8.105821609497070312e-01,3.489312410354614258e+00,1.471825003623962402e+00,9.999996423721313477e-01,-5.065146833658218384e-04,-7.327700150199234486e-04,2.821260131895542145e-04
4.021945476531982422e+00,7.263345718383789062e+00,6.960631370544433594e+00,9.999976158142089844e-01,-2.051239134743809700e-04,2.195869805291295052e-03,-5.361155490390956402e-05
7.527213692665100098e-01,3.723708152770996094e+00,3.507280588150024414e+00,9.999254941940307617e-01,1.145818270742893219e-03,-9.416931308805942535e-03,7.689836900681257248e-03
1.547641754150390625e+00,8.378268480300903320e-01,6.967286109924316406e+00,9.999996423721313477e-01,6.859396235086023808e-04,-3.821539576165378094e-04,4.753730609081685543e-04
1.161315441131591797e+00,1.202374815940856934e+00,2.664538383483886719e+00,9.999917745590209961e-01,3.986729774624109268e-03,-6.132889393484219909e-05,-7.554591866210103035e-04
5.126048564910888672e+00,2.623000741004943848e-01,4.548637866973876953e+00,9.999066591262817383e-01,-1.125797349959611893e-02,7.697072345763444901e-03,8.170427754521369934e-04
6.971483230590820312e+00,7.328443527221679688e+00,6.257802963256835938e+00,9.999880790710449219e-01,-3.894173074513673782e-03,2.110596105922013521e-04,2.932103117927908897e-03
6.958798408508300781e+00,4.031287670135498047e+00,3.179088592529296875e+00,9.999991655349731445e-01,9.406036042491905391e-06,-7.147937431000173092e-04,-1.094556995667517185e-03
6.606377124786376953e+00,4.669245719909667969e+00,4.007109642028808594e+00,1.000000000000000000e+00,-2.505336597096174955e-04,-2.191206149291247129e-04,2.806018164847046137e-05
6.293296337127685547e+00,4.384269937872886658e-03,3.551196575164794922e+00,9.999998807907104492e-01,2.494940999895334244e-04,-2.075332013191655278e-04,3.887008060701191425e-04
4.770812988281250000e+00,5.234527111053466797e+00,5.474122762680053711e-01,9.999997615814208984e-01,7.954349712235853076e-05,6.704867118969559669e-04,2.481747360434383154e-04
7.108594894409179688e+00,1.106983304023742676e+00,4.871959209442138672e+00,9.999999403953552246e-01,2.044205612037330866e-04,-2.748697588685899973e-04,-2.191983221564441919e-04
4.300369262695312500e+00,5.424437046051025391e+00,6.143802642822265625e+00,1.000000000000000000e+00,-2.696464653126895428e-04,-6.259706424316391349e-06,-3.182265209034085274e-05
6.333347320556640625e+00,1.063395857810974121e+00,2.461580753326416016e+00,9.999998807907104492e-01,2.682395279407501221e-04,-4.345144552644342184e-04,-1.823711645556613803e-04
2.108901262283325195e+00,5.643199920654296875e+00,6.562418937683105469e+00,9.999901056289672852e-01,4.181066527962684631e-03,1.657832908676937222e-04,-1.547829131595790386e-03
5.716511726379394531e+00,5.335360050201416016e+00,5.772761344909667969e+00,9.999985098838806152e-01,6.899924483150243759e-04,1.179457292892038822e-03,1.112680183723568916e-03
1.022602796554565430e+00,5.834039211273193359e+00,6.425941467285156250e+00,9.999898076057434082e-01,-2.451862441375851631e-03,-2.966000931337475777e-03,2.382726874202489853e-03
2.469696044921875000e+00,6.120039939880371094e+00,3.909643650054931641e+00,9.999341964721679688e-01,-1.177405123598873615e-03,1.066150027327239513e-03,1.136418618261814117e-02
4.244713306427001953e+00,2.221486091613769531e+00,4.783513545989990234e+00,1.000000000000000000e+00,-1.663504690441186540e-06,-2.643353655003011227e-04,2.176218549720942974e-04
5.796072006225585938e+00,1.291533350944519043e+00,4.325125217437744141e+00,9.999988079071044922e-01,-6.309417076408863068e-04,1.326769473962485790e-03,-5.756564787589013577e-04
3.215864181518554688e+00,3.437169313430786133e+00,2.194012880325317383e+00,9.999989867210388184e-01,8.681699400767683983e-04,-1.122562098316848278e-03,2.913429925683885813e-04
5.585665702819824219e+00,3.027955770492553711e+00,5.180834293365478516e+00,1.000000000000000000e+00,-2.386953128734603524e-04,1.478092453908175230e-04,-5.935019362368620932e-05
5.315779685974121094e+00,4.989430904388427734e+00,1.129117131233215332e+00,9.999997019767761230e-01,6.124218925833702087e-04,-1.795629941625520587e-04,5.115605890750885010e-04
2.201532125473022461e+00,7.037741661071777344e+00,4.965274333953857422e+00,9.999993443489074707e-01,-6.634311284869909286e-04,9.256017510779201984e-04,-1.716772676445543766e-04
3.134773254394531250e+00,2.443151623010635376e-01,6.447213649749755859e+00,9.999985694885253906e-01,-4.358699952717870474e-04,-4.518206696957349777e-04,-1.564295263960957527e-03
3.987632513046264648e+00,6.499532222747802734e+00,6.073351383209228516e+00,9.999998807907104492e-01,1.489311543991789222e-04,-5.584752652794122696e-04,1.534480543341487646e-04
1.529371023178100586e+00,4.816080570220947266e+00,2.423743724822998047e+00,9.999997615814208984e-01,-5.301306373439729214e-04,-5.701346672140061855e-04,-9.670744475442916155e-05
5.580132484436035156e+00,5.228061676025390625e+00,7.077980041503906250e+00,9.999998807907104492e-01,-5.007271465728990734e-05,-5.785169778391718864e-04,2.288818941451609135e-04
3.286612510681152344e+00,6.383323669433593750e+00,2.796420574188232422e+00,9.999996423721313477e-01,4.905653768219053745e-04,-6.536074797622859478e-04,2.815328480210155249e-04
2.692795038223266602e+00,5.225226402282714844e+00,4.848139286041259766e+00,9.999997019767761230e-01,-3.612318541854619980e-04,6.470225634984672070e-04,5.067383244750089943e-05
4.409779071807861328e+00,8.711352944374084473e-01,4.664355754852294922e+00,9.999325871467590332e-01,6.924368441104888916e-03,8.983138948678970337e-03,2.496520057320594788e-03
2.071025609970092773e+00,1.856818675994873047e+00,2.487445354461669922e+00,9.999988675117492676e-01,1.653553590585943311e-05,-2.229286328656598926e-04,-1.505775842815637589e-03
5.588481903076171875e+00,2.606898784637451172e+00,1.745520353317260742e+00,9.999995827674865723e-01,3.546320076566189528e-04,-2.472537380526773632e-05,9.034730610437691212e-04
3.905076980590820312e+00,8.598110675811767578e-01,2.315468788146972656e+00,9.999998211860656738e-01,-5.356930196285247803e-04,-1.807397638913244009e-04,-2.308443799847736955e-04
9.215954542160034180e-01,2.863993883132934570e+00,1.653307080268859863e+00,9.999980330467224121e-01,1.518436241894960403e-03,-8.582518785260617733e-04,9.975022403523325920e-04
4.267548561096191406e+00,7.278586387634277344e+00,3.217218875885009766e+00,9.999622702598571777e-01,1.044306554831564426e-03,-2.521581482142210007e-03,-8.255821652710437775e-03
4.503436565399169922e+00,4.515036582946777344e+00,3.363177299499511719e+00,9.999945163726806641e-01,-1.669725403189659119e-03,-2.041948260739445686e-03,2.002988476306200027e-03
1.116807579994201660e+00,2.264072418212890625e+00,3.636271476745605469e+00,9.999974370002746582e-01,9.514341363683342934e-04,2.052502008154988289e-03,-1.959555520443245769e-04
2.170975923538208008e+00,3.854964494705200195e+00,6.259687900543212891e+00,9.999917745590209961e-01,2.848778618499636650e-03,-2.831184072420001030e-03,6.159572512842714787e-04
7.286900043487548828e+00,2.335151195526123047e+00,3.924691915512084961e+00,1.000000000000000000e+00,-1.281689037568867207e-04,-1.741882151691243052e-04,-1.064854877768084407e-04
6.734408378601074219e+00,4.114624977111816406e+00,2.699944734573364258e+00,9.999818205833435059e-01,-1.158062485046684742e-03,-1.007250742986798286e-03,-5.844020750373601913e-03
5.174564838409423828e+00,7.104462623596191406e+00,2.012253552675247192e-01,9.999436736106872559e-01,1.434349105693399906e-03,1.016665063798427582e-02,-2.690892433747649193e-03
6.272694587707519531e+00,4.767890930175781250e+00,6.564858913421630859e+00,1.000000000000000000e+00,-7.086034747771918774e-05,2.964424784295260906e-04,4.395957148517481983e-05
1.654163479804992676e+00,5.562397480010986328e+00,5.377438068389892578e+00,9.999997019767761230e-01,3.733335470315068960e-04,-1.589380699442699552e-04,-7.782740867696702480e-04
1.153272390365600586e+00,4.524572372436523438e+00,3.553591251373291016e+00,9.999998807907104492e-01,3.742245899047702551e-04,-3.329749742988497019e-04,2.209824888268485665e-04
7.115488052368164062e+00,6.072787761688232422e+00,5.486328601837158203e+00,9.999878406524658203e-01,1.057622954249382019e-03,2.367064356803894043e-03,4.191876854747533798e-03
2.134409904479980469e+00,3.129038810729980469e+00,7.171121120452880859e+00,9.999982118606567383e-01,-8.806978585198521614e-04,-1.155422301962971687e-03,-1.276877825148403645e-03
2.639930725097656250e+00,4.725263118743896484e+00,6.883132934570312500e+00,9.999997615814208984e-01,-5.374631145969033241e-04,-1.919929491123184562e-04,-4.715801042038947344e-04
2.896003246307373047e+00,3.282645225524902344e+00,2.187619209289550781e+00,9.999999403953552246e-01,2.193302643718197942e-04,2.806629636324942112e-04,-2.109471970470622182e-04
5.222913265228271484e+00,6.351651191711425781e+00,3.255011558532714844e+00,9.999990463256835938e-01,1.255991170182824135e-03,5.160557921044528484e-04,-5.100189009681344032e-04
3.881160259246826172e+00,5.212989330291748047e+00,5.701908111572265625e+00,9.999999403953552246e-01,4.743566969409584999e-04,7.238359103212133050e-05,-2.483139687683433294e-04
3.637909889221191406e+00,5.465645313262939453e+00,5.640608787536621094e+00,9.999988675117492676e-01,9.543922496959567070e-04,-1.020306721329689026e-03,-6.176456809043884277e-04
1.053575634956359863e+00,1.261455863714218140e-01,6.604893684387207031e+00,9.999995827674865723e-01,-7.245437591336667538e-04,3.180226194672286510e-04,-4.704407765530049801e-04
7.409517288208007812e+00,9.729509353637695312e-01,2.207395076751708984e+00,9.999675750732421875e-01,6.287720985710620880e-03,-5.033267196267843246e-03,2.669615787453949451e-04
4.775650203227996826e-01,2.830355167388916016e+00,1.934725046157836914e+00,9.999994635581970215e-01,8.646578644402325153e-04,-7.013307185843586922e-04,3.520977043081074953e-05
6.298247814178466797e+00,5.981152534484863281e+00,3.267609596252441406e+00,9.999996423721313477e-01,4.361817263998091221e-05,-2.562009030953049660e-04,9.062114986591041088e-04
2.947206497192382812e+00,7.277474880218505859e+00,1.718376398086547852e+00,9.999996423721313477e-01,-1.085416515707038343e-04,-8.195888949558138847e-04,-3.329007595311850309e-04
6.764137268066406250e+00,1.601363062858581543e+00,3.945899248123168945e+00,9.998887181282043457e-01,-4.928385838866233826e-03,1.402127556502819061e-02,-1.296965871006250381e-03
6.016313552856445312e+00,5.934431076049804688e+00,6.410368919372558594e+00,9.999994635581970215e-01,-1.254590315511450171e-04,1.003400073386728764e-03,4.101461381651461124e-04
2.283344507217407227e+00,2.090614795684814453e+00,4.657843589782714844e+00,9.999995827674865723e-01,-4.674246883951127529e-04,7.061630603857338428e-04,5.515382508747279644e-04
1.173792600631713867e+00,5.608486533164978027e-01,1.010436177253723145e+00,9.999992847442626953e-01,-6.698301294818520546e-04,-1.001235214062035084e-03,3.569037944544106722e-04
1.750818371772766113e+00,2.582162618637084961e+00,8.067476749420166016e-01,9.999977946281433105e-01,1.889278413727879524e-03,-8.495018701069056988e-04,5.220775492489337921e-04
4.855927526950836182e-01,2.926934719085693359e+00,4.424714088439941406e+00,9.999884963035583496e-01,-9.147736273007467389e-05,3.500341903418302536e-03,-3.277834272012114525e-03
4.577082633972167969e+00,4.148216724395751953e+00,4.645901203155517578e+00,9.999962449073791504e-01,8.871780592016875744e-04,2.022754168137907982e-03,1.618808833882212639e-03
3.374669075012207031e+00,3.327280759811401367e+00,4.062066078186035156e+00,1.000000000000000000e+00,8.513593638781458139e-05,-6.264878902584314346e-05,-3.255651099607348442e-04
2.144428968429565430e+00,3.451338052749633789e+00,3.304154157638549805e+00,9.999999403953552246e-01,1.178841921500861645e-04,2.448283485136926174e-04,-3.661309019662439823e-04
5.041092395782470703e+00,6.122238636016845703e+00,6.616080284118652344e+00,9.999775290489196777e-01,-4.387369845062494278e-03,1.903454889543354511e-03,-4.703116137534379959e-03
6.109188556671142578e+00,1.612500429153442383e+00,6.828843593597412109e+00,1.000000000000000000e+00,1.927748235175386071e-04,-5.173073441255837679e-05,2.138786949217319489e-04
5.646041870117187500e+00,5.991076469421386719e+00,4.982082843780517578e+00,9.999520182609558105e-01,-1.537192263640463352e-03,-8.058024570345878601e-03,5.366733763366937637e-03
2.065498828887939453e+00,5.512500286102294922e+00,7.172165393829345703e+00,9.999841451644897461e-01,-8.078774553723633289e-04,5.567971151322126389e-03,4.512299492489546537e-04
4.360404491424560547e+00,4.367825508117675781e+00,5.151137351989746094e+00,9.999919533729553223e-01,-3.545099170878529549e-03,1.826599356718361378e-03,5.801308434456586838e-04
7.077179908752441406e+00,8.330222368240356445e-01,2.283868074417114258e+00,9.999973773956298828e-01,-8.273285930044949055e-04,-2.141583245247602463e-03,2.874085621442645788e-04
4.434451103210449219e+00,7.408276081085205078e+00,2.033622741699218750e+00,9.999572038650512695e-01,-1.137857325375080109e-03,-7.094287313520908356e-03,-5.837276112288236618e-03
6.913604259490966797e+00,1.984919309616088867e+00,4.503076076507568359e+00,9.999998211860656738e-01,3.889082581736147404e-04,-2.572137454990297556e-04,-5.458549712784588337e-04
6.075915336608886719e+00,7.041146755218505859e+00,3.421759605407714844e+00,9.999994635581970215e-01,8.652910473756492138e-04,-5.865586572326719761e-04,-2.009289746638387442e-04
7.025620460510253906e+00,1.319060802459716797e+00,3.831151247024536133e+00,9.999988079071044922e-01,1.907255646074190736e-04,1.061539631336927414e-03,-1.105934381484985352e-03
4.405334472656250000e+00,6.881618976593017578e+00,7.454806804656982422e+00,9.999864697456359863e-01,-1.930299913510680199e-03,4.830635152757167816e-03,9.698372014099732041e-05
4.385957717895507812e+00,6.938905715942382812e+00,5.019454479217529297e+00,9.999969601631164551e-01,2.249761251732707024e-03,9.938605362549424171e-04,-1.616060035303235054e-04
1.159607529640197754e+00,4.540404319763183594e+00,1.782854199409484863e+00,9.999998211860656738e-01,2.380011210334487259e-05,-4.044371307827532291e-04,-4.427519743330776691e-04
4.842427730560302734e+00,5.807772636413574219e+00,4.906806945800781250e+00,9.999977946281433105e-01,-2.033696044236421585e-03,-3.444362373556941748e-04,5.281386547721922398e-04
3.755543231964111328e+00,1.787682771682739258e+00,6.283292770385742188e+00,9.999997615814208984e-01,-3.011753724422305822e-04,6.632222793996334076e-04,-1.161932596005499363e-04
6.897481441497802734e+00,5.849477767944335938e+00,6.542728900909423828e+00,9.999985694885253906e-01,-1.037062844261527061e-03,4.068562702741473913e-04,1.326838508248329163e-03
3.727761268615722656e+00,2.624401807785034180e+00,3.737606763839721680e+00,9.999998807907104492e-01,-1.982861476790276356e-06,-5.642765318043529987e-04,1.220017875311896205e-04
3.437392950057983398e+00,3.421376705169677734e+00,1.222197055816650391e+00,9.999999403953552246e-01,-4.648517915484262630e-06,-2.673492708709090948e-04,3.907185746356844902e-04
3.763785839080810547e+00,4.252452373504638672e+00,7.193735122680664062e+00,9.999992251396179199e-01,-2.516355889383703470e-04,1.115500461310148239e-03,-5.699508474208414555e-04
3.359074354171752930e+00,7.258032798767089844e+00,1.562779307365417480e+00,9.999994039535522461e-01,-9.864992462098598480e-04,-4.699093697126954794e-04,-3.354579675942659378e-04
3.105658531188964844e+00,2.887060165405273438e+00,6.959658145904541016e+00,1.000000000000000000e+00,1.283226592931896448e-04,1.985902927117422223e-04,1.296954287681728601e-04
5.027505874633789062e+00,3.220698118209838867e+00,1.946190595626831055e+00,9.999995231628417969e-01,1.010164618492126465e-03,7.979170186445116997e-05,1.416042505297809839e-04
2.453326225280761719e+00,3.573528289794921875e+00,6.380617141723632812e+00,9.999956488609313965e-01,-2.744632540270686150e-03,-1.059874193742871284e-03,4.158919036854058504e-04
3.844832658767700195e+00,1.411107182502746582e+00,3.015285730361938477e+00,9.999999403953552246e-01,-1.138588777394033968e-04,-3.407727344892919064e-04,-3.146985545754432678e-04
5.681237697601318359e+00,3.904376745223999023e+00,5.251405715942382812e+00,9.999997019767761230e-01,4.658973193727433681e-04,5.670756800100207329e-04,3.913872351404279470e-04
6.006670475006103516e+00,6.651381015777587891e+00,5.612743854522705078e+00,9.999998807907104492e-01,-1.030620769597589970e-04,5.793261807411909103e-04,-1.656304666539654136e-04
3.409579992294311523e+00,6.657002925872802734e+00,3.304419994354248047e+00,9.999998211860656738e-01,-5.867647705599665642e-04,3.557013696990907192e-04,4.447729224921204150e-05
5.003235340118408203e+00,1.367730617523193359e+00,4.606438159942626953e+00,9.999988675117492676e-01,7.946652476675808430e-04,-9.599952609278261662e-04,-9.563679923303425312e-04
8.625625371932983398e-01,4.803138971328735352e-01,1.297155261039733887e+00,9.999996423721313477e-01,3.651163715403527021e-04,-5.396325723268091679e-04,6.776943919248878956e-04
7.309247016906738281e+00,4.258626937866210938e+00,1.153026342391967773e+00,1.000000000000000000e+00,1.397417072439566255e-04,1.485284592490643263e-04,-3.676142077893018723e-04
3.103796243667602539e+00,5.703743934631347656e+00,2.243007898330688477e+00,9.999569058418273926e-01,-4.320265725255012512e-03,-2.172547247027978301e-04,8.216122165322303772e-03
2.816585779190063477e+00,5.538255214691162109e+00,5.881967067718505859e+00,1.000000000000000000e+00,2.944439765997231007e-04,-1.943607931025326252e-04,1.921866787597537041e-04
1.225599884986877441e+00,1.857234239578247070e+00,1.057915836572647095e-01,9.999924302101135254e-01,-5.645807250402867794e-04,-2.515939762815833092e-03,-2.942245220765471458e-03
4.473356246948242188e+00,2.856767654418945312e+00,3.419948577880859375e+00,9.999980926513671875e-01,-5.283352802507579327e-04,6.650646682828664780e-04,-1.787166809663176537e-03
1.013087153434753418e+00,1.688771963119506836e+00,6.900415420532226562e+00,9.999991655349731445e-01,9.722586837597191334e-04,9.682878953753970563e-06,-9.066403727047145367e-04
4.565935611724853516e+00,6.292414665222167969e+00,4.310625076293945312e+00,9.999982118606567383e-01,1.763593172654509544e-03,4.944163374602794647e-04,-5.800233921036124229e-04
4.433176517486572266e+00,2.927919328212738037e-01,7.463917255401611328e+00,9.999950528144836426e-01,6.547038210555911064e-04,5.028916639275848866e-04,3.061815630644559860e-03
1.908783912658691406e+00,3.146055459976196289e+00,1.691823482513427734e+00,9.999955296516418457e-01,-6.379295373335480690e-04,2.933283336460590363e-03,-1.460529892938211560e-04
7.148795127868652344e+00,2.633860111236572266e+00,4.635026156902313232e-01,9.999998807907104492e-01,4.510875151026993990e-04,3.369283513166010380e-04,-2.568690979387611151e-04
4.162398815155029297e+00,6.773240566253662109e+00,1.928701400756835938e-01,9.999774098396301270e-01,-3.047532169148325920e-03,2.852628240361809731e-03,-5.267311353236436844e-03
3.804128885269165039e+00,2.959333658218383789e+00,3.933757305145263672e+00,9.999999403953552246e-01,5.154560858500190079e-05,-4.639838007278740406e-04,1.492462179157882929e-04
1.907276034355163574e+00,9.533400535583496094e-01,3.142714977264404297e+00,9.999930858612060547e-01,2.502672374248504639e-03,1.976111438125371933e-03,1.911766827106475830e-03
1.771281599998474121e+00,3.336570560932159424e-01,1.761758565902709961e+00,9.999966621398925781e-01,7.005917141214013100e-04,2.395549090579152107e-03,-7.373935659416019917e-04
3.892522811889648438e+00,6.462778091430664062e+00,1.545718312263488770e+00,1.000000000000000000e+00,6.679364014416933060e-05,4.966448614140972495e-05,1.883078657556325197e-04
2.370046377182006836e+00,6.686149120330810547e+00,2.030768871307373047e+00,1.000000000000000000e+00,3.740599640877917409e-05,2.706821251194924116e-04,9.911182860378175974e-05
4.001225471496582031e+00,4.235729217529296875e+00,6.556958675384521484e+00,9.999874234199523926e-01,-2.877363236621022224e-03,1.133260666392743587e-03,3.960835281759500504e-03
6.457867145538330078e+00,1.014448523521423340e+00,8.343705534934997559e-01,9.999993443489074707e-01,2.925961453001946211e-04,-1.132898149080574512e-03,-1.156471043941564858e-04
1.422691106796264648e+00,2.350174188613891602e+00,4.773782253265380859e+00,9.999991059303283691e-01,3.487298672553151846e-04,-1.186086446978151798e-03,-4.276907711755484343e-04
2.449971437454223633e+00,6.544361114501953125e+00,1.635056138038635254e+00,9.999998211860656738e-01,-2.809573488775640726e-04,-4.727139312308281660e-04,3.306761209387332201e-04
5.726411819458007812e+00,4.939486384391784668e-01,2.247382104396820068e-01,9.999907612800598145e-01,-2.150918589904904366e-03,-2.364696469157934189e-03,2.861687215045094490e-03
4.757875442504882812e+00,1.975983500480651855e+00,7.346813678741455078e+00,9.999904632568359375e-01,-9.119965252466499805e-04,-3.370282007381320000e-03,2.610355149954557419e-03
5.003673553466796875e+00,2.719563722610473633e+00,2.339619398117065430e+00,9.999992251396179199e-01,-5.886204307898879051e-04,3.500976599752902985e-04,1.074272673577070236e-03
5.436728477478027344e+00,5.052781581878662109e+00,3.227923393249511719e+00,9.999961853027343750e-01,-1.145778223872184753e-03,2.106856845784932375e-04,2.530225319787859917e-03
2.096299171447753906e+00,3.646565914154052734e+00,1.075235724449157715e+00,9.999997019767761230e-01,8.134330855682492256e-04,-1.295925612794235349e-04,-2.514857624191790819e-04
7.094491958618164062e+00,2.404112815856933594e+00,4.232442378997802734e+00,9.999995827674865723e-01,-3.616659960243850946e-04,-8.975829405244439840e-05,-8.040793472900986671e-04
6.488432884216308594e+00,1.694170713424682617e+00,5.489863395690917969e+00,9.998691082000732422e-01,-1.140089705586433411e-02,1.013293955475091934e-02,5.396428052335977554e-03
1.618725299835205078e+00,3.139433622360229492e+00,1.499123454093933105e+00,9.999970197677612305e-01,5.844919942319393158e-04,-1.481430605053901672e-03,-1.834716880694031715e-03
5.434051513671875000e+00,1.223430752754211426e+00,3.480124950408935547e+00,9.999998807907104492e-01,3.340513212606310844e-04,-2.698749594856053591e-04,3.437980485614389181e-04
2.804433345794677734e+00,6.295685172080993652e-01,6.782268047332763672e+00,9.999998807907104492e-01,4.961891681887209415e-04,-3.138906322419643402e-04,-1.374283965560607612e-05
1.125530600547790527e+00,6.429863929748535156e+00,4.753698110580444336e-01,9.999997019767761230e-01,-6.843768060207366943e-04,3.656440821941941977e-04,-3.344865690451115370e-04
5.327763080596923828e+00,4.071063041687011719e+00,5.247568607330322266e+00,9.999734759330749512e-01,-6.928715854883193970e-03,7.046043174341320992e-04,-2.141145057976245880e-03
1.044876456260681152e+00,6.413048267364501953e+00,1.290565371513366699e+00,9.999992251396179199e-01,8.588517666794359684e-04,3.761533880606293678e-04,-9.259986109100282192e-04
6.360475540161132812e+00,2.734365224838256836e+00,3.183757305145263672e+00,9.999999403953552246e-01,-4.187157319393008947e-04,2.170045263483189046e-05,-2.565978793427348137e-04
3.402716875076293945e+00,6.456245183944702148e-01,2.319179534912109375e+00,9.999997615814208984e-01,-7.175438804551959038e-04,5.608090941677801311e-05,-2.716168819461017847e-04
7.230687141418457031e+00,3.908071756362915039e+00,1.555235624313354492e+00,1.000000000000000000e+00,-1.348085788777098060e-04,2.899982064263895154e-05,-2.537326654419302940e-04
6.204157829284667969e+00,7.924602627754211426e-01,1.967082381248474121e+00,9.999997019767761230e-01,2.205600321758538485e-04,-5.743506480939686298e-04,4.306960036046802998e-04
5.513096332550048828e+00,7.490030765533447266e+00,7.312648296356201172e+00,9.999306201934814453e-01,5.022355820983648300e-03,-1.062680687755346298e-02,-8.109997143037617207e-04
5.530677318572998047e+00,1.585043191909790039e+00,2.378277301788330078e+00,9.999943971633911133e-01,3.152269637212157249e-03,-2.483354182913899422e-04,1.108095049858093262e-03
5.152288436889648438e+00,1.255010843276977539e+00,6.161298751831054688e+00,1.000000000000000000e+00,-1.242663438461022452e-05,1.789961534086614847e-04,7.922879740362986922e-05
4.096824169158935547e+00,7.242931365966796875e+00,5.243321895599365234e+00,9.999988675117492676e-01,6.971146212890744209e-04,1.182602485641837120e-03,-7.529379799962043762e-04
2.976343035697937012e-01,2.595835924148559570e+00,5.985888957977294922e+00,1.000000000000000000e+00,1.335560518782585859e-04,-3.095852152910083532e-04,-9.038494317792356014e-05
7.338142871856689453e+00,2.806381702423095703e+00,4.600537776947021484e+00,9.999996423721313477e-01,-5.139778950251638889e-04,6.147400126792490482e-04,2.895721117965877056e-04
2.800133705139160156e+00,2.354954481124877930e+00,4.799093723297119141e+00,9.999373555183410645e-01,-5.273462156765162945e-04,-1.563004683703184128e-03,-1.107481587678194046e-02
1.293564081192016602e+00,4.903999328613281250e+00,1.558745503425598145e+00,9.999850988388061523e-01,-4.071431467309594154e-04,-4.495694302022457123e-03,-3.070608712732791901e-03
2.319832801818847656e+00,6.001186847686767578e+00,6.196823120117187500e+00,9.999998211860656738e-01,4.122653626836836338e-04,2.067878958769142628e-04,4.819717141799628735e-04
6.136896610260009766e+00,1.893188476562500000e+00,7.170566558837890625e+00,9.999824166297912598e-01,1.517317956313490868e-03,-4.647645400837063789e-04,5.716135259717702866e-03
4.760250747203826904e-01,1.313697338104248047e+00,6.048583984375000000e+00,9.999977350234985352e-01,-2.904895518440753222e-04,-8.218715083785355091e-04,-1.975869061425328255e-03
1.372800469398498535e+00,2.124546527862548828e+00,2.206522226333618164e+00,1.000000000000000000e+00,1.490419235778972507e-04,-3.273764741607010365e-04,-4.618538878276012838e-05
2.211778163909912109e+00,6.558092117309570312e+00,5.270486354827880859e+00,9.999883174896240234e-01,2.280401531606912613e-03,-4.242627415806055069e-03,-3.957356966566294432e-04
1.652819752693176270e+00,5.026448726654052734e+00,8.248280286788940430e-01,9.999123811721801758e-01,1.229758374392986298e-02,-3.987272270023822784e-03,-2.854701131582260132e-03
1.832844018936157227e+00,2.211492538452148438e+00,6.086371421813964844e+00,9.999957680702209473e-01,-2.015290316194295883e-03,2.015320817008614540e-03,-6.775051588192582130e-04
1.335736751556396484e+00,6.885855197906494141e+00,2.512351512908935547e+00,9.999960064888000488e-01,2.770821098238229752e-03,5.628402577713131905e-04,3.939928719773888588e-04
5.686841011047363281e+00,1.490348339080810547e+00,8.319910764694213867e-01,9.999946355819702148e-01,1.062418916262686253e-03,1.691138604655861855e-03,-2.607395872473716736e-03
5.413760185241699219e+00,1.133201122283935547e+00,3.998544931411743164e+00,1.000000000000000000e+00,6.217783084139227867e-05,-5.970952406642027199e-05,2.860746171791106462e-04
6.358601093292236328e+00,2.719055116176605225e-01,3.031398773193359375e+00,1.000000000000000000e+00,1.300046005781041458e-05,-3.343178832437843084e-05,2.336197358090430498e-04
3.579358577728271484e+00,7.153024196624755859e+00,1.199789166450500488e+00,9.999763965606689453e-01,-3.772226395085453987e-03,5.291842855513095856e-03,2.237772103399038315e-03
4.338731288909912109e+00,4.690642356872558594e+00,5.657894611358642578e+00,9.999519586563110352e-01,-4.994929302483797073e-03,7.511600386351346970e-03,3.828468499705195427e-03
7.178935527801513672e+00,6.910972595214843750e+00,5.184998512268066406e+00,9.999997019767761230e-01,2.108460321323946118e-04,-6.617546896450221539e-04,-4.528951540123671293e-04
5.465834140777587891e+00,6.951088905334472656e+00,2.166706323623657227e+00,1.000000000000000000e+00,-2.199188311351463199e-04,-6.099388428992824629e-06,4.007266034022904932e-05
7.431543350219726562e+00,2.401326417922973633e+00,7.473665237426757812e+00,9.999999403953552246e-01,3.344152937643229961e-04,2.516952517908066511e-04,-1.108031865442171693e-04
4.717767715454101562e+00,7.170717120170593262e-01,7.147153615951538086e-01,9.999870061874389648e-01,-1.138398540206253529e-03,2.397975651547312737e-03,-4.361972678452730179e-03
1.126377582550048828e-01,2.035078287124633789e+00,4.666198730468750000e+00,9.999810457229614258e-01,-4.146335646510124207e-03,-7.409578538499772549e-04,-4.496153444051742554e-03
6.979887962341308594e+00,1.157744884490966797e+00,9.436410665512084961e-01,1.000000000000000000e+00,8.745419472688809037e-05,-1.417107851011678576e-04,-2.424673730274662375e-04
9.540443867444992065e-02,5.840941905975341797e+00,2.337282419204711914e+00,9.999979138374328613e-01,-1.377112930640578270e-03,-1.537090283818542957e-03,-1.953843748196959496e-04
3.203302145004272461e+00,2.796240091323852539e+00,4.997857093811035156e+00,9.999991655349731445e-01,8.996597607620060444e-04,-1.120933447964489460e-04,-9.883712045848369598e-04
3.468976616859436035e-01,1.298980116844177246e+00,6.382654666900634766e+00,9.999998211860656738e-01,2.105114253936335444e-04,-5.216556746745482087e-05,-6.726942956447601318e-04
6.064687252044677734e+00,4.838499546051025391e+00,4.991051554679870605e-01,9.999998807907104492e-01,3.580997290555387735e-04,-9.610465349396690726e-05,-5.315458984114229679e-04
2.429195404052734375e+00,6.647689819335937500e+00,5.041154861450195312e+00,9.999018311500549316e-01,1.052825618535280228e-02,-8.841235190629959106e-03,-2.729296451434493065e-03
2.213704109191894531e+00,1.157140254974365234e+00,5.029042437672615051e-02,9.999998807907104492e-01,4.616698715835809708e-04,7.920355710666626692e-05,-3.122456255368888378e-04
3.029325485229492188e+00,9.658772349357604980e-01,2.368748486042022705e-01,9.999997615814208984e-01,5.958547699265182018e-04,-4.100621299585327506e-05,-5.073720822110772133e-04
3.674714565277099609e+00,6.632176876068115234e+00,4.505078315734863281e+00,9.999973773956298828e-01,4.602069675456732512e-04,2.123891143128275871e-03,-7.639604737050831318e-04
5.168695926666259766e+00,7.022399902343750000e+00,7.390898227691650391e+00,9.998824596405029297e-01,-1.295511703938245773e-02,8.197641931474208832e-03,3.493148251436650753e-04
4.036808967590332031e+00,4.132268428802490234e+00,3.589234352111816406e+00,9.999924898147583008e-01,-2.953814808279275894e-03,-2.500643953680992126e-03,3.444205503910779953e-05
7.240814208984375000e+00,4.580778598785400391e+00,6.816510677337646484e+00,1.000000000000000000e+00,-5.153507663635537028e-05,-3.772354102693498135e-04,4.589193849824368954e-05
4.600768566131591797e+00,1.188759565353393555e+00,7.489814281463623047e+00,9.999943375587463379e-01,2.823711372911930084e-03,-1.147628354374319315e-04,1.878796378150582314e-03
7.083995819091796875e+00,7.278025627136230469e+00,5.743734836578369141e+00,9.999998807907104492e-01,5.294954171404242516e-04,-2.939123660326004028e-04,-2.758675254881381989e-04
7.266537189483642578e+00,1.436685919761657715e+00,3.344395875930786133e+00,9.999977946281433105e-01,-2.334821765543892980e-04,1.161394291557371616e-03,-1.748996903188526630e-03
1.619992256164550781e+00,3.131248474121093750e+00,7.240646839141845703e+00,1.000000000000000000e+00,-2.198663132730871439e-04,-1.422857749275863171e-04,9.996146400226280093e-05
4.717827320098876953e+00,1.016989588737487793e+00,6.023723602294921875e+00,1.000000000000000000e+00,9.817790123634040356e-05,1.287546037929132581e-04,5.456218059407547116e-05
7.213249683380126953e+00,6.730340957641601562e+00,2.930059432983398438e+00,1.000000000000000000e+00,1.194447831949219108e-04,-9.975124703487381339e-05,3.552563430275768042e-05
1.804264783859252930e+00,1.844870924949645996e+00,3.239848136901855469e+00,1.000000000000000000e+00,5.790484647150151432e-05,2.431183966109529138e-04,-2.698446915019303560e-04
1.461901664733886719e-01,1.778141498565673828e+00,6.072455883026123047e+00,9.999998807907104492e-01,-6.480477168224751949e-05,-9.692816092865541577e-05,-5.504349246621131897e-04
2.122996330261230469e+00,2.400046110153198242e+00,3.939895331859588623e-01,9.999947547912597656e-01,5.546524189412593842e-04,-1.419653854100033641e-04,3.202671185135841370e-03
5.882327556610107422e-01,2.783586502075195312e+00,5.013807773590087891e+00,9.999631643295288086e-01,4.793380387127399445e-03,6.076467689126729965e-03,-3.725034650415182114e-03
1.642383575439453125e+00,6.176008224487304688e+00,5.510262012481689453e+00,9.999988675117492676e-01,-2.064060936390887946e-05,-1.304484670981764793e-03,-7.242354913614690304e-04
5.820580005645751953e+00,4.755299091339111328e+00,5.687870025634765625e+00,9.999997019767761230e-01,-1.763458421919494867e-04,4.884093650616705418e-04,6.366923917084932327e-04
2.742421388626098633e+00,1.064528822898864746e+00,4.525384426116943359e+00,9.999998211860656738e-01,5.485055153258144855e-04,-3.101606853306293488e-04,-1.343487820122390985e-04
2.681284427642822266e+00,3.158441305160522461e+00,5.170529842376708984e+00,9.999993443489074707e-01,1.031467225402593613e-03,3.669079887913540006e-05,-5.800740327686071396e-04
7.274721622467041016e+00,5.546684265136718750e-01,7.372700214385986328e+00,9.999693036079406738e-01,-3.396546700969338417e-03,1.654197811149060726e-03,-6.866790819913148880e-03
2.509999275207519531e+00,5.645238399505615234e+00,8.687483072280883789e-01,9.999998211860656738e-01,3.073321713600307703e-04,3.240071528125554323e-04,-4.759217845275998116e-04
1.173078894615173340e+00,6.426686286926269531e+00,5.725941658020019531e+00,9.999920129776000977e-01,3.762150183320045471e-03,-1.079053850844502449e-03,-7.662671850994229317e-04
2.101013422012329102e+00,2.577410936355590820e+00,3.044593334197998047e+00,9.999991655349731445e-01,-6.527828518301248550e-04,-1.095889369025826454e-03,-2.237492299173027277e-04
3.626386165618896484e+00,7.244430065155029297e+00,4.188379287719726562e+00,9.999998211860656738e-01,-7.246286259032785892e-04,1.600296382093802094e-04,8.532340143574401736e-05
2.620602607727050781e+00,5.109363555908203125e+00,4.204944133758544922e+00,9.999998807907104492e-01,-3.893646062351763248e-04,-4.926191177219152451e-04,1.496716577094048262e-04
2.381429433822631836e+00,4.094595313072204590e-01,2.242858171463012695e+00,9.999997019767761230e-01,-6.261462840484455228e-05,6.063569453544914722e-04,-5.668451776728034019e-04
2.286373376846313477e+00,6.348137259483337402e-01,3.636752605438232422e+00,9.999992847442626953e-01,-3.141372581012547016e-04,-1.218303106725215912e-03,-7.834628195269033313e-05
4.758039474487304688e+00,5.576176643371582031e+00,3.766373634338378906e+00,9.999996423721313477e-01,6.340544205158948898e-04,5.925596924498677254e-04,-3.358517133165150881e-04
5.672186374664306641e+00,3.797224760055541992e-01,7.387336730957031250e+00,9.999847412109375000e-01,-3.843094687908887863e-03,1.045227167196571827e-03,3.840750316157937050e-03
7.920358180999755859e-01,5.653033852577209473e-01,4.427798271179199219e+00,9.999992251396179199e-01,-1.555610651848837733e-04,1.249450375325977802e-03,1.932931336341425776e-04
2.741982460021972656e+00,3.413048028945922852e+00,4.954074382781982422e+00,9.999997615814208984e-01,3.997665480710566044e-04,-2.952660433948040009e-04,-5.943547002971172333e-04
4.873409748077392578e+00,6.860794544219970703e+00,6.980698585510253906e+00,9.999884366989135742e-01,1.945203403010964394e-04,4.146036226302385330e-03,-2.450274070724844933e-03
1.838130593299865723e+00,3.462558031082153320e+00,2.254812002182006836e+00,9.999992847442626953e-01,-6.908869254402816296e-04,-8.919050742406398058e-06,-1.019721850752830505e-03
5.512970924377441406e+00,6.879191875457763672e+00,3.125318527221679688e+00,9.999994635581970215e-01,-9.138383902609348297e-04,-3.922843898180872202e-04,3.239532816223800182e-05
3.881349086761474609e+00,5.531338691711425781e+00,2.563617467880249023e+00,1.000000000000000000e+00,1.260941644432023168e-04,2.143866004189476371e-04,-7.327471394091844559e-05
3.578900575637817383e+00,4.304366111755371094e+00,1.641810536384582520e+00,9.999956488609313965e-01,-8.550041238777339458e-04,1.409596065059304237e-03,2.438511000946164131e-03
4.289709568023681641e+00,1.150443553924560547e+00,7.054543972015380859e+00,9.999988675117492676e-01,-1.607011654414236546e-04,1.344111165963113308e-03,7.206659065559506416e-04
1.985098600387573242e+00,5.908169150352478027e-01,4.233040332794189453e+00,9.999991655349731445e-01,-8.574328967370092869e-04,-8.826809935271739960e-04,5.242217448540031910e-04
3.059402704238891602e+00,2.403928279876708984e+00,6.650274753570556641e+00,9.999998211860656738e-01,3.622702497523277998e-04,5.549315828830003738e-04,1.191388364532031119e-04
1.682038545608520508e+00,4.591431140899658203e+00,6.196369647979736328e+00,9.999806880950927734e-01,2.677104668691754341e-03,5.557245109230279922e-03,8.251761901192367077e-04
6.768934726715087891e-01,1.089187026023864746e+00,5.517298579216003418e-01,9.999688267707824707e-01,-2.496915112715214491e-04,4.708879278041422367e-04,-7.882231846451759338e-03
4.327683448791503906e+00,3.342652797698974609e+00,5.460651874542236328e+00,9.999784827232360840e-01,-2.557979896664619446e-03,-5.498014856129884720e-03,2.533633727580308914e-03
2.377012968063354492e+00,7.466889381408691406e+00,1.572402380406856537e-02,1.000000000000000000e+00,-2.727636601775884628e-04,-1.226322638103738427e-04,1.498050405643880367e-04
1.929765701293945312e+00,2.835475683212280273e+00,2.336243152618408203e+00,9.999743700027465820e-01,4.402070306241512299e-03,4.382678773254156113e-03,-3.575774375349283218e-03
3.125597715377807617e+00,1.430150866508483887e+00,7.859244942665100098e-01,9.999727606773376465e-01,-5.776042817160487175e-04,1.122065354138612747e-03,7.279508747160434723e-03
1.310406446456909180e+00,2.168429374694824219e+00,6.721731185913085938e+00,9.999644756317138672e-01,-2.749786246567964554e-03,-4.797672852873802185e-03,6.362500600516796112e-03
1.625819921493530273e+00,1.822811216115951538e-01,5.469237327575683594e+00,9.999979138374328613e-01,1.007375423796474934e-03,-1.783974934369325638e-03,-3.519197707646526396e-05
3.339980840682983398e+00,2.650389432907104492e+00,2.743521690368652344e+00,9.999231696128845215e-01,3.466427093371748924e-03,-1.172601617872714996e-02,2.057726262137293816e-03
5.180190086364746094e+00,2.540045976638793945e+00,5.854917764663696289e-01,9.999994039535522461e-01,-2.196231653215363622e-04,5.809281719848513603e-04,9.675400215201079845e-04
6.462273597717285156e+00,9.519720673561096191e-01,4.340254783630371094e+00,9.999983906745910645e-01,-1.447789254598319530e-03,7.418355671688914299e-04,8.700901526026427746e-04
4.374495029449462891e+00,5.884850978851318359e+00,6.102914333343505859e+00,1.000000000000000000e+00,-2.268722309963777661e-04,-2.633279655128717422e-04,-1.688686825218610466e-05
6.544681072235107422e+00,1.001031249761581421e-01,5.870501518249511719e+00,9.999970197677612305e-01,2.355417935177683830e-03,6.475356058217585087e-04,-6.783371645724400878e-06
5.036218166351318359e+00,4.956208705902099609e+00,3.691492795944213867e+00,9.999995827674865723e-01,-9.697833447717130184e-04,9.365833102492615581e-05,-1.968000287888571620e-04
6.243905544281005859e+00,1.902351021766662598e+00,5.430587768554687500e+00,9.999589323997497559e-01,2.121752128005027771e-03,6.920488085597753525e-04,-8.791875094175338745e-03
4.075081348419189453e+00,3.886892318725585938e+00,4.366589546203613281e+00,9.999997019767761230e-01,7.132310420274734497e-04,2.137311821570619941e-04,1.194121214211918414e-04
1.761600017547607422e+00,1.986488342285156250e+00,4.511977195739746094e+00,1.000000000000000000e+00,-2.820825902745127678e-04,-2.392785972915589809e-04,-2.095216623274609447e-04
1.785114884376525879e+00,9.632889032363891602e-01,5.316583514213562012e-01,9.999995231628417969e-01,5.055865622125566006e-04,-1.786403008736670017e-04,-7.945919060148298740e-04
6.372439384460449219e+00,8.891019225120544434e-02,6.717226505279541016e-01,9.999997019767761230e-01,-3.246261330787092447e-04,-6.410952191799879074e-04,-4.760398005601018667e-04
4.013259887695312500e+00,1.726232767105102539e+00,5.935689926147460938e+00,9.999995827674865723e-01,-5.487771122716367245e-04,5.311853019520640373e-04,-4.198694950900971889e-04
4.103994667530059814e-01,2.793204784393310547e+00,6.923587322235107422e+00,9.999998211860656738e-01,5.466102156788110733e-04,1.613749627722427249e-04,-3.797870595008134842e-04
6.901289939880371094e+00,5.298729896545410156e+00,1.057173125445842743e-02,9.998626112937927246e-01,7.931791245937347412e-03,1.437367126345634460e-02,-2.295101527124643326e-03
3.535803318023681641e+00,1.512795448303222656e+00,3.231578111648559570e+00,9.999995827674865723e-01,9.452233789488673210e-04,-1.105113406083546579e-04,3.046994388569146395e-04
2.782062888145446777e-01,3.208844423294067383e+00,6.080631256103515625e+00,1.000000000000000000e+00,-1.800781610654667020e-04,-1.027253456413745880e-04,-1.115292179747484624e-04
1.008027315139770508e+00,2.861611604690551758e+00,4.699361324310302734e+00,9.999957680702209473e-01,1.861300785094499588e-03,-7.097223424352705479e-04,2.116745337843894958e-03
1.472821950912475586e+00,5.585129261016845703e+00,6.872576713562011719e+00,9.999979138374328613e-01,-7.066895341267809272e-05,1.404633745551109314e-03,-1.512035960331559181e-03
7.088243007659912109e+00,4.987809181213378906e+00,1.998528361320495605e+00,9.999936223030090332e-01,-2.774395514279603958e-03,-1.867955201305449009e-03,-1.299299299716949463e-03
2.423490047454833984e+00,4.706248760223388672e+00,5.151863574981689453e+00,9.999997019767761230e-01,1.070058351615443826e-04,-7.289611676242202520e-05,8.139555575326085091e-04
1.764578938484191895e+00,5.762798711657524109e-02,4.584084510803222656e+00,9.999980330467224121e-01,-6.500505696749314666e-05,-1.992871752008795738e-03,-3.605680831242352724e-04
1.267012476921081543e+00,4.392811298370361328e+00,2.670730113983154297e+00,9.999998807907104492e-01,-2.822839305736124516e-04,-5.318740149959921837e-04,2.514864172553643584e-05
1.328986525535583496e+00,2.765806198120117188e+00,1.275249481201171875e+00,9.998681545257568359e-01,3.420464228838682175e-03,8.236252702772617340e-03,-1.357705798000097275e-02
9.669939279556274414e-01,3.065553188323974609e+00,2.092499494552612305e+00,9.999995827674865723e-01,6.002066074870526791e-04,-7.898900075815618038e-04,3.791756898863241076e-05
7.111940860748291016e+00,7.413328289985656738e-01,6.768110752105712891e+00,9.999743103981018066e-01,-7.078340277075767517e-03,5.926495650783181190e-04,1.033210079185664654e-03
2.163932085037231445e+00,3.203588962554931641e+00,5.575829505920410156e+00,9.999869465827941895e-01,3.117451444268226624e-03,-4.040584899485111237e-03,-2.215460845036432147e-04
7.307348251342773438e+00,5.485074520111083984e+00,3.453712940216064453e+00,9.999998807907104492e-01,4.008389078080654144e-05,-4.305496113374829292e-04,2.939122787211090326e-04
1.006993532180786133e+00,6.869547843933105469e+00,2.113781452178955078e+00,9.999850988388061523e-01,9.691097657196223736e-04,-5.049401894211769104e-03,-1.850406290031969547e-03
3.257836103439331055e+00,6.240225315093994141e+00,4.606585979461669922e+00,9.999997615814208984e-01,3.064313787035644054e-04,5.569130298681557178e-04,-4.310061631258577108e-04
2.880764007568359375e-01,6.888285636901855469e+00,6.684912681579589844e+00,9.999949336051940918e-01,1.214325544424355030e-03,-7.737536361673846841e-05,-2.951432717964053154e-03
1.640384435653686523e+00,3.468189716339111328e+00,3.003347158432006836e+00,9.999998807907104492e-01,-1.601067051524296403e-04,2.773837477434426546e-04,-5.142659647390246391e-04
1.285524249076843262e+00,1.166645765304565430e+00,4.524826526641845703e+00,9.997954964637756348e-01,5.937598180025815964e-03,-1.534101739525794983e-02,1.176478806883096695e-02
6.775668144226074219e+00,6.689012527465820312e+00,1.075870871543884277e+00,9.999998211860656738e-01,4.506710101850330830e-04,-3.182822183589451015e-05,4.979388322681188583e-04
3.751630306243896484e+00,4.085295677185058594e+00,6.695040702819824219e+00,9.999650120735168457e-01,6.193510256707668304e-03,3.090445185080170631e-03,-4.707837942987680435e-03
1.871520757675170898e+00,6.980168819427490234e+00,3.686273336410522461e+00,9.999939203262329102e-01,-2.837803680449724197e-03,-1.950613921508193016e-03,-6.772609776817262173e-04
8.140974044799804688e-01,1.737600445747375488e+00,4.073066234588623047e+00,9.999987483024597168e-01,1.180558814667165279e-03,9.698302601464092731e-04,-4.865839728154242039e-04
6.266283988952636719e+00,4.776870250701904297e+00,4.510622501373291016e+00,9.999997615814208984e-01,-2.211355749750509858e-04,-7.054967572912573814e-04,-7.458865729859098792e-05
9.037867188453674316e-01,2.993204593658447266e+00,5.645110607147216797e+00,9.999948143959045410e-01,2.867092611268162727e-03,7.465482922270894051e-04,1.294385991059243679e-03
9.199932813644409180e-01,1.080153658986091614e-01,1.448969602584838867e+00,9.999967813491821289e-01,-1.860203337855637074e-03,-1.456925296224653721e-03,9.807219030335545540e-04
7.251051425933837891e+00,1.982128143310546875e+00,3.671956062316894531e+00,1.000000000000000000e+00,-1.027152611641213298e-04,1.532171590952202678e-04,-2.208504884038120508e-04
2.198838256299495697e-02,1.064330458641052246e+00,3.187506675720214844e+00,9.999261498451232910e-01,3.749697236344218254e-03,-1.038970053195953369e-02,5.081600043922662735e-03
3.756940603256225586e+00,2.632216215133666992e+00,5.580885410308837891e+00,9.999985694885253906e-01,-1.314314285991713405e-04,-1.619088347069919109e-03,5.803009844385087490e-04
7.122879505157470703e+00,8.668110370635986328e-01,6.444809436798095703e+00,9.999984502792358398e-01,-1.623113988898694515e-03,6.200458738021552563e-04,4.756471025757491589e-04
6.221019268035888672e+00,1.340323567390441895e+00,4.854009628295898438e+00,9.999993443489074707e-01,-6.869795033708214760e-04,-5.691888509318232536e-04,-8.269654354080557823e-04
1.880850672721862793e+00,1.322616219520568848e+00,5.486067771911621094e+00,9.999989271163940430e-01,-2.147866180166602135e-04,-1.470814808271825314e-03,1.208353423862718046e-04
2.537495374679565430e+00,6.013126373291015625e+00,4.469588696956634521e-01,1.000000000000000000e+00,2.118205520673654974e-05,3.896025882568210363e-04,-1.680184868746437132e-05
5.313683032989501953e+00,7.349221706390380859e-01,3.654393911361694336e+00,9.999999403953552246e-01,1.464446540921926498e-04,-3.651495499070733786e-04,3.553299466148018837e-04
2.994116544723510742e+00,6.621821969747543335e-02,2.654337167739868164e+00,9.999997615814208984e-01,5.533462390303611755e-04,4.895690290140919387e-05,-5.586064653471112251e-04
6.492293477058410645e-01,7.268947124481201172e+00,4.163432598114013672e+00,9.999968409538269043e-01,4.009494441561400890e-04,1.496785203926265240e-03,2.003287198022007942e-03
5.462159514427185059e-01,2.000874519348144531e+00,7.301196098327636719e+00,1.000000000000000000e+00,1.965601695701479912e-04,2.056196826742962003e-04,1.184090069727972150e-04
2.789385616779327393e-02,4.554636955261230469e+00,5.527495384216308594e+00,9.999976158142089844e-01,5.259890458546578884e-04,2.025783061981201172e-03,-7.168491138145327568e-04
6.314972400665283203e+00,2.608096837997436523e+00,2.865525186061859131e-01,1.000000000000000000e+00,-4.674460069509223104e-05,9.352499182568863034e-05,-5.105104719405062497e-05
5.603578090667724609e+00,1.424414515495300293e+00,2.965323328971862793e-01,9.999538064002990723e-01,-2.581317676231265068e-03,-8.644448593258857727e-03,-3.339661983773112297e-03
5.956281661987304688e+00,3.937320947647094727e+00,3.555342435836791992e+00,9.999998807907104492e-01,-5.434824270196259022e-04,2.791357110254466534e-04,6.094966465752804652e-06
9.869231581687927246e-01,6.866661548614501953e+00,7.310290813446044922e+00,9.999998807907104492e-01,-4.417844756972044706e-04,2.200480375904589891e-04,6.511929677799344063e-05
8.158539980649948120e-02,6.306655406951904297e+00,6.527564525604248047e-01,9.999997019767761230e-01,5.296780727803707123e-04,-8.389707363676279783e-05,6.925096968188881874e-04
5.320877075195312500e+00,2.298321247100830078e+00,2.126841783523559570e+00,9.999998211860656738e-01,4.600885731633752584e-04,-4.822771297767758369e-04,-1.950403820956125855e-04
1.216493487358093262e+00,2.201992988586425781e+00,1.785221099853515625e+00,1.000000000000000000e+00,-3.145477094221860170e-04,-1.914093154482543468e-04,1.004101650323718786e-04
6.339879512786865234e+00,3.268728971481323242e+00,5.475392341613769531e+00,9.999981522560119629e-01,-1.106487121433019638e-03,9.208747651427984238e-04,-1.340560847893357277e-03
7.272596359252929688e-01,5.694611072540283203e+00,4.540404796600341797e+00,9.999995827674865723e-01,1.458303449908271432e-04,-9.670508443377912045e-04,-1.566924220242071897e-05
2.909621477127075195e+00,5.702609062194824219e+00,1.063868522644042969e+00,9.999952912330627441e-01,4.331197415012866259e-04,3.040609415620565414e-03,2.803180250339210033e-04
5.205838680267333984e+00,3.518744707107543945e+00,2.074499607086181641e+00,9.998999834060668945e-01,9.973575361073017120e-03,9.738740511238574982e-03,-2.415667986497282982e-03
5.001164913177490234e+00,3.805382728576660156e+00,2.798905670642852783e-01,9.999676942825317383e-01,-3.576079907361418009e-04,-3.873685607686638832e-03,-7.032887078821659088e-03
2.455050468444824219e+00,1.038213968276977539e+00,6.588557720184326172e+00,9.999997615814208984e-01,2.976307296194136143e-04,-2.423438127152621746e-04,6.624871166422963142e-04
2.234125614166259766e+00,7.437185764312744141e+00,1.841612100601196289e+00,9.999997615814208984e-01,-3.817280958173796535e-05,4.474419110920280218e-04,-6.707097054459154606e-04
5.967494487762451172e+00,6.393091201782226562e+00,7.207549810409545898e-01,9.999997019767761230e-01,7.063541561365127563e-04,1.425725058652460575e-04,4.356786666903644800e-04
3.661942005157470703e+00,7.740495204925537109e-01,6.789508819580078125e+00,9.999998211860656738e-01,4.905621754005551338e-04,2.134600217686966062e-04,-3.705120179802179337e-04
3.039586782455444336e+00,1.319620251655578613e+00,6.917160987854003906e+00,1.000000000000000000e+00,2.578581334091722965e-04,1.615135552128776908e-04,2.613426113384775817e-05
4.351631164550781250e+00,4.690734386444091797e+00,7.187080860137939453e+00,9.999986886978149414e-01,-3.304789133835583925e-04,-1.259542070329189301e-03,-9.406695608049631119e-04
2.355260372161865234e+00,5.929160594940185547e+00,4.586446762084960938e+00,9.997612833976745605e-01,-2.075732685625553131e-02,6.776195950806140900e-03,-8.309855475090444088e-04
3.935056209564208984e+00,2.966244697570800781e+00,6.753858089447021484e+00,9.999993443489074707e-01,3.495094133540987968e-04,-8.451285539194941521e-04,7.363359909504652023e-04
3.682775735855102539e+00,5.768555641174316406e+00,5.165347576141357422e+00,9.999372363090515137e-01,-6.444925907999277115e-03,8.907848037779331207e-03,2.168548991903662682e-03
2.891420841217041016e+00,5.248940467834472656e+00,7.223659038543701172e+00,9.999973177909851074e-01,-1.060537644661962986e-03,-2.007113536819815636e-03,5.116726388223469257e-04
5.908743381500244141e+00,2.717607915401458740e-01,4.138615608215332031e+00,1.000000000000000000e+00,1.476463658036664128e-04,-1.640961127122864127e-04,1.246030442416667938e-04
4.683403968811035156e+00,3.872137308120727539e+00,4.957055091857910156e+00,9.999988079071044922e-01,8.506248705089092255e-04,6.443137535825371742e-04,1.150708412751555443e-03
3.193627834320068359e+00,2.918128728866577148e+00,7.430391907691955566e-01,9.999988079071044922e-01,1.245438121259212494e-03,9.761914261616766453e-04,2.001220418605953455e-04
1.366324901580810547e+00,7.995225787162780762e-01,2.567150831222534180e+00,9.999804496765136719e-01,-4.691702779382467270e-03,3.472466953098773956e-03,-2.243503462523221970e-03
1.637441754341125488e+00,3.554008960723876953e+00,1.937704086303710938e-01,9.999997615814208984e-01,4.062608932144939899e-04,4.167707520537078381e-04,-4.717455885838717222e-04
2.270529568195343018e-01,3.782603502273559570e+00,3.824546098709106445e+00,9.999997019767761230e-01,-9.273742762161418796e-05,-3.358148387633264065e-04,7.697843248024582863e-04
6.453035473823547363e-01,7.568246722221374512e-01,7.109054088592529297e+00,9.999990463256835938e-01,-1.248507411219179630e-03,4.771720850840210915e-04,-3.650628204923123121e-04
5.698736190795898438e+00,1.228073000907897949e+00,6.065692424774169922e+00,9.999998807907104492e-01,8.313412536153919064e-07,2.583537716418504715e-04,5.600702133961021900e-04
7.340340018272399902e-01,4.191981315612792969e+00,4.070814609527587891e+00,9.999996423721313477e-01,-1.402934285579249263e-04,-7.609429885633289814e-04,3.726490249391645193e-04
5.160978317260742188e+00,4.234797954559326172e+00,3.649368047714233398e+00,9.999998211860656738e-01,-3.011114604305475950e-04,-4.255444509908556938e-04,-2.984540769830346107e-04
6.826480388641357422e+00,4.049188792705535889e-01,7.308741092681884766e+00,9.999985098838806152e-01,-1.218884499394334853e-04,-1.241732854396104813e-03,1.262154080905020237e-03
8.121136426925659180e-01,3.172151565551757812e+00,5.294484138488769531e+00,9.999862313270568848e-01,-4.040850035380572081e-04,4.921869374811649323e-03,-1.788550755009055138e-03
6.594655513763427734e+00,2.837805747985839844e+00,5.548647880554199219e+00,1.000000000000000000e+00,-3.940355964004993439e-05,2.674779680091887712e-04,-7.338501745834946632e-05
5.767119407653808594e+00,3.146636009216308594e+00,6.548028469085693359e+00,9.999997615814208984e-01,-2.873784433177206665e-05,-4.629383038263767958e-04,-5.692129489034414291e-04
6.594873428344726562e+00,1.310581088066101074e+00,5.613177776336669922e+00,9.999964237213134766e-01,-1.547482563182711601e-03,-2.750439452938735485e-04,2.168808598071336746e-03
1.686160802841186523e+00,4.013663768768310547e+00,3.752106428146362305e+00,1.000000000000000000e+00,-1.971233868971467018e-04,2.038103993982076645e-04,-2.106507890857756138e-04
3.130234479904174805e+00,6.594125747680664062e+00,2.482002973556518555e+00,9.999526739120483398e-01,9.573725052177906036e-03,3.142778878100216389e-04,-1.691897050477564335e-03
2.055946826934814453e+00,7.913608103990554810e-02,4.166526317596435547e+00,9.998461604118347168e-01,1.447993330657482147e-02,9.294723160564899445e-03,-3.425003960728645325e-03
1.884619712829589844e+00,4.466241359710693359e+00,3.044626951217651367e+00,9.999997019767761230e-01,-1.300967560382559896e-04,-7.752452511340379715e-04,2.550929784774780273e-04
2.124374389648437500e+00,5.245308876037597656e+00,1.583165884017944336e+00,9.999995231628417969e-01,4.019641201011836529e-04,6.181200733408331871e-04,6.676401244476437569e-04
7.465847015380859375e+00,4.955564975738525391e+00,4.727664470672607422e+00,9.999991655349731445e-01,1.243882928974926472e-03,-2.137256669811904430e-04,-6.777378439437597990e-05
3.971637487411499023e+00,1.152299284934997559e+00,1.436411023139953613e+00,9.999999403953552246e-01,-3.733727207873016596e-04,2.757092297542840242e-04,2.115101233357563615e-04
6.397886276245117188e+00,7.136095046997070312e+00,1.515573740005493164e+00,9.999965429306030273e-01,-1.565106096677482128e-03,6.448917702073231339e-05,2.148173050954937935e-03
7.950935363769531250e-01,7.993155121803283691e-01,4.866622924804687500e+00,9.999982118606567383e-01,-1.141189364716410637e-03,-1.547277439385652542e-03,1.150328826042823493e-04
2.789348840713500977e+00,1.027870893478393555e+00,6.182373046875000000e+00,9.999996423721313477e-01,-5.406576747191138566e-05,-5.692653357982635498e-04,7.101115188561379910e-04
1.258080482482910156e+00,5.484669685363769531e+00,6.151725769042968750e+00,9.999989271163940430e-01,1.214580610394477844e-03,1.866582315415143967e-04,-8.386070840060710907e-04
5.881247043609619141e+00,5.493344306945800781e+00,2.747820854187011719e+00,9.999998211860656738e-01,-4.379498932394199073e-05,-3.914172702934592962e-04,4.975798074156045914e-04
2.268439531326293945e+00,5.258282184600830078e+00,3.454062938690185547e+00,1.000000000000000000e+00,2.655104651694273343e-07,1.603069395059719682e-04,-2.081829443341121078e-04
7.162167549133300781e+00,3.531726121902465820e+00,6.148234844207763672e+00,1.000000000000000000e+00,2.094302471959963441e-04,-2.387759013799950480e-04,3.345159939271979965e-06
7.014027118682861328e+00,6.817622661590576172e+00,4.657773971557617188e+00,9.999997019767761230e-01,-1.784421037882566452e-04,4.410532346810214221e-05,-8.064371068030595779e-04
6.217498779296875000e+00,2.491824150085449219e+00,6.436176300048828125e+00,9.999952316284179688e-01,2.697034506127238274e-03,-8.004561532288789749e-04,1.322107622399926186e-03
9.639065265655517578e-01,3.519587755203247070e+00,1.057962417602539062e+00,9.999861717224121094e-01,-2.623655833303928375e-03,-3.344988217577338219e-03,-3.107500262558460236e-03
7.149629592895507812e+00,5.976072311401367188e+00,3.961646556854248047e+00,1.000000000000000000e+00,2.358276396989822388e-04,-1.405581133440136909e-04,-1.814320712583139539e-04
1.722677350044250488e+00,2.248594284057617188e+00,2.116323232650756836e+00,9.999997019767761230e-01,7.344431360252201557e-04,-1.466554385842755437e-04,-3.571044071577489376e-04
4.901227355003356934e-01,4.096493721008300781e+00,6.600156307220458984e+00,9.999983310699462891e-01,1.856578863225877285e-03,-1.261170837096869946e-04,-8.203204924939200282e-05
6.731320858001708984e+00,5.523289203643798828e+00,3.794799566268920898e+00,9.999997615814208984e-01,6.116170552559196949e-04,-2.459189272485673428e-04,3.359437105245888233e-04
3.150682449340820312e+00,5.530419349670410156e+00,3.955694437026977539e-01,9.999993443489074707e-01,5.337866605259478092e-04,1.053253654390573502e-03,-1.067977063939906657e-04
8.929246664047241211e-02,1.540254592895507812e+00,2.039116322994232178e-01,9.999927878379821777e-01,1.877329428680241108e-03,-1.406508614309132099e-03,-3.008757717907428741e-03
6.690445423126220703e+00,2.114517450332641602e+00,1.249135494232177734e+00,9.999996423721313477e-01,2.020400279434397817e-04,3.374080697540193796e-04,-8.153447415679693222e-04
1.442939162254333496e+00,7.302663326263427734e+00,7.359576225280761719e+00,9.999998211860656738e-01,1.928746787598356605e-04,4.579073865897953510e-04,-3.846604668069630861e-04
7.313163280487060547e+00,2.513048410415649414e+00,5.726244449615478516e+00,9.999998807907104492e-01,-7.827658555470407009e-05,-6.157425232231616974e-04,-1.652157516218721867e-05
3.384795427322387695e+00,6.982317924499511719e+00,9.911665916442871094e-01,9.999908208847045898e-01,1.851995330071076751e-04,-3.469176590442657471e-03,2.536970423534512520e-03
3.841766595840454102e+00,4.439811408519744873e-01,6.937878608703613281e+00,9.999997615814208984e-01,5.211901152506470680e-04,2.685134240891784430e-04,-4.668220644816756248e-04
4.027835369110107422e+00,5.225219726562500000e+00,6.623393535614013672e+00,1.000000000000000000e+00,-1.121696404879912734e-04,1.233487273566424847e-04,-1.554487826069816947e-04
3.380238115787506104e-01,4.796429157257080078e+00,4.445626735687255859e+00,9.999976158142089844e-01,9.864190360531210899e-04,-1.615529879927635193e-03,-1.113099860958755016e-03
5.085414886474609375e+00,6.013058662414550781e+00,4.138214290142059326e-01,9.999265074729919434e-01,-2.257812535390257835e-03,-6.968148518353700638e-03,9.657492861151695251e-03
1.836974143981933594e+00,4.218572139739990234e+00,5.800735950469970703e+00,9.999969005584716797e-01,1.592531334608793259e-03,3.483857435639947653e-04,1.898648799397051334e-03
9.578832983970642090e-01,2.300918817520141602e+00,8.974419832229614258e-01,9.999962449073791504e-01,1.318829716183245182e-03,1.523757935501635075e-03,-1.876856083981692791e-03
5.944344997406005859e+00,2.347691535949707031e+00,2.980952739715576172e+00,9.999994039535522461e-01,-6.793501670472323895e-04,-1.968332653632387519e-04,9.005013853311538696e-04
6.377949714660644531e+00,5.984544754028320312e+00,4.333873748779296875e+00,9.999555945396423340e-01,7.564586587250232697e-03,-2.550836652517318726e-04,-5.616027861833572388e-03
4.449658870697021484e+00,1.756840199232101440e-01,5.879254817962646484e+00,9.999992251396179199e-01,-2.639040176291018724e-04,-4.644661094062030315e-04,1.115177874453365803e-03
7.068691849708557129e-01,3.102293729782104492e+00,1.833886504173278809e+00,9.999998211860656738e-01,4.871108103543519974e-04,-4.818376910407096148e-04,4.665090091293677688e-05
4.204641819000244141e+00,6.208222866058349609e+00,2.704858779907226562e+00,9.999999403953552246e-01,-3.828372282441705465e-04,-3.565911902114748955e-04,1.236703537870198488e-04
4.183972835540771484e+00,4.650752067565917969e+00,3.535382509231567383e+00,9.999994635581970215e-01,-7.210886105895042419e-04,-5.962704890407621861e-04,4.829689860343933105e-04
6.167057991027832031e+00,1.706275343894958496e+00,1.222680687904357910e+00,9.999992251396179199e-01,3.907355712726712227e-04,7.933524902909994125e-04,-8.574181119911372662e-04
2.333630323410034180e+00,7.085685729980468750e-01,5.438821315765380859e+00,9.999310970306396484e-01,-1.212727627716958523e-03,1.144569367170333862e-02,2.314001321792602539e-03
2.224582195281982422e+00,6.113630294799804688e+00,2.644792795181274414e+00,9.999998807907104492e-01,5.057988455519080162e-04,-2.287448151037096977e-04,1.716137630864977837e-04
2.606815099716186523e+00,4.194796562194824219e+00,5.616308450698852539e-01,1.000000000000000000e+00,6.166481034597381949e-05,-4.386596992844715714e-05,-1.599020324647426605e-04
1.018967270851135254e+00,4.855801105499267578e+00,5.073668003082275391e+00,1.000000000000000000e+00,-1.323384203715249896e-04,-3.002461380674503744e-05,2.714516303967684507e-04
3.026508808135986328e+00,2.175197362899780273e+00,4.284327983856201172e+00,9.999988675117492676e-01,-1.169292954728007317e-03,-9.048641077242791653e-04,-4.780783492606133223e-04
5.909410953521728516e+00,6.474718570709228516e+00,4.586328029632568359e+00,9.999990463256835938e-01,5.137523985467851162e-04,-4.519153444562107325e-04,1.254656468518078327e-03
2.741109371185302734e+00,3.138403415679931641e+00,2.748610496520996094e+00,9.999960660934448242e-01,-1.296535483561456203e-03,1.052015461027622223e-03,-2.265916904434561729e-03
3.987318515777587891e+00,4.586700439453125000e+00,4.899470329284667969e+00,9.999949932098388672e-01,-2.113860333338379860e-03,-1.613152679055929184e-03,-1.715473597869277000e-03
7.395808696746826172e+00,3.141347408294677734e+00,3.672793388366699219e+00,9.999996423721313477e-01,-7.971223094500601292e-04,2.712752320803701878e-04,-3.162088105455040932e-04
3.084822893142700195e+00,6.743228912353515625e+00,2.834504127502441406e+00,9.999982714653015137e-01,-1.079205656424164772e-03,-1.449618255719542503e-03,-4.864424117840826511e-04
1.051649212837219238e+00,7.084445953369140625e+00,1.906436681747436523e-01,9.999998807907104492e-01,-2.096035459544509649e-04,4.075120959896594286e-04,-1.415509905200451612e-04
1.040988922119140625e+00,2.557605981826782227e+00,1.563568592071533203e+00,9.999976754188537598e-01,1.710637006908655167e-03,-9.848900372162461281e-04,9.426239994354546070e-04
3.735339641571044922e+00,6.446025848388671875e+00,7.259355545043945312e+00,9.999997615814208984e-01,4.095849872101098299e-04,-6.676558987237513065e-04,6.006934199831448495e-05
6.162755012512207031e+00,3.515267848968505859e+00,2.934922456741333008e+00,9.999980926513671875e-01,-3.101514885202050209e-04,6.167648243717849255e-04,1.871488289907574654e-03
1.355113863945007324e+00,9.963031411170959473e-01,4.262385845184326172e+00,9.997956156730651855e-01,6.564237643033266068e-03,-1.569674536585807800e-02,1.092191878706216812e-02
6.167409420013427734e+00,6.502162933349609375e+00,3.468587875366210938e+00,9.999997019767761230e-01,1.842323254095390439e-04,4.961905651725828648e-04,6.336321239359676838e-04
4.258250713348388672e+00,3.914810419082641602e+00,3.814208507537841797e+00,9.999070167541503906e-01,1.224785856902599335e-02,5.841368809342384338e-03,1.413765829056501389e-03
2.958668231964111328e+00,4.250336170196533203e+00,4.309020996093750000e+00,9.999995827674865723e-01,-4.987516440451145172e-04,4.179776587989181280e-04,7.234878721646964550e-04
2.875229835510253906e+00,1.565018653869628906e+00,4.357373714447021484e+00,1.000000000000000000e+00,1.740473962854593992e-04,7.785266461723949760e-06,2.360814542043954134e-04
6.451602935791015625e+00,5.017585754394531250e+00,2.371457338333129883e+00,9.999992847442626953e-01,8.586940239183604717e-04,-5.337587790563702583e-04,7.410670514218509197e-04
4.920525074005126953e+00,3.151898145675659180e+00,5.649302482604980469e+00,9.998904466629028320e-01,1.041149348020553589e-02,-5.609668325632810593e-03,-8.907479234039783478e-03
1.365119338035583496e+00,6.588092803955078125e+00,1.067637681961059570e+00,9.999994635581970215e-01,2.394438197370618582e-04,6.951192044652998447e-04,-7.546394481323659420e-04
6.840350627899169922e+00,5.393146514892578125e+00,2.163918733596801758e+00,9.999253749847412109e-01,-1.150822825729846954e-02,1.369894715026021004e-03,-3.875647438690066338e-03
4.077821671962738037e-01,2.207200527191162109e+00,6.019566059112548828e+00,1.000000000000000000e+00,-2.189503902627620846e-05,-9.230148862116038799e-05,-3.023496246896684170e-04
2.202261209487915039e+00,3.773175716400146484e+00,7.437918186187744141e+00,9.999998807907104492e-01,4.874897131230682135e-04,3.149097028654068708e-04,-1.535107148811221123e-04
3.385877609252929688e+00,1.914220333099365234e+00,3.142361164093017578e+00,9.999999403953552246e-01,1.350654783891513944e-04,-3.359364927746355534e-04,2.548066549934446812e-04
6.694199085235595703e+00,3.003938198089599609e+00,4.696055412292480469e+00,9.999921321868896484e-01,1.474647200666368008e-03,-2.040735213086009026e-03,-3.077250905334949493e-03
6.008048057556152344e+00,3.186654806137084961e+00,3.952439785003662109e+00,9.999997019767761230e-01,3.839334240183234215e-04,-6.997554446570575237e-04,1.652121281949803233e-04
6.730433940887451172e+00,3.641937732696533203e+00,4.454086303710937500e+00,9.999992847442626953e-01,-5.576529074460268021e-04,3.917352878488600254e-04,-9.795160731300711632e-04
6.348889350891113281e+00,5.912239074707031250e+00,9.715514779090881348e-01,9.999996423721313477e-01,1.408048992743715644e-04,-3.333998320158571005e-04,8.610204095020890236e-04
2.847851276397705078e+00,3.128186702728271484e+00,5.468240380287170410e-01,1.000000000000000000e+00,1.993280020542442799e-04,2.979497949127107859e-04,-4.342013562563806772e-05
1.543045997619628906e+00,4.920413494110107422e+00,5.442058444023132324e-01,9.999133944511413574e-01,1.219464093446731567e-02,-3.925019409507513046e-03,-3.025544108822941780e-03
6.337177753448486328e+00,7.842828035354614258e-01,3.173550367355346680e-01,9.999200701713562012e-01,2.607315080240368843e-03,-5.962830036878585815e-04,1.235839724540710449e-02
1.521580696105957031e+00,1.859541416168212891e+00,5.955004692077636719e+00,9.999540448188781738e-01,8.522592484951019287e-03,-3.175629302859306335e-03,-3.051782492548227310e-03
4.361829280853271484e+00,2.381268501281738281e+00,4.018859386444091797e+00,1.000000000000000000e+00,1.614593784324824810e-04,-3.595033922465518117e-05,-2.041564766841474921e-05
6.614573001861572266e+00,1.934974431991577148e+00,3.357741355895996094e+00,9.999996423721313477e-01,-3.644987300503998995e-04,4.163884295849129558e-05,-8.152048103511333466e-04
2.703313112258911133e+00,9.005666375160217285e-01,1.830908060073852539e+00,1.000000000000000000e+00,-1.833589776651933789e-04,-1.526945125078782439e-04,-2.292783610755577683e-04
5.017496109008789062e+00,6.403211593627929688e+00,6.816781997680664062e+00,9.999554157257080078e-01,2.528711454942822456e-03,-3.039820818230509758e-03,8.574605919420719147e-03
3.319477796554565430e+00,4.943418025970458984e+00,6.352206230163574219e+00,9.999840259552001953e-01,-4.690319299697875977e-03,2.463401760905981064e-03,2.002893015742301941e-03
7.665032744407653809e-01,2.845316648483276367e+00,6.853018760681152344e+00,9.999990463256835938e-01,9.348986786790192127e-04,4.141877579968422651e-04,-9.838608093559741974e-04
6.898566722869873047e+00,1.971111416816711426e+00,6.121596813201904297e+00,9.999997615814208984e-01,1.710327633190900087e-04,-7.120592636056244373e-04,-3.272824978921562433e-04
5.801603794097900391e+00,2.816595554351806641e+00,3.519325017929077148e+00,9.999228715896606445e-01,-5.339018069207668304e-03,8.356267586350440979e-03,-7.474764715880155563e-03
6.117934703826904297e+00,7.343142986297607422e+00,2.099491834640502930e+00,9.999994039535522461e-01,-1.012620981782674789e-03,-5.387144046835601330e-04,-3.097076478297822177e-05
1.775529086589813232e-01,5.867977619171142578e+00,1.975683689117431641e+00,9.999967813491821289e-01,2.243253838969394565e-04,-2.147840568795800209e-03,-1.372872269712388515e-03
6.095312118530273438e+00,1.351985812187194824e+00,2.543167829513549805e+00,9.999988675117492676e-01,9.639400523155927658e-04,3.917294670827686787e-04,-1.112409052439033985e-03
6.254095077514648438e+00,2.762099027633666992e+00,6.619278430938720703e+00,9.999101161956787109e-01,1.077574584633111954e-02,-5.804104264825582504e-03,5.477766040712594986e-03
5.584449291229248047e+00,6.085160732269287109e+00,1.540935873985290527e+00,9.999998807907104492e-01,-1.360817987006157637e-04,-5.912662600167095661e-04,-3.397450564079917967e-05
6.348452568054199219e+00,6.984769821166992188e+00,5.446177959442138672e+00,1.000000000000000000e+00,4.485380122787319124e-05,2.033475757343694568e-04,1.257901931239757687e-05
3.622606754302978516e+00,7.148481369018554688e+00,2.947628498077392578e+00,9.999389052391052246e-01,-8.970511145889759064e-03,5.788041278719902039e-03,2.872966695576906204e-03
1.663726091384887695e+00,2.681643962860107422e+00,4.883546352386474609e+00,9.999996423721313477e-01,3.585453086998313665e-04,-7.707129698246717453e-04,2.541931753512471914e-04
5.032741069793701172e+00,6.651251792907714844e+00,2.358125448226928711e+00,9.999998211860656738e-01,1.828574022511020303e-04,3.821153077296912670e-04,5.452396580949425697e-04
2.960137426853179932e-01,6.766131401062011719e+00,4.452593803405761719e+00,9.999448060989379883e-01,1.031346269883215427e-03,-7.036901544779539108e-03,-7.729796692728996277e-03
5.188600540161132812e+00,3.743804931640625000e+00,3.525956630706787109e+00,9.999996423721313477e-01,-3.327176091261208057e-04,-7.305058534257113934e-04,-3.931599785573780537e-04
3.184527873992919922e+00,1.591908812522888184e+00,1.649442315101623535e+00,1.000000000000000000e+00,-1.420699118170887232e-04,-2.109927008859813213e-04,2.012267650570720434e-04
6.043926715850830078e+00,4.280845165252685547e+00,3.974203586578369141e+00,9.999999403953552246e-01,-4.881118657067418098e-04,-1.467435504309833050e-04,-1.068263154593296349e-04
4.515463829040527344e+00,7.187386512756347656e+00,2.379507780075073242e+00,9.999959468841552734e-01,6.986561929807066917e-04,2.545262221246957779e-03,1.122152665629982948e-03
3.631678581237792969e+00,3.831956148147583008e+00,1.165315151214599609e+00,9.999986886978149414e-01,6.609504926018416882e-04,-1.494863536208868027e-03,-3.710754681378602982e-04
1.407131195068359375e+00,1.838025003671646118e-01,2.908698320388793945e+00,9.999428987503051758e-01,1.065522525459527969e-02,7.379379821941256523e-04,4.006296803709119558e-04
5.408201217651367188e+00,6.059301853179931641e+00,6.521696567535400391e+00,9.999992847442626953e-01,-9.446791373193264008e-04,2.973974042106419802e-04,-7.852802518755197525e-04
4.567653656005859375e+00,6.459549903869628906e+00,3.269692659378051758e-01,9.999956488609313965e-01,-7.788810762576758862e-04,-6.051184609532356262e-04,-2.813657280057668686e-03
2.959652185440063477e+00,2.932518243789672852e+00,2.007702589035034180e+00,9.999999403953552246e-01,4.644049913622438908e-04,-2.353865274926647544e-04,3.147823463223176077e-06
6.368001937866210938e+00,1.359980225563049316e+00,6.190021991729736328e+00,9.999999403953552246e-01,-4.226300516165792942e-04,1.475134486099705100e-04,-2.341626823181286454e-04
2.287993431091308594e+00,3.562416553497314453e+00,6.017096996307373047e+00,9.999918937683105469e-01,-1.729874406009912491e-03,-3.094310406595468521e-03,-1.926834229379892349e-03
1.742016822099685669e-01,5.154011726379394531e+00,7.212925434112548828e+00,9.999971985816955566e-01,-1.177026890218257904e-03,1.622115960344672203e-03,1.291555352509021759e-03
4.716566085815429688e+00,7.120322227478027344e+00,9.568899273872375488e-01,9.999921321868896484e-01,2.877123653888702393e-03,-1.198396086692810059e-03,-2.445837249979376793e-03
8.907200098037719727e-01,4.004916667938232422e+00,6.728353500366210938e+00,9.999973177909851074e-01,-9.676576592028141022e-04,-2.061216859146952629e-03,-4.829877580050379038e-04
4.394381999969482422e+00,7.490079402923583984e+00,2.618164300918579102e+00,9.999982714653015137e-01,-2.870550088118761778e-04,1.826631370931863785e-03,-3.289994492661207914e-04
4.588135719299316406e+00,3.029771804809570312e+00,4.153151988983154297e+00,1.000000000000000000e+00,-6.058115104679018259e-05,-1.375083866150816903e-05,-1.181908810394816101e-04
1.280712604522705078e+00,4.879384517669677734e+00,5.788828372955322266e+00,1.000000000000000000e+00,-3.378255350980907679e-04,-1.332527463091537356e-04,2.875978316296823323e-05
6.638303756713867188e+00,2.787342481315135956e-02,4.576329708099365234e+00,9.999594688415527344e-01,2.821527887135744095e-03,4.300430417060852051e-03,-7.401123177260160446e-03
5.457506656646728516e+00,4.100108623504638672e+00,5.379626154899597168e-01,9.999910593032836914e-01,2.881086198613047600e-03,-2.876884303987026215e-03,-1.186625799164175987e-03
3.822022914886474609e+00,1.464559674263000488e+00,1.488795638084411621e+00,1.000000000000000000e+00,-3.676742198877036572e-04,-7.160456880228593946e-05,1.792409166228026152e-04
4.951167702674865723e-01,7.161428928375244141e-01,5.668931961059570312e+00,9.999995231628417969e-01,4.029008850920945406e-04,-4.412327834870666265e-04,8.424343541264533997e-04
3.586385011672973633e+00,4.845438957214355469e+00,2.236819744110107422e+00,9.999995231628417969e-01,-2.270122640766203403e-04,4.734749963972717524e-04,8.579046698287129402e-04
6.561396121978759766e+00,1.132727503776550293e+00,5.310684442520141602e-01,9.999969005584716797e-01,6.160861812531948090e-04,-1.774828764609992504e-03,1.626205397769808769e-03
6.377866268157958984e+00,6.170618057250976562e+00,6.234724521636962891e+00,9.999485611915588379e-01,-9.646071121096611023e-03,-3.113624872639775276e-03,4.028158728033304214e-04
2.952834129333496094e+00,4.000764846801757812e+00,5.916750907897949219e+00,9.999989867210388184e-01,1.621770643396303058e-04,-1.428682240657508373e-03,-3.179401101078838110e-04
9.138964414596557617e-01,7.317395687103271484e+00,5.816978931427001953e+00,9.999107122421264648e-01,-6.521558389067649841e-03,-8.591991849243640900e-03,-7.884834893047809601e-03
5.357060432434082031e+00,1.456603050231933594e+00,5.740855693817138672e+00,1.000000000000000000e+00,1.810842659324407578e-04,1.024540470098145306e-04,9.388140460941940546e-05
5.584763050079345703e+00,2.011284112930297852e+00,9.773612618446350098e-01,9.999292492866516113e-01,-1.054888311773538589e-02,2.866837661713361740e-03,-4.687081556767225266e-03
6.506541252136230469e+00,2.692104339599609375e+00,1.381777644157409668e+00,9.999747872352600098e-01,-4.830781836062669754e-03,-3.851260989904403687e-04,5.200793500989675522e-03
1.426019906997680664e+00,6.263010978698730469e+00,6.176895618438720703e+00,9.999808669090270996e-01,-2.536365063861012459e-03,4.200532566756010056e-03,3.783107735216617584e-03
3.278636038303375244e-01,3.436702966690063477e+00,6.497754096984863281e+00,9.999979138374328613e-01,9.966816287487745285e-04,-1.125374692492187023e-03,-1.368391327559947968e-03
6.752383708953857422e+00,3.036756992340087891e+00,1.351200580596923828e+00,9.998266696929931641e-01,-2.718535251915454865e-03,-7.821376435458660126e-03,-1.667906902730464935e-02
6.891993999481201172e+00,8.995503187179565430e-02,5.438306808471679688e+00,9.999994039535522461e-01,7.623444544151425362e-04,-7.385078934021294117e-04,5.030420143157243729e-04
9.830777049064636230e-01,7.343650817871093750e+00,7.280482649803161621e-01,1.000000000000000000e+00,-4.709097265731543303e-05,2.401074598310515285e-04,-3.051512176170945168e-04
4.939671516418457031e+00,7.349224090576171875e+00,6.284370422363281250e+00,9.999961853027343750e-01,1.346568926237523556e-03,1.097565633244812489e-03,2.159387106075882912e-03
7.238803386688232422e+00,2.064886569976806641e+00,7.062870979309082031e+00,1.000000000000000000e+00,2.365133550483733416e-04,9.334798960480839014e-05,-7.334450492635369301e-05
2.681156873703002930e+00,6.437658786773681641e+00,3.403883934020996094e+00,9.999751448631286621e-01,3.646568162366747856e-03,-5.006069783121347427e-03,3.374296939000487328e-03
4.279090881347656250e+00,2.052507162094116211e+00,2.178856134414672852e+00,9.999953508377075195e-01,2.381124300882220268e-03,-1.769170165061950684e-03,8.033973863348364830e-04
1.489324688911437988e+00,2.232741594314575195e+00,5.744032382965087891e+00,9.999956488609313965e-01,2.887258073315024376e-03,-7.882920181145891547e-05,-6.460298900492489338e-04
7.328464388847351074e-01,6.061966896057128906e+00,9.086397886276245117e-01,9.999919533729553223e-01,2.379895420745015144e-03,-1.031567226164042950e-04,3.225946566089987755e-03
4.681268215179443359e+00,6.023285984992980957e-01,5.659964561462402344e+00,1.000000000000000000e+00,-1.365096395602449775e-04,-1.456313038943335414e-04,2.221534959971904755e-04
2.618878602981567383e+00,1.751158475875854492e+00,3.452329158782958984e+00,9.999986290931701660e-01,-5.738839390687644482e-04,-9.685781551524996758e-04,1.207298715598881245e-03
7.424172759056091309e-01,7.352330088615417480e-01,3.356058835983276367e+00,9.999982714653015137e-01,1.516489544883370399e-03,2.010669268202036619e-04,1.103185815736651421e-03
5.650705337524414062e+00,3.332612991333007812e+00,3.133062720298767090e-01,9.999952316284179688e-01,-1.772669143974781036e-03,2.525094663724303246e-03,-3.483773325569927692e-04
4.702545702457427979e-01,8.959301710128784180e-01,1.817640900611877441e+00,9.999973773956298828e-01,-1.749049872159957886e-03,3.677402564790099859e-04,-1.468708273023366928e-03
3.174010515213012695e+00,6.034334182739257812e+00,3.423419475555419922e+00,1.000000000000000000e+00,-2.389730943832546473e-04,-3.830293280771002173e-05,2.112999791279435158e-04
2.279609918594360352e+00,1.366395115852355957e+00,2.658850193023681641e+00,1.000000000000000000e+00,-7.140965317375957966e-05,-1.425243826815858483e-04,-3.597632485252688639e-06
3.615890145301818848e-01,4.557343482971191406e+00,3.198302030563354492e+00,9.999935030937194824e-01,-3.380384063348174095e-03,1.086227013729512691e-03,-6.802912103012204170e-04
6.499739885330200195e-01,5.225080966949462891e+00,4.582519531250000000e+00,9.999991059303283691e-01,1.218388322740793228e-03,-4.821108304895460606e-04,2.488750324118882418e-04
5.943829417228698730e-01,1.592439413070678711e+00,5.200558185577392578e+00,9.999990463256835938e-01,-8.499863324686884880e-04,-7.441290654242038727e-04,7.684650481678545475e-04
4.760392189025878906e+00,6.260340213775634766e+00,6.945235252380371094e+00,9.999470114707946777e-01,4.200774710625410080e-03,-8.687835652381181717e-04,9.354754351079463959e-03
6.943664550781250000e+00,7.246693134307861328e+00,2.199202775955200195e+00,9.999999403953552246e-01,-3.600924683269113302e-04,2.944101870525628328e-04,1.302442683481785934e-06
4.269510746002197266e+00,2.354351043701171875e+00,1.285744458436965942e-01,9.999999403953552246e-01,4.351178358774632215e-04,-1.392687117913737893e-04,2.042084524873644114e-04
5.004820346832275391e+00,2.440385580062866211e+00,4.874724388122558594e+00,9.999870657920837402e-01,-4.999424796551465988e-03,-8.331934805028140545e-04,-5.599451833404600620e-04
7.498262882232666016e+00,1.997310996055603027e+00,1.341140866279602051e+00,1.000000000000000000e+00,-3.544453938957303762e-04,1.663212970015592873e-05,1.196390512632206082e-04
2.796562671661376953e+00,6.579115390777587891e+00,3.014648199081420898e+00,9.999908208847045898e-01,3.369970014318823814e-03,-2.079837955534458160e-03,-1.617417670786380768e-03
3.912463665008544922e+00,3.147075176239013672e+00,6.010928153991699219e+00,9.998860955238342285e-01,-1.108777616173028946e-02,-1.023840624839067459e-02,-3.068083606194704771e-05
5.646401047706604004e-01,2.235534429550170898e+00,5.084824562072753906e+00,9.999978542327880859e-01,-1.009271290968172252e-04,-1.384179806336760521e-03,-1.549578155390918255e-03
4.219928264617919922e+00,1.698009967803955078e+00,1.955063819885253906e+00,9.999995231628417969e-01,-5.057537346147000790e-04,7.997856009751558304e-04,-2.267677336931228638e-04
6.860679149627685547e+00,1.012877941131591797e+00,7.140001773834228516e+00,9.999997615814208984e-01,-3.503086918499320745e-04,-2.776406472548842430e-04,-6.326030124910175800e-04
5.631265640258789062e+00,3.200733661651611328e-01,3.580574750900268555e+00,9.999999403953552246e-01,2.996175026055425406e-04,-3.523108025547116995e-04,1.587428268976509571e-04
5.997791767120361328e+00,5.526344776153564453e+00,5.608835697174072266e+00,9.999438524246215820e-01,3.420339664444327354e-03,4.364750813692808151e-03,9.029637090861797333e-03
7.074842453002929688e+00,3.228638410568237305e+00,3.745334386825561523e+00,9.999999403953552246e-01,-3.706533170770853758e-04,5.099244299344718456e-05,-3.289642918389290571e-04
1.668497323989868164e+00,2.235028743743896484e+00,4.131564795970916748e-01,9.999530911445617676e-01,6.175113376230001450e-03,-3.908821381628513336e-03,-6.358342245221138000e-03
5.093957424163818359e+00,1.900662422180175781e+00,7.174490928649902344e+00,9.999805688858032227e-01,-7.810349343344569206e-04,5.219644401222467422e-03,-3.324963618069887161e-03
1.230162620544433594e+00,2.517148971557617188e+00,6.487337589263916016e+00,9.999864697456359863e-01,1.988010946661233902e-03,-4.793429281562566757e-03,5.083550931885838509e-04
6.604660034179687500e+00,4.489872932434082031e+00,5.977750778198242188e+00,9.999995827674865723e-01,-4.450645647011697292e-04,4.437552706804126501e-04,7.674829685129225254e-04
4.817929267883300781e+00,3.228028774261474609e+00,2.579229116439819336e+00,9.999994635581970215e-01,-8.122805156745016575e-04,6.904868059791624546e-04,3.288773223175667226e-05
7.455878257751464844e+00,1.188384413719177246e+00,1.138385653495788574e+00,9.999998211860656738e-01,-1.625239965505897999e-04,-3.257225616835057735e-04,-6.180153577588498592e-04
1.003369331359863281e+00,2.039941787719726562e+00,4.596217155456542969e+00,1.000000000000000000e+00,-1.104718685382977128e-04,3.460106381680816412e-04,7.136470958357676864e-05
4.078423976898193359e+00,2.969960495829582214e-02,5.715257167816162109e+00,9.999585747718811035e-01,3.466216381639242172e-03,5.011077970266342163e-03,-6.775554269552230835e-03
1.776084661483764648e+00,5.720361709594726562e+00,2.655712604522705078e+00,9.999929666519165039e-01,-1.336704473942518234e-03,3.095481079071760178e-03,-1.652373583056032658e-03
4.413904190063476562e+00,6.897938251495361328e+00,4.535066604614257812e+00,9.999451041221618652e-01,8.212275570258498192e-04,2.470500068739056587e-03,-1.015421096235513687e-02
3.231361627578735352e+00,1.674583554267883301e+00,2.522214889526367188e+00,9.999996423721313477e-01,-6.929646478965878487e-04,2.253221464343369007e-04,5.228912923485040665e-04
7.159090995788574219e+00,3.161965847015380859e+00,6.131968975067138672e+00,1.000000000000000000e+00,1.027791367960162461e-04,-4.084068932570517063e-04,-6.602148641832172871e-05
7.831937074661254883e-01,5.714370727539062500e+00,3.572399377822875977e+00,9.999200701713562012e-01,-4.540591966360807419e-03,1.180626638233661652e-02,2.176452107960358262e-05
6.301519870758056641e+00,6.494450569152832031e+00,2.622024774551391602e+00,1.000000000000000000e+00,-2.089760091621428728e-04,-1.961446832865476608e-04,2.688257663976401091e-04
6.237358570098876953e+00,4.390050888061523438e+00,5.614814758300781250e+00,9.999892711639404297e-01,-4.327027592808008194e-03,-1.688336953520774841e-03,7.250061753438785672e-05
9.691308140754699707e-01,4.962282180786132812e+00,7.109322071075439453e+00,9.999990463256835938e-01,-1.207503155455924571e-04,-3.151344426441937685e-04,-1.368027878925204277e-03
3.754862785339355469e+00,1.620577096939086914e+00,4.604901373386383057e-01,1.000000000000000000e+00,2.900773833971470594e-04,-1.470700808567926288e-04,2.970029072457691655e-06
3.189152717590332031e+00,4.677882194519042969e+00,2.611271142959594727e+00,9.999995231628417969e-01,-2.724851365201175213e-04,-3.620904171839356422e-04,9.585732477717101574e-04
5.350211143493652344e+00,6.103016853332519531e+00,1.263073205947875977e+00,9.999977350234985352e-01,-1.533078961074352264e-03,-1.455232733860611916e-03,4.319870204199105501e-04
2.967545270919799805e+00,7.283735752105712891e+00,4.809965610504150391e+00,1.000000000000000000e+00,1.151739998022094369e-04,-1.102444730349816382e-04,9.236197365680709481e-05
2.409941434860229492e+00,4.440241813659667969e+00,5.797408580780029297e+00,9.999966025352478027e-01,-1.747915957821533084e-04,-2.502718707546591759e-03,7.450276170857250690e-04
1.008680239319801331e-01,1.498384952545166016e+00,5.033006191253662109e+00,9.999964833259582520e-01,-2.130295382812619209e-03,1.085028707166202366e-04,-1.563228201121091843e-03
4.007987976074218750e+00,5.754358291625976562e+00,6.346838951110839844e+00,9.999999403953552246e-01,-3.718665102496743202e-04,-2.991652872879058123e-04,2.728331492107827216e-05
6.461311340332031250e+00,3.024112224578857422e+00,2.818194150924682617e+00,9.999999403953552246e-01,-2.375940530328080058e-04,2.070789832941954955e-06,3.946858050767332315e-04
5.065309524536132812e+00,4.667926788330078125e+00,6.037698745727539062e+00,9.999995231628417969e-01,-3.829736670013517141e-04,1.583886478329077363e-05,9.469926590099930763e-04
3.509092330932617188e+00,1.462978363037109375e+00,6.733019351959228516e+00,1.000000000000000000e+00,2.246102230856195092e-04,2.668768283911049366e-04,7.772959361318498850e-05
5.085786819458007812e+00,2.784865856170654297e+00,2.714135169982910156e+00,9.999996423721313477e-01,-7.546445704065263271e-04,5.039568059146404266e-04,-7.889052358223125339e-05
6.628331184387207031e+00,1.480046361684799194e-01,2.495864391326904297e+00,1.000000000000000000e+00,-1.292022643610835075e-04,-2.822951937559992075e-04,1.649464684305712581e-04
4.737362384796142578e+00,6.327336311340332031e+00,1.116179823875427246e+00,9.999984502792358398e-01,1.027664169669151306e-03,1.108316471800208092e-03,8.740170742385089397e-04
3.148471593856811523e+00,2.537592649459838867e+00,2.514148712158203125e+00,9.999256134033203125e-01,3.476849989965558052e-03,-1.145393121987581253e-02,2.348854439333081245e-03
4.397751808166503906e+00,2.357868194580078125e+00,2.734353303909301758e+00,9.999984502792358398e-01,6.494495319202542305e-04,1.615695655345916748e-03,-3.563184873200953007e-04
4.002989292144775391e+00,6.874142646789550781e+00,5.633592605590820312e+00,9.999995231628417969e-01,-3.267600841354578733e-04,2.085969026666134596e-04,-9.282028186134994030e-04
6.027061939239501953e+00,7.420855164527893066e-01,4.067515134811401367e-01,9.999175667762756348e-01,2.095473231747746468e-03,-5.044975550845265388e-04,1.265941374003887177e-02
6.731762886047363281e+00,1.913301467895507812e+00,4.992000102996826172e+00,9.999861121177673340e-01,1.013619708828628063e-03,7.295334944501519203e-04,-5.131724756211042404e-03
2.565424680709838867e+00,7.283318042755126953e+00,1.596675634384155273e+00,9.999998211860656738e-01,-4.047930815431755036e-06,-6.048643845133483410e-04,-2.600908919703215361e-04
2.886599540710449219e+00,1.814577460289001465e+00,6.937139034271240234e+00,1.000000000000000000e+00,1.135647471528500319e-04,1.466826797695830464e-04,-4.303624882595613599e-05
7.232918739318847656e+00,3.860219847410917282e-03,4.845348000526428223e-01,9.999999403953552246e-01,1.698293926892802119e-04,1.449056435376405716e-04,4.332178214099258184e-04
3.402952671051025391e+00,1.967806965112686157e-01,1.079205274581909180e+00,9.999988675117492676e-01,-1.111370511353015900e-03,-7.114914478734135628e-04,8.126005996018648148e-04
4.327617168426513672e+00,6.071423530578613281e+00,4.391308784484863281e+00,9.999974966049194336e-01,-2.007616276387125254e-04,3.380021371413022280e-04,-2.240559319034218788e-03
1.306473374366760254e+00,4.239140033721923828e+00,6.461724281311035156e+00,9.999995827674865723e-01,8.742968784645199776e-04,1.374313869746401906e-04,4.727908235508948565e-04
3.728157281875610352e+00,6.139224052429199219e+00,6.015576839447021484e+00,9.999803304672241211e-01,-5.092049948871135712e-03,-2.026879665208980441e-04,-3.662311006337404251e-03
6.786574840545654297e+00,4.971755981445312500e+00,4.265247344970703125e+00,1.000000000000000000e+00,-1.868230901891365647e-04,-1.617990637896582484e-04,2.461486437823623419e-04
2.975197434425354004e-01,1.138489603996276855e+00,4.992515087127685547e+00,9.999464750289916992e-01,9.711207239888608456e-04,9.945925325155258179e-03,-2.690565772354602814e-03
4.865227699279785156e+00,6.041490554809570312e+00,5.883686065673828125e+00,1.000000000000000000e+00,-2.469646860845386982e-04,8.184586477000266314e-05,-1.735842524794861674e-04
2.477164983749389648e+00,2.408826112747192383e+00,5.850031375885009766e-01,9.999985098838806152e-01,3.264098486397415400e-04,-1.191914430819451809e-03,-1.255044946447014809e-03
5.249799251556396484e+00,4.339862346649169922e+00,6.355924606323242188e+00,9.999997615814208984e-01,-2.521576243452727795e-04,5.743521032854914665e-04,3.237421915400773287e-04
4.170527458190917969e+00,2.989483118057250977e+00,4.492012977600097656e+00,1.000000000000000000e+00,3.759641549549996853e-05,-2.250613470096141100e-04,-8.664304186822846532e-05
4.178793907165527344e+00,2.701880931854248047e+00,4.659056663513183594e+00,1.000000000000000000e+00,-1.082526796380989254e-05,-3.388180921319872141e-04,-1.008853214443661273e-04
5.491250038146972656e+00,4.185470581054687500e+00,1.359344571828842163e-01,9.998412728309631348e-01,-1.132708624936640263e-03,-4.039934836328029633e-03,-1.731526106595993042e-02
8.081240057945251465e-01,2.031711101531982422e+00,3.543667554855346680e+00,9.999997615814208984e-01,1.502221712144091725e-04,7.119790534488856792e-04,-2.648697409313172102e-04
6.495810031890869141e+00,2.161140680313110352e+00,2.971655845642089844e+00,9.999998807907104492e-01,-1.816741860238835216e-04,2.087861212203279138e-04,-4.889653064310550690e-04
6.367746353149414062e+00,5.406418800354003906e+00,3.318027734756469727e+00,1.000000000000000000e+00,1.941143818839918822e-05,-3.578324685804545879e-04,2.355003525735810399e-04
3.441989660263061523e+00,2.537727355957031250e+00,1.185859680175781250e+00,9.999999403953552246e-01,2.672200207598507404e-04,2.661874750629067421e-04,1.210474947583861649e-04
3.322709083557128906e+00,5.288333415985107422e+00,2.860511064529418945e+00,1.000000000000000000e+00,-4.306632763473317027e-05,6.968440720811486244e-05,2.759173803497105837e-04
2.999640464782714844e+00,5.513025283813476562e+00,1.109355092048645020e-01,9.999977350234985352e-01,1.342314062640070915e-03,1.544020837172865868e-03,-6.872258963994681835e-04
5.275828838348388672e+00,4.328139305114746094e+00,9.719570279121398926e-01,9.999435544013977051e-01,4.246063064783811569e-03,-8.367659524083137512e-03,-4.983423277735710144e-03
1.049082279205322266e+00,4.172182559967041016e+00,3.562580823898315430e+00,9.999996423721313477e-01,-7.452484569512307644e-04,-1.319451985182240605e-04,4.725221369881182909e-04
5.623713016510009766e+00,4.094220161437988281e+00,1.556576848030090332e+00,1.000000000000000000e+00,7.945780816953629255e-05,9.994825086323544383e-05,-3.603283548727631569e-04
4.909543097019195557e-01,1.064885377883911133e+00,4.746550083160400391e+00,9.999485611915588379e-01,1.236185897141695023e-03,9.849631227552890778e-03,-2.082818420603871346e-03
9.070392698049545288e-02,2.154687881469726562e+00,6.348326683044433594e+00,1.000000000000000000e+00,1.448655093554407358e-04,-2.124403545167297125e-04,-2.330783172510564327e-04
4.277007579803466797e+00,5.499155521392822266e+00,7.225714683532714844e+00,9.999999403953552246e-01,1.152616823674179614e-04,-1.151156029663980007e-04,4.987067077308893204e-04
4.188276767730712891e+00,3.948902368545532227e+00,2.489033699035644531e+00,9.999984502792358398e-01,-1.587145961821079254e-04,5.632753018289804459e-04,-1.688896561972796917e-03
6.837901115417480469e+00,2.258143186569213867e+00,1.557409763336181641e-01,1.000000000000000000e+00,3.006092447321861982e-04,1.760877348715439439e-04,9.536868310533463955e-05
1.642931461334228516e+00,8.374799489974975586e-01,5.632929325103759766e+00,9.999996423721313477e-01,5.083437426947057247e-04,5.763846565969288349e-04,-2.961556019727140665e-04
6.063525676727294922e+00,1.104600906372070312e+00,3.071449279785156250e+00,9.999998807907104492e-01,4.352618416305631399e-04,-2.111912908731028438e-04,-2.973743248730897903e-04
3.026090621948242188e+00,8.499472588300704956e-02,2.022758007049560547e+00,1.000000000000000000e+00,1.938270543178077787e-05,-5.331386637408286333e-05,-3.818408004008233547e-04
3.701631069183349609e+00,1.459142446517944336e+00,2.712433815002441406e+00,1.000000000000000000e+00,-7.480153726646676660e-05,-2.757492893579183146e-06,-7.755666956654749811e-06
7.129113674163818359e+00,7.368200778961181641e+00,3.354096174240112305e+00,9.999998807907104492e-01,1.720979635138064623e-04,-2.335396857233718038e-05,5.488658789545297623e-04
3.435079336166381836e+00,2.534456551074981689e-01,6.437429189682006836e-01,9.999965429306030273e-01,-1.270556938834488392e-03,1.553056063130497932e-03,1.718472456559538841e-03
4.929457664489746094e+00,3.899640142917633057e-01,6.031897068023681641e-01,9.999995827674865723e-01,9.920849697664380074e-05,3.982362686656415462e-04,7.948873681016266346e-04
7.298732757568359375e+00,1.484759449958801270e+00,1.780814766883850098e+00,9.999994635581970215e-01,-6.016468978486955166e-04,8.610358345322310925e-04,2.568538184277713299e-04
3.474628210067749023e+00,5.882908344268798828e+00,6.838173866271972656e+00,9.999998807907104492e-01,1.361738122795941308e-05,-2.939551486633718014e-04,5.127945914864540100e-04
4.166463851928710938e+00,3.712078571319580078e+00,2.878614425659179688e+00,9.999991655349731445e-01,1.551597088109701872e-04,1.310923136770725250e-03,-3.577937313821166754e-04
6.746212482452392578e+00,4.428423881530761719e+00,4.244974136352539062e+00,9.999997019767761230e-01,-7.974514737725257874e-04,-6.495763227576389909e-05,-2.002517139771953225e-04
5.074215531349182129e-01,6.436274051666259766e+00,3.250348091125488281e+00,9.999940395355224609e-01,-2.638302394188940525e-04,3.215586300939321518e-03,-1.283746445551514626e-03
6.270833969116210938e+00,7.376321792602539062e+00,4.133743941783905029e-01,9.999998807907104492e-01,-6.494800618384033442e-05,-1.173313794424757361e-04,-5.770666757598519325e-04
5.356869697570800781e+00,5.374867916107177734e+00,3.183118343353271484e+00,9.999977350234985352e-01,-6.962518673390150070e-04,1.438808976672589779e-04,2.052688272669911385e-03
3.799643516540527344e+00,4.863990783691406250e+00,4.484861373901367188e+00,9.999995231628417969e-01,3.736886719707399607e-05,6.574300350621342659e-04,7.888542604632675648e-04
6.535022258758544922e+00,3.922631025314331055e+00,5.957100868225097656e+00,9.999989271163940430e-01,-3.940436290577054024e-04,1.349022611975669861e-03,-4.355045675765722990e-04
5.602727890014648438e+00,6.899241447448730469e+00,2.791528940200805664e+00,9.999997615814208984e-01,-7.263073930516839027e-04,-1.315219269599765539e-04,3.526149666868150234e-04
7.127518177032470703e+00,5.542104244232177734e+00,2.085254713892936707e-02,9.999952912330627441e-01,2.650257432833313942e-03,1.091297963284887373e-04,-1.557136652991175652e-03
5.827838778495788574e-01,3.878197193145751953e+00,3.045966386795043945e+00,9.999998807907104492e-01,-3.778987447731196880e-04,-4.709031491074711084e-04,7.277290569618344307e-05
6.198596954345703125e+00,4.358053684234619141e+00,5.613903403282165527e-01,9.999988079071044922e-01,2.108407206833362579e-04,-6.984741194173693657e-04,-1.406767871230840683e-03
3.145231962203979492e+00,1.812784671783447266e-01,5.649570941925048828e+00,9.999997615814208984e-01,-6.011576624587178230e-04,1.589365128893405199e-04,-4.510472062975168228e-04
7.002349376678466797e+00,1.860977053642272949e+00,6.404956579208374023e-01,9.999998807907104492e-01,3.812874783761799335e-04,2.257686428492888808e-04,-3.154346486553549767e-04
1.549394011497497559e+00,6.797133445739746094e+00,4.208688259124755859e+00,9.999975562095642090e-01,8.676914148963987827e-04,1.735835801810026169e-03,1.039809780195355415e-03
2.656997680664062500e+00,5.555926322937011719e+00,1.937192916870117188e+00,9.999999403953552246e-01,9.015430259751155972e-05,-8.743201760808005929e-05,-4.685846215579658747e-04
7.130547046661376953e+00,3.084704160690307617e+00,7.072572708129882812e+00,1.000000000000000000e+00,2.248084347229450941e-04,8.862045797286555171e-05,-2.122122823493555188e-04
3.174104928970336914e+00,6.691585063934326172e+00,5.612446308135986328e+00,9.999971389770507812e-01,1.260999939404428005e-03,-8.125447784550487995e-04,1.903767813928425312e-03
3.960009574890136719e+00,6.080698966979980469e+00,3.172944307327270508e+00,9.999997615814208984e-01,-6.306447903625667095e-05,4.709063505288213491e-04,5.979253328405320644e-04
5.473177909851074219e+00,3.207357406616210938e+00,7.148838996887207031e+00,9.999986886978149414e-01,-3.501645114738494158e-04,-1.245742314495146275e-03,-9.468236239627003670e-04
1.055855274200439453e+00,2.456541538238525391e+00,3.359618663787841797e+00,9.999931454658508301e-01,1.990901073440909386e-03,2.996824216097593307e-03,-9.601065539754927158e-04
1.776815205812454224e-01,2.513949155807495117e+00,1.684512376785278320e+00,9.999997019767761230e-01,-4.843196948058903217e-04,1.456367899663746357e-04,7.242560968734323978e-04
6.832235813140869141e+00,5.101148128509521484e+00,5.867010116577148438e+00,9.997880458831787109e-01,1.498228870332241058e-02,3.269718261435627937e-03,-1.373683288693428040e-02
4.340887546539306641e+00,3.273303747177124023e+00,4.620876312255859375e+00,1.000000000000000000e+00,2.822430396918207407e-04,-1.112107129301875830e-04,-1.570446038385853171e-04
4.101621150970458984e+00,3.144589424133300781e+00,5.610367298126220703e+00,9.999966025352478027e-01,-2.477240283042192459e-03,-7.442395435646176338e-04,-4.050231073051691055e-04
6.923237323760986328e+00,5.288927078247070312e+00,1.871597647666931152e+00,9.999268651008605957e-01,-1.133165881037712097e-02,1.533333444967865944e-03,-3.954573068767786026e-03
7.048454761505126953e+00,6.322968006134033203e+00,6.807962894439697266e+00,9.999999403953552246e-01,4.622429551091045141e-04,-2.638254081830382347e-04,-9.670395229477435350e-05
6.400368690490722656e+00,6.413377285003662109e+00,9.050859212875366211e-01,9.999997019767761230e-01,5.451465840451419353e-04,6.293878686847165227e-05,6.532505503855645657e-04
1.488090753555297852e-01,7.177771568298339844e+00,6.637607574462890625e+00,9.999958276748657227e-01,9.143779170699417591e-04,5.055805740994401276e-05,-2.743943361565470695e-03
4.237153530120849609e+00,4.068980693817138672e+00,4.975628376007080078e+00,9.999982118606567383e-01,7.831868715584278107e-04,8.477959199808537960e-04,1.511687529273331165e-03
1.447826743125915527e+00,3.179218292236328125e+00,4.076623916625976562e+00,9.999867677688598633e-01,1.124847913160920143e-03,5.287018720991909504e-04,4.989201668649911880e-03
1.025231957435607910e+00,5.821545600891113281e+00,2.268482208251953125e+00,1.000000000000000000e+00,1.975298073375597596e-05,-3.807056345976889133e-04,1.033270600601099432e-04
5.692006587982177734e+00,1.446934461593627930e+00,2.099094152450561523e+00,9.999694228172302246e-01,3.844346618279814720e-03,3.406005911529064178e-03,-5.895665381103754044e-03
3.856966018676757812e+00,1.241077110171318054e-01,1.084599375724792480e+00,9.999963641166687012e-01,2.609943912830203772e-04,-4.532904495135881007e-05,2.693168120458722115e-03
4.426228523254394531e+00,3.808159828186035156e-01,4.323019504547119141e+00,9.999986886978149414e-01,-6.975175929255783558e-04,1.694895327091217041e-04,-1.503232051618397236e-03
5.536099433898925781e+00,9.124101996421813965e-01,5.399521589279174805e-01,9.999774098396301270e-01,-6.157869473099708557e-03,-8.743616490392014384e-05,-2.705985214561223984e-03
3.917539358139038086e+00,3.322253942489624023e+00,2.944051265716552734e+00,9.999982118606567383e-01,-1.602015690878033638e-03,5.906136939302086830e-04,8.814570610411465168e-04
6.447905540466308594e+00,6.486027240753173828e+00,5.536846160888671875e+00,1.000000000000000000e+00,-5.382250674301758409e-05,-2.265452203573659062e-04,-1.150449679698795080e-04
5.201620578765869141e+00,7.602890133857727051e-01,2.501212835311889648e+00,9.999999403953552246e-01,1.428793802915606648e-05,-2.552798250690102577e-04,3.452047822065651417e-04
6.607466697692871094e+00,7.343686103820800781e+00,6.954366683959960938e+00,9.999992847442626953e-01,3.877702692989259958e-04,9.470965014770627022e-04,7.460923516191542149e-04
7.384935855865478516e+00,4.425885081291198730e-01,4.699338912963867188e+00,9.999720454216003418e-01,2.918511396273970604e-03,3.190298331901431084e-03,-6.101596169173717499e-03
1.487655162811279297e+00,4.514139175415039062e+00,5.579630374908447266e+00,9.999997615814208984e-01,-1.555237831780686975e-04,-6.659968639723956585e-04,2.835904888343065977e-04
1.474308133125305176e+00,6.485178947448730469e+00,2.371372878551483154e-01,9.999997019767761230e-01,6.006066905683837831e-05,8.257888839580118656e-04,-8.385997352888807654e-05
4.375782489776611328e+00,2.529659569263458252e-01,5.548734188079833984e+00,9.999991059303283691e-01,1.699559361441060901e-04,3.978975873906165361e-04,1.309203449636697769e-03
4.894618988037109375e+00,4.352972030639648438e+00,4.355579853057861328e+00,9.999938011169433594e-01,-2.197168301790952682e-03,-4.486486141104251146e-04,-2.744129160419106483e-03
2.677700519561767578e+00,3.519257783889770508e+00,4.094696521759033203e+00,9.999924302101135254e-01,-2.747239777818322182e-03,2.715741051360964775e-03,-4.336200072430074215e-04
8.582724332809448242e-01,5.649684429168701172e+00,2.801260948181152344e+00,9.999930262565612793e-01,-3.585483646020293236e-04,-9.845700114965438843e-04,3.602611366659402847e-03
2.191446781158447266e+00,3.793328523635864258e+00,3.898090839385986328e+00,9.999997615814208984e-01,-2.945886226370930672e-04,6.517424480989575386e-04,2.362528466619551182e-04
5.137252330780029297e+00,5.795001983642578125e+00,7.115998268127441406e+00,1.000000000000000000e+00,-1.331074745394289494e-04,-2.154785470338538289e-04,2.419869706500321627e-04
5.024712681770324707e-01,4.081613540649414062e+00,5.626587867736816406e+00,9.998504519462585449e-01,1.243433449417352676e-02,-1.194461155682802200e-02,1.351452083326876163e-03
2.385627508163452148e+00,1.644234806299209595e-01,7.054570198059082031e+00,9.999998211860656738e-01,4.571101744659245014e-04,-4.684669838752597570e-04,-2.574228565208613873e-04
4.571875095367431641e+00,3.130708336830139160e-01,6.302091598510742188e+00,9.999999403953552246e-01,2.696134615689516068e-04,-3.657420747913420200e-04,-2.364539977861568332e-05
1.700457334518432617e+00,7.963352203369140625e-01,3.365171909332275391e+00,9.999404549598693848e-01,-8.416021242737770081e-03,-6.824596785008907318e-03,-1.304615521803498268e-03
1.400017857551574707e+00,2.579595804214477539e+00,4.431562423706054688e+00,9.999973773956298828e-01,1.627297722734510899e-03,-1.540719531476497650e-03,-4.731304652523249388e-04
1.660754323005676270e+00,3.718804597854614258e+00,4.622776031494140625e+00,9.997706413269042969e-01,5.077084060758352280e-04,-1.746070571243762970e-02,1.239096466451883316e-02
1.671648502349853516e+00,3.778206586837768555e+00,7.058628559112548828e+00,9.999997615814208984e-01,6.823852309025824070e-04,-3.402360307518392801e-04,1.909895217977464199e-04
5.659159183502197266e+00,2.036522924900054932e-01,5.505313396453857422e+00,9.999969601631164551e-01,-9.582865168340504169e-04,1.699862623354420066e-04,-2.286901464685797691e-03
4.734252095222473145e-01,6.221469879150390625e+00,3.894406557083129883e+00,1.000000000000000000e+00,8.533669461030513048e-05,-1.701444125501438975e-04,-3.517749719321727753e-04
3.907459259033203125e+00,3.368124961853027344e+00,2.950882725417613983e-02,9.999999403953552246e-01,-9.616932948119938374e-05,-2.567347837612032890e-04,2.976482501253485680e-04
8.229520320892333984e-01,1.832340240478515625e+00,2.022408962249755859e+00,9.999997019767761230e-01,-6.957916193641722202e-04,-1.136383216362446547e-04,-4.627880698535591364e-04
5.494857311248779297e+00,6.137611389160156250e+00,3.024412989616394043e-01,9.999969601631164551e-01,6.090277456678450108e-04,1.982975518330931664e-03,-1.367909950204193592e-03
6.074738025665283203e+00,1.242645382881164551e+00,3.508450090885162354e-01,9.999370574951171875e-01,2.919761929661035538e-03,-8.217905648052692413e-03,7.055466063320636749e-03
7.307315349578857422e+00,1.869650125503540039e+00,5.574219703674316406e+00,9.999992251396179199e-01,-9.522382752038538456e-04,-2.098591066896915436e-04,-8.107223547995090485e-04
3.344086885452270508e+00,7.001326560974121094e+00,4.601248264312744141e+00,1.000000000000000000e+00,1.836492447182536125e-05,-5.229623639024794102e-05,3.159586412948556244e-05
4.805773735046386719e+00,5.894975185394287109e+00,3.077127039432525635e-01,9.999378919601440430e-01,-8.939449326135218143e-04,-6.707719061523675919e-03,8.861286565661430359e-03
7.592384219169616699e-01,4.533690452575683594e+00,6.207900524139404297e+00,9.999968409538269043e-01,-3.016512200701981783e-04,2.482450567185878754e-03,-4.974643234163522720e-04
3.244114398956298828e+00,6.868478298187255859e+00,7.340286731719970703e+00,9.999916553497314453e-01,1.187623245641589165e-03,1.108149066567420959e-03,3.755358280614018440e-03
4.053190708160400391e+00,6.054624080657958984e+00,5.282394886016845703e+00,9.999987483024597168e-01,-1.029016333632171154e-03,1.249199849553406239e-03,-1.333862455794587731e-04
4.712823033332824707e-02,2.494759559631347656e+00,3.046564102172851562e+00,9.999762177467346191e-01,-3.409916767850518227e-03,5.661228671669960022e-03,-1.981703098863363266e-03
1.307876467704772949e+00,2.968338489532470703e+00,5.502704620361328125e+00,9.999997019767761230e-01,-8.505544392392039299e-04,-1.073100575013086200e-04,-1.518378212495008484e-05
4.553988933563232422e+00,3.700963556766510010e-01,5.155891895294189453e+00,9.999999403953552246e-01,2.465700672473758459e-04,-3.830564091913402081e-04,1.402891066391021013e-04
3.327016115188598633e+00,5.742159366607666016e+00,1.943920612335205078e+00,9.999996423721313477e-01,-1.222147548105567694e-04,-8.854298503138124943e-04,3.832476431853137910e-05
5.864200115203857422e+00,6.510350704193115234e-01,1.080029606819152832e+00,9.999995231628417969e-01,3.226376429665833712e-04,5.226897774264216423e-04,-8.520644041709601879e-04
1.511553883552551270e+00,9.471012949943542480e-01,1.690650731325149536e-01,9.999991655349731445e-01,1.668072218308225274e-04,3.194817327312193811e-05,-1.343824202194809914e-03
5.621855735778808594e+00,2.161034345626831055e+00,1.409403920173645020e+00,9.999978542327880859e-01,1.979514025151729584e-03,-5.347291589714586735e-04,4.859656619373708963e-04
6.841125011444091797e+00,3.319722414016723633e+00,5.763767719268798828e+00,9.999995827674865723e-01,-1.704617316136136651e-04,-8.457228541374206543e-04,-4.329381044954061508e-04
2.327201366424560547e+00,5.975104331970214844e+00,2.259769916534423828e+00,9.999998807907104492e-01,3.244780236855149269e-04,-4.732286033686250448e-04,6.170903361635282636e-05
1.214056372642517090e+00,6.684143543243408203e+00,1.520263254642486572e-01,9.999998211860656738e-01,-9.033251262735575438e-05,6.700293160974979401e-04,-7.534174073953181505e-05
1.367795348167419434e+00,2.307900667190551758e+00,2.678784370422363281e+00,9.999998211860656738e-01,-8.078218525042757392e-05,-5.585956387221813202e-04,4.590077442117035389e-04
1.085460186004638672e+00,3.170800447463989258e+00,4.126096248626708984e+00,9.999558925628662109e-01,-4.017503932118415833e-03,-1.477065146900713444e-03,-8.367374539375305176e-03
3.080586910247802734e+00,6.154171466827392578e+00,5.251812934875488281e+00,9.999986886978149414e-01,7.413027924485504627e-04,1.477675861679017544e-03,-1.895156601676717401e-04
1.869018793106079102e+00,4.534704208374023438e+00,1.502264261245727539e+00,9.999992847442626953e-01,1.261844881810247898e-03,1.525953557575121522e-04,-1.342865743936272338e-05
7.049340724945068359e+00,7.443816065788269043e-01,5.878287315368652344e+00,9.999999403953552246e-01,-2.656709693837910891e-04,3.816864336840808392e-04,6.426389154512435198e-05
4.420576572418212891e+00,6.818956851959228516e+00,3.191822528839111328e+00,9.998883605003356934e-01,2.533956896513700485e-03,3.911427687853574753e-03,-1.419933233410120010e-02
6.285369396209716797e+00,2.519026041030883789e+00,5.980049610137939453e+00,9.999982118606567383e-01,-1.310548395849764347e-03,1.359637128189206123e-03,-3.867989871650934219e-04
3.364646196365356445e+00,5.370712280273437500e+00,4.291323661804199219e+00,1.000000000000000000e+00,-3.203790111001580954e-04,1.892485888674855232e-04,1.353488769382238388e-04
1.105282545089721680e+00,3.482938110828399658e-01,5.513789176940917969e+00,9.999899268150329590e-01,4.289237782359123230e-03,-5.657847505062818527e-04,1.253208261914551258e-03
9.543734192848205566e-01,6.841135025024414062e+00,6.365725517272949219e+00,9.999999403953552246e-01,4.594660131260752678e-04,2.145476355508435518e-05,2.461381372995674610e-04
6.417160987854003906e+00,2.507593631744384766e+00,3.637091636657714844e+00,9.999462962150573730e-01,1.293201115913689137e-03,7.773458492010831833e-03,6.729546934366226196e-03
3.872438430786132812e+00,7.200936317443847656e+00,1.074119806289672852e+00,9.999732971191406250e-01,-2.770161023363471031e-03,6.750132888555526733e-03,5.730667035095393658e-04
6.364176869392395020e-01,2.407139301300048828e+00,1.878610253334045410e-01,9.999999403953552246e-01,3.891161468345671892e-04,3.656723129097372293e-04,1.093863611458800733e-04
7.432713031768798828e+00,9.299938678741455078e-01,2.856894731521606445e+00,9.999962449073791504e-01,2.168775303289294243e-03,-1.716433675028383732e-03,9.304926061304286122e-05
5.991409778594970703e+00,2.142366886138916016e+00,1.474282741546630859e+00,9.999994635581970215e-01,8.767560939304530621e-04,-1.922446099342778325e-04,-6.198554765433073044e-04
2.702183723449707031e-01,3.702877521514892578e+00,9.290543198585510254e-01,1.000000000000000000e+00,2.358787605771794915e-04,2.390255394857376814e-04,2.904700231738388538e-04
4.306249618530273438e+00,1.719240069389343262e+00,2.055441141128540039e-01,9.999967217445373535e-01,2.428669948130846024e-03,4.896471509709954262e-04,-7.153222686611115932e-04
3.308181166648864746e-01,2.436399698257446289e+00,1.222221016883850098e+00,9.999973773956298828e-01,5.688953096978366375e-04,-7.176038343459367752e-04,2.114768372848629951e-03
5.468547344207763672e+00,3.009185552597045898e+00,2.199759960174560547e+00,9.999679923057556152e-01,5.389129277318716049e-03,8.630439406260848045e-04,-5.857839714735746384e-03
4.728474617004394531e+00,1.984131574630737305e+00,4.900016307830810547e+00,1.000000000000000000e+00,1.469496783101931214e-04,-2.049350587185472250e-04,-2.455723879393190145e-04
5.060644626617431641e+00,3.228990554809570312e+00,1.137546420097351074e+00,9.999960660934448242e-01,4.533284809440374374e-04,-1.841319608502089977e-03,-2.063376596197485924e-03
3.345176219940185547e+00,1.224341750144958496e+00,4.014368534088134766e+00,9.999997615814208984e-01,7.902312790974974632e-04,-1.360767419100739062e-05,-7.558876677649095654e-05
2.796372652053833008e+00,4.794726848602294922e+00,7.232930183410644531e+00,9.999989867210388184e-01,-1.163609325885772705e-03,1.816108706407248974e-04,-8.488185703754425049e-04
1.696288704872131348e+00,5.140761852264404297e+00,1.741976261138916016e+00,9.999213814735412598e-01,8.469632826745510101e-03,-1.751078758388757706e-03,-9.084356948733329773e-03
5.176481246948242188e+00,8.657618761062622070e-01,4.872792720794677734e+00,9.999926090240478516e-01,-9.896594565361738205e-04,-2.122597768902778625e-03,3.060016315430402756e-03
7.454251766204833984e+00,5.951509997248649597e-02,7.028456211090087891e+00,9.999986290931701660e-01,-6.064815679565072060e-04,8.770702988840639591e-04,-1.333017367869615555e-03
2.553592205047607422e+00,4.789181709289550781e+00,4.146606445312500000e+00,1.000000000000000000e+00,-2.278313477290794253e-04,2.607917485875077546e-05,2.062833082163706422e-04
4.762732982635498047e+00,6.595484256744384766e+00,6.599387645721435547e+00,9.999888539314270020e-01,2.927074383478611708e-04,4.092687275260686874e-03,2.347093541175127029e-03
4.055435180664062500e+00,5.698773384094238281e+00,4.750873565673828125e+00,9.999985098838806152e-01,-2.776297333184629679e-04,-1.701798057183623314e-03,-3.437387058511376381e-04
5.715713024139404297e+00,6.743084430694580078e+00,7.105615139007568359e+00,9.999982118606567383e-01,-4.597504739649593830e-04,-1.574641792103648186e-03,1.007067970931529999e-03
7.394947052001953125e+00,6.860580444335937500e+00,1.978995919227600098e+00,9.999713301658630371e-01,-1.616429653950035572e-03,4.397543147206306458e-03,-5.955690983682870865e-03
1.252567291259765625e+00,4.483701884746551514e-01,2.727472543716430664e+00,9.999957680702209473e-01,-1.754893804900348186e-03,-1.502749946666881442e-04,2.349553862586617470e-03
4.799091339111328125e+00,6.345774650573730469e+00,3.269118070602416992e+00,9.999935030937194824e-01,1.740404637530446053e-03,2.785028773359954357e-04,-3.147943411022424698e-03
4.455241203308105469e+00,3.331171035766601562e+00,2.940241813659667969e+00,9.999985694885253906e-01,-1.309746177867054939e-03,1.101827831007540226e-03,-2.404082333669066429e-04
1.131888151168823242e+00,3.580184221267700195e+00,6.870999336242675781e+00,9.999665617942810059e-01,-7.695458363741636276e-03,-2.280944725498557091e-03,-1.599295064806938171e-03
5.130484104156494141e+00,2.036968022584915161e-01,4.169109821319580078e+00,9.999933242797851562e-01,2.377172000706195831e-03,-2.746876329183578491e-03,5.494850920513272285e-04
5.581305980682373047e+00,4.873701572418212891e+00,2.232368946075439453e+00,9.999997019767761230e-01,-2.941034108516760170e-05,6.136697484180331230e-04,5.923174903728067875e-04
2.811573743820190430e+00,5.524180889129638672e+00,4.478308677673339844e+00,9.999985098838806152e-01,8.896532817743718624e-04,-1.109309261664748192e-03,9.547270019538700581e-04
4.582004070281982422e+00,7.208338260650634766e+00,3.237197637557983398e+00,9.999108910560607910e-01,-6.451396271586418152e-03,-9.035407565534114838e-03,-7.414100226014852524e-03
1.319573044776916504e+00,2.682433605194091797e+00,8.061881661415100098e-01,9.999759793281555176e-01,6.919525098055601120e-03,2.239521272713318467e-04,2.755073073785752058e-04
2.531949043273925781e+00,6.662680149078369141e+00,4.350962162017822266e+00,9.999983906745910645e-01,2.871440956369042397e-04,-1.808376284316182137e-03,-6.366868910845369101e-05
4.853949069976806641e+00,2.916465997695922852e+00,9.826005697250366211e-01,9.999421834945678711e-01,-7.957027992233633995e-05,-7.224305998533964157e-03,7.966982200741767883e-03
4.820802211761474609e+00,1.538076281547546387e+00,5.331207275390625000e+00,1.000000000000000000e+00,1.272586814593523741e-04,2.549323544371873140e-04,-8.948629692895337939e-05
1.219413518905639648e+00,5.199089050292968750e+00,5.071987584233283997e-02,9.999984502792358398e-01,4.914804594591259956e-04,1.506708067608997226e-04,-1.729021314531564713e-03
5.417960286140441895e-01,3.740947961807250977e+00,6.504695892333984375e+00,9.999710917472839355e-01,6.580144166946411133e-03,3.043456003069877625e-03,2.312642289325594902e-03
4.525912702083587646e-01,7.237393379211425781e+00,2.779294490814208984e+00,9.999963641166687012e-01,-2.558185253292322159e-03,-5.973945371806621552e-04,6.566602969542145729e-04
3.911303758621215820e+00,2.568893671035766602e+00,6.527273654937744141e+00,9.999985098838806152e-01,9.903571335598826408e-04,1.085636438801884651e-03,9.885466424748301506e-04
4.658361434936523438e+00,4.370889186859130859e+00,3.121392965316772461e+00,9.999942183494567871e-01,-1.200745813548564911e-03,-2.390006091445684433e-03,2.097739838063716888e-03
4.304368972778320312e+00,4.183440804481506348e-01,3.553308725357055664e+00,9.999713301658630371e-01,-5.712464917451143265e-03,3.554985160008072853e-03,-3.476209938526153564e-03
5.868288993835449219e+00,6.449638843536376953e+00,2.155521064996719360e-01,9.999999403953552246e-01,3.725977148860692978e-04,-1.932251689140684903e-05,-2.377875061938539147e-04
5.886530876159667969e+00,7.359407424926757812e+00,1.080965995788574219e+00,9.999346137046813965e-01,9.178395266644656658e-04,1.870655454695224762e-03,1.125062257051467896e-02
3.862459182739257812e+00,8.747702836990356445e-01,7.011525332927703857e-02,9.999953508377075195e-01,-1.112194731831550598e-04,1.759565930115059018e-04,-3.052450250834226608e-03
7.289585590362548828e+00,3.951730489730834961e+00,6.290618896484375000e+00,9.999988079071044922e-01,6.874386454001069069e-04,-1.334716798737645149e-03,-3.115648869425058365e-04
1.822050094604492188e+00,4.898361206054687500e+00,4.030034065246582031e+00,1.000000000000000000e+00,-5.906146543566137552e-05,1.603781565790995955e-04,-7.825012289686128497e-05
9.666545987129211426e-01,2.107893466949462891e+00,6.693462371826171875e+00,9.999922513961791992e-01,-2.018934465013444424e-04,-1.857586437836289406e-03,3.468298818916082382e-03
2.522656917572021484e-01,4.382924556732177734e+00,3.773956298828125000e-01,9.999994635581970215e-01,7.740645669400691986e-04,4.546802083496004343e-04,6.298501393757760525e-04
4.776379466056823730e-01,4.649545192718505859e+00,4.695005893707275391e+00,9.999974966049194336e-01,9.864199673756957054e-04,-1.685176510363817215e-03,-1.156938727945089340e-03
3.239495038986206055e+00,6.954486846923828125e+00,7.029639244079589844e+00,9.999444484710693359e-01,-7.980552618391811848e-04,1.017544697970151901e-02,2.656757133081555367e-03
2.766600370407104492e+00,4.105347633361816406e+00,2.246641635894775391e+00,9.999998211860656738e-01,8.911734039429575205e-05,7.712114893365651369e-05,-6.931510870344936848e-04
3.685860395431518555e+00,2.525438785552978516e+00,1.473683238029479980e+00,9.999985694885253906e-01,-7.920869393274188042e-05,1.611648360267281532e-03,4.441169148776680231e-04
3.352254331111907959e-01,5.312672615051269531e+00,2.996134996414184570e+00,9.999829530715942383e-01,-4.576940555125474930e-03,-2.353555290028452873e-03,-2.766442717984318733e-03
2.339486360549926758e+00,7.296923160552978516e+00,5.227786064147949219e+00,9.999704957008361816e-01,3.925021446775645018e-04,-6.189630366861820221e-03,4.524683114141225815e-03
3.763212203979492188e+00,5.299181461334228516e+00,1.819090396165847778e-01,9.999997615814208984e-01,-4.488082195166498423e-04,4.943518433719873428e-04,3.913899709004908800e-04
3.642594099044799805e+00,5.676366090774536133e-01,5.563307762145996094e+00,9.999992847442626953e-01,-7.867153617553412914e-04,8.684119529789313674e-05,-9.564997744746506214e-04
5.664278864860534668e-01,3.918018341064453125e+00,3.747035980224609375e+00,9.999970793724060059e-01,-2.256326406495645642e-04,-1.588955987244844437e-03,1.820221543312072754e-03
3.155989170074462891e+00,1.399813532829284668e+00,6.431025028228759766e+00,1.000000000000000000e+00,-1.897370530059561133e-04,3.871986700687557459e-05,3.342223935760557652e-04
1.732589483261108398e+00,6.288073658943176270e-01,3.041955471038818359e+00,9.999839663505554199e-01,3.837008029222488403e-03,2.435793168842792511e-03,-3.371293190866708755e-03
5.255070686340332031e+00,5.329051971435546875e+00,4.883785724639892578e+00,9.998933672904968262e-01,-1.166907045990228653e-02,8.699296973645687103e-03,-1.215586205944418907e-03
5.620294094085693359e+00,4.128388881683349609e+00,3.174028396606445312e+00,9.999995827674865723e-01,-5.136672989465296268e-04,1.598570815986022353e-04,-8.423114777542650700e-04
2.360784769058227539e+00,1.530841141939163208e-01,1.044219732284545898e+00,9.999986886978149414e-01,1.098620938137173653e-03,3.811667265836149454e-04,1.200785860419273376e-03
3.396699190139770508e+00,1.184654593467712402e+00,6.892902851104736328e+00,1.000000000000000000e+00,2.349801943637430668e-04,1.260421267943456769e-04,-2.537830823712283745e-06
2.151029586791992188e+00,6.837810993194580078e+00,2.564221024513244629e-01,9.999998211860656738e-01,4.323380126152187586e-04,4.684673040173947811e-04,-2.545603783801198006e-04
3.917819261550903320e+00,6.629351139068603516e+00,4.240098595619201660e-02,9.999648332595825195e-01,7.044663070701062679e-04,5.413736216723918915e-03,-6.375844124704599380e-03
3.285091161727905273e+00,9.907468557357788086e-01,1.092431664466857910e+00,9.999962449073791504e-01,-8.619972504675388336e-04,-1.818412914872169495e-03,-1.896565896458923817e-03
5.184952735900878906e+00,3.469655275344848633e+00,5.553572654724121094e+00,9.999983310699462891e-01,-8.464757702313363552e-04,1.162366359494626522e-03,1.173874479718506336e-03
5.527080059051513672e+00,6.241441726684570312e+00,2.970943927764892578e+00,9.999957084655761719e-01,-9.154760628007352352e-04,-4.712259105872362852e-04,2.750607673078775406e-03
1.120491981506347656e+00,2.877529621124267578e+00,7.098441600799560547e+00,9.999986886978149414e-01,2.603948814794421196e-04,8.475999929942190647e-04,-1.382235321216285229e-03
7.369146347045898438e+00,6.995883464813232422e+00,7.431674599647521973e-01,1.000000000000000000e+00,3.411175566725432873e-05,-3.102291884715668857e-05,3.982580092269927263e-04
2.186109542846679688e+00,6.394900798797607422e+00,7.156782150268554688e+00,1.000000000000000000e+00,-1.673564693192020059e-04,-3.237899727537296712e-05,-7.664598342671524733e-06
7.205344676971435547e+00,5.879046916961669922e+00,6.061384201049804688e+00,9.999979734420776367e-01,3.261478559579700232e-04,-1.689028111286461353e-03,1.092617167159914970e-03
6.293782591819763184e-01,6.567978858947753906e+00,3.521910190582275391e+00,9.999932050704956055e-01,-1.285559381358325481e-03,3.343991702422499657e-03,-9.059313451871275902e-04
2.069367408752441406e+00,3.323224782943725586e+00,5.178108692169189453e+00,9.999992847442626953e-01,5.880136741325259209e-04,-9.269425645470619202e-04,-5.952630308456718922e-04
3.298059940338134766e+00,3.808650732040405273e+00,1.290201544761657715e+00,9.999998807907104492e-01,5.304265068843960762e-04,5.881259312445763499e-06,-3.276555798947811127e-04
1.276341319084167480e+00,4.241878032684326172e+00,2.219503641128540039e+00,9.999998211860656738e-01,-1.022943761199712753e-04,-5.857683136127889156e-04,-2.164800098398700356e-04
3.971875667572021484e+00,3.670135498046875000e+00,2.466034412384033203e+00,9.999992847442626953e-01,-3.015042166225612164e-04,9.472817182540893555e-04,-6.725370767526328564e-04
1.128183603286743164e+00,5.418091297149658203e+00,3.573563098907470703e+00,9.999989271163940430e-01,-1.319326926022768021e-03,-4.331779200583696365e-04,-5.846887943334877491e-04
3.203706264495849609e+00,2.454584836959838867e+00,4.493948936462402344e+00,9.999971985816955566e-01,-1.116401166655123234e-03,-9.748940938152372837e-04,-1.868133898824453354e-03
8.750178217887878418e-01,7.393684983253479004e-01,1.637851357460021973e+00,9.999926090240478516e-01,8.526885067112743855e-04,-6.881619920022785664e-04,3.688743803650140762e-03
7.824825048446655273e-01,3.314074754714965820e+00,2.559197425842285156e+00,9.999995231628417969e-01,8.258183370344340801e-04,-5.983912269584834576e-04,2.033395139733329415e-04
4.410236358642578125e+00,3.405574798583984375e+00,6.111917972564697266e+00,9.999998211860656738e-01,5.248345551081001759e-04,3.854231035802513361e-04,-2.948984183603897691e-05
3.066120147705078125e-01,3.927654027938842773e+00,3.541240930557250977e+00,9.999998211860656738e-01,-6.751829641871154308e-04,-1.409757387591525912e-04,7.393082341877743602e-05
1.779495716094970703e+00,1.422302722930908203e+00,4.241109371185302734e+00,1.000000000000000000e+00,-2.125645551132038236e-05,1.998006046051159501e-04,-8.026675641303882003e-05
3.971424579620361328e+00,7.246780395507812500e+00,7.439800262451171875e+00,9.999971389770507812e-01,-6.168107502162456512e-04,1.839759876020252705e-03,1.451199990697205067e-03
4.866106986999511719e+00,1.206075310707092285e+00,3.927614212036132812e+00,9.999961853027343750e-01,2.456033136695623398e-03,9.618177427910268307e-04,-8.691753610037267208e-04
3.749144792556762695e+00,3.771235942840576172e-01,4.313758850097656250e+00,9.999976754188537598e-01,8.603207534179091454e-04,-4.673054791055619717e-04,-1.911649014800786972e-03
3.664377927780151367e+00,3.619615554809570312e+00,3.274937868118286133e+00,9.999998211860656738e-01,-4.340903833508491516e-04,1.151164615293964744e-04,-4.838270833715796471e-04
8.270613849163055420e-02,4.792221546173095703e+00,2.019619703292846680e+00,9.999998807907104492e-01,-3.405698225833475590e-04,-1.456727040931582451e-04,-5.082671414129436016e-04
3.171440362930297852e+00,3.707947731018066406e+00,9.882978200912475586e-01,1.000000000000000000e+00,-7.913735316833481193e-05,-2.696834271773695946e-04,-1.053216965374303982e-05
1.260521411895751953e+00,1.160921812057495117e+00,5.135805606842041016e+00,9.999758005142211914e-01,-5.089958198368549347e-03,3.820748068392276764e-03,-2.816054970026016235e-03
2.500023365020751953e+00,1.893195271492004395e+00,1.199985027313232422e+00,9.999978542327880859e-01,1.188740716315805912e-03,1.335732289589941502e-03,-1.108713331632316113e-03
6.007207870483398438e+00,3.420681953430175781e+00,7.023234367370605469e+00,9.999999403953552246e-01,-5.175562691874802113e-04,-1.514041941845789552e-04,9.738154767546802759e-05
1.140759348869323730e+00,5.403014183044433594e+00,4.625795364379882812e+00,9.999989867210388184e-01,-3.567447711247950792e-04,-8.354496676474809647e-04,1.156628830358386040e-03
6.548485279083251953e+00,5.931678295135498047e+00,6.821449756622314453e+00,9.999992847442626953e-01,-1.111821038648486137e-03,2.091852184094022959e-05,5.623862380161881447e-04
3.879704713821411133e+00,4.823700904846191406e+00,2.844627618789672852e+00,9.999997615814208984e-01,2.041901170741766691e-04,-1.206352535518817604e-04,7.656614761799573898e-04
3.017473459243774414e+00,6.175032615661621094e+00,4.847171306610107422e+00,9.999995231628417969e-01,5.822657840326428413e-04,6.262731621973216534e-04,-5.110088968649506569e-04
4.956707000732421875e+00,1.359934806823730469e+00,5.716773986816406250e+00,1.000000000000000000e+00,-1.071970546036027372e-04,1.287879422307014465e-04,-1.135316342697478831e-04
2.137509822845458984e+00,1.820168256759643555e+00,2.535884380340576172e-01,9.999996423721313477e-01,6.010776851326227188e-04,-2.226666583737824112e-05,6.461848388426005840e-04
6.227652072906494141e+00,5.169402599334716797e+00,2.788958787918090820e+00,9.999998807907104492e-01,2.016846556216478348e-04,-2.540828718338161707e-04,4.488701233640313148e-04
7.194993495941162109e+00,4.347446441650390625e+00,4.536826133728027344e+00,9.999917745590209961e-01,-3.830518340691924095e-03,5.207313806749880314e-04,-1.261332654394209385e-03
2.047708749771118164e+00,3.037955522537231445e+00,2.086448907852172852e+00,9.999898076057434082e-01,-1.969295786693692207e-03,-1.830828143283724785e-03,-3.652872284874320030e-03
7.476965427398681641e+00,6.597102165222167969e+00,4.085104465484619141e+00,9.999983310699462891e-01,8.536182576790452003e-04,-1.580560347065329552e-03,-4.225674492772668600e-04
5.380859375000000000e+00,1.173270121216773987e-01,5.645846843719482422e+00,9.999970197677612305e-01,-9.800888365134596825e-04,8.993374649435281754e-05,-2.266652183607220650e-03
2.518479347229003906e+00,1.050032973289489746e-01,1.727094531059265137e+00,1.000000000000000000e+00,-7.618533800268778577e-06,-1.757309073582291603e-04,-2.934783697128295898e-04
2.546716928482055664e+00,5.456751823425292969e+00,5.778618454933166504e-01,9.999998807907104492e-01,2.363031235290691257e-04,4.322237509768456221e-04,-2.584799367468804121e-04
5.340607643127441406e+00,2.403181314468383789e+00,2.723884344100952148e+00,9.999996423721313477e-01,-8.291710400953888893e-04,-4.249115881975740194e-04,7.844897481845691800e-05
5.957482814788818359e+00,5.403309345245361328e+00,7.082945201545953751e-03,9.999939203262329102e-01,-5.665477365255355835e-04,2.812901977449655533e-03,-2.016788581386208534e-03
4.543602094054222107e-02,1.259750366210937500e+00,2.362746477127075195e+00,9.999248385429382324e-01,-1.014060527086257935e-02,5.722551140934228897e-03,3.857759991660714149e-03
5.439261198043823242e-01,2.872868478298187256e-01,2.486177206039428711e+00,9.999997615814208984e-01,-2.473820641171187162e-04,-3.390371566638350487e-04,6.221969961188733578e-04
6.494863510131835938e+00,5.905795097351074219e+00,6.375814437866210938e+00,9.999471306800842285e-01,-9.862664155662059784e-03,-2.882630564272403717e-03,4.227716708555817604e-04
1.625914216041564941e+00,4.738080501556396484e+00,7.225858688354492188e+00,9.999994039535522461e-01,-5.387517157942056656e-04,-7.778765284456312656e-04,6.804904551245272160e-04
5.069018840789794922e+00,4.159856319427490234e+00,5.947315096855163574e-01,9.999834895133972168e-01,-2.596128731966018677e-03,5.042990203946828842e-03,9.352854685857892036e-04
6.526596546173095703e+00,7.361602306365966797e+00,2.366467237472534180e+00,9.999999403953552246e-01,-2.224938216386362910e-04,-3.859196149278432131e-04,2.640326565597206354e-04
4.919982910156250000e+00,6.600520133972167969e+00,4.333353996276855469e+00,9.999976158142089844e-01,1.097498228773474693e-03,-1.549556327518075705e-04,1.923658419400453568e-03
5.343983650207519531e+00,5.988093852996826172e+00,8.386676907539367676e-01,9.999498724937438965e-01,-1.502506318502128124e-03,3.628792183008044958e-05,9.904589504003524780e-03
3.772879600524902344e+00,2.988509654998779297e+00,4.435889244079589844e+00,9.999999403953552246e-01,3.683290269691497087e-04,-3.423165471758693457e-04,1.735779806040227413e-04
5.204250335693359375e+00,5.515872955322265625e+00,5.511008739471435547e+00,9.999996423721313477e-01,3.942865005228668451e-04,-7.782640750519931316e-04,2.422112593194469810e-04
8.366315960884094238e-01,4.687315225601196289e-01,6.933216571807861328e+00,9.999948143959045410e-01,-2.479038084857165813e-04,2.245686249807476997e-03,2.321637701243162155e-03
3.259702352806925774e-03,5.970446109771728516e+00,4.494022369384765625e+00,1.000000000000000000e+00,1.209279071190394461e-04,1.313640823354944587e-04,2.693780988920480013e-04
6.872845649719238281e+00,3.575293540954589844e+00,6.558036804199218750e+00,1.000000000000000000e+00,2.161746815545484424e-04,-2.539799424994271249e-06,-1.903033407870680094e-04
3.424756228923797607e-01,2.943723201751708984e+00,1.084729790687561035e+00,9.999989271163940430e-01,-7.083802483975887299e-04,1.269533531740307808e-03,4.221074341330677271e-04
7.875285148620605469e-01,2.713898420333862305e+00,3.508339881896972656e+00,9.998613595962524414e-01,1.496559008955955505e-02,5.480112042278051376e-03,-4.832553211599588394e-03
5.430938243865966797e+00,6.153332233428955078e+00,1.988844871520996094e+00,1.000000000000000000e+00,1.492024748586118221e-04,-8.565639291191473603e-05,7.932593871373683214e-05
2.625465691089630127e-01,7.068986415863037109e+00,7.000748634338378906e+00,9.999999403953552246e-01,-3.001415461767464876e-04,-3.828399640042334795e-04,-6.680322258034721017e-05
5.512871265411376953e+00,7.390114784240722656e+00,5.546884536743164062e-01,9.999996423721313477e-01,-4.926553810946643353e-04,6.770040490664541721e-04,2.785884425975382328e-04
7.239467620849609375e+00,7.409710407257080078e+00,7.264863967895507812e+00,1.000000000000000000e+00,-9.482766472501680255e-05,-1.972359495994169265e-05,3.534734423737972975e-04
2.434029132127761841e-01,3.209232330322265625e+00,1.746831774711608887e+00,9.999991059303283691e-01,3.532496921252459288e-04,-4.159211239311844110e-04,1.260426244698464870e-03
6.922710895538330078e+00,4.303601264953613281e+00,3.923375129699707031e+00,1.000000000000000000e+00,-2.004564157687127590e-04,-7.354166882578283548e-05,-8.527604222763329744e-05
5.755505561828613281e+00,5.103168964385986328e+00,3.345316648483276367e+00,9.999995827674865723e-01,-3.344432043377310038e-04,-8.731019333936274052e-04,3.066829813178628683e-04
5.611750602722167969e+00,2.738933563232421875e+00,2.297806024551391602e+00,9.999773502349853516e-01,5.566118750721216202e-03,3.256794996559619904e-03,-1.956424675881862640e-03
4.768115997314453125e+00,1.454374074935913086e+00,1.503109097480773926e+00,9.999993443489074707e-01,5.286628147587180138e-04,-6.678483332507312298e-04,8.502463460899889469e-04
6.268741488456726074e-01,4.204711914062500000e+00,8.460253477096557617e-01,9.999997615814208984e-01,6.998379249125719070e-04,4.170939428149722517e-05,-3.485558845568448305e-04
6.467523574829101562e+00,4.884910106658935547e+00,6.142354011535644531e+00,9.999979734420776367e-01,-4.204020660836249590e-04,1.865229336544871330e-03,7.588044973090291023e-04
4.754089355468750000e+00,1.681789278984069824e+00,2.464528560638427734e+00,9.999986886978149414e-01,1.173768891021609306e-03,2.829758159350603819e-04,-1.155201578512787819e-03
3.611661195755004883e+00,3.588629961013793945e-01,2.732137143611907959e-01,9.999990463256835938e-01,-3.251111484132707119e-04,1.325998222455382347e-03,4.222745192237198353e-04
4.908912181854248047e+00,4.706375002861022949e-01,5.951106071472167969e+00,1.000000000000000000e+00,1.187118323286995292e-05,1.085907861124724150e-04,1.294148678425699472e-04
1.201649427413940430e+00,7.330840587615966797e+00,6.335531711578369141e+00,9.999206662178039551e-01,-1.123458426445722580e-02,-5.690163001418113708e-03,2.753606822807341814e-04
6.798292994499206543e-01,2.854929447174072266e+00,2.417579650878906250e+00,9.999985098838806152e-01,1.634374260902404785e-03,-5.919264513067901134e-04,2.878209925256669521e-04
7.336349964141845703e+00,5.544821262359619141e+00,9.491420388221740723e-01,9.999980926513671875e-01,-1.358261564746499062e-03,-9.973020059987902641e-04,9.815765079110860825e-04
6.714523434638977051e-01,1.611974358558654785e+00,5.831238746643066406e+00,9.999994039535522461e-01,-7.020732737146317959e-04,1.157040387624874711e-04,-9.201073553413152695e-04
2.496995449066162109e+00,4.621410369873046875e+00,6.060235977172851562e+00,9.999999403953552246e-01,3.417489642743021250e-04,-1.707430492388084531e-04,-2.924107247963547707e-04
4.543709754943847656e+00,5.838488101959228516e+00,7.232876300811767578e+00,9.999995231628417969e-01,5.210955278016626835e-04,-3.170157287968322635e-05,8.884104317985475063e-04
1.915014028549194336e+00,3.727880001068115234e+00,5.466629028320312500e+00,9.999999403953552246e-01,1.245328603545203805e-04,7.600345270475372672e-05,-5.093853687867522240e-04
7.680545449256896973e-01,5.484756946563720703e+00,1.056390523910522461e+00,9.998569488525390625e-01,-1.265553943812847137e-02,2.658504294231534004e-03,1.090420503169298172e-02
8.174159526824951172e-01,3.292061328887939453e+00,3.129003345966339111e-01,9.999998807907104492e-01,-2.417490322841331363e-04,-6.473058601841330528e-05,5.600384902209043503e-04
2.256840467453002930e+00,5.623482227325439453e+00,4.572082042694091797e+00,9.997770786285400391e-01,-2.002513036131858826e-02,6.684245541691780090e-03,-2.989426138810813427e-04
6.360562324523925781e+00,3.158367156982421875e+00,4.765299797058105469e+00,9.999949932098388672e-01,2.738464390859007835e-03,-1.178635982796549797e-03,1.106573035940527916e-03
9.830356240272521973e-01,5.307549476623535156e+00,6.873672008514404297e+00,9.999995827674865723e-01,9.314787166658788919e-05,7.718857959844172001e-04,-5.696601001545786858e-04
1.245569467544555664e+00,4.926425457000732422e+00,3.961695909500122070e+00,9.999879002571105957e-01,-3.045265795662999153e-03,2.564348978921771049e-04,3.853603033348917961e-03
4.887392044067382812e+00,2.723150491714477539e+00,1.521496057510375977e+00,9.997900128364562988e-01,2.026130631566047668e-02,-2.633149269968271255e-03,1.589722349308431149e-03
2.511597156524658203e+00,1.849451899528503418e+00,5.164080619812011719e+00,9.998845458030700684e-01,-6.783995311707258224e-03,-7.508728653192520142e-03,-1.133669354021549225e-02
6.462703227996826172e+00,4.061736583709716797e+00,7.180061340332031250e+00,9.999998807907104492e-01,-1.873248984338715672e-04,1.748233335092663765e-04,-5.284872604534029961e-04
6.550459384918212891e+00,4.215403079986572266e+00,2.321043252944946289e+00,9.999945163726806641e-01,-2.133629284799098969e-03,2.333575859665870667e-03,-1.067590783350169659e-03
1.206500530242919922e+00,1.011407494544982910e+00,7.297593593597412109e+00,9.999956488609313965e-01,1.871126354672014713e-03,-2.215483458712697029e-03,-6.945369532331824303e-04
3.562391519546508789e+00,5.144405841827392578e+00,6.470058560371398926e-01,9.999951124191284180e-01,1.761478488333523273e-03,-2.181498100981116295e-03,1.394674647599458694e-03
6.316511631011962891e-01,5.733464717864990234e+00,7.443463802337646484e+00,9.998642802238464355e-01,2.042465610429644585e-03,8.223274722695350647e-03,-1.413294579833745956e-02
6.113870620727539062e+00,6.128556728363037109e+00,1.125113010406494141e+00,9.999997019767761230e-01,2.076908858725801110e-04,-2.578363346401602030e-04,7.750748191028833389e-04
1.139380216598510742e+00,1.284246444702148438e+00,2.270693540573120117e+00,9.999983310699462891e-01,1.148450537584722042e-03,1.441173488274216652e-03,-7.508783892262727022e-05
6.812125682830810547e+00,2.804582118988037109e+00,3.224044322967529297e+00,9.999998807907104492e-01,-3.925291530322283506e-04,1.745760528137907386e-04,2.298182516824454069e-04
2.694893360137939453e+00,6.519648432731628418e-01,7.259481430053710938e+00,9.999995827674865723e-01,6.176970200613141060e-04,-4.416607262101024389e-04,-6.198142655193805695e-04
7.469342231750488281e+00,1.494390726089477539e+00,4.225018024444580078e+00,9.999995827674865723e-01,8.856030181050300598e-04,-2.987819898407906294e-04,-3.660319489426910877e-04
3.391013145446777344e+00,2.204478502273559570e+00,5.260925769805908203e+00,9.999996423721313477e-01,-9.016713593155145645e-04,6.833071529399603605e-05,2.729455300141125917e-04
6.360195636749267578e+00,1.894290000200271606e-01,4.496035575866699219e+00,9.999957680702209473e-01,1.184242195449769497e-03,9.642710792832076550e-04,-2.500015543773770332e-03
5.113452434539794922e+00,2.321208000183105469e+00,7.030318737030029297e+00,9.999999403953552246e-01,-2.225619973614811897e-04,4.641254490707069635e-04,-2.624326589284464717e-05
1.387081861495971680e+00,3.540753841400146484e+00,3.959402799606323242e+00,9.999951720237731934e-01,-6.338928942568600178e-04,-5.035839858464896679e-04,-3.021981101483106613e-03
5.455821752548217773e-01,3.536185979843139648e+00,3.346254348754882812e+00,9.999169707298278809e-01,1.119473832659423351e-03,-9.737761691212654114e-03,8.361514657735824585e-03
5.065348625183105469e+00,2.441457986831665039e+00,1.452493190765380859e+00,9.999760985374450684e-01,6.348789203912019730e-03,6.165071390569210052e-04,2.694155322387814522e-03
2.105504274368286133e+00,4.352587223052978516e+00,6.740209579467773438e+00,9.999971389770507812e-01,-2.299345331266522408e-03,-6.152059067972004414e-04,-4.726935294456779957e-04
6.297933101654052734e+00,6.819751739501953125e+00,1.720384836196899414e+00,9.999987483024597168e-01,-1.190177281387150288e-03,-8.780749049037694931e-04,6.884440081194043159e-04
2.677540779113769531e+00,4.875219345092773438e+00,3.740611314773559570e+00,1.000000000000000000e+00,-1.312459789915010333e-04,5.733167199650779366e-06,1.559825323056429625e-04
1.074425578117370605e+00,1.284818887710571289e+00,6.778625488281250000e+00,9.999769330024719238e-01,-4.442228469997644424e-03,-3.834965405985713005e-03,3.428261261433362961e-03
3.007744312286376953e+00,1.189514771103858948e-01,3.075134992599487305e+00,9.999961256980895996e-01,1.723460154607892036e-03,-3.067649668082594872e-04,-2.152900444343686104e-03
2.262400150299072266e+00,6.886469125747680664e-01,3.030592441558837891e+00,9.999992847442626953e-01,-2.568604941188823432e-05,-1.267278683371841908e-03,1.418921747244894505e-04
5.779237747192382812e+00,3.592540264129638672e+00,1.654658317565917969e+00,9.999999403953552246e-01,-1.741022970236372203e-05,-2.913553034886717796e-04,-2.829846052918583155e-04
1.448419213294982910e+00,5.949519276618957520e-01,2.277184247970581055e+00,9.999992251396179199e-01,-1.230078865773975849e-03,2.782290684990584850e-04,-3.294528287369757891e-04
1.689961194992065430e+00,2.976477146148681641e+00,6.156995773315429688e+00,1.000000000000000000e+00,-2.609998045954853296e-04,1.073425664799287915e-04,-2.046064328169450164e-04
1.666447669267654419e-01,7.295300483703613281e+00,5.322984695434570312e+00,9.999648332595825195e-01,8.501834818162024021e-04,6.440679542720317841e-03,-5.309805274009704590e-03
5.563397407531738281e+00,4.469270229339599609e+00,9.518375992774963379e-01,9.999318718910217285e-01,4.649505484849214554e-03,-9.330975823104381561e-03,-5.261861719191074371e-03
2.841617822647094727e+00,1.023031353950500488e+00,7.741539478302001953e-01,9.999997019767761230e-01,-2.301280983374454081e-05,3.716341743711382151e-04,-7.347952341660857201e-04
6.700703144073486328e+00,2.875167369842529297e+00,6.613533973693847656e+00,9.999973773956298828e-01,3.783782885875552893e-04,-2.254954539239406586e-03,3.224533284083008766e-04
4.658132553100585938e+00,6.784310817718505859e+00,5.899572849273681641e+00,1.000000000000000000e+00,-1.906817487906664610e-05,3.846352919936180115e-04,-1.041494324454106390e-04
3.658317565917968750e+00,7.299318909645080566e-01,3.837174654006958008e+00,9.999945759773254395e-01,-3.246916458010673523e-04,-3.226248780265450478e-03,-6.109891692176461220e-04
5.131396293640136719e+00,5.303211212158203125e+00,9.596118927001953125e-01,9.999998807907104492e-01,3.368027682881802320e-04,-3.165246380376629531e-05,-5.217776633799076080e-04
2.628701210021972656e+00,5.812014579772949219e+00,6.090092182159423828e+00,9.999997019767761230e-01,4.266755131538957357e-04,2.455299363646190614e-05,7.028946420177817345e-04
4.993423938751220703e+00,7.166801452636718750e+00,4.875663280487060547e+00,9.999990463256835938e-01,5.435296334326267242e-04,2.824479597620666027e-04,-1.310610794462263584e-03
5.254738807678222656e+00,2.829959154129028320e+00,4.930269718170166016e+00,9.999998211860656738e-01,3.982360940426588058e-04,-3.229841531720012426e-04,-3.347684105392545462e-04
7.594529390335083008e-01,7.159073829650878906e+00,3.839034438133239746e-01,9.999999403953552246e-01,-1.036668836604803801e-04,3.822558792307972908e-04,-2.364769170526415110e-04
9.284783005714416504e-01,4.056465625762939453e+00,1.488173604011535645e+00,9.999334216117858887e-01,-3.732390701770782471e-03,5.029459483921527863e-03,9.699213318526744843e-03
6.294762611389160156e+00,8.907558917999267578e-01,5.147138118743896484e+00,9.999557137489318848e-01,-2.632754156365990639e-03,8.737896569073200226e-03,-2.293142490088939667e-03
4.068524360656738281e+00,2.878118276596069336e+00,3.157824039459228516e+00,9.999362230300903320e-01,8.220421150326728821e-03,-5.798117257654666901e-03,-5.149039439857006073e-03
3.327640295028686523e+00,4.056962490081787109e+00,4.580095291137695312e+00,1.000000000000000000e+00,2.179094299208372831e-04,9.191612480208277702e-05,1.829592947615310550e-04
2.797749042510986328e+00,6.196995258331298828e+00,5.411593437194824219e+00,9.999983310699462891e-01,1.098216744139790535e-03,1.413818914443254471e-03,-2.304146473761647940e-04
4.532866954803466797e+00,5.482357978820800781e+00,6.879022598266601562e+00,9.999997615814208984e-01,-4.012791905552148819e-04,-3.792567003984004259e-04,5.321158096194267273e-04
2.472545862197875977e+00,1.392887234687805176e+00,1.873479604721069336e+00,1.000000000000000000e+00,-1.522853126516565681e-04,-7.837347948225215077e-05,-1.642524293856695294e-04
2.974450349807739258e+00,7.169779300689697266e+00,5.916749238967895508e-01,9.999994039535522461e-01,-4.720602009911090136e-04,7.673805230297148228e-04,7.053483859635889530e-04
1.512916207313537598e+00,1.033367991447448730e+00,3.257213592529296875e+00,9.999298453330993652e-01,-8.078415878117084503e-03,2.329777460545301437e-03,-8.349091745913028717e-03
1.171203136444091797e+00,3.293529987335205078e+00,6.520618438720703125e+00,9.999998211860656738e-01,7.926674152258783579e-05,2.478805836290121078e-04,-6.311789038591086864e-04
7.169025421142578125e+00,1.115928649902343750e+00,5.942365646362304688e+00,9.999998807907104492e-01,-2.067252207780256867e-04,-7.028424442978575826e-05,5.283215432427823544e-04
7.317228317260742188e-01,5.375612735748291016e+00,5.594038486480712891e+00,9.999465346336364746e-01,-9.659729897975921631e-03,2.944119507446885109e-03,-2.232495928183197975e-03
4.272236347198486328e+00,1.242840170860290527e+00,1.089086771011352539e+00,9.999994039535522461e-01,-5.105495220050215721e-04,2.424116973998025060e-04,-1.021118485368788242e-03
7.208109855651855469e+00,1.693538427352905273e+00,2.475986957550048828e+00,9.999972581863403320e-01,-1.359141315333545208e-03,5.202544343774206936e-05,-1.902321353554725647e-03
5.531694889068603516e+00,4.326261997222900391e+00,2.478391170501708984e+00,9.999993443489074707e-01,4.660885024350136518e-04,-1.489400310674682260e-04,-1.107625779695808887e-03
6.002320289611816406e+00,6.580541610717773438e+00,4.208768844604492188e+00,9.999852776527404785e-01,6.891398807056248188e-04,5.388427060097455978e-03,1.780567399691790342e-04
4.665447473526000977e-01,1.168910741806030273e+00,7.064668178558349609e+00,9.999992251396179199e-01,5.149776698090136051e-04,1.149182324297726154e-03,-2.048528840532526374e-04
3.444040536880493164e+00,2.281764507293701172e+00,6.168476581573486328e+00,9.999151825904846191e-01,6.380571052432060242e-03,8.648688090033829212e-04,-1.132205501198768616e-02
5.280508995056152344e+00,3.459044456481933594e+00,4.821228981018066406e+00,9.999964833259582520e-01,-2.562267938628792763e-03,-6.607273244298994541e-04,-4.939274003845639527e-05
3.214368581771850586e+00,4.504745960235595703e+00,2.152157783508300781e+00,9.999991059303283691e-01,-2.756345493253320456e-04,3.933935367967933416e-04,1.237271353602409363e-03
7.462232112884521484e+00,5.610424995422363281e+00,6.093403816223144531e+00,9.999990463256835938e-01,-7.483237423002719879e-04,-1.174478675238788128e-03,2.130616339854896069e-04
5.450493812561035156e+00,5.080255508422851562e+00,2.022429943084716797e+00,9.999997019767761230e-01,-9.031433728523552418e-05,5.874359048902988434e-04,6.282757385633885860e-04
3.967261314392089844e+00,1.476751327514648438e+00,8.149730563163757324e-01,1.000000000000000000e+00,-1.275574031751602888e-04,-6.026056507835164666e-05,2.819630317389965057e-04
5.826304912567138672e+00,1.519433379173278809e+00,1.546633839607238770e+00,9.999989867210388184e-01,1.363806193694472313e-03,5.033129127696156502e-04,-1.196350058307871222e-04
2.485331058502197266e+00,2.767462968826293945e+00,7.064187526702880859e-01,9.999997019767761230e-01,2.383345272392034531e-04,-7.446752861142158508e-04,-1.660376583458855748e-04
6.058541297912597656e+00,3.203241109848022461e+00,1.975535869598388672e+00,1.000000000000000000e+00,-3.096064574492629617e-06,2.174619003199040890e-04,-5.034778587287291884e-05
6.270501136779785156e+00,1.371743798255920410e+00,5.542533874511718750e+00,9.999996423721313477e-01,-7.514492026530206203e-04,4.682473445427604020e-05,5.616379785351455212e-04
2.156400918960571289e+00,1.900771141052246094e+00,6.417278051376342773e-01,9.999970793724060059e-01,9.962696640286594629e-05,1.130302553065121174e-03,2.180960727855563164e-03
4.956560432910919189e-01,9.366308450698852539e-01,4.191113471984863281e+00,9.999988079071044922e-01,2.208950754720717669e-04,1.529155531898140907e-03,-2.983338490594178438e-04
2.055630445480346680e+00,2.574492990970611572e-01,6.783529281616210938e+00,9.999999403953552246e-01,4.709165077656507492e-04,1.710345968604087830e-04,-1.638015964999794960e-04
2.656828641891479492e+00,2.676410913467407227e+00,1.725517511367797852e+00,9.999997615814208984e-01,6.356964004226028919e-04,4.312354431021958590e-04,-1.923408854054287076e-04
3.172760307788848877e-01,4.950706362724304199e-01,4.459064602851867676e-01,9.999992251396179199e-01,8.725842344574630260e-04,-9.352071210741996765e-04,1.805647625587880611e-04
5.412753105163574219e+00,3.766617298126220703e+00,6.890598297119140625e+00,9.999995827674865723e-01,-5.036266520619392395e-04,-1.710355718387290835e-04,-8.140078862197697163e-04
4.187810897827148438e+00,4.034243583679199219e+00,5.901073455810546875e+00,9.999999403953552246e-01,-4.570843593683093786e-04,1.143991103162989020e-04,-8.007204451132565737e-05
4.576273918151855469e+00,1.894516587257385254e+00,7.094538688659667969e+00,9.999912381172180176e-01,-8.668241207487881184e-04,-3.101784735918045044e-03,2.701107645407319069e-03
5.237414836883544922e+00,1.489247798919677734e+00,2.611913442611694336e+00,9.999837875366210938e-01,-3.718109801411628723e-03,4.180854652076959610e-03,-1.100021530874073505e-03
1.447553157806396484e+00,4.406982421875000000e+00,5.234794616699218750e+00,9.999998807907104492e-01,2.527528849896043539e-04,1.602411502972245216e-04,-5.070840707048773766e-04
3.763437509536743164e+00,2.931086540222167969e+00,3.579650402069091797e+00,9.999991059303283691e-01,2.233598497696220875e-04,-1.268445281311869621e-03,5.176147096790373325e-04
4.343153953552246094e+00,5.298892021179199219e+00,1.432585835456848145e+00,1.000000000000000000e+00,1.702620793366804719e-04,1.125587077694945037e-04,1.764449916663579643e-05
7.087238878011703491e-02,7.022350788116455078e+00,2.690977811813354492e+00,9.999846220016479492e-01,2.728789579123258591e-03,4.819594323635101318e-03,-2.080745180137455463e-04
5.803154468536376953e+00,3.969960689544677734e+00,7.023100376129150391e+00,9.999989271163940430e-01,-1.022971118800342083e-03,3.258164215367287397e-04,-1.031512278132140636e-03
5.816435337066650391e+00,7.067935466766357422e+00,2.576166868209838867e+00,9.999999403953552246e-01,1.433190191164612770e-04,-1.240059791598469019e-04,5.190210649743676186e-04
3.645393133163452148e+00,3.296429157257080078e+00,3.682380914688110352e+00,9.999998807907104492e-01,-2.354163007112219930e-04,-4.869601689279079437e-04,3.357143214088864625e-05
4.343979835510253906e+00,2.078056573867797852e+00,7.458742141723632812e+00,9.999999403953552246e-01,3.023486060556024313e-04,-1.370673853671178222e-04,2.891861076932400465e-04
5.656620025634765625e+00,8.035792410373687744e-02,1.124920845031738281e+00,9.999273419380187988e-01,3.724952461197972298e-03,2.211378188803792000e-03,1.125151664018630981e-02
6.375450134277343750e+00,6.267807006835937500e+00,7.012391567230224609e+00,9.999997615814208984e-01,5.620156880468130112e-04,1.145338974311016500e-04,4.995069466531276703e-04
1.044577836990356445e+00,6.227660655975341797e+00,2.831911802291870117e+00,1.000000000000000000e+00,1.887390826595947146e-04,-2.093017101287841797e-04,2.204766351496800780e-04
4.187787532806396484e+00,3.229509592056274414e+00,5.183372020721435547e+00,9.999947547912597656e-01,-1.215723968925885856e-04,-3.244592808187007904e-03,-1.766690547810867429e-05
4.392776489257812500e+00,2.088264942169189453e+00,3.819675207138061523e+00,1.000000000000000000e+00,1.506192165834363550e-05,7.610604370711371303e-05,-5.487895759870298207e-05
6.914440155029296875e+00,5.490711688995361328e+00,1.456011056900024414e+00,9.999986290931701660e-01,1.210413058288395405e-03,8.188307401724159718e-04,8.359786588698625565e-04
4.816569805145263672e+00,6.627871990203857422e+00,9.256932735443115234e-01,9.999984502792358398e-01,1.221050624735653400e-03,4.730379732791334391e-04,1.207408844493329525e-03
6.187313079833984375e+00,3.253287792205810547e+00,2.658960342407226562e+00,9.999995827674865723e-01,2.167401980841532350e-04,-4.828138480661436915e-05,9.604284423403441906e-04
2.715392708778381348e-01,5.146683216094970703e+00,4.989780902862548828e+00,1.000000000000000000e+00,-1.552410540170967579e-04,-1.196825833176262677e-04,-2.406355197308585048e-04
2.838538885116577148e+00,5.128518581390380859e+00,6.533910751342773438e+00,9.999997615814208984e-01,-5.749899428337812424e-04,-2.270082622999325395e-04,3.883611352648586035e-04
3.616290569305419922e+00,1.380666613578796387e+00,2.317202329635620117e+00,9.999999403953552246e-01,-3.005750768352299929e-04,-3.820572601398453116e-05,3.240403020754456520e-04
2.941508054733276367e+00,2.518713474273681641e+00,8.824044466018676758e-01,9.999998807907104492e-01,5.137413972988724709e-04,-2.656717551872134209e-04,-2.305747475475072861e-04
6.054159641265869141e+00,3.967395067214965820e+00,4.462011337280273438e+00,9.999994635581970215e-01,-8.663406479172408581e-04,-1.853594585554674268e-04,5.483693676069378853e-04
3.991282701492309570e+00,1.536521315574645996e+00,3.366396427154541016e+00,9.999977946281433105e-01,-1.734245888656005263e-04,-2.119039651006460190e-03,-6.181209028000012040e-05
3.512783527374267578e+00,5.164628982543945312e+00,6.492303371429443359e+00,9.999834299087524414e-01,-4.830388352274894714e-03,2.445430494844913483e-03,1.972665544599294662e-03
4.026922225952148438e+00,5.827831268310546875e+00,2.008333921432495117e+00,1.000000000000000000e+00,1.056789551512338221e-04,2.250237448606640100e-04,-3.450886651990003884e-05
3.909331560134887695e+00,3.921919584274291992e+00,4.023849964141845703e+00,9.999994635581970215e-01,2.333651791559532285e-04,-7.966280682012438774e-04,7.319631404243409634e-04
7.119185924530029297e-01,2.589950323104858398e+00,4.780386447906494141e+00,9.999584555625915527e-01,4.691370297223329544e-03,6.713074631989002228e-03,-4.005718510597944260e-03
3.427455186843872070e+00,9.888875484466552734e-01,2.367548704147338867e+00,1.000000000000000000e+00,-1.772933901520445943e-04,-1.026732425088994205e-04,-3.859409844153560698e-06
2.476199865341186523e+00,7.235588550567626953e+00,6.187116622924804688e+00,1.000000000000000000e+00,4.132849571760743856e-04,-1.875677990028634667e-04,-2.189842962252441794e-05
6.257164001464843750e+00,2.738668203353881836e+00,4.488192081451416016e+00,9.999595880508422852e-01,2.125308848917484283e-03,-1.225246116518974304e-03,8.653841912746429443e-03
3.351274251937866211e+00,3.878807783126831055e+00,5.674424171447753906e+00,9.999998807907104492e-01,-1.446472451789304614e-04,-5.124231684021651745e-04,-3.865963080897927284e-04
2.458999395370483398e+00,4.139370918273925781e+00,3.083995580673217773e+00,9.999995231628417969e-01,-6.641944637522101402e-04,1.321510626439703628e-05,-8.311675628647208214e-04
1.298645973205566406e+00,4.183419346809387207e-01,4.901916980743408203e+00,9.999997615814208984e-01,-6.006247131153941154e-04,-4.075158212799578905e-04,1.881382486317306757e-04
2.546037435531616211e+00,5.232214927673339844e+00,2.305279493331909180e+00,1.000000000000000000e+00,-2.015769277932122350e-04,2.207877259934321046e-04,1.767981157172471285e-04
3.552429199218750000e+00,1.580625921487808228e-01,1.763863921165466309e+00,9.999599456787109375e-01,-6.755420938134193420e-03,-2.736314665526151657e-03,5.206711124628782272e-03
4.040797054767608643e-01,7.423865318298339844e+00,2.399505376815795898e+00,9.999988079071044922e-01,1.523402635939419270e-03,-1.570467138662934303e-04,-4.501662915572524071e-04
6.736344814300537109e+00,7.378747463226318359e+00,6.659368038177490234e+00,9.999992847442626953e-01,3.540948091540485620e-04,5.208955844864249229e-04,9.895246475934982300e-04
4.425003528594970703e+00,3.227003574371337891e+00,1.642605662345886230e+00,9.999430179595947266e-01,4.189216066151857376e-03,6.489511579275131226e-03,7.377604953944683075e-03
4.410028934478759766e+00,7.369652986526489258e-01,5.510989665985107422e+00,9.999999403953552246e-01,-1.213041759910993278e-04,-2.886671572923660278e-04,2.963650040328502655e-04
3.121393918991088867e+00,1.248630642890930176e+00,5.417368412017822266e+00,9.999993443489074707e-01,-6.001751753501594067e-04,-7.474730955436825752e-04,5.962064606137573719e-04
6.928836822509765625e+00,4.363451480865478516e+00,4.857268333435058594e+00,9.999794363975524902e-01,-6.070964504033327103e-03,1.794465701095759869e-03,-1.091870712116360664e-03
5.034622192382812500e+00,5.282224178314208984e+00,2.882621049880981445e+00,9.999920725822448730e-01,-4.701620855485089123e-05,-2.609343209769576788e-04,-3.976223524659872055e-03
6.595040321350097656e+00,1.704763889312744141e+00,2.676037073135375977e+00,9.999993443489074707e-01,-6.610745331272482872e-04,-3.792157804127782583e-04,-8.369280258193612099e-04
5.110294342041015625e+00,4.932855606079101562e+00,1.715880393981933594e+00,1.000000000000000000e+00,-1.243180449819192290e-04,1.281073782593011856e-04,-2.534211089368909597e-04
2.035544395446777344e+00,2.232021987438201904e-01,5.046365737915039062e+00,9.999992251396179199e-01,-4.281853907741606236e-04,-1.035658409819006920e-03,6.104572094045579433e-04
5.965960502624511719e+00,1.357018709182739258e+00,7.377083301544189453e+00,9.999986290931701660e-01,7.725915638729929924e-04,9.388992330059409142e-04,1.158594503067433834e-03
1.387616097927093506e-01,1.071784019470214844e+00,3.910704851150512695e+00,9.999994635581970215e-01,9.645940153859555721e-04,-4.673746007028967142e-04,-1.939084759214892983e-04
3.194080591201782227e+00,4.725194931030273438e+00,7.036990165710449219e+00,9.999428987503051758e-01,-5.889047402888536453e-03,4.095724318176507950e-03,7.926792837679386139e-03
5.722196102142333984e+00,1.086243271827697754e+00,1.852161251008510590e-02,9.999986886978149414e-01,-3.268088039476424456e-04,-1.216034754179418087e-03,-1.011117594316601753e-03
2.665779590606689453e+00,7.023723721504211426e-01,8.441230058670043945e-01,9.999973177909851074e-01,1.136242528446018696e-03,5.573257221840322018e-04,-1.935922075062990189e-03
5.839966773986816406e+00,2.726914644241333008e+00,6.543821334838867188e+00,9.999977946281433105e-01,8.558594854548573494e-04,-1.919903326779603958e-03,2.229631500085815787e-04
2.980032920837402344e+00,4.419419467449188232e-01,4.029628276824951172e+00,9.999999403953552246e-01,1.743362081469967961e-04,-4.037239414174109697e-04,3.350869228597730398e-04
1.472611546516418457e+00,2.460678815841674805e+00,2.394438266754150391e+00,9.999995827674865723e-01,3.720215754583477974e-04,-5.396317574195563793e-04,7.440368644893169403e-04
3.878830194473266602e+00,2.128977298736572266e+00,2.931807518005371094e+00,9.999998211860656738e-01,2.734242589212954044e-04,-1.875399320852011442e-04,4.645483859349042177e-04
5.548706531524658203e+00,2.612960815429687500e+00,3.158185482025146484e+00,9.999967217445373535e-01,4.660659760702401400e-05,-2.479315036907792091e-03,7.522663217969238758e-04
5.079152584075927734e+00,7.188557147979736328e+00,3.892382621765136719e+00,9.999987483024597168e-01,1.418878440745174885e-03,1.676637475611642003e-04,7.905705715529620647e-04
1.338531851768493652e+00,6.805021286010742188e+00,3.066325664520263672e+00,1.000000000000000000e+00,2.744677476584911346e-04,1.013740184134803712e-04,-2.135847025783732533e-04
1.956122279167175293e+00,1.572680771350860596e-01,3.871815681457519531e+00,9.998143911361694336e-01,1.259907893836498260e-02,1.227772701531648636e-02,-7.860559038817882538e-03
5.611760616302490234e+00,3.939400434494018555e+00,4.299162387847900391e+00,9.999999403953552246e-01,-5.229564849287271500e-04,-1.328874077444197610e-06,1.416703016730025411e-04
1.728242874145507812e+00,7.416727542877197266e+00,2.080673217773437500e+00,9.999960660934448242e-01,-1.191331073641777039e-03,1.801319769583642483e-03,-1.832905458286404610e-03
6.237796306610107422e+00,5.991085529327392578e+00,2.447652578353881836e+00,9.999998211860656738e-01,-3.147886600345373154e-04,-4.175301000941544771e-04,3.123682108707726002e-04
5.348249912261962891e+00,3.004477024078369141e+00,2.645307064056396484e+00,9.999992847442626953e-01,4.115380870644003153e-04,1.135724945925176144e-03,3.035800909856334329e-05
3.984585285186767578e+00,2.216365098953247070e+00,4.979913711547851562e+00,1.000000000000000000e+00,-4.114503826713189483e-05,-2.390453591942787170e-04,3.009556094184517860e-04
7.376398563385009766e+00,3.175338506698608398e-01,5.233015060424804688e+00,9.999999403953552246e-01,2.185362682212144136e-04,3.750582109205424786e-04,-2.162475429940968752e-04
5.746054649353027344e-01,3.489000558853149414e+00,6.707374095916748047e+00,9.999715685844421387e-01,6.346086040139198303e-03,3.180925501510500908e-03,2.543807262554764748e-03
1.862397074699401855e+00,4.311730861663818359e+00,2.227903366088867188e+00,9.999998807907104492e-01,1.606274454388767481e-04,-2.877058868762105703e-04,-1.853271678555756807e-04
5.325420379638671875e+00,1.157806158065795898e+00,7.319699764251708984e+00,9.999318122863769531e-01,6.679181242361664772e-04,1.044526975601911545e-02,-5.180578678846359253e-03
4.648365974426269531e+00,1.539411187171936035e+00,9.327518343925476074e-01,9.999996423721313477e-01,-1.420041517121717334e-04,-3.814468509517610073e-04,-8.345194510184228420e-04
6.989523887634277344e+00,3.468596220016479492e+00,1.010145783424377441e+00,9.999998211860656738e-01,-3.308779923827387393e-05,-1.651976635912433267e-04,-7.033917936496436596e-04
1.758957624435424805e+00,1.997047543525695801e+00,6.093610525131225586e-01,9.999564290046691895e-01,6.076368503272533417e-03,-3.885164856910705566e-03,-5.934066139161586761e-03
1.343200951814651489e-01,1.237909197807312012e+00,5.987985610961914062e+00,9.999756217002868652e-01,6.815319415181875229e-03,1.221373677253723145e-03,-9.272741735912859440e-04
3.627101659774780273e+00,5.697413444519042969e+00,4.857106208801269531e+00,9.999821186065673828e-01,-4.392586182802915573e-03,4.063336644321680069e-03,-1.293800014536827803e-04
2.219830751419067383e+00,2.336509466171264648e+00,5.656345367431640625e+00,9.999999403953552246e-01,1.662230351939797401e-05,-7.757085404591634870e-05,-4.630662733688950539e-04
1.851021051406860352e-01,3.723567247390747070e+00,1.803961157798767090e+00,9.999998211860656738e-01,1.425331574864685535e-04,6.182143115438520908e-04,-2.172585955122485757e-04
6.334477901458740234e+00,5.802400588989257812e+00,2.791624546051025391e+00,9.999996423721313477e-01,-3.684725088533014059e-04,-6.448623025789856911e-04,5.547299515455961227e-04
7.088716030120849609e+00,4.423658251762390137e-01,3.804865598678588867e+00,1.000000000000000000e+00,2.604665678518358618e-05,-3.946916694985702634e-05,3.590840497054159641e-04
8.313452601432800293e-01,7.232181072235107422e+00,3.793590784072875977e+00,9.999998807907104492e-01,-3.002579323947429657e-04,4.427345411386340857e-04,-1.160689498647116125e-04
7.347276210784912109e+00,3.835340738296508789e+00,4.156623840332031250e+00,9.999997615814208984e-01,5.398255889303982258e-04,-8.520854316884651780e-05,5.055423825979232788e-04
2.820917367935180664e+00,4.478998184204101562e+00,9.568210244178771973e-01,1.000000000000000000e+00,3.154487931169569492e-04,-1.488689595134928823e-04,-1.929686841322109103e-04
6.570999622344970703e+00,3.147629499435424805e+00,5.043169021606445312e+00,9.999996423721313477e-01,-1.205693624797277153e-04,-1.802446058718487620e-04,-8.430240559391677380e-04
6.537175178527832031e+00,1.802518248558044434e+00,5.985405445098876953e-01,1.000000000000000000e+00,5.730881821364164352e-05,7.072493463056162000e-05,-3.476525889709591866e-04
1.133991837501525879e+00,7.183283329010009766e+00,2.202406644821166992e+00,9.998573660850524902e-01,4.537015687674283981e-03,-1.529180072247982025e-02,5.559144541621208191e-03
5.028043746948242188e+00,1.720456123352050781e+00,4.017596721649169922e+00,9.999958276748657227e-01,-2.739672083407640457e-03,8.809172431938350201e-04,-4.012045101262629032e-04
7.489090919494628906e+00,1.019501209259033203e+00,6.685666084289550781e+00,9.999996423721313477e-01,-9.032172965817153454e-05,8.409591391682624817e-04,1.463794760638847947e-04
1.791201949119567871e+00,6.779699921607971191e-01,3.871703863143920898e+00,9.999995231628417969e-01,-9.825206361711025238e-04,2.496258239261806011e-04,-7.113661467883503065e-06
2.871159553527832031e+00,3.968652963638305664e+00,4.604207038879394531e+00,9.999889731407165527e-01,2.913777134381234646e-04,3.390989964827895164e-03,-3.239761805161833763e-03
2.329936265945434570e+00,1.340773820877075195e+00,2.170623779296875000e+00,1.000000000000000000e+00,-1.107250282075256109e-04,-4.334899495006538928e-05,-4.991526657249778509e-05
3.050398349761962891e+00,1.569606781005859375e+00,3.906525850296020508e+00,1.000000000000000000e+00,2.108352491632103920e-04,-3.346377052366733551e-04,9.045156184583902359e-05
4.513545989990234375e+00,7.354583740234375000e+00,7.486430168151855469e+00,9.999999403953552246e-01,-3.636113251559436321e-04,3.562950005289167166e-04,-1.041092255036346614e-04
4.955046653747558594e+00,4.729147911071777344e+00,1.085757240653038025e-01,9.999833106994628906e-01,-2.152712317183613777e-03,5.324851255863904953e-03,7.361220195889472961e-04
3.755183815956115723e-01,5.761994838714599609e+00,6.048887729644775391e+00,9.999997615814208984e-01,-1.849124382715672255e-04,-6.827213219366967678e-04,3.023282915819436312e-04
4.507799148559570312e-01,6.625660896301269531e+00,1.901223063468933105e+00,9.998701810836791992e-01,1.219108933582901955e-03,9.890142828226089478e-03,1.266858167946338654e-02
6.265305042266845703e+00,6.855612277984619141e+00,1.389126539230346680e+00,9.999963641166687012e-01,-7.082850206643342972e-04,3.012206288985908031e-04,2.570042619481682777e-03
7.390646338462829590e-01,5.219840526580810547e+00,5.995091915130615234e+00,9.999989867210388184e-01,-1.226877095177769661e-03,5.076525849290192127e-04,-6.297901272773742676e-04
2.870417118072509766e+00,2.365253686904907227e+00,2.644036769866943359e+00,9.999907016754150391e-01,-2.335921861231327057e-03,3.594823647290468216e-03,5.608650972135365009e-04
4.942862510681152344e+00,2.794855356216430664e+00,5.765840530395507812e+00,9.999945759773254395e-01,-2.238407963886857033e-03,4.133406910113990307e-04,2.411240246146917343e-03
5.439395308494567871e-01,4.997502803802490234e+00,3.179153919219970703e+00,9.998786449432373047e-01,-9.026575833559036255e-03,-1.000779308378696442e-02,7.820417173206806183e-03
2.816141605377197266e+00,3.324607133865356445e+00,1.289622664451599121e+00,9.999999403953552246e-01,1.725205947877839208e-04,-3.476092824712395668e-04,-2.269070537295192480e-04
3.181572631001472473e-02,7.354561805725097656e+00,6.130088329315185547e+00,9.999999403953552246e-01,-4.679469857364892960e-04,-7.117119093891233206e-05,2.293897159688640386e-05
2.251238584518432617e+00,3.385735034942626953e+00,1.962214559316635132e-01,1.000000000000000000e+00,2.842452522600069642e-05,1.340141752734780312e-04,-8.301758498419076204e-05
7.324795246124267578e+00,5.249295711517333984e+00,1.268325805664062500e+00,1.000000000000000000e+00,-1.852825807873159647e-04,-2.131149667548015714e-04,-1.719933352433145046e-04
3.926061153411865234e+00,4.487432003021240234e+00,3.694713354110717773e+00,9.999997019767761230e-01,-3.798690158873796463e-04,-4.246447060722857714e-04,6.421712459996342659e-04
7.051405429840087891e+00,3.302855491638183594e+00,2.531215906143188477e+00,1.000000000000000000e+00,1.227523607667535543e-04,-8.474197238683700562e-05,-1.645713782636448741e-04
3.113332033157348633e+00,4.011734485626220703e+00,6.616597175598144531e+00,9.999997615814208984e-01,3.390157362446188927e-04,-6.973100826144218445e-04,-1.844190119300037622e-04
2.940684080123901367e+00,6.784125328063964844e+00,7.275364875793457031e+00,9.999716281890869141e-01,6.880544242449104786e-04,-6.893543992191553116e-03,2.979609882459044456e-03
1.447306752204895020e+00,1.368345022201538086e+00,3.078473806381225586e-01,9.999988079071044922e-01,4.295334510970860720e-04,-2.574903774075210094e-04,-1.500107580795884132e-03
2.016976833343505859e+00,8.607330918312072754e-02,5.896802902221679688e+00,9.999479651451110840e-01,-1.716141356155276299e-03,6.612170953303575516e-03,-7.582815829664468765e-03
5.674258232116699219e+00,6.735088348388671875e+00,3.408027887344360352e+00,9.999956488609313965e-01,2.628860820550471544e-04,-1.784201827831566334e-03,-2.357358578592538834e-03
2.956058084964752197e-02,5.165861129760742188e+00,3.267867088317871094e+00,9.999992251396179199e-01,5.334775323717622086e-07,-1.155624631792306900e-03,5.752596189267933369e-04
3.038017749786376953e+00,4.635149478912353516e+00,4.689919948577880859e+00,9.999998807907104492e-01,1.619244867470115423e-04,3.242392558604478836e-04,4.503179516177624464e-04
5.112275123596191406e+00,3.651219606399536133e+00,2.832751750946044922e+00,9.999999403953552246e-01,-3.100467438343912363e-04,1.422143250238150358e-04,-3.505926579236984253e-04
4.535676956176757812e+00,4.681143283843994141e+00,5.914951801300048828e+00,9.999518990516662598e-01,-4.804819356650114059e-03,7.620712742209434509e-03,3.890695516020059586e-03
3.965034484863281250e-01,3.001211643218994141e+00,3.859813883900642395e-02,9.999999403953552246e-01,3.573608992155641317e-04,2.867278526537120342e-04,-1.251205389962706249e-06
6.722925186157226562e+00,3.675579130649566650e-01,3.213301301002502441e-01,9.999997615814208984e-01,-4.220625851303339005e-04,-1.771156094036996365e-04,-6.403833394870162010e-04
4.654060840606689453e+00,5.130488872528076172e+00,3.528570652008056641e+00,9.999963045120239258e-01,-2.620973100420087576e-04,2.271921839565038681e-03,-1.464755623601377010e-03
1.795269727706909180e+00,1.684716701507568359e+00,7.408978462219238281e+00,9.999997019767761230e-01,-1.470749703003093600e-04,8.065889123827219009e-04,-2.097018586937338114e-04
5.540307998657226562e+00,2.053779602050781250e+00,3.328489542007446289e+00,9.999979734420776367e-01,-1.733078388497233391e-03,-5.625906633213162422e-04,-9.091689717024564743e-04
1.711861610412597656e+00,7.371335506439208984e+00,5.310281753540039062e+00,9.999972581863403320e-01,3.261907841078937054e-04,-2.331677591428160667e-03,3.071665996685624123e-04
3.502911627292633057e-01,2.229686498641967773e+00,3.714581251144409180e+00,9.999998807907104492e-01,5.448730662465095520e-04,-3.187150286976248026e-04,-7.645583536941558123e-06
5.488181114196777344e+00,4.252031326293945312e+00,3.951836347579956055e+00,9.999998211860656738e-01,-5.246237851679325104e-04,5.446845170808956027e-05,-4.356137942522764206e-04
1.440501689910888672e+00,6.046067714691162109e+00,6.525711059570312500e+00,9.998882412910461426e-01,3.975644242018461227e-03,-7.483372464776039124e-04,1.439650915563106537e-02
5.699702739715576172e+00,7.280611991882324219e+00,3.934554100036621094e+00,9.999998211860656738e-01,4.620469699148088694e-04,-4.485041135922074318e-04,5.369661266740877181e-06
5.347086906433105469e+00,1.285738825798034668e+00,1.145512834191322327e-01,9.999513626098632812e-01,2.698190510272979736e-04,8.670496754348278046e-03,-4.698938224464654922e-03
3.778588056564331055e+00,2.696696758270263672e+00,7.064375877380371094e+00,9.999997615814208984e-01,7.230447863548761234e-06,-7.045184611342847347e-04,3.436046536080539227e-04
5.646472930908203125e+00,4.612534523010253906e+00,4.119416236877441406e+00,9.999995827674865723e-01,-6.102906627347692847e-05,-1.244415325345471501e-04,-9.586440864950418472e-04
1.952463030815124512e+00,1.395004749298095703e+00,4.679980754852294922e+00,9.999998807907104492e-01,3.130884142592549324e-04,-4.311471711844205856e-04,-3.661989467218518257e-04
6.920622348785400391e+00,7.182276248931884766e-01,5.342675209045410156e+00,9.999839663505554199e-01,3.561651334166526794e-03,-4.209360573440790176e-03,1.331280684098601341e-03
2.816126048564910889e-01,3.463901996612548828e+00,2.121650695800781250e+00,9.999998211860656738e-01,-3.822791622951626778e-04,3.629380080383270979e-04,-4.229656769894063473e-04
2.809481143951416016e+00,4.302651882171630859e+00,4.020040035247802734e+00,9.999998211860656738e-01,-5.488100578077137470e-04,2.163325698347762227e-04,3.931805258616805077e-04
4.402210235595703125e+00,1.989896655082702637e+00,5.003805637359619141e+00,1.000000000000000000e+00,-1.290711370529606938e-04,-2.481534029357135296e-04,-7.214750075945630670e-05
3.631530284881591797e+00,8.306651711463928223e-01,4.344337463378906250e+00,9.999737143516540527e-01,-4.947633482515811920e-03,-5.170903168618679047e-03,-1.187901943922042847e-03
3.586483955383300781e+00,4.546124935150146484e+00,2.078042507171630859e+00,9.999963641166687012e-01,-5.926737794652581215e-04,1.474162680096924305e-03,2.198463538661599159e-03
6.438019752502441406e+00,9.003192782402038574e-01,5.452143192291259766e+00,9.999865293502807617e-01,5.779076018370687962e-04,-4.954358562827110291e-03,-1.465484849177300930e-03
5.961435317993164062e+00,5.661934852600097656e+00,3.710168838500976562e+00,9.999993443489074707e-01,6.165381637401878834e-04,-9.883920429274439812e-04,-2.561268629506230354e-04
5.581213951110839844e+00,7.268033504486083984e+00,1.038323119282722473e-01,9.999967217445373535e-01,-1.211561844684183598e-03,1.629344071261584759e-03,-1.546328188851475716e-03
2.810600519180297852e+00,3.884654521942138672e+00,3.681921243667602539e+00,9.999958276748657227e-01,-2.241032663732767105e-03,1.793777220882475376e-03,2.729429688770323992e-04
6.541356563568115234e+00,4.945460796356201172e+00,2.800039947032928467e-01,9.999989867210388184e-01,-7.381273899227380753e-04,1.148242852650582790e-03,-5.351764266379177570e-04
2.089396715164184570e+00,4.602879881858825684e-01,1.189981818199157715e+00,9.999798536300659180e-01,6.244497373700141907e-03,-1.087555778212845325e-03,-4.847673408221453428e-04
3.890383481979370117e+00,2.937359333038330078e+00,1.754507303237915039e+00,9.999828338623046875e-01,3.954314626753330231e-03,2.534678671509027481e-03,3.518699668347835541e-03
5.432725906372070312e+00,1.438426852226257324e+00,4.218028545379638672e+00,9.999997615814208984e-01,1.854731453931890428e-05,6.533810519613325596e-04,-3.826367028523236513e-04
1.381780624389648438e+00,2.378827571868896484e+00,6.238384723663330078e+00,9.999954700469970703e-01,1.317187445238232613e-03,-1.637017237953841686e-03,2.180218230932950974e-03
1.212868928909301758e+00,4.030214786529541016e+00,3.032827973365783691e-01,9.999962449073791504e-01,1.873963279649615288e-03,-1.087399083189666271e-03,-1.682690693996846676e-03
7.456157207489013672e+00,1.716721773147583008e+00,7.051340103149414062e+00,9.999999403953552246e-01,3.492767282295972109e-04,9.976847650250419974e-07,-4.148014995735138655e-04
2.079318761825561523e+00,6.726104617118835449e-01,4.607492446899414062e+00,9.999993443489074707e-01,-7.958671776577830315e-04,-8.935067453421652317e-04,1.609307364560663700e-04
6.836680889129638672e+00,6.503166198730468750e+00,2.113974094390869141e+00,9.999981522560119629e-01,-5.250141839496791363e-04,6.592883146367967129e-04,1.763761974871158600e-03
6.012375831604003906e+00,6.955384254455566406e+00,3.870416641235351562e+00,9.999958872795104980e-01,1.194121083244681358e-03,4.159473755862563848e-04,2.564208814874291420e-03
3.807488441467285156e+00,1.273666739463806152e+00,5.056267380714416504e-01,1.000000000000000000e+00,2.367160777794197202e-04,2.035286706814076751e-05,4.742310920846648514e-06
7.303225517272949219e+00,6.563409417867660522e-02,9.909736514091491699e-01,1.000000000000000000e+00,4.935458491672761738e-05,-1.418081319570774212e-05,3.531810070853680372e-04
4.845091819763183594e+00,4.565758705139160156e+00,1.234403014183044434e+00,9.999984502792358398e-01,-6.664442480541765690e-04,8.478384697809815407e-04,-1.424853224307298660e-03
5.923823356628417969e+00,5.888340473175048828e-01,7.136480212211608887e-01,9.999957084655761719e-01,-2.979258715640753508e-04,1.858820673078298569e-03,2.278290223330259323e-03
6.619919776916503906e+00,3.488472938537597656e+00,1.715201139450073242e+00,9.999982714653015137e-01,-5.987631157040596008e-04,-1.071788487024605274e-03,-1.403710222803056240e-03
4.660362720489501953e+00,7.258666038513183594e+00,6.446720600128173828e+00,9.999734759330749512e-01,1.748293638229370117e-03,7.049167528748512268e-03,-6.443522870540618896e-04
5.954567432403564453e+00,6.714109420776367188e+00,1.751269578933715820e+00,9.999998211860656738e-01,-5.798900383524596691e-04,-3.017146955244243145e-04,-1.159197836386738345e-05
3.473561763763427734e+00,4.376598358154296875e+00,2.920920133590698242e+00,9.999971985816955566e-01,1.743169617839157581e-03,1.056112698279321194e-03,-1.171870506368577480e-03
5.868608474731445312e+00,4.197689056396484375e+00,5.766837120056152344e+00,9.999988675117492676e-01,-1.150829950347542763e-03,-8.921020198613405228e-04,-5.330122658051550388e-04
7.406621932983398438e+00,3.473663806915283203e+00,6.792838573455810547e+00,9.999998807907104492e-01,1.773600815795361996e-04,-4.344764747656881809e-04,-2.258395397802814841e-04
3.609433650970458984e+00,4.064715862274169922e+00,2.457600355148315430e+00,9.999476671218872070e-01,4.956293385475873947e-03,-4.746992606669664383e-03,-7.592251058667898178e-03
4.486767292022705078e+00,3.893772602081298828e+00,5.870246410369873047e+00,1.000000000000000000e+00,-3.183965163771063089e-04,-4.881012864643707871e-05,5.231457180343568325e-06
5.815035700798034668e-01,6.880918979644775391e+00,4.361628532409667969e+00,9.999464750289916992e-01,8.698989986442029476e-04,-7.162829861044883728e-03,-7.421830203384160995e-03
2.141905784606933594e+00,1.040250182151794434e+00,4.671710014343261719e+00,9.999995827674865723e-01,1.377255248371511698e-04,-8.649820811115205288e-04,-4.254606901668012142e-04
4.259675502777099609e+00,4.328879833221435547e+00,4.773471832275390625e+00,9.999072551727294922e-01,2.730742795392870903e-03,-1.050357334315776825e-02,-8.238959126174449921e-03
2.497395515441894531e+00,1.449308156967163086e+00,4.513621330261230469e+00,9.999998211860656738e-01,5.127495387569069862e-04,-1.635807129787281156e-04,-4.237239190842956305e-04
6.792413592338562012e-01,6.271592140197753906e+00,5.499759197235107422e+00,9.999993443489074707e-01,5.415177438408136368e-04,1.040424220263957977e-03,3.464437904767692089e-04
5.931343555450439453e+00,5.294526100158691406e+00,7.357767224311828613e-01,9.999988079071044922e-01,4.861083871219307184e-04,-1.083370298147201538e-03,-1.017094589769840240e-03
3.984363317489624023e+00,4.016387462615966797e+00,7.474283695220947266e+00,1.000000000000000000e+00,1.289684150833636522e-04,1.149060494753939565e-06,-1.881988719105720520e-04
1.888729184865951538e-01,3.150693893432617188e+00,4.265789985656738281e+00,9.999998211860656738e-01,4.980713129043579102e-04,-2.969683846458792686e-04,-3.276689094491302967e-04
5.261903405189514160e-01,5.072799205780029297e+00,7.013243198394775391e+00,9.999998211860656738e-01,-1.630636324989609420e-05,6.619957275688648224e-04,1.389348908560350537e-04
1.744666248559951782e-01,5.274825096130371094e+00,6.806547641754150391e+00,9.999998807907104492e-01,-3.878357820212841034e-04,-2.760104252956807613e-04,3.316456859465688467e-04
1.321835964918136597e-01,5.371569633483886719e+00,5.293341159820556641e+00,9.999995231628417969e-01,-4.525757394731044769e-04,2.575884282123297453e-04,-8.950070478022098541e-04
1.779449701309204102e+00,5.733954429626464844e+00,5.053319931030273438e+00,9.999994039535522461e-01,1.277199335163459182e-04,2.751087595243006945e-04,-1.088352408260107040e-03
5.986737251281738281e+00,4.723076820373535156e+00,2.459030389785766602e+00,9.999998807907104492e-01,2.526584430597722530e-04,3.308338345959782600e-04,4.708667693194001913e-04
6.096976995468139648e-01,2.325928926467895508e+00,7.337106704711914062e+00,9.999998211860656738e-01,4.178440140094608068e-04,4.082304367329925299e-04,2.190451923524960876e-04
1.287293195724487305e+00,2.605207443237304688e+00,5.575923442840576172e+00,9.999921321868896484e-01,-3.816999262198805809e-03,-1.101563451811671257e-03,-6.280852539930492640e-05
3.312091350555419922e+00,2.324800729751586914e+00,5.259083509445190430e-01,1.000000000000000000e+00,2.353703603148460388e-04,-1.223636791110038757e-04,-1.650189660722389817e-04
5.192918300628662109e+00,6.987193584442138672e+00,1.904900193214416504e+00,9.999999403953552246e-01,-1.941001210070680827e-05,-8.983362204162403941e-05,-4.555458144750446081e-04
5.454544544219970703e+00,4.123750686645507812e+00,1.887737035751342773e+00,9.999996423721313477e-01,2.149120555259287357e-04,-3.379492409294471145e-05,-8.757172035984694958e-04
3.446679592132568359e+00,4.936819553375244141e+00,5.620611190795898438e+00,1.000000000000000000e+00,1.272726221941411495e-04,-2.588299103081226349e-04,-5.362814772524870932e-05
4.014358043670654297e+00,5.905320167541503906e+00,4.369571685791015625e+00,9.999996423721313477e-01,1.527489948784932494e-04,-1.352904218947514892e-04,-9.007508051581680775e-04
1.567558646202087402e-01,4.586864948272705078e+00,1.412690877914428711e+00,9.999998807907104492e-01,-3.166781971231102943e-05,3.717209983733482659e-05,-6.352939526550471783e-04
5.642124176025390625e+00,5.532986164093017578e+00,2.977001905441284180e+00,9.999997615814208984e-01,4.078576603205874562e-05,-3.867248306050896645e-04,6.613348959945142269e-04
1.989833116531372070e-01,1.470653176307678223e+00,5.293141007423400879e-01,9.999997019767761230e-01,-7.955227047204971313e-04,-1.215624724864028394e-04,2.126455656252801418e-04
4.988119602203369141e+00,1.207632660865783691e+00,3.354500234127044678e-01,9.998194575309753418e-01,1.348436623811721802e-02,-5.597114213742315769e-04,1.337734609842300415e-02
5.304127216339111328e+00,3.893173456192016602e+00,1.408938527107238770e+00,9.999995231628417969e-01,-6.756886723451316357e-04,5.649266531690955162e-04,5.119632696732878685e-04
7.447509288787841797e+00,6.283341884613037109e+00,2.551194190979003906e+00,9.999994039535522461e-01,-1.052413717843592167e-03,-4.774166736751794815e-04,-5.294782022247090936e-05
3.474029541015625000e+00,2.407516717910766602e+00,5.567511558532714844e+00,9.999976158142089844e-01,-1.452845288440585136e-03,-1.638881745748221874e-03,-3.384727169759571552e-04
6.907089799642562866e-02,1.851677417755126953e+00,4.213587284088134766e+00,9.999973177909851074e-01,1.896197674795985222e-03,-1.304120058193802834e-03,1.052911538863554597e-04
1.305526494979858398e+00,3.644221782684326172e+00,6.240159988403320312e+00,9.999999403953552246e-01,4.856174637097865343e-04,8.924819849198684096e-05,-2.453326887916773558e-04
6.600706577301025391e+00,1.639287024736404419e-01,6.182811260223388672e+00,9.999972581863403320e-01,2.176366513594985008e-03,8.210423402488231659e-04,2.755786699708551168e-04
2.612634897232055664e+00,6.254048824310302734e+00,6.849153041839599609e+00,1.000000000000000000e+00,-1.802098122425377369e-04,1.907542609842494130e-04,-5.987515396554954350e-05
3.026043653488159180e+00,5.315922498703002930e-01,6.551476955413818359e+00,9.999986886978149414e-01,-6.915812264196574688e-04,-4.018031468149274588e-04,-1.415158039890229702e-03
2.050754547119140625e+00,1.190304160118103027e+00,6.245206356048583984e+00,9.999995827674865723e-01,-1.374419298372231424e-05,5.844152183271944523e-04,7.648096070624887943e-04
7.010917186737060547e+00,6.670209407806396484e+00,5.478530004620552063e-02,1.000000000000000000e+00,2.649686066433787346e-04,-7.060936331981793046e-05,1.627071906113997102e-04
5.050580501556396484e+00,1.173869371414184570e+00,2.919524431228637695e+00,9.999986290931701660e-01,-1.296386821195483208e-03,9.966836078092455864e-04,2.733719011303037405e-04
6.167918682098388672e+00,6.772128105163574219e+00,5.078891277313232422e+00,9.999998807907104492e-01,-3.522727056406438351e-04,4.625611181836575270e-04,2.132902445737272501e-04
9.582058787345886230e-01,6.247004985809326172e+00,6.441876411437988281e+00,9.999993443489074707e-01,9.163471986539661884e-04,7.790971721988171339e-05,6.826347089372575283e-04
3.244781017303466797e+00,4.297183990478515625e+00,2.508945703506469727e+00,9.999974966049194336e-01,-5.606515915133059025e-04,-8.814107277430593967e-04,2.008800394833087921e-03
5.111457347869873047e+00,4.309852123260498047e+00,2.293406873941421509e-01,9.999170303344726562e-01,8.831887505948543549e-03,-6.330482661724090576e-03,6.924162618815898895e-03
6.315322518348693848e-01,3.605019807815551758e+00,2.064762592315673828e+00,9.999998807907104492e-01,2.258711901959031820e-04,-4.760462616104632616e-04,3.513288684189319611e-04
5.833682060241699219e+00,1.846944242715835571e-01,3.217811346054077148e+00,1.000000000000000000e+00,1.040986244333907962e-04,-6.631072028540074825e-05,1.583182020112872124e-04
2.405358791351318359e+00,2.888288974761962891e+00,1.385376334190368652e+00,9.999998807907104492e-01,-1.213905707118101418e-04,-2.449935127515345812e-04,-3.866085608024150133e-04
5.195357799530029297e+00,6.345318794250488281e+00,4.652853965759277344e+00,9.999921321868896484e-01,5.703584174625575542e-04,-3.439552383497357368e-03,1.902874675579369068e-03
1.656685590744018555e+00,9.677848815917968750e-01,6.386208057403564453e+00,9.999976754188537598e-01,5.542165599763393402e-04,1.714370795525610447e-03,1.222376129589974880e-03
3.832738876342773438e+00,6.450588703155517578e+00,4.811090469360351562e+00,9.999994635581970215e-01,4.370549286250025034e-04,-1.531564194010570645e-04,-1.002278528176248074e-03
2.670998811721801758e+00,4.173260688781738281e+00,2.653713703155517578e+00,9.999998807907104492e-01,-3.063538752030581236e-04,8.931923366617411375e-05,-5.603290046565234661e-04
2.414056301116943359e+00,1.233552694320678711e+00,3.925134181976318359e+00,9.999999403953552246e-01,3.642227675300091505e-04,-2.634528209455311298e-04,2.106730789819266647e-05
1.117044210433959961e+00,9.367659687995910645e-02,5.111665129661560059e-01,9.999999403953552246e-01,1.782307372195646167e-04,3.421529545448720455e-04,1.723725290503352880e-04
7.064762115478515625e+00,3.248159885406494141e+00,3.964738249778747559e-01,1.000000000000000000e+00,2.309468691237270832e-04,1.632365310797467828e-04,-2.832502359524369240e-04
4.713721275329589844e+00,5.533223628997802734e+00,6.600672602653503418e-01,9.999987483024597168e-01,-2.742114302236586809e-04,1.444888650439679623e-03,6.260912050493061543e-04
4.425254344940185547e+00,5.716041564941406250e+00,2.791501522064208984e+00,1.000000000000000000e+00,-7.870090485084801912e-05,2.963172119052615017e-05,4.343310502008534968e-05
9.360218048095703125e-01,4.225554466247558594e+00,7.226287364959716797e+00,9.999818801879882812e-01,9.772303747013211250e-04,-5.525466520339250565e-03,-2.201515017077326775e-03
4.576072692871093750e+00,2.984297990798950195e+00,6.994553089141845703e+00,9.999994039535522461e-01,-1.927592238644137979e-04,-3.881920565618202090e-05,1.137702958658337593e-03
1.456341743469238281e+00,1.470713168382644653e-01,7.189649939537048340e-01,9.999972581863403320e-01,3.004728641826659441e-04,2.257344080135226250e-03,-6.341695552691817284e-04
6.113871574401855469e+00,3.508975505828857422e+00,6.105592846870422363e-01,9.999341964721679688e-01,-5.398481618613004684e-03,1.003585103899240494e-02,1.309055369347333908e-03
9.232925176620483398e-01,5.966670989990234375e+00,6.577401161193847656e-01,9.999700784683227539e-01,-5.585425999015569687e-03,3.257372736698016524e-05,-5.352428182959556580e-03
2.891772031784057617e+00,6.626855373382568359e+00,4.204009532928466797e+00,9.999991059303283691e-01,3.839933779090642929e-04,-8.325749076902866364e-04,-1.010585925541818142e-03
2.605679035186767578e+00,3.012737751007080078e+00,4.882132053375244141e+00,9.999997019767761230e-01,4.343285690993070602e-04,4.529842408373951912e-04,-5.647865473292768002e-04
5.053482532501220703e+00,4.426702499389648438e+00,5.255501747131347656e+00,9.999998211860656738e-01,-6.884968024678528309e-04,3.290054519311524928e-05,2.244475326733663678e-04
2.169402360916137695e+00,8.906610608100891113e-01,6.558112621307373047e+00,9.999996423721313477e-01,3.946621727664023638e-04,3.400870264158584177e-05,8.319409098476171494e-04
5.535446166992187500e+00,5.295977115631103516e+00,4.322157382965087891e+00,9.999267458915710449e-01,-4.718606825917959213e-03,-1.112226583063602448e-02,7.724949391558766365e-04
4.775348663330078125e+00,2.051126241683959961e+00,6.088924407958984375e+00,1.000000000000000000e+00,1.257105177501216531e-04,1.883725926745682955e-04,8.660384628456085920e-05
4.665874958038330078e+00,5.375845432281494141e+00,4.329451560974121094e+00,9.999997615814208984e-01,4.087824490852653980e-04,-4.990781308151781559e-04,-4.564814735203981400e-04
5.141407489776611328e+00,3.076784908771514893e-01,6.274404048919677734e+00,9.999999403953552246e-01,3.501660248730331659e-04,-2.586584196251351386e-05,2.949486952275037766e-04
6.522360324859619141e+00,6.912283420562744141e+00,4.892061233520507812e+00,9.999999403953552246e-01,-2.317755861440673470e-04,2.638146688695997000e-04,2.452390035614371300e-04
6.818241119384765625e+00,5.118850231170654297e+00,2.809653282165527344e+00,9.999977350234985352e-01,1.842361874878406525e-03,1.031402265653014183e-03,-2.972277288790792227e-04
3.653558254241943359e+00,2.167903661727905273e+00,2.406859636306762695e+00,9.999904036521911621e-01,-2.552391029894351959e-03,2.643684158101677895e-03,2.385899424552917480e-03
3.559293985366821289e+00,7.169039249420166016e+00,3.419671535491943359e+00,9.999997615814208984e-01,-7.295568357221782207e-04,3.544380306266248226e-04,-1.416233681084122509e-05
5.185815811157226562e+00,2.367410659790039062e+00,6.137159347534179688e+00,1.000000000000000000e+00,1.512591406935825944e-04,1.471016003051772714e-04,1.435997401131317019e-04
5.862078666687011719e-01,4.758968830108642578e+00,2.967129230499267578e+00,9.998816847801208496e-01,-8.708465844392776489e-03,-1.037366129457950592e-02,7.294469512999057770e-03
3.414673507213592529e-01,4.208023548126220703e+00,1.685153365135192871e+00,9.999994039535522461e-01,-8.617332787252962589e-05,3.888069477397948503e-04,-1.014081761240959167e-03
6.926440715789794922e+00,9.991056323051452637e-01,1.247365951538085938e+00,1.000000000000000000e+00,6.630677671637386084e-05,2.464611316099762917e-05,-2.793240710161626339e-04
6.334469795227050781e+00,5.551450252532958984e+00,6.967366695404052734e+00,9.999845027923583984e-01,-3.224751213565468788e-03,1.035685883834958076e-03,-4.419970326125621796e-03
7.291321277618408203e+00,6.321619510650634766e+00,1.727647662162780762e+00,9.999819993972778320e-01,4.333702672738581896e-04,5.975664127618074417e-03,-4.151437024120241404e-04
6.665507316589355469e+00,6.330996990203857422e+00,2.634677171707153320e+00,9.999998211860656738e-01,-5.228473455645143986e-04,-2.400820521870627999e-04,2.990149077959358692e-04
2.035289764404296875e+00,5.158492088317871094e+00,5.400369763374328613e-01,9.999991059303283691e-01,-5.885672289878129959e-04,1.190059236250817776e-03,-3.873225068673491478e-04
5.157325863838195801e-01,1.607050538063049316e+00,4.177968025207519531e+00,9.999986290931701660e-01,1.552295638248324394e-03,3.813272633124142885e-04,6.175081362016499043e-04
4.866114616394042969e+00,4.126587867736816406e+00,3.256227374076843262e-01,9.999670386314392090e-01,5.332658067345619202e-03,-5.285631399601697922e-03,3.077708650380373001e-03
4.429154396057128906e+00,2.748694896697998047e+00,2.051919937133789062e+00,9.999987483024597168e-01,1.299517170991748571e-04,-1.577679067850112915e-03,-1.984144764719530940e-04
1.304911017417907715e+00,2.389354258775711060e-01,4.123994827270507812e+00,9.999995231628417969e-01,-4.757978604175150394e-04,7.417941233143210411e-04,-4.478220653254538774e-04
1.853899121284484863e+00,5.035841464996337891e+00,6.436230659484863281e+00,9.999999403953552246e-01,3.475216799415647984e-04,-1.069802383426576853e-04,3.492540272418409586e-04
4.950602531433105469e+00,1.521775245666503906e+00,6.870855808258056641e+00,9.999998211860656738e-01,1.904645905597135425e-04,5.580895231105387211e-04,1.651453640079125762e-04
4.318721771240234375e+00,6.312443733215332031e+00,6.571005344390869141e+00,9.999985098838806152e-01,-6.400440179277211428e-05,-1.733878743834793568e-03,3.243956016376614571e-04
6.211826324462890625e+00,5.921057224273681641e+00,5.234216213226318359e+00,9.999957680702209473e-01,-1.190074020996689796e-03,2.422493649646639824e-03,-1.150957774370908737e-03
5.461264610290527344e+00,6.682099819183349609e+00,4.390161857008934021e-02,9.999975562095642090e-01,1.403432223014533520e-03,7.297326228581368923e-04,1.547353342175483704e-03
5.842466831207275391e+00,6.631543159484863281e+00,3.673840522766113281e+00,9.999275207519531250e-01,4.774023778736591339e-03,-8.259803056716918945e-03,-7.347379811108112335e-03
5.986465215682983398e-01,2.704451560974121094e+00,1.379938960075378418e+00,9.999993443489074707e-01,1.772085670381784439e-04,7.242989959195256233e-04,-9.397412068210542202e-04
7.022783756256103516e+00,6.645142078399658203e+00,5.782564640045166016e+00,9.999967813491821289e-01,-4.168086743447929621e-04,-1.970381010323762894e-03,1.554884365759789944e-03
3.424157619476318359e+00,6.201070547103881836e-01,1.034018874168395996e+00,9.999997615814208984e-01,-3.317682421766221523e-04,-3.624967939686030149e-04,5.790922441519796848e-04
4.955388605594635010e-01,6.619445800781250000e+00,5.491577148437500000e+00,9.999982714653015137e-01,-5.827039713039994240e-04,1.741628395393490791e-03,2.344528620596975088e-04
4.641052708029747009e-02,5.509559810161590576e-02,6.473968029022216797e+00,9.999999403953552246e-01,-4.550815501715987921e-04,8.013074693735688925e-05,7.068263221299275756e-05
7.338040471076965332e-01,4.769053936004638672e+00,3.734460592269897461e+00,9.999994039535522461e-01,9.095134446397423744e-04,-4.592297773342579603e-04,-3.214577445760369301e-04
5.262047290802001953e+00,5.173974990844726562e+00,2.546577215194702148e+00,9.999992847442626953e-01,1.060727168805897236e-03,3.679896180983632803e-04,5.260577308945357800e-04
6.585164666175842285e-01,3.881509304046630859e+00,1.476410150527954102e+00,9.999344348907470703e-01,-3.359766677021980286e-03,4.856008104979991913e-03,9.807419963181018829e-03
5.627024650573730469e+00,2.185354828834533691e-01,3.709678649902343750e-01,9.999932646751403809e-01,-1.792850205674767494e-03,-2.859124448150396347e-03,1.502608065493404865e-03
1.540895462036132812e+00,4.151931285858154297e+00,6.289522349834442139e-02,9.999977946281433105e-01,1.118046784540638328e-04,2.057204255834221840e-03,-5.243419436737895012e-04
4.825706958770751953e+00,8.447225689888000488e-01,3.016176700592041016e+00,9.999999403953552246e-01,1.779675803845748305e-04,3.554669383447617292e-04,1.833803398767486215e-04
5.825172901153564453e+00,5.320153713226318359e+00,5.420120716094970703e+00,9.999757409095764160e-01,4.755435511469841003e-03,-1.608188031241297722e-03,4.829736892133951187e-03
4.387686252593994141e+00,5.141716599464416504e-01,1.975715041160583496e+00,9.999342560768127441e-01,7.610880769789218903e-03,-8.318408392369747162e-03,-2.088133478537201881e-03
5.926055431365966797e+00,2.641713857650756836e+00,2.299545526504516602e+00,9.999230504035949707e-01,-4.468062892556190491e-03,6.636560428887605667e-03,9.483113884925842285e-03
1.201827764511108398e+00,1.062844276428222656e+00,3.183554887771606445e+00,9.997056722640991211e-01,-1.355568598955869675e-02,1.406979747116565704e-02,-1.438429392874240875e-02
2.822152376174926758e+00,3.754292726516723633e+00,7.031580448150634766e+00,9.999931454658508301e-01,-3.506472799926996231e-03,4.859226464759558439e-04,1.098808716051280499e-03
4.168859481811523438e+00,2.037860870361328125e+00,4.102066516876220703e+00,1.000000000000000000e+00,-1.258658303413540125e-04,-1.782578474376350641e-04,-4.183230703347362578e-05
6.710992336273193359e+00,2.181106656789779663e-01,6.657150268554687500e+00,9.999996423721313477e-01,8.982380386441946030e-04,-1.165787107311189175e-04,2.606628404464572668e-04
5.519372463226318359e+00,2.523889541625976562e+00,4.634769439697265625e+00,9.999998211860656738e-01,-6.534210988320410252e-04,1.547597203170880675e-04,-1.146628565038554370e-04
2.043442964553833008e+00,6.752770900726318359e+00,4.139086723327636719e+00,9.999994039535522461e-01,-6.677443743683397770e-04,-8.722626371309161186e-04,1.864012156147509813e-04
2.318570613861083984e+00,4.420875549316406250e+00,4.499583721160888672e+00,9.999998211860656738e-01,3.247862332500517368e-04,1.204944855999201536e-04,6.275257328525185585e-04
9.975379705429077148e-01,6.575972080230712891e+00,2.453625917434692383e+00,9.999985098838806152e-01,8.142155711539089680e-04,-1.265799859538674355e-03,8.799324859865009785e-04
4.132781982421875000e+00,6.778304100036621094e+00,2.394149065017700195e+00,9.999637603759765625e-01,3.862966317683458328e-03,3.179362276569008827e-03,6.895305123180150986e-03
7.248264551162719727e-01,6.403918266296386719e+00,1.404140353202819824e+00,9.999974966049194336e-01,1.417125691659748554e-03,1.713411300443112850e-03,2.733758301474153996e-04
4.137701988220214844e+00,5.521227359771728516e+00,3.996987044811248779e-01,9.999998807907104492e-01,-1.769238006090745330e-04,5.160790751688182354e-04,3.064844349864870310e-04
6.404566287994384766e+00,1.162518739700317383e+00,7.272201538085937500e+00,9.999415278434753418e-01,-8.062069304287433624e-03,7.074254099279642105e-03,1.361832022666931152e-03
3.090775489807128906e+00,2.438137769699096680e+00,7.017129421234130859e+00,1.000000000000000000e+00,1.777798897819593549e-04,1.874689187388867140e-04,9.384215809404850006e-05
2.071936845779418945e+00,4.101725578308105469e+00,3.221712708473205566e-01,1.000000000000000000e+00,-1.775995224306825548e-05,1.697998814051970840e-04,4.193865152046782896e-06
1.689830183982849121e+00,3.655005693435668945e-01,3.858262538909912109e+00,9.999920725822448730e-01,9.199439082294702530e-04,3.566172905266284943e-03,1.518380129709839821e-03
2.321743011474609375e+00,3.052462100982666016e+00,5.888557434082031250e+00,1.000000000000000000e+00,-2.281828637933358550e-04,-1.699994754744693637e-04,1.314668916165828705e-04
1.773158669471740723e+00,7.109226226806640625e+00,5.112843990325927734e+00,9.999994635581970215e-01,-2.200288727181032300e-04,-1.112825470045208931e-03,6.070593008189462125e-05
4.771764278411865234e+00,3.154568910598754883e+00,3.139126777648925781e+00,9.999992847442626953e-01,-9.912375826388597488e-04,4.729747306555509567e-04,-5.760219646617770195e-04
5.119595050811767578e+00,7.440867424011230469e+00,3.270460367202758789e+00,9.999973177909851074e-01,4.300669243093580008e-04,-1.109453500248491764e-03,1.990868477150797844e-03
3.043040037155151367e+00,7.305531978607177734e+00,6.932989597320556641e+00,9.999999403953552246e-01,4.248376062605530024e-04,-1.715491962386295199e-04,6.455997936427593231e-05
4.495316028594970703e+00,5.088744640350341797e+00,7.436531543731689453e+00,9.999997615814208984e-01,-5.349537241272628307e-04,-3.536735312081873417e-04,3.762171254493296146e-04
2.393042802810668945e+00,7.031275749206542969e+00,4.355751514434814453e+00,9.999988079071044922e-01,1.569502521306276321e-03,-1.392000267514958978e-04,-2.445007557980716228e-04
2.476777315139770508e+00,5.501334190368652344e+00,4.348642826080322266e+00,9.999864101409912109e-01,2.124695805832743645e-03,-2.213773550465703011e-03,4.235743079334497452e-03
7.498991489410400391e+00,7.126656055450439453e+00,2.990144729614257812e+00,9.999855160713195801e-01,2.704875310882925987e-03,4.628194496035575867e-03,4.430772678460925817e-04
6.150672435760498047e+00,4.505052089691162109e+00,1.558927297592163086e+00,9.999998211860656738e-01,1.973620674107223749e-04,-4.235856176819652319e-04,-4.837314190808683634e-04
1.614652991294860840e+00,5.282851219177246094e+00,7.299965858459472656e+00,9.999994635581970215e-01,-8.504219003953039646e-04,6.527899531647562981e-04,-1.772905816324055195e-04
5.007480621337890625e+00,7.140587806701660156e+00,5.653962135314941406e+00,9.999999403953552246e-01,-3.993537975475192070e-04,-4.235082087689079344e-05,2.054143114946782589e-04
2.584948301315307617e+00,6.434836864471435547e+00,6.401356697082519531e+00,9.999995827674865723e-01,-9.449518402107059956e-04,3.521471444400958717e-05,-1.575854112161323428e-04
3.428180456161499023e+00,1.239334702491760254e+00,1.755301117897033691e+00,1.000000000000000000e+00,-3.287653671577572823e-04,-1.557551440782845020e-04,2.261944173369556665e-04
3.267769813537597656e+00,5.180446624755859375e+00,5.062644004821777344e+00,9.999999403953552246e-01,-2.411428431514650583e-04,-6.949944508960470557e-05,4.496177716646343470e-04
4.190166473388671875e+00,7.128612995147705078e+00,4.046648025512695312e+00,9.999997615814208984e-01,-6.138719036243855953e-04,2.121863653883337975e-04,3.901559975929558277e-04
6.156593322753906250e+00,6.948711395263671875e+00,7.423828244209289551e-01,9.999994039535522461e-01,1.123480265960097313e-03,9.737879736348986626e-05,1.411175908287987113e-04
3.431487321853637695e+00,6.419019222259521484e+00,6.658381938934326172e+00,9.999999403953552246e-01,2.089052431983873248e-04,-2.553148078732192516e-04,1.889315608423203230e-04
5.047023773193359375e+00,5.723577976226806641e+00,4.103648185729980469e+00,9.999994039535522461e-01,1.078334404155611992e-03,3.119105531368404627e-04,-5.384662290452979505e-05
3.755320787429809570e+00,2.078486442565917969e+00,4.643699169158935547e+00,1.000000000000000000e+00,-1.844436046667397022e-04,-2.669786917977035046e-04,-6.802626739954575896e-05
6.889576315879821777e-01,2.899207115173339844e+00,6.018441677093505859e+00,9.999970197677612305e-01,-1.519195269793272018e-03,1.814753748476505280e-03,-5.882004043087363243e-04
7.041811943054199219e+00,7.002835750579833984e+00,6.281662940979003906e+00,9.998610615730285645e-01,-8.869162760674953461e-03,1.406871806830167770e-02,-1.200224040076136589e-03
6.427035808563232422e+00,4.224927425384521484e+00,2.722599983215332031e+00,9.999397993087768555e-01,-5.120620131492614746e-03,3.761859843507409096e-03,-8.950293064117431641e-03
7.025209426879882812e+00,3.678650856018066406e+00,2.167474269866943359e+00,9.999999403953552246e-01,-6.190239218994975090e-05,7.345784251810982823e-05,-4.867538227699697018e-04
6.287189483642578125e+00,2.750773429870605469e+00,9.151100516319274902e-01,9.999874830245971680e-01,1.576124341227114201e-03,-3.671238897368311882e-03,-3.029182786121964455e-03
5.863850593566894531e+00,5.239498138427734375e+00,1.346833467483520508e+00,9.999998211860656738e-01,3.505036584101617336e-04,-1.594164059497416019e-04,5.275678704492747784e-04
2.343536615371704102e+00,7.380173206329345703e+00,6.551896572113037109e+00,9.999998807907104492e-01,4.628873430192470551e-04,-3.598041075747460127e-04,-2.365044929319992661e-04
8.943620920181274414e-01,1.547541618347167969e+00,5.086385726928710938e+00,9.999485611915588379e-01,8.433536626398563385e-03,-5.453685764223337173e-03,-1.421495573595166206e-03
8.764765262603759766e-01,4.100287914276123047e+00,3.246179580688476562e+00,9.999985694885253906e-01,-1.424676156602799892e-03,2.554721722844988108e-04,9.358616080135107040e-04
6.313414573669433594e-01,2.062862873077392578e+00,7.174754738807678223e-01,9.999994635581970215e-01,6.177961477078497410e-04,7.977171917445957661e-04,3.665211843326687813e-04
4.479390621185302734e+00,4.828185081481933594e+00,3.501564025878906250e+00,9.999970793724060059e-01,-1.636210363358259201e-03,1.756884623318910599e-03,-2.504187286831438541e-04
2.275297403335571289e+00,1.891129136085510254e+00,1.515947580337524414e+00,9.999998807907104492e-01,4.196211230009794235e-04,4.031733842566609383e-04,-2.481541014276444912e-04
6.774816989898681641e+00,3.705167770385742188e+00,7.283246994018554688e+00,1.000000000000000000e+00,-6.441238656407222152e-05,-1.201161012431839481e-05,-3.586236562114208937e-04
7.601888179779052734e-01,6.186419129371643066e-01,7.426090240478515625e+00,9.999998807907104492e-01,5.460228931042365730e-05,-6.341921398416161537e-04,5.201303065405227244e-05
3.343039989471435547e+00,6.109658241271972656e+00,2.982738018035888672e+00,9.999998211860656738e-01,2.075742377201095223e-04,-4.941865336149930954e-04,3.846138424705713987e-04
5.872887134552001953e+00,3.940842866897583008e+00,1.852388262748718262e+00,9.999998807907104492e-01,2.175655972678214312e-04,-2.822023816406726837e-04,-5.454373313114047050e-04
5.746825218200683594e+00,2.107444763183593750e+00,2.724124193191528320e+00,9.999982714653015137e-01,-1.578206429257988930e-03,6.013997481204569340e-04,-8.643852197565138340e-04
4.100591182708740234e+00,9.114700555801391602e-01,2.582960844039916992e+00,9.999999403953552246e-01,-4.204628930892795324e-04,6.870208017062395811e-05,-3.232588351238518953e-04
4.437683582305908203e+00,2.565535545349121094e+00,6.959267139434814453e+00,9.999784231185913086e-01,4.273100756108760834e-03,-4.531295038759708405e-03,-2.092163078486919403e-03
2.371489048004150391e+00,5.841385364532470703e+00,3.509894132614135742e+00,9.999990463256835938e-01,1.389492535963654518e-03,-1.162812332040630281e-04,-3.864738391712307930e-04
2.978536605834960938e+00,5.399391174316406250e+00,3.972697496414184570e+00,1.000000000000000000e+00,-7.898534386185929179e-05,-5.267518281470984221e-05,4.064898821525275707e-04
2.580736398696899414e+00,4.059126853942871094e+00,7.243970870971679688e+00,9.999999403953552246e-01,2.650998940225690603e-04,-3.652766754385083914e-04,4.872451609116978943e-05
2.748043060302734375e+00,2.601185798645019531e+00,3.755884408950805664e+00,9.999998211860656738e-01,-5.189123912714421749e-04,-3.436666156630963087e-04,2.756204048637300730e-04
5.730042934417724609e+00,2.534694194793701172e+00,2.674981117248535156e+00,9.999940991401672363e-01,-3.331586020067334175e-03,-5.129325436428189278e-04,-7.177822408266365528e-04
7.853784561157226562e-01,5.849561467766761780e-02,7.071146965026855469e+00,1.000000000000000000e+00,1.607886515557765961e-04,-1.416411832906305790e-04,-2.207159996032714844e-04
3.804966926574707031e+00,3.032374620437622070e+00,8.970032334327697754e-01,9.999995231628417969e-01,9.810018673306331038e-05,5.101622082293033600e-04,9.024429600685834885e-04
1.053187251091003418e+00,3.545136213302612305e+00,3.606719970703125000e+00,9.999960064888000488e-01,-9.325990104116499424e-04,-4.153813642915338278e-04,-2.651556860655546188e-03
7.176930427551269531e+00,1.775250315666198730e+00,7.498999118804931641e+00,9.999996423721313477e-01,6.624337402172386646e-04,2.081979037029668689e-04,-5.715267034247517586e-04
1.234284043312072754e+00,9.201194643974304199e-01,1.284764289855957031e+00,9.999996423721313477e-01,-4.843856731895357370e-04,-6.847913027741014957e-04,-2.798678178805857897e-04
1.672127127647399902e+00,3.444969654083251953e+00,6.991367340087890625e+00,9.999998211860656738e-01,3.030067018698900938e-04,-5.037306109443306923e-04,3.940548631362617016e-04
4.746725559234619141e+00,6.079989910125732422e+00,6.307445526123046875e+00,9.999994039535522461e-01,-9.939990704879164696e-04,3.865274193231016397e-04,-4.115249612368643284e-04
6.079951763153076172e+00,6.314380764961242676e-01,1.995222643017768860e-02,9.999971389770507812e-01,-2.256377832964062691e-03,7.656472153030335903e-04,4.496996698435395956e-04
5.929545879364013672e+00,4.467261314392089844e+00,2.701244592666625977e+00,9.999989867210388184e-01,6.793747161282226443e-05,-2.873873163480311632e-04,-1.437810831703245640e-03
3.676834583282470703e+00,3.767098665237426758e+00,1.541936993598937988e+00,9.998731613159179688e-01,7.220685482025146484e-03,-1.381629239767789841e-02,-3.263431368395686150e-03
1.379254817962646484e+00,3.566139698028564453e+00,4.638793468475341797e+00,9.997751712799072266e-01,6.711223162710666656e-03,-1.458042953163385391e-02,1.385624241083860397e-02
4.851526737213134766e+00,4.755684375762939453e+00,5.201655864715576172e+00,1.000000000000000000e+00,-1.609751780051738024e-04,6.924576155142858624e-05,3.315346257295459509e-04
1.671527266502380371e+00,1.996363252401351929e-01,2.712523698806762695e+00,9.999809265136718750e-01,-3.395947627723217010e-03,-1.437316415831446648e-03,-4.949774127453565598e-03
3.728677749633789062e+00,7.448549568653106689e-02,5.445727825164794922e+00,9.999952316284179688e-01,-1.758135389536619186e-03,-2.194992732256650925e-03,1.264562364667654037e-03
4.430746078491210938e+00,4.946659088134765625e+00,2.074133872985839844e+00,1.000000000000000000e+00,1.995622915273997933e-05,1.367743388982489705e-04,2.305238922417629510e-05
3.169582843780517578e+00,6.771500110626220703e+00,4.055186748504638672e+00,9.999998211860656738e-01,9.721620153868570924e-05,-2.516740642022341490e-05,-6.991012487560510635e-04
5.467407226562500000e+00,1.005060076713562012e+00,4.358061313629150391e+00,9.999998807907104492e-01,-2.640058228280395269e-04,-2.082548162434250116e-04,3.819995908997952938e-04
3.124264717102050781e+00,3.363001346588134766e+00,1.641099572181701660e+00,9.999998211860656738e-01,5.604095058515667915e-04,3.205414977855980396e-04,-4.359698505140841007e-05
7.180394649505615234e+00,3.848746538162231445e+00,4.645862102508544922e+00,9.999335408210754395e-01,1.057558692991733551e-02,4.030955489724874496e-03,2.204335760325193405e-03
5.320707798004150391e+00,6.198335647583007812e+00,5.118707656860351562e+00,9.999917745590209961e-01,-2.602661726996302605e-03,-2.289333613589406013e-03,2.120103454217314720e-03
4.583349227905273438e+00,9.585821032524108887e-01,6.346813201904296875e+00,1.000000000000000000e+00,2.976685937028378248e-04,4.976728814654052258e-05,1.337033754680305719e-04
6.448760628700256348e-01,4.477288722991943359e+00,3.481282711029052734e+00,9.999997615814208984e-01,-3.174550656694918871e-04,-6.059907027520239353e-04,3.467491187620908022e-04
4.227378368377685547e+00,6.528878211975097656e-01,1.459421776235103607e-02,9.999054074287414551e-01,7.793761789798736572e-03,-6.466653198003768921e-03,9.309737943112850189e-03
2.209489196538925171e-01,2.819965124130249023e+00,1.493992447853088379e+00,9.999722242355346680e-01,5.836509168148040771e-03,-2.613497897982597351e-03,-3.834164934232831001e-03
5.766575336456298828e+00,5.785173892974853516e+00,2.316914319992065430e+00,9.999999403953552246e-01,8.366491238120943308e-05,-2.861192042473703623e-04,2.412329922663047910e-04
1.713110327720642090e+00,3.194620847702026367e+00,5.374702930450439453e+00,9.999998807907104492e-01,1.837388263083994389e-04,-3.188974224030971527e-04,-4.482971562538295984e-04
6.264915466308593750e+00,1.640981078147888184e+00,2.496021509170532227e+00,9.999992251396179199e-01,5.019888048991560936e-04,2.976090472657233477e-04,-1.179296057671308517e-03
2.119058609008789062e+00,2.885165929794311523e+00,1.079879641532897949e+00,9.999985098838806152e-01,-1.488619600422680378e-03,-3.412927908357232809e-04,-8.776889881119132042e-04
8.418523669242858887e-01,7.443222999572753906e-01,6.724717140197753906e+00,9.999190568923950195e-01,1.030366215854883194e-02,5.645733792334794998e-03,-4.883660003542900085e-03
1.384293884038925171e-01,4.712659418582916260e-01,1.789621353149414062e+00,9.999997615814208984e-01,3.311453037895262241e-04,-4.520612710621207952e-04,5.105098825879395008e-04
6.727321147918701172e+00,2.301056861877441406e+00,2.185867071151733398e+00,9.999997019767761230e-01,-2.764210803434252739e-04,-1.184526990982703865e-04,-8.106320165097713470e-04
6.357650279998779297e+00,6.874674797058105469e+00,3.966295957565307617e+00,9.999950528144836426e-01,2.770650025922805071e-04,-1.393912942148745060e-03,2.807866549119353294e-03
3.101004958152770996e-01,3.648603916168212891e+00,5.755200862884521484e+00,9.999973773956298828e-01,-2.127103507518768311e-03,8.274540887214243412e-04,-2.079591795336455107e-04
7.090861797332763672e+00,1.003410935401916504e+00,3.950222730636596680e+00,1.000000000000000000e+00,-1.118143845815211535e-04,2.969911729451268911e-04,-1.831562694860622287e-04
2.441352128982543945e+00,6.920925140380859375e+00,3.736760854721069336e+00,9.999976158142089844e-01,-1.326597412116825581e-03,2.774241729639470577e-04,1.763109001331031322e-03
1.708305627107620239e-01,4.559711456298828125e+00,6.918535232543945312e+00,1.000000000000000000e+00,-1.876567694125697017e-04,2.918771679105702788e-05,-3.572622881620191038e-05
9.731426835060119629e-01,6.624975204467773438e+00,7.199529409408569336e-01,9.999995231628417969e-01,-7.036265451461076736e-04,5.115128005854785442e-04,-5.455478676594793797e-04
2.311172246932983398e+00,1.201906919479370117e+00,8.729070425033569336e-01,9.999998211860656738e-01,2.317857797606848180e-05,6.716867210343480110e-04,5.223037442192435265e-05
4.924063205718994141e+00,4.060074329376220703e+00,1.408246517181396484e+00,9.999983310699462891e-01,-1.351791433990001678e-03,1.265756320208311081e-03,3.318294329801574349e-05
1.311530828475952148e+00,7.159945487976074219e+00,6.089350700378417969e+00,9.999200105667114258e-01,-1.152787171304225922e-02,-5.079871509224176407e-03,1.125116599723696709e-03
1.588889241218566895e+00,6.642591953277587891e+00,6.378569602966308594e+00,9.999998211860656738e-01,-3.085271746385842562e-04,6.828785262769088149e-05,6.220113136805593967e-04
4.624446332454681396e-01,4.795239925384521484e+00,6.482158660888671875e+00,9.999997019767761230e-01,3.273096808698028326e-04,7.893471629358828068e-04,-8.080679981503635645e-05
6.314288377761840820e-01,5.086167812347412109e+00,6.546812057495117188e+00,1.000000000000000000e+00,-1.235387462656944990e-04,2.311636053491383791e-04,-3.443027671892195940e-04
7.180132865905761719e+00,7.491747856140136719e+00,4.325296878814697266e+00,9.999985694885253906e-01,-2.894960925914347172e-04,1.625031465664505959e-03,-4.968519788235425949e-04
7.472648620605468750e-01,4.640329837799072266e+00,5.201710700988769531e+00,9.999998807907104492e-01,2.211966202594339848e-04,-4.471637657843530178e-04,2.111335779773071408e-04
2.185354709625244141e+00,2.293782949447631836e+00,2.889373540878295898e+00,9.999988675117492676e-01,-5.226034554652869701e-04,-8.048577001318335533e-05,-1.468030852265655994e-03
5.607153892517089844e+00,2.907771110534667969e+00,7.046520233154296875e+00,9.999855756759643555e-01,3.214820753782987595e-03,2.263403031975030899e-03,3.651176113635301590e-03
1.087896704673767090e+00,6.804063320159912109e+00,5.455786705017089844e+00,9.999950528144836426e-01,-1.501876162365078926e-03,-2.507593249902129173e-03,1.169488765299320221e-03
6.750311255455017090e-01,2.645561695098876953e+00,2.954645872116088867e+00,9.998660087585449219e-01,8.159652352333068848e-03,-1.233574189245700836e-02,7.021385245025157928e-03
2.444254398345947266e+00,5.615408420562744141e+00,1.346957921981811523e+00,9.999994635581970215e-01,9.506061178399249911e-05,-7.119787042029201984e-04,-7.226547459140419960e-04
3.598958253860473633e+00,3.483017206192016602e+00,6.455670356750488281e+00,9.999988079071044922e-01,1.576533424668014050e-03,-8.190037624444812536e-05,1.001676864689216018e-04
5.671320915222167969e+00,5.685790061950683594e+00,2.757816314697265625e-01,9.998918771743774414e-01,-2.993031404912471771e-03,3.299062605947256088e-03,1.401466503739356995e-02
3.742911100387573242e+00,3.215196609497070312e+00,5.660387039184570312e+00,9.999776482582092285e-01,5.282516591250896454e-03,-3.455859376117587090e-03,2.222334034740924835e-03
1.064485311508178711e+00,6.486381292343139648e-01,3.234651803970336914e+00,9.999846220016479492e-01,2.427923958748579025e-03,1.312349457293748856e-03,4.815729334950447083e-03
2.673074007034301758e+00,6.815673351287841797e+00,5.551469326019287109e+00,9.999934434890747070e-01,3.011622233316302299e-03,-1.716140541248023510e-03,-1.119364053010940552e-03
4.326874732971191406e+00,5.560877799987792969e+00,1.091583847999572754e+00,9.999999403953552246e-01,3.222691302653402090e-04,3.914552216883748770e-04,1.917514891829341650e-04
2.388669729232788086e+00,5.576411247253417969e+00,7.135416507720947266e+00,9.999945163726806641e-01,-7.302698795683681965e-04,3.112649312242865562e-03,8.264610078185796738e-04
5.233226299285888672e+00,1.834720492362976074e+00,4.312397003173828125e+00,9.999998211860656738e-01,-6.309098680503666401e-04,2.985801547765731812e-04,-7.466846727766096592e-05
6.685916423797607422e+00,5.687518119812011719e-01,5.504915714263916016e+00,9.999839663505554199e-01,3.618028247728943825e-03,-4.184588789939880371e-03,1.236477517522871494e-03
5.740440368652343750e+00,1.561409235000610352e+00,1.206080913543701172e+00,9.999943971633911133e-01,1.741726999171078205e-03,2.058269921690225601e-03,2.028336981311440468e-03
2.396358251571655273e+00,6.712295055389404297e+00,4.728065490722656250e+00,9.999060630798339844e-01,1.031418796628713608e-02,-8.520497009158134460e-03,-2.999515971168875694e-03
5.352932929992675781e+00,5.174966335296630859e+00,5.174981594085693359e+00,9.999783635139465332e-01,6.007789634168148041e-03,-3.355068620294332504e-04,-2.684001112356781960e-03
5.784920692443847656e+00,7.429615020751953125e+00,4.370218276977539062e+00,9.999999403953552246e-01,-1.609228056622669101e-04,-2.670763642527163029e-04,2.814184699673205614e-04
5.839994907379150391e+00,4.475390434265136719e+00,6.550165653228759766e+00,9.999995827674865723e-01,-3.789390029851347208e-04,3.827795444522053003e-04,-8.170953951776027679e-04
2.420896291732788086e+00,1.920565128326416016e+00,2.440494298934936523e+00,9.999965429306030273e-01,1.947389100678265095e-03,-1.074440842785406858e-05,1.795769901946187019e-03
4.744719982147216797e+00,2.659719705581665039e+00,4.574558734893798828e-01,9.999923706054687500e-01,2.649668371304869652e-03,-2.223841613158583641e-03,1.815581577830016613e-03
2.870939731597900391e+00,3.667559623718261719e+00,6.479189395904541016e-01,1.000000000000000000e+00,7.589150482090190053e-05,-1.098880238714627922e-04,-4.272160003893077374e-05
5.237597465515136719e+00,1.703047037124633789e+00,5.490756034851074219e+00,9.999995231628417969e-01,6.328693125396966934e-04,-1.853426074376329780e-04,7.546096458099782467e-04
2.784457445144653320e+00,5.968070507049560547e+00,1.961409687995910645e+00,9.999993443489074707e-01,-8.323150541400536895e-05,2.197436406277120113e-04,-1.182325999252498150e-03
5.062056541442871094e+00,6.429360866546630859e+00,5.001893043518066406e+00,9.999514222145080566e-01,-8.947889320552349091e-03,7.650948828086256981e-04,4.083315376192331314e-03
4.508388042449951172e+00,3.472658157348632812e+00,4.587562680244445801e-01,9.999997019767761230e-01,-3.293942136224359274e-04,3.323238051962107420e-04,6.564463255926966667e-04
4.584530353546142578e+00,4.888156414031982422e+00,1.742784380912780762e+00,1.000000000000000000e+00,-2.266606679768301547e-05,2.139111602446064353e-04,-2.285526716150343418e-04
2.397990465164184570e+00,3.368336439132690430e+00,5.725122451782226562e+00,9.999822378158569336e-01,3.812965005636215210e-03,-4.577280022203922272e-03,3.057430149056017399e-04
5.817249774932861328e+00,6.237329959869384766e+00,7.275962829589843750e+00,9.999999403953552246e-01,-2.196081331931054592e-04,-3.024105390068143606e-04,-2.740297932177782059e-04
5.848090648651123047e+00,6.296519756317138672e+00,5.072602272033691406e+00,9.999994039535522461e-01,-1.068824785761535168e-03,3.166566020809113979e-04,1.442195207346230745e-04
5.670928478240966797e+00,2.668046712875366211e+00,6.032131146639585495e-03,9.999996423721313477e-01,-6.642414373345673084e-04,2.048348278549383394e-06,6.074392003938555717e-04
3.875040531158447266e+00,4.454378128051757812e+00,8.933266401290893555e-01,9.999999403953552246e-01,2.839788503479212523e-04,3.786502056755125523e-04,2.750501444097608328e-04
2.870593786239624023e+00,4.078438878059387207e-01,3.023721456527709961e+00,9.999972581863403320e-01,9.624271770007908344e-04,3.123427450191229582e-04,-2.095771022140979767e-03
6.128589630126953125e+00,5.024256706237792969e+00,4.060492515563964844e+00,1.000000000000000000e+00,3.475430639809928834e-05,2.171498636016622186e-04,-2.926789456978440285e-04
7.200953006744384766e+00,4.574784278869628906e+00,5.156332492828369141e+00,9.999907612800598145e-01,-3.720811335369944572e-03,-1.924972515553236008e-03,-1.008742139674723148e-03
2.155471563339233398e+00,5.657803535461425781e+00,3.298398971557617188e+00,1.000000000000000000e+00,2.146491315215826035e-04,3.047472273465245962e-05,-3.044454206246882677e-04
6.164970397949218750e+00,2.663681983947753906e+00,4.046074390411376953e+00,9.999988675117492676e-01,1.089911907911300659e-03,-9.203592198900878429e-04,-5.886625731363892555e-04
2.538477420806884766e+00,4.356739044189453125e+00,7.070022106170654297e+00,9.999998807907104492e-01,-1.654945954214781523e-04,2.034495992120355368e-04,-5.336019094102084637e-04
6.623346328735351562e+00,9.570326209068298340e-01,1.681966304779052734e+00,9.999997615814208984e-01,7.730958168394863605e-04,-1.440327177988365293e-04,-2.226274082204326987e-04
1.239706039428710938e+00,1.319604039192199707e+00,7.050446987152099609e+00,9.999748468399047852e-01,-4.848181735724210739e-03,-3.516782773658633232e-03,3.812638809904456139e-03
6.677731513977050781e+00,5.062588214874267578e+00,5.186190605163574219e+00,9.999995231628417969e-01,5.306912862579338253e-05,-1.050714403390884399e-03,-3.698664295370690525e-05
7.390691757202148438e+00,2.175040721893310547e+00,6.639558672904968262e-01,9.999998211860656738e-01,5.320539348758757114e-04,2.656604337971657515e-04,-2.948562905658036470e-04
6.976116299629211426e-01,4.953828334808349609e+00,1.876603245735168457e+00,1.000000000000000000e+00,-1.208333515023696236e-06,-1.935499858518596739e-05,-3.348398313391953707e-04
5.038532257080078125e+00,4.498082637786865234e+00,2.657771825790405273e+00,9.999995231628417969e-01,9.152646525762975216e-04,-2.638590231072157621e-04,-4.135224153287708759e-04
5.146957874298095703e+00,1.851526737213134766e+00,2.830867052078247070e+00,9.999772906303405762e-01,1.241550082340836525e-03,-4.065378569066524506e-03,5.239680409431457520e-03
3.761626720428466797e+00,4.738854885101318359e+00,5.755551338195800781e+00,1.000000000000000000e+00,-2.179820585297420621e-04,1.631091727176681161e-04,8.115252421703189611e-05
3.083244800567626953e+00,2.583029747009277344e+00,3.651938438415527344e-01,9.999998807907104492e-01,-5.645914352498948574e-04,4.749336585518904030e-05,-1.968805881915614009e-04
5.465557575225830078e+00,1.055765271186828613e+00,1.563499212265014648e+00,9.999926686286926270e-01,3.193461103364825249e-03,8.917113882489502430e-04,-1.945437863469123840e-03
6.960401058197021484e+00,3.092270374298095703e+00,2.219490766525268555e+00,1.000000000000000000e+00,3.266148996772244573e-05,-6.339496758300811052e-05,9.978689377021510154e-06
2.409733295440673828e+00,9.335011243820190430e-01,4.419181823730468750e+00,1.000000000000000000e+00,1.323260657954961061e-04,-4.195013025309890509e-04,-7.036988245090469718e-05
5.214200496673583984e+00,7.223185539245605469e+00,5.129247665405273438e+00,9.999998807907104492e-01,3.989526885561645031e-05,2.100704441545531154e-04,-4.307376220822334290e-04
2.523095607757568359e+00,3.274896383285522461e+00,3.954054832458496094e+00,9.999946951866149902e-01,-2.090539317578077316e-03,2.213354222476482391e-03,-1.164313056506216526e-03
3.449682712554931641e+00,6.264197826385498047e+00,1.230261564254760742e+00,1.000000000000000000e+00,2.523106522858142853e-04,-2.145625767298042774e-04,-2.153765817638486624e-04
5.203615188598632812e+00,2.909377813339233398e+00,5.602027893066406250e+00,9.999970197677612305e-01,-4.780664748977869749e-04,-1.394623890519142151e-03,1.925486722029745579e-03
2.868571877479553223e-01,4.873769760131835938e+00,5.822653770446777344e+00,9.999994635581970215e-01,-9.803097927942872047e-04,4.432147543411701918e-04,-2.158349379897117615e-04
5.624981403350830078e+00,1.475931882858276367e+00,5.048917770385742188e+00,9.997987747192382812e-01,-1.436571311205625534e-02,8.437168784439563751e-03,1.118150260299444199e-02
3.295201301574707031e+00,6.188074350357055664e-01,6.046555519104003906e+00,9.999998807907104492e-01,4.841776099056005478e-04,-2.586505142971873283e-04,5.179087747819721699e-05
2.558794915676116943e-01,1.221455574035644531e+00,3.342664241790771484e+00,9.999241232872009277e-01,3.884160891175270081e-03,-1.055418513715267181e-02,5.040571093559265137e-03
4.872889041900634766e+00,4.405455589294433594e+00,4.687785148620605469e+00,9.999974966049194336e-01,-2.135894959792494774e-03,-7.600589015055447817e-05,-7.361032185144722462e-04
5.565976619720458984e+00,7.123868942260742188e+00,1.032069683074951172e+00,9.999980330467224121e-01,-6.403397419489920139e-04,1.795461634173989296e-03,-6.738834199495613575e-04
2.657465219497680664e+00,4.871464729309082031e+00,5.333758354187011719e+00,9.999999403953552246e-01,1.656670501688495278e-04,-4.029160772915929556e-04,3.586257225833833218e-04
4.834654331207275391e+00,4.333412349224090576e-01,1.934877395629882812e+00,9.999964237213134766e-01,1.791911199688911438e-03,-1.981205074116587639e-03,-3.494822885841131210e-04
4.738040924072265625e+00,6.545676708221435547e+00,5.204890727996826172e+00,9.999967217445373535e-01,-1.922522205859422684e-04,2.172738313674926758e-03,-1.404850510880351067e-03
5.553689479827880859e+00,5.491744518280029297e+00,6.544315338134765625e+00,9.999999403953552246e-01,-3.485602792352437973e-04,2.790246799122542143e-04,1.778350997483357787e-04
7.115737438201904297e+00,6.295959472656250000e+00,5.467780828475952148e-01,9.999996423721313477e-01,3.038535069208592176e-04,-5.333613953553140163e-04,5.757068865932524204e-04
7.335335612297058105e-01,2.106788635253906250e+00,6.372088432312011719e+00,9.999997019767761230e-01,4.240386770106852055e-04,-6.754010100848972797e-04,-2.177000351366586983e-05
5.761733531951904297e+00,3.623419523239135742e+00,3.881400823593139648e+00,1.000000000000000000e+00,-3.380217240191996098e-04,-9.802670683711767197e-05,2.416580537101253867e-04
7.353076934814453125e+00,6.056463718414306641e+00,1.354670524597167969e+00,9.999458789825439453e-01,-6.193960085511207581e-03,4.326705675339326262e-05,8.363655768334865570e-03
2.407116174697875977e+00,3.252570152282714844e+00,6.859936237335205078e+00,9.999637007713317871e-01,-3.785463515669107437e-03,4.687328822910785675e-03,6.025426089763641357e-03
6.743077754974365234e+00,6.256956577301025391e+00,1.401347875595092773e+00,9.999997019767761230e-01,5.734753212891519070e-04,-2.408826403552666306e-04,5.178470746614038944e-04
7.824376225471496582e-01,6.324926376342773438e+00,7.012824058532714844e+00,9.999991655349731445e-01,-8.309461409226059914e-04,-9.370009065605700016e-04,3.109514364041388035e-04
6.302477359771728516e+00,4.342759132385253906e+00,1.389861851930618286e-01,9.999995827674865723e-01,-7.003322389209643006e-05,-2.260467008454725146e-04,-9.718901128508150578e-04
2.243886739015579224e-01,4.183289051055908203e+00,4.379565238952636719e+00,9.999992847442626953e-01,1.724201865727081895e-04,-9.696412598714232445e-04,7.840566104277968407e-04
2.969088554382324219e+00,7.487761020660400391e+00,8.977125883102416992e-01,9.999042749404907227e-01,-1.657972810789942741e-03,8.605503477156162262e-03,1.071627438068389893e-02
3.612130403518676758e+00,7.363513946533203125e+00,1.606514453887939453e-01,9.999987483024597168e-01,3.091232792939990759e-04,1.386150950565934181e-03,7.957003545016050339e-04
2.786772251129150391e+00,6.980630397796630859e+00,8.956764936447143555e-01,9.999976158142089844e-01,1.348910445813089609e-04,2.029442694038152695e-03,8.899809909053146839e-04
4.213854312896728516e+00,4.674810409545898438e+00,2.409781455993652344e+00,9.999999403953552246e-01,4.111854650545865297e-04,-1.146833456004969776e-04,3.046790370717644691e-04
4.292010307312011719e+00,6.901143550872802734e+00,6.179845809936523438e+00,9.999997019767761230e-01,-3.868791682180017233e-04,-4.321990127209573984e-04,-5.863624392077326775e-04
5.103652477264404297e+00,7.074580669403076172e+00,2.385105133056640625e+00,9.999997615814208984e-01,1.888795231934636831e-04,4.798198933713138103e-04,5.936340894550085068e-04
5.528172492980957031e+00,3.297836542129516602e+00,6.265780925750732422e+00,9.999998807907104492e-01,4.041190550196915865e-04,-2.606663911137729883e-04,-1.374439452774822712e-04
3.702487349510192871e-01,1.885489106178283691e+00,3.389309644699096680e+00,9.999997019767761230e-01,-6.762596894986927509e-04,8.630630327388644218e-05,4.642152343876659870e-04
3.861990451812744141e+00,3.270351171493530273e+00,5.367532730102539062e+00,9.999748468399047852e-01,5.912289023399353027e-03,-3.511677496135234833e-03,1.731742522679269314e-03
2.379838943481445312e+00,3.669787883758544922e+00,1.744465470314025879e+00,9.999998807907104492e-01,4.365693021100014448e-04,3.981346162618137896e-05,-4.430119879543781281e-04
2.622432947158813477e+00,7.090893745422363281e+00,6.927262783050537109e+00,9.999995827674865723e-01,-1.160414922196650878e-05,-8.055600919760763645e-04,-5.896157235838472843e-04
8.138794302940368652e-01,3.233224868774414062e+00,1.089217901229858398e+00,9.999997019767761230e-01,-2.145841135643422604e-04,-7.084997487254440784e-04,3.823837614618241787e-04
3.750415802001953125e+00,4.950296878814697266e+00,1.265663862228393555e+00,1.000000000000000000e+00,-9.719647096062544733e-06,2.470441395416855812e-04,-5.530692942556925118e-05
3.089760303497314453e+00,2.122368574142456055e+00,4.755871772766113281e+00,9.999901056289672852e-01,9.032529778778553009e-04,-4.108125809580087662e-03,-1.470853458158671856e-03
4.957522869110107422e+00,4.523585319519042969e+00,6.652997016906738281e+00,9.999984502792358398e-01,-1.077828492270782590e-04,1.584746991284191608e-03,8.100112318061292171e-04
9.401254057884216309e-01,6.010037422180175781e+00,1.996697187423706055e+00,1.000000000000000000e+00,3.426992916502058506e-04,-2.014288620557636023e-04,2.663545092218555510e-05
5.638558864593505859e+00,1.685602188110351562e+00,6.484437465667724609e+00,1.000000000000000000e+00,3.662381786853075027e-04,3.997948442702181637e-05,9.394832886755466461e-05
4.913817882537841797e+00,1.416995525360107422e+00,4.165986061096191406e+00,9.999970197677612305e-01,2.136746654286980629e-03,8.253688574768602848e-04,-9.293998009525239468e-04
7.936342954635620117e-01,5.744626998901367188e+00,5.742269515991210938e+00,9.999914765357971191e-01,3.991069272160530090e-03,6.676253397017717361e-04,8.426547283306717873e-04
7.147185802459716797e+00,1.641892671585083008e+00,4.088842391967773438e+00,9.999993443489074707e-01,5.000362289138138294e-04,-2.752031286945566535e-05,-1.093498431146144867e-03
2.057008981704711914e+00,7.656154781579971313e-02,2.590579986572265625e+00,9.999997615814208984e-01,3.214023308828473091e-05,5.577154224738478661e-04,-4.842967900913208723e-04
5.703842639923095703e+00,4.803278923034667969e+00,1.484151929616928101e-01,9.999991059303283691e-01,1.548372092656791210e-04,7.788145740050822496e-05,1.370361424051225185e-03
3.396861314773559570e+00,5.231863498687744141e+00,3.436735630035400391e+00,1.000000000000000000e+00,-4.380535756354220212e-05,-1.278531726711662486e-05,2.788845449686050415e-04
2.473527431488037109e+00,2.541221141815185547e+00,9.567961692810058594e-01,9.999998807907104492e-01,1.265154714928939939e-04,-2.537423570174723864e-04,-4.890027339570224285e-04
4.099913597106933594e+00,4.921449124813079834e-01,6.220651149749755859e+00,9.999976158142089844e-01,5.516825476661324501e-04,7.706857286393642426e-04,1.982266549021005630e-03
2.679226160049438477e+00,4.847853660583496094e+00,2.273036241531372070e+00,9.999998807907104492e-01,-1.927263074321672320e-04,2.807948912959545851e-04,4.205671721138060093e-04
6.021612167358398438e+00,9.578502774238586426e-01,4.604191780090332031e+00,9.999997615814208984e-01,-3.805525484494864941e-04,4.847665550187230110e-04,-4.486636607907712460e-04
4.119196891784667969e+00,3.280056953430175781e+00,6.793088436126708984e+00,9.999991059303283691e-01,-4.635963123291730881e-04,-1.381068577757105231e-04,1.297316863201558590e-03
6.755524158477783203e+00,5.720428943634033203e+00,1.796570658683776855e+00,9.999989867210388184e-01,1.135851955041289330e-03,6.075130659155547619e-04,7.419972098432481289e-04
1.891636729240417480e+00,4.552250385284423828e+00,2.451570749282836914e+00,1.000000000000000000e+00,1.329177903244271874e-04,-9.396878158440813422e-05,-1.650509802857413888e-04
6.071130275726318359e+00,1.904407620429992676e+00,6.027644634246826172e+00,9.999998807907104492e-01,-2.738930343184620142e-04,3.110923280473798513e-04,-4.368561203591525555e-04
5.915074348449707031e+00,5.512579441070556641e+00,1.984075069427490234e+00,9.999999403953552246e-01,2.208467594755347818e-05,-4.788397636730223894e-04,-2.081497041217517108e-05
1.844652295112609863e+00,6.423385143280029297e+00,6.093664169311523438e+00,9.999999403953552246e-01,-2.589653595350682735e-04,-1.336760178674012423e-04,3.368183097336441278e-04
5.435521602630615234e+00,1.727316617965698242e+00,2.702152013778686523e+00,9.999858736991882324e-01,-3.599904244765639305e-03,3.739481791853904724e-03,-1.136891660280525684e-03
5.243983745574951172e+00,2.119422197341918945e+00,7.358045578002929688e+00,9.999840855598449707e-01,-1.122010522522032261e-03,4.261271562427282333e-03,-3.530940273776650429e-03
5.766929149627685547e+00,3.980205297470092773e+00,3.906091690063476562e+00,9.999999403953552246e-01,-4.457897157408297062e-04,-3.240373553126119077e-05,-3.818602635874412954e-06
5.746952071785926819e-02,1.289627552032470703e-01,1.745142459869384766e+00,9.999998211860656738e-01,1.554004848003387451e-04,-1.556138595333322883e-04,6.655811448581516743e-04
7.908099889755249023e-01,7.300646305084228516e+00,2.980729579925537109e+00,9.999957680702209473e-01,-1.075175823643803596e-03,-1.025522360578179359e-03,-2.531890058889985085e-03
3.360103368759155273e+00,5.042869091033935547e+00,3.115141630172729492e+00,1.000000000000000000e+00,-7.783935870975255966e-05,6.647108239121735096e-05,1.325663324678316712e-04
6.044373035430908203e+00,8.133093118667602539e-01,6.800616741180419922e+00,9.999998807907104492e-01,4.740874574054032564e-04,-3.298591764178127050e-04,1.307149796048179269e-04
7.571098804473876953e-01,6.309968948364257812e+00,4.056663990020751953e+00,9.999999403953552246e-01,-1.779868325684219599e-04,3.060721428482793272e-05,-5.078074173070490360e-04
4.282857894897460938e+00,6.460851192474365234e+00,6.214640140533447266e+00,9.999999403953552246e-01,2.099211706081405282e-04,2.140311153198126704e-05,-3.824354789685457945e-04
5.201222419738769531e+00,2.539746761322021484e+00,4.409843444824218750e+00,9.999987483024597168e-01,-1.473185489885509014e-03,1.563082623761147261e-04,-6.618411280214786530e-04
6.053551197052001953e+00,6.132706999778747559e-01,3.181929111480712891e+00,1.000000000000000000e+00,-8.261578841484151781e-06,-5.742361099692061543e-05,6.008607306284829974e-05
7.432000041007995605e-01,9.873679280281066895e-02,6.435257434844970703e+00,9.999985694885253906e-01,-1.079162233509123325e-03,-1.242411904968321323e-03,4.643051361199468374e-04
6.724967002868652344e+00,3.746570587158203125e+00,5.715516090393066406e+00,9.999836087226867676e-01,1.156944897957146168e-03,-5.295059643685817719e-03,1.853588386438786983e-03
1.727875113487243652e+00,1.477421879768371582e+00,1.845732688903808594e+00,9.999998807907104492e-01,-6.298809603322297335e-05,4.760506853926926851e-04,-3.621172800194472075e-04
2.787193059921264648e+00,2.315430402755737305e+00,3.941812515258789062e+00,9.999997019767761230e-01,-7.415966829285025597e-04,-3.475753474049270153e-04,1.422283967258408666e-04
8.580563068389892578e-01,2.483534067869186401e-01,1.782546520233154297e+00,9.999977350234985352e-01,1.881183474324643612e-03,-1.261695288121700287e-04,9.862967999652028084e-04
2.781957387924194336e+00,1.499864220619201660e+00,3.124393701553344727e+00,9.999998211860656738e-01,-4.193886343273334205e-05,5.932722124271094799e-04,-2.087549073621630669e-04
1.642320036888122559e+00,3.321515917778015137e-01,1.325915455818176270e+00,9.998958110809326172e-01,-7.926156744360923767e-03,-1.204853039234876633e-02,6.685185944661498070e-04
4.121444225311279297e+00,3.969852447509765625e+00,3.156826734542846680e+00,9.999994039535522461e-01,8.673199336044490337e-04,5.682904156856238842e-04,-4.535656771622598171e-04
3.851329088211059570e+00,7.110997200012207031e+00,7.292426228523254395e-01,9.999924898147583008e-01,-3.103726776316761971e-03,1.754288561642169952e-03,-1.559228985570371151e-03
5.942169427871704102e-01,4.847820758819580078e+00,7.315458774566650391e+00,9.999865889549255371e-01,-4.033823031932115555e-03,6.662643136223778129e-05,-3.255667164921760559e-03
7.258482933044433594e+00,5.078567981719970703e+00,2.292593479156494141e+00,9.999998211860656738e-01,4.726928018499165773e-04,4.596700600814074278e-04,-7.109026046236976981e-05
3.573004961013793945e+00,3.050238370895385742e+00,1.577419281005859375e+00,9.999986290931701660e-01,5.856425268575549126e-04,6.946093053556978703e-04,1.410154276527464390e-03
5.450524091720581055e-01,4.173286914825439453e+00,5.932049751281738281e+00,9.998844265937805176e-01,5.009167827665805817e-03,-1.417760364711284637e-02,-2.239018213003873825e-03
7.176905632019042969e+00,7.750951051712036133e-01,3.566152811050415039e+00,9.999990463256835938e-01,-6.686981651000678539e-04,1.188589492812752724e-03,4.267873591743409634e-04
3.352341651916503906e+00,8.419102430343627930e-02,2.600140094757080078e+00,9.999999403953552246e-01,-1.169866591226309538e-04,-2.817241474986076355e-04,-2.374617179157212377e-04
5.594344615936279297e+00,8.353809714317321777e-01,1.901629090309143066e+00,9.999973773956298828e-01,-6.338285165838897228e-04,1.108371652662754059e-03,-1.918157096952199936e-03
4.384550571441650391e+00,5.113553404808044434e-01,4.741593837738037109e+00,9.999983906745910645e-01,-1.473677810281515121e-03,-9.959667222574353218e-04,3.416063555050641298e-04
3.783638954162597656e+00,1.449157862225547433e-04,4.099202752113342285e-01,9.999964237213134766e-01,7.464153459295630455e-04,2.140351338312029839e-03,1.421927125193178654e-03
2.949065446853637695e+00,6.949108123779296875e+00,4.414636611938476562e+00,9.999998211860656738e-01,3.583763900678604841e-04,-3.599321644287556410e-04,-4.298907588236033916e-04
5.357360363006591797e+00,9.662328362464904785e-01,5.282252788543701172e+00,9.999467730522155762e-01,-8.943461813032627106e-03,1.707689661998301744e-04,-5.147157702594995499e-03
1.740084767341613770e+00,3.424920797348022461e+00,4.524881362915039062e+00,9.999165534973144531e-01,-1.007258612662553787e-02,-5.148740019649267197e-03,6.240241229534149170e-03
1.208497881889343262e+00,2.446925640106201172e+00,6.865056991577148438e+00,9.998679161071777344e-01,6.129909772425889969e-03,9.427705779671669006e-03,-1.173814386129379272e-02
4.473253250122070312e+00,6.400002479553222656e+00,5.823147296905517578e+00,1.000000000000000000e+00,-1.553447364130988717e-04,-2.137964293069671839e-05,-1.157997903646901250e-04
1.860663652420043945e+00,5.750924110412597656e+00,4.461214065551757812e+00,9.999946355819702148e-01,-1.845855149440467358e-05,1.071943785063922405e-03,-3.103153780102729797e-03
2.607663869857788086e-01,5.938282966613769531e+00,5.160700321197509766e+00,9.999992847442626953e-01,-6.312433979474008083e-04,9.960940806195139885e-04,3.604169178288429976e-04
4.020775794982910156e+00,5.903678417205810547e+00,5.914882183074951172e+00,9.999997019767761230e-01,-7.928812992759048939e-04,-2.629854425322264433e-04,8.313890248246025294e-06
6.887450218200683594e+00,2.812848091125488281e+00,2.844924688339233398e+00,1.000000000000000000e+00,-2.735671296250075102e-04,9.424766903975978494e-05,1.467576475988607854e-05
6.858066082000732422e+00,5.952612876892089844e+00,6.092326641082763672e+00,9.999951124191284180e-01,-2.189551451010629535e-04,3.083603689447045326e-03,-4.832313861697912216e-04
4.990882396697998047e+00,3.400092840194702148e+00,3.087616682052612305e+00,9.999997615814208984e-01,-6.740041426382958889e-04,9.125733777182176709e-05,-3.426767361816018820e-04
4.098691046237945557e-01,4.648055076599121094e+00,5.144817829132080078e+00,9.999997615814208984e-01,3.969131512349122204e-07,-5.717859603464603424e-04,-4.206580633763223886e-04
6.942112445831298828e+00,6.681590557098388672e+00,3.116146802902221680e+00,1.000000000000000000e+00,1.624313590582460165e-04,-2.296791062690317631e-04,1.148920200648717582e-04
4.824642181396484375e+00,7.345661163330078125e+00,7.043045520782470703e+00,9.999992251396179199e-01,7.528538699261844158e-04,5.959749105386435986e-04,-8.788923732936382294e-04
2.901152849197387695e+00,9.960644841194152832e-01,4.072883129119873047e+00,9.999996423721313477e-01,7.434282451868057251e-04,-2.419554657535627484e-04,2.131957880919799209e-04
5.795601844787597656e+00,2.100490331649780273e+00,3.138682603836059570e+00,9.999974370002746582e-01,-1.588587998412549496e-03,-3.743464503713767044e-06,-1.599487615749239922e-03
5.989111423492431641e+00,3.392049312591552734e+00,6.429430007934570312e+00,9.999999403953552246e-01,3.107905504293739796e-04,3.737743245437741280e-04,1.824547944124788046e-04
4.740913212299346924e-01,7.146591186523437500e+00,3.163740396499633789e+00,9.999616146087646484e-01,8.677913807332515717e-03,1.918371563078835607e-04,1.256335992366075516e-03
4.904208660125732422e+00,6.373539447784423828e+00,7.234008789062500000e+00,9.999796152114868164e-01,-3.124167444184422493e-03,5.278898403048515320e-03,-1.749695162288844585e-03
6.405761718750000000e+00,3.738129615783691406e+00,5.605323791503906250e+00,9.998788833618164062e-01,1.212530583143234253e-02,3.262361744418740273e-03,9.198663756251335144e-03
2.472287416458129883e+00,3.018002986907958984e+00,7.078384399414062500e+00,9.999689459800720215e-01,-3.347181482240557671e-03,4.379136953502893448e-03,5.636563058942556381e-03
5.025492191314697266e+00,5.618611812591552734e+00,2.132294476032257080e-01,9.999911785125732422e-01,2.079617232084274292e-03,-3.360789734870195389e-03,1.439102576114237309e-03
7.387787342071533203e+00,6.972159385681152344e+00,5.566760540008544922e+00,9.999914169311523438e-01,1.520748599432408810e-03,-3.425887785851955414e-03,-1.804316882044076920e-03
1.118141174316406250e+00,2.276001930236816406e+00,4.408800125122070312e+00,1.000000000000000000e+00,2.172327658627182245e-04,1.701984438113868237e-04,-9.839055564953014255e-06
2.674163341522216797e+00,3.821136474609375000e+00,3.974574565887451172e+00,9.999917745590209961e-01,-3.462722292169928551e-03,1.125525799579918385e-03,1.807735534384846687e-03
4.976743698120117188e+00,3.209136247634887695e+00,5.191507339477539062e-01,9.999965429306030273e-01,-1.574166817590594292e-03,1.413699355907738209e-03,1.550064422190189362e-03
2.650805950164794922e+00,3.755483925342559814e-01,6.587612628936767578e+00,9.999995231628417969e-01,8.024945855140686035e-04,-5.401907255873084068e-04,1.559764350531622767e-04
5.305395126342773438e+00,6.515267372131347656e+00,4.173726081848144531e+00,9.999994039535522461e-01,-3.583145735319703817e-04,-6.194041925482451916e-04,9.375294903293251991e-04
7.914977148175239563e-03,3.147355794906616211e+00,5.022333621978759766e+00,9.999993443489074707e-01,-6.696790223941206932e-04,-8.181778248399496078e-04,5.716448649764060974e-04
7.044085025787353516e+00,5.656192779541015625e+00,2.379059076309204102e+00,9.999966621398925781e-01,-1.782263279892504215e-03,1.591664738953113556e-03,-9.375874069519340992e-04
1.053001761436462402e+00,4.460829257965087891e+00,4.522573947906494141e+00,9.999974370002746582e-01,-2.127355895936489105e-03,-6.691757589578628540e-04,3.619753406383097172e-04
5.992635250091552734e+00,6.731141567230224609e+00,2.310793638229370117e+00,9.999998807907104492e-01,-4.902595537714660168e-04,-2.287658571731299162e-04,8.990244532469660044e-05
6.577718257904052734e-01,5.385726928710937500e+00,3.093155384063720703e+00,9.999837279319763184e-01,-4.947683308273553848e-03,-2.757351845502853394e-03,7.247125613503158092e-04
6.556338071823120117e-01,8.345930576324462891e-01,8.640875816345214844e-01,9.999909400939941406e-01,-1.828316948376595974e-03,3.204435808584094048e-03,2.156084636226296425e-03
4.766800701618194580e-01,6.829020977020263672e+00,3.212505817413330078e+00,9.999608993530273438e-01,8.797148242592811584e-03,1.033442968036979437e-04,9.751932811923325062e-04
3.971448898315429688e+00,2.475841760635375977e+00,1.321735858917236328e+00,9.999995231628417969e-01,-1.081018126569688320e-04,1.058900263160467148e-03,-3.133487916784361005e-05
3.233453512191772461e+00,7.257291078567504883e-01,1.647281169891357422e+00,1.000000000000000000e+00,-9.407015750184655190e-05,-1.200569968204945326e-04,-2.239995228592306376e-04
3.207265436649322510e-01,3.916508197784423828e+00,4.841008186340332031e+00,9.999992251396179199e-01,-9.966114885173738003e-05,-1.186306122690439224e-03,4.430264525581151247e-04
6.692848205566406250e+00,1.355054020881652832e+00,6.264848232269287109e+00,1.000000000000000000e+00,-4.064121749252080917e-04,2.979764394694939256e-05,-6.129083340056240559e-05
5.079219937324523926e-01,2.091422080993652344e+00,2.364878177642822266e+00,9.999997615814208984e-01,8.315598824992775917e-05,-6.583133945241570473e-04,3.822028811555355787e-04
4.202699661254882812e+00,3.114139735698699951e-01,2.143252134323120117e+00,9.999360442161560059e-01,6.415535230189561844e-03,-8.745458908379077911e-03,-3.223832696676254272e-03
6.114604473114013672e+00,5.359974861145019531e+00,7.104075908660888672e+00,9.999831914901733398e-01,-3.291563363745808601e-03,9.821262210607528687e-04,-4.670107271522283554e-03
5.562467098236083984e+00,1.015510201454162598e+00,2.684770107269287109e+00,9.999994635581970215e-01,7.200615800684317946e-05,-3.933074767701327801e-04,9.958052542060613632e-04
3.451620578765869141e+00,7.059049129486083984e+00,6.371204853057861328e+00,9.999024868011474609e-01,5.051315296441316605e-03,-3.805007319897413254e-03,-1.245411485433578491e-02
4.211930751800537109e+00,1.109759092330932617e+00,3.088543176651000977e+00,9.999991655349731445e-01,-1.296300673857331276e-03,-1.781147584551945329e-04,-2.978970587719231844e-04
1.873824715614318848e+00,2.759490013122558594e+00,1.493893742561340332e+00,9.999975562095642090e-01,2.052798401564359665e-03,-4.949012654833495617e-04,-7.342385360971093178e-04
1.734736084938049316e+00,7.355523109436035156e+00,1.369929164648056030e-01,9.999998211860656738e-01,3.841621582978405058e-05,6.800681003369390965e-04,-1.027287216857075691e-04
5.933175608515739441e-02,2.886153936386108398e+00,6.061908006668090820e-01,9.999998807907104492e-01,5.225561908446252346e-04,3.411164216231554747e-04,1.102946043829433620e-05
5.202675819396972656e+00,1.184645414352416992e+00,4.938821792602539062e+00,9.999943375587463379e-01,1.059812144376337528e-03,1.186186331324279308e-03,-2.954831114038825035e-03
3.993009567260742188e+00,1.764541506767272949e+00,3.009009599685668945e+00,9.999999403953552246e-01,4.142480320297181606e-04,-7.514957542298361659e-05,-3.320202522445470095e-04
4.633682250976562500e+00,7.366606235504150391e+00,6.142689585685729980e-01,1.000000000000000000e+00,-9.267507266486063600e-05,4.044554225401952863e-05,3.941108298022300005e-04
5.129148960113525391e+00,2.952502481639385223e-02,5.071984291076660156e+00,9.999983310699462891e-01,1.541762147098779678e-03,-7.407055090880021453e-05,-1.031569321639835835e-03
6.356126308441162109e+00,3.520822763442993164e+00,6.503171443939208984e+00,9.999997615814208984e-01,2.571816730778664351e-04,7.269899942912161350e-04,1.299570867558941245e-04
6.556218624114990234e+00,5.190696716308593750e+00,3.630185127258300781e-02,9.999876022338867188e-01,-5.161195877008140087e-04,4.937918856739997864e-03,4.570632590912282467e-04
4.555376529693603516e+00,1.769726753234863281e+00,5.756247520446777344e+00,1.000000000000000000e+00,4.415964212967082858e-06,1.721091393847018480e-04,-7.574154733447358012e-05
4.656521320343017578e+00,4.865568161010742188e+00,3.845890283584594727e+00,9.999989271163940430e-01,-3.100769536104053259e-04,1.421927358023822308e-03,-3.249947912991046906e-04
3.314126729965209961e+00,9.051014482975006104e-02,4.852938652038574219e+00,1.000000000000000000e+00,-1.759472070261836052e-04,4.061355139128863811e-05,-1.946192642208188772e-04
3.374243974685668945e+00,5.897436141967773438e+00,4.083658695220947266e+00,1.000000000000000000e+00,-1.570439490024000406e-04,2.825780538842082024e-04,-1.264818856725469232e-04
6.247403144836425781e+00,6.519686698913574219e+00,2.138255350291728973e-02,9.999999403953552246e-01,3.503022890072315931e-04,1.467281799705233425e-05,2.828695578500628471e-04
2.592030048370361328e+00,8.595144152641296387e-01,4.028557777404785156e+00,9.999999403953552246e-01,5.035070353187620640e-04,-6.703223334625363350e-05,-2.421677163511049002e-05
5.203994750976562500e+00,6.990103721618652344e-01,2.877368211746215820e+00,9.999999403953552246e-01,1.439781190128996968e-04,-3.678899884107522666e-05,4.366502398625016212e-04
6.403796195983886719e+00,6.595119953155517578e+00,4.197443723678588867e-01,9.999998211860656738e-01,5.414725746959447861e-04,-1.224761035700794309e-05,3.866657207254320383e-04
6.273033142089843750e+00,4.392348766326904297e+00,5.066666126251220703e+00,9.999612569808959961e-01,5.648813210427761078e-03,5.658987909555435181e-03,3.688453696668148041e-03
6.373395919799804688e-01,7.496243953704833984e+00,3.639785051345825195e+00,9.999996423721313477e-01,7.147954311221837997e-04,5.582807352766394615e-04,3.603003278840333223e-05
1.338772177696228027e+00,6.922176361083984375e+00,5.035418033599853516e+00,9.999986290931701660e-01,-1.581631076987832785e-04,-1.671182690188288689e-03,-2.723192446865141392e-04
5.217186927795410156e+00,6.639275074005126953e+00,2.870757818222045898e+00,9.999989867210388184e-01,-9.675078326836228371e-04,6.254158797673881054e-04,8.695314172655344009e-04
2.731690168380737305e+00,4.374233722686767578e+00,5.732946872711181641e+00,9.999994039535522461e-01,2.912515192292630672e-04,-9.867378976196050644e-04,4.658257530536502600e-04
3.625780582427978516e+00,2.597306489944458008e+00,5.058038711547851562e+00,9.999998807907104492e-01,-2.070012706099078059e-04,-3.271712630521506071e-04,-4.631372285075485706e-04
3.187330484390258789e+00,2.335618019104003906e+00,2.187457561492919922e+00,9.999978542327880859e-01,9.299303055740892887e-04,-1.742072287015616894e-03,6.882318411953747272e-04
5.695374011993408203e+00,7.490122795104980469e+00,1.932063102722167969e+00,9.999997019767761230e-01,-7.773670367896556854e-04,2.843232068698853254e-04,-1.803826744435355067e-04
4.773645877838134766e+00,4.311789989471435547e+00,2.705473423004150391e+00,9.999995827674865723e-01,9.276627097278833389e-04,2.415173948975279927e-04,-2.222090697614476085e-04
2.904629468917846680e+00,1.554635047912597656e+00,1.125938415527343750e+00,9.999875426292419434e-01,1.064788899384438992e-03,4.876326769590377808e-03,6.432144436985254288e-05
6.091013923287391663e-02,1.610056400299072266e+00,2.380954265594482422e+00,9.999907612800598145e-01,1.189004629850387573e-03,-3.619744093157351017e-04,4.119919613003730774e-03
4.292136192321777344e+00,3.586342811584472656e+00,3.813028335571289062e+00,9.999908804893493652e-01,-4.103125073015689850e-03,1.174268429167568684e-03,-1.568877487443387508e-04
7.249370574951171875e+00,1.942112743854522705e-01,5.817041397094726562e+00,1.000000000000000000e+00,-1.431357813999056816e-04,-1.081337177311070263e-04,6.447567102441098541e-06
4.494638442993164062e+00,4.685681819915771484e+00,5.310165882110595703e+00,9.999985098838806152e-01,-1.478231744840741158e-03,-9.224028326570987701e-04,2.773299056570976973e-04
7.483843326568603516e+00,4.869699478149414062e+00,1.122279092669487000e-01,9.999212026596069336e-01,-5.168825155124068260e-04,-1.252723950892686844e-02,6.263835239224135876e-04
2.129213571548461914e+00,6.304681777954101562e+00,5.775193214416503906e+00,9.999996423721313477e-01,2.477390808053314686e-04,-7.455612649209797382e-04,-3.348445170558989048e-04
1.676493525505065918e+00,5.160269737243652344e-01,7.294921875000000000e+00,9.999997615814208984e-01,5.839735968038439751e-04,-1.448858965886756778e-04,-4.765593912452459335e-04
1.622392773628234863e+00,6.324347972869873047e+00,4.313070774078369141e+00,1.000000000000000000e+00,-2.032563206739723682e-04,2.772921288851648569e-04,1.269529457204043865e-04
7.048270702362060547e+00,4.987394809722900391e+00,6.075642585754394531e+00,9.997792840003967285e-01,1.525492407381534576e-02,3.412072081118822098e-03,-1.403773017227649689e-02
3.464295864105224609e+00,4.371408462524414062e+00,6.806502342224121094e+00,9.999998211860656738e-01,2.453110255373758264e-06,-1.734498655423521996e-04,-6.546798977069556713e-04
6.144806385040283203e+00,1.944370985031127930e+00,3.802789449691772461e-01,9.999998807907104492e-01,-2.962608123198151588e-04,4.116574418731033802e-04,-3.546297957655042410e-04
1.699884653091430664e+00,5.457619667053222656e+00,1.691328763961791992e+00,9.999628067016601562e-01,4.910355899482965469e-03,-2.940903883427381516e-03,-6.450421642512083054e-03
2.626834392547607422e+00,4.140092849731445312e+00,5.273828029632568359e+00,9.999998807907104492e-01,1.002747239908785559e-06,-4.467848048079758883e-04,2.380734076723456383e-04
3.150828361511230469e+00,7.015380859375000000e+00,6.265475749969482422e+00,9.999119043350219727e-01,4.404597450047731400e-03,-2.917047822847962379e-03,-1.218109950423240662e-02
6.753694057464599609e+00,5.564276695251464844e+00,4.376920223236083984e+00,9.999977946281433105e-01,-6.928053335286676884e-05,-7.346152415266260505e-05,2.117149997502565384e-03
5.208837032318115234e+00,1.975445985794067383e+00,1.544563770294189453e+00,9.999994635581970215e-01,-1.030548010021448135e-03,-4.515922046266496181e-04,6.062430475139990449e-05
6.098910331726074219e+00,2.545146465301513672e+00,3.668792486190795898e+00,9.999591112136840820e-01,1.466214773245155811e-03,7.415547035634517670e-03,4.955492913722991943e-03
7.375844001770019531e+00,3.497969865798950195e+00,2.080433607101440430e+00,1.000000000000000000e+00,1.768568181432783604e-04,1.165678331744857132e-04,-1.320901501458138227e-04
2.487630367279052734e+00,3.807929992675781250e+00,6.975780963897705078e+00,9.999974370002746582e-01,9.246652480214834213e-04,1.661973190493881702e-03,-1.245097024366259575e-03
3.330447971820831299e-01,6.419847965240478516e+00,2.740376472473144531e+00,9.999990463256835938e-01,-4.296498955227434635e-04,-1.101703615859150887e-03,-7.932090084068477154e-04
3.879504919052124023e+00,5.756946086883544922e+00,5.421783924102783203e+00,9.999691843986511230e-01,-3.059976967051625252e-03,6.840681191533803940e-03,2.329446142539381981e-03
5.268372058868408203e+00,2.933441162109375000e+00,1.719085723161697388e-01,9.999978542327880859e-01,-1.629436388611793518e-03,-1.056220149621367455e-03,7.259427802637219429e-04
6.729157447814941406e+00,3.246232032775878906e+00,3.419805288314819336e+00,9.999999403953552246e-01,-4.255231469869613647e-04,1.424844667781144381e-04,1.403270143782719970e-04
9.117743968963623047e-01,8.106278777122497559e-01,3.942479848861694336e+00,9.999765157699584961e-01,1.424955902621150017e-03,-1.218433608300983906e-04,6.701969541609287262e-03
3.262156486511230469e+00,5.976368904113769531e+00,2.323328018188476562e+00,9.999591112136840820e-01,-3.835331415757536888e-03,-6.529337842948734760e-04,8.169133216142654419e-03
6.064269542694091797e+00,6.557716846466064453e+00,3.894192695617675781e+00,9.999663829803466797e-01,3.818857949227094650e-03,-1.616086345165967941e-03,-7.074661552906036377e-03
3.497944355010986328e+00,6.426701545715332031e+00,5.354662418365478516e+00,1.000000000000000000e+00,1.181959596578963101e-04,-1.947394775925204158e-04,8.158446144079789519e-05
2.434188604354858398e+00,1.616513609886169434e+00,8.825483918190002441e-01,9.999133348464965820e-01,3.976495470851659775e-03,6.699481979012489319e-03,1.061532553285360336e-02
3.083059310913085938e+00,4.940389633178710938e+00,5.395536899566650391e+00,1.000000000000000000e+00,7.528015703428536654e-05,-2.671072725206613541e-04,8.806685218587517738e-05
3.658707380294799805e+00,1.944666147232055664e+00,7.346004486083984375e+00,9.999955296516418457e-01,4.855805673287250102e-05,-5.428019794635474682e-04,2.936111995950341225e-03
1.198315858840942383e+00,6.081539630889892578e+00,1.534977078437805176e+00,9.999998211860656738e-01,5.098381661809980869e-04,4.299298452679067850e-04,-8.671367686474695802e-05
3.777504682540893555e+00,1.922424674034118652e+00,6.603216171264648438e+00,9.999997615814208984e-01,5.323513178154826164e-04,1.256170362466946244e-04,-5.804767133668065071e-04
5.217311859130859375e+00,7.024397373199462891e+00,6.713854312896728516e+00,9.999946355819702148e-01,2.333773998543620110e-03,-2.021044027060270309e-03,1.097280648536980152e-03
3.006816625595092773e+00,3.492616713047027588e-01,4.395119667053222656e+00,1.000000000000000000e+00,-1.068076308001764119e-04,1.046454272000119090e-04,1.228376931976526976e-04
6.334749698638916016e+00,3.625845193862915039e+00,1.803760766983032227e+00,9.999980926513671875e-01,-7.772313547320663929e-04,-1.540636760182678699e-03,-1.000742660835385323e-03
1.114826679229736328e+00,1.418761134147644043e+00,6.028553962707519531e+00,9.999883174896240234e-01,-1.529650297015905380e-03,-2.078922232612967491e-03,-4.086388275027275085e-03
2.490533351898193359e+00,1.455364227294921875e-01,5.476853370666503906e+00,9.999995827674865723e-01,-7.019486511126160622e-04,5.350100691430270672e-04,-2.043922577286139131e-04
2.746221780776977539e+00,5.285915851593017578e+00,2.907368898391723633e+00,1.000000000000000000e+00,-7.930884748930111527e-05,8.263468043878674507e-05,2.456398215144872665e-04
5.249947309494018555e-01,4.953839182853698730e-01,9.591978192329406738e-01,9.999996423721313477e-01,2.743114309851080179e-04,8.643609471619129181e-04,-1.202274434035643935e-04
7.400327205657958984e+00,7.021423816680908203e+00,6.830336093902587891e+00,9.999997615814208984e-01,5.856061470694839954e-04,3.311739710625261068e-04,2.951366477645933628e-04
3.555370569229125977e+00,5.331083297729492188e+00,2.203293561935424805e+00,9.999989867210388184e-01,-7.829279638826847076e-04,-8.778661722317337990e-04,8.503769640810787678e-04
3.632398366928100586e+00,3.534715771675109863e-01,5.995264530181884766e+00,9.999977350234985352e-01,1.275307848118245602e-03,1.625676522962749004e-03,-4.757514107041060925e-04
5.068401336669921875e+00,3.269301414489746094e+00,4.653168201446533203e+00,9.999997615814208984e-01,1.857613533502444625e-04,1.970190496649593115e-04,-6.717190262861549854e-04
2.122252941131591797e+00,6.434560298919677734e+00,1.138514280319213867e+00,9.999985098838806152e-01,-8.821795927360653877e-04,-1.504405518062412739e-03,-5.459083695313893259e-06
2.245218038558959961e+00,4.657392978668212891e+00,1.092535555362701416e-01,1.000000000000000000e+00,4.927672489429824054e-05,-9.347555896965786815e-05,7.962339441291987896e-05
3.271965980529785156e+00,7.077825546264648438e+00,2.304341077804565430e+00,9.999989271163940430e-01,1.096482039429247379e-03,-9.194115991704165936e-04,-4.367349320091307163e-04
5.714981555938720703e+00,2.054480075836181641e+00,2.961434721946716309e-01,9.999995827674865723e-01,-7.528858259320259094e-04,3.715371422003954649e-04,-5.419160006567835808e-04
3.589626073837280273e+00,6.371181011199951172e+00,6.193202495574951172e+00,9.999819993972778320e-01,-4.835410509258508682e-03,-3.095327119808644056e-04,-3.538477234542369843e-03
4.515242099761962891e+00,6.175510883331298828e+00,1.394944071769714355e+00,9.999997019767761230e-01,4.960158257745206356e-04,5.491148331202566624e-04,3.728644805960357189e-04
2.375736951828002930e+00,6.322981834411621094e+00,7.696634531021118164e-01,9.999772906303405762e-01,-5.269770044833421707e-03,2.529873047024011612e-03,3.373512299731373787e-03
2.567447423934936523e+00,1.538823246955871582e+00,5.884781360626220703e+00,9.999996423721313477e-01,-5.709795514121651649e-04,-5.850739544257521629e-04,2.521599817555397749e-04
9.602896869182586670e-02,1.118679165840148926e+00,4.502561688423156738e-01,9.999197125434875488e-01,-9.456890635192394257e-03,-7.925288751721382141e-03,2.896352438256144524e-03
3.888481616973876953e+00,2.662192106246948242e+00,1.961275339126586914e+00,9.998255968093872070e-01,-1.916233333759009838e-03,1.852338016033172607e-02,1.405586954206228256e-03
3.251201391220092773e+00,5.417790889739990234e+00,7.470986247062683105e-01,9.999998807907104492e-01,3.482786414679139853e-04,-1.411857010680250823e-05,4.287332703825086355e-04
4.747959613800048828e+00,3.628170013427734375e+00,3.709997415542602539e+00,9.999983906745910645e-01,-1.271171844564378262e-03,-1.121318782679736614e-03,6.764914724044501781e-04
5.929847717285156250e+00,1.644738078117370605e+00,7.173906803131103516e+00,9.999737143516540527e-01,-4.496555193327367306e-04,2.925340668298304081e-04,7.231683004647493362e-03
2.771950721740722656e+00,2.100289583206176758e+00,2.109341621398925781e+00,1.000000000000000000e+00,4.867171082878485322e-05,2.923874417319893837e-04,-1.574689376866444945e-04
2.542977333068847656e+00,5.034214496612548828e+00,4.609626770019531250e+00,9.999917745590209961e-01,-1.504789805039763451e-03,-2.987986430525779724e-03,-2.281895373016595840e-03
3.190751314163208008e+00,2.990563869476318359e+00,4.292080402374267578e-01,9.999987483024597168e-01,1.200499944388866425e-03,1.050509745255112648e-03,2.819749352056533098e-04
3.746138811111450195e+00,1.149811029434204102e+00,5.296328067779541016e+00,9.998414516448974609e-01,1.547307800501585007e-02,6.329524330794811249e-03,6.129209883511066437e-03
1.320361852645874023e+00,1.935126423835754395e+00,4.897545814514160156e+00,9.999972581863403320e-01,-1.122997258789837360e-03,1.471849624067544937e-03,1.467899768613278866e-03
6.765340328216552734e+00,4.899435043334960938e+00,5.548801898956298828e+00,9.999870657920837402e-01,-3.359455149620771408e-03,-3.208438400179147720e-03,2.082246122881770134e-03
3.594334602355957031e+00,3.346369743347167969e+00,6.894961357116699219e+00,9.999997615814208984e-01,3.017017443198710680e-04,-7.098125643096864223e-04,-9.993238927563652396e-05
1.279462337493896484e+00,3.428810238838195801e-01,1.905084729194641113e+00,9.999998211860656738e-01,9.731175669003278017e-05,-1.940345391631126404e-04,5.891393520869314671e-04
4.553088665008544922e+00,2.447668552398681641e+00,7.404929637908935547e+00,9.999992251396179199e-01,-2.771008585114032030e-04,6.391005008481442928e-04,1.074011554010212421e-03
3.304828405380249023e+00,5.961533069610595703e+00,5.526293277740478516e+00,9.999998211860656738e-01,9.050608059624210000e-05,-6.619307678192853928e-04,-4.145569164393236861e-06
7.048035144805908203e+00,1.190728768706321716e-01,6.066124916076660156e+00,9.999998807907104492e-01,-2.092017239192500710e-04,2.548538614064455032e-04,3.914595581591129303e-04
3.831593036651611328e+00,4.512652873992919922e+00,6.535892486572265625e+00,9.999755024909973145e-01,-1.573148765601217747e-03,-4.656716482713818550e-04,6.801805458962917328e-03
2.105997800827026367e+00,4.249562740325927734e+00,3.526336193084716797e+00,9.999997615814208984e-01,1.965742994798347354e-04,5.052663618698716164e-04,6.023111636750400066e-04
5.382310867309570312e+00,1.566302657127380371e+00,1.565852880477905273e+00,9.999995231628417969e-01,8.411914459429681301e-04,-5.373334279283881187e-04,-7.256872049765661359e-05
4.562166213989257812e+00,7.417395591735839844e+00,3.787881851196289062e+00,9.999926090240478516e-01,-1.809691544622182846e-03,3.359925467520952225e-03,-6.290713790804147720e-04
3.093365430831909180e+00,3.363271951675415039e-01,1.766462802886962891e+00,1.000000000000000000e+00,-6.216351903276517987e-05,2.127832121914252639e-04,-2.086384483845904469e-04
3.484643697738647461e+00,4.987856388092041016e+00,5.997066020965576172e+00,9.999994039535522461e-01,5.286516970954835415e-04,-9.525250643491744995e-04,3.018963325303047895e-04
1.657207608222961426e+00,5.625782489776611328e+00,3.230351209640502930e+00,9.999998211860656738e-01,-4.227738536428660154e-04,1.504424435552209616e-04,-5.389525904320180416e-04
6.193735122680664062e+00,4.258172988891601562e+00,6.211112976074218750e+00,9.999988675117492676e-01,-9.442996233701705933e-04,9.149829274974763393e-04,-8.048376766964793205e-04
5.949804782867431641e+00,1.231161579489707947e-01,1.461884021759033203e+00,9.999946951866149902e-01,3.025841666385531425e-03,6.750913453288376331e-04,-1.051819534040987492e-03
5.277539253234863281e+00,4.249333858489990234e+00,6.746669292449951172e+00,9.999995231628417969e-01,-3.247875720262527466e-04,9.894797112792730331e-04,2.150419277313631028e-05
4.127064704895019531e+00,4.437867164611816406e+00,5.702016949653625488e-01,9.999880790710449219e-01,-2.419759519398212433e-03,-5.865705898031592369e-04,4.200616385787725449e-03
3.193958759307861328e+00,7.189020633697509766e+00,8.257673382759094238e-01,9.999977946281433105e-01,-1.065657590515911579e-03,7.226467714644968510e-04,1.650686259381473064e-03
5.840276241302490234e+00,7.009796142578125000e+00,7.429656505584716797e+00,9.999997615814208984e-01,-3.699355584103614092e-04,-6.662037339992821217e-04,2.679055251064710319e-05
7.347459316253662109e+00,1.986602187156677246e+00,1.671328663825988770e+00,1.000000000000000000e+00,-5.717951717087998986e-05,3.325493016745895147e-04,-1.880908966995775700e-04
1.643500089645385742e+00,2.514024257659912109e+00,3.771904468536376953e+00,9.999997019767761230e-01,1.246599131263792515e-04,7.411403348669409752e-04,-1.437909522792324424e-04
1.514780521392822266e+00,1.738836407661437988e+00,1.916019916534423828e-01,9.999902844429016113e-01,8.181144221452996135e-05,-2.660694299265742302e-03,-3.517762757837772369e-03
5.505006313323974609e+00,5.347342967987060547e+00,4.006211280822753906e+00,9.999288320541381836e-01,-7.361149415373802185e-03,-9.385750629007816315e-03,-1.918625348480418324e-04
5.184897899627685547e+00,6.815768718719482422e+00,1.087901830673217773e+00,9.999989867210388184e-01,1.050433143973350525e-03,-4.339513179729692638e-05,-1.026297919452190399e-03
1.638766676187515259e-01,6.024015426635742188e+00,3.956586122512817383e+00,9.999999403953552246e-01,1.165109497378580272e-04,-2.909743634518235922e-04,-2.234548301203176379e-04
6.985339164733886719e+00,7.425045371055603027e-01,4.526821613311767578e+00,9.999997019767761230e-01,-7.377690635621547699e-04,-7.114298932719975710e-05,4.690403584390878677e-04
4.456353664398193359e+00,3.116485178470611572e-01,7.457929849624633789e-01,9.999986886978149414e-01,6.598440231755375862e-04,1.377033331664279103e-04,1.514317700639367104e-03
4.497909545898437500e+00,1.567616343498229980e+00,2.195058107376098633e+00,9.999997019767761230e-01,7.662309217266738415e-04,9.264753316529095173e-06,-3.497510042507201433e-04
5.443452835083007812e+00,6.579115390777587891e+00,1.915902495384216309e+00,1.000000000000000000e+00,-3.576650851755402982e-05,-3.017815470229834318e-04,-6.111545371823012829e-05
4.182237625122070312e+00,4.935934066772460938e+00,5.148747444152832031e+00,1.000000000000000000e+00,-8.104738662950694561e-05,-1.172581469290889800e-04,-7.692978397244587541e-05
1.388079226016998291e-01,6.692493438720703125e+00,1.848390102386474609e+00,9.999220371246337891e-01,-3.740900894626975060e-03,1.178677100688219070e-02,-1.740958192385733128e-03
2.645266056060791016e+00,4.388971328735351562e+00,4.372266292572021484e+00,1.000000000000000000e+00,9.603066246199887246e-06,-6.214601307874545455e-05,4.216009110677987337e-04
6.823998928070068359e+00,6.962133407592773438e+00,6.569399833679199219e+00,9.999851584434509277e-01,2.115026814863085747e-03,-4.956839140504598618e-03,8.112485520541667938e-04
7.077817440032958984e+00,5.237166404724121094e+00,1.036860227584838867e+00,9.999995827674865723e-01,-7.164426497183740139e-04,-6.642691441811621189e-04,-2.379853831371292472e-04
3.798952579498291016e+00,4.570396900177001953e+00,6.180352687835693359e+00,9.999990463256835938e-01,-7.552097085863351822e-04,5.932118510827422142e-04,1.057806541211903095e-03
3.177971601486206055e+00,4.826661944389343262e-01,2.496998548507690430e+00,9.999998211860656738e-01,-6.445093313232064247e-04,3.423919042688794434e-05,-2.901880361605435610e-04
5.679213047027587891e+00,7.241949081420898438e+00,6.643345832824707031e+00,9.999992847442626953e-01,5.282643251121044159e-04,-9.815763914957642555e-04,5.825423868373036385e-04
2.034038901329040527e-01,6.537902832031250000e+00,6.052706241607666016e+00,9.999998211860656738e-01,5.309129483066499233e-04,-3.753255587071180344e-04,-2.644854248501360416e-04
5.168439865112304688e+00,7.445692062377929688e+00,5.900031089782714844e+00,9.999997615814208984e-01,-1.565307684359140694e-05,6.797452224418520927e-04,3.217268676962703466e-04
2.141648292541503906e+00,7.411528110504150391e+00,5.455906391143798828e+00,9.999659061431884766e-01,1.307815895415842533e-03,-6.636952981352806091e-03,4.738912917673587799e-03
6.109935283660888672e+00,5.464236736297607422e+00,3.006795644760131836e+00,9.999998807907104492e-01,-6.193396984599530697e-05,-3.375700616743415594e-04,5.055876681581139565e-04
4.778154194355010986e-01,4.488146781921386719e+00,5.943747997283935547e+00,9.999336004257202148e-01,-1.110492274165153503e-02,-2.731385640799999237e-03,-1.425447873771190643e-03
5.409950733184814453e+00,2.158685684204101562e+00,5.883982658386230469e+00,1.000000000000000000e+00,2.306058595422655344e-04,2.154684480046853423e-04,1.870913547463715076e-04
4.198470592498779297e+00,2.710131168365478516e+00,5.051250457763671875e+00,9.999997615814208984e-01,-6.157008465379476547e-04,-5.166963674128055573e-04,-5.667037476086989045e-05
4.018066227436065674e-01,5.626935005187988281e+00,3.191024065017700195e-01,9.999975562095642090e-01,-7.088930578902363777e-05,2.136235591024160385e-03,6.313681369647383690e-04
2.527807056903839111e-01,7.090698719024658203e+00,5.090614318847656250e+00,9.999583959579467773e-01,7.535324548371136189e-04,6.938469130545854568e-03,-5.877871997654438019e-03
1.217614173889160156e+00,3.439930915832519531e+00,4.290309548377990723e-01,9.999968409538269043e-01,-1.604455406777560711e-03,-1.951863756403326988e-03,-6.677343480987474322e-05
1.268487721681594849e-01,5.523743152618408203e+00,1.132022380828857422e+00,9.999998211860656738e-01,-4.682048747781664133e-04,2.222902548965066671e-04,-4.522881645243614912e-04
1.512012124061584473e+00,7.304718971252441406e+00,1.515697956085205078e+00,9.999985694885253906e-01,4.395994474180042744e-04,-1.468100585043430328e-03,8.193990215659141541e-04
2.704900026321411133e+00,5.632550716400146484e-01,5.968992710113525391e+00,9.999987483024597168e-01,1.333081600023433566e-04,-1.549032283946871758e-03,-4.045532841701060534e-04
4.799063682556152344e+00,7.131231307983398438e+00,4.478215694427490234e+00,9.999967813491821289e-01,-7.778029539622366428e-04,6.205865647643804550e-04,-2.370871836319565773e-03
4.167821407318115234e+00,1.964639782905578613e+00,5.243788242340087891e+00,1.000000000000000000e+00,-1.277220580959692597e-04,-6.208429840626195073e-05,1.935034524649381638e-04
1.328165292739868164e+00,8.768815994262695312e-01,5.361879348754882812e+00,9.999895095825195312e-01,3.660101676359772682e-03,1.200263970531523228e-03,2.497230423614382744e-03
1.275345444679260254e+00,4.198276519775390625e+00,6.972605228424072266e+00,9.999964833259582520e-01,-1.631120918318629265e-03,-1.885302131995558739e-03,-9.485182818025350571e-04
7.484134197235107422e+00,2.962682962417602539e+00,2.693847417831420898e+00,1.000000000000000000e+00,1.064316747942939401e-04,1.814717543311417103e-04,-9.140787005890160799e-05
9.471316933631896973e-01,4.835417270660400391e+00,5.712753295898437500e+00,9.999999403953552246e-01,-4.942688392475247383e-04,1.181678235298022628e-04,-1.335106353508308530e-04
3.225931167602539062e+00,2.776246547698974609e+00,5.681371212005615234e+00,9.999659061431884766e-01,7.130462676286697388e-03,3.866830840706825256e-03,1.569497748278081417e-03
6.892697334289550781e+00,6.804872989654541016e+00,3.718810319900512695e+00,1.000000000000000000e+00,4.547192293102853000e-05,-2.119248820235952735e-04,2.164955003536306322e-05
1.976254105567932129e+00,6.868191242218017578e+00,1.738506913185119629e+00,9.999892711639404297e-01,4.390987742226570845e-04,-3.473715856671333313e-03,3.039212897419929504e-03
2.856133222579956055e+00,5.014807701110839844e+00,1.887683272361755371e+00,9.999995827674865723e-01,3.834779490716755390e-04,-6.586383678950369358e-04,6.342167034745216370e-04
1.166178822517395020e+00,1.000712513923645020e+00,3.976352930068969727e+00,9.999688267707824707e-01,5.088942591100931168e-03,-3.317009395686909556e-05,6.044319830834865570e-03
4.379707336425781250e+00,6.782271862030029297e+00,7.115945816040039062e+00,9.999912381172180176e-01,-2.427058992907404900e-03,3.290479304268956184e-03,-9.286767453886568546e-04
6.655653476715087891e+00,6.165152549743652344e+00,2.179356098175048828e+00,9.999997019767761230e-01,-5.884700804017484188e-04,1.185343280667439103e-04,6.476546986959874630e-04
4.621318817138671875e+00,3.241450071334838867e+00,5.092388153076171875e+00,9.999992251396179199e-01,2.436465874779969454e-04,-1.261111116036772728e-03,2.999871503561735153e-04
3.040299177169799805e+00,3.096021652221679688e+00,2.985534191131591797e+00,9.999997019767761230e-01,-4.821029433514922857e-04,-4.706953859567875043e-06,7.066387333907186985e-04
1.664341330528259277e+00,2.303055524826049805e+00,1.381292819976806641e+00,9.999982118606567383e-01,-1.164378132671117783e-03,-9.770487667992711067e-04,1.147584873251616955e-03
5.108832836151123047e+00,5.102237224578857422e+00,4.709785938262939453e+00,9.997491836547851562e-01,-6.735217757523059845e-03,2.108844183385372162e-02,3.400988876819610596e-03
5.858713388442993164e-01,4.501118183135986328e+00,4.214812070131301880e-02,9.999972581863403320e-01,2.089808695018291473e-03,1.108342316001653671e-03,-8.146571053657680750e-05
1.613798856735229492e+00,7.039920806884765625e+00,3.869142293930053711e+00,9.999961256980895996e-01,-2.556116087362170219e-03,-1.078848843462765217e-03,-3.252153983339667320e-04
4.650004863739013672e+00,3.114185571670532227e+00,2.197149991989135742e+00,9.999993443489074707e-01,-1.081101712770760059e-03,5.643674012389965355e-05,5.177285638637840748e-04
7.123484134674072266e+00,4.056800842285156250e+00,6.608640193939208984e+00,9.999999403953552246e-01,3.178803890477865934e-04,-3.633339365478605032e-04,2.935634984169155359e-05
4.420285701751708984e+00,6.132934570312500000e+00,1.716813087463378906e+00,1.000000000000000000e+00,3.069949743803590536e-04,2.379999496042728424e-04,5.875958231627009809e-05
3.247996568679809570e+00,6.958248615264892578e+00,3.988863825798034668e-01,9.999912381172180176e-01,-1.596281537786126137e-03,-3.833731170743703842e-03,5.461913533508777618e-04
5.103210926055908203e+00,4.887574017047882080e-01,3.992985010147094727e+00,9.999979734420776367e-01,1.802282291464507580e-03,-9.060613811016082764e-04,-2.039467071881517768e-04
5.147348403930664062e+00,4.236470699310302734e+00,4.046641826629638672e+00,9.999998807907104492e-01,3.210285503882914782e-04,-2.196727873524650931e-04,2.966720785479992628e-04
2.398286581039428711e+00,2.897227525711059570e+00,2.606874227523803711e+00,9.999980330467224121e-01,-4.774956905748695135e-04,-7.107481360435485840e-04,1.835462637245655060e-03
3.315335512161254883e+00,4.934852600097656250e+00,6.074317693710327148e-01,9.999946355819702148e-01,1.689053373411297798e-03,-2.487930702045559883e-03,1.325686695054173470e-03
5.986519813537597656e+00,5.179512500762939453e-01,1.693124890327453613e+00,9.999996423721313477e-01,8.926509181037545204e-04,9.429425699636340141e-05,6.856091931695118546e-05
1.547496318817138672e+00,4.015586853027343750e+00,1.411779046058654785e+00,1.000000000000000000e+00,3.878927091136574745e-04,1.361187169095501304e-04,-9.848284389590844512e-05
3.661392927169799805e+00,9.181253314018249512e-01,4.972150325775146484e+00,9.999700784683227539e-01,3.507038345560431480e-03,-5.497065722011029720e-04,6.873833946883678436e-03
4.407200813293457031e+00,5.569687366485595703e+00,4.244945049285888672e+00,1.000000000000000000e+00,-9.309859888162463903e-05,1.022035066853277385e-04,-9.092081745620816946e-05
4.425354003906250000e+00,4.079961776733398438e+00,8.982865810394287109e-01,9.999982714653015137e-01,-1.866264501586556435e-03,2.636346034705638885e-04,-1.024127595883328468e-05
3.686520099639892578e+00,4.002523899078369141e+00,4.492578029632568359e+00,9.999999403953552246e-01,4.117065691389143467e-04,-2.606741618365049362e-04,1.224006555275991559e-04
3.383690416812896729e-01,2.430395603179931641e+00,3.981539011001586914e+00,9.999993443489074707e-01,5.797228659503161907e-04,-3.645086544565856457e-04,9.831766365095973015e-04
1.838987469673156738e+00,5.997004985809326172e+00,1.106178402900695801e+00,9.999997615814208984e-01,-4.717799311038106680e-04,-3.096683358307927847e-04,-5.421584355644881725e-04
2.940793752670288086e+00,4.838311195373535156e+00,4.331510543823242188e+00,9.999998807907104492e-01,-1.394094579154625535e-04,9.372177009936422110e-05,5.468286690302193165e-04
4.864260673522949219e+00,5.795093059539794922e+00,9.604254364967346191e-01,9.999995827674865723e-01,2.618268772494047880e-04,9.832619980443269014e-05,-9.329980821348726749e-04
6.089769363403320312e+00,4.815332412719726562e+00,3.436803102493286133e+00,9.999998807907104492e-01,-1.732607488520443439e-04,-4.599374660756438971e-04,-1.504481770098209381e-04
7.396799921989440918e-01,5.622077941894531250e+00,2.224326372146606445e+00,9.999998211860656738e-01,5.843031685799360275e-04,2.521763090044260025e-04,1.896448957268148661e-04
5.695381164550781250e+00,6.508000373840332031e+00,6.591320037841796875e+00,1.000000000000000000e+00,6.917422433616593480e-05,5.447423518489813432e-06,2.490223851054906845e-04
2.349433660507202148e+00,4.393466472625732422e+00,3.065595030784606934e-01,1.000000000000000000e+00,2.970976856886409223e-05,1.637636160012334585e-05,-2.802765266096685082e-06
3.460284471511840820e+00,6.037914276123046875e+00,1.999222636222839355e+00,9.999988079071044922e-01,-1.166458823718130589e-03,1.006967853754758835e-03,-2.230379905086010695e-04
3.987593650817871094e+00,5.244114398956298828e-01,2.777924299240112305e+00,9.999997019767761230e-01,-5.326427635736763477e-04,4.498014823184348643e-05,-6.732587353326380253e-04
4.588519573211669922e+00,2.646576166152954102e+00,5.771267890930175781e+00,9.999997615814208984e-01,-4.762666067108511925e-04,3.644264652393758297e-04,4.808717058040201664e-04
1.494296550750732422e+00,1.018898725509643555e+00,2.771100282669067383e+00,9.997138381004333496e-01,9.180583059787750244e-03,-1.969286613166332245e-02,1.001225784420967102e-02
6.015126228332519531e+00,2.800373435020446777e-01,2.549190044403076172e+00,9.999999403953552246e-01,-2.444280835334211588e-04,-2.014638303080573678e-04,3.630511637311428785e-04
8.218190073966979980e-01,8.737297654151916504e-01,4.262331485748291016e+00,9.999898672103881836e-01,-1.255352166481316090e-03,4.131766036152839661e-03,-1.289879903197288513e-03
7.144286632537841797e+00,5.890362262725830078e+00,1.140298962593078613e+00,9.999926090240478516e-01,-2.056778641417622566e-03,-8.082772255875170231e-04,3.150857752189040184e-03
6.007244586944580078e+00,2.380103349685668945e+00,5.635738372802734375e+00,9.999997019767761230e-01,2.451142354402691126e-04,6.535259890370070934e-04,-3.384517040103673935e-04
4.139407157897949219e+00,5.199084758758544922e+00,7.237340927124023438e+00,1.000000000000000000e+00,1.022819196805357933e-05,-9.852609764493536204e-06,2.306735696038231254e-04
7.464360713958740234e+00,1.770052671432495117e+00,3.902069091796875000e+00,1.000000000000000000e+00,1.826187508413568139e-04,1.077513952623121440e-04,-3.731596734724007547e-05
3.947663307189941406e+00,5.019598484039306641e+00,3.341538190841674805e+00,1.000000000000000000e+00,-2.841702662408351898e-04,-4.969743531546555459e-05,1.525131956441327929e-04
7.105936050415039062e+00,5.717659473419189453e+00,5.657571792602539062e+00,9.998251199722290039e-01,-5.014425609260797501e-03,7.543130777776241302e-03,-1.636022701859474182e-02
6.682128906250000000e+00,5.942517757415771484e+00,3.896063089370727539e+00,9.999999403953552246e-01,-2.161083684768527746e-04,-6.574796134373173118e-05,-3.675586776807904243e-04
6.324885845184326172e+00,5.671369552612304688e+00,4.282302379608154297e+00,9.999590516090393066e-01,7.277750410139560699e-03,-3.140354529023170471e-04,-5.362902767956256866e-03
6.618049144744873047e+00,6.080216407775878906e+00,4.964767932891845703e+00,9.999998211860656738e-01,4.087914130650460720e-04,3.258439246565103531e-04,-2.788743004202842712e-04
1.666247367858886719e+00,6.261897563934326172e+00,3.940977334976196289e+00,1.000000000000000000e+00,-2.606086200103163719e-04,-6.028462303220294416e-05,-3.157427418045699596e-04
2.998325228691101074e-01,6.605887889862060547e+00,7.019143581390380859e+00,9.999997019767761230e-01,1.335008564637973905e-04,-5.182908498682081699e-04,-5.086599849164485931e-04
5.548633098602294922e+00,5.545613288879394531e+00,1.418505549430847168e+00,9.999995827674865723e-01,4.253245715517550707e-04,-5.737011088058352470e-04,-4.962291568517684937e-04
1.357495546340942383e+00,6.180414557456970215e-01,4.300606250762939453e+00,9.999955892562866211e-01,-2.824097638949751854e-03,-8.285964722745120525e-04,-3.987523668911308050e-04
2.915917634963989258e+00,4.021221160888671875e+00,7.193011760711669922e+00,9.999923110008239746e-01,-3.747998271137475967e-03,4.324049223214387894e-04,1.126410672441124916e-03
6.030778884887695312e+00,1.421162247657775879e+00,3.638318300247192383e+00,9.999988675117492676e-01,7.308343774639070034e-04,-1.222823193529620767e-04,-1.341708586551249027e-03
7.457511901855468750e+00,1.643974900245666504e+00,3.582231521606445312e+00,9.999998807907104492e-01,-2.447474980726838112e-04,-1.745815825415775180e-05,5.399927613325417042e-04
1.524620771408081055e+00,5.387695312500000000e+00,1.429435491561889648e+00,9.999353289604187012e-01,-9.148932062089443207e-03,-1.422705710865557194e-03,6.609417498111724854e-03
2.840659618377685547e+00,2.771354436874389648e+00,6.744745731353759766e+00,9.999998807907104492e-01,3.591692948248237371e-04,3.578740579541772604e-04,2.287655952386558056e-04
4.652669429779052734e+00,4.922291755676269531e+00,6.636832714080810547e+00,9.999998211860656738e-01,-1.712139237497467548e-05,6.666670087724924088e-04,7.390334758383687586e-06
2.833738803863525391e+00,6.851747989654541016e+00,4.967139720916748047e+00,9.999983310699462891e-01,-3.799820842687040567e-04,1.787986489944159985e-03,3.668858262244611979e-04
1.940929651260375977e+00,2.131026744842529297e+00,1.419510245323181152e-01,9.999917149543762207e-01,-1.970137702301144600e-03,-3.445557551458477974e-03,-9.178288164548575878e-04
3.714868783950805664e+00,6.405888080596923828e+00,2.334065198898315430e+00,9.999998807907104492e-01,9.841209976002573967e-05,1.504887586634140462e-05,6.179070915095508099e-04
7.174636840820312500e+00,2.987921714782714844e+00,7.447738170623779297e+00,9.999999403953552246e-01,2.315001038368791342e-04,2.544469025451689959e-04,-1.475363096687942743e-04
1.712203145027160645e+00,1.427554488182067871e+00,6.072021126747131348e-01,9.999983906745910645e-01,1.107930555008351803e-03,-1.081072376109659672e-03,-9.501625900156795979e-04
3.814993619918823242e+00,1.684060454368591309e+00,4.310883045196533203e+00,1.000000000000000000e+00,-1.422189088771119714e-04,-3.707403957378119230e-04,1.131262179114855826e-04
5.147513389587402344e+00,3.208976745605468750e+00,5.870309352874755859e+00,9.998876452445983887e-01,1.047727465629577637e-02,-5.778111051768064499e-03,-9.029629640281200409e-03
3.504758834838867188e+00,6.247838735580444336e-01,4.569405078887939453e+00,9.999938607215881348e-01,1.974097685888409615e-03,2.220268361270427704e-03,-1.844520564191043377e-03
2.706698656082153320e+00,2.219551324844360352e+00,4.251748025417327881e-01,1.000000000000000000e+00,-3.969621320720762014e-05,-3.895777626894414425e-04,-1.334837434114888310e-04
7.094946861267089844e+00,1.345573067665100098e+00,2.630441665649414062e+00,9.999938607215881348e-01,-3.116444917395710945e-03,-7.361575262621045113e-04,-1.445644651539623737e-03
4.629374027252197266e+00,6.435390949249267578e+00,6.290427684783935547e+00,9.999948143959045410e-01,-2.288199029862880707e-04,2.893864875659346581e-03,-1.365388394333422184e-03
1.710380077362060547e+00,4.685040950775146484e+00,4.340834140777587891e+00,9.999998807907104492e-01,4.421947523951530457e-04,1.376078143948689103e-04,-3.331453190185129642e-04
6.517062187194824219e+00,9.452482461929321289e-01,6.208410263061523438e+00,9.999998807907104492e-01,-3.036264388356357813e-04,-2.285776281496509910e-04,-3.351589548401534557e-04
2.734847545623779297e+00,1.170798614621162415e-01,7.193562984466552734e-01,9.998140335083007812e-01,-5.505955195985734463e-04,1.633636280894279480e-02,1.023362390697002411e-02
3.046288967132568359e+00,2.134661376476287842e-02,5.283893108367919922e+00,9.999997019767761230e-01,-8.702251943759620190e-04,6.899192521814256907e-05,9.345568832941353321e-05
7.490476608276367188e+00,6.424319267272949219e+00,4.612684249877929688e+00,9.999996423721313477e-01,6.310731987468898296e-04,4.434037837199866772e-04,5.442199762910604477e-04
7.195331096649169922e+00,4.984795570373535156e+00,6.655221939086914062e+00,9.999991655349731445e-01,-4.684569721575826406e-04,-1.188068999908864498e-03,1.297215640079230070e-04
5.269140243530273438e+00,1.934997200965881348e+00,3.745182275772094727e+00,9.999998211860656738e-01,-5.170663353055715561e-04,2.066166343865916133e-04,4.282885347492992878e-04
2.524027585983276367e+00,2.603438854217529297e+00,3.023152112960815430e+00,9.999998807907104492e-01,-3.650157304946333170e-04,-3.035082772839814425e-04,3.156241727992892265e-04
4.066866874694824219e+00,7.172051906585693359e+00,5.992657184600830078e+00,9.999972581863403320e-01,-2.045215340331196785e-03,-1.761929888743907213e-05,-1.132439007051289082e-03
4.911938190460205078e+00,2.475883007049560547e+00,5.621814727783203125e+00,9.999998807907104492e-01,-1.748876675264909863e-04,-1.609748724149540067e-04,6.095915450714528561e-04
6.357055187225341797e+00,3.095298767089843750e+00,1.614154458045959473e+00,9.999976158142089844e-01,1.483066240325570107e-03,1.590149011462926865e-03,2.917429374065250158e-04
4.351581573486328125e+00,5.622942447662353516e+00,2.008852481842041016e+00,1.000000000000000000e+00,1.736098492983728647e-04,9.633781883167102933e-05,1.020966810756362975e-04
4.658093929290771484e+00,5.977523803710937500e+00,3.138799428939819336e+00,9.999998807907104492e-01,3.298522206023335457e-04,2.392339229118078947e-05,-5.305008380673825741e-04
6.456307411193847656e+00,6.171977996826171875e+00,2.836425304412841797e-01,9.999995231628417969e-01,4.112382594030350447e-04,1.996503706322982907e-04,9.389480692334473133e-04
3.627464771270751953e-01,7.098581314086914062e+00,2.263334035873413086e+00,9.999846816062927246e-01,-2.392242662608623505e-03,-4.914739402011036873e-04,4.972981289029121399e-03
4.920672893524169922e+00,2.986878156661987305e+00,1.342220664024353027e+00,9.998413324356079102e-01,1.626067981123924255e-02,1.965926028788089752e-03,-7.003773003816604614e-03
3.894400596618652344e+00,5.467465400695800781e+00,2.980569362640380859e+00,1.000000000000000000e+00,2.914023571065627038e-05,9.621554636396467686e-05,2.743252662185113877e-05
2.915853738784790039e+00,5.895525455474853516e+00,5.802185535430908203e+00,9.999998807907104492e-01,2.691839181352406740e-04,-2.714233123697340488e-04,3.731222532223910093e-04
1.199335217475891113e+00,6.127564430236816406e+00,5.876148223876953125e+00,9.999387860298156738e-01,1.109832781367003918e-03,-1.007130648940801620e-02,-4.442354198545217514e-03
2.684203684329986572e-01,3.718093633651733398e+00,2.329458475112915039e+00,9.999998211860656738e-01,-1.704089518170803785e-04,2.953643270302563906e-04,-5.808410351164638996e-04
3.418385028839111328e+00,4.216478466987609863e-01,3.750669240951538086e+00,9.999991655349731445e-01,-9.709281730465590954e-04,8.129212073981761932e-04,-4.368934605736285448e-04
5.084374904632568359e+00,1.431036114692687988e+00,3.513653516769409180e+00,9.999995231628417969e-01,7.522452506236732006e-04,-5.982032162137329578e-04,2.370615984546020627e-04
2.096359252929687500e+00,4.668901443481445312e+00,3.334321975708007812e+00,9.999921321868896484e-01,-9.269838919863104820e-04,-3.828442888334393501e-03,5.468098097480833530e-04
5.702439308166503906e+00,4.268359184265136719e+00,4.898940563201904297e+00,9.999991655349731445e-01,2.694012655410915613e-04,-2.646601060405373573e-04,1.278376788832247257e-03
6.694348812103271484e+00,1.940119981765747070e+00,5.468177795410156250e+00,9.998298287391662598e-01,-1.444461755454540253e-02,8.885501883924007416e-03,7.260733284056186676e-03
6.900639533996582031e+00,4.759944915771484375e+00,6.578149795532226562e+00,9.999992847442626953e-01,2.565351132943760604e-05,-1.176517573185265064e-03,-4.266611649654805660e-04
3.068135261535644531e+00,2.388307332992553711e+00,5.852257251739501953e+00,9.999994039535522461e-01,-3.068072255700826645e-04,-5.871199537068605423e-04,-9.016355033963918686e-04
3.367083311080932617e+00,6.512599468231201172e+00,3.616504669189453125e+00,9.999998211860656738e-01,-4.691521462518721819e-04,3.148145333398133516e-04,-3.214780008420348167e-04
5.889336585998535156e+00,6.622955799102783203e+00,1.247742414474487305e+00,9.999985694885253906e-01,1.268382417038083076e-03,-2.632124524097889662e-04,-1.147981616668403149e-03
1.138497948646545410e+00,7.139705657958984375e+00,3.630717039108276367e+00,9.999988675117492676e-01,-1.155621139332652092e-03,-1.035163411870598793e-03,-1.593335036886855960e-04
1.100344657897949219e+00,4.193332195281982422e+00,7.498802661895751953e+00,9.999838471412658691e-01,1.816277159377932549e-03,-5.055525340139865875e-03,-1.855030073784291744e-03
8.237514495849609375e-01,6.076130390167236328e+00,7.250017166137695312e+00,9.999960064888000488e-01,2.383232640568166971e-04,2.686732914298772812e-04,2.823474351316690445e-03
1.646065592765808105e+00,1.491922259330749512e+00,3.295758724212646484e+00,9.999996423721313477e-01,-3.470795636530965567e-04,7.780109299346804619e-04,3.910565283149480820e-04
3.208139836788177490e-01,5.817770481109619141e+00,7.296164035797119141e+00,9.999948143959045410e-01,2.953790271931211464e-06,-3.220491809770464897e-03,-2.595841651782393456e-04
7.038336992263793945e-01,3.077353954315185547e+00,7.426941871643066406e+00,9.999999403953552246e-01,2.821341913659125566e-04,2.759886847343295813e-04,-2.194490480178501457e-05
6.732181549072265625e+00,2.965331077575683594e+00,1.843599081039428711e+00,9.999992251396179199e-01,-7.440764456987380981e-04,9.607917163521051407e-04,4.523108364082872868e-04
4.194942474365234375e+00,2.466516733169555664e+00,6.769521713256835938e+00,9.999802112579345703e-01,-9.885091567412018776e-04,-5.104928277432918549e-03,-3.562638303264975548e-03
3.092420339584350586e+00,1.078877896070480347e-01,7.339607715606689453e+00,9.999989271163940430e-01,3.112426493316888809e-04,-1.472922274842858315e-03,-2.030790928984060884e-04
3.008972883224487305e+00,5.589558124542236328e+00,6.798053741455078125e+00,9.999995827674865723e-01,-4.420490877237170935e-04,-6.301836692728102207e-04,4.748525680042803288e-04
4.385275840759277344e+00,5.765329837799072266e+00,6.730582714080810547e+00,9.999995231628417969e-01,-5.637387512251734734e-04,-7.623317069374024868e-04,2.192469837609678507e-04
7.287213206291198730e-01,1.080852031707763672e+00,1.650684833526611328e+00,9.999035596847534180e-01,4.929244983941316605e-03,-4.355804529041051865e-03,1.223319116979837418e-02
1.107535004615783691e+00,1.877982735633850098e+00,2.310824394226074219e+00,1.000000000000000000e+00,-1.861723285401239991e-05,-8.479606185574084520e-05,-2.974678645841777325e-04
5.497622489929199219e+00,1.182896375656127930e+00,5.084071636199951172e+00,9.997782707214355469e-01,-1.901734620332717896e-02,7.323803845793008804e-03,5.307927262037992477e-03
4.529729843139648438e+00,4.919683456420898438e+00,4.911144733428955078e+00,9.999992251396179199e-01,1.197983860038220882e-03,-4.546689451672136784e-04,-1.784969790605828166e-04
6.624044418334960938e+00,1.941728234291076660e+00,2.398658990859985352e+00,9.999871253967285156e-01,1.573251909576356411e-03,1.553773414343595505e-03,-4.568873904645442963e-03
5.532509326934814453e+00,4.876048564910888672e+00,4.353406429290771484e+00,9.999927878379821777e-01,3.623265365604311228e-04,-3.318929579108953476e-03,-1.829392043873667717e-03
4.087944507598876953e+00,3.370788097381591797e+00,4.102058112621307373e-01,1.000000000000000000e+00,2.787961784633807838e-05,-1.282490702578797936e-04,9.597559983376413584e-05
1.021936774253845215e+00,6.573800563812255859e+00,3.140396118164062500e+00,9.999999403953552246e-01,2.551429206505417824e-04,-1.375353749608621001e-04,4.815035499632358551e-04
1.594151377677917480e+00,1.980017066001892090e+00,7.210074901580810547e+00,9.999988079071044922e-01,-4.346811620052903891e-04,-1.082358881831169128e-03,-9.901986923068761826e-04
2.310563802719116211e+00,2.653041124343872070e+00,3.997336387634277344e+00,9.999998211860656738e-01,-6.952935364097356796e-04,1.268841733690351248e-04,1.988479052670300007e-04
2.875527620315551758e+00,4.667500972747802734e+00,1.748317241668701172e+00,9.999997615814208984e-01,3.202006919309496880e-04,1.381858310196548700e-04,6.796572124585509300e-04
6.054284095764160156e+00,4.689606666564941406e+00,3.054712295532226562e+00,1.000000000000000000e+00,9.692978892417158931e-06,-2.039508253801614046e-04,6.385780579876154661e-05
2.206499814987182617e+00,6.349727153778076172e+00,4.992816448211669922e-01,9.999766945838928223e-01,-5.245605949312448502e-03,2.717959228903055191e-03,3.425837028771638870e-03
5.590175390243530273e-01,4.421922683715820312e+00,1.524766206741333008e+00,9.999997019767761230e-01,-9.623754885978996754e-05,-9.616881288820877671e-05,-8.457246003672480583e-04
6.195806980133056641e+00,4.993015289306640625e+00,1.628546595573425293e+00,9.999994635581970215e-01,-7.869608816690742970e-04,-5.826827837154269218e-04,-3.286311111878603697e-04
5.788655281066894531e+00,4.658742427825927734e+00,5.145347595214843750e+00,9.999991059303283691e-01,7.405845681205391884e-04,9.681177325546741486e-04,6.749208550900220871e-04
4.665251970291137695e-01,1.574076533317565918e+00,1.316878199577331543e+00,9.999986886978149414e-01,-1.320238690823316574e-03,-9.552863775752484798e-04,3.119169268757104874e-04
4.711713790893554688e+00,7.414362907409667969e+00,2.444057166576385498e-01,9.999995827674865723e-01,-5.288816173560917377e-04,-7.802806212566792965e-04,2.277066960232332349e-04
4.398769378662109375e+00,2.237711429595947266e+00,5.382671833038330078e+00,1.000000000000000000e+00,-2.159607829526066780e-04,-3.926298813894391060e-05,8.878628432285040617e-05
4.243272781372070312e+00,2.424927204847335815e-01,4.918086051940917969e+00,9.999995827674865723e-01,-8.407989516854286194e-04,-2.403487160336226225e-04,1.039960843627341092e-04
5.189304351806640625e+00,5.262693405151367188e+00,3.512521028518676758e+00,9.999986886978149414e-01,-1.071074046194553375e-03,-4.220397968310862780e-04,1.196549972519278526e-03
3.100375831127166748e-01,7.361891269683837891e+00,1.313258051872253418e+00,9.999995231628417969e-01,1.905725075630471110e-04,5.780382780358195305e-04,8.457351359538733959e-04
3.686567544937133789e+00,4.496376216411590576e-01,3.224830627441406250e+00,9.999997019767761230e-01,1.708089985186234117e-04,-3.649597347248345613e-04,-7.158547523431479931e-04
5.792072296142578125e+00,4.090328216552734375e+00,1.054850339889526367e+00,9.999966621398925781e-01,-1.809136301744729280e-04,-1.286530634388327599e-03,-2.253175014629960060e-03
2.941094398498535156e+00,2.661850214004516602e+00,2.799562454223632812e+00,9.999965429306030273e-01,-5.678214947693049908e-04,2.409612527117133141e-03,-9.407377801835536957e-04
7.251665115356445312e+00,5.642639398574829102e-01,4.971428871154785156e+00,9.999835491180419922e-01,3.648527665063738823e-03,4.423581529408693314e-03,-3.662913222797214985e-04
4.056608200073242188e+00,6.453310966491699219e+00,1.893429398536682129e+00,1.000000000000000000e+00,1.916878827614709735e-04,1.615037945157382637e-05,2.371167065575718880e-04
7.047595977783203125e+00,5.418255329132080078e+00,3.878363370895385742e+00,9.999999403953552246e-01,2.498392132110893726e-04,-2.993686939589679241e-04,2.016426442423835397e-04
4.886868476867675781e+00,5.258807182312011719e+00,6.215230002999305725e-02,9.999973773956298828e-01,-1.256883959285914898e-03,1.839439355535432696e-04,1.922640367411077023e-03
4.992582798004150391e+00,5.601141452789306641e+00,2.858783245086669922e+00,9.999918341636657715e-01,-2.611357485875487328e-04,-2.098258555633947253e-04,-4.033936187624931335e-03
6.000232219696044922e+00,1.859888881444931030e-01,3.545269072055816650e-01,9.999986290931701660e-01,-9.558164747431874275e-04,-9.651426807977259159e-04,9.708547731861472130e-04
4.168574333190917969e+00,6.363450050354003906e+00,4.270474910736083984e+00,9.999944567680358887e-01,1.402660273015499115e-03,6.976770819164812565e-04,-2.946566790342330933e-03
4.881051540374755859e+00,4.968403339385986328e+00,5.747251510620117188e+00,1.000000000000000000e+00,-1.954918407136574388e-04,2.188598446082323790e-04,2.551924844738095999e-04
3.126913785934448242e+00,3.170304298400878906e+00,4.995704174041748047e+00,9.999974370002746582e-01,6.534126587212085724e-04,1.668173586949706078e-03,-1.363947289064526558e-03
2.183377504348754883e+00,5.621527671813964844e+00,9.519324302673339844e-01,9.999999403953552246e-01,-2.260675828438252211e-04,-1.679867636994458735e-05,-4.781347524840384722e-04
2.002134084701538086e+00,5.896252632141113281e+00,3.655356645584106445e+00,9.999989867210388184e-01,2.940686827059835196e-04,-3.993372083641588688e-04,-1.306284219026565552e-03
2.318675041198730469e+00,6.225865840911865234e+00,3.492056608200073242e+00,9.999998211860656738e-01,5.978581029921770096e-04,-6.793964712414890528e-05,-4.096207267139106989e-04
4.626901626586914062e+00,7.645873427391052246e-01,2.551896572113037109e-01,9.999307990074157715e-01,1.066646166145801544e-02,-2.331316238269209862e-03,-4.389580339193344116e-03
7.463575839996337891e+00,5.849691867828369141e+00,3.141663551330566406e+00,9.999991059303283691e-01,9.648695704527199268e-04,-2.622118336148560047e-05,1.001566066406667233e-03
1.972815036773681641e+00,1.914967179298400879e+00,3.567089557647705078e+00,9.999997615814208984e-01,2.230713653261773288e-05,6.905974587425589561e-04,-3.564891521818935871e-04
7.331578254699707031e+00,4.912580013275146484e+00,2.630237579345703125e+00,9.999993443489074707e-01,5.132837104611098766e-04,8.703575585968792439e-04,5.032200715504586697e-04
4.664823532104492188e+00,6.408314228057861328e+00,7.068955302238464355e-01,9.999997615814208984e-01,7.913620793260633945e-04,-1.947240525623783469e-05,9.608376421965658665e-05
1.476235151290893555e+00,6.328530311584472656e+00,6.100728511810302734e-01,9.999997615814208984e-01,-1.724880858091637492e-04,6.351137999445199966e-04,-4.524440155364573002e-04
6.026047706604003906e+00,7.402536869049072266e+00,3.805673360824584961e+00,9.999999403953552246e-01,3.427742340136319399e-04,-3.496376448310911655e-04,1.554561167722567916e-04
8.234152197837829590e-02,3.457636356353759766e+00,3.807021856307983398e+00,9.999967813491821289e-01,1.343105337582528591e-03,1.719671185128390789e-03,1.280678086914122105e-03
6.585728645324707031e+00,6.993820667266845703e+00,5.700480937957763672e+00,9.999993443489074707e-01,9.839250706136226654e-04,7.330407970584928989e-05,-6.722377147525548935e-04
8.255766630172729492e-01,6.979789257049560547e+00,5.933098793029785156e+00,9.999957084655761719e-01,2.477030502632260323e-03,-1.496604643762111664e-03,4.200315743219107389e-04
7.023222446441650391e+00,6.215334415435791016e+00,4.660025596618652344e+00,9.999998807907104492e-01,4.573462065309286118e-04,1.408177195116877556e-04,-4.425408842507749796e-04
2.439182758331298828e+00,2.243437767028808594e+00,2.424409866333007812e+00,9.999964237213134766e-01,1.925405347719788551e-03,-8.817680645734071732e-05,1.867940532974898815e-03
2.937126636505126953e+00,2.410527467727661133e+00,1.328689932823181152e+00,1.000000000000000000e+00,2.809729776345193386e-04,1.000518459477461874e-04,-3.401425419724546373e-05
7.228096723556518555e-01,6.081484794616699219e+00,3.260739326477050781e+00,9.999996423721313477e-01,-4.863739886786788702e-04,-6.229098071344196796e-04,8.274889842141419649e-05
1.493921279907226562e+00,4.154241561889648438e+00,4.885354518890380859e+00,9.999924302101135254e-01,2.257057232782244682e-03,1.746738911606371403e-03,-2.646291861310601234e-03
5.943917274475097656e+00,6.005734920501708984e+00,4.671435952186584473e-01,9.999945759773254395e-01,-9.131744736805558205e-04,-3.935691202059388161e-04,3.164514200761914253e-03
2.198600292205810547e+00,4.479847908020019531e+00,2.630038261413574219e+00,9.999999403953552246e-01,-1.079709181794896722e-04,3.808033361565321684e-04,-2.460576070006936789e-04
6.948232650756835938e+00,4.037234306335449219e+00,2.267273664474487305e+00,9.999995827674865723e-01,-1.911699946504086256e-04,4.665765445679426193e-04,-7.460654596798121929e-04
2.570959806442260742e+00,1.640078902244567871e+00,3.124502301216125488e-01,9.999999403953552246e-01,9.590799163561314344e-05,-4.768104699905961752e-04,-1.442037755623459816e-04
4.081208109855651855e-01,3.505316734313964844e+00,4.701990127563476562e+00,9.999987483024597168e-01,-5.586144397966563702e-04,-1.133925514295697212e-03,1.024982077069580555e-03
3.646837234497070312e+00,5.566394805908203125e+00,1.031078100204467773e+00,9.999997615814208984e-01,5.073338397778570652e-04,3.832858419627882540e-05,4.024351655971258879e-04
4.497806549072265625e+00,4.211788177490234375e+00,1.628677964210510254e+00,9.999988079071044922e-01,-9.833687217906117439e-04,7.550868322141468525e-04,-9.942902252078056335e-04
3.786436080932617188e+00,2.279880523681640625e+00,6.972589492797851562e+00,9.999981522560119629e-01,7.849784451536834240e-04,-1.612406689673662186e-03,-6.316472426988184452e-04
8.100375533103942871e-01,5.668803691864013672e+00,2.698281109333038330e-01,9.997977614402770996e-01,1.120030265155946836e-05,-1.981465891003608704e-02,-3.432830097153782845e-03
1.492045640945434570e+00,3.420687675476074219e+00,1.294862389564514160e+00,9.999989271163940430e-01,-5.603491445071995258e-04,1.159269595518708229e-03,6.801053532399237156e-04
4.760166168212890625e+00,8.714318275451660156e-01,3.666407108306884766e+00,9.999901056289672852e-01,-9.144804789684712887e-04,1.304167206399142742e-03,4.160918295383453369e-03
2.637319803237915039e+00,6.761920452117919922e+00,2.409483194351196289e+00,9.999994039535522461e-01,4.541915404843166471e-05,1.068411744199693203e-03,-3.532019036356359720e-04
5.719305992126464844e+00,1.293527483940124512e-01,2.633485555648803711e+00,9.999994039535522461e-01,5.488127353601157665e-04,7.631393382325768471e-04,6.263349205255508423e-04
7.113609790802001953e+00,5.865807533264160156e+00,1.924371600151062012e+00,9.999998807907104492e-01,2.355637843720614910e-04,-5.094428197480738163e-04,2.261602930957451463e-04
2.509230613708496094e+00,3.864156723022460938e+00,6.584480762481689453e+00,9.999966025352478027e-01,8.132577640935778618e-04,2.245744224637746811e-03,-1.097322092391550541e-03
4.907894134521484375e+00,6.380379676818847656e+00,1.434086412191390991e-01,9.999073743820190430e-01,1.107728295028209686e-02,7.293050177395343781e-03,3.075936576351523399e-03
4.533287048339843750e+00,3.023767471313476562e+00,3.809495449066162109e+00,1.000000000000000000e+00,-2.603399334475398064e-04,-8.463111589662730694e-05,-2.749265113379806280e-04
7.979395389556884766e-01,1.128374263644218445e-01,6.672123670578002930e-01,9.999986290931701660e-01,2.285437512909993529e-04,8.361961226910352707e-04,1.436608261428773403e-03
6.615667819976806641e+00,2.668920278549194336e+00,3.867979049682617188e+00,9.999970197677612305e-01,-1.149963354691863060e-03,-1.432131044566631317e-03,1.655539264902472496e-03
7.466666221618652344e+00,3.391603946685791016e+00,4.105225563049316406e+00,9.999971389770507812e-01,1.504083629697561264e-03,1.294959220103919506e-03,1.320292940363287926e-03
2.475879430770874023e+00,6.364128589630126953e-01,1.862586379051208496e+00,9.999999403953552246e-01,-1.462716609239578247e-04,1.310688239755108953e-04,-4.102035891264677048e-04
1.533042430877685547e+00,7.037505149841308594e+00,1.923015952110290527e+00,9.998245835304260254e-01,-1.608324237167835236e-02,-8.997911587357521057e-03,3.358763176947832108e-03
5.372649192810058594e+00,3.586941003799438477e+00,6.558856964111328125e-01,9.999954104423522949e-01,-1.238836441189050674e-03,2.004348905757069588e-03,1.931524137035012245e-03
5.181519389152526855e-01,3.521985530853271484e+00,1.316540718078613281e+00,9.999979138374328613e-01,-1.290844287723302841e-03,1.065880060195922852e-03,-1.186141977086663246e-03
8.625695705413818359e-01,2.644872665405273438e+00,8.806026577949523926e-01,9.999973177909851074e-01,1.464348984882235527e-03,1.216122764162719250e-03,-1.345399767160415649e-03
6.740023612976074219e+00,5.981277465820312500e+00,2.690922260284423828e+00,9.999997615814208984e-01,-6.285575218498706818e-04,-4.442156059667468071e-04,2.248693053843453526e-04
9.910169839859008789e-01,5.297200202941894531e+00,8.000180721282958984e-01,9.999930858612060547e-01,2.070425078272819519e-03,7.079348433762788773e-04,3.017132636159658432e-03
2.823102951049804688e+00,5.650892257690429688e+00,1.375708341598510742e+00,9.999959468841552734e-01,3.476821875665336847e-04,2.826429205015301704e-03,2.232771948911249638e-04
1.880501270294189453e+00,4.055328369140625000e+00,4.314349174499511719e+00,9.999980926513671875e-01,-8.499141549691557884e-04,1.263723825104534626e-03,1.193850999698042870e-03
3.819752931594848633e+00,7.025247812271118164e-01,4.113354206085205078e+00,9.999558925628662109e-01,-5.434521473944187164e-03,-7.197879254817962646e-03,-2.644942374899983406e-03
2.691550731658935547e+00,1.903578639030456543e+00,3.939455270767211914e+00,9.999997615814208984e-01,-4.458953044377267361e-04,-6.206143298186361790e-04,2.685258223209530115e-04
2.023447275161743164e+00,6.831681728363037109e+00,7.205087661743164062e+00,1.000000000000000000e+00,-5.538995901588350534e-05,3.852662630379199982e-04,-1.539572840556502342e-04
2.329668998718261719e+00,4.295815944671630859e+00,1.465274095535278320e+00,9.999873042106628418e-01,1.374713727273046970e-03,4.753557033836841583e-03,9.250552975572645664e-04
1.260828137397766113e+00,2.697155237197875977e+00,4.596465080976486206e-02,1.000000000000000000e+00,1.247134787263348699e-04,7.445463415933772922e-05,1.920395880006253719e-04
4.055072665214538574e-01,4.098938465118408203e+00,1.298411965370178223e+00,9.999982118606567383e-01,7.678889087401330471e-04,-5.847531137987971306e-04,-1.673918566666543484e-03
2.959081649780273438e+00,7.195373058319091797e+00,5.405053615570068359e+00,9.999983906745910645e-01,-1.837949268519878387e-03,-7.673772051930427551e-05,-1.517985492682782933e-05
5.215390205383300781e+00,4.966046512126922607e-01,5.392240047454833984e+00,9.999994635581970215e-01,8.693144773133099079e-04,-5.910004256293177605e-04,3.088548546656966209e-04
1.469017863273620605e+00,3.954791307449340820e+00,2.339989900588989258e+00,9.999999403953552246e-01,-1.196314769913442433e-04,-3.056345740333199501e-04,-2.237764128949493170e-04
9.155482649803161621e-01,4.812946319580078125e+00,2.155581474304199219e+00,9.999999403953552246e-01,2.354502794332802296e-04,-2.732317661866545677e-04,-2.720048651099205017e-04
5.499912738800048828e+00,5.410441398620605469e+00,3.498077154159545898e+00,9.999994635581970215e-01,-4.787123471032828093e-04,-6.270442972891032696e-04,7.003258215263485909e-04
1.906333088874816895e+00,4.874308705329895020e-01,9.255588054656982422e-01,9.999397397041320801e-01,1.062641665339469910e-02,2.506862860172986984e-03,1.170392031781375408e-03
3.058222532272338867e+00,1.266518473625183105e+00,3.626549005508422852e+00,9.999999403953552246e-01,5.416154745034873486e-04,6.186569953570142388e-05,-5.834069452248513699e-05
7.260659694671630859e+00,6.699261665344238281e+00,7.112859725952148438e+00,9.999999403953552246e-01,5.058575188741087914e-04,-1.230137422680854797e-04,-9.080847667064517736e-05
4.418900966644287109e+00,6.314503192901611328e+00,3.286515712738037109e+00,9.999979734420776367e-01,-9.559477912262082100e-04,-1.603922690264880657e-03,8.469304302707314491e-04
6.581292152404785156e+00,6.613712310791015625e+00,4.118852615356445312e+00,9.999996423721313477e-01,-5.440175300464034081e-04,-6.516523426398634911e-04,-3.784379805438220501e-04
4.607664644718170166e-01,2.405277252197265625e+00,5.686846256256103516e+00,1.000000000000000000e+00,-2.409957523923367262e-04,5.133263039169833064e-05,1.099997643905226141e-05
7.088149070739746094e+00,1.069168806076049805e+00,4.422731399536132812e+00,9.999996423721313477e-01,-1.610236358828842640e-05,-3.455122641753405333e-04,-8.528563776053488255e-04
1.106454849243164062e+00,1.889636754989624023e+00,7.172194719314575195e-01,9.999989271163940430e-01,1.210114336572587490e-03,-5.997877087793312967e-05,8.784977835603058338e-04
1.987213492393493652e-01,6.238117694854736328e+00,1.065448164939880371e+00,9.999989867210388184e-01,1.010813983157277107e-03,-3.079706511925905943e-04,9.102696203626692295e-04
4.798039436340332031e+00,5.357636451721191406e+00,5.607175350189208984e+00,1.000000000000000000e+00,1.937992637977004051e-04,-3.172697033733129501e-04,5.185377813177183270e-05
4.638685703277587891e+00,5.180092334747314453e+00,5.334407329559326172e+00,1.000000000000000000e+00,2.172681997762992978e-04,-3.473180986475199461e-04,-5.579062053584493697e-05
3.924793004989624023e+00,6.253102302551269531e+00,1.509985178709030151e-01,9.999924302101135254e-01,-2.337528625503182411e-03,1.640046597458422184e-03,2.646833891049027443e-03
2.771734952926635742e+00,5.833360671997070312e+00,6.544519901275634766e+00,9.999997019767761230e-01,-1.174041608464904130e-04,-3.450117656029760838e-04,7.935265311971306801e-04
4.525475978851318359e+00,3.742848873138427734e+00,1.768837571144104004e-01,9.999986290931701660e-01,1.203464460559189320e-03,-1.175267505459487438e-03,-1.007620157906785607e-04
1.490431189537048340e+00,4.736154079437255859e+00,1.755691051483154297e+00,9.999827742576599121e-01,-3.586631501093506813e-04,-4.575464408844709396e-03,-3.667669603601098061e-03
3.180439710617065430e+00,4.211731910705566406e+00,5.555395603179931641e+00,9.999999403953552246e-01,3.571722118067555130e-06,-5.371406441554427147e-04,-1.539567747386172414e-04
1.827610842883586884e-02,6.082117080688476562e+00,7.261013984680175781e+00,9.999998807907104492e-01,2.193428954342380166e-04,-3.630582068581134081e-04,-4.358250880613923073e-04
2.032495021820068359e+00,5.619685649871826172e-01,5.516815185546875000e+00,9.999955296516418457e-01,-1.070844824425876141e-03,2.167270518839359283e-03,1.802638056688010693e-03
1.415546417236328125e+00,2.148998260498046875e+00,7.452432155609130859e+00,9.999971985816955566e-01,-1.271108514629304409e-03,-2.028265269473195076e-03,1.314596738666296005e-04
6.842923164367675781e+00,4.238006591796875000e+00,1.055057168006896973e+00,9.999998211860656738e-01,7.514229946536943316e-05,-2.281854249304160476e-04,-6.285439594648778439e-04
2.981605052947998047e+00,4.573816776275634766e+00,3.188762426376342773e+00,9.999997615814208984e-01,2.957585675176233053e-04,-9.639465133659541607e-05,7.029438274912536144e-04
3.883744955062866211e+00,5.924272060394287109e+00,3.364108502864837646e-01,9.999998211860656738e-01,1.824851351557299495e-04,4.869432304985821247e-04,4.228705947753041983e-04
6.964602947235107422e+00,7.109358787536621094e+00,4.833967208862304688e+00,9.999989271163940430e-01,4.422815400175750256e-04,-1.782420004019513726e-04,-1.409500138834118843e-03
2.708898067474365234e+00,6.286728382110595703e+00,3.120848417282104492e+00,9.999322891235351562e-01,9.096064604818820953e-03,-6.716496311128139496e-03,2.751944586634635925e-03
3.233411312103271484e-01,8.932851254940032959e-03,5.535915374755859375e+00,9.999990463256835938e-01,-5.029366002418100834e-04,1.208837493322789669e-03,-3.782704297918826342e-04
6.654095649719238281e+00,4.721842765808105469e+00,2.775194406509399414e+00,9.999997615814208984e-01,5.588310305029153824e-04,-2.070362534141167998e-04,5.237262230366468430e-04
9.258636832237243652e-01,2.537831068038940430e+00,7.134499549865722656e+00,9.999957680702209473e-01,-1.160599495051428676e-04,2.900187158957123756e-03,3.958093584515154362e-04
6.564366817474365234e+00,5.404324531555175781e+00,5.260573387145996094e+00,9.999992847442626953e-01,-1.802001497708261013e-04,-1.162708271294832230e-03,-4.039647465106099844e-04
5.177803993225097656e+00,4.482662200927734375e+00,3.274533271789550781e+00,9.999967813491821289e-01,-3.534426650730893016e-05,-8.468101150356233120e-04,-2.419294789433479309e-03
5.941293716430664062e+00,3.705816745758056641e+00,2.747415542602539062e+00,9.999977350234985352e-01,5.301709170453250408e-04,-5.956998211331665516e-04,1.991037046536803246e-03
5.404999256134033203e+00,1.196679770946502686e-01,6.412980556488037109e+00,9.999999403953552246e-01,3.231939335819333792e-04,-3.929634403903037310e-04,1.702999143162742257e-04
3.330035448074340820e+00,2.145951032638549805e+00,3.766371726989746094e+00,9.999999403953552246e-01,-1.715280377538874745e-04,-3.860532015096396208e-04,2.006133581744506955e-04
2.100290060043334961e+00,6.413269042968750000e+00,4.585333824157714844e+00,9.999940991401672363e-01,-2.474096370860934258e-03,1.955551793798804283e-03,1.393555314280092716e-03
6.659675121307373047e+00,2.330958843231201172e+00,7.306205272674560547e+00,9.999998211860656738e-01,5.457214429043233395e-04,4.369069065432995558e-04,1.323003234574571252e-04
6.939478397369384766e+00,6.022562026977539062e+00,3.256003856658935547e+00,9.999990463256835938e-01,7.981828093761578202e-05,3.242716775275766850e-04,-1.392801641486585140e-03
1.873048692941665649e-01,7.081884384155273438e+00,3.388822674751281738e-01,1.000000000000000000e+00,-2.843332476913928986e-04,2.396830495854374021e-05,2.050846960628405213e-04
1.514601707458496094e+00,5.599815368652343750e+00,2.361039638519287109e+00,9.999994635581970215e-01,3.998113679699599743e-04,-9.250001749023795128e-04,3.771600604522973299e-04
5.107955336570739746e-01,6.073345184326171875e+00,4.522530078887939453e+00,1.000000000000000000e+00,2.894522622227668762e-04,1.639804104343056679e-04,-9.493879770161584020e-05
1.196911573410034180e+00,4.863711357116699219e+00,4.385161399841308594e+00,9.999996423721313477e-01,-9.284797706641256809e-04,7.974125765031203628e-05,-1.387045358569594100e-05
4.230223178863525391e+00,1.704523801803588867e+00,6.887539386749267578e+00,9.999997615814208984e-01,3.827757900580763817e-04,6.496508140116930008e-04,2.457331866025924683e-04
2.434083938598632812e+00,3.260193586349487305e+00,2.357462167739868164e+00,9.999998807907104492e-01,-7.773497782181948423e-05,3.155655576847493649e-04,-4.908276023343205452e-04
4.414413928985595703e+00,3.563301086425781250e+00,5.684997081756591797e+00,9.999852180480957031e-01,-2.646648092195391655e-03,-3.592823632061481476e-03,3.120528999716043472e-03
6.178012371063232422e+00,6.592352390289306641e+00,6.632325172424316406e+00,9.999997615814208984e-01,7.017664611339569092e-04,2.621426829136908054e-04,2.945795422419905663e-04
7.499200344085693359e+00,4.638528347015380859e+00,2.454530239105224609e+00,9.999952912330627441e-01,-2.034641103819012642e-03,1.816689386032521725e-03,1.423313049599528313e-03
1.946615815162658691e+00,7.037194967269897461e-01,1.908618569374084473e+00,9.999997019767761230e-01,-4.262644215486943722e-04,4.626577429007738829e-04,-4.649850307032465935e-04
3.924302816390991211e+00,6.188367843627929688e+00,6.391571521759033203e+00,9.999998807907104492e-01,2.520390553399920464e-04,-4.496433830354362726e-04,8.707245433470234275e-05
1.361791610717773438e+00,7.725748419761657715e-01,5.923493862152099609e+00,9.999989271163940430e-01,7.580112433061003685e-04,1.191111747175455093e-03,5.474580102600157261e-04
7.186087131500244141e+00,4.693759441375732422e+00,8.292590379714965820e-01,9.999995231628417969e-01,-2.779135684249922633e-05,6.284604314714670181e-04,-8.300092304125428200e-04
1.646764516830444336e+00,6.890051364898681641e-01,4.681807994842529297e+00,9.999995231628417969e-01,-5.405893898569047451e-04,-8.177400450222194195e-04,-2.489618491381406784e-04
2.174874305725097656e+00,4.687382698059082031e+00,2.249804735183715820e+00,1.000000000000000000e+00,-3.639972710516303778e-04,4.159786840318702161e-05,4.208004611427895725e-05
3.223430395126342773e+00,3.194691658020019531e+00,5.308360099792480469e+00,9.999990463256835938e-01,1.406617462635040283e-03,7.936348993098363280e-05,-1.667284959694370627e-04
7.403722763061523438e+00,3.005265474319458008e+00,5.908817768096923828e+00,1.000000000000000000e+00,4.591139258991461247e-06,-3.628864360507577658e-04,2.206616954936180264e-05
2.168271303176879883e+00,2.950302124023437500e+00,5.249893665313720703e+00,9.999996423721313477e-01,5.304981023073196411e-04,-6.093716947361826897e-04,3.738666127901524305e-04
5.035865306854248047e+00,3.744947910308837891e-02,2.322569131851196289e+00,9.999999403953552246e-01,2.394302864558994770e-04,-2.895058423746377230e-04,1.053183223120868206e-04
7.487187862396240234e+00,4.853863239288330078e+00,7.004112720489501953e+00,1.000000000000000000e+00,-1.175312208943068981e-04,-1.078836357919499278e-04,5.263063940219581127e-05
7.681562751531600952e-02,2.883996009826660156e+00,6.186218738555908203e+00,9.999999403953552246e-01,1.465718378312885761e-04,-4.547730495687574148e-04,-2.289794065291061997e-05
1.263414740562438965e+00,3.791077852249145508e+00,3.152856349945068359e+00,9.999995827674865723e-01,-6.959632155485451221e-04,4.679240519180893898e-04,-3.700566594488918781e-04
2.977734565734863281e+00,6.638599395751953125e+00,6.184861660003662109e+00,9.999889135360717773e-01,-2.759363269433379173e-03,6.637386832153424621e-05,3.812709124758839607e-03
4.754833698272705078e+00,3.916890382766723633e+00,2.856493711471557617e+00,9.999996423721313477e-01,-1.983413530979305506e-04,8.746937965042889118e-04,-2.413186302874237299e-04
3.731529474258422852e+00,3.779845476150512695e+00,6.791533946990966797e+00,9.999507665634155273e-01,8.989494293928146362e-03,-1.877981703728437424e-03,-3.760818624868988991e-03
3.295808792114257812e+00,1.637255311012268066e+00,6.990272521972656250e+00,1.000000000000000000e+00,3.051662642974406481e-04,1.164201530627906322e-04,-7.708895282121375203e-05
6.749474048614501953e+00,5.714210033416748047e+00,2.046549506485462189e-02,9.999931454658508301e-01,2.856340724974870682e-03,2.121757715940475464e-03,-1.006468664854764938e-03
2.468467235565185547e+00,1.389816164970397949e+00,7.322781562805175781e+00,1.000000000000000000e+00,3.614157030824571848e-04,8.641722524771466851e-05,-1.801530015654861927e-04
3.700120687484741211e+00,6.559900760650634766e+00,5.633223056793212891e-01,9.999907016754150391e-01,3.741997992619872093e-03,-1.768823596648871899e-03,-1.198847894556820393e-03
4.328866958618164062e+00,7.235135078430175781e+00,7.158448696136474609e+00,9.999983906745910645e-01,-8.671908290125429630e-04,1.530430396087467670e-03,-3.722033579833805561e-04
6.459541797637939453e+00,1.494783520698547363e+00,3.930690288543701172e+00,9.998890757560729980e-01,-5.784351378679275513e-03,1.339442282915115356e-02,2.993091940879821777e-03
1.250639796257019043e+00,5.988327980041503906e+00,6.162755012512207031e+00,9.999529123306274414e-01,1.693667611107230186e-03,-7.748787291347980499e-03,-5.599290132522583008e-03
4.144988536834716797e+00,1.456620216369628906e+00,5.250857830047607422e+00,9.999994635581970215e-01,9.787383023649454117e-04,-3.079344751313328743e-04,1.883005315903574228e-04
4.681595802307128906e+00,6.980896741151809692e-02,5.129866123199462891e+00,9.999997615814208984e-01,3.414030070416629314e-04,5.003060214221477509e-04,4.914992605336010456e-04
7.316430568695068359e+00,3.797336339950561523e+00,3.160963296890258789e+00,9.999997019767761230e-01,-2.248004020657390356e-04,-1.944928226293995976e-04,-7.595002534799277782e-04
6.321829795837402344e+00,2.486473321914672852e+00,2.738554477691650391e+00,1.000000000000000000e+00,-3.991251287516206503e-04,9.544166096020489931e-05,5.574815077125094831e-05
1.259836077690124512e+00,4.590016841888427734e+00,3.953769445419311523e+00,9.999998807907104492e-01,-1.179655446321703494e-04,-2.213937113992869854e-04,5.185826448723673820e-04
7.533422112464904785e-01,7.169793128967285156e+00,1.738630652427673340e+00,9.999903440475463867e-01,1.216557924635708332e-03,4.215202759951353073e-03,3.029764629900455475e-04
8.637386560440063477e-01,4.235514163970947266e+00,4.555340111255645752e-01,9.999991655349731445e-01,6.609768024645745754e-04,-1.078593195416033268e-03,-4.545106203295290470e-04
1.042162299156188965e+00,3.487290620803833008e+00,4.095995426177978516e+00,9.999528527259826660e-01,-3.837589873000979424e-03,-2.406622981652617455e-03,-8.598813787102699280e-03
5.182155609130859375e+00,3.443996429443359375e+00,6.349055290222167969e+00,9.999997615814208984e-01,8.058665844146162271e-05,-7.399902679026126862e-04,9.202386718243360519e-05
4.454895019531250000e+00,4.808256149291992188e+00,1.083388328552246094e+00,9.999997019767761230e-01,-3.014461544808000326e-04,3.988255630247294903e-04,-6.664875545538961887e-04
3.782660722732543945e+00,5.130824089050292969e+00,2.078387260437011719e+00,9.999989867210388184e-01,-5.707098753191530704e-04,-1.070796395651996136e-03,7.781439926475286484e-04
5.686832666397094727e-01,3.138592720031738281e+00,2.832418680191040039e+00,9.999995827674865723e-01,8.058876846916973591e-04,-5.608597421087324619e-04,-4.811507824342697859e-05
6.177139878273010254e-01,3.481995344161987305e+00,6.049409389495849609e+00,9.999997615814208984e-01,-7.224911241792142391e-04,7.419237954309210181e-05,-3.447733179200440645e-04
3.756935834884643555e+00,1.705130577087402344e+00,6.984441280364990234e+00,9.999997615814208984e-01,7.517461781390011311e-04,1.150527969002723694e-04,9.213138400809839368e-05
4.047571659088134766e+00,7.289896011352539062e+00,6.420505046844482422e+00,9.999353885650634766e-01,-9.849192574620246887e-03,-7.223350985441356897e-05,5.688769742846488953e-03
2.015845775604248047e+00,2.675065040588378906e+00,4.357297897338867188e+00,1.000000000000000000e+00,-2.293081633979454637e-04,1.944775285664945841e-04,1.436088350601494312e-04
4.865212440490722656e+00,5.565309524536132812e+00,7.437519550323486328e+00,9.999886751174926758e-01,1.615950837731361389e-03,-4.203532356768846512e-03,1.536964671686291695e-03
2.707831144332885742e+00,2.430424690246582031e+00,7.008863925933837891e+00,1.000000000000000000e+00,2.083289436995983124e-04,4.046387330163270235e-04,1.140909225796349347e-04
4.801876544952392578e+00,1.034386754035949707e+00,5.317239761352539062e-01,9.998089075088500977e-01,1.336915139108896255e-02,4.202076524961739779e-04,1.425652485340833664e-02
5.781323909759521484e+00,6.998987674713134766e+00,5.364971160888671875e-01,9.999997019767761230e-01,3.710908058565109968e-04,5.904245190322399139e-04,-4.938876954838633537e-04
5.725425243377685547e+00,7.864914834499359131e-02,4.465543478727340698e-02,9.999433755874633789e-01,3.820130135864019394e-03,-9.920792654156684875e-03,-5.438537336885929108e-04
6.333350658416748047e+00,5.456793904304504395e-01,7.251071453094482422e+00,9.999985098838806152e-01,-8.252089028246700764e-04,1.179436803795397282e-03,1.035457942634820938e-03
8.898363113403320312e-01,1.667323708534240723e-01,7.820698432624340057e-03,1.000000000000000000e+00,-1.464784872950986028e-04,-1.876212627394124866e-04,-5.099212648929096758e-05
1.811623930931091309e+00,5.493988037109375000e+00,6.975744247436523438e+00,9.999874234199523926e-01,-1.234550960361957550e-03,4.860816057771444321e-03,-2.829330915119498968e-04
6.146302223205566406e+00,3.097202539443969727e+00,6.449491500854492188e+00,9.999997019767761230e-01,-4.518977948464453220e-04,1.580555108375847340e-04,-6.808881880715489388e-04
6.721715450286865234e+00,4.704804897308349609e+00,2.200704097747802734e+00,1.000000000000000000e+00,1.220651611220091581e-04,2.511731872800737619e-04,1.091588128474541008e-04
5.171389102935791016e+00,5.708339214324951172e+00,1.118877530097961426e+00,9.999946951866149902e-01,-1.069909892976284027e-03,-1.833519898355007172e-03,-2.472453517839312553e-03
9.832379221916198730e-01,1.387970209121704102e+00,1.423498868942260742e+00,9.996705055236816406e-01,-2.386730164289474487e-02,5.079188384115695953e-03,-7.970538921654224396e-03
2.974390029907226562e+00,7.385577201843261719e+00,2.276694774627685547e+00,9.999997615814208984e-01,2.976665855385363102e-04,-2.802970993798226118e-04,-6.592737045139074326e-04
2.746404647827148438e+00,5.412863254547119141e+00,3.395766973495483398e+00,1.000000000000000000e+00,1.375373976770788431e-04,-6.864399620098993182e-05,2.790249709505587816e-04
7.090929508209228516e+00,5.214548110961914062e+00,2.548189759254455566e-01,9.998973608016967773e-01,6.385982967913150787e-03,1.281934324651956558e-02,-4.322337044868618250e-04
2.152451276779174805e+00,4.754603862762451172e+00,6.216458320617675781e+00,9.999993443489074707e-01,-1.103675240301527083e-04,9.654963505454361439e-04,-5.776560865342617035e-04
4.155192852020263672e+00,5.919832229614257812e+00,1.196944952011108398e+00,9.999998211860656738e-01,4.702475853264331818e-04,3.866377228405326605e-04,3.427040937822312117e-04
3.687053680419921875e+00,3.955129861831665039e+00,6.406500339508056641e+00,9.999966025352478027e-01,-4.746045160572975874e-04,-2.462689997628331184e-03,8.136003161780536175e-04
5.299709320068359375e+00,3.441477298736572266e+00,6.999503135681152344e+00,9.999922513961791992e-01,-1.979068620130419731e-04,-2.446789061650633812e-03,-3.084695432335138321e-03
1.942623615264892578e+00,3.254790067672729492e+00,1.391742587089538574e+00,9.999963641166687012e-01,-7.631424232386052608e-04,2.582094864919781685e-03,-1.140342283179052174e-04
1.314435243606567383e+00,7.392691612243652344e+00,6.796049594879150391e+00,9.999982714653015137e-01,5.961853312328457832e-04,1.612142310477793217e-03,-7.895624148659408092e-04
2.069094657897949219e+00,5.264452457427978516e+00,6.607057571411132812e+00,9.999974370002746582e-01,-1.944442978128790855e-03,-1.073821680620312691e-03,-6.139279576018452644e-04
5.560324192047119141e-01,3.121583163738250732e-01,2.123711347579956055e+00,9.999998807907104492e-01,1.040251154336147010e-04,-2.640016609802842140e-04,4.605697467923164368e-04
6.909635543823242188e+00,5.176730155944824219e+00,3.116776227951049805e+00,9.999986886978149414e-01,1.335824374109506607e-03,8.006741991266608238e-04,-3.716244245879352093e-04
5.502414226531982422e+00,3.387925386428833008e+00,5.702282905578613281e+00,9.999985694885253906e-01,-3.345407312735915184e-04,1.645882846787571907e-03,4.408721870277076960e-04
6.468751907348632812e+00,1.983986616134643555e+00,1.220112293958663940e-01,9.999997615814208984e-01,-2.942225910373963416e-05,-4.698150441981852055e-04,5.624282057397067547e-04
2.140203416347503662e-01,1.919245421886444092e-01,7.254135608673095703e+00,9.999829530715942383e-01,-2.830500481650233269e-03,-1.937865512445569038e-03,-4.725954029709100723e-03
4.190626621246337891e+00,6.520481109619140625e+00,1.159926533699035645e+00,9.999988079071044922e-01,4.887602990493178368e-04,1.381939509883522987e-03,5.553129012696444988e-04
3.630501270294189453e+00,6.335049867630004883e-03,6.134801864624023438e+00,9.999989867210388184e-01,1.198651152662932873e-04,1.156851300038397312e-03,9.278987417928874493e-04
4.030811309814453125e+00,4.816594600677490234e+00,6.451704978942871094e+00,1.000000000000000000e+00,-1.248179760295897722e-04,-1.341844617854803801e-04,3.000436481670476496e-05
1.316755533218383789e+00,6.406129837036132812e+00,2.037426948547363281e+00,9.999995827674865723e-01,-7.597804651595652103e-04,5.423115799203515053e-04,1.795029820641502738e-04
5.877984046936035156e+00,7.389367103576660156e+00,2.468688726425170898e+00,9.999998211860656738e-01,6.154626025818288326e-04,7.582893886137753725e-05,3.552303533069789410e-04
3.569857835769653320e+00,2.121342658996582031e+00,1.560953378677368164e+00,1.000000000000000000e+00,-6.548553938046097755e-05,4.921880463371053338e-05,-5.405461342888884246e-05
8.218052387237548828e-01,6.647580623626708984e+00,5.586493492126464844e+00,9.999936223030090332e-01,-3.853921371046453714e-04,3.496584482491016388e-03,6.022329325787723064e-04
3.200457990169525146e-01,4.041771411895751953e+00,1.622836738824844360e-01,9.999999403953552246e-01,6.953197589609771967e-05,3.184509696438908577e-04,3.241807862650603056e-04
3.143414258956909180e+00,5.335605144500732422e+00,2.119221687316894531e+00,9.999992847442626953e-01,-8.170139044523239136e-04,3.707671421580016613e-04,8.878925582394003868e-04
2.706759214401245117e+00,8.841708302497863770e-01,1.387904644012451172e+00,9.999997019767761230e-01,-8.328365947818383574e-05,-5.057687521912157536e-04,-7.064188830554485321e-04
7.461521625518798828e+00,3.196693420410156250e+00,7.033707618713378906e+00,9.999999403953552246e-01,1.975401391973719001e-04,-2.598871069494634867e-04,-3.038184368051588535e-04
3.520202636718750000e-01,2.847280263900756836e+00,3.412017583847045898e+00,9.999940395355224609e-01,1.710589625872671604e-03,-2.075708762276917696e-04,2.996388589963316917e-03
2.458475828170776367e+00,1.008108854293823242e+00,5.492315888404846191e-01,9.999991655349731445e-01,6.642636726610362530e-04,6.059065926820039749e-04,-9.724090923555195332e-04
5.567805290222167969e+00,4.525918483734130859e+00,1.706111669540405273e+00,9.999998807907104492e-01,2.141599834430962801e-04,-2.908667956944555044e-04,-3.813892544712871313e-04
2.793709993362426758e+00,7.896780967712402344e-01,2.355191469192504883e+00,1.000000000000000000e+00,-3.062548930756747723e-04,-6.701835809508338571e-05,-4.024453664897009730e-05
3.876981973648071289e+00,4.948617935180664062e+00,1.759703040122985840e+00,1.000000000000000000e+00,8.228712249547243118e-05,5.075110311736352742e-05,2.826778800226747990e-04
8.677521944046020508e-01,7.031689167022705078e+00,2.552811622619628906e+00,9.999967813491821289e-01,-2.621135208755731583e-04,-2.493053907528519630e-03,4.841766203753650188e-04
6.679320812225341797e+00,3.454521894454956055e+00,3.895596742630004883e+00,9.999999403953552246e-01,-4.635108634829521179e-04,2.722147910390049219e-04,-1.248899643542245030e-04
3.358730554580688477e+00,3.686596870422363281e+00,1.966266989707946777e+00,9.999960660934448242e-01,1.633471576496958733e-03,-1.913655432872474194e-03,-1.289150561206042767e-03
4.764083385467529297e+00,1.831238031387329102e+00,1.457467079162597656e-01,9.999974370002746582e-01,1.552081899717450142e-03,-1.420674961991608143e-03,7.967785932123661041e-04
1.765489578247070312e+00,3.925110578536987305e+00,3.326674222946166992e+00,1.000000000000000000e+00,-2.181097370339557528e-04,1.639538240851834416e-04,-1.797517470549792051e-04
1.323328971862792969e+00,4.597989559173583984e+00,7.137349128723144531e+00,9.999924302101135254e-01,-6.200877251103520393e-04,3.238099161535501480e-03,-2.078459365293383598e-03
5.128761768341064453e+00,1.357855200767517090e+00,1.185523629188537598e+00,9.999681115150451660e-01,-5.250095389783382416e-03,4.752377513796091080e-03,3.695498453453183174e-03
3.997007012367248535e-01,1.234002232551574707e+00,2.231289863586425781e+00,9.999991059303283691e-01,4.195631190668791533e-04,8.921150583773851395e-04,9.790920885279774666e-04
3.640624046325683594e+00,2.300253629684448242e+00,3.595085382461547852e+00,1.000000000000000000e+00,-8.209943189285695553e-05,-3.831860085483640432e-04,2.220596215920522809e-04
6.876234054565429688e+00,3.008256852626800537e-01,3.227460861206054688e+00,9.999999403953552246e-01,1.256092946277931333e-04,-6.123864295659586787e-05,4.520321963354945183e-04
5.577343463897705078e+00,2.171106815338134766e+00,5.257382392883300781e+00,9.999998211860656738e-01,1.743545872159302235e-04,5.507137975655496120e-04,4.272179503459483385e-04
1.588227510452270508e+00,5.664606094360351562e+00,9.225920438766479492e-01,9.999995231628417969e-01,-1.019119750708341599e-03,-1.387881784467026591e-04,2.150702639482915401e-04
2.393513917922973633e+00,6.702508449554443359e+00,6.305378913879394531e+00,9.999992847442626953e-01,-1.031781430356204510e-03,1.379813329549506307e-04,-6.585216033272445202e-04
6.895843505859375000e+00,1.648807168006896973e+00,9.363175034523010254e-01,9.999998807907104492e-01,2.636937424540519714e-04,1.852720306487753987e-04,-3.873371460940688848e-04
4.510923862457275391e+00,5.264664173126220703e+00,1.054053187370300293e+00,1.000000000000000000e+00,1.310699153691530228e-04,3.059076261706650257e-04,-1.115836130338720977e-04
5.521106243133544922e+00,4.425687789916992188e+00,6.114680290222167969e+00,9.999999403953552246e-01,-2.016701328102499247e-04,3.867011982947587967e-04,2.043329732259735465e-04
3.829268217086791992e+00,4.195809364318847656e+00,2.261399745941162109e+00,9.999762773513793945e-01,-4.796172957867383957e-03,1.668635057285428047e-03,-4.655896220356225967e-03
3.331196904182434082e-01,5.595441341400146484e+00,5.711158275604248047e+00,9.999993443489074707e-01,-7.805388886481523514e-04,-1.577966177137568593e-04,-9.379830444231629372e-04
3.414273738861083984e+00,5.266185283660888672e+00,5.672357231378555298e-02,9.999985098838806152e-01,-5.347002879716455936e-04,-6.516505964100360870e-04,1.513290219008922577e-03
1.971020102500915527e-01,1.997313350439071655e-01,5.249109745025634766e+00,9.999986290931701660e-01,-1.523878308944404125e-03,-2.770656137727200985e-04,-6.978974561206996441e-04
4.392778396606445312e+00,7.380071163177490234e+00,4.547067642211914062e+00,9.999991059303283691e-01,-1.200867001898586750e-03,2.495018707122653723e-04,-6.222139927558600903e-04
6.972725868225097656e+00,6.294501304626464844e+00,1.749694705009460449e+00,9.999783039093017578e-01,-1.589615130797028542e-04,6.582125555723905563e-03,1.484534732298925519e-04
1.127459883689880371e+00,1.138070106506347656e+00,5.426955699920654297e+00,9.999714493751525879e-01,-6.135995034128427505e-03,3.536966862156987190e-03,-2.627867506816983223e-03
1.925207972526550293e+00,1.048889875411987305e+00,9.119682312011718750e-01,9.999998211860656738e-01,3.742389380931854248e-04,-4.884648369625210762e-04,-2.469356986694037914e-04
4.249230384826660156e+00,5.453839302062988281e+00,2.620775938034057617e+00,1.000000000000000000e+00,1.932137820404022932e-05,-5.392201637732796371e-05,9.159030742011964321e-05
2.889420032501220703e+00,3.529391050338745117e+00,5.738286972045898438e+00,9.999991059303283691e-01,-5.096846725791692734e-04,-1.111799268983304501e-03,-5.854979390278458595e-04
1.040856957435607910e+00,3.971785068511962891e+00,5.016066074371337891e+00,9.999971985816955566e-01,2.261361572891473770e-03,5.614673136733472347e-04,-3.812034847214818001e-04
4.214773654937744141e+00,6.213554859161376953e+00,7.369280338287353516e+00,9.999991655349731445e-01,-4.917353508062660694e-04,8.101978892227634788e-05,1.232810667715966702e-03
3.736867427825927734e+00,7.091703414916992188e+00,2.214833021163940430e+00,9.999995827674865723e-01,5.141047877259552479e-04,-8.463862468488514423e-04,2.307197428308427334e-05
1.632663369178771973e+00,4.889371395111083984e+00,6.829116821289062500e+00,9.999997615814208984e-01,-4.599959647748619318e-04,-3.424880851525813341e-04,4.364236665423959494e-04
4.753944873809814453e+00,3.019740343093872070e+00,6.123097896575927734e+00,9.999995231628417969e-01,-5.820930891786701977e-05,9.610189590603113174e-04,3.498088917694985867e-04
6.707788467407226562e+00,4.676214218139648438e+00,4.676088333129882812e+00,9.999995231628417969e-01,-1.061315182596445084e-03,-8.893512858776375651e-05,4.292629000701708719e-06
5.181640148162841797e+00,1.032078981399536133e+00,5.814042568206787109e+00,9.999998211860656738e-01,-6.150155677460134029e-04,2.908895548898726702e-04,-1.033375956467352808e-04
1.840411305427551270e+00,4.368591308593750000e+00,6.374425888061523438e+00,9.999702572822570801e-01,3.748656716197729111e-03,6.729789543896913528e-03,4.827826342079788446e-04
6.020615577697753906e+00,2.782161474227905273e+00,7.367826104164123535e-01,9.999887943267822266e-01,1.675156760029494762e-03,-3.105237148702144623e-03,-3.164623165503144264e-03
3.528053522109985352e+00,5.124897360801696777e-01,6.635634899139404297e+00,9.999999403953552246e-01,4.148755688220262527e-04,5.440158201963640749e-05,-2.152984088752418756e-04
5.843184947967529297e+00,7.240726470947265625e+00,3.002732038497924805e+00,9.999998807907104492e-01,4.341892490629106760e-04,-2.336702891625463963e-04,2.089117697323672473e-05
6.399297714233398438e+00,1.065656775608658791e-03,7.208820343017578125e+00,1.000000000000000000e+00,-3.903208125848323107e-04,1.399080065311864018e-04,5.345935642253607512e-05
5.507233142852783203e+00,2.707488298416137695e+00,3.589054346084594727e+00,9.999215602874755859e-01,-5.404823925346136093e-03,8.694387041032314301e-03,-7.222399115562438965e-03
1.467633247375488281e+00,3.386578559875488281e+00,3.302249670028686523e+00,9.999997615814208984e-01,-1.135053535108454525e-04,4.954308969900012016e-04,-5.426922580227255821e-04
5.149397373199462891e+00,1.093984022736549377e-01,2.004795312881469727e+00,9.999994635581970215e-01,4.435915325302630663e-04,-8.862947579473257065e-04,-4.449828411452472210e-04
5.483568310737609863e-01,1.844866275787353516e+00,5.473613262176513672e+00,9.999996423721313477e-01,-8.864492410793900490e-04,6.933205440873280168e-05,-1.876975729828700423e-04
1.051550388336181641e+00,6.072899818420410156e+00,4.406805038452148438e+00,9.999997615814208984e-01,8.883651753421872854e-05,-5.419412627816200256e-04,-4.161398392170667648e-04
1.274065971374511719e+00,3.770245937630534172e-03,1.773209095001220703e+00,9.999971985816955566e-01,9.151986450888216496e-04,-1.967165851965546608e-03,9.931183885782957077e-04
3.608911275863647461e+00,4.782708168029785156e+00,6.572665691375732422e+00,9.999999403953552246e-01,-5.897211394767509773e-06,-2.982570440508425236e-04,-4.590386815834790468e-04
6.834583759307861328e+00,6.474895954132080078e+00,5.838952660560607910e-01,9.999998807907104492e-01,4.058232298120856285e-04,-2.068245958071202040e-04,3.783778811339288950e-04
1.701231122016906738e+00,6.627084732055664062e+00,3.018196582794189453e+00,1.000000000000000000e+00,2.743234799709171057e-04,1.094135805033147335e-04,-2.937066165031865239e-05
1.957552075386047363e+00,1.243275523185729980e+00,3.710919380187988281e+00,9.999998807907104492e-01,2.234718122053891420e-04,-2.472283085808157921e-04,3.531675029080361128e-04
2.128793239593505859e+00,3.154798984527587891e+00,4.202118873596191406e+00,9.999992251396179199e-01,-5.176978302188217640e-04,1.048212870955467224e-03,-5.659094313159584999e-04
2.609220981597900391e+00,6.412811279296875000e+00,1.218517184257507324e+00,9.999997019767761230e-01,-6.064273184165358543e-04,-4.757296992465853691e-04,1.007322716759517789e-04
4.172427177429199219e+00,2.013962745666503906e+00,2.382140755653381348e-01,9.999971389770507812e-01,2.077754121273756027e-03,1.504442188888788223e-04,-1.174007775261998177e-03
2.616450786590576172e-01,3.256562709808349609e+00,6.876475811004638672e-01,9.999999403953552246e-01,2.393793256487697363e-04,4.016576567664742470e-04,2.651068207342177629e-04
3.663233041763305664e+00,3.843019247055053711e+00,3.573354244232177734e+00,9.999995827674865723e-01,-3.001321456395089626e-04,-6.102694896981120110e-04,-6.784920697100460529e-04
6.233356952667236328e+00,7.183507919311523438e+00,4.448431491851806641e+00,9.999995231628417969e-01,-6.665619439445436001e-04,2.077065291814506054e-04,7.301595760509371758e-04
1.328154087066650391e+00,1.718142628669738770e-01,5.227131843566894531e+00,9.999989867210388184e-01,7.072633597999811172e-04,-1.300768577493727207e-03,-2.908858186856377870e-05
6.422939777374267578e+00,4.876551926136016846e-01,5.138189792633056641e+00,9.999986290931701660e-01,1.198471727548167109e-04,-6.991371628828346729e-04,-1.482137129642069340e-03
1.814983725547790527e+00,2.699394702911376953e+00,1.964196324348449707e+00,9.999987483024597168e-01,9.838489349931478500e-04,1.292540691792964935e-03,1.361339964205399156e-04
2.821091175079345703e+00,1.416019946336746216e-01,3.889611363410949707e-01,9.999676346778869629e-01,-4.123478196561336517e-03,-6.182981655001640320e-03,3.102307207882404327e-03
1.584841609001159668e+00,1.047336816787719727e+00,1.902591466903686523e+00,9.999997019767761230e-01,3.373474828549660742e-05,6.620764033868908882e-04,-4.166049766354262829e-04
4.776972770690917969e+00,6.875969886779785156e+00,4.748849391937255859e+00,9.999948143959045410e-01,1.845381455495953560e-03,1.097200671210885048e-03,-2.420315518975257874e-03
5.831856250762939453e+00,5.107879638671875000e+00,4.308793067932128906e+00,9.999893307685852051e-01,2.948941662907600403e-03,3.571931505575776100e-03,-1.352713588858023286e-04
5.870077610015869141e+00,4.504528522491455078e+00,7.275617122650146484e+00,9.999989867210388184e-01,-1.057167886756360531e-03,9.185193921439349651e-04,-4.089271824341267347e-04
6.283315181732177734e+00,1.656179428100585938e-01,5.580457687377929688e+00,9.999997019767761230e-01,8.203457109630107880e-04,3.457666389294900000e-05,1.440195628674700856e-04
2.863084793090820312e+00,1.775253534317016602e+00,5.427781105041503906e+00,9.999546408653259277e-01,-8.841344155371189117e-03,-3.537948941811919212e-03,4.319612344261258841e-04
3.156724452972412109e+00,1.007566928863525391e+00,4.620445251464843750e+00,9.999997615814208984e-01,7.992332393769174814e-05,-5.454475758597254753e-04,4.988786531612277031e-04
1.037912368774414062e+00,7.435136318206787109e+00,5.546690940856933594e+00,9.999116063117980957e-01,-6.590462755411863327e-03,-8.727508597075939178e-03,-7.559410762041807175e-03
3.300005435943603516e+00,4.624562740325927734e+00,3.031075954437255859e+00,9.999964237213134766e-01,1.211493043228983879e-03,1.732294564135372639e-03,-1.671366509981453419e-03
7.401056289672851562e+00,4.425901889801025391e+00,3.210424423217773438e+00,9.999983310699462891e-01,-1.397806219756603241e-03,-3.120476321782916784e-04,-1.195243792608380318e-03
5.939941406250000000e+00,1.552213072776794434e+00,3.025020837783813477e+00,9.999989867210388184e-01,6.915219128131866455e-04,-2.514739462640136480e-04,-1.258957083337008953e-03
6.325633049011230469e+00,6.173895359039306641e+00,1.472799181938171387e+00,9.999998807907104492e-01,2.346451219636946917e-04,-9.637993935029953718e-05,5.165951442904770374e-04
4.888223409652709961e-01,3.463799953460693359e+00,7.251977443695068359e+00,9.999999403953552246e-01,-4.453615110833197832e-04,-7.316262053791433573e-05,2.147081831935793161e-04
2.636955261230468750e+00,5.261918067932128906e+00,1.011279821395874023e+00,9.999999403953552246e-01,1.253680966328829527e-04,2.491032937541604042e-04,-2.866206923499703407e-04
5.020797729492187500e+00,4.839908599853515625e+00,6.397222518920898438e+00,9.999970793724060059e-01,-5.502087296918034554e-04,1.636276720091700554e-03,1.695316866971552372e-03
2.424474716186523438e+00,3.719084262847900391e+00,2.489673852920532227e+00,9.999997615814208984e-01,-2.743779041338711977e-04,1.066418772097676992e-04,-6.924789049662649632e-04
5.444639682769775391e+00,4.933384418487548828e+00,7.179146766662597656e+00,9.999991655349731445e-01,3.229375579394400120e-04,-2.243762719444930553e-04,1.288536237552762032e-03
6.209969997406005859e+00,2.164668798446655273e+00,5.766539648175239563e-02,9.999997019767761230e-01,-3.518477751640602946e-05,-4.325863847043365240e-04,7.126158452592790127e-04
6.285097599029541016e+00,3.322369098663330078e+00,3.385196208953857422e+00,9.999998807907104492e-01,-4.548995348159223795e-04,1.831837289500981569e-04,3.469768562354147434e-04
7.098032474517822266e+00,5.337387561798095703e+00,2.588701725006103516e+00,9.999990463256835938e-01,7.565388223156332970e-04,1.167753594927489758e-03,-6.277708962443284690e-06
6.741839885711669922e+00,6.699810981750488281e+00,5.208921909332275391e+00,1.000000000000000000e+00,1.086807969841174781e-04,-6.325481808744370937e-05,-1.006461534416303039e-04
7.006111621856689453e+00,1.210277438163757324e+00,1.743287563323974609e+00,9.999998211860656738e-01,5.226290086284279823e-04,5.139832501299679279e-04,-5.179426079848781228e-05
4.355192661285400391e+00,1.648154973983764648e+00,6.382360935211181641e+00,1.000000000000000000e+00,9.960030001820996404e-05,2.750070416368544102e-04,-1.916712935781106353e-04
1.010894298553466797e+00,3.815303087234497070e+00,7.055403709411621094e+00,9.999496340751647949e-01,-9.531389921903610229e-03,-3.102632937952876091e-03,-4.476886533666402102e-04
2.431453019380569458e-01,4.588034629821777344e+00,2.678283929824829102e+00,9.999039769172668457e-01,-1.137947756797075272e-02,6.243354175239801407e-03,4.850487224757671356e-03
2.181762456893920898e+00,1.391857862472534180e-01,4.085413217544555664e-01,9.999992251396179199e-01,2.540930581744760275e-04,1.116459257900714874e-03,4.874714068137109280e-04
1.397680997848510742e+00,3.308573484420776367e+00,1.321582496166229248e-01,9.999998807907104492e-01,4.483098455239087343e-04,2.817904169205576181e-04,-3.617181209847331047e-04
5.804765701293945312e+00,1.494194716215133667e-01,4.705747127532958984e+00,9.999997615814208984e-01,1.692935475148260593e-04,5.476326914504170418e-04,-4.709957283921539783e-04
2.126770764589309692e-01,3.199330568313598633e-01,5.837030410766601562e+00,9.999998807907104492e-01,-2.603378670755773783e-04,-4.342794127296656370e-04,1.183421918540261686e-04
5.012391090393066406e+00,6.243988037109375000e+00,4.293906211853027344e+00,9.999995231628417969e-01,1.007731116260401905e-04,-3.801207058131694794e-04,9.484906913712620735e-04
5.006849288940429688e+00,4.048640727996826172e+00,1.073284029960632324e+00,9.999979138374328613e-01,-1.038363086991012096e-03,1.405432121828198433e-03,1.104519702494144440e-03
7.282366275787353516e+00,4.806702613830566406e+00,3.551900982856750488e-01,9.999408721923828125e-01,-5.356334615498781204e-03,-5.466060712933540344e-03,-7.727548945695161819e-03
3.802583694458007812e+00,6.417463302612304688e+00,3.379439830780029297e+00,9.999994039535522461e-01,-9.845282329479232430e-05,6.878605927340686321e-04,8.660397143103182316e-04
4.189730644226074219e+00,3.959568262100219727e+00,7.140972137451171875e+00,9.999997615814208984e-01,1.237467658938840032e-04,-3.515717980917543173e-04,6.075439741834998131e-04
3.090095520019531250e+00,1.275694608688354492e+00,5.970443248748779297e+00,9.999970793724060059e-01,-2.222074981546029449e-04,-1.799186808057129383e-03,1.630015438422560692e-03
6.533250331878662109e+00,5.225137233734130859e+00,1.339072346687316895e+00,1.000000000000000000e+00,1.351951650576665998e-04,1.499767240602523088e-04,-1.044832315528765321e-04
1.368040919303894043e+00,1.987961530685424805e+00,3.970933675765991211e+00,9.999993443489074707e-01,-9.321739780716598034e-04,5.175910191610455513e-04,-5.355303292162716389e-04
5.043723583221435547e+00,2.699739217758178711e+00,7.234493732452392578e+00,9.999949932098388672e-01,-5.622779135592281818e-04,9.912997484207153320e-04,2.982905367389321327e-03
5.940748214721679688e+00,3.473783493041992188e+00,3.431762456893920898e-01,9.999414682388305664e-01,-5.125389900058507919e-03,9.531112387776374817e-03,2.799093781504780054e-04
5.612358570098876953e+00,4.442517459392547607e-01,6.473297119140625000e+00,9.999994635581970215e-01,-4.318080609664320946e-04,-4.016674647573381662e-04,-9.294861811213195324e-04
1.375885367393493652e+00,6.557953953742980957e-01,9.318458288908004761e-02,9.999994635581970215e-01,2.317602920811623335e-04,-7.471890967281069607e-06,-1.072733313776552677e-03
3.018198490142822266e+00,5.613600611686706543e-01,8.610875606536865234e-01,9.999993443489074707e-01,4.016750026494264603e-04,-8.451410103589296341e-04,-7.687142351642251015e-04
6.735701560974121094e+00,7.080067396163940430e-01,2.074376583099365234e+00,9.999969601631164551e-01,1.306257181568071246e-04,2.063542371615767479e-03,-1.393386977724730968e-03
5.785916805267333984e+00,2.925699472427368164e+00,4.753322601318359375e+00,9.999994039535522461e-01,-6.536814616993069649e-04,3.150777774862945080e-04,-8.831741870380938053e-04
6.750309467315673828e+00,4.394284725189208984e+00,3.201990604400634766e+00,9.999990463256835938e-01,6.894480320625007153e-04,-1.133776968345046043e-03,-4.392134433146566153e-04
2.231527566909790039e+00,5.023050785064697266e+00,5.399593353271484375e+00,9.999999403953552246e-01,5.098839756101369858e-04,-3.131302582914941013e-05,1.734914621920324862e-05
4.357551097869873047e+00,3.347111225128173828e+00,7.341661453247070312e-01,9.999994039535522461e-01,-4.000284534413367510e-04,6.003635353408753872e-04,8.613899699412286282e-04
6.844274997711181641e+00,5.932107448577880859e+00,4.741701602935791016e+00,9.999998807907104492e-01,4.781475581694394350e-04,2.531170030124485493e-04,-2.346697292523458600e-04
4.031719207763671875e+00,7.028278827667236328e+00,6.607048511505126953e+00,9.999307394027709961e-01,-1.081404369324445724e-02,2.210259204730391502e-03,4.101534374058246613e-03
7.087415218353271484e+00,1.254641532897949219e+00,5.164178371429443359e+00,9.999998807907104492e-01,3.518605662975460291e-04,-4.869453841820359230e-04,-2.078757461276836693e-05
7.100372791290283203e+00,6.567162990570068359e+00,2.292332410812377930e+00,9.999964833259582520e-01,1.380642061121761799e-04,1.225315965712070465e-03,2.346431836485862732e-03
6.139753818511962891e+00,1.144973278045654297e+00,1.180620193481445312e+00,9.999989271163940430e-01,9.487409261055290699e-04,9.678226197138428688e-04,-6.825746968388557434e-04
6.352270603179931641e+00,7.295583486557006836e-01,2.880768299102783203e+00,1.000000000000000000e+00,8.537199755664914846e-05,-2.069392940029501915e-04,4.287532647140324116e-06
5.916463851928710938e+00,3.557850122451782227e-01,6.634349346160888672e+00,9.999997019767761230e-01,-7.161402609199285507e-04,-3.919325245078653097e-04,2.478981969034066424e-06
6.576901435852050781e+00,2.177773952484130859e+00,4.896823406219482422e+00,9.999879002571105957e-01,1.154089230112731457e-03,-8.390487346332520247e-05,-4.796922206878662109e-03
2.954483509063720703e+00,5.137356758117675781e+00,5.162170886993408203e+00,9.999998211860656738e-01,-1.415280858054757118e-04,-3.790812625084072351e-04,5.692922277376055717e-04
3.505336761474609375e+00,3.968638181686401367e+00,5.066000938415527344e+00,9.999998211860656738e-01,5.784991662949323654e-04,-3.789795155171304941e-04,-2.441464166622608900e-04
2.918611526489257812e+00,2.918547630310058594e+00,2.581552743911743164e+00,9.999944567680358887e-01,-4.669832123909145594e-04,1.271917950361967087e-03,-3.047081874683499336e-03
1.404474496841430664e+00,1.486727952957153320e+00,6.225266456604003906e+00,9.996520280838012695e-01,-2.562193572521209717e-02,8.465220453217625618e-04,-6.217047572135925293e-03
2.139343023300170898e+00,6.818762302398681641e+00,3.825926303863525391e+00,9.999893903732299805e-01,-2.872701501473784447e-03,-3.623248543590307236e-03,-6.110777030698955059e-05
4.991545975208282471e-01,3.086915016174316406e+00,6.355206489562988281e+00,9.999998807907104492e-01,2.902467094827443361e-04,-3.553548594936728477e-04,-4.213986685499548912e-04
5.074406623840332031e+00,3.896571636199951172e+00,6.241421222686767578e+00,1.000000000000000000e+00,-1.515556650701910257e-04,3.327134618302807212e-05,1.335176057182252407e-04
5.131182193756103516e+00,2.853397846221923828e+00,1.137609362602233887e+00,9.999113082885742188e-01,-9.514153935015201569e-03,2.184103243052959442e-03,-9.062426164746284485e-03
1.145796179771423340e+00,4.072517395019531250e+00,5.309571743011474609e+00,9.999984502792358398e-01,1.672669430263340473e-03,4.712363879662007093e-04,-4.490738792810589075e-04
1.787100553512573242e+00,4.686740398406982422e+00,6.495691776275634766e+00,9.999933838844299316e-01,1.095054671168327332e-03,-1.593375345692038536e-03,3.082390176132321358e-03
3.030591964721679688e+00,6.750706195831298828e+00,2.216390132904052734e+00,9.999495744705200195e-01,9.809056296944618225e-03,1.123581314459443092e-03,-1.850908971391618252e-03
3.939321279525756836e+00,1.051490306854248047e+00,7.480117082595825195e-01,1.000000000000000000e+00,-2.656337164808064699e-05,-2.994656824739649892e-05,-1.002595454338006675e-04
6.542412042617797852e-01,9.689790010452270508e-01,6.585772514343261719e+00,9.998908638954162598e-01,1.139198336750268936e-02,6.163909565657377243e-03,-7.112173829227685928e-03
1.687646031379699707e+00,2.744695870205760002e-03,3.781801462173461914e+00,9.999184012413024902e-01,-3.464488079771399498e-03,9.806612506508827209e-03,-7.427613716572523117e-03
2.088389158248901367e+00,1.749221086502075195e+00,2.093035459518432617e+00,9.999998211860656738e-01,4.908203263767063618e-04,1.223131948790978640e-05,-4.808864323422312737e-04
1.323248744010925293e+00,1.864004135131835938e+00,5.262722492218017578e+00,1.000000000000000000e+00,7.809916132828220725e-05,4.586092109093442559e-05,2.751646679826080799e-04
3.942373514175415039e+00,4.073219776153564453e+00,1.692860841751098633e+00,9.997218847274780273e-01,-2.194781228899955750e-02,7.202786393463611603e-03,-4.768165759742259979e-03
1.391771912574768066e+00,1.667749047279357910e+00,2.001674652099609375e+00,9.999998807907104492e-01,-5.522348874364979565e-05,3.699622757267206907e-04,-5.321950302459299564e-04
6.866130352020263672e+00,6.351930141448974609e+00,3.091408014297485352e+00,1.000000000000000000e+00,-2.375952317379415035e-04,-1.555540948174893856e-04,-2.169199724448844790e-04
2.437788486480712891e+00,3.584679365158081055e+00,3.592728137969970703e+00,9.999999403953552246e-01,3.764360735658556223e-04,9.666997357271611691e-05,-3.189623239450156689e-04
6.377398490905761719e+00,5.376082420349121094e+00,6.382088184356689453e+00,9.999991059303283691e-01,-7.116604592738440260e-06,1.214834628626704216e-03,-5.872701294720172882e-04
2.298800706863403320e+00,1.703778952360153198e-01,3.893346309661865234e+00,9.999917745590209961e-01,-9.020409925142303109e-05,-3.999115899205207825e-03,-7.342597818933427334e-04
4.451128005981445312e+00,6.585820198059082031e+00,4.474341392517089844e+00,9.999460577964782715e-01,1.323688426055014133e-03,2.212647348642349243e-03,-1.006440166383981705e-02
4.455234408378601074e-01,1.476525217294692993e-01,1.502775073051452637e+00,9.999994635581970215e-01,7.554001058451831341e-04,2.937585668405517936e-05,7.884185761213302612e-04
2.832817077636718750e+00,3.757907152175903320e+00,6.528192996978759766e+00,9.999995231628417969e-01,1.018589973682537675e-04,-9.749900200404226780e-04,-1.637078530620783567e-04
7.285468578338623047e+00,5.330578327178955078e+00,4.933516025543212891e+00,1.000000000000000000e+00,-7.932195330795366317e-06,2.081619895761832595e-04,-2.349927672185003757e-04
2.448502779006958008e-01,6.505635261535644531e+00,5.312615394592285156e+00,9.999927282333374023e-01,-3.286724677309393883e-03,1.974577782675623894e-03,-1.194641663460060954e-04
5.168865203857421875e+00,1.815328001976013184e+00,4.817398548126220703e+00,9.999996423721313477e-01,-1.810560497688129544e-04,3.537954762578010559e-05,8.732478017918765545e-04
5.511563301086425781e+00,5.103421211242675781e-01,1.023279786109924316e+00,9.999993443489074707e-01,-1.148553332313895226e-03,7.579107477795332670e-05,-2.825531119015067816e-04
4.522309780120849609e+00,1.819193363189697266e+00,1.937224268913269043e+00,9.999995827674865723e-01,-6.775521906092762947e-04,6.189648411236703396e-04,-3.606259415391832590e-04
7.039958953857421875e+00,4.031402111053466797e+00,4.868931293487548828e+00,9.999248385429382324e-01,1.168649364262819290e-02,3.149499418213963509e-03,1.989335054531693459e-03
4.770610809326171875e+00,3.644807815551757812e+00,6.828206181526184082e-01,9.999970197677612305e-01,-1.164771965704858303e-03,1.742768799886107445e-03,1.227684086188673973e-03
3.698855876922607422e+00,5.639192581176757812e+00,1.795710086822509766e+00,1.000000000000000000e+00,1.580728421686217189e-04,6.776140799047425389e-05,1.342395989922806621e-04
1.879819393157958984e+00,2.169651031494140625e+00,7.060709476470947266e+00,9.999994039535522461e-01,-1.211561975651420653e-04,-2.363950916333124042e-04,-1.093472936190664768e-03
3.645137846469879150e-01,3.683466196060180664e+00,3.299830853939056396e-02,9.999998807907104492e-01,-1.989258162211626768e-04,1.960123772732913494e-04,3.838916891254484653e-04
3.886702060699462891e+00,7.777771949768066406e-01,7.203800201416015625e+00,9.999979734420776367e-01,1.229791203513741493e-03,-8.648018701933324337e-04,-1.342976582236588001e-03
3.339722633361816406e+00,6.314386367797851562e+00,4.977685928344726562e+00,9.999998807907104492e-01,5.258424789644777775e-04,2.208109945058822632e-04,-2.048651513177901506e-04
6.336905479431152344e+00,1.428297907114028931e-01,6.733727455139160156e+00,9.999998807907104492e-01,-2.747243706835433841e-05,-3.559472970664501190e-04,4.281768051441758871e-04
4.283533573150634766e+00,2.378084659576416016e+00,8.745188713073730469e-01,9.999995827674865723e-01,-5.941092385910451412e-04,7.562758401036262512e-04,-1.131517856265418231e-04
1.240014791488647461e+00,3.486893415451049805e+00,8.872376084327697754e-01,9.999837875366210938e-01,-4.975172225385904312e-03,-2.598866354674100876e-03,-9.786619339138269424e-04
6.337840557098388672e+00,5.674688339233398438e+00,6.087200164794921875e+00,9.999942779541015625e-01,2.542293630540370941e-03,1.328391022980213165e-03,-1.802545040845870972e-03
6.970254421234130859e+00,5.595796108245849609e+00,3.567449092864990234e+00,1.000000000000000000e+00,1.408312091371044517e-04,-2.412914182059466839e-04,9.481444431003183126e-05
2.932511091232299805e+00,3.276009798049926758e+00,6.620162010192871094e+00,9.999998807907104492e-01,-2.767697733361274004e-04,-3.916770801879465580e-04,-3.812596260104328394e-04
7.496872425079345703e+00,2.217214345932006836e+00,4.911157608032226562e+00,9.999327659606933594e-01,-9.256782941520214081e-03,2.687077037990093231e-03,-6.451185792684555054e-03
6.545974254608154297e+00,1.664157509803771973e-01,1.502184271812438965e+00,9.999999403953552246e-01,-2.856740866263862699e-05,-4.502900992520153522e-04,1.249877968803048134e-04
3.603402853012084961e+00,1.530649185180664062e+00,8.139234781265258789e-01,9.999989867210388184e-01,-8.277436427306383848e-05,2.972187940031290054e-04,1.440133200958371162e-03
6.683052539825439453e+00,4.062948226928710938e+00,5.096293449401855469e+00,9.999832510948181152e-01,4.420025274157524109e-03,1.943926676176488400e-03,3.203079802915453911e-03
6.602887153625488281e+00,7.387810707092285156e+00,3.624745607376098633e+00,1.000000000000000000e+00,1.218014149344526231e-04,-2.137003029929473996e-04,4.041141364723443985e-04
1.537629246711730957e+00,2.737864971160888672e+00,1.796098113059997559e+00,9.999925494194030762e-01,2.909817034378647804e-03,2.143717138096690178e-03,-1.391730271279811859e-03
5.237232208251953125e+00,6.702197551727294922e+00,2.753398418426513672e-01,9.999889731407165527e-01,4.069673363119363785e-03,1.491395523771643639e-03,1.814620918594300747e-03
2.358848333358764648e+00,4.964653491973876953e+00,6.466954708099365234e+00,1.000000000000000000e+00,-2.322892833035439253e-04,-6.812616629758849740e-05,2.388178836554288864e-04
3.827355384826660156e+00,2.348634302616119385e-01,5.749519348144531250e+00,9.999778270721435547e-01,1.364344614557921886e-03,2.671461552381515503e-03,-5.951039027422666550e-03
3.824699878692626953e+00,1.962341785430908203e+00,1.159399628639221191e+00,1.000000000000000000e+00,-1.749245566315948963e-04,1.440586784156039357e-04,6.368307367665693164e-05
1.216067433357238770e+00,9.194211363792419434e-01,2.896749258041381836e+00,9.999367594718933105e-01,-3.503807820379734039e-03,-9.412943385541439056e-03,5.067290738224983215e-03
6.514201641082763672e+00,6.627333164215087891e-01,4.471754074096679688e+00,9.999994039535522461e-01,-8.356256876140832901e-04,5.921615520492196083e-04,4.064725944772362709e-04
1.575520157814025879e+00,7.481753349304199219e+00,3.310938119888305664e+00,9.999943375587463379e-01,-3.229959169402718544e-03,2.634647535160183907e-04,8.876557694748044014e-04
5.346587181091308594e+00,4.883164405822753906e+00,3.293272554874420166e-01,9.999979138374328613e-01,7.658371469005942345e-04,9.679456125013530254e-04,1.665297313593327999e-03
6.020502567291259766e+00,3.898799896240234375e+00,6.175456047058105469e+00,9.999989271163940430e-01,-9.884850587695837021e-04,8.284150972031056881e-04,-7.929427665658295155e-04
6.324310779571533203e+00,1.905873417854309082e+00,2.109467029571533203e+00,9.999994635581970215e-01,3.992985875811427832e-04,5.239533493295311928e-04,-8.469975437037646770e-04
3.715916872024536133e+00,2.819826602935791016e+00,1.759812235832214355e-01,9.999997615814208984e-01,-1.349322410533204675e-04,-7.129294681362807751e-04,2.281016786582767963e-04
6.974565029144287109e+00,6.308603286743164062e+00,3.872972011566162109e+00,1.000000000000000000e+00,2.024638160946778953e-05,-1.028139449772424996e-04,-3.815470845438539982e-04
2.751255035400390625e+00,4.427918434143066406e+00,2.108914375305175781e+00,1.000000000000000000e+00,9.305599087383598089e-05,1.751092204358428717e-04,-2.409876105957664549e-05
2.324981242418289185e-01,7.858834266662597656e-01,5.159068107604980469e+00,9.999965429306030273e-01,1.812979229725897312e-03,1.157348975539207458e-03,1.566389575600624084e-03
6.385678052902221680e-02,1.890810728073120117e+00,5.278001308441162109e+00,9.999988675117492676e-01,-1.254031900316476822e-03,7.972778985276818275e-04,-4.596860380843281746e-04
5.399955749511718750e+00,2.859928131103515625e+00,7.294051170349121094e+00,9.998748898506164551e-01,-6.703836843371391296e-03,-1.429691910743713379e-02,-1.014720066450536251e-03
1.810284554958343506e-01,9.274260401725769043e-01,5.924942970275878906e+00,9.999743103981018066e-01,6.966831162571907043e-03,1.223603263497352600e-03,-1.170253031887114048e-03
4.162376880645751953e+00,2.374671220779418945e+00,7.074885845184326172e+00,9.999872446060180664e-01,-4.587928298860788345e-03,-1.760727027431130409e-03,-1.169736613519489765e-03
5.952940464019775391e+00,2.695203781127929688e+00,5.723505496978759766e+00,9.999997615814208984e-01,1.902648800751194358e-04,7.084088283590972424e-04,-3.375839150976389647e-04
1.814730048179626465e+00,2.719907283782958984e+00,3.124019622802734375e+00,9.999997019767761230e-01,-3.582753124646842480e-04,-7.826533401384949684e-04,-6.146733358036726713e-05
3.774859905242919922e+00,7.423207283020019531e+00,2.877037286758422852e+00,9.999393224716186523e-01,-9.090341627597808838e-03,5.627611652016639709e-03,2.655694028362631798e-03
6.373034477233886719e+00,2.439151108264923096e-01,2.181097984313964844e+00,9.999998807907104492e-01,-2.639736630953848362e-04,-4.526721313595771790e-04,1.074578904081135988e-04
6.101763620972633362e-02,6.511654853820800781e+00,2.967470884323120117e-01,9.999976158142089844e-01,-2.164944307878613472e-03,2.445039863232523203e-04,-2.851220597221981734e-05
4.824174404144287109e+00,4.927370548248291016e+00,3.182805061340332031e+00,9.999722838401794434e-01,-2.901611733250319958e-04,-3.649169579148292542e-03,-6.488992832601070404e-03
7.969948649406433105e-01,2.526598691940307617e+00,5.241794586181640625e+00,9.999927282333374023e-01,-2.638115081936120987e-03,1.411727862432599068e-03,-2.378155710175633430e-03
8.930723071098327637e-01,1.576371341943740845e-01,4.859886169433593750e+00,9.999998211860656738e-01,7.453020316461334005e-06,-1.736312260618433356e-04,5.581928417086601257e-04
5.645619392395019531e+00,4.972822666168212891e+00,3.814097642898559570e+00,9.999975562095642090e-01,-1.920542679727077484e-03,-1.115556107833981514e-03,5.283376231091096997e-05
6.011948108673095703e+00,4.968855857849121094e+00,4.773872852325439453e+00,9.999990463256835938e-01,2.493345818948000669e-04,8.407327695749700069e-04,-1.142064691521227360e-03
1.798919558525085449e+00,3.137688875198364258e+00,5.892354011535644531e+00,9.999998807907104492e-01,-1.936892658704891801e-04,2.419671800453215837e-04,-5.185324698686599731e-04
5.406512618064880371e-01,3.742405474185943604e-01,3.338679552078247070e+00,9.999997019767761230e-01,6.827865727245807648e-04,2.630306116770952940e-04,4.382444894872605801e-04
4.127476692199707031e+00,1.046061515808105469e+00,4.449425697326660156e+00,9.999894499778747559e-01,2.748252358287572861e-03,-1.728775678202509880e-03,3.250326262786984444e-03
2.619068026542663574e-01,6.917973041534423828e+00,1.656534552574157715e+00,9.999976754188537598e-01,-1.632233033888041973e-03,-3.491095849312841892e-04,-1.361793954856693745e-03
2.415400296449661255e-01,1.626830816268920898e+00,2.677296638488769531e+00,9.999963641166687012e-01,-2.519476693123579025e-03,9.513412951491773129e-04,3.954945423174649477e-04
4.178833484649658203e+00,2.495016098022460938e+00,5.451792716979980469e+00,9.999998211860656738e-01,-5.446344148367643356e-04,-2.474156208336353302e-04,2.514603838790208101e-04
5.883426666259765625e+00,1.131232976913452148e+00,8.081280589103698730e-01,9.999784827232360840e-01,4.395501688122749329e-03,3.463267115876078606e-03,-3.426514565944671631e-03
4.299618721008300781e+00,4.484684944152832031e+00,8.468637466430664062e-01,9.999960064888000488e-01,1.161961932666599751e-03,1.052420819178223610e-03,-2.360361162573099136e-03
3.263775110244750977e+00,3.721086263656616211e+00,4.462048530578613281e+00,9.999999403953552246e-01,2.498807443771511316e-04,1.706704642856493592e-04,-3.736673970706760883e-04
5.245580673217773438e+00,6.575199604034423828e+00,1.625053882598876953e+00,1.000000000000000000e+00,2.660431491676717997e-04,-1.355548156425356865e-04,-2.818029024638235569e-04
3.610702753067016602e+00,7.418281078338623047e+00,1.972508072853088379e+00,9.999914765357971191e-01,-3.013642271980643272e-03,1.434557605534791946e-03,2.438046270981431007e-03
7.896493375301361084e-02,6.347002983093261719e+00,2.119499817490577698e-02,9.999979138374328613e-01,-1.962824026122689247e-03,1.506824046373367310e-04,-5.369667196646332741e-04
2.634516716003417969e+00,1.120907425880432129e+00,5.687465667724609375e+00,9.999965429306030273e-01,-1.214065938256680965e-03,-1.334349857643246651e-03,1.929843449033796787e-03
2.317145168781280518e-01,6.318233013153076172e+00,5.045981407165527344e+00,9.999940395355224609e-01,-2.921773353591561317e-03,1.860412186942994595e-03,1.087163400370627642e-05
6.809854507446289062e-01,5.327120304107666016e+00,4.892866134643554688e+00,9.999997019767761230e-01,4.998424556106328964e-04,5.021077231504023075e-05,6.904074107296764851e-04
6.845397949218750000e+00,7.460054397583007812e+00,1.278181791305541992e+00,9.999998807907104492e-01,-1.459288469050079584e-04,-2.616032434161752462e-04,3.875413385685533285e-04
2.674943208694458008e-01,1.687433600425720215e+00,7.190611362457275391e+00,9.999999403953552246e-01,3.284511331003159285e-04,-7.232196367112919688e-05,-3.386017342563718557e-04
5.857860565185546875e+00,4.571728229522705078e+00,2.003281354904174805e+00,1.000000000000000000e+00,3.426429175306111574e-04,-1.550522720208391547e-04,-1.528328284621238708e-04
2.743950486183166504e-01,2.808772802352905273e+00,2.810259342193603516e+00,9.999957680702209473e-01,1.014350331388413906e-03,2.418598392978310585e-03,-1.295855152420699596e-03
7.370115756988525391e+00,5.679302692413330078e+00,6.805875778198242188e+00,9.999980926513671875e-01,7.124544936232268810e-04,-1.431045238859951496e-03,-1.175469020381569862e-03
3.665421009063720703e+00,7.093703746795654297e+00,5.312064170837402344e+00,1.000000000000000000e+00,-2.069641632260754704e-04,8.687235822435468435e-05,-2.247325755888596177e-04
1.980606079101562500e+00,6.555205821990966797e+00,7.427332878112792969e+00,1.000000000000000000e+00,-1.224699226440861821e-04,6.708794535370543599e-05,-2.070198097499087453e-04
7.433050632476806641e+00,5.188238143920898438e+00,5.961833953857421875e+00,9.999957084655761719e-01,-1.200935221277177334e-03,2.542002825066447258e-03,8.034672937355935574e-04
2.931383848190307617e+00,4.187130928039550781e+00,1.860100746154785156e+00,1.000000000000000000e+00,2.611236996017396450e-04,3.844840466626919806e-05,-2.761139185167849064e-04
6.551227569580078125e+00,6.653889179229736328e+00,5.944566726684570312e+00,9.999989867210388184e-01,-8.236986468546092510e-04,9.614328737370669842e-04,-7.223379216156899929e-04
2.979653835296630859e+00,5.546958923339843750e+00,5.424804687500000000e+00,1.000000000000000000e+00,2.963857259601354599e-04,-5.687642260454595089e-05,-2.239430432382505387e-05
7.834589481353759766e-01,3.972951889038085938e+00,1.881536841392517090e+00,9.999992847442626953e-01,3.102627815678715706e-04,-1.078307745046913624e-03,-3.225930267944931984e-04
1.333621263504028320e+00,5.685414791107177734e+00,3.611254394054412842e-01,9.999994635581970215e-01,1.820214238250628114e-04,-8.981941500678658485e-04,-4.162401601206511259e-04
6.681783199310302734e+00,5.849862098693847656e+00,3.122372627258300781e+00,9.999913573265075684e-01,-3.848055144771933556e-03,-1.322759781032800674e-03,-9.395017987117171288e-04
2.903752326965332031e+00,7.220741748809814453e+00,5.884560108184814453e+00,9.999523162841796875e-01,4.494035616517066956e-03,-9.933718247339129448e-04,8.617001585662364960e-03
3.723139762878417969e+00,2.336144685745239258e+00,6.324416637420654297e+00,9.999223351478576660e-01,6.162619683891534805e-03,9.388423641212284565e-04,-1.079565007239580154e-02
2.950130999088287354e-01,2.706585884094238281e+00,2.307861804962158203e+00,9.999995231628417969e-01,9.143367060460150242e-04,-1.914073363877832890e-04,3.427177261983160861e-07
8.569577932357788086e-01,5.220981597900390625e+00,1.728043675422668457e+00,9.999998211860656738e-01,-6.447581108659505844e-04,8.144468665705062449e-06,9.168504038825631142e-05
3.405874729156494141e+00,2.348763227462768555e+00,6.838543415069580078e+00,9.999999403953552246e-01,3.820147830992937088e-04,-6.633345765294507146e-05,2.067477907985448837e-04
5.049199104309082031e+00,6.855539321899414062e+00,5.384600639343261719e+00,9.999830722808837891e-01,-4.002112429589033127e-03,-3.073118161410093307e-03,2.899961546063423157e-03
3.305722236633300781e+00,7.204532623291015625e-01,4.044129371643066406e+00,9.999983310699462891e-01,9.814898949116468430e-04,1.465615467168390751e-03,-4.871085402555763721e-04
2.705392122268676758e+00,6.689607143402099609e+00,3.711782932281494141e+00,9.999969005584716797e-01,-2.217925153672695160e-03,6.622168002650141716e-04,-9.999638423323631287e-04
1.050434350967407227e+00,2.401151955127716064e-01,2.980140447616577148e+00,9.999923706054687500e-01,1.085647265426814556e-03,1.136890845373272896e-03,3.598157782107591629e-03
4.589902400970458984e+00,5.821384906768798828e+00,4.089220046997070312e+00,9.999998211860656738e-01,2.134758833562955260e-04,5.967952529317699373e-05,-6.211418076418340206e-04
4.087859630584716797e+00,7.452818393707275391e+00,4.440080165863037109e+00,9.999994635581970215e-01,-1.078654895536601543e-03,-3.107228985754773021e-05,8.300319314002990723e-05
7.304689407348632812e+00,6.520161151885986328e+00,3.476461648941040039e+00,1.000000000000000000e+00,3.394789018784649670e-05,-1.999787491513416171e-04,-3.921685274690389633e-04
6.964493274688720703e+00,3.086992204189300537e-01,1.582121014595031738e+00,1.000000000000000000e+00,7.096905756043270230e-05,-2.066886518150568008e-04,-1.155291829491034150e-04
4.179950714111328125e+00,6.664310932159423828e+00,3.842518568038940430e+00,9.999966621398925781e-01,1.628160127438604832e-03,7.210592157207429409e-04,-1.863567391410470009e-03
8.015117645263671875e-01,4.831580162048339844e+00,4.245921134948730469e+00,9.999996423721313477e-01,-4.529104044195264578e-04,-6.779105751775205135e-04,-3.890201041940599680e-04
3.456999063491821289e+00,4.139094948768615723e-01,4.871100902557373047e+00,9.999979734420776367e-01,-1.193874399177730083e-03,9.397538378834724426e-04,-1.329585560597479343e-03
4.523958206176757812e+00,6.863538742065429688e+00,9.238730669021606445e-01,9.999935030937194824e-01,2.912509022280573845e-03,-2.414415066596120596e-04,-2.138938754796981812e-03
3.087121248245239258e+00,3.535137414932250977e+00,6.166090965270996094e+00,9.999997615814208984e-01,-4.395690630190074444e-04,-4.719352000392973423e-04,-3.751525946427136660e-04
7.463321208953857422e+00,6.128829002380371094e+00,6.306837081909179688e+00,9.999999403953552246e-01,2.501549606677144766e-04,-3.615711175370961428e-04,1.016433961922302842e-04
6.441524982452392578e+00,3.922156333923339844e+00,9.271885156631469727e-01,9.999997019767761230e-01,-3.493061813060194254e-04,-2.559393178671598434e-04,-7.121769012883305550e-04
1.520912528038024902e+00,2.294397447258234024e-03,6.444340229034423828e+00,9.999858736991882324e-01,-1.804664731025695801e-03,4.384666681289672852e-03,-2.409034408628940582e-03
1.586122274398803711e+00,4.089385032653808594e+00,6.997696399688720703e+00,1.000000000000000000e+00,-1.222081482410430908e-04,3.246195556130260229e-04,1.022234282572753727e-04
6.253116130828857422e+00,7.383023738861083984e+00,5.976581573486328125e+00,9.999998807907104492e-01,1.730878138914704323e-04,5.732393474318087101e-04,2.966365718748420477e-05
8.058090806007385254e-01,3.505460262298583984e+00,4.851363658905029297e+00,1.000000000000000000e+00,-2.170802035834640265e-04,1.743686298141255975e-04,-2.889414026867598295e-04
4.253809928894042969e+00,7.300052165985107422e+00,5.564117431640625000e+00,9.999879002571105957e-01,2.697689225897192955e-03,3.539015073329210281e-03,-2.112983493134379387e-03
4.271678924560546875e-01,1.005699276924133301e+00,3.704017877578735352e+00,9.999943375587463379e-01,2.715195994824171066e-03,-1.068151439540088177e-03,-1.683806302025914192e-03
2.980416536331176758e+00,5.791674137115478516e+00,4.548769950866699219e+00,9.999995231628417969e-01,1.007193233817815781e-03,-2.360028738621622324e-04,-1.365822827210649848e-04
5.215178728103637695e-01,2.206887722015380859e+00,2.791366577148437500e+00,9.999971985816955566e-01,-2.391915069893002510e-03,1.018548937281593680e-04,-1.350614911643788218e-04
5.270347595214843750e+00,2.042248100042343140e-01,1.393869757652282715e+00,9.999981522560119629e-01,1.116048544645309448e-03,9.061879827640950680e-04,1.293878187425434589e-03
6.168656826019287109e+00,3.172758817672729492e+00,7.400143146514892578e+00,9.999994635581970215e-01,-8.769659325480461121e-04,-4.930554423481225967e-04,3.940226160921156406e-04
5.389265418052673340e-01,5.239058971405029297e+00,3.537808179855346680e+00,9.999995231628417969e-01,1.188329042633995414e-04,-7.840935140848159790e-04,7.027763058431446552e-04
1.326722949743270874e-01,5.081875324249267578e+00,5.868320465087890625e-01,9.999969601631164551e-01,1.992855221033096313e-03,1.379002002067863941e-03,-5.274361465126276016e-04
6.572598934173583984e+00,7.305460929870605469e+00,5.156138420104980469e+00,1.000000000000000000e+00,7.761279266560450196e-05,-1.393583515891805291e-04,2.064146792690735310e-05
5.046293735504150391e+00,5.526420116424560547e+00,6.510766506195068359e+00,1.000000000000000000e+00,-2.473061613272875547e-04,2.236561413155868649e-04,-3.078343870583921671e-04
6.300821781158447266e+00,1.364046454429626465e+00,2.781835012137889862e-02,9.999889731407165527e-01,2.988056512549519539e-03,-3.468700742814689875e-04,3.610468236729502678e-03
6.323537349700927734e+00,6.401697635650634766e+00,4.118373870849609375e+00,9.999961853027343750e-01,-1.603712211363017559e-03,-2.239317866042256355e-03,-2.564949681982398033e-04
3.076169252395629883e+00,2.087285995483398438e+00,3.149691820144653320e+00,9.999998807907104492e-01,-2.285241935169324279e-04,-3.632697553257457912e-05,5.132626392878592014e-04
5.731045246124267578e+00,1.801425695419311523e+00,4.778902530670166016e+00,9.999123215675354004e-01,-8.691383525729179382e-03,-9.900382719933986664e-03,1.353348372504115105e-03
1.097508668899536133e+00,3.043765783309936523e+00,9.769484996795654297e-01,9.999992847442626953e-01,-1.054228050634264946e-03,-5.767623079009354115e-04,3.169341653119772673e-04
6.139692783355712891e+00,1.743890047073364258e+00,6.350585460662841797e+00,1.000000000000000000e+00,-1.978389482246711850e-04,1.516256452305242419e-04,-1.707307674223557115e-04
7.136640071868896484e+00,8.890480967238545418e-04,5.120747089385986328e+00,9.999989867210388184e-01,2.885003050323575735e-04,-1.307926722802221775e-03,-4.371458780951797962e-04
5.194337368011474609e+00,5.907813072204589844e+00,1.596026301383972168e+00,1.000000000000000000e+00,-1.435136364307254553e-04,-1.606143487151712179e-04,-4.340268787927925587e-05
5.447945117950439453e+00,4.828934669494628906e+00,5.536209106445312500e+00,9.999998807907104492e-01,3.545887593645602465e-04,2.200939052272588015e-04,2.656575234141200781e-04
4.825091838836669922e+00,1.837886571884155273e+00,5.498157501220703125e+00,1.000000000000000000e+00,1.167396621895022690e-04,6.387430039467290044e-05,1.323565520578995347e-04
6.206588745117187500e+00,2.185025453567504883e+00,1.961250543594360352e+00,9.999997019767761230e-01,4.682059807237237692e-04,4.474590823519974947e-04,-5.895025096833705902e-04
9.858740568161010742e-01,5.982497692108154297e+00,6.940563201904296875e+00,9.999957084655761719e-01,2.299708547070622444e-03,1.828745240345597267e-03,1.854936708696186543e-04
1.808163672685623169e-01,3.079069852828979492e+00,5.602550029754638672e+00,9.999999403953552246e-01,-1.198289319290779531e-04,-2.579101419541984797e-04,2.476014196872711182e-04
6.336774230003356934e-01,2.818989515304565430e+00,5.708635330200195312e+00,9.999981522560119629e-01,-8.018376538529992104e-04,1.668024226091802120e-03,-6.090454407967627048e-04
1.185679793357849121e+00,6.492595195770263672e+00,6.708488464355468750e+00,9.999973177909851074e-01,-1.564354519359767437e-03,3.754717763513326645e-04,-1.658139284700155258e-03
2.339287281036376953e+00,2.028529882431030273e+00,7.404253959655761719e+00,1.000000000000000000e+00,-5.350884021027013659e-05,-2.633493277244269848e-04,-6.037712955730967224e-05
2.769289493560791016e+00,4.491849899291992188e+00,1.356397032737731934e+00,9.999999403953552246e-01,4.368055961094796658e-04,1.084462855942547321e-04,-1.142448672908358276e-04
1.804897546768188477e+00,6.736410617828369141e+00,6.728566646575927734e+00,9.999999403953552246e-01,-4.185133439023047686e-04,1.531082816654816270e-04,3.140593762509524822e-04
1.060231089591979980e+00,4.361151218414306641e+00,9.175699353218078613e-01,1.000000000000000000e+00,1.820275065256282687e-04,2.625864290166646242e-04,6.865275645395740867e-05
2.043752908706665039e+00,4.789903640747070312e+00,4.770695686340332031e+00,9.999863505363464355e-01,-2.915018005296587944e-03,5.227078218013048172e-04,-4.297039937227964401e-03
5.594955444335937500e+00,4.914338588714599609e+00,6.497822284698486328e+00,9.999293684959411621e-01,1.323660719208419323e-03,-9.308006614446640015e-03,-7.274958770722150803e-03
5.729953289031982422e+00,7.760728597640991211e-01,2.990141153335571289e+00,1.000000000000000000e+00,-1.769009941199328750e-05,-2.565711620263755322e-04,9.444898023502901196e-05
2.453986853361129761e-01,1.871478915214538574e+00,2.333622455596923828e+00,9.999836683273315430e-01,1.590778818354010582e-03,-4.862943605985492468e-04,5.466337315738201141e-03
6.863848209381103516e+00,3.188203573226928711e+00,3.052079916000366211e+00,1.000000000000000000e+00,-2.936044766101986170e-04,9.425235475646331906e-05,1.080756774172186852e-04
3.970181465148925781e+00,1.148178458213806152e+00,5.705052375793457031e+00,9.999977946281433105e-01,2.978875272674486041e-05,-1.341069350019097328e-03,1.634394167922437191e-03
4.358945846557617188e+00,5.823124647140502930e-01,1.335610151290893555e+00,9.999976158142089844e-01,-6.254718173295259476e-04,1.860441523604094982e-03,1.035779947414994240e-03
1.561922550201416016e+00,6.796849250793457031e+00,5.535838603973388672e+00,9.999989271163940430e-01,-1.130352684413082898e-04,-1.732364617055281997e-04,-1.438610372133553028e-03
4.969986438751220703e+00,2.286861181259155273e+00,6.542545318603515625e+00,1.000000000000000000e+00,3.526771033648401499e-04,-1.429732656106352806e-04,7.019395525276195258e-06
6.261038303375244141e+00,5.694612503051757812e+00,5.532666206359863281e+00,9.999709129333496094e-01,2.061764942482113838e-03,3.149958094581961632e-03,6.642566993832588196e-03
2.133885145187377930e+00,3.961022853851318359e+00,6.560403823852539062e+00,9.999884366989135742e-01,3.542656078934669495e-03,-3.031939035281538963e-03,1.166334841400384903e-03
6.290764808654785156e+00,4.928827762603759766e+00,1.322852253913879395e+00,9.999993443489074707e-01,-8.181595476344227791e-04,-6.264930707402527332e-04,-4.794699780177325010e-04
1.813337579369544983e-02,2.618599653244018555e+00,1.347001075744628906e+00,9.999684691429138184e-01,5.996944848448038101e-03,-2.338582882657647133e-03,-4.651555325835943222e-03
9.880636930465698242e-01,2.512605190277099609e+00,4.979290485382080078e+00,9.999892711639404297e-01,-4.386489745229482651e-03,-1.366607146337628365e-03,-6.890119402669370174e-04
1.127881765365600586e+00,4.670001506805419922e+00,7.384460926055908203e+00,9.999917745590209961e-01,-5.233483389019966125e-04,3.704186296090483665e-03,-1.569855492562055588e-03
5.301834106445312500e+00,6.007913112640380859e+00,3.974994897842407227e+00,9.999996423721313477e-01,1.199823600472882390e-04,-1.458542465115897357e-05,8.009721641428768635e-04
6.280323982238769531e+00,2.076019525527954102e+00,3.417638778686523438e+00,9.999995827674865723e-01,-4.354266857262700796e-04,-3.507410292513668537e-04,-8.165956824086606503e-04
3.192898273468017578e+00,1.634931683540344238e+00,4.687522888183593750e+00,9.999982714653015137e-01,8.050333126448094845e-04,6.667503621429204941e-04,1.571071334183216095e-03
3.952678203582763672e+00,2.157743692398071289e+00,2.114468336105346680e+00,1.000000000000000000e+00,-9.991614933824166656e-05,2.868779993150383234e-04,1.505558611825108528e-04
7.381141662597656250e+00,2.637751102447509766e+00,5.196418762207031250e+00,9.999997615814208984e-01,-2.943825384136289358e-04,-4.111101734451949596e-04,3.902485768776386976e-04
3.682217836380004883e+00,4.820675402879714966e-02,4.323294162750244141e+00,9.999998807907104492e-01,-5.406728014349937439e-04,1.936982735060155392e-04,-1.396612497046589851e-04
1.844075322151184082e+00,6.675868511199951172e+00,5.440320014953613281e+00,9.999980330467224121e-01,-3.755378420464694500e-04,-1.381754758767783642e-03,-1.380039495415985584e-03
7.010838031768798828e+00,7.446162700653076172e+00,2.999285221099853516e+00,9.999998807907104492e-01,-7.324496255023404956e-05,-3.447880226303823292e-05,5.458971718326210976e-04
2.807329416275024414e+00,1.796767473220825195e+00,5.050662517547607422e+00,9.999790191650390625e-01,5.395537707954645157e-03,3.401553258299827576e-03,-1.113451085984706879e-03
6.151659011840820312e+00,5.315945625305175781e+00,4.509425640106201172e+00,9.999995231628417969e-01,-1.384718489134684205e-04,9.104820783250033855e-04,-4.261518479324877262e-04
4.036581993103027344e+00,4.374426841735839844e+00,1.498531222343444824e+00,9.999974370002746582e-01,-1.964235678315162659e-03,1.147769391536712646e-03,-2.824267721734941006e-04
5.126649737358093262e-01,3.171945810317993164e-01,5.628408432006835938e+00,9.999998807907104492e-01,3.488126967567950487e-04,2.209290687460452318e-04,4.007236566394567490e-04
5.969455242156982422e+00,5.914890766143798828e+00,4.296623229980468750e+00,9.999979734420776367e-01,4.020223277620971203e-04,-7.731934892944991589e-04,1.856635208241641521e-03
6.062756538391113281e+00,1.880362987518310547e+00,3.219512939453125000e+00,9.999986290931701660e-01,-3.701230161823332310e-04,-8.735573501326143742e-04,-1.382358255796134472e-03
5.274104595184326172e+00,6.371953964233398438e+00,3.707427501678466797e+00,9.999218583106994629e-01,-9.224380366504192352e-03,2.425725106149911880e-03,8.078610524535179138e-03
2.439167737960815430e+00,4.949221611022949219e+00,2.542500495910644531e+00,9.999999403953552246e-01,-2.508680045139044523e-04,2.709669643081724644e-04,2.788997371681034565e-04
5.031065940856933594e+00,5.111944198608398438e+00,4.011025905609130859e+00,9.999980926513671875e-01,-5.196446727495640516e-05,1.927962410263717175e-03,4.320511943660676479e-04
4.477348327636718750e-01,5.879523754119873047e+00,1.241855025291442871e+00,9.999933838844299316e-01,1.938298111781477928e-03,3.090990241616964340e-03,2.021930704358965158e-04
2.181813001632690430e+00,9.958003759384155273e-01,3.780425310134887695e+00,9.999999403953552246e-01,3.768094175029546022e-04,-3.135521255899220705e-04,9.856426186161115766e-05
4.076210856437683105e-01,6.328832149505615234e+00,4.162989854812622070e-01,9.999994635581970215e-01,-5.664450000040233135e-04,8.947403402999043465e-04,2.629618975333869457e-04
2.439052581787109375e+00,2.755438804626464844e+00,6.551587104797363281e+00,1.000000000000000000e+00,2.144253667211160064e-04,1.426578091923147440e-04,6.980629405006766319e-05
2.164638191461563110e-01,1.318330526351928711e+00,5.496471405029296875e+00,9.999986886978149414e-01,-1.374131068587303162e-03,3.033504472114145756e-04,-8.008514996618032455e-04
1.924505472183227539e+00,6.459252357482910156e+00,1.645591735839843750e+00,9.999974370002746582e-01,-1.016403897665441036e-03,-1.446960377506911755e-03,1.424678717739880085e-03
5.442490100860595703e+00,3.767393529415130615e-01,4.299449443817138672e+00,9.999959468841552734e-01,1.510220929048955441e-03,-2.111037960276007652e-03,1.194443088024854660e-03
1.503542661666870117e+00,3.230379343032836914e+00,7.702310681343078613e-01,9.999963045120239258e-01,9.175278828479349613e-04,2.325633307918906212e-03,-1.033343956805765629e-03
2.970995426177978516e+00,4.009826660156250000e+00,2.334530651569366455e-01,1.000000000000000000e+00,2.451724722050130367e-04,-1.025053352350369096e-04,-2.331914292881265283e-04
2.102092981338500977e+00,2.786001920700073242e+00,5.954947948455810547e+00,1.000000000000000000e+00,-3.946266078855842352e-04,1.531048328615725040e-04,6.745778955519199371e-05
1.318765729665756226e-01,1.749874591827392578e+00,1.627519488334655762e+00,9.999996423721313477e-01,-5.503983702510595322e-04,-7.007567910477519035e-04,3.591078348108567297e-05
6.600692272186279297e+00,4.633484363555908203e+00,6.424554824829101562e+00,1.000000000000000000e+00,8.892974437912926078e-05,-1.838504686020314693e-04,-2.556863182689994574e-04
1.144150614738464355e+00,5.217407703399658203e+00,3.228637695312500000e+00,9.999996423721313477e-01,-7.732518715783953667e-04,2.313636941835284233e-04,-4.452765278983861208e-04
6.688971519470214844e+00,4.671816349029541016e+00,1.421131193637847900e-01,9.999998807907104492e-01,-3.511973773129284382e-04,-1.550598826725035906e-04,-4.496397450566291809e-04
6.043022632598876953e+00,6.986396789550781250e+00,6.487941741943359375e+00,1.000000000000000000e+00,2.585500769782811403e-04,-1.293676759814843535e-04,1.390276447637006640e-04
3.603005886077880859e+00,4.672683715820312500e+00,7.266977787017822266e+00,9.999983906745910645e-01,9.915285045281052589e-04,1.452865544706583023e-03,-3.097031440120190382e-04
3.010292530059814453e+00,4.640440940856933594e+00,6.382472038269042969e+00,1.000000000000000000e+00,-2.919564140029251575e-04,-9.736801439430564642e-05,-2.817278073052875698e-05
4.931877613067626953e+00,4.334311962127685547e+00,7.268483638763427734e+00,9.999620914459228516e-01,-1.495125907240435481e-04,-1.547653460875153542e-03,8.570744656026363373e-03
1.106903076171875000e+00,6.593536853790283203e+00,3.571923494338989258e+00,9.999997615814208984e-01,-5.051640328019857407e-04,1.360921305604279041e-04,5.709688412025570869e-04
1.884596228599548340e+00,4.564139366149902344e+00,3.716853260993957520e-01,9.999990463256835938e-01,-6.176324095577001572e-04,-9.037710842676460743e-04,9.258768404833972454e-04
7.026563644409179688e+00,3.640156507492065430e+00,1.336669921875000000e+00,9.999998807907104492e-01,3.249470682931132615e-05,-1.058566249412251636e-05,-5.511114140972495079e-04
6.053390026092529297e+00,4.530975341796875000e+00,4.786342620849609375e+00,9.999985694885253906e-01,-7.424834766425192356e-04,7.538524223491549492e-04,1.340173534117639065e-03
2.169985622167587280e-01,2.792084217071533203e+00,4.310805320739746094e+00,9.999892711639404297e-01,9.785293514141812921e-05,4.534599371254444122e-03,9.530669776722788811e-04
5.505639076232910156e+00,6.932896137237548828e+00,6.227449417114257812e+00,1.000000000000000000e+00,1.738711434882134199e-04,-1.524555846117436886e-04,3.275184135418385267e-04
7.295588016510009766e+00,1.505290269851684570e+00,3.760814666748046875e-01,9.999889731407165527e-01,3.452759236097335815e-03,2.619713079184293747e-03,-1.857875264249742031e-03
9.012560844421386719e-01,4.276105403900146484e+00,2.295478105545043945e+00,9.999998211860656738e-01,-1.973025209736078978e-04,-5.004551494494080544e-04,-4.306948976591229439e-04
5.924531936645507812e+00,3.611153364181518555e+00,5.596871852874755859e+00,9.999967217445373535e-01,7.658731192350387573e-04,-2.280597342178225517e-03,8.803315577097237110e-04
4.963030338287353516e+00,3.548341989517211914e+00,1.368124723434448242e+00,9.999990463256835938e-01,8.548672194592654705e-04,-1.308938808506354690e-04,1.147790462709963322e-03
5.720621585845947266e+00,3.606986761093139648e+00,6.499944686889648438e+00,1.000000000000000000e+00,1.731675438350066543e-04,6.139004835858941078e-05,-1.916935434564948082e-05
4.570975780487060547e+00,4.897785782814025879e-01,2.537888288497924805e+00,9.999997019767761230e-01,-4.183841228950768709e-04,7.051556021906435490e-04,1.169706665677949786e-04
3.661785602569580078e+00,3.463821649551391602e+00,1.895357966423034668e+00,9.999958276748657227e-01,2.127212705090641975e-03,-1.565847429446876049e-03,-1.222085207700729370e-03
3.032992184162139893e-01,2.479780912399291992e+00,4.327667713165283203e+00,9.999643564224243164e-01,-3.674396779388189316e-03,3.444279078394174576e-03,6.777439732104539871e-03
3.641974925994873047e+00,6.989380717277526855e-01,1.425379872322082520e+00,1.000000000000000000e+00,-2.754040178842842579e-04,-1.831576228141784668e-04,1.786892098607495427e-04
3.742454767227172852e+00,3.809431314468383789e+00,5.352478504180908203e+00,9.999992251396179199e-01,1.221103826537728310e-03,-2.355385222472250462e-04,-3.679530345834791660e-04
4.991398811340332031e+00,5.407244205474853516e+00,1.525753021240234375e+00,1.000000000000000000e+00,7.630048457940574735e-06,1.317438602654874558e-07,-2.092542272293940187e-04
6.498425006866455078e+00,6.253855705261230469e+00,3.501319169998168945e+00,1.000000000000000000e+00,-4.784363045473583043e-05,-1.694073944236151874e-05,6.432311056414619088e-05
6.448489427566528320e-01,2.795534133911132812e+00,3.234548091888427734e+00,9.998126029968261719e-01,1.842640154063701630e-02,-5.013146437704563141e-03,3.183891763910651207e-03
7.018777847290039062e+00,3.541179895401000977e+00,4.799658298492431641e+00,9.999448060989379883e-01,-1.214465592056512833e-03,2.629541268106549978e-04,1.043432857841253281e-02
6.843188762664794922e+00,3.848723649978637695e+00,2.708281278610229492e-01,9.999999403953552246e-01,9.214796591550111771e-05,-5.285953011480160058e-05,-4.731341323349624872e-04
5.992941856384277344e+00,1.176794648170471191e+00,7.048300743103027344e+00,9.999997019767761230e-01,5.757003673352301121e-04,-5.618049763143062592e-04,1.014027511700987816e-04
1.687372088432312012e+00,3.512927293777465820e+00,6.256991863250732422e+00,9.999995231628417969e-01,-4.903383087366819382e-04,6.289057200774550438e-04,-6.129039102233946323e-04
1.695179045200347900e-01,2.840919494628906250e+00,4.973048686981201172e+00,9.999961853027343750e-01,2.184166442020796239e-05,-2.203596057370305061e-03,1.684866147115826607e-03
1.271372795104980469e+00,6.456797122955322266e+00,1.691675662994384766e+00,9.999973177909851074e-01,-1.275761984288692474e-03,1.333369407802820206e-03,-1.430411706678569317e-03
4.844834804534912109e+00,2.449409008026123047e+00,4.005908489227294922e+00,9.999998807907104492e-01,-4.252878716215491295e-04,3.630877763498574495e-04,-2.204172633355483413e-04
5.779328346252441406e+00,6.542370796203613281e+00,6.266617774963378906e+00,9.999998211860656738e-01,1.403947389917448163e-04,5.642084870487451553e-04,3.268036525696516037e-04
2.881370306015014648e+00,6.749116420745849609e+00,1.758707404136657715e+00,9.999999403953552246e-01,-2.740722557064145803e-04,-3.155607846565544605e-04,-6.572582606167998165e-06
7.514974474906921387e-01,4.833064556121826172e+00,2.507184028625488281e+00,9.999981522560119629e-01,1.713424804620444775e-03,-7.930326974019408226e-04,-2.764736418612301350e-04
9.579621553421020508e-01,4.419551849365234375e+00,6.430837631225585938e+00,9.999987483024597168e-01,2.075311640510335565e-04,1.597033697180449963e-03,-3.594230802264064550e-04
6.029166698455810547e+00,7.092565536499023438e+00,5.375498294830322266e+00,9.999998807907104492e-01,-9.087649959838017821e-05,5.504610599018633366e-04,9.257483179681003094e-05
1.206578969955444336e+00,4.259621620178222656e+00,5.988253355026245117e-01,9.999999403953552246e-01,-2.361283695790916681e-04,-3.847991756629198790e-04,-1.305815967498347163e-04
5.547625541687011719e+00,6.554194450378417969e+00,3.053380489349365234e+00,9.999952912330627441e-01,-1.570108812302350998e-03,-7.295862305909395218e-04,2.547272713854908943e-03
5.425889015197753906e+00,2.251597642898559570e+00,4.468667984008789062e+00,9.999998211860656738e-01,-6.486258935183286667e-04,2.970085188280791044e-04,2.099551056744530797e-04
2.959038972854614258e+00,4.451738670468330383e-02,6.028474330902099609e+00,9.999953508377075195e-01,2.998908981680870056e-03,-6.394878728315234184e-04,7.138667569961398840e-05
6.556901454925537109e+00,2.247053146362304688e+00,2.479561805725097656e+00,9.999876618385314941e-01,1.702671637758612633e-03,1.620939117856323719e-03,-4.377807956188917160e-03
5.299004554748535156e+00,4.716468751430511475e-01,4.721131801605224609e+00,9.999092817306518555e-01,-1.101925037801265717e-02,7.655034307390451431e-03,1.246117404662072659e-03
3.997729539871215820e+00,3.053599357604980469e+00,6.306504249572753906e+00,9.998626112937927246e-01,-1.112357806414365768e-02,-1.229174807667732239e-02,-1.484871318098157644e-04
2.799936771392822266e+00,2.210685491561889648e+00,6.605279445648193359e+00,9.999999403953552246e-01,1.751733361743390560e-04,5.082082352600991726e-04,5.830610098200850189e-05
3.535419225692749023e+00,6.389858126640319824e-01,1.919871926307678223e+00,1.000000000000000000e+00,-7.342882599914446473e-05,-1.797147415345534682e-04,-2.041095576714724302e-04
5.708970069885253906e+00,1.168937563896179199e+00,1.933780670166015625e+00,9.999691843986511230e-01,3.458675462752580643e-03,3.703312017023563385e-03,-6.002649664878845215e-03
8.806794881820678711e-01,2.857597470283508301e-01,4.141801357269287109e+00,9.999995231628417969e-01,-1.613949643797241151e-05,9.867548942565917969e-04,3.072202962357550859e-04
3.144065856933593750e+00,1.930440306663513184e+00,5.305818557739257812e+00,9.999828934669494629e-01,-3.626493504270911217e-03,-1.073532388545572758e-03,4.479982890188694000e-03
1.211505174636840820e+00,1.387753486633300781e-01,7.165822505950927734e+00,1.000000000000000000e+00,1.226785534527152777e-04,-9.458320164412725717e-06,-3.456481208559125662e-04
2.017112970352172852e+00,2.411047220230102539e+00,5.346743106842041016e+00,9.999998807907104492e-01,6.408031913451850414e-05,-5.291862762533128262e-04,-2.801439841277897358e-04
6.033803462982177734e+00,1.920508623123168945e+00,1.733885645866394043e+00,9.999997019767761230e-01,3.478182406979613006e-05,3.449799842201173306e-04,-7.409207173623144627e-04
2.378421545028686523e+00,3.341373920440673828e+00,1.392772078514099121e+00,9.999970197677612305e-01,7.011145935393869877e-04,-2.162167569622397423e-03,-9.900166187435388565e-04
3.379014968872070312e+00,5.221972942352294922e+00,3.891894817352294922e+00,1.000000000000000000e+00,-1.706454495433717966e-04,2.278342253703158349e-05,2.593620738480240107e-04
6.480812430381774902e-01,2.089770317077636719e+00,3.896821498870849609e+00,9.999998211860656738e-01,7.261440623551607132e-05,4.483121447265148163e-04,-5.190376541577279568e-04
4.530309200286865234e+00,3.531086206436157227e+00,4.961397171020507812e+00,9.999994635581970215e-01,7.961349911056458950e-04,-7.013257127255201340e-04,3.085532225668430328e-04
2.211219072341918945e-01,5.083134651184082031e+00,1.369305402040481567e-01,9.999497532844543457e-01,4.352631978690624237e-03,-6.700956262648105621e-03,6.058467086404561996e-03
7.381286621093750000e+00,4.410306453704833984e+00,4.218039989471435547e+00,9.999996423721313477e-01,3.429986536502838135e-04,-5.652791587635874748e-04,6.657788762822747231e-04
3.108108758926391602e+00,1.218155547976493835e-01,5.380923151969909668e-01,9.999868273735046387e-01,-2.227417426183819771e-03,-3.583704587072134018e-03,2.947878325358033180e-03
7.377004623413085938e+00,5.136948108673095703e+00,4.288934230804443359e+00,9.999999403953552246e-01,4.285856557544320822e-04,-9.430525096831843257e-06,1.465435780119150877e-04
6.002049922943115234e+00,1.635342955589294434e+00,4.724385261535644531e+00,9.999210834503173828e-01,-7.654600311070680618e-03,-9.964890778064727783e-03,-5.950704507995396852e-05
1.906017899513244629e+00,4.679181098937988281e+00,5.327505111694335938e+00,9.999990463256835938e-01,3.538221644703298807e-04,1.333017833530902863e-03,-1.692089281277731061e-04
5.982975482940673828e+00,5.671010017395019531e+00,3.530628979206085205e-01,9.998855590820312500e-01,-3.267562249675393105e-03,3.221703460440039635e-03,1.441759523004293442e-02
1.220688700675964355e+00,1.691649556159973145e+00,2.933536767959594727e+00,9.999997019767761230e-01,-6.344376597553491592e-04,-8.248895028373226523e-05,-5.126101896166801453e-04
4.734017372131347656e+00,3.531342267990112305e+00,6.589495658874511719e+00,1.000000000000000000e+00,-1.346913632005453110e-04,-2.445566933602094650e-04,1.077285342034883797e-04
1.049203991889953613e+00,8.825682401657104492e-01,6.253073215484619141e+00,9.999991059303283691e-01,-8.742746431380510330e-04,-1.021542702801525593e-03,-2.606194175314158201e-04
1.506835699081420898e+00,2.368337869644165039e+00,6.953281402587890625e+00,9.998607039451599121e-01,5.888604559004306793e-03,9.774437174201011658e-03,-1.218566298484802246e-02
6.202759265899658203e+00,2.241990804672241211e+00,8.261850476264953613e-01,9.999995231628417969e-01,-5.672008846886456013e-04,2.880047250073403120e-04,-8.530340855941176414e-04
2.705588340759277344e+00,5.816269397735595703e+00,3.363186836242675781e+00,9.999998807907104492e-01,-5.216056888457387686e-05,-9.768874588189646602e-05,5.805627442896366119e-04
6.837038040161132812e+00,5.673091888427734375e+00,1.028278946876525879e+00,9.999996423721313477e-01,-4.996142815798521042e-04,-4.473969165701419115e-04,6.526898941956460476e-04
3.187260150909423828e+00,5.070165157318115234e+00,1.853705406188964844e+00,9.999774098396301270e-01,3.573888679966330528e-03,4.103099461644887924e-03,3.949781414121389389e-03
2.744431018829345703e+00,2.045535087585449219e+00,4.857449531555175781e+00,9.999534487724304199e-01,6.317153573036193848e-03,6.164759863168001175e-03,-3.913661930710077286e-03
3.017873048782348633e+00,4.989819526672363281e+00,3.134267807006835938e+00,1.000000000000000000e+00,-3.704211485455743968e-05,4.296398765291087329e-05,3.022306191269308329e-04
6.705842018127441406e+00,7.755126953125000000e-01,5.801007270812988281e+00,9.999967813491821289e-01,-1.969213597476482391e-03,1.301344833336770535e-03,-9.725362760946154594e-04
4.641375064849853516e+00,6.875429153442382812e+00,3.291444480419158936e-01,9.999953508377075195e-01,2.859596628695726395e-03,1.718038402032107115e-05,-1.139121013693511486e-03
5.634007930755615234e+00,8.739162683486938477e-01,5.592184543609619141e+00,9.999964237213134766e-01,-1.814712071791291237e-03,1.731130061671137810e-03,9.785394649952650070e-04
2.718313217163085938e+00,3.027814865112304688e+00,3.781592607498168945e+00,9.999963641166687012e-01,-1.764123298926278949e-04,-1.454408979043364525e-03,2.285227878019213676e-03
2.555145740509033203e+00,2.672628164291381836e+00,4.941751480102539062e+00,9.999958276748657227e-01,2.172794425860047340e-03,3.481118765193969011e-04,1.865617581643164158e-03
6.707548141479492188e+00,4.171284675598144531e+00,5.504357814788818359e+00,9.999922513961791992e-01,9.434123057872056961e-04,1.927961246110498905e-03,3.304871497675776482e-03
1.204193234443664551e+00,5.139914751052856445e-01,7.054515361785888672e+00,9.999934434890747070e-01,-1.062927276507252827e-05,-2.853246871381998062e-03,-2.242546528577804565e-03
5.831715583801269531e+00,3.885265588760375977e+00,7.475841522216796875e+00,9.999924898147583008e-01,-8.812678861431777477e-04,3.533077542670071125e-04,-3.778074868023395538e-03
1.645164489746093750e+00,4.176922321319580078e+00,1.087143421173095703e+00,9.999998807907104492e-01,3.604139201343059540e-04,4.576270293910056353e-04,2.182105672545731068e-04
6.778586387634277344e+00,5.550199985504150391e+00,3.068620920181274414e+00,9.999907016754150391e-01,-4.044408444315195084e-03,-1.368578872643411160e-03,-7.067641126923263073e-04
1.356997847557067871e+00,4.734980583190917969e+00,3.175748825073242188e+00,1.000000000000000000e+00,-1.904792443383485079e-04,-3.660533693619072437e-04,5.054533539805561304e-05
7.001078128814697266e+00,2.838872432708740234e+00,1.386671304702758789e+00,9.998311400413513184e-01,-3.587606130167841911e-03,-6.826285272836685181e-03,-1.668506674468517303e-02
1.631782531738281250e+00,6.100911140441894531e+00,2.319961786270141602e+00,1.000000000000000000e+00,3.177663020323961973e-04,1.506791249994421378e-05,2.641206956468522549e-04
4.272402286529541016e+00,8.323709368705749512e-01,4.247811317443847656e+00,9.999884366989135742e-01,2.974359318614006042e-03,-1.648964127525687218e-03,3.416427178308367729e-03
5.091860771179199219e+00,3.757784366607666016e+00,4.379849910736083984e+00,9.999999403953552246e-01,-1.318553986493498087e-04,3.472478420007973909e-04,2.613847318571060896e-04
2.196292161941528320e+00,5.752787113189697266e+00,4.127519130706787109e+00,9.999982118606567383e-01,1.151973148807883263e-03,-3.315584035590291023e-04,-1.509825000539422035e-03
6.795355796813964844e+00,2.510831117630004883e+00,4.905764102935791016e+00,9.999933838844299316e-01,2.148276835214346647e-04,-3.471579402685165405e-04,-3.628007369115948677e-03
6.258429050445556641e+00,4.957007408142089844e+00,5.677535057067871094e+00,9.999991059303283691e-01,-3.400703135412186384e-04,8.501294068992137909e-04,1.062371651642024517e-03
5.246312618255615234e+00,4.626746177673339844e+00,6.924627423286437988e-01,9.999987483024597168e-01,1.385412877425551414e-03,-4.439340264070779085e-04,6.970551330596208572e-04
3.463914394378662109e+00,2.751075267791748047e+00,7.380768299102783203e+00,9.999998211860656738e-01,-1.626912271603941917e-04,-5.423767725005745888e-04,1.826251100283116102e-04
5.183502659201622009e-02,2.430210828781127930e+00,6.956828594207763672e+00,1.000000000000000000e+00,3.189591225236654282e-04,6.873618258396163583e-05,-2.325060813745949417e-05
1.069503426551818848e+00,2.966425657272338867e+00,6.200851917266845703e+00,9.999998807907104492e-01,-3.386234457138925791e-04,-3.673137325677089393e-05,-5.355706089176237583e-04
3.935525417327880859e+00,6.793418884277343750e+00,6.856237888336181641e+00,9.999994635581970215e-01,-8.376414771191775799e-04,-5.730835837312042713e-04,-3.804466105066239834e-04
5.782941341400146484e+00,3.309685707092285156e+00,5.103046417236328125e+00,1.000000000000000000e+00,-8.740109478821977973e-05,2.470313629601150751e-04,-1.113730686483904719e-04
8.540806174278259277e-01,3.585466146469116211e+00,5.757689952850341797e+00,9.999997019767761230e-01,-5.609003710560500622e-04,4.487380501814186573e-04,-4.328535869717597961e-04
5.552691817283630371e-01,3.578501641750335693e-01,2.686716616153717041e-01,9.999991655349731445e-01,3.157295213895849884e-05,-1.230215420946478844e-03,4.082527884747833014e-04
4.765846252441406250e+00,2.643392562866210938e+00,6.270106315612792969e+00,1.000000000000000000e+00,-3.505763743305578828e-05,2.355026663281023502e-04,1.837812742451205850e-04
4.120414257049560547e+00,2.349786907434463501e-01,6.522790431976318359e+00,9.999993443489074707e-01,9.225357207469642162e-04,7.182130502769723535e-05,-6.338592502288520336e-04
1.794456005096435547e+00,6.272790431976318359e+00,3.035848855972290039e+00,1.000000000000000000e+00,1.128095900639891624e-04,-4.906758476863615215e-05,2.033144301094580442e-05
4.643155336380004883e-01,6.798309803009033203e+00,2.313511610031127930e+00,9.999727010726928711e-01,-3.145784372463822365e-03,-3.067325334995985031e-03,5.943851545453071594e-03
5.118422031402587891e+00,6.206317901611328125e+00,7.799959778785705566e-01,9.999415278434753418e-01,-1.447128364816308022e-03,-4.921268555335700512e-04,1.071178913116455078e-02
7.063007831573486328e+00,2.543122768402099609e+00,2.071915388107299805e+00,1.000000000000000000e+00,-2.014503406826406717e-04,1.981474342755973339e-04,-2.128230407834053040e-04
3.408147573471069336e+00,6.629942893981933594e+00,4.314343929290771484e+00,9.999971389770507812e-01,3.406802425161004066e-04,2.189394086599349976e-03,-9.068428771570324898e-04
7.728199362754821777e-01,4.807196930050849915e-02,5.364449501037597656e+00,9.999808073043823242e-01,-1.721623448247555643e-05,5.511451512575149536e-03,2.857439685612916946e-03
2.593124866485595703e+00,3.993726491928100586e+00,1.139480113983154297e+00,9.999999403953552246e-01,-1.097766580642201006e-04,-3.522980841808021069e-04,-3.393556398805230856e-04
4.322403907775878906e+00,4.673897266387939453e+00,6.628155231475830078e+00,9.999994635581970215e-01,6.309665041044354439e-04,-7.020634948275983334e-04,4.783090553246438503e-04
2.476423501968383789e+00,4.496780395507812500e+00,6.609896183013916016e+00,9.999993443489074707e-01,-8.498098468407988548e-04,4.367410147096961737e-04,-7.013838621787726879e-04
2.307717323303222656e+00,5.342319488525390625e+00,5.613735675811767578e+00,1.000000000000000000e+00,3.335639776196330786e-04,7.458758045686408877e-05,-1.851349952630698681e-04
3.085861504077911377e-01,7.578851580619812012e-01,6.779049634933471680e-01,9.999995231628417969e-01,6.584418006241321564e-04,8.003818220458924770e-04,-5.657358633470721543e-05
1.692925095558166504e+00,1.719393491744995117e+00,4.094416618347167969e+00,1.000000000000000000e+00,-6.622027285629883409e-05,1.580523530719801784e-04,3.603439472499303520e-05
5.787610530853271484e+00,6.201459884643554688e+00,3.931659936904907227e+00,9.999993443489074707e-01,-7.707914919592440128e-04,2.765837125480175018e-04,8.967267349362373352e-04
5.924481391906738281e+00,3.231949567794799805e+00,1.572926521301269531e+00,1.000000000000000000e+00,7.304508471861481667e-05,-3.930744715034961700e-04,-7.840191392460837960e-05
6.125369668006896973e-01,5.077551841735839844e+00,2.682264804840087891e+00,9.999957680702209473e-01,2.362444764003157616e-03,-7.886324310675263405e-04,-1.557372394017875195e-03
5.064036369323730469e+00,4.629191875457763672e+00,4.311472892761230469e+00,9.999941587448120117e-01,-2.077333629131317139e-03,-1.577556831762194633e-04,-2.732468768954277039e-03
4.214546456933021545e-02,3.655651330947875977e+00,5.435420036315917969e+00,9.999993443489074707e-01,-8.343422668986022472e-04,8.813535678200423717e-04,6.596798630198463798e-05
4.467316627502441406e+00,6.791272163391113281e-01,3.644432544708251953e+00,9.999010562896728516e-01,-7.124559022486209869e-03,2.837684703990817070e-03,-1.179329585283994675e-02
3.659452795982360840e-01,5.841242313385009766e+00,4.206879615783691406e+00,1.000000000000000000e+00,1.426430972060188651e-04,1.387366773997200653e-05,3.114095079581602477e-06
3.136666536331176758e+00,4.454770565032958984e+00,7.432899951934814453e+00,9.999997019767761230e-01,-4.553536709863692522e-04,1.616317022126168013e-04,-6.826848839409649372e-04
1.290390491485595703e+00,1.505177378654479980e+00,5.037752628326416016e+00,9.999854564666748047e-01,5.021900404244661331e-03,7.628558669239282608e-04,1.820867415517568588e-03
1.054814934730529785e+00,3.948637962341308594e+00,9.045559167861938477e-01,9.999980926513671875e-01,1.411755220033228397e-03,9.299733210355043411e-04,-9.533114498481154442e-04
4.015303611755371094e+00,3.883105039596557617e+00,6.352236747741699219e+00,9.999950528144836426e-01,-2.439018571749329567e-03,-1.056396402418613434e-03,-1.674299011938273907e-03
2.814658218994736671e-03,5.079119682312011719e+00,5.609222888946533203e+00,9.999989867210388184e-01,-8.096635574474930763e-04,8.615864207968115807e-04,-7.747702184133231640e-04
3.035348653793334961e+00,4.074642658233642578e+00,1.055020332336425781e+00,1.000000000000000000e+00,2.113921218551695347e-04,-4.892891956842504442e-05,-3.436344850342720747e-04
7.074364662170410156e+00,2.285866141319274902e-01,2.639616489410400391e+00,9.999999403953552246e-01,-4.229880869388580322e-04,-5.119238994666375220e-05,2.595580590423196554e-04
4.775245189666748047e+00,1.515285968780517578e+00,5.950269699096679688e+00,1.000000000000000000e+00,1.360827300231903791e-04,1.729489449644461274e-04,1.792102921172045171e-05
1.609959602355957031e+00,6.783455371856689453e+00,1.741833209991455078e+00,9.998230338096618652e-01,-1.638956740498542786e-02,-8.285584859549999237e-03,4.075817763805389404e-03
3.053368806838989258e+00,1.628091096878051758e+00,6.680503845214843750e+00,9.999999403953552246e-01,5.452506229630671442e-05,4.606640140991657972e-04,1.781011997081805021e-05
6.528782367706298828e+00,4.844802379608154297e+00,8.477744460105895996e-01,9.999995827674865723e-01,7.792653195792809129e-05,-6.620722124353051186e-04,-7.439746404998004436e-04
6.914126873016357422e+00,1.531875729560852051e+00,3.410378932952880859e+00,9.999998211860656738e-01,-1.534708426333963871e-04,2.199356094934046268e-04,-6.179644842632114887e-04
1.173013091087341309e+00,1.854043841361999512e+00,6.483781814575195312e+00,9.999946355819702148e-01,-2.669762470759451389e-04,-3.273184876888990402e-03,-9.436129403184168041e-06
1.026401638984680176e+00,2.174715042114257812e+00,2.071113109588623047e+00,1.000000000000000000e+00,-3.275928320363163948e-04,-1.798819575924426317e-04,-1.482204970670863986e-04
5.793727874755859375e+00,4.994799137115478516e+00,6.108245849609375000e+00,9.999963641166687012e-01,-1.483870291849598289e-04,2.586224814876914024e-03,7.996780332177877426e-04
2.379976034164428711e+00,3.982442855834960938e+00,2.224873304367065430e+00,9.999998807907104492e-01,-6.814614607719704509e-05,1.821898622438311577e-04,-5.292028654366731644e-04
6.683525085449218750e+00,6.095741987228393555e-01,3.025635004043579102e+00,9.999998211860656738e-01,4.246690368745476007e-04,-4.118389333598315716e-04,2.525569871068000793e-04
6.263854980468750000e+00,3.631696939468383789e+00,1.419730484485626221e-01,9.999966025352478027e-01,5.308358813636004925e-04,-2.283730544149875641e-03,-1.154102385044097900e-03
2.766044855117797852e+00,2.078418016433715820e+00,5.369655609130859375e+00,9.999641776084899902e-01,-8.381310850381851196e-03,-1.162146916612982750e-03,-1.849361724453046918e-04
4.926537990570068359e+00,7.494725227355957031e+00,7.173562645912170410e-01,9.999997615814208984e-01,-5.062362761236727238e-04,-1.178782258648425341e-04,5.522760329768061638e-04
3.503042936325073242e+00,3.575683832168579102e-01,5.275991439819335938e+00,9.999998211860656738e-01,-6.479306612163782120e-04,-1.431118289474397898e-04,-8.298051398014649749e-05
1.124034881591796875e+00,5.596536636352539062e+00,8.182309269905090332e-01,9.999982714653015137e-01,-6.148240208858624101e-05,-4.517074266914278269e-04,1.834209891967475414e-03
2.290517568588256836e+00,5.637571334838867188e+00,5.318341732025146484e+00,9.999998211860656738e-01,6.388243054971098900e-04,-2.436870090605225414e-05,-2.189012884628027678e-04
4.437035560607910156e+00,4.861315727233886719e+00,6.256804943084716797e+00,9.999990463256835938e-01,-1.162037136964499950e-03,-5.848130094818770885e-04,4.692310176324099302e-04
5.911278724670410156e+00,4.540402412414550781e+00,1.245622754096984863e+00,9.999967813491821289e-01,1.052729086950421333e-03,-2.055951626971364021e-03,-1.055741915479302406e-03
6.824231147766113281e+00,3.795559406280517578e+00,4.837378025054931641e+00,9.998406171798706055e-01,5.094602704048156738e-03,-2.853087382391095161e-03,1.687513850629329681e-02
4.453524589538574219e+00,3.698061943054199219e+00,5.341721534729003906e+00,9.999996423721313477e-01,8.680441533215343952e-04,-2.437759540043771267e-04,2.085531195916701108e-05
2.769489049911499023e+00,6.010153770446777344e+00,4.099572658538818359e+00,9.999931454658508301e-01,-2.137217903509736061e-03,1.015766290947794914e-03,2.848797943443059921e-03
4.883461892604827881e-01,2.011395394802093506e-01,6.931794285774230957e-01,9.999981522560119629e-01,2.897743252106010914e-04,8.813759195618331432e-04,1.719260471872985363e-03
4.461285114288330078e+00,5.709225654602050781e+00,5.253180027008056641e+00,9.999998807907104492e-01,-4.288106574676930904e-04,3.909680526703596115e-04,-3.022057899215724319e-05
6.882575988769531250e+00,3.553035259246826172e+00,3.405429840087890625e+00,1.000000000000000000e+00,-2.879159001167863607e-04,1.001445780275389552e-04,-1.752185562509112060e-05
3.523378849029541016e+00,2.368693828582763672e+00,4.092790126800537109e+00,9.999999403953552246e-01,-1.635472435737028718e-04,-4.316033446229994297e-04,-5.129760029376484454e-05
5.753893375396728516e+00,3.070832967758178711e+00,2.853940486907958984e+00,9.999996423721313477e-01,-5.660265451297163963e-04,-3.724805719684809446e-05,7.064086385071277618e-04
7.082381725311279297e+00,2.971292972564697266e+00,1.738504767417907715e+00,9.999973177909851074e-01,-1.285658334381878376e-03,-1.799583667889237404e-03,7.321657612919807434e-04
6.147237777709960938e+00,5.392788887023925781e+00,5.023274421691894531e+00,9.999706149101257324e-01,2.021634019911289215e-03,-3.758592065423727036e-03,6.371140014380216599e-03
1.377718597650527954e-01,6.334630966186523438e+00,3.855013847351074219e+00,9.999998211860656738e-01,5.445566785056143999e-05,-5.808412097394466400e-04,-2.951808855868875980e-04
1.968261837959289551e+00,7.280174493789672852e-01,2.716822385787963867e+00,9.999963641166687012e-01,-4.535301995929330587e-04,-1.319253584370017052e-03,-2.310490701347589493e-03
1.745561480522155762e+00,6.701602458953857422e+00,2.622611761093139648e+00,9.999992847442626953e-01,1.113925594836473465e-03,5.710868863388895988e-04,-3.237290729884989560e-05
6.418246746063232422e+00,3.015002965927124023e+00,4.473318576812744141e+00,9.999627470970153809e-01,3.023940837010741234e-03,-6.432586815208196640e-04,8.064056746661663055e-03
2.705836057662963867e+00,4.866221427917480469e+00,4.835705280303955078e+00,9.999928474426269531e-01,-8.154949755407869816e-04,-3.324761288240551949e-03,-1.647984026931226254e-03
2.320011138916015625e+00,3.690015554428100586e+00,7.934571504592895508e-01,1.000000000000000000e+00,1.078345303540118039e-04,1.971469828276894987e-06,-1.994659687625244260e-04
2.011208772659301758e+00,5.044796466827392578e-01,3.495092630386352539e+00,9.999995231628417969e-01,6.694733747281134129e-04,-6.983765051700174809e-04,3.694678307510912418e-04
1.112716555595397949e+00,6.343667507171630859e+00,4.681588649749755859e+00,9.999998807907104492e-01,-5.886578583158552647e-04,1.539582590339705348e-04,1.300647709285840392e-04
3.456092357635498047e+00,9.602293372154235840e-01,3.645081758499145508e+00,9.999974966049194336e-01,1.845322665758430958e-03,3.390013298485428095e-04,-1.196021214127540588e-03
5.467868804931640625e+00,6.730060577392578125e+00,1.272599577903747559e+00,9.999982714653015137e-01,8.123334264382719994e-04,-3.662457456812262535e-04,-1.659829285927116871e-03
3.636377334594726562e+00,3.086400032043457031e+00,4.945981025695800781e+00,9.999992847442626953e-01,-3.717320796567946672e-04,1.177383353933691978e-03,-2.892274060286581516e-04
4.058695316314697266e+00,3.584490060806274414e+00,5.073890209197998047e+00,9.999951720237731934e-01,2.892101649194955826e-03,-1.187882502563297749e-03,-1.400588953401893377e-04
4.168385505676269531e+00,3.817315816879272461e+00,8.779455423355102539e-01,9.999994039535522461e-01,-1.114168670028448105e-03,1.389710087096318603e-04,-2.897155354730784893e-04
2.804102659225463867e+00,2.522527873516082764e-01,3.558841228485107422e+00,9.998720884323120117e-01,-5.628372542560100555e-03,4.269783385097980499e-03,-1.434981450438499451e-02
5.419531822204589844e+00,6.620077610015869141e+00,4.933119773864746094e+00,9.999995827674865723e-01,-6.001596557325683534e-05,3.750288742594420910e-04,9.046454797498881817e-04
5.041012287139892578e+00,5.433532714843750000e+00,1.970179200172424316e+00,1.000000000000000000e+00,2.468283928465098143e-04,8.426533167948946357e-05,-4.302912930143065751e-05
1.938259601593017578e+00,4.544574737548828125e+00,5.819537639617919922e+00,9.999638795852661133e-01,5.538293160498142242e-03,6.241082679480314255e-03,1.631711842492222786e-03
2.270570516586303711e+00,6.069155931472778320e-01,2.676614999771118164e+00,9.999989867210388184e-01,-4.480934585444629192e-04,-5.939591210335493088e-04,-1.251415698789060116e-03
1.898087978363037109e+00,5.140470027923583984e+00,5.855159282684326172e+00,9.999997615814208984e-01,-1.917898480314761400e-04,2.083243307424709201e-04,-6.681086379103362560e-04
4.495543956756591797e+00,2.399028301239013672e+00,3.244447231292724609e+00,9.999974966049194336e-01,8.361916407011449337e-04,-1.243464997969567776e-03,1.678650151006877422e-03
2.487088441848754883e+00,7.058725833892822266e+00,3.051816225051879883e+00,9.999192357063293457e-01,1.917973859235644341e-03,-1.083574816584587097e-02,-6.358249578624963760e-03
1.815271496772766113e+00,2.582440674304962158e-01,2.127022743225097656e-01,9.999998211860656738e-01,3.116891602985560894e-04,4.230115737300366163e-04,-1.870576379587873816e-04
6.930639266967773438e+00,6.380020827054977417e-02,4.704511165618896484e+00,9.999622702598571777e-01,2.840706147253513336e-03,4.270147066563367844e-03,-7.014752831310033798e-03
3.981292009353637695e+00,5.808941364288330078e+00,4.002861022949218750e+00,9.999999403953552246e-01,2.810646255966275930e-04,1.151784545072587207e-05,-3.658197238110005856e-04
2.224086284637451172e+00,4.057885169982910156e+00,7.220113754272460938e+00,9.999997019767761230e-01,4.575381462927907705e-04,6.250491132959723473e-04,-3.223930543754249811e-04
3.193070590496063232e-01,2.577787160873413086e+00,5.127110332250595093e-02,9.999999403953552246e-01,3.807655884884297848e-04,3.173202858306467533e-04,-1.226301537826657295e-04
3.766627311706542969e+00,2.634873867034912109e+00,2.257568836212158203e+00,9.998231530189514160e-01,-2.707375679165124893e-03,1.849571429193019867e-02,2.069051144644618034e-03
5.317883491516113281e+00,2.310585975646972656e+00,3.412878751754760742e+00,9.999980926513671875e-01,-7.849615067243576050e-04,-1.716790953651070595e-03,5.777686601504683495e-04
2.030048370361328125e-01,5.379144668579101562e+00,2.699830055236816406e+00,9.999658465385437012e-01,1.293544541113078594e-03,2.442213008180260658e-03,-7.800342980772256851e-03
2.188395023345947266e+00,2.803262472152709961e+00,1.733348965644836426e+00,9.999972581863403320e-01,1.556485658511519432e-03,1.697628758847713470e-03,3.822571306955069304e-04
5.446186065673828125e+00,5.963311672210693359e+00,3.535519838333129883e+00,9.999985098838806152e-01,1.269778353162109852e-03,2.627835492603480816e-04,1.200094004161655903e-03
5.719093799591064453e+00,2.439827203750610352e+00,6.368403434753417969e+00,9.999998211860656738e-01,4.056044563185423613e-04,-1.325056509813293815e-04,5.120498826727271080e-04
6.397756099700927734e+00,4.094835281372070312e+00,3.466026782989501953e-01,9.999991059303283691e-01,-1.042574731400236487e-04,-5.750462296418845654e-04,-1.263668877072632313e-03
5.138625621795654297e+00,6.805179595947265625e+00,7.154147624969482422e+00,9.998723864555358887e-01,-1.594693027436733246e-02,6.690198206342756748e-04,7.009556284174323082e-04
4.849806308746337891e+00,1.894079089164733887e+00,4.347319126129150391e+00,9.999998807907104492e-01,-5.770921125076711178e-04,-1.008424660540185869e-04,-4.522047311183996499e-05
4.445143699645996094e+00,7.914913892745971680e-01,8.773224949836730957e-01,9.999728798866271973e-01,-3.074649022892117500e-03,1.794365700334310532e-03,-6.454485468566417694e-03
6.419427871704101562e+00,5.665319919586181641e+00,1.843227744102478027e+00,9.999999403953552246e-01,-1.052144070854410529e-04,-3.104273637291043997e-04,2.325936511624604464e-04
5.934656143188476562e+00,2.491726875305175781e+00,4.262481212615966797e+00,9.999997019767761230e-01,3.722089459188282490e-04,-6.521543255075812340e-04,-3.949465753976255655e-04
6.429253578186035156e+00,2.831001520156860352e+00,6.355831146240234375e+00,9.998965263366699219e-01,1.144723407924175262e-02,-6.462533026933670044e-03,5.855590570718050003e-03
1.000386714935302734e+00,6.020596504211425781e+00,5.232389450073242188e+00,9.999898672103881836e-01,1.388903765473514795e-04,-3.931089770048856735e-03,2.193704247474670410e-03
6.614812850952148438e+00,1.160159587860107422e+00,5.119782447814941406e+00,9.999990463256835938e-01,5.716803716495633125e-04,-3.478419384919106960e-04,1.185370143502950668e-03
1.336590766906738281e+00,7.057567119598388672e+00,4.215833187103271484e+00,9.999991655349731445e-01,1.870179403340443969e-04,1.322673517279326916e-03,3.032534186786506325e-05
5.172431945800781250e+00,3.027213335037231445e+00,7.143953323364257812e+00,9.998855590820312500e-01,-7.773430086672306061e-03,-1.284197252243757248e-02,-1.876282622106373310e-03
2.105489492416381836e+00,2.805025875568389893e-02,6.290965557098388672e+00,9.999997019767761230e-01,7.284467574208974838e-04,-2.116489631589502096e-04,2.806318516377359629e-04
4.074694156646728516e+00,1.441372036933898926e+00,2.773975133895874023e-01,9.999998807907104492e-01,5.058932583779096603e-04,-2.836655767168849707e-04,-2.090860507450997829e-04
1.226994872093200684e+00,4.200290203094482422e+00,4.697618961334228516e+00,9.999622106552124023e-01,-5.964627955108880997e-03,2.280142158269882202e-03,-5.898777395486831665e-03
3.406348466873168945e+00,1.120349168777465820e+00,1.084156450815498829e-03,9.999999403953552246e-01,3.737757797352969646e-04,1.557012437842786312e-04,-2.375825279159471393e-04
1.378374218940734863e+00,1.618377089500427246e+00,1.050630450248718262e+00,9.999880790710449219e-01,1.381216105073690414e-03,-4.667271394282579422e-03,-4.489264392759650946e-04
4.530828595161437988e-01,4.212048530578613281e+00,2.530686616897583008e+00,9.999993443489074707e-01,1.160252140834927559e-03,4.172440094407647848e-05,1.824220962589606643e-04
6.660692691802978516e+00,2.589200496673583984e+00,4.191271305084228516e+00,9.999989867210388184e-01,-7.271054200828075409e-04,-1.250119530595839024e-03,-3.060089366044849157e-04
7.075871944427490234e+00,6.806025028228759766e+00,6.197416782379150391e-01,9.999998807907104492e-01,2.848795556928962469e-04,-2.623107866384088993e-04,3.524084750097244978e-04
7.269493579864501953e+00,2.203534603118896484e+00,3.018026828765869141e+00,9.999999403953552246e-01,4.442251520231366158e-04,1.476896431995555758e-04,3.048919606953859329e-04
7.321496009826660156e+00,2.811595439910888672e+00,4.010094165802001953e+00,1.000000000000000000e+00,-3.378463734406977892e-04,2.759505150606855750e-05,-1.111316669266670942e-04
5.512043476104736328e+00,1.197438597679138184e+00,6.865851879119873047e-01,9.999840855598449707e-01,-5.187805742025375366e-03,-2.844923874363303185e-04,-2.223015762865543365e-03
2.262274175882339478e-01,4.328350543975830078e+00,2.867581129074096680e+00,9.998905062675476074e-01,-1.239694561809301376e-02,5.748439114540815353e-03,5.686815362423658371e-03
6.916811943054199219e+00,3.059407234191894531e+00,5.084718704223632812e+00,9.999991059303283691e-01,-7.739862776361405849e-04,-5.208937800489366055e-04,-9.504116023890674114e-04
2.635666608810424805e+00,2.850566387176513672e+00,3.247285366058349609e+00,9.999998807907104492e-01,-1.413636055076494813e-04,-2.655558346305042505e-04,5.193026736378669739e-04
2.730330228805541992e+00,3.525583267211914062e+00,1.042292475700378418e+00,9.999998807907104492e-01,1.618009555386379361e-04,-4.712459922302514315e-04,-2.248607488581910729e-04
2.509856224060058594e+00,6.435913562774658203e+00,3.879453420639038086e+00,9.999344944953918457e-01,-1.272112713195383549e-03,9.701084345579147339e-04,1.133432984352111816e-02
4.979982852935791016e+00,3.750216484069824219e+00,2.063205242156982422e+00,9.999107718467712402e-01,7.241090293973684311e-03,1.122093945741653442e-02,3.519739548210054636e-04
3.756626844406127930e-01,4.971414089202880859e+00,1.348604798316955566e+00,9.999985694885253906e-01,-4.651302879210561514e-04,-3.876026021316647530e-04,-1.591755077242851257e-03
3.058238744735717773e+00,1.836440443992614746e+00,7.274315357208251953e+00,1.000000000000000000e+00,2.341258950764313340e-04,1.435689482605084777e-04,-2.252904232591390610e-04
4.926496028900146484e+00,1.117005825042724609e+00,1.120546936988830566e+00,9.999606013298034668e-01,-5.825818050652742386e-03,5.210019182413816452e-03,4.219165071845054626e-03
6.418884396553039551e-01,7.284039020538330078e+00,5.538337230682373047e+00,9.999999403953552246e-01,-1.523046933016303228e-07,4.797668079845607281e-04,-9.109988241107203066e-06
9.121792316436767578e-01,2.953964471817016602e+00,3.908378124237060547e+00,9.999928474426269531e-01,1.972265541553497314e-03,9.423620067536830902e-04,-3.099197987467050552e-03
2.285438776016235352e+00,5.409742355346679688e+00,2.120881557464599609e+00,1.000000000000000000e+00,-7.305964390980079770e-05,1.673001679591834545e-04,-1.552374160382896662e-04
4.205187559127807617e-01,1.382786512374877930e+00,1.674124225974082947e-02,9.999997019767761230e-01,2.347143745282664895e-04,-7.485739770345389843e-04,-4.254300438333302736e-04
2.959905147552490234e+00,5.092099189758300781e+00,5.714097023010253906e-01,9.999992251396179199e-01,2.113860100507736206e-04,-3.291490720584988594e-04,-1.249990076757967472e-03
4.319808006286621094e+00,2.913749933242797852e+00,1.635861635208129883e+00,9.999965429306030273e-01,-1.817901647882536054e-04,-2.671093388926237822e-04,-2.631545532494783401e-03
6.837836265563964844e+00,2.564268112182617188e+00,5.864907741546630859e+00,1.000000000000000000e+00,-2.394333132542669773e-04,-3.595763118937611580e-04,-1.987911491596605629e-05
3.804557561874389648e+00,6.253056526184082031e+00,1.124998092651367188e+00,9.999997019767761230e-01,7.532939780503511429e-04,1.453954610042273998e-04,3.262288519181311131e-04
6.320628643035888672e+00,5.334897041320800781e+00,4.054406166076660156e+00,9.999988675117492676e-01,1.500967657193541527e-03,-3.453224780969321728e-04,2.336920006200671196e-04
7.331750392913818359e+00,4.850856304168701172e+00,3.893463134765625000e+00,9.999999403953552246e-01,1.340669259661808610e-04,-3.706335555762052536e-04,2.482723502907902002e-04
4.041167259216308594e+00,2.339202016592025757e-01,1.492829084396362305e+00,9.999997615814208984e-01,-4.382307233754545450e-04,-6.277467946347314864e-06,6.792668136768043041e-04
