5.334733963012695312e+00,6.075870513916015625e+00,2.309238672256469727e+00,1.000000000000000000e+00,-2.385675761615857482e-04,-7.832063420210033655e-05,8.664633060107007623e-05
2.815606594085693359e+00,2.471486806869506836e+00,2.236075639724731445e+00,9.999994039535522461e-01,8.176690607797354460e-05,4.029271658509969711e-04,-1.039402093738317490e-03
1.662446498870849609e+00,4.692683696746826172e+00,3.082114756107330322e-01,1.000000000000000000e+00,-3.028144783456809819e-05,3.483246246105409227e-06,3.632890729932114482e-05
5.168724060058593750e+00,7.125905752182006836e-01,6.122975349426269531e+00,1.000000000000000000e+00,2.092835929943248630e-04,-5.001043973607011139e-05,-3.409597411518916488e-05
7.089925408363342285e-01,4.999387741088867188e+00,3.432663679122924805e+00,1.000000000000000000e+00,3.884106263285502791e-05,8.047380833886563778e-05,-5.676201908499933779e-05
5.900575160980224609e+00,4.940626621246337891e-01,2.012002706527709961e+00,9.999881982803344727e-01,-3.580989083275198936e-03,1.500781858339905739e-03,-2.933833515271544456e-03
5.531184673309326172e+00,6.332693576812744141e+00,7.496150493621826172e+00,1.000000000000000000e+00,7.793428085278719664e-05,-1.039491253322921693e-04,6.645806570304557681e-05
6.540167808532714844e+00,6.050295233726501465e-01,2.115610599517822266e+00,9.999998807907104492e-01,-1.800256432034075260e-04,-5.153749370947480202e-04,1.568852458149194717e-04
5.563485622406005859e+00,1.799143433570861816e+00,2.083888053894042969e+00,1.000000000000000000e+00,-1.316594261879799888e-05,1.515541680419119075e-05,-3.302327822893857956e-04
5.950184822082519531e+00,4.157430648803710938e+00,4.613410949707031250e+00,9.999998807907104492e-01,5.082933930680155754e-04,3.216919430997222662e-04,-7.754452781227882951e-06
3.691082954406738281e+00,4.402077198028564453e+00,1.603358507156372070e+00,1.000000000000000000e+00,-1.250626373803243041e-04,1.275176418857881799e-05,-7.133075996534898877e-05
6.718255043029785156e+00,6.698325634002685547e+00,6.218729972839355469e+00,1.000000000000000000e+00,9.000530553748831153e-05,-8.564268500776961446e-05,-2.850368910003453493e-04
3.914055824279785156e+00,3.043651580810546875e+00,3.846863269805908203e+00,1.000000000000000000e+00,2.585357651696540415e-05,-2.209565718658268452e-05,1.230151101481169462e-04
2.798302650451660156e+00,6.818446516990661621e-02,3.500382900238037109e+00,1.000000000000000000e+00,-7.106866542017087340e-05,1.147678904089843854e-05,7.717465632595121861e-05
2.200971245765686035e-01,3.608009338378906250e+00,2.554865360260009766e+00,1.000000000000000000e+00,-6.420821591746062040e-05,2.635826240293681622e-05,-3.997115709353238344e-05
3.517078161239624023e+00,5.972064018249511719e+00,2.422891616821289062e+00,1.000000000000000000e+00,-4.395705036586150527e-05,3.173425648128613830e-05,3.726379509316757321e-05
2.739736557006835938e+00,7.401422023773193359e+00,7.896954566240310669e-02,9.999992251396179199e-01,-8.046233560889959335e-04,-7.286500767804682255e-04,-6.844176677986979485e-04
6.922018527984619141e+00,2.178806304931640625e+00,2.321300029754638672e+00,1.000000000000000000e+00,-4.892719516647048295e-05,-3.010820000781677663e-05,3.892263703164644539e-05
1.132975101470947266e+00,7.102317333221435547e+00,3.383283615112304688e-01,9.999287128448486328e-01,-7.681666407734155655e-03,-2.622715430334210396e-03,8.761909790337085724e-03
2.343205451965332031e+00,2.387922525405883789e+00,1.998842716217041016e+00,9.999997615814208984e-01,1.648232428124174476e-04,-4.066194524057209492e-04,5.387994460761547089e-04
1.243831157684326172e+00,1.096210241317749023e+00,3.508494853973388672e+00,1.000000000000000000e+00,7.398466550512239337e-05,8.786323451204225421e-05,-1.020988129312172532e-04
1.547597646713256836e-01,7.494786262512207031e+00,1.739059925079345703e+00,9.999998807907104492e-01,4.599243111442774534e-04,-7.782692409818992019e-05,2.993958769366145134e-04
1.257054209709167480e+00,6.655322074890136719e+00,5.030683994293212891e+00,1.000000000000000000e+00,-1.611883053556084633e-04,-4.230025660945102572e-05,5.400596637628041208e-05
2.823753118515014648e+00,2.727058410644531250e+00,4.666209697723388672e+00,1.000000000000000000e+00,-2.091598871629685163e-04,3.436648694332689047e-05,-5.718812826671637595e-05
2.520835876464843750e+00,1.584723949432373047e+00,6.534651279449462891e+00,1.000000000000000000e+00,9.220273932442069054e-05,-3.198336344212293625e-05,-4.747828279505483806e-05
4.681528568267822266e+00,4.400322914123535156e+00,3.543975591659545898e+00,1.000000000000000000e+00,-1.621373085072264075e-04,-3.214223252143710852e-04,-5.200514351599849761e-05
2.878747701644897461e+00,2.808684825897216797e+00,1.162106990814208984e+00,1.000000000000000000e+00,2.497337700333446264e-04,-5.129571491124806926e-06,-1.866293750936165452e-04
4.925635814666748047e+00,4.787206649780273438e+00,4.209363937377929688e+00,1.000000000000000000e+00,-1.966387935681268573e-04,-2.637750003486871719e-04,-5.382192466640844941e-05
5.745164394378662109e+00,1.044195055961608887e+00,3.970667123794555664e+00,1.000000000000000000e+00,1.917929330375045538e-05,-2.033405871770810336e-05,8.374622666451614350e-06
9.006080627441406250e-01,2.073339223861694336e+00,6.352015018463134766e+00,9.999998211860656738e-01,5.334165762178599834e-04,3.725383721757680178e-04,3.518142621032893658e-04
4.947294235229492188e+00,5.210736989974975586e-01,4.027122259140014648e-01,9.999991655349731445e-01,7.710201898589730263e-04,1.069293706677854061e-03,-1.421524066245183349e-04
5.523622512817382812e+00,3.404654026031494141e+00,3.347422361373901367e+00,9.999938011169433594e-01,1.107255346141755581e-03,2.264091279357671738e-03,-2.479176735505461693e-03
5.245720863342285156e+00,5.102997779846191406e+00,4.546251773834228516e+00,9.999999403953552246e-01,-1.515602780273184180e-04,-3.047661448363214731e-04,-2.620363375172019005e-04
2.550867557525634766e+00,1.892992138862609863e+00,3.408897399902343750e+00,1.000000000000000000e+00,2.662429178599268198e-04,1.255834940820932388e-04,-2.574960817582905293e-04
3.610356569290161133e+00,6.125336647033691406e+00,2.882377386093139648e+00,1.000000000000000000e+00,-4.081546649103984237e-05,2.744039557001087815e-05,3.846124309347942472e-05
2.589214086532592773e+00,2.982847929000854492e+00,2.445652961730957031e+00,9.999340176582336426e-01,2.202903851866722107e-03,-1.094846706837415695e-02,2.705060411244630814e-03
4.772027492523193359e+00,6.597514629364013672e+00,2.015014410018920898e+00,1.000000000000000000e+00,-1.161180844064801931e-04,-2.301836684637237340e-05,-1.050828286679461598e-04
7.115492820739746094e+00,2.468138337135314941e-01,3.818172454833984375e+00,1.000000000000000000e+00,9.751493780640885234e-05,6.111116090323776007e-05,-1.381654601573245600e-05
1.599346876144409180e+00,7.176805973052978516e+00,2.204725503921508789e+00,1.000000000000000000e+00,2.927627065218985081e-05,-8.828292629914358258e-05,-1.620539296709466726e-05
5.470332145690917969e+00,2.754222154617309570e+00,4.091907978057861328e+00,1.000000000000000000e+00,-8.311211422551423311e-05,-2.990532266267109662e-05,-1.101610978366807103e-04
1.216228008270263672e+00,2.384577274322509766e+00,6.226719856262207031e+00,1.000000000000000000e+00,1.371830148855224252e-04,6.755769572919234633e-05,2.474740613251924515e-04
4.289254188537597656e+00,1.364804983139038086e+00,4.136153697967529297e+00,1.000000000000000000e+00,4.620376421371474862e-05,1.523938844911754131e-04,-3.278220174252055585e-05
1.515841037034988403e-01,4.268801212310791016e-01,3.820626258850097656e+00,1.000000000000000000e+00,1.243959704879671335e-04,4.862672722083516419e-05,-6.187178951222449541e-05
6.743610382080078125e+00,5.941965579986572266e+00,2.656471431255340576e-01,1.000000000000000000e+00,-2.389397122897207737e-04,-1.908655540319159627e-04,2.607904571050312370e-05
6.687269210815429688e+00,3.259057104587554932e-01,1.432555079460144043e+00,9.999974966049194336e-01,4.154453927185386419e-04,3.617748734541237354e-04,-2.210140228271484375e-03
7.296067237854003906e+00,2.505831956863403320e+00,3.496947050094604492e+00,1.000000000000000000e+00,-3.560064442353905179e-06,-2.657003060448914766e-04,1.406860537827014923e-04
1.023968935012817383e+00,5.177278041839599609e+00,6.635462284088134766e+00,1.000000000000000000e+00,3.433515075812465511e-06,-1.825616782298311591e-04,6.543408380821347237e-05
5.324001312255859375e+00,7.027026653289794922e+00,3.602083206176757812e+00,9.999969601631164551e-01,2.310334471985697746e-03,-9.288973524235188961e-04,-2.487392921466380358e-04
6.470129489898681641e+00,6.348660469055175781e+00,6.419153213500976562e+00,1.000000000000000000e+00,4.754507608595304191e-05,-6.381431012414395809e-05,-2.221707982243970037e-04
1.000441193580627441e+00,2.604295015335083008e+00,5.581434249877929688e+00,1.000000000000000000e+00,-9.577938726579304785e-06,-1.079782887245528400e-04,6.136409501777961850e-05
1.724001765251159668e+00,2.493213653564453125e+00,4.980422973632812500e+00,1.000000000000000000e+00,1.291433727601543069e-04,-7.158123935369076207e-06,1.268854393856599927e-04
5.344486236572265625e+00,3.707141399383544922e+00,8.669153451919555664e-01,9.999999403953552246e-01,5.415034320321865380e-05,4.176682559773325920e-04,-4.010391130577772856e-04
6.034191131591796875e+00,3.010171413421630859e+00,6.336430549621582031e+00,1.000000000000000000e+00,-2.135303839168045670e-05,4.815413558389991522e-05,-2.617276368255261332e-05
4.503778934478759766e+00,7.277271270751953125e+00,4.911751747131347656e+00,9.999995827674865723e-01,-2.760577772278338671e-04,7.090877625159919262e-04,-6.559984176419675350e-04
2.870084047317504883e+00,3.302818775177001953e+00,7.231788039207458496e-01,9.999988675117492676e-01,-9.226428228430449963e-04,3.208766283933073282e-04,1.210462418384850025e-03
9.648046493530273438e-01,4.778235912322998047e+00,2.179193496704101562e+00,1.000000000000000000e+00,-5.614606925519183278e-05,3.209129208698868752e-04,-2.130604552803561091e-04
6.308688640594482422e+00,1.817928075790405273e+00,3.849203348159790039e+00,1.000000000000000000e+00,-4.150265885982662439e-05,-1.263780141016468406e-04,9.499425505055114627e-05
4.909218788146972656e+00,4.150568962097167969e+00,6.028927803039550781e+00,9.999901056289672852e-01,3.708711359649896622e-03,-4.861349007114768028e-04,-2.431495580822229385e-03
7.318578362464904785e-01,2.990787982940673828e+00,2.199615478515625000e+00,9.999853372573852539e-01,3.726526338141411543e-04,2.116831485182046890e-03,-4.986792802810668945e-03
1.588657140731811523e+00,4.367206573486328125e+00,3.841454982757568359e+00,1.000000000000000000e+00,-3.008297653650515713e-06,-2.044150278379675001e-05,9.139801113633438945e-05
7.173370361328125000e+00,6.475401878356933594e+00,3.269737243652343750e+00,9.999831914901733398e-01,4.034371115267276764e-03,3.988546319305896759e-03,1.252716290764510632e-03
3.301948547363281250e+00,3.746382713317871094e+00,5.891878128051757812e+00,1.000000000000000000e+00,-9.511513781035318971e-05,2.125942592101637274e-05,-7.014337825239636004e-06
1.493571281433105469e+00,3.508636236190795898e+00,1.723283648490905762e+00,1.000000000000000000e+00,-5.347027399693615735e-05,1.122117391787469387e-04,-5.631208478007465601e-05
6.608248710632324219e+00,1.676402688026428223e+00,2.952550888061523438e+00,1.000000000000000000e+00,1.084209634427679703e-05,-4.515013279160484672e-05,6.835134263383224607e-05
4.902769565582275391e+00,4.390452861785888672e+00,3.031101942062377930e+00,9.999989271163940430e-01,-1.307413331232964993e-03,5.123286391608417034e-04,5.822192179039120674e-04
6.940550804138183594e+00,6.816104888916015625e+00,4.438684940338134766e+00,1.000000000000000000e+00,-9.524654888082295656e-05,-3.610868952819146216e-05,-9.241372754331678152e-05
9.087616205215454102e-01,1.314228653907775879e+00,2.489600419998168945e+00,1.000000000000000000e+00,2.453937486279755831e-05,1.572811015648767352e-06,-6.442653102567419410e-06
8.257588148117065430e-01,2.821694016456604004e-01,4.675549030303955078e+00,1.000000000000000000e+00,-9.264580285162082873e-07,3.992655547335743904e-05,-1.979746775759849697e-05
5.926913738250732422e+00,6.528059959411621094e+00,6.467914104461669922e+00,9.999997615814208984e-01,3.531644688337109983e-05,6.643658271059393883e-04,2.969927154481410980e-04
4.452358722686767578e+00,1.751115798950195312e+00,6.796658635139465332e-01,1.000000000000000000e+00,-1.068273195414803922e-05,-4.947015986545011401e-05,-1.433714351151138544e-04
3.937722444534301758e+00,6.677038192749023438e+00,5.836262106895446777e-01,9.999998211860656738e-01,-3.159680927637964487e-04,-5.998501437716186047e-04,2.215511631220579147e-04
1.500548958778381348e+00,5.442850112915039062e+00,4.570040702819824219e+00,9.999998211860656738e-01,6.114738644100725651e-04,3.601841162890195847e-04,-1.098971697501838207e-04
2.059488445520401001e-01,2.223725080490112305e+00,5.694020748138427734e+00,1.000000000000000000e+00,-2.576993392722215503e-05,-3.617636975832283497e-04,-8.146858453983440995e-05
1.586655974388122559e+00,5.342883586883544922e+00,6.544207096099853516e+00,9.999995231628417969e-01,4.905685782432556152e-04,-5.872222827747464180e-04,6.644034292548894882e-04
4.273777008056640625e+00,7.001526832580566406e+00,4.734281063079833984e+00,9.999999403953552246e-01,-1.771124807419255376e-04,3.072198305744677782e-04,-3.320370451547205448e-04
4.753751277923583984e+00,6.872028350830078125e+00,2.806108951568603516e+00,1.000000000000000000e+00,1.174313511000946164e-04,1.145048154285177588e-04,1.508735294919461012e-04
1.558945775032043457e+00,1.075488209724426270e+00,7.079078555107116699e-01,1.000000000000000000e+00,1.319718012382509187e-05,-3.293377085356041789e-05,-4.123648250242695212e-05
7.237815856933593750e-01,5.063317298889160156e+00,4.668299198150634766e+00,1.000000000000000000e+00,1.208455869345925748e-04,1.397747837472707033e-04,-9.503692854195833206e-05
1.713503003120422363e+00,6.073468208312988281e+00,2.253248393535614014e-01,1.000000000000000000e+00,-7.657572859898209572e-05,1.068469573510810733e-04,1.809491513995453715e-04
4.201683044433593750e+00,2.552940607070922852e+00,1.181567788124084473e+00,1.000000000000000000e+00,7.689417543588206172e-05,1.487728441134095192e-04,-8.251655526692047715e-05
3.768356084823608398e+00,1.859518140554428101e-01,4.927508354187011719e+00,1.000000000000000000e+00,1.567582694406155497e-05,9.871432121144607663e-05,-1.155879144789651036e-04
5.581550121307373047e+00,6.684520244598388672e+00,6.113450050354003906e+00,9.999479651451110840e-01,2.685132436454296112e-03,2.005772512347903103e-05,9.842547588050365448e-03
7.142458438873291016e+00,3.132086753845214844e+00,7.408049106597900391e+00,9.999639987945556641e-01,-5.720902699977159500e-03,6.214048247784376144e-03,-8.450238383375108242e-04
6.260825634002685547e+00,3.006644725799560547e+00,2.037116527557373047e+00,1.000000000000000000e+00,-1.067700577550567687e-04,-1.681203139014542103e-04,-1.032749059959314764e-05
2.213663101196289062e+00,5.799300670623779297e+00,4.677690505981445312e+00,1.000000000000000000e+00,1.042226140270940959e-04,-5.566735580941895023e-06,1.153561242972500622e-04
4.092833995819091797e+00,7.147749900817871094e+00,6.228666782379150391e+00,9.999994039535522461e-01,6.952507537789642811e-04,7.999620283953845501e-04,4.698910051956772804e-04
5.870816230773925781e+00,6.798005104064941406e+00,3.924921512603759766e+00,1.000000000000000000e+00,5.679035166394896805e-05,5.009998858440667391e-05,-4.239664849592372775e-05
5.662325382232666016e+00,3.798157691955566406e+00,2.353771209716796875e+00,1.000000000000000000e+00,9.937735012499615550e-05,7.849199027987197042e-05,-3.159680345561355352e-04
2.078310489654541016e+00,2.037870645523071289e+00,1.527994990348815918e+00,1.000000000000000000e+00,1.826953484851401299e-05,-1.019238698063418269e-04,8.637147402623668313e-05
3.546064615249633789e+00,5.258294582366943359e+00,6.839834690093994141e+00,1.000000000000000000e+00,4.915830140816979110e-05,1.527336426079273224e-04,-3.853219095617532730e-05
5.726165294647216797e+00,6.033837795257568359e-01,2.263693571090698242e+00,9.999902248382568359e-01,-3.283208468928933144e-03,1.451797550544142723e-03,-2.602132270112633705e-03
6.492172718048095703e+00,2.457806825637817383e+00,7.022825717926025391e+00,9.999999403953552246e-01,4.629235190805047750e-04,-7.837978955649305135e-06,-1.094428225769661367e-04
1.692718148231506348e+00,3.782086372375488281e+00,2.484708070755004883e+00,1.000000000000000000e+00,2.365945874771568924e-05,2.108447733917273581e-05,-8.648043149150907993e-05
1.267444252967834473e+00,7.432837486267089844e-01,1.592693686485290527e+00,1.000000000000000000e+00,1.720538966765161604e-05,-2.532821054046507925e-05,-2.281510751345194876e-05
5.134413719177246094e+00,3.415567398071289062e+00,7.129648685455322266e+00,1.000000000000000000e+00,-2.399683871772140265e-04,3.024507896043360233e-04,-2.627264984766952693e-05
2.121736288070678711e+00,6.903999328613281250e+00,3.273709297180175781e+00,1.000000000000000000e+00,-1.928467281686607748e-05,-3.339277327540912665e-06,4.302747038309462368e-05
2.978354930877685547e+00,6.029761314392089844e+00,3.201547384262084961e+00,1.000000000000000000e+00,-1.617192720004823059e-05,1.027605394483543932e-04,1.818432356230914593e-04
3.111971378326416016e+00,3.011727333068847656e+00,6.095811367034912109e+00,1.000000000000000000e+00,-9.429752390133216977e-05,-2.683439379325136542e-05,4.150208042119629681e-05
6.976430892944335938e+00,5.886130332946777344e+00,6.465885639190673828e+00,1.000000000000000000e+00,3.535709765856154263e-05,1.627990423003211617e-05,-2.955601667053997517e-04
2.009539604187011719e+00,2.657511234283447266e+00,6.637239456176757812e+00,1.000000000000000000e+00,-8.388041169382631779e-05,-6.786316953366622329e-05,9.177889296552166343e-05
1.591240763664245605e+00,4.730346679687500000e+00,5.928918361663818359e+00,9.999883174896240234e-01,3.100225236266851425e-03,-1.749200746417045593e-03,-3.280423581600189209e-03
1.855936884880065918e+00,5.292966961860656738e-01,4.004477977752685547e+00,1.000000000000000000e+00,-1.910873397719115019e-04,1.025268938974477351e-04,4.369526868686079979e-05
6.223170280456542969e+00,6.923641681671142578e+00,4.026200771331787109e+00,1.000000000000000000e+00,-1.179757509817136452e-05,-5.613432222162373364e-05,-1.290429281652905047e-06
3.635935544967651367e+00,2.786137342453002930e+00,6.330018997192382812e+00,1.000000000000000000e+00,-9.391937783220782876e-05,-5.974715531920082867e-05,4.748909850604832172e-05
5.770242691040039062e+00,1.154184460639953613e+00,6.759452819824218750e-01,1.000000000000000000e+00,-1.594093555468134582e-05,5.019960008212365210e-05,6.281278183450922370e-05
4.941626548767089844e+00,2.558175086975097656e+00,3.957763195037841797e+00,1.000000000000000000e+00,-7.684774755034595728e-05,1.053104788297787309e-04,-2.859163942048326135e-05
4.871983528137207031e+00,8.426813483238220215e-01,6.449875354766845703e+00,1.000000000000000000e+00,1.512037270003929734e-04,7.553103387181181461e-06,-3.597876348067075014e-04
5.904042243957519531e+00,7.179492473602294922e+00,5.538757801055908203e+00,9.999998211860656738e-01,-4.508114652708172798e-04,3.876715200021862984e-04,2.334123855689540505e-04
5.112340450286865234e+00,2.073389291763305664e+00,6.071429729461669922e+00,9.999974966049194336e-01,-6.137196905910968781e-04,-1.666502095758914948e-03,1.403940492309629917e-03
1.406902432441711426e+00,4.757198095321655273e-01,5.464047431945800781e+00,1.000000000000000000e+00,-4.657148383557796478e-05,-7.817277946742251515e-06,2.266043520648963749e-05
2.175641059875488281e+00,6.199006557464599609e+00,4.478120326995849609e+00,1.000000000000000000e+00,2.734409281401894987e-05,2.599117942736484110e-05,5.689085446647368371e-05
5.562963962554931641e+00,4.816656112670898438e+00,4.595696449279785156e+00,1.000000000000000000e+00,-2.795982436509802938e-05,-9.066487109521403909e-05,8.896487997844815254e-05
1.697307467460632324e+00,2.475437879562377930e+00,5.941789627075195312e+00,1.000000000000000000e+00,-9.774094905878882855e-06,-1.966922354768030345e-06,6.997883610893040895e-05
1.884953975677490234e+00,4.046988010406494141e+00,4.787642955780029297e+00,1.000000000000000000e+00,1.495751785114407539e-04,-5.831013186252675951e-05,1.701133733149617910e-04
4.314677715301513672e+00,3.780965805053710938e+00,2.368536710739135742e+00,1.000000000000000000e+00,1.961946327355690300e-05,8.302533387904986739e-05,-9.958224836736917496e-05
4.857407569885253906e+00,7.323809623718261719e+00,2.065729856491088867e+00,1.000000000000000000e+00,3.573813883122056723e-04,4.661716229747980833e-05,-1.696190010989084840e-04
6.112929344177246094e+00,5.962253570556640625e+00,2.768627166748046875e+00,1.000000000000000000e+00,-1.800651079975068569e-04,3.321407712064683437e-05,1.751291711116209626e-05
9.747951030731201172e-01,3.019288539886474609e+00,3.057618856430053711e+00,1.000000000000000000e+00,1.188023452414199710e-04,-1.000748889055103064e-04,-1.629811322345631197e-06
4.073971748352050781e+00,4.601502120494842529e-01,7.349180698394775391e+00,1.000000000000000000e+00,-1.341873139608651400e-04,1.023010554490610957e-04,1.683296977716963738e-05
3.529417991638183594e+00,1.640630245208740234e+00,1.555609345436096191e+00,1.000000000000000000e+00,3.173101504216901958e-05,-1.406464798492379487e-05,-9.925081394612789154e-05
6.027900695800781250e+00,3.784778833389282227e+00,5.005936622619628906e+00,1.000000000000000000e+00,1.575602800585329533e-04,6.505314377136528492e-05,-1.601395633770152926e-04
1.605330705642700195e+00,1.777869343757629395e+00,5.226629972457885742e-01,1.000000000000000000e+00,-1.161042673629708588e-04,-3.860241849906742573e-05,-1.547404681332409382e-04
5.228669166564941406e+00,1.356945514678955078e+00,3.066886663436889648e-01,1.000000000000000000e+00,-1.832493035180959851e-05,3.404958624741993845e-05,-6.111591210355982184e-05
6.923207759857177734e+00,3.932574033737182617e+00,4.421004295349121094e+00,1.000000000000000000e+00,9.157002932624891400e-05,4.319509025663137436e-05,-2.527866745367646217e-04
4.121782779693603516e-01,6.019562721252441406e+00,3.522620201110839844e+00,9.999983310699462891e-01,1.475905068218708038e-03,1.027705962769687176e-03,4.487643018364906311e-04
1.733299016952514648e+00,2.168243646621704102e+00,4.485496997833251953e+00,1.000000000000000000e+00,1.221926067955791950e-04,-4.780202652909792960e-05,3.244682447984814644e-04
1.067907810211181641e+00,6.044633388519287109e+00,6.668542861938476562e+00,9.999998211860656738e-01,5.049782921560108662e-04,-4.179528914391994476e-04,1.269735366804525256e-04
3.840009868144989014e-01,4.761497974395751953e+00,1.653801918029785156e+00,1.000000000000000000e+00,3.923235344700515270e-04,-1.315826375503093004e-04,-1.501106889918446541e-04
2.204939365386962891e+00,7.733102440834045410e-01,2.064156770706176758e+00,1.000000000000000000e+00,2.569060598034411669e-05,-3.485437628114596009e-05,5.373522071749903262e-08
7.208809375762939453e+00,3.457386970520019531e+00,2.770026683807373047e+00,1.000000000000000000e+00,-9.326077997684478760e-05,-4.717657429864630103e-05,5.020397657062858343e-05
2.974136114120483398e+00,1.306008100509643555e+00,3.863911390304565430e+00,9.999977946281433105e-01,-5.296168965287506580e-04,-1.798201003111898899e-03,1.031330786645412445e-03
1.002608060836791992e+00,2.172270298004150391e+00,2.508093833923339844e+00,1.000000000000000000e+00,-5.689309182344004512e-05,9.001782018458470702e-05,1.670872879913076758e-04
4.259829998016357422e+00,5.711326003074645996e-01,4.843607902526855469e+00,9.999999403953552246e-01,2.994253009092062712e-04,3.433262463659048080e-04,1.776654971763491631e-04
3.992524147033691406e+00,4.993969917297363281e+00,6.766152381896972656e+00,1.000000000000000000e+00,2.816776395775377750e-05,1.641962589928880334e-04,-1.319860439252806827e-05
3.144398450851440430e+00,3.908179521560668945e+00,4.688367620110511780e-02,1.000000000000000000e+00,-4.635719596990384161e-05,-7.585004641441628337e-05,-1.451198186259716749e-04
4.034855365753173828e+00,4.439563751220703125e+00,2.264876365661621094e+00,1.000000000000000000e+00,-1.134684134740382433e-05,-7.426238880725577474e-06,-4.984031329513527453e-05
2.964620351791381836e+00,4.265723705291748047e+00,4.207269668579101562e+00,9.999998807907104492e-01,7.328062929445877671e-05,3.255321062169969082e-04,4.170921747572720051e-04
9.801447391510009766e-01,7.070475101470947266e+00,4.503538608551025391e+00,1.000000000000000000e+00,-1.004947407636791468e-04,4.433134381542913616e-05,5.135255560162477195e-05
6.548244476318359375e+00,2.199516534805297852e+00,7.291440010070800781e+00,1.000000000000000000e+00,3.075722779612988234e-04,-1.016465685097500682e-04,-9.011544898385182023e-05
4.276191234588623047e+00,5.565083026885986328e+00,1.468174219131469727e+00,1.000000000000000000e+00,3.900523734046146274e-05,-5.048494131187908351e-05,-1.763219415806815960e-06
1.914813876152038574e+00,3.149180412292480469e+00,1.148959279060363770e+00,1.000000000000000000e+00,1.794943818822503090e-04,-8.877460641087964177e-05,5.369794234866276383e-05
1.969800353050231934e+00,1.616199910640716553e-01,2.925883769989013672e+00,1.000000000000000000e+00,5.802181476610712707e-06,-1.528130087535828352e-05,1.897436959552578628e-05
1.365417480468750000e+00,7.105116367340087891e+00,4.146109104156494141e+00,1.000000000000000000e+00,-6.763642886653542519e-05,3.915795605280436575e-05,2.689701068447902799e-05
7.274804115295410156e+00,1.545898914337158203e+00,4.489431381225585938e+00,1.000000000000000000e+00,4.888152761850506067e-05,3.158963954774662852e-05,1.172380143543705344e-04
5.264576911926269531e+00,5.762023925781250000e+00,2.488425821065902710e-01,1.000000000000000000e+00,-1.781507453415542841e-04,-2.099050616379827261e-04,1.257309777429327369e-04
4.365777015686035156e+00,2.092511653900146484e+00,7.272681236267089844e+00,9.999999403953552246e-01,3.858114359900355339e-04,-5.240769678493961692e-05,2.824420807883143425e-04
8.155003190040588379e-01,5.377799034118652344e+00,6.893655776977539062e+00,1.000000000000000000e+00,1.832921407185494900e-04,-2.200553572038188577e-04,1.740881707519292831e-04
2.717665433883666992e-01,2.565578222274780273e+00,6.713301181793212891e+00,9.999845623970031738e-01,-4.095397889614105225e-03,-3.069086465984582901e-03,-2.165258629247546196e-03
1.373516082763671875e+00,3.383477926254272461e+00,6.724708557128906250e+00,9.999954700469970703e-01,-2.231716178357601166e-03,1.578800030983984470e-03,-1.296162139624357224e-03
5.575320720672607422e+00,7.150773048400878906e+00,2.279122114181518555e+00,9.999988675117492676e-01,1.056652516126632690e-03,-8.393829339183866978e-04,6.608769763261079788e-04
6.949046611785888672e+00,1.108958005905151367e+00,6.241730213165283203e+00,1.000000000000000000e+00,6.674223550362512469e-05,-4.495901521295309067e-05,5.118056287756189704e-05
2.286789417266845703e+00,1.522344708442687988e+00,7.460014820098876953e+00,1.000000000000000000e+00,8.044707647059112787e-05,2.961318023153580725e-05,-1.788235531421378255e-04
6.594608783721923828e+00,3.214642763137817383e+00,5.617110729217529297e+00,1.000000000000000000e+00,-6.070421295589767396e-05,1.066189943230710924e-04,-1.856098970165476203e-04
3.966615915298461914e+00,1.903911113739013672e+00,2.045687198638916016e+00,9.999971985816955566e-01,1.340327435173094273e-03,1.683855516603216529e-04,-1.938743051141500473e-03
3.320918083190917969e+00,6.988487243652343750e+00,7.842921614646911621e-01,1.000000000000000000e+00,4.715140676125884056e-05,1.586354301252868026e-05,-1.419697582605294883e-06
2.636293649673461914e+00,7.854052186012268066e-01,6.224559307098388672e+00,1.000000000000000000e+00,-2.215650238213129342e-05,-2.031065814662724733e-04,-1.988525909837335348e-04
6.671354293823242188e+00,3.290543317794799805e+00,2.413878917694091797e+00,1.000000000000000000e+00,-4.078884376212954521e-05,-1.005769881885498762e-04,3.096603904850780964e-05
2.192158222198486328e+00,1.659101724624633789e+00,1.628005504608154297e+00,1.000000000000000000e+00,-5.289429827826097608e-05,-1.066964323399588466e-04,5.287977910484187305e-05
2.416578769683837891e+00,1.898503541946411133e+00,5.695750236511230469e+00,1.000000000000000000e+00,1.530054942122660577e-05,-5.797752237413078547e-05,6.385835604305611923e-06
8.830450773239135742e-01,7.382652759552001953e+00,4.431405067443847656e+00,1.000000000000000000e+00,-3.899885632563382387e-05,4.504507887759245932e-05,1.985687231353949755e-05
3.435222625732421875e+00,7.224616527557373047e+00,6.176004886627197266e+00,9.999966621398925781e-01,2.351500093936920166e-03,-1.082294736988842487e-03,1.037561960401944816e-04
8.921807408332824707e-01,7.117378234863281250e+00,1.223598495125770569e-01,9.999333620071411133e-01,-7.346448488533496857e-03,-2.478237496688961983e-03,8.555954322218894958e-03
1.331256479024887085e-01,2.973247528076171875e+00,9.912874102592468262e-01,9.999853968620300293e-01,1.044749282300472260e-03,-1.858124160207808018e-04,5.308162420988082886e-03
2.601940393447875977e+00,8.237090706825256348e-01,3.833900690078735352e+00,9.999998807907104492e-01,-4.045399255119264126e-04,1.982794201467186213e-04,4.266964388079941273e-04
1.865981698036193848e+00,6.222169876098632812e+00,5.750434875488281250e+00,1.000000000000000000e+00,-1.323944015894085169e-04,1.310986990574747324e-04,-3.260366429458372295e-05
4.026436328887939453e+00,4.714954376220703125e+00,6.154946327209472656e+00,1.000000000000000000e+00,1.562199031468480825e-04,3.189605486113578081e-04,1.066640106728300452e-04
2.856698989868164062e+00,6.286374092102050781e+00,5.197615027427673340e-01,1.000000000000000000e+00,-9.454074643144849688e-06,-1.003662182483822107e-04,-1.092070233426056802e-04
6.835868835449218750e+00,9.475466609001159668e-01,2.564780473709106445e+00,1.000000000000000000e+00,8.443908154731616378e-05,-1.151582255261018872e-04,-3.193962038494646549e-05
7.042235851287841797e+00,8.113529533147811890e-02,7.456790208816528320e-01,1.000000000000000000e+00,4.132376925554126501e-04,-1.392354752169921994e-04,7.168146839831024408e-05
5.189708709716796875e+00,2.510210752487182617e+00,2.110549688339233398e+00,9.999998807907104492e-01,4.021742206532508135e-04,-2.680541656445711851e-04,-3.822724975179880857e-04
4.858080148696899414e-01,5.256841659545898438e+00,3.012364387512207031e+00,1.000000000000000000e+00,-4.948201967636123300e-05,6.941655738046392798e-05,-1.374093553749844432e-04
7.139198303222656250e+00,2.450938940048217773e+00,5.066405773162841797e+00,9.999217391014099121e-01,4.868155519943684340e-04,1.199330203235149384e-02,3.528556553646922112e-03
7.405348300933837891e+00,5.837284564971923828e+00,5.404281616210937500e+00,1.000000000000000000e+00,-4.051145515404641628e-05,-1.608478328307683114e-06,1.126741335610859096e-04
7.415710449218750000e+00,4.420355319976806641e+00,2.475180864334106445e+00,1.000000000000000000e+00,-1.192738818645011634e-05,-2.281252236571162939e-04,1.773963158484548330e-04
7.437044620513916016e+00,2.876335859298706055e+00,2.417469024658203125e-02,9.999996423721313477e-01,-1.534693001303821802e-04,-7.208628230728209019e-04,-5.711702397093176842e-04
4.553252696990966797e+00,6.211506366729736328e+00,8.759704977273941040e-02,9.999531507492065430e-01,-5.154207348823547363e-03,-7.662069518119096756e-03,2.919598249718546867e-03
1.550485253334045410e+00,5.571442127227783203e+00,2.746617317199707031e+00,1.000000000000000000e+00,-9.735961066326126456e-05,-8.558891749999020249e-06,1.578422379679977894e-04
3.801724195480346680e+00,3.722633123397827148e+00,2.951793193817138672e+00,1.000000000000000000e+00,1.525626576039940119e-04,6.808840407757088542e-05,2.588614006526768208e-05
2.488967180252075195e+00,6.401305675506591797e+00,2.211879491806030273e+00,1.000000000000000000e+00,2.142181801900733262e-05,-4.602952321874909103e-05,5.081567360321059823e-05
3.198707342147827148e+00,1.374609231948852539e+00,4.081977367401123047e+00,9.999974966049194336e-01,-4.684008599724620581e-04,-1.953136175870895386e-03,1.021248521283268929e-03
1.884295463562011719e+00,3.505928277969360352e+00,6.726190090179443359e+00,9.999999403953552246e-01,-8.201513264793902636e-05,-3.371957573108375072e-04,2.395557676209136844e-04
5.052590847015380859e+00,3.319851636886596680e+00,6.991612911224365234e-01,1.000000000000000000e+00,-8.344199159182608128e-05,2.380408113822340965e-04,-2.452295448165386915e-04
5.062800884246826172e+00,7.335635185241699219e+00,1.801963806152343750e+00,9.999992251396179199e-01,7.450991543009877205e-04,4.931086441501975060e-04,-9.451932273805141449e-04
5.857510566711425781e-01,8.997814059257507324e-01,5.829194068908691406e+00,1.000000000000000000e+00,2.720329030125867575e-05,3.042223033844493330e-05,-2.364436113566625863e-05
6.582748413085937500e+00,1.250876545906066895e+00,5.255031108856201172e+00,1.000000000000000000e+00,8.389600407099351287e-05,-6.421637863240903243e-06,1.473722222726792097e-04
4.758389949798583984e+00,2.528924942016601562e+00,6.302291899919509888e-02,1.000000000000000000e+00,2.186696510761976242e-04,5.386767224990762770e-05,-8.070562034845352173e-05
1.696871399879455566e+00,3.782042026519775391e+00,4.402975082397460938e+00,1.000000000000000000e+00,1.824058708734810352e-04,-9.324417987954802811e-06,2.495168591849505901e-04
4.087309360504150391e+00,6.340126991271972656e+00,5.400518894195556641e+00,1.000000000000000000e+00,5.485598012455739081e-05,3.495748023851774633e-05,-1.423939538653939962e-04
6.615287780761718750e+00,5.075985908508300781e+00,6.427551746368408203e+00,9.999997019767761230e-01,-1.988265576073899865e-04,-5.903860437683761120e-04,-5.485296132974326611e-04
6.954705238342285156e+00,6.948887348175048828e+00,7.264035701751708984e+00,1.000000000000000000e+00,8.046558650676161051e-05,-4.852214260608889163e-05,3.049553470191312954e-06
1.797434806823730469e+00,2.991144180297851562e+00,5.778457164764404297e+00,1.000000000000000000e+00,-5.312171560944989324e-05,-5.548454737436259165e-06,1.235222443938255310e-04
5.576475620269775391e+00,4.201849460601806641e+00,1.837029308080673218e-02,9.999981522560119629e-01,7.306729676201939583e-04,1.288917148485779762e-03,1.280131400562822819e-03
2.340661048889160156e+00,4.041102409362792969e+00,4.543648242950439453e+00,1.000000000000000000e+00,3.831773065030574799e-04,-1.728127426758874208e-05,4.014392834505997598e-05
1.030823707580566406e+00,3.747018814086914062e+00,4.744130134582519531e+00,1.000000000000000000e+00,1.085090771084651351e-04,-7.633442146470770240e-05,1.991524040931835771e-04
5.242913246154785156e+00,7.096070289611816406e+00,2.841328144073486328e+00,9.999991059303283691e-01,-1.467431720811873674e-04,1.751644012983888388e-04,1.332481158897280693e-03
6.203714370727539062e+00,3.861048221588134766e+00,3.550724267959594727e+00,9.999985694885253906e-01,-1.517459517344832420e-03,-3.161870336043648422e-05,-8.189402869902551174e-04
1.131001114845275879e+00,2.056314706802368164e+00,5.075834989547729492e-01,1.000000000000000000e+00,-3.917360299965366721e-05,-6.955351273063570261e-05,1.148782102973200381e-04
5.559617042541503906e+00,7.108048915863037109e+00,6.444416046142578125e+00,9.999957084655761719e-01,-1.293478417210280895e-03,2.367175882682204247e-03,1.174811040982604027e-03
4.735587596893310547e+00,2.389167308807373047e+00,6.435639858245849609e+00,9.998453259468078613e-01,1.622116751968860626e-02,5.397228989750146866e-03,-4.127169959247112274e-03
2.387999296188354492e+00,2.616310119628906250e+00,3.322955608367919922e+00,1.000000000000000000e+00,3.060397575609385967e-04,2.180015144404023886e-05,-1.567703002365306020e-04
2.758394718170166016e+00,5.479879379272460938e+00,1.309429287910461426e+00,1.000000000000000000e+00,3.813121338680502959e-06,8.105924962364952080e-07,2.464868521201424301e-05
4.925366401672363281e+00,7.127984046936035156e+00,1.483996987342834473e+00,9.999879598617553711e-01,-4.039936233311891556e-03,-2.017651713686063886e-04,-2.796992426738142967e-03
4.989338874816894531e+00,1.981055498123168945e+00,3.765402317047119141e+00,1.000000000000000000e+00,-5.835922274854965508e-05,-2.189338556490838528e-05,-8.308434189530089498e-05
2.090944945812225342e-01,6.618827819824218750e+00,6.032221317291259766e+00,1.000000000000000000e+00,-2.313032746315002441e-05,-5.341566065908409655e-05,1.990372584259603173e-05
7.688096165657043457e-01,3.737337350845336914e+00,1.700326442718505859e+00,1.000000000000000000e+00,5.036809670855291188e-05,-9.576596312399487942e-06,5.289355249260552227e-05
2.066292315721511841e-01,3.561912059783935547e+00,7.371870994567871094e+00,9.999999403953552246e-01,4.185317375231534243e-04,-7.011859906924655661e-06,3.410431963857263327e-04
4.165185928344726562e+00,2.554812669754028320e+00,3.529460906982421875e+00,1.000000000000000000e+00,-3.330927938804961741e-05,-4.429661203175783157e-05,4.234027073835022748e-05
3.851898431777954102e+00,6.761008262634277344e+00,7.159651756286621094e+00,1.000000000000000000e+00,1.950489386217668653e-04,2.573885431047528982e-04,1.356180291622877121e-04
2.679282128810882568e-01,1.370268344879150391e+00,2.897143125534057617e+00,1.000000000000000000e+00,5.821552986162714660e-05,-8.332232937391381711e-06,-1.824236096581444144e-05
2.153013467788696289e+00,6.121042728424072266e+00,2.319674491882324219e+00,1.000000000000000000e+00,2.478719688951969147e-04,1.399121392751112580e-04,-2.407431202300358564e-05
4.293931961059570312e+00,6.510563373565673828e+00,3.615644216537475586e+00,1.000000000000000000e+00,-3.986971569247543812e-05,2.555424089223379269e-06,-2.159032374038361013e-05
2.603534460067749023e+00,6.709467172622680664e-01,5.611298084259033203e+00,1.000000000000000000e+00,2.343613459743210115e-06,-5.842641985509544611e-05,-2.700608638406265527e-05
5.547635555267333984e+00,2.832065582275390625e+00,1.251977324485778809e+00,1.000000000000000000e+00,-2.190042287111282349e-04,1.251029607374221087e-04,-2.483436546754091978e-04
5.879081249237060547e+00,6.597937107086181641e+00,1.192615985870361328e+00,1.000000000000000000e+00,-4.561119203572161496e-05,1.282701032323529944e-05,8.152428927132859826e-05
5.904293060302734375e+00,2.219141721725463867e+00,4.969987869262695312e+00,1.000000000000000000e+00,5.038888775743544102e-05,-6.078838123357854784e-05,1.254407688975334167e-04
6.109635233879089355e-01,5.835506439208984375e+00,1.568587183952331543e+00,9.998801946640014648e-01,1.538691390305757523e-02,9.472644305787980556e-04,-1.425068709068000317e-03
2.413348913192749023e+00,5.336823940277099609e+00,3.736971139907836914e+00,1.000000000000000000e+00,-6.468547508120536804e-05,1.784798405424226075e-05,1.404662616550922394e-04
2.808311223983764648e+00,4.312822341918945312e+00,1.338551878929138184e+00,1.000000000000000000e+00,-8.563409210182726383e-05,3.571992783690802753e-05,2.704778489714954048e-05
3.723719358444213867e+00,5.580398082733154297e+00,5.242885589599609375e+00,9.999995827674865723e-01,-2.596942067611962557e-04,-6.481737364083528519e-04,-6.111575057730078697e-04
4.102208614349365234e+00,2.568455934524536133e+00,4.559732913970947266e+00,1.000000000000000000e+00,-2.236482941952999681e-05,-1.637150307942647487e-05,6.966218643356114626e-05
2.590814113616943359e+00,2.814964771270751953e+00,5.857835292816162109e+00,1.000000000000000000e+00,-3.875104084727354348e-05,-3.760914478334598243e-05,7.025704690022394061e-05
1.211726784706115723e+00,5.061247825622558594e+00,3.784232616424560547e+00,1.000000000000000000e+00,4.922435255139134824e-05,6.518296140711754560e-05,1.579550189489964396e-05
3.924746036529541016e+00,4.844784736633300781e+00,1.006566405296325684e+00,1.000000000000000000e+00,-7.132288737921044230e-05,3.238700173824327067e-06,1.177706508315168321e-05
6.871796607971191406e+00,7.455411911010742188e+00,2.610462427139282227e+00,9.999958872795104980e-01,2.383839339017868042e-03,9.421825525350868702e-04,1.340249553322792053e-03
5.541901588439941406e+00,4.138779163360595703e+00,1.522830128669738770e+00,9.999306797981262207e-01,1.001272164285182953e-02,5.915888585150241852e-03,1.879298011772334576e-03
4.875081539154052734e+00,4.374855995178222656e+00,7.495245933532714844e+00,9.999998807907104492e-01,3.067669240408577025e-05,4.348035436123609543e-04,1.828174426918849349e-04
3.771030664443969727e+00,6.894520282745361328e+00,1.668519377708435059e+00,1.000000000000000000e+00,5.424069513537688181e-06,-6.594987098651472479e-06,5.777873229817487299e-05
1.276705980300903320e+00,1.560389637947082520e+00,5.400713920593261719e+00,1.000000000000000000e+00,4.981487290933728218e-05,1.666380740061867982e-05,-2.728073741309344769e-05
3.879054307937622070e+00,4.952986240386962891e+00,1.473371505737304688e+00,1.000000000000000000e+00,-4.833703133044764400e-05,1.809942114050500095e-05,1.009786046779481694e-05
2.420405596494674683e-01,3.648938655853271484e+00,3.133049964904785156e+00,9.999999403953552246e-01,-5.045910365879535675e-04,-5.402877650340087712e-05,1.518271456006914377e-04
6.652361154556274414e-02,5.625043392181396484e+00,2.680774450302124023e+00,9.999999403953552246e-01,-4.380296741146594286e-04,-4.680743586504831910e-05,-1.830682886065915227e-04
4.303012371063232422e+00,7.483998298645019531e+00,2.075864076614379883e+00,9.999998807907104492e-01,7.466394890798255801e-05,-5.019547825213521719e-05,5.509070469997823238e-04
4.844188213348388672e+00,3.583357095718383789e+00,8.794567584991455078e-01,1.000000000000000000e+00,-5.470839096233248711e-05,2.769480925053358078e-04,-1.554894552100449800e-04
5.892676711082458496e-01,4.162461757659912109e-01,1.170274019241333008e+00,1.000000000000000000e+00,-8.542326213500928134e-06,1.423654794052708894e-05,-1.539028307888656855e-04
6.409030437469482422e+00,5.120632171630859375e+00,5.362681865692138672e+00,9.999505877494812012e-01,1.135640311986207962e-03,9.842758998274803162e-03,8.699379395693540573e-04
2.511059284210205078e+00,1.915836811065673828e+00,2.038618326187133789e+00,1.000000000000000000e+00,4.780529343406669796e-05,-6.323763227555900812e-05,1.565216189192142338e-05
7.176173210144042969e+00,7.366975784301757812e+00,2.126818418502807617e+00,9.999263286590576172e-01,9.704339317977428436e-03,3.773662494495511055e-03,6.237297318875789642e-03
6.711394786834716797e+00,1.111469507217407227e+00,7.164982795715332031e+00,9.999998211860656738e-01,2.001040265895426273e-04,-5.789519054815173149e-04,5.944910662947222590e-05
2.997672319412231445e+00,5.820616245269775391e+00,4.245482981204986572e-01,1.000000000000000000e+00,1.896214371299720369e-06,-5.912483902648091316e-05,-1.122935573221184313e-04
5.319568157196044922e+00,1.804211378097534180e+00,3.544248104095458984e+00,1.000000000000000000e+00,-1.030181228998117149e-04,-5.694327774108387530e-05,-9.620442870073020458e-05
6.457528114318847656e+00,1.688616752624511719e+00,7.466701984405517578e+00,1.000000000000000000e+00,2.565230533946305513e-05,-2.131643414031714201e-04,-2.841701498255133629e-04
6.108204364776611328e+00,7.427734851837158203e+00,3.978095293045043945e+00,1.000000000000000000e+00,2.645253334776498377e-05,8.172606612788513303e-05,3.940513124689459801e-06
3.824836909770965576e-01,7.447859764099121094e+00,2.442756202071905136e-03,1.000000000000000000e+00,1.920183567563071847e-04,1.548471045680344105e-04,-4.488670310820452869e-05
6.689692020416259766e+00,3.329277038574218750e+00,1.174474041908979416e-02,9.999255537986755371e-01,1.220398303121328354e-02,1.553475885884836316e-04,-1.022103897412307560e-04
5.297233104705810547e+00,4.072428226470947266e+00,3.461527347564697266e+00,1.000000000000000000e+00,1.138368243118748069e-04,1.575944770593196154e-04,-3.180019848514348269e-05
3.270204067230224609e+00,4.206395626068115234e+00,2.025414705276489258e+00,1.000000000000000000e+00,-7.498573540942743421e-05,5.009499727748334408e-05,2.491303530405275524e-05
2.650553464889526367e+00,1.264191269874572754e+00,3.056170701980590820e+00,1.000000000000000000e+00,1.806373256840743124e-05,-2.127333136741071939e-04,-1.281063396163517609e-05
3.975829839706420898e+00,4.826912879943847656e+00,7.467544555664062500e+00,1.000000000000000000e+00,-7.336291309911757708e-05,6.716042844345793128e-05,-1.292287379328627139e-05
1.331798195838928223e+00,5.650167942047119141e+00,3.317431926727294922e+00,1.000000000000000000e+00,-1.121480818255804479e-05,8.106102177407592535e-05,7.973650644998997450e-05
1.319897890090942383e+00,6.124720573425292969e+00,4.794647991657257080e-01,1.000000000000000000e+00,-2.694632858037948608e-04,1.990529563045129180e-04,-9.911975939758121967e-05
4.064980030059814453e+00,9.988160729408264160e-01,6.416985988616943359e+00,1.000000000000000000e+00,1.821237965486943722e-04,3.954475687351077795e-05,-1.721604494377970695e-04
4.469659805297851562e+00,4.152207374572753906e-01,2.218466043472290039e+00,9.999999403953552246e-01,-8.990992500912398100e-05,-8.904378773877397180e-05,4.442420031409710646e-04
7.314968585968017578e+00,3.191032409667968750e+00,1.067518591880798340e+00,9.999992847442626953e-01,-7.854480645619332790e-05,5.780968785984441638e-05,1.223202794790267944e-03
6.890782356262207031e+00,1.498528242111206055e+00,2.999805450439453125e+00,1.000000000000000000e+00,1.657991379033774137e-05,-8.186369814211502671e-05,5.344879537005908787e-05
6.307284355163574219e+00,3.781183958053588867e+00,6.110622286796569824e-01,9.998957514762878418e-01,-1.198012940585613251e-02,8.021781221032142639e-03,-8.607308263890445232e-04
5.900242328643798828e+00,5.156910896301269531e+00,3.533304214477539062e+00,1.000000000000000000e+00,4.491471190704032779e-05,-1.870290871011093259e-04,7.617696246597915888e-05
2.016876220703125000e+00,5.323714256286621094e+00,6.103961944580078125e+00,9.999999403953552246e-01,3.623579978011548519e-04,-1.411535777151584625e-04,2.531075442675501108e-04
5.085707664489746094e+00,6.352477073669433594e+00,1.797443389892578125e+00,9.999999403953552246e-01,-4.335765552241355181e-04,-9.722333197714760900e-05,-5.919105751672759652e-05
5.319195747375488281e+00,1.948970794677734375e+00,3.863669157028198242e+00,1.000000000000000000e+00,-5.944969234406016767e-05,-9.839942504186183214e-05,-6.635284080402925611e-05
8.270536065101623535e-01,6.578477382659912109e+00,4.255548954010009766e+00,1.000000000000000000e+00,-2.191283419961109757e-04,1.733736862661316991e-04,1.552731409901753068e-04
7.421752452850341797e+00,5.956323146820068359e+00,6.969060897827148438e+00,1.000000000000000000e+00,-6.478319846792146564e-05,-1.289305364480242133e-04,-6.634408055106177926e-05
6.577067852020263672e+00,1.966394066810607910e+00,6.710168123245239258e-01,9.999992251396179199e-01,-1.127087394706904888e-03,-3.808605833910405636e-04,5.758845945820212364e-04
3.991888046264648438e+00,4.565606594085693359e+00,4.079052925109863281e+00,1.000000000000000000e+00,-8.570753561798483133e-05,-1.825195649871602654e-04,-8.352123404620215297e-05
6.565449714660644531e+00,1.189294219017028809e+00,4.575298309326171875e+00,1.000000000000000000e+00,5.565945684793405235e-05,-1.678568150964565575e-05,1.018288094201125205e-04
1.378749966621398926e+00,4.738811492919921875e+00,3.489868879318237305e+00,1.000000000000000000e+00,-2.151318085452658124e-06,3.349997859913855791e-05,7.027872925391420722e-05
5.493295192718505859e+00,4.761210978031158447e-01,6.135743141174316406e+00,1.000000000000000000e+00,1.034564556903205812e-04,-9.875111572910100222e-05,1.199340767925605178e-04
3.323870897293090820e-01,4.739714145660400391e+00,2.195210933685302734e+00,1.000000000000000000e+00,3.079587986576370895e-05,-1.067166303982958198e-04,-3.522786937537603080e-05
4.277074813842773438e+00,2.076569795608520508e+00,2.910527706146240234e+00,1.000000000000000000e+00,-2.876704093068838120e-04,1.478278863942250609e-04,-1.366020296700298786e-04
2.616201043128967285e-01,5.466873168945312500e+00,4.891644001007080078e+00,1.000000000000000000e+00,3.387578908586874604e-05,1.191175033454783261e-04,-1.255101324204588309e-05
9.707635641098022461e-01,5.075571537017822266e+00,1.516259908676147461e+00,9.999995827674865723e-01,8.158390992321074009e-04,3.098792803939431906e-04,2.992573718074709177e-04
3.631130695343017578e+00,8.189410567283630371e-01,2.534840106964111328e+00,1.000000000000000000e+00,4.837186497752554715e-05,2.836256669525027974e-07,1.301746306126005948e-05
5.797400474548339844e+00,4.252866268157958984e+00,7.131997585296630859e+00,9.998943805694580078e-01,-6.744113285094499588e-03,7.929321378469467163e-03,1.014637760818004608e-02
5.200447082519531250e+00,4.838369846343994141e+00,6.329171657562255859e+00,1.000000000000000000e+00,2.929690163000486791e-05,1.421202468918636441e-04,2.502999996067956090e-05
6.150386810302734375e+00,1.009655952453613281e+00,5.160789489746093750e+00,1.000000000000000000e+00,4.608949893736280501e-05,-1.575440182932652533e-05,1.228917535627260804e-04
1.342527747154235840e+00,2.812362432479858398e+00,2.301883220672607422e+00,9.999991655349731445e-01,2.984623133670538664e-04,4.129799199290573597e-04,-1.242041937075555325e-03
6.353150367736816406e+00,5.754205226898193359e+00,1.837435245513916016e+00,1.000000000000000000e+00,-1.912128209369257092e-04,6.642279913648962975e-05,-1.836210576584562659e-04
5.236964225769042969e+00,5.423943400382995605e-01,3.849342823028564453e+00,1.000000000000000000e+00,3.656109765870496631e-05,7.154299237299710512e-05,1.204804266308201477e-05
2.653626441955566406e+00,4.775222778320312500e+00,5.589300632476806641e+00,1.000000000000000000e+00,-9.670783038018271327e-05,8.572502702008932829e-05,-2.959051635116338730e-04
5.438004016876220703e+00,5.002322793006896973e-01,3.303281545639038086e+00,9.999997615814208984e-01,-2.432397886877879500e-04,6.067419308237731457e-04,-3.720249515026807785e-04
3.651186227798461914e+00,2.670516490936279297e+00,4.283326148986816406e+00,1.000000000000000000e+00,-6.398846016963943839e-05,-1.686982432147487998e-05,1.436610764358192682e-04
5.467931270599365234e+00,5.004268646240234375e+00,2.253275156021118164e+00,9.999998807907104492e-01,-1.248954213224351406e-04,3.708809963427484035e-04,-5.180281004868447781e-04
5.212334632873535156e+00,1.314473897218704224e-01,1.501341462135314941e+00,9.999998211860656738e-01,-3.754112403839826584e-04,-1.697919469734188169e-05,-5.328856641426682472e-04
2.181607961654663086e+00,3.294405341148376465e-01,1.492238879203796387e+00,1.000000000000000000e+00,-4.095345866517163813e-05,-6.497350113932043314e-05,-2.129185304511338472e-06
1.692553877830505371e+00,5.491595745086669922e+00,6.991537094116210938e+00,1.000000000000000000e+00,2.065942680928856134e-04,-1.782195322448387742e-04,2.574024838395416737e-04
6.128171086311340332e-01,5.209089517593383789e-01,5.101025104522705078e+00,1.000000000000000000e+00,-5.213975327933439985e-06,3.094121348112821579e-05,-1.110597258957568556e-05
1.935004234313964844e+00,9.659091234207153320e-01,5.512012481689453125e+00,1.000000000000000000e+00,-3.787766399909742177e-05,-6.016484257997944951e-05,-2.935750308097340167e-05
4.318571567535400391e+00,2.427849769592285156e+00,3.065633535385131836e+00,1.000000000000000000e+00,-9.761140972841531038e-05,1.482814150222111493e-05,-3.036401903955265880e-05
2.620699703693389893e-01,4.600599765777587891e+00,4.526952743530273438e+00,1.000000000000000000e+00,1.323940959991887212e-04,7.853084389353170991e-05,-5.589039938058704138e-05
6.694732189178466797e+00,7.777726054191589355e-01,3.137801885604858398e+00,1.000000000000000000e+00,1.399068860337138176e-04,3.313628621981479228e-05,8.645931302453391254e-06
6.455704689025878906e+00,3.832912206649780273e+00,7.312107563018798828e+00,9.999531507492065430e-01,6.116765085607767105e-03,6.092557683587074280e-03,4.386595916002988815e-03
1.348688483238220215e+00,2.592701911926269531e-01,3.746873855590820312e+00,1.000000000000000000e+00,-1.555400740471668541e-05,1.883485856524202973e-05,-5.735500235459767282e-05
6.643368721008300781e+00,5.534688472747802734e+00,4.509284019470214844e+00,1.000000000000000000e+00,-6.330221822281600907e-06,-2.935735683422535658e-04,-1.894751476356759667e-04
6.307163715362548828e+00,4.486783504486083984e+00,6.899685382843017578e+00,9.999966025352478027e-01,-1.863384270109236240e-03,8.289693505503237247e-04,1.627886551432311535e-03
4.582666397094726562e+00,2.866332769393920898e+00,7.428352355957031250e+00,1.000000000000000000e+00,1.183383137686178088e-04,7.818429730832576752e-05,-2.000240419874899089e-05
4.441523075103759766e+00,6.378667831420898438e+00,3.346759378910064697e-01,9.999508857727050781e-01,-5.423721391707658768e-03,-7.836227305233478546e-03,2.739436924457550049e-03
6.385014533996582031e+00,6.254506587982177734e+00,7.200098633766174316e-01,1.000000000000000000e+00,-7.570155139546841383e-05,-4.196950612822547555e-06,2.049571412499062717e-05
2.173841476440429688e+00,7.583065629005432129e-01,3.569182395935058594e+00,1.000000000000000000e+00,2.192736246797721833e-05,-6.475138070527464151e-05,1.115582417696714401e-04
7.044145584106445312e+00,2.703201293945312500e+00,6.171870231628417969e+00,1.000000000000000000e+00,-8.003354014363139868e-05,1.029573395499028265e-04,1.797797449398785830e-04
4.622127532958984375e+00,1.812239646911621094e+00,2.861199617385864258e+00,1.000000000000000000e+00,-2.647256478667259216e-04,1.833807764342054725e-04,2.916271341746323742e-06
4.120307922363281250e+00,3.085494041442871094e-01,1.290928006172180176e+00,1.000000000000000000e+00,7.491077121812850237e-05,-2.187676045650732704e-06,2.438794617773965001e-04
1.176951885223388672e+00,2.034957647323608398e+00,2.808915376663208008e+00,1.000000000000000000e+00,-4.960818841936998069e-05,7.340076263062655926e-05,2.172707900172099471e-05
5.222880840301513672e+00,3.929181098937988281e+00,2.257815122604370117e+00,9.999974966049194336e-01,1.167889218777418137e-03,3.770395705942064524e-04,-1.912517240270972252e-03
6.427063941955566406e+00,1.231635808944702148e+00,2.085340738296508789e+00,1.000000000000000000e+00,6.281995592871680856e-05,-1.280656433664262295e-04,1.286262413486838341e-04
3.445741415023803711e+00,5.597517490386962891e+00,6.096566200256347656e+00,1.000000000000000000e+00,1.036194153130054474e-04,1.323473261436447501e-04,-5.727900133933871984e-05
7.046864986419677734e+00,1.352352380752563477e+00,2.492379903793334961e+00,1.000000000000000000e+00,8.590344805270433426e-05,-6.073616532376036048e-05,-7.382175226666731760e-07
3.757694959640502930e-01,4.980738639831542969e+00,1.118034005165100098e+00,1.000000000000000000e+00,2.694935828913003206e-04,2.597658021841198206e-05,-8.844540570862591267e-05
6.828029155731201172e+00,6.548029422760009766e+00,3.773015260696411133e+00,1.000000000000000000e+00,-5.272395719657652080e-05,-3.111809201072901487e-04,-1.754704862833023071e-05
5.301807403564453125e+00,6.645426273345947266e+00,4.371954441070556641e+00,1.000000000000000000e+00,2.503515497664920986e-05,-4.586891373037360609e-05,-7.809969974914565682e-05
6.358897209167480469e+00,6.943258762359619141e+00,6.175416946411132812e+00,9.999997019767761230e-01,2.905266883317381144e-04,-1.986413699341937900e-04,-7.450994453392922878e-04
7.005313873291015625e+00,1.144363880157470703e+00,4.417862415313720703e+00,1.000000000000000000e+00,5.141381916473619640e-05,-3.377438770257867873e-05,7.986216223798692226e-05
2.209839820861816406e+00,2.374534606933593750e+00,8.953050374984741211e-01,1.000000000000000000e+00,1.553133006382267922e-05,-4.532817547442391515e-05,3.720296808751299977e-05
4.356515884399414062e+00,6.110031604766845703e+00,1.382838606834411621e+00,1.000000000000000000e+00,7.665587327210232615e-05,9.569578105583786964e-05,-7.756394916214048862e-05
5.540762901306152344e+00,1.438102960586547852e+00,6.192379474639892578e+00,9.999997019767761230e-01,6.495022680610418320e-04,1.322118332609534264e-04,4.930697614327073097e-04
6.857246875762939453e+00,4.791268348693847656e+00,2.112673282623291016e+00,1.000000000000000000e+00,3.579828189685940742e-04,-1.473462762078270316e-04,-2.796137596305925399e-05
6.628404140472412109e+00,1.058827042579650879e+00,9.918818473815917969e-01,1.000000000000000000e+00,-9.198097541229799390e-05,3.984534414485096931e-04,1.918554626172408462e-04
6.270113945007324219e+00,3.554069995880126953e+00,5.592598915100097656e+00,1.000000000000000000e+00,-7.245284359669312835e-05,-6.390452472260221839e-05,-1.287743070861324668e-04
6.127430438995361328e+00,4.092690944671630859e+00,2.972958803176879883e+00,1.000000000000000000e+00,-1.918504567584022880e-04,1.105834890040569007e-04,-3.112097037956118584e-04
6.701840400695800781e+00,5.077212810516357422e+00,5.485217094421386719e+00,9.999251961708068848e-01,2.642220119014382362e-03,1.192816253751516342e-02,-6.096692522987723351e-04
5.124760150909423828e+00,1.478756427764892578e+00,4.608487606048583984e+00,1.000000000000000000e+00,7.104150427039712667e-05,-2.400866833340842277e-06,5.345083627616986632e-05
1.200146913528442383e+00,5.445296764373779297e+00,4.359654188156127930e-01,1.000000000000000000e+00,-1.256796094821766019e-04,2.515443520678672940e-05,2.464556018821895123e-05
5.776707649230957031e+00,6.920814990997314453e+00,6.019845008850097656e+00,9.999516010284423828e-01,3.422328503802418709e-03,1.241649006260558963e-04,9.221740067005157471e-03
1.298333048820495605e+00,6.970288276672363281e+00,6.963868618011474609e+00,9.999992847442626953e-01,-3.429980133660137653e-04,3.328889433760195971e-04,1.134052406996488571e-03
3.935218095779418945e+00,5.191493511199951172e+00,1.787845134735107422e+00,1.000000000000000000e+00,-3.532130722305737436e-05,-2.326159119547810405e-05,1.903570591821335256e-05
5.972840309143066406e+00,8.554501831531524658e-02,3.176393508911132812e+00,1.000000000000000000e+00,1.386033254675567150e-04,-1.231558708241209388e-04,-3.791779818129725754e-05
7.586858272552490234e-01,3.245907306671142578e+00,7.214762687683105469e+00,1.000000000000000000e+00,1.456432073609903455e-04,-2.241369511466473341e-04,9.281755774281919003e-05
2.171690940856933594e+00,2.312070608139038086e+00,6.237256050109863281e+00,1.000000000000000000e+00,4.493570304475724697e-05,-2.543089794926345348e-05,4.927236659568734467e-05
4.208821296691894531e+00,1.997615098953247070e+00,4.010901451110839844e+00,1.000000000000000000e+00,-2.493409738235641271e-05,9.105628123506903648e-05,6.424303137464448810e-05
5.834589004516601562e+00,1.008660078048706055e+00,3.125237703323364258e+00,1.000000000000000000e+00,5.768966366304084659e-05,1.092808270186651498e-05,-5.019956915930379182e-06
1.967830419540405273e+00,3.985242366790771484e+00,1.604634761810302734e+00,1.000000000000000000e+00,-2.240282356069656089e-06,2.402237259957473725e-05,-1.295805941481376067e-05
6.908167004585266113e-01,6.832869052886962891e+00,4.710315704345703125e+00,1.000000000000000000e+00,-1.172357224277220666e-04,7.122645183699205518e-05,3.588295658119022846e-05
2.842382907867431641e+00,5.318735599517822266e+00,2.898284792900085449e-01,1.000000000000000000e+00,-7.445591108989901841e-06,3.456551098679483403e-07,-2.232973201898857951e-05
2.822575092315673828e+00,8.263859748840332031e-01,2.238482236862182617e+00,1.000000000000000000e+00,-1.157632686954457313e-05,-3.656808621599338949e-05,-9.106927791435737163e-06
6.952244281768798828e+00,6.447904586791992188e+00,6.158584356307983398e-01,1.000000000000000000e+00,-6.534459680551663041e-05,1.837323361542075872e-05,3.244652180001139641e-05
2.804911613464355469e+00,3.865559101104736328e+00,4.232980310916900635e-01,1.000000000000000000e+00,-2.468770071573089808e-05,-6.083462358219549060e-05,-1.880674535641446710e-04
6.001157760620117188e+00,3.635017871856689453e+00,4.482192397117614746e-01,9.999981522560119629e-01,3.435321850702166557e-04,-7.317208801396191120e-04,-1.750868395902216434e-03
6.339911460876464844e+00,7.020168781280517578e+00,4.633785724639892578e+00,1.000000000000000000e+00,-4.086127955815754831e-05,-1.987506038858555257e-05,-5.434402191895060241e-05
1.882761001586914062e+00,5.109885692596435547e+00,5.336394309997558594e+00,9.999994039535522461e-01,-1.148687442764639854e-03,-1.558516960358247161e-04,1.878237671917304397e-04
4.681334972381591797e+00,7.921685576438903809e-01,9.307727217674255371e-01,9.999759793281555176e-01,-1.394346938468515873e-03,-3.264694474637508392e-03,5.960916634649038315e-03
4.561755657196044922e+00,3.979900121688842773e+00,5.578289508819580078e+00,9.999990463256835938e-01,-1.269393949769437313e-03,1.103224130929447711e-04,6.590583943761885166e-04
4.425148963928222656e+00,3.008134365081787109e+00,2.530593872070312500e+00,9.999997615814208984e-01,-2.829538425430655479e-04,-2.380974910920485854e-04,7.024049409665167332e-04
2.960188388824462891e+00,7.143426895141601562e+00,5.558017253875732422e+00,1.000000000000000000e+00,6.974458665354177356e-05,-1.075607578968629241e-04,7.734663086012005806e-05
4.469520092010498047e+00,2.970171689987182617e+00,4.140244007110595703e+00,1.000000000000000000e+00,4.541207090369425714e-05,-5.435574712464585900e-05,5.742253051721490920e-05
7.469476699829101562e+00,1.895716428756713867e+00,7.920898497104644775e-02,9.999999403953552246e-01,-5.975893509457819164e-05,1.396419538650661707e-04,5.250876420177519321e-04
2.550014495849609375e+00,6.856985569000244141e+00,6.088086128234863281e+00,1.000000000000000000e+00,-2.335569661227054894e-05,-5.227806468610651791e-05,3.691048914333805442e-05
1.048414111137390137e+00,5.881690502166748047e+00,5.206793785095214844e+00,9.999999403953552246e-01,-2.480363764334470034e-04,-2.781530783977359533e-04,3.201895742677152157e-04
3.953186273574829102e+00,3.680700302124023438e+00,5.514472961425781250e+00,1.000000000000000000e+00,-1.485019602114334702e-04,-1.874868939921725541e-05,2.537141335778869689e-05
3.440498590469360352e+00,7.033477306365966797e+00,1.176858425140380859e+00,1.000000000000000000e+00,2.023514980464824475e-06,-1.852930654422380030e-05,4.419727338245138526e-05
2.788534164428710938e+00,1.443370580673217773e-01,5.560090065002441406e+00,1.000000000000000000e+00,-1.174996214103884995e-05,-5.858246004208922386e-05,-8.538460861018393189e-06
4.786893844604492188e+00,2.485265970230102539e+00,4.234949588775634766e+00,1.000000000000000000e+00,-9.431591752218082547e-05,1.572556211613118649e-04,-3.319409188407007605e-06
5.964513301849365234e+00,2.885831594467163086e+00,1.851067543029785156e+00,1.000000000000000000e+00,-1.655405212659388781e-04,-9.028928616316989064e-05,-7.585318962810561061e-05
2.226218581199645996e-01,4.693775177001953125e+00,3.020720005035400391e+00,1.000000000000000000e+00,-3.613439548644237220e-05,-1.020092095131985843e-04,-3.426237162784673274e-05
3.268669843673706055e+00,5.047504901885986328e+00,5.052676200866699219e-01,1.000000000000000000e+00,-6.714821211062371731e-05,-8.551872269890736789e-06,-1.617189445823896676e-05
5.349535942077636719e+00,7.000044822692871094e+00,6.226435184478759766e+00,9.999958276748657227e-01,-1.511101727373898029e-03,8.320630295202136040e-04,-2.319536404684185982e-03
1.622192621231079102e+00,1.929153129458427429e-02,7.274823188781738281e+00,1.000000000000000000e+00,1.588374288985505700e-04,-3.810338967014104128e-05,1.897062611533328891e-04
6.542007923126220703e+00,6.742184638977050781e+00,8.596765398979187012e-01,1.000000000000000000e+00,3.674746039905585349e-05,1.584325764270033687e-05,-4.473746230360120535e-06
5.479479312896728516e+00,6.726231098175048828e+00,4.881742954254150391e+00,1.000000000000000000e+00,1.361562408419558778e-05,-8.602916204836219549e-05,-9.382913412991911173e-05
4.204998016357421875e+00,6.389704227447509766e+00,1.901710033416748047e+00,1.000000000000000000e+00,-5.896162838325835764e-05,6.239360664039850235e-05,-2.952009344880934805e-05
6.259077072143554688e+00,2.208394289016723633e+00,5.501842498779296875e+00,1.000000000000000000e+00,8.228942169807851315e-05,1.243269944097846746e-04,1.914454915095120668e-04
8.616971373558044434e-01,6.095275402069091797e+00,1.344152331352233887e+00,9.999979138374328613e-01,3.022850432898849249e-05,-1.076904707588255405e-03,-1.790157402865588665e-03
4.206624984741210938e+00,3.224170446395874023e+00,2.415254354476928711e+00,9.999993443489074707e-01,-5.063717835582792759e-04,-3.798382531385868788e-04,1.010259031318128109e-03
5.686407089233398438e-01,4.539075374603271484e+00,2.530861616134643555e+00,1.000000000000000000e+00,-1.183648346341215074e-04,5.616424459731206298e-05,7.355606066994369030e-05
4.109935760498046875e+00,7.006952285766601562e+00,4.264214038848876953e+00,1.000000000000000000e+00,-4.754331166623160243e-05,1.063829331542365253e-04,-1.004739096970297396e-04
3.731833696365356445e+00,4.890295267105102539e-01,7.174100875854492188e+00,1.000000000000000000e+00,-1.824079809011891484e-04,1.605279830982908607e-04,7.399833702947944403e-05
2.609122395515441895e-01,4.063416004180908203e+00,7.133880615234375000e+00,9.999960064888000488e-01,-5.631885724142193794e-04,2.426807768642902374e-03,-1.389539684168994427e-03
2.983004808425903320e+00,6.123735427856445312e+00,6.987668037414550781e+00,1.000000000000000000e+00,1.062670926330611110e-04,1.597282243892550468e-04,-2.039338432950899005e-04
4.324125349521636963e-01,7.311121940612792969e+00,4.013773441314697266e+00,1.000000000000000000e+00,8.046963193919509649e-05,5.946980672888457775e-05,-9.447407501284033060e-05
6.332442760467529297e-01,6.713568210601806641e+00,6.139167785644531250e+00,1.000000000000000000e+00,-7.810875104041770101e-05,-7.155356433941051364e-05,7.096001354511827230e-05
5.115696907043457031e+00,6.408895969390869141e+00,5.255942940711975098e-01,9.999997615814208984e-01,3.208098059985786676e-04,3.953220148105174303e-04,-4.582089895848184824e-04
6.521671414375305176e-01,1.722069859504699707e+00,5.484796524047851562e+00,1.000000000000000000e+00,9.582917118677869439e-05,-4.572882244247011840e-05,-9.654531459091231227e-05
4.715042114257812500e+00,4.614954471588134766e+00,2.321640253067016602e+00,1.000000000000000000e+00,3.115660729235969484e-05,-8.953828364610671997e-05,1.250565837835893035e-04
1.162049531936645508e+00,3.791303396224975586e+00,3.318442106246948242e+00,1.000000000000000000e+00,-1.883834738691803068e-05,2.352380761294625700e-06,1.205463413498364389e-04
5.443809986114501953e+00,2.418235778808593750e+00,6.645519256591796875e+00,9.999997019767761230e-01,3.909806764568202198e-05,3.433357924222946167e-04,-7.902124198153614998e-04
2.838947057723999023e+00,1.022163987159729004e+00,7.142355442047119141e+00,1.000000000000000000e+00,3.005321377713698894e-05,5.145780596649274230e-05,-2.945571031887084246e-04
1.211553573608398438e+00,5.650275349617004395e-01,3.611723184585571289e+00,1.000000000000000000e+00,3.813496005022898316e-05,5.337050242815166712e-05,-5.734747537644580007e-05
5.425808906555175781e+00,4.406357765197753906e+00,5.278230190277099609e+00,9.998267292976379395e-01,1.299543655477464199e-03,1.786533859558403492e-03,-1.848205365240573883e-02
4.621003150939941406e+00,4.530794620513916016e+00,4.731254577636718750e+00,9.999987483024597168e-01,-1.422747038304805756e-03,-7.770959637127816677e-04,2.400286757620051503e-05
6.823905467987060547e+00,6.426276206970214844e+00,3.415582895278930664e+00,9.999977350234985352e-01,4.447474784683436155e-04,-2.038610167801380157e-03,4.716569092124700546e-04
1.860714435577392578e+00,1.999117851257324219e+00,6.159862041473388672e+00,1.000000000000000000e+00,5.208759830566123128e-05,1.856911694630980492e-05,2.870464049919974059e-05
2.578689575195312500e+00,7.479126930236816406e+00,4.311980724334716797e+00,1.000000000000000000e+00,-7.251301576616242528e-05,2.354036951146554202e-05,4.835738218389451504e-05
4.689217567443847656e+00,1.058584451675415039e+00,2.986654758453369141e+00,1.000000000000000000e+00,-8.423558028880506754e-06,5.806999615742824972e-05,6.043884786777198315e-05
6.091243028640747070e-01,3.558471202850341797e+00,3.557397127151489258e-01,1.000000000000000000e+00,-7.444219954777508974e-05,-5.095722372061572969e-05,1.585420541232451797e-04
1.799133539199829102e+00,4.244490265846252441e-01,2.617934942245483398e+00,1.000000000000000000e+00,3.661369191831909120e-05,-1.926931872731074691e-05,-1.183851873065577820e-05
6.696414470672607422e+00,4.739488661289215088e-01,5.867139816284179688e+00,1.000000000000000000e+00,6.271142046898603439e-05,-2.481478804838843644e-05,6.659376958850771189e-05
3.440839052200317383e+00,3.734202384948730469e+00,2.071557760238647461e+00,1.000000000000000000e+00,2.961000791401602328e-05,1.508669811300933361e-04,-9.348942694487050176e-05
5.773375511169433594e+00,4.978605747222900391e+00,1.904564142227172852e+00,9.999956488609313965e-01,-2.236963715404272079e-03,-6.722768885083496571e-04,1.787414774298667908e-03
5.274603366851806641e+00,7.016971111297607422e+00,3.279307126998901367e+00,9.999972581863403320e-01,2.210342558100819588e-03,-8.509401232004165649e-04,-1.208428584504872561e-04
2.206140518188476562e+00,5.161369323730468750e+00,7.562898397445678711e-01,1.000000000000000000e+00,-3.012029083038214594e-06,3.025374826393090189e-05,2.066346314677502960e-05
1.763248920440673828e+00,1.935129642486572266e+00,2.344933986663818359e+00,1.000000000000000000e+00,3.735861901077441871e-05,1.278942636417923495e-05,1.411952689522877336e-04
3.136526584625244141e+00,4.789094448089599609e+00,1.965714097023010254e+00,1.000000000000000000e+00,-3.734557321877218783e-05,2.667438820935785770e-05,2.280471017002128065e-05
6.355342388153076172e+00,2.464919239282608032e-01,5.196066498756408691e-01,1.000000000000000000e+00,7.219483813969418406e-05,5.016300929128192365e-05,4.607985465554520488e-05
4.426031589508056641e+00,1.038412690162658691e+00,4.200222492218017578e+00,1.000000000000000000e+00,5.006765786674804986e-05,9.197244798997417092e-05,-4.597831866703927517e-05
9.442406296730041504e-01,7.388649463653564453e+00,6.435986995697021484e+00,1.000000000000000000e+00,-4.268723932909779251e-05,-5.637371941702440381e-05,1.209638794534839690e-04
2.458658456802368164e+00,5.010501861572265625e+00,2.235862970352172852e+00,1.000000000000000000e+00,-2.911111187131609768e-05,4.141267345403321087e-05,6.068613220122642815e-05
5.267879962921142578e+00,3.582947492599487305e+00,4.470494747161865234e+00,1.000000000000000000e+00,6.860368739580735564e-05,1.186966755994944833e-06,-9.478082938585430384e-05
5.916968345642089844e+00,2.744848012924194336e+00,1.212850451469421387e+00,1.000000000000000000e+00,-2.513652725610882044e-04,-2.242236405436415225e-05,-2.480610273778438568e-04
2.477517366409301758e+00,5.454864025115966797e+00,4.702603340148925781e+00,1.000000000000000000e+00,-4.002974310424178839e-05,-4.050667121191509068e-05,7.105508120730519295e-05
7.176158428192138672e+00,3.568586826324462891e+00,3.705053091049194336e+00,1.000000000000000000e+00,-1.094644248951226473e-04,-1.098235879908315837e-04,-7.058383926050737500e-05
7.094758033752441406e+00,5.354262351989746094e+00,2.812183141708374023e+00,9.999986290931701660e-01,-1.387812546454370022e-03,6.623439257964491844e-04,-6.898046704009175301e-04
6.368028163909912109e+00,3.358619213104248047e+00,3.497869253158569336e+00,9.999997019767761230e-01,4.250986967235803604e-04,-4.704198800027370453e-04,5.174893885850906372e-04
5.829586029052734375e+00,4.536461830139160156e+00,6.874084472656250000e+00,9.999979138374328613e-01,1.106661045923829079e-03,-1.558469259180128574e-03,-7.713243248872458935e-04
2.600185573101043701e-01,1.769875586032867432e-01,7.061816215515136719e+00,1.000000000000000000e+00,8.738767064642161131e-05,-5.526561653823591769e-05,-5.436563878902234137e-05
4.763686656951904297e+00,9.539965540170669556e-03,3.570605039596557617e+00,1.000000000000000000e+00,-2.012097320402972400e-05,3.615907553466968238e-05,5.353649248718284070e-05
8.997381329536437988e-01,4.365575790405273438e+00,7.459982395172119141e+00,1.000000000000000000e+00,-1.206904998980462551e-04,-8.164279279299080372e-05,5.035608410253189504e-05
4.760419845581054688e+00,3.714093685150146484e+00,1.263014435768127441e+00,1.000000000000000000e+00,-7.197449303930625319e-05,1.543125981697812676e-04,-1.177618105430155993e-04
5.998590946197509766e+00,5.044563770294189453e+00,4.138784885406494141e+00,1.000000000000000000e+00,4.444019941729493439e-05,-1.921824296005070210e-04,3.904812547261826694e-05
1.552971601486206055e+00,5.980838775634765625e+00,6.393348217010498047e+00,1.000000000000000000e+00,1.702463632682338357e-04,-1.651361817494034767e-04,3.008693165611475706e-04
3.722801208496093750e+00,2.210458517074584961e+00,1.556993842124938965e+00,9.999998807907104492e-01,1.704562018858268857e-04,6.804411532357335091e-05,-3.870106884278357029e-04
7.402827739715576172e+00,1.782146334648132324e+00,3.857898473739624023e+00,1.000000000000000000e+00,7.622264820383861661e-05,-7.319920405279844999e-05,1.682947913650423288e-04
3.532258510589599609e+00,5.171913623809814453e+00,2.560526371002197266e+00,1.000000000000000000e+00,-1.041294090100564063e-04,6.425430183298885822e-05,9.867241715255659074e-06
5.733878135681152344e+00,5.290176868438720703e+00,2.000063657760620117e+00,9.999957084655761719e-01,-2.080537145957350731e-03,-7.864943472668528557e-04,1.936832326464354992e-03
4.528133392333984375e+00,3.242366015911102295e-01,5.545795440673828125e+00,9.999779462814331055e-01,3.549484768882393837e-03,-2.933161566033959389e-03,4.793610889464616776e-03
7.118664264678955078e+00,7.513641119003295898e-01,2.895840167999267578e+00,1.000000000000000000e+00,1.252178044524043798e-04,4.462486685952171683e-05,-9.263605170417577028e-05
4.656554222106933594e+00,3.422917366027832031e+00,5.124552726745605469e+00,1.000000000000000000e+00,-8.251873805420473218e-05,-8.955172961577773094e-05,1.280741707887500525e-04
1.620498061180114746e+00,1.296595811843872070e+00,1.372739315032958984e+00,1.000000000000000000e+00,-4.278183496353449300e-06,-1.920489194162655622e-05,1.213513405673438683e-05
6.080658435821533203e+00,3.567775964736938477e+00,1.948537349700927734e+00,9.999999403953552246e-01,-3.541210317052900791e-04,-3.050466475542634726e-04,-3.314149580546654761e-06
3.895865440368652344e+00,2.470620393753051758e+00,2.796185255050659180e+00,1.000000000000000000e+00,-2.036304795183241367e-04,-4.955014082952402532e-05,-2.547210315242409706e-04
6.645172595977783203e+00,4.340592861175537109e+00,3.717252969741821289e+00,1.000000000000000000e+00,-1.653096842346712947e-04,6.732108158757910132e-05,-2.785113174468278885e-04
2.170370817184448242e+00,4.465704917907714844e+00,5.456112861633300781e+00,1.000000000000000000e+00,-3.178538099746219814e-05,-1.508600107626989484e-04,1.894116430776193738e-04
6.658504009246826172e+00,5.699406623840332031e+00,3.021552562713623047e+00,9.999997019767761230e-01,-8.006211137399077415e-04,-7.446706149494275451e-05,1.697850821074098349e-04
3.086421012878417969e+00,7.468596935272216797e+00,2.901147603988647461e-01,9.999996423721313477e-01,-5.326853133738040924e-04,1.574407724547199905e-05,-7.078392081893980503e-04
3.679376125335693359e+00,4.250199317932128906e+00,6.456669807434082031e+00,1.000000000000000000e+00,-2.592101736809127033e-05,1.624262658879160881e-04,2.564472652011318132e-06
5.660703182220458984e-01,7.200328111648559570e-01,3.393969535827636719e+00,1.000000000000000000e+00,1.087463242583908141e-04,9.348924322694074363e-06,-6.835306703578680754e-05
4.083216667175292969e+00,6.131701469421386719e+00,6.956565380096435547e+00,9.999998807907104492e-01,2.430034364806488156e-04,5.290620028972625732e-04,-2.138257987098768353e-04
2.555059671401977539e+00,6.620575904846191406e+00,8.996034264564514160e-01,1.000000000000000000e+00,2.191993844462558627e-04,3.412548176129348576e-05,2.598523860797286034e-04
3.432913780212402344e+00,2.313588619232177734e+00,1.814885586500167847e-01,1.000000000000000000e+00,4.907691254629753530e-05,-6.182011566124856472e-05,1.614022912690415978e-04
1.228757977485656738e+00,5.632533550262451172e+00,6.997774124145507812e+00,9.999998807907104492e-01,3.180272178724408150e-04,-2.274052676511928439e-04,4.352967080194503069e-04
6.052992343902587891e+00,4.277158737182617188e+00,7.324768543243408203e+00,9.998257160186767578e-01,8.691093884408473969e-03,9.703047573566436768e-03,1.337563060224056244e-02
2.916374206542968750e+00,7.004895687103271484e+00,2.133323848247528076e-01,9.999501109123229980e-01,-6.822044495493173599e-03,-4.940609913319349289e-03,-5.373317748308181763e-03
1.946790575981140137e+00,1.492739200592041016e+00,5.559187412261962891e+00,1.000000000000000000e+00,2.051426417892798781e-05,-5.540641723200678825e-05,-8.166702173184603453e-06
7.333164691925048828e+00,5.773074626922607422e+00,6.237828254699707031e+00,1.000000000000000000e+00,2.868670162570197135e-05,-1.847526436904445291e-04,5.220314051257446408e-05
2.839781284332275391e+00,2.275733709335327148e+00,3.185154199600219727e+00,1.000000000000000000e+00,2.127183106495067477e-04,-1.125345515902154148e-04,-1.806470536394044757e-04
2.179581165313720703e+00,3.048546075820922852e+00,5.133491992950439453e+00,1.000000000000000000e+00,6.563725764863193035e-05,1.984741356864105910e-05,4.090364018338732421e-05
4.459710121154785156e+00,4.031239509582519531e+00,2.142658948898315430e+00,1.000000000000000000e+00,1.445665402570739388e-04,-3.817453034571371973e-05,-7.111448212526738644e-05
7.492828845977783203e+00,6.090745925903320312e+00,4.770231246948242188e+00,1.000000000000000000e+00,-1.342645555268973112e-04,-2.520358066249173135e-05,-4.562815229292027652e-05
6.591940402984619141e+00,1.694815278053283691e+00,5.912734031677246094e+00,1.000000000000000000e+00,8.143068407662212849e-05,7.861431367928162217e-05,1.540573575766757131e-04
5.530780792236328125e+00,1.175934791564941406e+00,5.886844635009765625e+00,1.000000000000000000e+00,1.866017410065978765e-04,6.571946869371458888e-06,1.838183525251224637e-04
1.082975387573242188e+00,6.749705791473388672e+00,6.799383163452148438e+00,9.999991655349731445e-01,-9.021229925565421581e-04,5.075441440567374229e-04,8.798482012934982777e-04
1.019715547561645508e+00,3.702775239944458008e+00,6.102389812469482422e+00,1.000000000000000000e+00,-7.623852434335276484e-05,1.819157623685896397e-04,8.510145562468096614e-05
4.693825721740722656e+00,5.417182922363281250e+00,1.025210976600646973e+00,1.000000000000000000e+00,-1.633758017760555958e-07,-1.405188595526851714e-05,-2.377717828494496644e-05
3.720206022262573242e+00,7.032927036285400391e+00,2.359905242919921875e+00,1.000000000000000000e+00,7.368633760052034631e-06,4.966569758835248649e-05,1.275848262594081461e-05
4.301939010620117188e+00,5.073791503906250000e+00,1.281511902809143066e+00,1.000000000000000000e+00,-4.899386112811043859e-05,-6.977457087486982346e-05,1.379738841933431104e-05
5.635533332824707031e+00,3.691715955734252930e+00,6.051037311553955078e+00,1.000000000000000000e+00,-1.630896731512621045e-04,1.168274047813611105e-05,2.064302971120923758e-04
2.486154317855834961e+00,7.071431279182434082e-01,4.644205570220947266e+00,1.000000000000000000e+00,-7.463464135071262717e-05,-2.282660460650731693e-08,-5.013080954086035490e-05
2.302091836929321289e+00,2.329593420028686523e+00,1.659757643938064575e-01,9.999164938926696777e-01,-7.252999115735292435e-03,-3.561481600627303123e-03,1.008700858801603317e-02
1.593457221984863281e+00,4.295051693916320801e-01,6.673437595367431641e+00,1.000000000000000000e+00,-9.704154990686220117e-07,-6.423863669624552131e-05,1.004634541459381580e-04
4.249471664428710938e+00,3.934495210647583008e+00,3.087152838706970215e-01,1.000000000000000000e+00,-4.996200732421129942e-05,1.347817888017743826e-04,-2.470803701726254076e-05
4.891476631164550781e+00,1.864230036735534668e+00,4.305981159210205078e+00,1.000000000000000000e+00,1.405206603521946818e-05,1.962292481039185077e-05,2.833553844538982958e-05
6.627664566040039062e+00,6.367899417877197266e+00,4.848147392272949219e+00,1.000000000000000000e+00,-3.146258313790895045e-05,-8.446430729236453772e-05,-1.452579017495736480e-04
4.846828430891036987e-02,6.751456260681152344e-01,3.283124685287475586e+00,1.000000000000000000e+00,1.584851124789565802e-04,4.535430707619525492e-05,-7.353623368544504046e-05
5.522241592407226562e+00,1.738652706146240234e+00,6.877620220184326172e+00,1.000000000000000000e+00,-1.586853468324989080e-04,-2.384948629696737044e-06,1.333448162768036127e-04
3.408757209777832031e+00,1.670608639717102051e+00,6.034075736999511719e+00,1.000000000000000000e+00,-6.674375754300854169e-07,3.106853910139761865e-05,-2.866674549295566976e-05
2.399257421493530273e+00,5.940256595611572266e+00,1.707352250814437866e-01,1.000000000000000000e+00,4.231043567415326834e-05,-2.443435550958383828e-05,-3.623116572271101177e-05
5.385734558105468750e+00,1.986176967620849609e+00,7.090413570404052734e+00,9.999977946281433105e-01,1.103332964703440666e-03,8.938699029386043549e-04,-1.584601122885942459e-03
1.052976489067077637e+00,7.264808654785156250e+00,5.433417797088623047e+00,1.000000000000000000e+00,-2.196107925556134433e-05,-8.363097549590747803e-06,6.901780579937621951e-05
3.723887503147125244e-01,2.785532951354980469e+00,4.280964851379394531e+00,9.999615550041198730e-01,1.061891904100775719e-03,-6.813055370002985001e-03,-5.430202465504407883e-03
4.242043018341064453e+00,7.274515151977539062e+00,7.313420772552490234e+00,1.000000000000000000e+00,-8.872833132045343518e-05,1.872018183348700404e-04,8.398964564548805356e-05
1.463739871978759766e+00,3.661544799804687500e+00,2.906651020050048828e+00,1.000000000000000000e+00,-1.196229095512535423e-05,-3.472220487310551107e-05,1.886279278551228344e-05
7.025764942169189453e+00,2.933814525604248047e+00,4.476507186889648438e+00,9.999997615814208984e-01,-1.172328557004220784e-04,-1.008636172628030181e-04,-7.996587664820253849e-04
2.909170389175415039e+00,6.466592788696289062e+00,5.600316047668457031e+00,1.000000000000000000e+00,7.971349259605631232e-05,4.087862544110976160e-05,3.764748180401511490e-05
6.671399116516113281e+00,3.644911050796508789e+00,7.457524299621582031e+00,9.998635649681091309e-01,1.486545521765947342e-02,6.419986020773649216e-03,3.276441246271133423e-03
5.866211891174316406e+00,6.551303863525390625e+00,2.233146905899047852e+00,1.000000000000000000e+00,-2.517063985578715801e-04,-2.952886643470264971e-05,1.412427518516778946e-04
2.646647930145263672e+00,5.377395629882812500e+00,5.757133960723876953e+00,9.999999403953552246e-01,-7.452399586327373981e-05,2.504713193047791719e-04,-2.699981268960982561e-04
1.882715821266174316e+00,4.513366699218750000e+00,8.588864207267761230e-01,1.000000000000000000e+00,-2.055126060440670699e-05,3.292739711469039321e-05,3.662460221676155925e-05
2.650781571865081787e-01,2.475833654403686523e+00,3.965930938720703125e+00,9.999999403953552246e-01,-1.674611703492701054e-04,4.278417618479579687e-04,-6.536764703923836350e-05
5.342600345611572266e+00,6.586023807525634766e+00,5.760078907012939453e+00,9.999972581863403320e-01,1.170371309854090214e-03,-2.020717365667223930e-03,-5.133637023391202092e-05
6.779205322265625000e+00,4.291778087615966797e+00,5.613780617713928223e-01,9.999990463256835938e-01,-1.026803045533597469e-03,6.191662396304309368e-04,-7.958069327287375927e-04
5.093405246734619141e+00,2.299072504043579102e+00,5.676455497741699219e-01,1.000000000000000000e+00,5.514457006938755512e-05,1.486115943407639861e-04,-1.972301397472620010e-04
7.280627727508544922e+00,1.024923801422119141e+00,2.589979648590087891e+00,1.000000000000000000e+00,9.829124610405415297e-05,-6.768405728507786989e-05,-9.735049388837069273e-05
6.998498916625976562e+00,6.150711059570312500e+00,6.659179687500000000e+00,1.000000000000000000e+00,5.572532973019406199e-05,2.059937287413049489e-05,-2.808145363815128803e-04
4.328973770141601562e+00,6.735643386840820312e+00,2.180088758468627930e+00,1.000000000000000000e+00,2.298282379342708737e-05,6.126983498688787222e-05,3.274158734711818397e-05
6.378382205963134766e+00,6.345305442810058594e+00,7.379464149475097656e+00,1.000000000000000000e+00,-9.512313226878177375e-06,-3.981815098086372018e-05,-2.148779276467394084e-05
1.600872755050659180e+00,5.945249557495117188e+00,1.476579070091247559e+00,1.000000000000000000e+00,-3.241288504796102643e-05,-6.218058115337044001e-05,-1.172138945548795164e-04
9.700829982757568359e-01,5.741761684417724609e+00,1.094141721725463867e+00,9.999994039535522461e-01,-8.966192253865301609e-04,-4.361560568213462830e-04,-5.945311277173459530e-04
7.182734966278076172e+00,5.242535591125488281e+00,5.982204079627990723e-01,9.999997615814208984e-01,6.605918169952929020e-04,2.709778491407632828e-04,2.234183339169248939e-04
4.646671295166015625e+00,5.870596766471862793e-01,2.574009418487548828e+00,1.000000000000000000e+00,1.188221795018762350e-04,6.408219633158296347e-05,2.459950628690421581e-04
4.035512924194335938e+00,2.578122913837432861e-01,3.396896719932556152e-01,1.000000000000000000e+00,-1.314803230343386531e-04,-6.932592077646404505e-05,8.900481043383479118e-05
6.745580673217773438e+00,6.216706752777099609e+00,3.878123044967651367e+00,1.000000000000000000e+00,9.353284985991194844e-05,-3.163612273056060076e-04,-1.131719254772178829e-04
5.506911754608154297e+00,6.272169589996337891e+00,4.777388572692871094e+00,1.000000000000000000e+00,3.496987346807145514e-06,-7.375733548542484641e-05,-1.247595064342021942e-04
1.893785953521728516e+00,8.836882710456848145e-01,1.077570840716362000e-01,1.000000000000000000e+00,3.708145959535613656e-05,3.171464777551591396e-05,-5.506963861989788711e-05
4.765367031097412109e+00,7.359217643737792969e+00,1.017668604850769043e+00,9.999998807907104492e-01,-5.557533586397767067e-04,-1.015791858662851155e-04,-3.130828554276376963e-04
6.541326045989990234e+00,3.787878274917602539e+00,1.487536668777465820e+00,9.999999403953552246e-01,2.575407852418720722e-04,-3.550858236849308014e-04,1.063413583324290812e-05
4.102786540985107422e+00,2.847722768783569336e+00,1.560994625091552734e+00,9.999996423721313477e-01,6.492901011370122433e-04,6.163798389025032520e-04,1.755739212967455387e-04
2.611030340194702148e+00,8.339262604713439941e-01,3.164241552352905273e+00,1.000000000000000000e+00,-5.451352990348823369e-05,-9.178812615573406219e-05,7.605443533975630999e-05
1.662396430969238281e+00,1.111871600151062012e+00,1.868679404258728027e+00,1.000000000000000000e+00,-1.587104816280771047e-05,-3.416250910959206522e-05,-1.155381232820218429e-05
4.511358261108398438e+00,5.115923881530761719e+00,3.757327795028686523e+00,1.000000000000000000e+00,-4.497358531807549298e-05,-1.855719310697168112e-04,-9.304338891524821520e-05
1.742988944053649902e+00,1.441593647003173828e+00,5.082820892333984375e+00,1.000000000000000000e+00,3.647704943432472646e-06,-3.455589830991812050e-05,-2.841715649992693216e-05
7.485452175140380859e+00,2.552479743957519531e+00,2.159184217453002930e+00,1.000000000000000000e+00,-1.075281834346242249e-04,5.199884617468342185e-05,7.249174086609855294e-05
6.095507621765136719e+00,3.772793054580688477e+00,3.948714494705200195e+00,9.998826384544372559e-01,3.073863452300429344e-03,2.482658717781305313e-03,-1.480239257216453552e-02
3.515089511871337891e+00,1.612597942352294922e+00,3.218165397644042969e+00,1.000000000000000000e+00,3.125501461909152567e-05,3.436023689573630691e-05,-3.339082468301057816e-05
7.046835899353027344e+00,6.476181030273437500e+00,6.062833786010742188e+00,1.000000000000000000e+00,-2.656624019437003881e-06,-9.666475671110674739e-05,-1.054387757903896272e-04
4.948348999023437500e+00,7.132300376892089844e+00,8.487262725830078125e-01,1.000000000000000000e+00,-1.587143196957185864e-04,5.274583963910117745e-05,-2.818428620230406523e-04
1.041515827178955078e+00,6.256777286529541016e+00,2.613751888275146484e+00,1.000000000000000000e+00,-7.933596498332917690e-05,-7.844145147828385234e-05,2.236838372482452542e-05
4.150405824184417725e-01,6.122773647308349609e+00,4.257149696350097656e+00,1.000000000000000000e+00,-2.576661354396492243e-04,1.378598390147089958e-04,1.146299473475664854e-04
8.318110108375549316e-01,3.056946992874145508e+00,4.725099086761474609e+00,9.999999403953552246e-01,1.565909769851714373e-04,-3.976406878791749477e-04,2.714704023674130440e-04
1.957628726959228516e+00,1.469694495201110840e+00,7.055905461311340332e-01,1.000000000000000000e+00,-1.271097135031595826e-04,-8.190089283743873239e-05,-1.016144087770953774e-04
2.439218044281005859e+00,5.226132646203041077e-02,1.954718083143234253e-01,1.000000000000000000e+00,-1.152493714471347630e-04,-1.577197399456053972e-04,-1.087021519197151065e-04
6.508901119232177734e+00,7.343183994293212891e+00,5.861195087432861328e+00,1.000000000000000000e+00,5.642458927468396723e-05,8.185720616893377155e-06,-1.421092165401205420e-04
5.049442648887634277e-01,2.996494293212890625e+00,5.282661914825439453e+00,9.999999403953552246e-01,1.125857597799040377e-04,-2.464930585119873285e-04,3.323745331726968288e-04
6.487626552581787109e+00,6.163568019866943359e+00,1.364983320236206055e+00,1.000000000000000000e+00,-9.463856258662417531e-05,6.491537351394072175e-05,1.129635165852960199e-05
7.076460361480712891e+00,6.273339748382568359e+00,6.981357097625732422e+00,1.000000000000000000e+00,-5.720232366002164781e-05,-7.148642180254682899e-05,-1.064355383277870715e-04
3.301063537597656250e+00,5.729880809783935547e+00,1.528325676918029785e-02,1.000000000000000000e+00,3.326596015540417284e-06,1.937732486112508923e-05,-1.344618649454787374e-04
9.770131111145019531e-01,1.150363326072692871e+00,6.090804576873779297e+00,1.000000000000000000e+00,7.310908404178917408e-05,2.080125159409362823e-05,-1.464106844650814310e-05
2.311069011688232422e+00,1.576475977897644043e+00,7.011285781860351562e+00,1.000000000000000000e+00,2.084516891045495868e-04,4.595514110405929387e-05,-1.092145612346939743e-04
5.461760044097900391e+00,4.302286624908447266e+00,4.015974521636962891e+00,1.000000000000000000e+00,1.556778806843794882e-05,-3.796310556936077774e-05,4.116815689485520124e-04
5.590500235557556152e-01,2.544987440109252930e+00,2.352689027786254883e+00,9.999995827674865723e-01,-4.241316928528249264e-04,4.949126741848886013e-04,7.593957707285881042e-04
3.746023654937744141e+00,4.418890953063964844e+00,5.404604434967041016e+00,1.000000000000000000e+00,-3.310722968308255076e-05,1.713755627861246467e-04,1.456952741136774421e-04
5.653611660003662109e+00,7.306297779083251953e+00,1.697309017181396484e+00,1.000000000000000000e+00,2.099751100104185753e-06,5.415107079898007214e-05,-2.710422268137335777e-04
6.644056320190429688e+00,5.779136657714843750e+00,6.587387084960937500e+00,1.000000000000000000e+00,-9.990175021812319756e-05,-4.645282751880586147e-05,-1.917441404657438397e-04
1.391659021377563477e+00,7.008146286010742188e+00,4.650194168090820312e+00,1.000000000000000000e+00,-8.588829950895160437e-05,-1.044275632011704147e-05,5.461618275148794055e-05
4.546384334564208984e+00,7.009929180145263672e+00,2.296476840972900391e+00,1.000000000000000000e+00,2.785889664664864540e-04,-8.376801270060241222e-05,-4.966257256455719471e-05
7.876123189926147461e-01,4.718585968017578125e+00,1.593239046633243561e-02,1.000000000000000000e+00,-7.910528074717149138e-05,-7.495143654523417354e-05,8.007143333088606596e-05
3.239307165145874023e+00,6.854571342468261719e+00,5.216774463653564453e+00,1.000000000000000000e+00,4.549372170004062355e-05,-2.997011142724659294e-05,4.541057205642573535e-05
5.446402549743652344e+00,5.500231266021728516e+00,4.219225406646728516e+00,1.000000000000000000e+00,-4.872370118391700089e-05,-1.512281014584004879e-04,-8.015557250473648310e-05
8.546342849731445312e-01,5.420607566833496094e+00,8.761807084083557129e-01,1.000000000000000000e+00,-3.080426249653100967e-04,2.457017944834660739e-05,-9.209128620568662882e-05
1.815393090248107910e+00,5.874254275113344193e-03,1.771468281745910645e+00,1.000000000000000000e+00,7.096090939739951864e-06,-5.784987661172635853e-05,-7.175050882324285340e-07
6.695411682128906250e+00,4.039182186126708984e+00,2.991446256637573242e+00,1.000000000000000000e+00,-3.544114588294178247e-04,1.383100061502773315e-05,-4.944974352838471532e-05
4.513799667358398438e+00,2.284073591232299805e+00,3.438988208770751953e+00,1.000000000000000000e+00,1.688868360361084342e-04,3.220966609660536051e-04,1.083340175682678819e-04
2.318195104598999023e-01,6.632781505584716797e+00,2.006789207458496094e+00,1.000000000000000000e+00,-9.392284846398979425e-05,-1.969181175809353590e-04,1.308068895014002919e-04
2.477057456970214844e+00,3.315791130065917969e+00,3.953328847885131836e+00,9.999460577964782715e-01,-6.747906096279621124e-03,-1.403559348545968533e-03,-7.775457575917243958e-03
4.454134464263916016e+00,1.225080013275146484e+00,2.175420045852661133e+00,1.000000000000000000e+00,6.341477273963391781e-05,1.646558375796303153e-04,2.027582522714510560e-04
9.869615435600280762e-01,5.008461952209472656e+00,5.060526728630065918e-01,1.000000000000000000e+00,-3.094107159995473921e-05,1.291770877287490293e-05,1.569029700476676226e-05
6.688366889953613281e+00,1.148522615432739258e+00,6.520075321197509766e+00,1.000000000000000000e+00,8.257621084339916706e-05,-6.456600385718047619e-05,9.181087807519361377e-05
6.442868113517761230e-01,3.646291494369506836e+00,2.046433448791503906e+00,1.000000000000000000e+00,3.473585093161091208e-05,-3.360319624334806576e-06,4.658070974983274937e-05
6.622751712799072266e+00,5.842239782214164734e-02,2.856220960617065430e+00,9.999998807907104492e-01,3.694761253427714109e-04,1.872161810752004385e-04,2.209987433161586523e-04
5.385727882385253906e+00,4.098809957504272461e-01,1.175625920295715332e+00,9.999998807907104492e-01,-4.879907646682113409e-04,-3.252414753660559654e-04,1.626419543754309416e-04
2.682528734207153320e+00,4.769719123840332031e+00,1.076800704002380371e+00,1.000000000000000000e+00,-5.696887819794937968e-05,3.372774153831414878e-05,-4.382691713544772938e-06
6.770917415618896484e+00,4.837141990661621094e+00,2.935672521591186523e+00,9.999783635139465332e-01,-3.489178139716386795e-03,3.499779617413878441e-03,-4.364912863820791245e-03
5.835014581680297852e-02,2.724230766296386719e+00,4.298401355743408203e+00,9.999633431434631348e-01,1.120447996072471142e-03,-6.453410722315311432e-03,-5.521287210285663605e-03
4.998857498168945312e+00,9.067091941833496094e-01,1.168155908584594727e+00,9.999995231628417969e-01,3.071021055802702904e-04,6.255366024561226368e-04,-7.584696868434548378e-04
6.411666870117187500e-01,1.785615444183349609e+00,4.026615619659423828e-01,1.000000000000000000e+00,-7.845527579775080085e-05,-1.428313553333282471e-04,1.652662322157993913e-04
1.851946115493774414e+00,8.274568319320678711e-01,1.190964221954345703e+00,1.000000000000000000e+00,-3.967545126215554774e-06,-2.613203650980722159e-05,-2.341806748518138193e-06
2.742885828018188477e+00,4.025486946105957031e+00,5.399064540863037109e+00,1.000000000000000000e+00,-1.025499568640952930e-05,-1.604914905328769237e-05,5.927269376115873456e-05
8.210976421833038330e-02,4.425710737705230713e-01,9.711949229240417480e-01,1.000000000000000000e+00,-1.048097255988977849e-04,1.776783756213262677e-04,-1.473884622100740671e-04
7.008418083190917969e+00,3.122287988662719727e+00,7.822944521903991699e-01,9.999994039535522461e-01,-1.035218709148466587e-03,9.112966654356569052e-05,4.962155944667756557e-04
6.049416065216064453e+00,4.998013496398925781e+00,2.433808326721191406e+00,1.000000000000000000e+00,1.396740262862294912e-04,2.396125782979652286e-04,-3.755948855541646481e-04
6.851919651031494141e+00,3.632044076919555664e+00,2.171955585479736328e+00,1.000000000000000000e+00,-3.208025009371340275e-05,-1.227009925059974194e-04,6.615641723328735679e-06
2.738723039627075195e+00,2.885627508163452148e+00,3.668776273727416992e+00,9.999998211860656738e-01,6.595412851311266422e-04,1.155596874014008790e-05,2.707554958760738373e-04
2.981640338897705078e+00,7.281194210052490234e+00,7.078711986541748047e+00,9.999997615814208984e-01,-2.126947401848156005e-05,-1.364320778520777822e-04,-8.087901514954864979e-04
2.539866447448730469e+00,4.278903484344482422e+00,6.692464351654052734e+00,9.999847412109375000e-01,2.469585044309496880e-03,1.043545664288103580e-03,-4.828814882785081863e-03
3.220514774322509766e+00,1.510716199874877930e+00,3.591007471084594727e+00,9.999992847442626953e-01,3.652669547591358423e-04,-1.097480766475200653e-03,-4.262786242179572582e-04
9.293567538261413574e-01,7.332634925842285156e+00,2.067797183990478516e+00,1.000000000000000000e+00,5.652871914207935333e-05,-1.394356077071279287e-04,4.935144716000650078e-06
6.830167770385742188e+00,7.193140506744384766e+00,1.034839153289794922e-01,1.000000000000000000e+00,1.067109042196534574e-04,-1.491442526457831264e-05,2.963376391562633216e-05
1.523236513137817383e+00,4.010758876800537109e+00,3.238435745239257812e+00,1.000000000000000000e+00,-3.349161124788224697e-05,-5.920167313888669014e-05,9.437894914299249649e-05
2.774458646774291992e+00,5.326096534729003906e+00,3.074135303497314453e+00,1.000000000000000000e+00,-1.591915643075481057e-04,1.543175021652132273e-04,2.124622697010636330e-04
6.333257675170898438e+00,4.775982856750488281e+00,4.378700733184814453e+00,1.000000000000000000e+00,9.470056829741224647e-05,-1.866761012934148312e-04,2.537761611165478826e-05
1.514999985694885254e+00,2.176839113235473633e+00,6.882243633270263672e+00,1.000000000000000000e+00,3.795211523538455367e-05,2.046515510301105678e-05,1.191470873891375959e-04
6.740126132965087891e+00,5.591655731201171875e+00,2.035593748092651367e+00,1.000000000000000000e+00,-9.313624468632042408e-05,-4.783613258041441441e-05,-1.393484853906556964e-04
4.277786254882812500e+00,1.531596064567565918e+00,1.094425201416015625e+00,1.000000000000000000e+00,5.099538248032331467e-05,-2.534195118641946465e-05,-1.625662407604977489e-04
3.668247759342193604e-01,1.963701367378234863e+00,2.397654205560684204e-01,1.000000000000000000e+00,-7.291463407455012202e-05,-1.282628072658553720e-04,2.480045659467577934e-04
1.996871113777160645e+00,5.409650325775146484e+00,3.128362655639648438e+00,1.000000000000000000e+00,-6.192900764290243387e-05,-5.755695383413694799e-05,8.237684232881292701e-05
4.840370714664459229e-01,3.977359771728515625e+00,6.917874813079833984e+00,9.999960064888000488e-01,-5.616606213152408600e-04,2.370275091379880905e-03,-1.442356850020587444e-03
3.541892290115356445e+00,3.393880844116210938e+00,7.435239791870117188e+00,9.999987483024597168e-01,-7.878644391894340515e-04,-1.041048322804272175e-03,-9.429951314814388752e-04
4.424582004547119141e+00,2.242236852645874023e+00,3.752604007720947266e+00,1.000000000000000000e+00,1.961533562280237675e-04,3.594291629269719124e-04,1.337160065304487944e-04
2.283075571060180664e+00,1.078126654028892517e-01,2.805546522140502930e+00,1.000000000000000000e+00,-1.959406290552578866e-05,-6.300022505456581712e-05,3.355732042109593749e-05
1.296314835548400879e+00,4.742927551269531250e+00,2.186372756958007812e+00,9.999920129776000977e-01,-1.014838111586868763e-03,1.459768507629632950e-03,3.576049581170082092e-03
5.259686470031738281e+00,2.941949367523193359e+00,6.530457019805908203e+00,9.999998807907104492e-01,-3.285932762082666159e-04,3.924104676116257906e-04,-3.198751655872911215e-04
3.181916475296020508e+00,3.212335348129272461e+00,7.637232542037963867e-01,9.999995827674865723e-01,-1.982210524147376418e-04,-1.556213974254205823e-04,9.506121859885752201e-04
6.621782302856445312e+00,6.827990531921386719e+00,5.815887928009033203e+00,1.000000000000000000e+00,-2.636921453813556582e-05,-1.049772072292398661e-05,-3.259370569139719009e-04
3.306279659271240234e+00,6.550974369049072266e+00,2.959255874156951904e-01,9.999972581863403320e-01,-1.571873552165925503e-03,-1.537926727905869484e-03,-8.394935284741222858e-04
4.129300594329833984e+00,2.851073980331420898e+00,4.138051986694335938e+00,1.000000000000000000e+00,-2.095636591548100114e-05,-1.868766776169650257e-05,8.301907655550166965e-05
3.631472587585449219e+00,9.620288759469985962e-02,6.298811435699462891e+00,9.998814463615417480e-01,-1.428636629134416580e-02,3.655481850728392601e-03,-4.439194686710834503e-03
2.388892412185668945e+00,2.906631231307983398e+00,4.148667812347412109e+00,9.999982714653015137e-01,-1.404565526172518730e-03,-1.766344794305041432e-04,-1.224323408678174019e-03
4.924226284027099609e+00,6.740167140960693359e+00,7.211518287658691406e+00,1.000000000000000000e+00,3.392316284589469433e-04,2.949082045233808458e-05,1.513154129497706890e-04
4.405815601348876953e+00,7.074777603149414062e+00,5.177369594573974609e+00,9.999989867210388184e-01,-6.319051608443260193e-04,4.843050846830010414e-04,-1.246924744918942451e-03
5.261682510375976562e+00,4.831181049346923828e+00,2.052187681198120117e+00,9.999995827674865723e-01,-5.827638669870793819e-04,3.507476940285414457e-04,-7.338551222346723080e-04
3.039496421813964844e+00,3.864089488983154297e+00,5.683084011077880859e+00,1.000000000000000000e+00,-5.478383536683395505e-05,1.421450997440842912e-05,6.458730695158010349e-06
2.862451076507568359e+00,6.980938911437988281e-01,6.788647174835205078e+00,9.999995231628417969e-01,-1.511050213593989611e-04,-3.007170744240283966e-04,-9.358559036627411842e-04
1.320123821496963501e-01,4.419014453887939453e+00,4.951103687286376953e+00,1.000000000000000000e+00,1.088662829715758562e-04,1.276995899388566613e-04,-9.453492384636774659e-05
2.561915159225463867e+00,3.372527360916137695e+00,5.337314128875732422e+00,1.000000000000000000e+00,-2.142084122169762850e-05,4.697127224062569439e-05,1.028374317684210837e-04
1.182423591613769531e+00,4.630364894866943359e+00,6.360839843750000000e+00,9.999994039535522461e-01,-6.906777271069586277e-04,7.593127666041254997e-04,-5.349479615688323975e-04
3.935111686587333679e-02,6.151301860809326172e+00,2.415773391723632812e+00,9.999998807907104492e-01,-5.480822874233126640e-04,-2.526440075598657131e-04,-4.675642776419408619e-05
4.528601169586181641e+00,3.981790244579315186e-01,4.109896659851074219e+00,1.000000000000000000e+00,5.465878348331898451e-05,1.036225585266947746e-04,-4.282775989850051701e-06
7.094164848327636719e+00,1.192843556404113770e+00,1.134085059165954590e+00,1.000000000000000000e+00,-1.278576382901519537e-04,8.218656876124441624e-05,2.071695926133543253e-04
2.235653638839721680e+00,1.632793307304382324e+00,4.710201740264892578e+00,1.000000000000000000e+00,-1.885928213596343994e-04,-2.862805558834224939e-04,-1.094851995731005445e-05
6.044696331024169922e+00,1.222361683845520020e+00,4.762300014495849609e+00,1.000000000000000000e+00,1.129680822486989200e-05,-3.982696580351330340e-05,8.040523243835195899e-05
6.488342285156250000e+00,2.492797374725341797e+00,2.777843952178955078e+00,1.000000000000000000e+00,4.587109287967905402e-05,-8.482825796818360686e-05,1.441966014681383967e-04
2.746680021286010742e+00,2.065820455551147461e+00,3.813040733337402344e+00,1.000000000000000000e+00,3.331397601868957281e-04,7.261323480634018779e-05,1.073041421477682889e-04
2.084313631057739258e-01,5.314834117889404297e+00,4.498721659183502197e-01,9.999998211860656738e-01,2.013709163293242455e-04,6.131294649094343185e-04,-2.087821776513010263e-04
1.871009171009063721e-01,3.597578108310699463e-01,6.122869968414306641e+00,1.000000000000000000e+00,3.975119034294039011e-05,-2.033683449553791434e-05,-8.411667295149527490e-06
1.446543931961059570e-01,5.792355537414550781e+00,3.348470032215118408e-01,9.999997615814208984e-01,-3.448167117312550545e-04,5.495933583006262779e-04,-4.697461263276636600e-04
5.149913430213928223e-01,1.099928975105285645e+00,4.500800132751464844e+00,1.000000000000000000e+00,1.994783451664261520e-05,4.628626993508078158e-05,-4.190843901596963406e-05
7.168056488037109375e+00,1.803939104080200195e+00,5.745274066925048828e+00,1.000000000000000000e+00,4.452546272659674287e-05,1.000907868728972971e-04,9.626503015169873834e-05
4.585832595825195312e+00,5.501442909240722656e+00,5.459786579012870789e-02,9.999997615814208984e-01,-6.985812215134501457e-04,5.814287214889191091e-05,-2.468100574333220720e-04
5.846826553344726562e+00,7.223792552947998047e+00,6.538415431976318359e+00,9.999970197677612305e-01,-7.919183117337524891e-04,1.360450871288776398e-03,1.906260964460670948e-03
2.984612226486206055e+00,3.543386161327362061e-01,2.644178867340087891e+00,1.000000000000000000e+00,-3.044887125724926591e-05,-1.584716846991796046e-05,2.263082205899991095e-05
5.551347732543945312e-01,1.395621776580810547e+00,5.642998218536376953e+00,1.000000000000000000e+00,6.496653804788365960e-05,2.013404991885181516e-05,-6.725481216562911868e-05
6.814442157745361328e+00,6.314208507537841797e+00,7.331831932067871094e+00,1.000000000000000000e+00,-1.257422118214890361e-04,-9.410936763742938638e-05,-4.312538294470869005e-05
2.349270105361938477e+00,7.001799583435058594e+00,1.283334970474243164e+00,1.000000000000000000e+00,4.560517118079587817e-05,-8.778721166891045868e-06,1.356456323264865205e-05
5.149212360382080078e+00,2.933296203613281250e+00,1.000924825668334961e+00,1.000000000000000000e+00,-1.270399807253852487e-04,1.930786384036764503e-04,-2.140605065505951643e-04
6.913435459136962891e+00,5.492665290832519531e+00,2.356660127639770508e+00,1.000000000000000000e+00,-2.481286937836557627e-04,1.311017695115879178e-05,-1.333444088231772184e-04
5.693254947662353516e+00,5.634165763854980469e+00,2.349854230880737305e+00,1.000000000000000000e+00,9.800249972613528371e-05,4.227101453579962254e-05,4.152636392973363400e-06
7.463660836219787598e-01,5.719291687011718750e+00,3.612784385681152344e+00,1.000000000000000000e+00,8.482255361741408706e-05,1.366577926091849804e-04,8.670614624861627817e-05
3.685292959213256836e+00,3.930619478225708008e+00,6.910083293914794922e+00,1.000000000000000000e+00,1.631002232898026705e-04,8.363798406207934022e-05,-6.523789488710463047e-05
3.086385250091552734e+00,5.424705028533935547e+00,3.977697610855102539e+00,9.999988675117492676e-01,1.133440993726253510e-03,-3.158499021083116531e-04,9.749021264724433422e-04
4.808600425720214844e+00,2.212747335433959961e+00,2.042162656784057617e+00,9.999902248382568359e-01,2.504797885194420815e-03,-1.956389751285314560e-03,3.066414967179298401e-03
1.145545840263366699e+00,1.751163125038146973e+00,1.603846907615661621e+00,1.000000000000000000e+00,-1.421502702214638703e-06,-3.128049138467758894e-05,9.511768439551815391e-05
3.949781879782676697e-02,5.430317878723144531e+00,1.375676751136779785e+00,1.000000000000000000e+00,-1.175441229861462489e-05,-3.937314431823324412e-06,-2.444872916385065764e-05
6.157165050506591797e+00,5.928267002105712891e+00,1.561791777610778809e+00,1.000000000000000000e+00,-2.003895060624927282e-04,8.425625128438696265e-05,-4.480752613744698465e-05
6.203961372375488281e+00,3.984462738037109375e+00,4.724246978759765625e+00,9.999998807907104492e-01,4.388152738101780415e-04,2.307541435584425926e-04,-1.800946483854204416e-04
1.807808518409729004e+00,7.189094066619873047e+00,6.114603042602539062e+00,1.000000000000000000e+00,8.199162039090879261e-06,2.917255415013642050e-06,1.150295211118645966e-04
4.735321402549743652e-01,6.446155548095703125e+00,7.218448638916015625e+00,1.000000000000000000e+00,-1.874654262792319059e-04,-2.012923941947519779e-04,-2.426671271678060293e-04
5.588889122009277344e+00,2.336170434951782227e+00,1.879080653190612793e+00,1.000000000000000000e+00,-1.112214158638380468e-04,6.372822099365293980e-05,-3.726424183696508408e-04
4.141973495483398438e+00,9.099681675434112549e-02,5.630537986755371094e+00,9.998403787612915039e-01,-9.963511489331722260e-03,-2.594733843579888344e-03,-1.460281107574701309e-02
1.902303814888000488e+00,5.794164657592773438e+00,1.835996747016906738e+00,1.000000000000000000e+00,-3.407305121072567999e-05,2.227840195700991899e-05,1.070660873665474355e-04
1.627805352210998535e+00,1.481812596321105957e+00,1.826447129249572754e+00,1.000000000000000000e+00,2.040176877926569432e-05,-1.369794335914775729e-05,3.887505590682849288e-05
6.263879537582397461e-01,1.273593664169311523e+00,6.587647914886474609e+00,1.000000000000000000e+00,1.084783943952061236e-04,7.899255433585494757e-05,-9.313366172136738896e-05
4.259245872497558594e+00,5.628561019897460938e+00,7.255055427551269531e+00,9.999999403953552246e-01,-3.154217265546321869e-04,3.906167985405772924e-04,-2.651819086167961359e-04
5.105181336402893066e-01,6.594055652618408203e+00,3.365403175354003906e+00,9.999985098838806152e-01,-1.730727963149547577e-04,-1.365008298307657242e-03,-1.059241592884063721e-03
1.228606581687927246e+00,2.762016534805297852e+00,7.305639743804931641e+00,1.000000000000000000e+00,-3.437618215684778988e-05,3.149284111714223400e-06,3.629350394476205111e-04
4.547588348388671875e+00,3.794828414916992188e+00,9.750603437423706055e-01,1.000000000000000000e+00,-3.944112904719077051e-05,2.133182133547961712e-04,-2.065615990431979299e-05
3.369001150131225586e+00,5.142005443572998047e+00,5.445501327514648438e+00,1.000000000000000000e+00,3.889521758537739515e-05,1.243679434992372990e-04,-4.329654530010884628e-06
6.256678104400634766e+00,4.409788131713867188e+00,1.585605263710021973e+00,9.999997615814208984e-01,3.157774335704743862e-04,-6.088016671128571033e-04,4.345914348959922791e-04
8.278846144676208496e-01,4.700494289398193359e+00,2.720489263534545898e+00,1.000000000000000000e+00,-9.991831029765307903e-05,9.181564382743090391e-05,2.951726128230802715e-05
6.784138679504394531e+00,1.796565204858779907e-01,3.240817308425903320e+00,1.000000000000000000e+00,1.452493015676736832e-04,4.611476470017805696e-05,7.061422365950420499e-05
6.522386550903320312e+00,5.304254055023193359e+00,5.631716728210449219e+00,9.999989271163940430e-01,3.303707926534116268e-04,-1.075744512490928173e-03,9.886866901069879532e-04
1.524183750152587891e+00,7.080479145050048828e+00,7.275248050689697266e+00,9.999998211860656738e-01,5.280934856273233891e-04,-1.032910440699197352e-04,3.955066786147654057e-04
1.864995121955871582e+00,6.912422657012939453e+00,9.507843293249607086e-03,1.000000000000000000e+00,3.699123626574873924e-04,-1.633209176361560822e-04,-7.103753159753978252e-05
6.279941082000732422e+00,8.799137473106384277e-01,6.460877418518066406e+00,1.000000000000000000e+00,4.867616007686592638e-05,-8.721449557924643159e-05,2.026504080276936293e-04
4.847792088985443115e-01,4.722381114959716797e+00,5.365997314453125000e+00,1.000000000000000000e+00,1.221634593093767762e-04,9.043209138326346874e-05,-1.485536049585789442e-04
6.827961921691894531e+00,7.467493534088134766e+00,5.310348510742187500e+00,1.000000000000000000e+00,6.322230547084473073e-06,-1.613612312212353572e-06,-3.758236562134698033e-05
4.928233146667480469e+00,7.254535675048828125e+00,2.792244911193847656e+00,9.999737143516540527e-01,-6.067341659218072891e-03,3.820290323346853256e-03,-1.080088433809578419e-03
2.646247744560241699e-01,3.277101039886474609e+00,3.723851680755615234e+00,9.999999403953552246e-01,-4.065345638082362711e-05,3.388214390724897385e-04,3.276766510680317879e-04
2.705088376998901367e+00,6.617811203002929688e+00,2.869093179702758789e+00,1.000000000000000000e+00,-9.134975016422686167e-07,2.503455107216723263e-05,5.121160211274400353e-05
1.289767384529113770e+00,4.088507175445556641e+00,7.388994693756103516e-01,1.000000000000000000e+00,-2.883359593397472054e-05,4.226159035169985145e-06,4.364232154330238700e-05
1.166749835014343262e+00,4.735518932342529297e+00,3.045029878616333008e+00,1.000000000000000000e+00,-5.896154834772460163e-05,3.004151221830397844e-05,6.568550452357158065e-05
1.854372024536132812e+00,4.616912841796875000e+00,4.015380859375000000e+00,1.000000000000000000e+00,1.115388727157551330e-06,-1.302324963035061955e-04,2.061654777207877487e-05
2.452255964279174805e+00,4.104752063751220703e+00,1.701683551073074341e-02,1.000000000000000000e+00,-1.303301251027733088e-04,-3.145860318909399211e-06,-3.964936331612989306e-05
2.888514518737792969e+00,4.185981750488281250e+00,3.615751266479492188e+00,9.999999403953552246e-01,2.802504168357700109e-04,-3.065884229727089405e-04,-1.937979050126159564e-06
5.472012042999267578e+00,2.641780614852905273e+00,1.554106712341308594e+00,1.000000000000000000e+00,-2.397822536295279860e-04,1.561280660098418593e-04,-2.117366966558620334e-04
2.285249710083007812e+00,2.703814029693603516e+00,2.886547803878784180e+00,9.999994635581970215e-01,-6.648654380114749074e-05,1.059640082530677319e-03,3.000854921992868185e-04
5.510216712951660156e+00,5.980526924133300781e+00,5.199740529060363770e-01,1.000000000000000000e+00,-4.533770152193028480e-06,-7.307949272217229009e-05,4.501445437199436128e-05
2.263656139373779297e+00,1.365440964698791504e+00,4.230395793914794922e+00,9.999821186065673828e-01,-4.791243001818656921e-03,3.458288032561540604e-03,9.112058323808014393e-04
5.598208904266357422e+00,3.768722534179687500e+00,5.681050300598144531e+00,1.000000000000000000e+00,-6.560549081768840551e-05,-1.223839499289169908e-04,-1.724818284856155515e-04
5.391421318054199219e+00,3.003179788589477539e+00,5.030063629150390625e+00,1.000000000000000000e+00,2.517453503969591111e-05,-1.457411326555302367e-05,-3.976879452238790691e-05
5.757940769195556641e+00,5.673465251922607422e+00,8.691897988319396973e-01,1.000000000000000000e+00,5.309330845193471760e-06,-3.636742621893063188e-05,6.115426367614418268e-05
4.818783760070800781e+00,2.256838560104370117e+00,1.190749287605285645e+00,1.000000000000000000e+00,-1.169548486359417439e-04,2.492104831617325544e-04,-1.346913486486300826e-04
1.476316809654235840e+00,6.811602592468261719e+00,1.166042566299438477e+00,1.000000000000000000e+00,2.016551297856494784e-05,-2.198000147473067045e-04,-9.709894220577552915e-05
4.751295089721679688e+00,1.802024245262145996e+00,6.267167568206787109e+00,9.999945759773254395e-01,-3.262660000473260880e-03,-2.325113309780135751e-04,5.519662518054246902e-04
3.510011196136474609e+00,1.824038267135620117e+00,6.612927436828613281e+00,1.000000000000000000e+00,1.837405034166295081e-05,2.627592766657471657e-05,6.669321010122075677e-05
6.333264708518981934e-02,3.853123188018798828e+00,7.907450795173645020e-01,1.000000000000000000e+00,-1.213908180943690240e-04,2.730276537477038801e-05,8.131505455821752548e-05
1.353934645652770996e+00,2.856835842132568359e+00,3.134914875030517578e+00,1.000000000000000000e+00,4.288605123292654753e-05,6.561096961377188563e-05,-7.742561865597963333e-05
4.493563652038574219e+00,6.009007930755615234e+00,3.932971358299255371e-01,9.999997615814208984e-01,5.484304856508970261e-04,4.703598970081657171e-04,-2.903990389313548803e-04
2.824959516525268555e+00,1.772260069847106934e-01,6.996298789978027344e+00,9.999412894248962402e-01,-1.279430463910102844e-03,1.204266794957220554e-03,1.069643814116716385e-02
2.001348018646240234e+00,2.365071535110473633e+00,2.675469398498535156e+00,9.999997615814208984e-01,-1.448287657694891095e-04,5.292564164847135544e-04,5.795319448225200176e-04
7.449544906616210938e+00,2.453707933425903320e+00,4.999058723449707031e+00,9.999212026596069336e-01,5.406752461567521095e-04,1.201693341135978699e-02,3.610806306824088097e-03
5.293004035949707031e+00,2.793453633785247803e-01,7.230472087860107422e+00,1.000000000000000000e+00,-2.332458643650170416e-05,-3.849279892165213823e-05,6.043244411557679996e-06
2.670672655105590820e+00,6.553781986236572266e+00,4.750145912170410156e+00,1.000000000000000000e+00,2.008869705605320632e-05,3.902759272023104131e-05,3.513351111905649304e-05
6.298054218292236328e+00,3.473680973052978516e+00,4.467172622680664062e+00,1.000000000000000000e+00,-1.182642063213279471e-05,1.137939252657815814e-04,-9.893772948998957872e-05
1.564219594001770020e+00,7.068309307098388672e+00,6.595900058746337891e+00,1.000000000000000000e+00,-2.665305801201611757e-04,8.890311619325075299e-06,1.275673857890069485e-04
3.502738475799560547e+00,6.418136596679687500e+00,6.586441040039062500e+00,1.000000000000000000e+00,2.954979427158832550e-04,2.377830387558788061e-04,-1.009045035971212201e-06
1.881002783775329590e-01,2.659641742706298828e+00,9.620277285575866699e-01,9.999852776527404785e-01,1.087054959498345852e-03,-1.604949502507224679e-04,5.312503781169652939e-03
6.001991271972656250e+00,2.146304368972778320e+00,7.132966041564941406e+00,1.000000000000000000e+00,2.069460169877856970e-04,2.766079160210210830e-05,-2.767724799923598766e-04
3.506521940231323242e+00,7.468670845031738281e+00,5.757060527801513672e+00,9.999987483024597168e-01,-1.363691990263760090e-03,8.855775813572108746e-04,6.351082993205636740e-05
2.783890485763549805e+00,1.183738112449645996e+00,2.396659374237060547e+00,1.000000000000000000e+00,6.112267146818339825e-05,-8.716688171261921525e-05,-1.582195363880600780e-05
5.771299839019775391e+00,5.934339761734008789e-01,5.377475738525390625e+00,1.000000000000000000e+00,6.631219730479642749e-05,-3.013309833477251232e-05,1.123112233472056687e-04
6.374835371971130371e-01,5.543358325958251953e+00,1.700756907463073730e+00,9.998795986175537109e-01,1.543062273412942886e-02,9.030608343891799450e-04,-1.374936313368380070e-03
4.229465961456298828e+00,4.660758018493652344e+00,6.605778932571411133e-01,1.000000000000000000e+00,-7.611315959366038442e-05,2.584357025625649840e-05,3.172702349729661364e-07
6.620401859283447266e+00,2.946966409683227539e+00,2.318208694458007812e+00,1.000000000000000000e+00,-7.121857925085350871e-05,-1.056340988725423813e-04,4.087803245056420565e-05
8.006719350814819336e-01,6.683654308319091797e+00,5.750793933868408203e+00,1.000000000000000000e+00,-9.671856969362124801e-05,-8.132477523759007454e-05,7.565931446151807904e-05
2.035665988922119141e+00,5.902186870574951172e+00,3.389621019363403320e+00,1.000000000000000000e+00,1.024570337904151529e-05,5.141494966665050015e-06,8.830492151901125908e-05
7.601573467254638672e-01,6.700998783111572266e+00,5.269575595855712891e+00,1.000000000000000000e+00,-8.626126509625464678e-05,8.166380212060175836e-06,7.048555562505498528e-05
1.073905587196350098e+00,5.216559410095214844e+00,5.901445865631103516e+00,9.999998807907104492e-01,4.080574144609272480e-04,3.633104788605123758e-04,-3.267080464866012335e-04
1.730778515338897705e-01,1.416875243186950684e+00,5.173584938049316406e+00,1.000000000000000000e+00,-3.469669536571018398e-05,5.965693708276376128e-05,-1.259028940694406629e-04
2.217812299728393555e+00,1.428160667419433594e+00,3.108564853668212891e+00,1.000000000000000000e+00,1.087907658074982464e-04,8.728708053240552545e-05,-5.910126128583215177e-05
3.308025836944580078e+00,4.442239403724670410e-01,2.911545515060424805e+00,1.000000000000000000e+00,-2.634188604133669287e-05,-5.326796235749498010e-05,2.644414416863583028e-05
6.542790412902832031e+00,2.524593591690063477e+00,3.424106597900390625e+00,1.000000000000000000e+00,-4.962666935171000659e-05,-2.184230397688224912e-04,1.820720935938879848e-04
1.776067733764648438e+00,3.824095129966735840e-01,1.167795419692993164e+00,1.000000000000000000e+00,-4.512635496212169528e-05,-4.058436024934053421e-05,1.210064874612726271e-05
7.313675403594970703e+00,6.301568508148193359e+00,5.128016948699951172e+00,1.000000000000000000e+00,-6.607796967728063464e-05,-3.359255788382142782e-05,-3.746642323676496744e-05
5.895137786865234375e+00,9.315365552902221680e-01,1.674911141395568848e+00,1.000000000000000000e+00,2.557629195507615805e-04,1.916957407956942916e-04,2.620370942167937756e-04
1.425961494445800781e+00,4.324697971343994141e+00,5.930634498596191406e+00,9.999991059303283691e-01,-5.981962312944233418e-04,2.851767349056899548e-04,1.231414382345974445e-03
8.738422989845275879e-01,4.721842765808105469e+00,4.766496658325195312e+00,1.000000000000000000e+00,6.335675425361841917e-05,7.875642768340185285e-05,-9.997356391977518797e-05
3.193898200988769531e+00,3.982655048370361328e+00,3.415742635726928711e+00,1.000000000000000000e+00,9.353722998639568686e-05,-1.562979596201330423e-04,9.084582416107878089e-05
6.129647731781005859e+00,4.569757938385009766e+00,3.330077886581420898e+00,9.999999403953552246e-01,-3.305779828224331141e-04,5.299728218233212829e-05,-3.942349576391279697e-04
3.279232501983642578e+00,2.033626079559326172e+00,7.305894374847412109e+00,1.000000000000000000e+00,9.802887507248669863e-05,-4.680544225266203284e-05,2.366904664086177945e-04
2.454227924346923828e+00,5.661278724670410156e+00,7.188734054565429688e+00,1.000000000000000000e+00,1.518294302513822913e-04,-1.316983343713218346e-05,-5.774404417024925351e-05
1.059601362794637680e-02,5.056296825408935547e+00,7.133173465728759766e+00,9.999908804893493652e-01,-2.190548693761229515e-03,-2.781876828521490097e-03,2.419317141175270081e-03
6.142790317535400391e+00,6.599381923675537109e+00,4.251618862152099609e+00,1.000000000000000000e+00,-4.484470264287665486e-05,-9.657144983066245914e-05,-5.824394611408933997e-05
9.988708794116973877e-02,6.650436401367187500e+00,3.405177354812622070e+00,9.998388886451721191e-01,1.467451825737953186e-02,-4.080503713339567184e-03,-9.505580179393291473e-03
2.799184083938598633e+00,4.922968387603759766e+00,6.794804334640502930e-01,1.000000000000000000e+00,-6.110729736974462867e-05,2.730671440076548606e-05,-1.445641828468069434e-05
6.951381206512451172e+00,2.154350757598876953e+00,6.256310462951660156e+00,1.000000000000000000e+00,6.130704423412680626e-05,7.466325769200921059e-05,1.761012099450454116e-04
3.678413867950439453e+00,1.806511521339416504e+00,3.601277589797973633e+00,1.000000000000000000e+00,-1.226177846547216177e-04,2.008726733038201928e-04,1.150782336480915546e-04
3.053047418594360352e+00,4.657705307006835938e+00,6.734513282775878906e+00,9.999999403953552246e-01,-1.011452768580056727e-04,1.186351437354460359e-04,4.449408734217286110e-04
6.528440475463867188e+00,4.902913868427276611e-01,2.894037365913391113e-01,1.000000000000000000e+00,8.667630754644051194e-05,-3.178276892867870629e-05,2.699834876693785191e-04
5.392840862274169922e+00,4.000642776489257812e+00,6.734028816223144531e+00,9.999995827674865723e-01,-5.832761526107788086e-04,1.876171590993180871e-04,7.001693011261522770e-04
1.614519596099853516e+00,3.865977287292480469e+00,2.361864447593688965e-01,1.000000000000000000e+00,-9.861611033556982875e-05,1.228351993631804362e-05,5.267461529001593590e-05
7.346179485321044922e+00,6.604928970336914062e+00,2.536696910858154297e+00,1.000000000000000000e+00,4.631616320693865418e-05,-3.741762484423816204e-04,7.641602132935076952e-05
3.716447353363037109e+00,2.740866661071777344e+00,3.048469781875610352e+00,1.000000000000000000e+00,-3.230597576475702226e-05,-9.565049549564719200e-05,-1.173747878056019545e-04
7.419365048408508301e-01,3.015708208084106445e+00,1.119911193847656250e+00,1.000000000000000000e+00,1.154003839474171400e-04,-1.214680014527402818e-04,-1.899622584460303187e-04
4.576259136199951172e+00,2.339340448379516602e+00,2.480071306228637695e+00,1.000000000000000000e+00,1.459428021917119622e-04,-1.958694920176640153e-04,2.029620809480547905e-04
2.173052549362182617e+00,2.620707511901855469e+00,1.775338202714920044e-01,9.999219775199890137e-01,-6.948602851480245590e-03,-3.397169290110468864e-03,9.812531992793083191e-03
3.666867256164550781e+00,2.769761681556701660e-01,7.480691909790039062e+00,1.000000000000000000e+00,-1.964094844879582524e-04,5.803008752991445363e-05,1.170994146377779543e-04
7.440876007080078125e+00,6.880325317382812500e+00,1.889277458190917969e+00,1.000000000000000000e+00,-1.458995393477380276e-04,4.159954551141709089e-05,1.215810334542766213e-04
1.496475040912628174e-01,5.344845294952392578e+00,6.585967063903808594e+00,1.000000000000000000e+00,3.673188039101660252e-04,-7.030399137875065207e-05,8.026452997000887990e-05
1.983108878135681152e+00,3.893005847930908203e+00,3.720117330551147461e+00,9.999996423721313477e-01,-4.674475349020212889e-04,-1.945287949638441205e-04,7.649637409485876560e-04
3.349852800369262695e+00,5.452231884002685547e+00,5.380839705467224121e-01,1.000000000000000000e+00,2.968487569887656718e-05,-2.713456888159271330e-05,-2.035114448517560959e-05
2.189335823059082031e+00,4.233910560607910156e+00,3.179596662521362305e+00,1.000000000000000000e+00,-7.914000889286398888e-05,-1.520127407275140285e-04,4.068063935847021639e-05
7.090108394622802734e+00,4.776385307312011719e+00,3.134981393814086914e+00,9.999985694885253906e-01,-8.383294916711747646e-04,-8.811546722427010536e-04,1.243651146069169044e-03
6.479788303375244141e+00,7.809639573097229004e-01,2.442135095596313477e+00,1.000000000000000000e+00,2.607230635476298630e-05,-2.241586771560832858e-04,1.078264758689329028e-04
4.121424674987792969e+00,4.513492584228515625e+00,1.634433627128601074e+00,1.000000000000000000e+00,-1.140154054155573249e-04,-8.554577652830630541e-05,-3.153407760692061856e-06
5.850461483001708984e+00,3.235262036323547363e-01,6.806078433990478516e+00,1.000000000000000000e+00,-2.609747571113985032e-05,-1.845589285949245095e-04,3.239215002395212650e-04
2.795218229293823242e+00,7.725043892860412598e-01,9.795101881027221680e-01,1.000000000000000000e+00,-1.698170876807125751e-06,-1.870519008662085980e-05,-4.187218110018875450e-06
1.398961186408996582e+00,3.090626478195190430e+00,7.138714313507080078e+00,9.999998211860656738e-01,3.013880632352083921e-04,3.443243040237575769e-04,5.427991272881627083e-04
4.903571605682373047e+00,5.676723480224609375e+00,2.625089406967163086e+00,1.000000000000000000e+00,-8.920692926039919257e-05,-4.473376247915439308e-05,4.240517955622635782e-05
3.064848899841308594e+00,3.035781979560852051e-01,3.957779645919799805e+00,1.000000000000000000e+00,-1.244222221430391073e-04,3.163312067044898868e-05,6.211922300281003118e-05
6.873948574066162109e+00,6.959167957305908203e+00,3.626107454299926758e+00,1.000000000000000000e+00,-2.461462572682648897e-04,6.260465306695550680e-05,2.508498728275299072e-04
4.390181064605712891e+00,5.769707202911376953e+00,2.604482173919677734e+00,1.000000000000000000e+00,-7.624524005223065615e-05,-1.133522528107278049e-05,1.183811491500819102e-05
1.275060296058654785e+00,4.683853626251220703e+00,4.851410865783691406e+00,1.000000000000000000e+00,4.004249421996064484e-05,3.836426458292407915e-06,-8.457685908069834113e-05
2.866995096206665039e+00,5.131357669830322266e+00,6.737720012664794922e+00,1.000000000000000000e+00,2.065226290142163634e-04,2.211324272138881497e-06,-8.991052891360595822e-05
6.311069488525390625e+00,7.367417812347412109e+00,6.073275804519653320e-01,1.000000000000000000e+00,1.266123435925692320e-04,2.875193604268133640e-05,-3.692107566166669130e-05
1.409900665283203125e+00,3.071108818054199219e+00,1.201472520828247070e+00,1.000000000000000000e+00,6.638717604801058769e-05,-5.628836515825241804e-05,7.654813089175149798e-05
2.010140717029571533e-01,4.396673202514648438e+00,3.555885076522827148e+00,1.000000000000000000e+00,1.840983713918831199e-05,-2.823324030032381415e-05,-9.177278116112574935e-06
6.280274391174316406e+00,6.025734901428222656e+00,6.707836151123046875e+00,1.000000000000000000e+00,-4.497062988662037242e-08,-1.460589373891707510e-05,-6.965362990740686655e-05
4.314451694488525391e+00,4.745540618896484375e+00,3.877713441848754883e+00,1.000000000000000000e+00,-9.461092122364789248e-05,-2.385276748100295663e-04,-1.203136416734196246e-04
4.899536609649658203e+00,3.631367444992065430e+00,6.726317882537841797e+00,1.000000000000000000e+00,-3.290457825642079115e-04,1.225233281729742885e-04,-4.046914909849874675e-06
6.085417270660400391e+00,4.097171306610107422e+00,6.855592727661132812e+00,9.999970793724060059e-01,8.821914670988917351e-04,-2.088160486891865730e-03,8.414807380177080631e-04
3.695804119110107422e+00,5.610695838928222656e+00,6.498150825500488281e+00,1.000000000000000000e+00,1.145045462180860341e-04,1.638783869566395879e-04,-6.083182233851402998e-05
5.765895843505859375e+00,1.687076091766357422e+00,2.828305244445800781e+00,1.000000000000000000e+00,2.720088559726718813e-05,-2.375402618781663477e-05,-1.637483655940741301e-04
8.234014362096786499e-02,5.935405846685171127e-03,2.727859258651733398e+00,1.000000000000000000e+00,1.491199509473517537e-04,-7.208533497760072351e-05,-6.346751615637913346e-05
2.747435092926025391e+00,3.315072774887084961e+00,5.034040927886962891e+00,1.000000000000000000e+00,-1.084484174498356879e-04,-2.324938031961210072e-05,4.515756882028654218e-05
2.660944461822509766e+00,2.504499435424804688e+00,5.052538871765136719e+00,1.000000000000000000e+00,-7.002562779234722257e-05,-3.634356744441902265e-06,6.631292762904195115e-06
5.891487121582031250e+00,2.433010578155517578e+00,2.967202901840209961e+00,1.000000000000000000e+00,1.770676171872764826e-04,-2.867705188691616058e-05,7.120734721866028849e-07
6.088298797607421875e+00,1.291501283645629883e+00,6.290716171264648438e+00,1.000000000000000000e+00,1.403205824317410588e-04,-7.987126446096226573e-05,2.898586681112647057e-04
4.486723423004150391e+00,1.775366961956024170e-01,4.822905063629150391e+00,9.999998211860656738e-01,2.183036558562889695e-04,6.539134192280471325e-04,7.498371996916830540e-05
6.854762077331542969e+00,2.617692053318023682e-01,5.170125365257263184e-01,1.000000000000000000e+00,1.907159021357074380e-04,2.810178557410836220e-05,1.499824575148522854e-04
3.892686128616333008e+00,5.990917682647705078e+00,4.693832874298095703e+00,1.000000000000000000e+00,3.058830043300986290e-05,-7.117180939530953765e-05,-5.464746573125012219e-05
2.536177396774291992e+00,3.120222091674804688e-01,6.950847148895263672e+00,9.999396800994873047e-01,-1.197327859699726105e-03,1.245263614691793919e-03,1.084601134061813354e-02
2.456604242324829102e+00,5.175279140472412109e+00,7.252578735351562500e+00,1.000000000000000000e+00,1.091067388188093901e-04,-2.422163197479676455e-05,-3.224731335649266839e-05
6.886561870574951172e+00,2.260528564453125000e+00,2.698450565338134766e+00,1.000000000000000000e+00,-3.394469240447506309e-05,-7.376344728982076049e-05,4.803991396329365671e-05
6.075995922088623047e+00,1.793635129928588867e+00,4.865082263946533203e+00,1.000000000000000000e+00,5.425389463198371232e-05,-7.038626790745183825e-05,1.579210511408746243e-04
2.475708872079849243e-01,7.385754108428955078e+00,4.682568550109863281e+00,1.000000000000000000e+00,-2.719921758398413658e-05,4.356487261247821152e-05,-1.600514224264770746e-05
1.194510817527770996e+00,3.053362846374511719e+00,2.195371091365814209e-01,1.000000000000000000e+00,-2.105585008393973112e-04,2.349115675315260887e-05,-3.803710569627583027e-05
5.377301216125488281e+00,5.041722655296325684e-01,5.306630611419677734e+00,1.000000000000000000e+00,1.396673324052244425e-04,-5.018149749957956374e-05,1.283596793655306101e-04
3.355820894241333008e+00,2.369008064270019531e+00,6.514142155647277832e-01,1.000000000000000000e+00,-2.353254058107268065e-05,-1.736422382236924022e-05,4.747698403662070632e-05
1.030267357826232910e+00,6.753260135650634766e+00,1.286590576171875000e+00,1.000000000000000000e+00,8.582950977142900229e-05,-2.131971850758418441e-04,-9.904403850669041276e-05
5.667913913726806641e+00,5.487026691436767578e+00,7.269145965576171875e+00,1.000000000000000000e+00,6.655774632235988975e-05,4.173334673396311700e-05,6.449536886066198349e-05
4.842748165130615234e+00,3.735455572605133057e-01,7.087224006652832031e+00,1.000000000000000000e+00,-4.583224290399812162e-05,6.437106640078127384e-05,-6.838966510258615017e-05
2.773811817169189453e-01,3.125588178634643555e+00,2.547827005386352539e+00,9.999998807907104492e-01,-1.305861951550468802e-04,4.628110327757894993e-04,-2.933225769083946943e-04
5.474371910095214844e+00,5.412870883941650391e+00,3.388195991516113281e+00,1.000000000000000000e+00,3.525145302774035372e-06,-5.802094528917223215e-05,2.045186738541815430e-05
1.345152139663696289e+00,6.569277286529541016e+00,7.148587226867675781e+00,9.999433159828186035e-01,-6.088980473577976227e-03,5.916238296777009964e-03,6.433706264942884445e-03
6.798814773559570312e+00,5.541773796081542969e+00,5.987112045288085938e+00,9.999998807907104492e-01,-1.866777893155813217e-04,-4.754728288389742374e-04,2.310241688974201679e-04
6.457495689392089844e+00,6.833300113677978516e+00,6.711644649505615234e+00,1.000000000000000000e+00,2.288832183694466949e-04,-1.054149106494151056e-04,-2.724065852817147970e-04
3.188601970672607422e+00,7.451041698455810547e+00,4.783318996429443359e+00,1.000000000000000000e+00,-3.375379310455173254e-05,1.987723589991219342e-05,-3.501068567857146263e-05
2.699603796005249023e+00,6.419706344604492188e+00,4.224567413330078125e+00,1.000000000000000000e+00,1.000796964945038781e-05,1.232677277585025877e-05,6.258282519411295652e-05
5.960238933563232422e+00,4.576699256896972656e+00,3.001043796539306641e+00,9.999998807907104492e-01,-1.865830563474446535e-04,3.110523684881627560e-04,-3.909993683919310570e-04
1.889782212674617767e-02,2.367226928472518921e-01,2.886679768562316895e-01,1.000000000000000000e+00,1.706579787423834205e-04,6.341423431877046824e-05,-1.522021375421900302e-05
6.556115150451660156e+00,3.900261640548706055e+00,6.532832145690917969e+00,1.000000000000000000e+00,2.667015651240944862e-04,-1.464216475142166018e-04,-4.626832378562539816e-06
4.868461608886718750e+00,6.268263339996337891e+00,2.312344312667846680e+00,1.000000000000000000e+00,-1.565877755638211966e-04,-1.881939533632248640e-05,3.313142588012851775e-05
5.833267688751220703e+00,6.782087326049804688e+00,7.145716190338134766e+00,1.000000000000000000e+00,1.861471537267789245e-04,-9.144964860752224922e-05,-1.085101248463615775e-04
1.013988375663757324e+00,1.551281094551086426e+00,6.969460010528564453e+00,1.000000000000000000e+00,4.016996172140352428e-05,3.805708547588437796e-05,-1.143615349974425044e-06
5.543411254882812500e+00,7.099129676818847656e+00,5.410461902618408203e+00,1.000000000000000000e+00,-1.565763814141973853e-04,1.217296448885463178e-04,1.662319991737604141e-04
2.682635545730590820e+00,1.884192824363708496e+00,1.072411537170410156e-01,9.999998807907104492e-01,-6.273859617067500949e-05,-1.090885125449858606e-04,5.449934396892786026e-04
6.675456523895263672e+00,8.224457502365112305e-01,5.153541088104248047e+00,1.000000000000000000e+00,2.990959546878002584e-05,-1.404829527018591762e-05,7.714803359704092145e-05
2.161838054656982422e+00,2.457028865814208984e+00,4.341606140136718750e+00,9.999731779098510742e-01,3.928107209503650665e-03,-5.761349457316100597e-04,6.151694338768720627e-03
4.918347358703613281e+00,4.769763469696044922e+00,6.656482696533203125e+00,1.000000000000000000e+00,-8.553935913369059563e-05,1.940848305821418762e-04,8.862502727424725890e-05
1.720734238624572754e+00,5.152080535888671875e+00,7.362813949584960938e+00,1.000000000000000000e+00,7.838373858248814940e-05,-4.289834032533690333e-05,8.863507537171244621e-05
1.842775464057922363e+00,7.496411323547363281e+00,3.485450267791748047e+00,1.000000000000000000e+00,-3.263496910221874714e-05,-1.367093409498920664e-05,1.683895425230730325e-05
2.368142366409301758e+00,7.342677116394042969e+00,6.038649559020996094e+00,1.000000000000000000e+00,8.412622264586389065e-05,-3.962557457271032035e-05,-1.011851054499857128e-04
2.133857250213623047e+00,1.547309756278991699e+00,3.438945531845092773e+00,1.000000000000000000e+00,1.600315881660208106e-04,1.179908067570067942e-04,-1.698448177194222808e-04
4.221116542816162109e+00,5.688256740570068359e+00,2.956854343414306641e+00,1.000000000000000000e+00,-2.642024082888383418e-05,-3.774185825022868812e-05,1.273085945285856724e-05
1.699901580810546875e+00,4.513264656066894531e+00,6.746992111206054688e+00,1.000000000000000000e+00,6.850626959931105375e-06,1.097959393518976867e-04,2.764345299510750920e-05
1.968077898025512695e+00,4.515202999114990234e+00,1.814385533332824707e+00,1.000000000000000000e+00,-6.026547634974122047e-05,1.190280308946967125e-04,-3.375969754415564239e-05
6.162173748016357422e+00,3.749230861663818359e+00,6.736237049102783203e+00,9.999997615814208984e-01,7.383287302218377590e-04,-1.492753799539059401e-04,2.058663958450779319e-04
3.530141592025756836e+00,5.226207733154296875e+00,8.057518601417541504e-01,1.000000000000000000e+00,-1.125589915318414569e-05,1.639263132346968632e-06,6.645243047387339175e-06
7.195793151855468750e+00,7.187350749969482422e+00,1.783738255500793457e+00,9.999989271163940430e-01,4.464847734197974205e-04,1.336912508122622967e-03,5.214365082792937756e-04
5.081206321716308594e+00,1.772408127784729004e+00,6.733133792877197266e+00,9.998819231986999512e-01,-5.320081952959299088e-03,-4.258954431861639023e-03,1.377358473837375641e-02
4.814520835876464844e+00,3.067850768566131592e-01,4.811163425445556641e+00,1.000000000000000000e+00,2.194524131482467055e-04,1.665261661401018500e-04,1.323367177974432707e-04
1.642728567123413086e+00,1.974748253822326660e+00,7.129470825195312500e+00,1.000000000000000000e+00,7.429316610796377063e-05,4.655593147617764771e-05,-7.009412365732714534e-05
1.717275619506835938e+00,6.451665163040161133e-01,7.468878030776977539e-01,1.000000000000000000e+00,-3.053620093851350248e-05,-3.152106000925414264e-05,3.765140945688472129e-06
2.969083070755004883e+00,4.766790390014648438e+00,3.920909881591796875e+00,9.999349117279052734e-01,7.455930579453706741e-03,-7.873330265283584595e-03,-3.554805647581815720e-03
4.180616855621337891e+00,3.129117012023925781e+00,1.747153162956237793e+00,9.999985694885253906e-01,8.973233634606003761e-04,9.160722256638109684e-04,1.161366701126098633e-03
7.050733566284179688e+00,4.722468852996826172e+00,6.775133132934570312e+00,9.999998807907104492e-01,-1.875340385595336556e-04,2.103839942719787359e-04,-5.458588129840791225e-04
3.963996648788452148e+00,5.377897262573242188e+00,3.064215421676635742e+00,1.000000000000000000e+00,-8.320030610775575042e-05,-3.788151843764353544e-06,-3.598848707042634487e-05
4.505311012268066406e+00,6.134837150573730469e+00,2.190186738967895508e+00,1.000000000000000000e+00,-1.144865018432028592e-04,3.668241697596386075e-05,-2.614478944451548159e-05
4.543347358703613281e+00,3.279792070388793945e+00,9.883769154548645020e-01,1.000000000000000000e+00,-8.448512380709871650e-05,2.164973266189917922e-04,-8.435283234575763345e-05
1.838772892951965332e+00,1.595080375671386719e+00,4.134364604949951172e+00,1.000000000000000000e+00,4.313482713769190013e-05,1.959741930477321148e-04,-3.273453912697732449e-04
5.561803340911865234e+00,5.842734813690185547e+00,4.333821773529052734e+00,1.000000000000000000e+00,-4.523839379544369876e-06,-1.317847199970856309e-04,-1.042120566125959158e-04
4.902557849884033203e+00,6.171472072601318359e+00,3.594602346420288086e-01,1.000000000000000000e+00,-1.150568714365363121e-04,-2.277271414641290903e-04,1.488390262238681316e-04
5.691590309143066406e+00,6.062114238739013672e+00,7.172166824340820312e+00,1.000000000000000000e+00,3.863623351207934320e-05,-1.477273872296791524e-05,7.766157796140760183e-05
1.125656604766845703e+00,6.266983032226562500e+00,5.948465824127197266e+00,1.000000000000000000e+00,-5.464774221763946116e-05,-9.058134310180321336e-05,1.671710924711078405e-04
4.908774197101593018e-01,3.941215276718139648e+00,7.472496986389160156e+00,1.000000000000000000e+00,-3.407756230444647372e-05,3.126463561784476042e-04,1.264682505279779434e-04
4.372255802154541016e+00,2.045321017503738403e-01,2.529904127120971680e+00,1.000000000000000000e+00,1.964574039448052645e-04,1.569056184962391853e-04,1.592754852026700974e-04
3.262660026550292969e+00,3.948969841003417969e+00,5.122719287872314453e+00,1.000000000000000000e+00,-4.502233787206932902e-05,5.680055255652405322e-05,5.383420284488238394e-05
5.961030960083007812e+00,1.733103156089782715e+00,6.120544910430908203e+00,1.000000000000000000e+00,1.756258861860260367e-04,-7.058578194119036198e-05,2.046615263679996133e-04
3.914549827575683594e+00,4.080305099487304688e+00,5.821913719177246094e+00,1.000000000000000000e+00,-1.522850507171824574e-04,1.466778485337272286e-04,1.114370388677343726e-04
7.114703178405761719e+00,6.649223804473876953e+00,7.424657821655273438e+00,1.000000000000000000e+00,-4.636425364878959954e-05,-5.177936327527277172e-05,-2.391677844570949674e-05
5.643551349639892578e+00,4.728796005249023438e+00,1.528410434722900391e+00,9.999998807907104492e-01,-3.220213693566620350e-04,6.392325303750112653e-05,-4.461436183191835880e-04
4.873085021972656250e+00,5.919722080230712891e+00,1.510560512542724609e+00,1.000000000000000000e+00,-1.318181602982804179e-04,3.747226583072915673e-05,-7.362957694567739964e-05
6.991664886474609375e+00,5.962684631347656250e+00,2.464097023010253906e+00,9.999998211860656738e-01,-6.001250585541129112e-04,2.146844635717570782e-04,-1.370173849863931537e-04
9.910218119621276855e-01,1.070139169692993164e+00,6.895198345184326172e+00,1.000000000000000000e+00,5.706671799998730421e-05,2.963014958368148655e-05,-8.500521653331816196e-05
4.669706344604492188e+00,2.792318820953369141e+00,5.879952907562255859e+00,1.000000000000000000e+00,1.639986003283411264e-04,-1.632093044463545084e-04,-1.451109128538519144e-04
7.577948570251464844e-01,3.398514509201049805e+00,3.240124464035034180e+00,1.000000000000000000e+00,9.947421858669258654e-06,8.371034346055239439e-05,1.274344685953110456e-04
3.600491762161254883e+00,5.726990699768066406e-01,1.655895829200744629e+00,1.000000000000000000e+00,5.753443838329985738e-05,-8.934495099310879596e-07,6.584517541341483593e-05
2.853152275085449219e+00,2.897426605224609375e+00,5.228166103363037109e+00,1.000000000000000000e+00,-8.999383862828835845e-05,-4.755172994919121265e-05,4.700911449617706239e-05
6.061639308929443359e+00,3.591291666030883789e+00,3.273817300796508789e+00,9.999999403953552246e-01,3.373662475496530533e-04,-8.539733971701934934e-05,-2.588328497949987650e-04
6.937006711959838867e-01,7.041749954223632812e+00,5.741296291351318359e+00,1.000000000000000000e+00,-1.898338450700975955e-05,-2.356845470785629004e-05,4.956817429047077894e-05
5.682980060577392578e+00,5.190019607543945312e+00,5.883074402809143066e-01,1.000000000000000000e+00,6.457434210460633039e-05,-1.863772013166453689e-05,1.892995060188695788e-04
3.826006889343261719e+00,6.621324062347412109e+00,3.387070178985595703e+00,1.000000000000000000e+00,4.532767889031674713e-06,1.982126195798628032e-05,4.793925654666963965e-06
1.190177798271179199e+00,2.743027925491333008e+00,4.697402000427246094e+00,1.000000000000000000e+00,4.540952068055048585e-05,-2.307375252712517977e-04,1.584868186910171062e-05
2.950094938278198242e+00,6.936059474945068359e+00,3.265476942062377930e+00,1.000000000000000000e+00,-1.743339998938608915e-05,1.646360760787501931e-05,3.714287231559865177e-05
2.599263429641723633e+00,4.677593231201171875e+00,5.156469345092773438e+00,1.000000000000000000e+00,-1.312257518293336034e-04,5.503461579792201519e-05,-5.843657709192484617e-05
5.175177097320556641e+00,1.349267065525054932e-01,2.089075326919555664e+00,1.000000000000000000e+00,-1.519925863249227405e-04,1.426456292392686009e-04,-7.893829024396836758e-05
3.620174884796142578e+00,3.564122438430786133e+00,7.167942047119140625e+00,9.999988079071044922e-01,-7.732542580924928188e-04,-1.035126275382936001e-03,-9.422873263247311115e-04
7.341339588165283203e-01,2.896464586257934570e+00,2.786632299423217773e+00,1.000000000000000000e+00,-9.794498328119516373e-05,2.610089140944182873e-04,4.656211967812851071e-05
1.348221600055694580e-01,2.610807418823242188e-01,5.735310554504394531e+00,1.000000000000000000e+00,2.239022796857170761e-05,-5.191403033677488565e-06,1.478765170759288594e-06
6.425691604614257812e+00,3.847510814666748047e-01,4.800631523132324219e+00,1.000000000000000000e+00,3.872673914884217083e-05,1.415963561157695949e-05,3.243633182137273252e-05
1.901577264070510864e-01,4.937914371490478516e+00,1.943220615386962891e+00,1.000000000000000000e+00,2.237365115433931351e-04,-2.279103937325999141e-04,-2.301338245160877705e-04
4.487415313720703125e+00,2.437297344207763672e+00,5.010139942169189453e+00,1.000000000000000000e+00,1.134028498199768364e-04,-2.337978185096289963e-05,8.033395715756341815e-06
1.789026379585266113e+00,1.437005043029785156e+00,1.051820993423461914e+00,1.000000000000000000e+00,-3.857757837977260351e-05,-5.654073902405798435e-05,-2.336686702619772404e-05
4.408034324645996094e+00,1.336203888058662415e-02,5.463967800140380859e+00,9.998592138290405273e-01,-9.135724045336246490e-03,-2.774701220914721489e-03,-1.379776094108819962e-02
6.724855303764343262e-01,6.446823120117187500e+00,2.706814050674438477e+00,9.999999403953552246e-01,-2.162060118280351162e-04,-3.651063598226755857e-04,-1.971841411432251334e-04
5.302314758300781250e+00,3.180849313735961914e+00,5.904506683349609375e+00,1.000000000000000000e+00,-8.763337973505258560e-05,7.673585787415504456e-05,-2.590166150184813887e-05
6.203568458557128906e+00,4.051292419433593750e+00,5.697398662567138672e+00,1.000000000000000000e+00,-1.481167273595929146e-04,-3.455925325397402048e-04,-3.506716893753036857e-05
5.279850006103515625e+00,2.214174985885620117e+00,2.319204568862915039e+00,9.999995827674865723e-01,4.389728710521012545e-04,-3.915124107152223587e-04,-7.360594463534653187e-04
6.288676738739013672e+00,1.818551898002624512e+00,1.811178207397460938e+00,1.000000000000000000e+00,-8.813641215965617448e-06,-1.424598012818023562e-04,-8.492402412230148911e-05
7.349526405334472656e+00,6.487224102020263672e+00,7.208435535430908203e+00,1.000000000000000000e+00,-1.186412118840962648e-04,-9.583896462572738528e-05,-5.221415631240233779e-05
7.494940280914306641e+00,6.785190105438232422e-01,2.437560081481933594e+00,1.000000000000000000e+00,1.402303023496642709e-04,-9.884944120130967349e-06,-3.017771814484149218e-04
6.692010402679443359e+00,5.475900769233703613e-01,3.928925275802612305e+00,1.000000000000000000e+00,6.152706919237971306e-05,3.586139428080059588e-05,1.764228545653168112e-05
6.976518154144287109e+00,6.598868966102600098e-01,1.395545750856399536e-01,9.999996423721313477e-01,1.677291002124547958e-04,-2.662160550244152546e-04,8.506245212629437447e-04
1.795779943466186523e+00,2.205259799957275391e+00,6.662345886230468750e+00,1.000000000000000000e+00,7.538142381235957146e-05,-2.880621104850433767e-05,5.911886910325847566e-05
2.009294271469116211e+00,3.793099164962768555e+00,4.535876274108886719e+00,9.999999403953552246e-01,3.555237781256437302e-04,-1.397824598825536668e-05,2.464274875819683075e-04
3.117183208465576172e+00,4.818470478057861328e-01,2.172994852066040039e+00,1.000000000000000000e+00,1.046941451932070777e-05,-2.815827247104607522e-05,5.966943717794492841e-06
3.906858921051025391e+00,3.010735750198364258e+00,2.101444482803344727e+00,9.999960064888000488e-01,-7.182076806202530861e-04,-3.347486199345439672e-04,2.718341071158647537e-03
3.863879919052124023e+00,5.331250190734863281e+00,1.280778527259826660e+00,1.000000000000000000e+00,1.715970756777096540e-05,1.387286010867683217e-05,3.367322278791107237e-05
4.551392078399658203e+00,6.010798454284667969e+00,4.174464225769042969e+00,1.000000000000000000e+00,2.849653174052946270e-05,-2.857677463907748461e-05,-7.987794379005208611e-05
7.490955829620361328e+00,6.333535194396972656e+00,9.993848204612731934e-01,1.000000000000000000e+00,-1.236258249264210463e-04,1.459786144550889730e-04,1.767728972481563687e-04
4.521116256713867188e+00,4.652961254119873047e+00,5.135900974273681641e+00,9.999424219131469727e-01,2.399324672296643257e-03,2.106277272105216980e-03,1.025269739329814911e-02
1.369863271713256836e+00,6.595564365386962891e+00,2.381141930818557739e-01,9.999996423721313477e-01,6.122052436694502831e-04,2.219584566773846745e-04,-6.067017093300819397e-04
2.563808560371398926e-01,3.469222307205200195e+00,4.970732212066650391e+00,1.000000000000000000e+00,2.236375803477130830e-05,6.492394732049433514e-06,2.001691027544438839e-04
3.401717662811279297e+00,5.380342483520507812e+00,3.488931655883789062e+00,1.000000000000000000e+00,-1.269160566153004766e-04,1.434983132639899850e-04,9.673915337771177292e-05
3.220774412155151367e+00,2.327579021453857422e+00,6.630843162536621094e+00,1.000000000000000000e+00,4.564568735077045858e-05,-1.631600571272429079e-05,8.057669037953019142e-05
1.713992357254028320e+00,4.670006752014160156e+00,3.539804935455322266e+00,1.000000000000000000e+00,-4.105083462491165847e-06,-8.797804184723645449e-05,5.035004505771212280e-05
1.673841029405593872e-01,3.891541957855224609e+00,2.922369003295898438e+00,9.999999403953552246e-01,-4.822880146093666553e-04,-1.112897589337080717e-04,1.525506086181849241e-04
2.425410598516464233e-01,1.963821530342102051e+00,4.809191226959228516e+00,9.999998211860656738e-01,-4.566661573335295543e-07,4.925101529806852341e-04,-5.065633449703454971e-04
8.569566011428833008e-01,1.675527334213256836e+00,1.972815990447998047e+00,1.000000000000000000e+00,-1.790713940863497555e-05,-1.347926627204287797e-05,8.911346230888739228e-05
2.242327690124511719e+00,4.560555934906005859e+00,5.806638240814208984e+00,1.000000000000000000e+00,-1.403403730364516377e-04,-2.625789238663855940e-05,-3.740550600923597813e-04
7.023326873779296875e+00,3.875029563903808594e+00,3.755055665969848633e+00,1.000000000000000000e+00,-7.880260818637907505e-05,-4.449554762686602771e-05,-1.101358138839714229e-04
2.077115535736083984e+00,5.552612781524658203e+00,6.745634078979492188e+00,9.999998807907104492e-01,4.160702810622751713e-04,-2.357402408961206675e-04,8.720082405488938093e-05
2.355669736862182617e+00,5.956746578216552734e+00,7.547666430473327637e-01,1.000000000000000000e+00,3.329096944071352482e-05,-1.611402331036515534e-05,2.557803964009508491e-05
7.403502464294433594e+00,7.192083835601806641e+00,1.218693256378173828e+00,9.999996423721313477e-01,3.423184389248490334e-04,-2.209431113442406058e-04,7.746398914605379105e-04
3.430006980895996094e+00,9.374476075172424316e-01,3.350804805755615234e+00,1.000000000000000000e+00,-3.862855373881757259e-05,-1.668104523560032248e-04,7.604972051922231913e-05
6.602731704711914062e+00,4.258015155792236328e+00,9.765664339065551758e-01,9.999989867210388184e-01,1.289129257202148438e-03,-4.926719120703637600e-04,-5.429196753539144993e-04
3.807705402374267578e+00,7.004702091217041016e+00,8.060110211372375488e-01,1.000000000000000000e+00,-1.349530502920970321e-04,-1.827896048780530691e-04,1.135460042860358953e-04
7.298796653747558594e+00,1.422469377517700195e+00,4.070090293884277344e+00,1.000000000000000000e+00,3.959132664022035897e-05,-2.618578218971379101e-05,7.577456563012674451e-05
2.781339645385742188e+00,3.186635017395019531e+00,6.763778686523437500e+00,1.000000000000000000e+00,-1.074457395588979125e-04,-7.544215350208105519e-06,1.177339345304062590e-05
2.427850008010864258e+00,5.950569152832031250e+00,2.503454208374023438e+00,1.000000000000000000e+00,-1.056301916833035648e-04,-2.938812758657149971e-05,1.396522711729630828e-04
3.917335867881774902e-01,1.633229970932006836e+00,5.038506984710693359e+00,1.000000000000000000e+00,-2.938956640718970448e-05,1.622668241907376796e-05,-1.911686122184619308e-04
7.039333820343017578e+00,6.541049957275390625e+00,2.106051921844482422e+00,9.999999403953552246e-01,-3.100993926636874676e-04,2.683822822291404009e-04,-1.580202952027320862e-04
3.697488784790039062e+00,3.251351594924926758e+00,2.084788322448730469e+00,9.999958872795104980e-01,-6.716346833854913712e-04,-2.625071501825004816e-04,2.782492199912667274e-03
7.464959621429443359e+00,2.288789510726928711e+00,2.530291557312011719e+00,1.000000000000000000e+00,-8.907457231543958187e-05,3.091539110755547881e-05,7.557820208603516221e-05
6.992528915405273438e+00,3.062472343444824219e+00,1.816460788249969482e-01,9.999581575393676758e-01,-6.930965464562177658e-03,5.972600076347589493e-03,-3.061372844967991114e-04
5.966555595397949219e+00,3.487952709197998047e+00,3.874204635620117188e+00,9.998891949653625488e-01,2.940124599263072014e-03,2.384372521191835403e-03,-1.439949031919240952e-02
1.041729688644409180e+00,2.901672124862670898e+00,6.441765785217285156e+00,1.000000000000000000e+00,-1.062672381522133946e-04,6.223298987606540322e-05,1.190133116324432194e-05
6.687795639038085938e+00,6.709369182586669922e+00,7.215617656707763672e+00,1.000000000000000000e+00,3.944646232412196696e-05,-2.983605736517347395e-05,-2.710231638047844172e-05
3.096731662750244141e+00,7.415146827697753906e+00,2.107622146606445312e+00,1.000000000000000000e+00,1.228570226885494776e-06,7.311273293453268707e-06,2.069463516818359494e-05
1.285639405250549316e+00,5.799183845520019531e+00,1.446132063865661621e+00,9.999999403953552246e-01,-9.922512253979220986e-05,-2.657276345416903496e-04,-3.121395711787045002e-04
5.096020221710205078e+00,7.488935947418212891e+00,2.644671916961669922e+00,9.999739527702331543e-01,-6.050782743841409683e-03,3.793010720983147621e-03,-1.115114311687648296e-03
7.418878078460693359e+00,1.850919008255004883e+00,2.382421255111694336e+00,1.000000000000000000e+00,-2.388522807450499386e-05,-3.031220876437146217e-05,5.710607001674361527e-05
1.550603866577148438e+00,1.067850828170776367e+00,6.010523319244384766e+00,1.000000000000000000e+00,2.684419769138912670e-06,-2.647715700732078403e-05,-1.086082193069159985e-05
9.060273170471191406e-01,4.895674228668212891e+00,5.216171264648437500e+00,1.000000000000000000e+00,1.437372120562940836e-04,1.848028841777704656e-05,-2.018613740801811218e-04
6.472034931182861328e+00,2.999880313873291016e-01,3.251931905746459961e+00,1.000000000000000000e+00,1.245120947714895010e-04,7.534799806308001280e-05,5.491772390087135136e-05
7.238366603851318359e+00,4.859865009784698486e-01,1.939164519309997559e+00,9.999967217445373535e-01,1.768414513207972050e-03,-1.835650298744440079e-03,-8.990665082819759846e-05
5.851553916931152344e+00,9.333128333091735840e-01,5.416729927062988281e+00,1.000000000000000000e+00,8.953871292760595679e-05,-1.172258816950488836e-05,1.479095080867409706e-04
1.062383294105529785e+00,2.403145790100097656e+00,2.871422290802001953e+00,1.000000000000000000e+00,-1.824742503231391311e-05,1.558758413011673838e-05,-2.650815076776780188e-05
9.491590857505798340e-01,5.759509563446044922e+00,7.356490612030029297e+00,1.000000000000000000e+00,6.592884892597794533e-05,-1.183218137157382444e-05,2.766620891634374857e-04
5.898151397705078125e+00,6.101912975311279297e+00,6.511398315429687500e+00,1.000000000000000000e+00,-3.111712067038752139e-05,2.165211917599663138e-04,2.867799485102295876e-04
6.714104652404785156e+00,3.884019136428833008e+00,4.032928466796875000e+00,9.999999403953552246e-01,3.939495218219235539e-05,6.887835479574277997e-05,-5.194889963604509830e-04
1.746121525764465332e+00,1.645034313201904297e+00,2.810173749923706055e+00,1.000000000000000000e+00,4.851891571888700128e-05,7.034301233943551779e-05,-1.981926106964237988e-05
3.717213153839111328e+00,8.898442983627319336e-01,1.771521419286727905e-01,1.000000000000000000e+00,-9.585567750036716461e-05,-4.860649642068892717e-05,6.748368468834087253e-05
3.674806833267211914e+00,9.195799939334392548e-03,2.265271186828613281e+00,1.000000000000000000e+00,4.092291783308610320e-05,6.695327465422451496e-05,-3.158914296363946050e-06
7.142487525939941406e+00,1.829756021499633789e+00,7.135636806488037109e+00,1.000000000000000000e+00,1.246807805728167295e-04,2.669977766345255077e-05,8.261163020506501198e-05
5.486445903778076172e+00,5.775113582611083984e+00,5.857359886169433594e+00,1.000000000000000000e+00,2.340308710699900985e-04,-4.999574957764707506e-05,4.167504812357947230e-05
6.496079921722412109e+00,7.413366794586181641e+00,4.246029376983642578e+00,1.000000000000000000e+00,2.352756746404338628e-05,-1.400661949446657673e-05,6.123477191977144685e-07
1.631047606468200684e+00,3.364193677902221680e+00,5.807760238647460938e+00,1.000000000000000000e+00,-8.468612941214814782e-05,6.955585376999806613e-06,2.014302881434559822e-04
5.832880973815917969e+00,1.502641677856445312e+00,1.067617177963256836e+00,1.000000000000000000e+00,-3.910068699042312801e-05,1.032960426528006792e-04,-5.550967398448847234e-05
7.296053886413574219e+00,5.421301841735839844e+00,8.944778889417648315e-02,9.999703168869018555e-01,1.482505002059042454e-03,7.054397370666265488e-03,-2.713725203648209572e-03
6.405752182006835938e+00,7.322655677795410156e+00,1.630874872207641602e+00,9.999998807907104492e-01,-2.796068438328802586e-04,2.116355753969401121e-04,-4.019901971332728863e-04
2.170608997344970703e+00,4.378490447998046875e-01,6.032419681549072266e+00,1.000000000000000000e+00,-6.807557656429708004e-05,-5.512914867722429335e-05,-7.340359297813847661e-05
1.284129858016967773e+00,5.821205139160156250e+00,8.786388486623764038e-02,9.999998807907104492e-01,-1.421838824171572924e-04,3.127711825072765350e-04,4.887511022388935089e-04
3.348165988922119141e+00,6.670808196067810059e-01,5.396431684494018555e-01,1.000000000000000000e+00,-1.040094721247442067e-04,-7.310813816729933023e-05,6.015473991283215582e-05
2.350203514099121094e+00,4.337194919586181641e+00,4.786152362823486328e+00,1.000000000000000000e+00,2.823223439918365330e-05,-2.656045398907735944e-05,5.627129576168954372e-05
5.288018226623535156e+00,2.509255707263946533e-01,3.134279489517211914e+00,9.999952912330627441e-01,2.378862584009766579e-03,1.433895784430205822e-03,1.360745052807033062e-03
6.032107353210449219e+00,4.327315807342529297e+00,6.573225498199462891e+00,9.999963045120239258e-01,-2.130443695932626724e-03,-1.456039608456194401e-03,9.391669300384819508e-04
6.051317691802978516e+00,1.402570366859436035e+00,1.328035593032836914e+00,1.000000000000000000e+00,-2.021434920607134700e-05,2.511950697225984186e-05,4.497713348428078461e-07
5.406182765960693359e+00,4.293788909912109375e+00,1.770090699195861816e+00,9.999288320541381836e-01,1.009469479322433472e-02,6.077719386667013168e-03,1.892291009426116943e-03
2.969467401504516602e+00,3.705324411392211914e+00,6.489257812500000000e+00,1.000000000000000000e+00,-1.119146836572326720e-04,7.501927029807120562e-05,-1.296029950026422739e-04
4.683756828308105469e+00,4.501582145690917969e+00,6.661744594573974609e+00,1.000000000000000000e+00,-2.902999985963106155e-04,5.767749826190993190e-05,6.420464342227205634e-05
5.004146099090576172e+00,3.376398563385009766e+00,3.363761425018310547e+00,9.999997615814208984e-01,3.780523256864398718e-04,-3.131467965431511402e-04,5.306948442012071609e-04
2.916783809661865234e+00,7.339548110961914062e+00,3.866005659103393555e+00,1.000000000000000000e+00,-6.465815386036410928e-05,3.359914626344107091e-05,4.282257941667921841e-05
6.208693981170654297e+00,6.775864601135253906e+00,3.125908613204956055e+00,1.000000000000000000e+00,-8.590114157414063811e-05,-3.204359745723195374e-05,6.392439536284655333e-05
5.639803886413574219e+00,2.839458703994750977e+00,3.093365669250488281e+00,9.999670386314392090e-01,-4.088610410690307617e-03,-3.291403874754905701e-03,6.196187809109687805e-03
3.657287120819091797e+00,6.228291988372802734e+00,4.343756198883056641e+00,1.000000000000000000e+00,4.253541555954143405e-05,-1.655557025515008718e-05,-1.442244865756947547e-05
4.566378593444824219e+00,3.360747098922729492e+00,3.227973222732543945e+00,1.000000000000000000e+00,4.099663419765420258e-05,-1.159864477813243866e-04,2.407278952887281775e-04
1.257340908050537109e+00,2.087769031524658203e+00,6.520672798156738281e+00,1.000000000000000000e+00,9.120613685809075832e-05,5.419045555754564703e-05,3.253629256505519152e-04
3.745750665664672852e+00,5.177232742309570312e+00,2.242187738418579102e+00,1.000000000000000000e+00,-6.347164890030398965e-05,-1.108609649236313999e-05,5.643564691126812249e-06
1.214017868041992188e+00,3.419162034988403320e+00,7.001097679138183594e+00,9.999955892562866211e-01,-2.174337627366185188e-03,1.559650758281350136e-03,-1.325928606092929840e-03
1.214113950729370117e+00,6.302617549896240234e+00,7.269607067108154297e+00,9.999424815177917480e-01,-6.137252785265445709e-03,6.020745262503623962e-03,6.421157624572515488e-03
5.886650085449218750e-01,7.075145721435546875e+00,6.108346939086914062e+00,1.000000000000000000e+00,-5.292867717798799276e-05,-4.240226553520187736e-05,4.668803376262076199e-05
1.981661438941955566e+00,1.568239092826843262e+00,6.150040149688720703e+00,1.000000000000000000e+00,3.633684536907821894e-05,-1.034728302329313010e-05,-2.339922139071859419e-05
5.015324115753173828e+00,6.887838363647460938e+00,6.511277675628662109e+00,9.999993443489074707e-01,-5.324314115568995476e-04,9.100587340071797371e-04,-5.781324580311775208e-04
4.087891578674316406e+00,7.590376734733581543e-01,3.881202697753906250e+00,1.000000000000000000e+00,6.658706843154504895e-05,1.344817719655111432e-04,-7.100292714312672615e-05
1.362095713615417480e+00,1.497458219528198242e+00,7.348163604736328125e+00,1.000000000000000000e+00,-2.187877362302970141e-05,-2.262318776047322899e-05,-4.720372453448362648e-05
7.135417938232421875e+00,1.689994454383850098e+00,6.633058071136474609e+00,1.000000000000000000e+00,1.951918966369703412e-05,6.225333345355466008e-05,-4.131416062591597438e-05
4.929513454437255859e+00,3.817064285278320312e+00,2.173400878906250000e+00,9.999979138374328613e-01,7.919538184069097042e-04,1.971777819562703371e-04,-1.909531187266111374e-03
4.607923030853271484e+00,7.486298084259033203e+00,2.693118333816528320e+00,9.999997615814208984e-01,2.203669137088581920e-04,-5.861012323293834925e-05,-7.069708080962300301e-04
3.418614864349365234e-01,6.653659343719482422e+00,3.088865756988525391e+00,9.999942183494567871e-01,-1.720703323371708393e-03,-2.197067718952894211e-03,-1.973976846784353256e-03
3.193507909774780273e+00,2.543915510177612305e+00,9.523031115531921387e-01,1.000000000000000000e+00,6.101163307903334498e-05,1.226952645083656535e-05,-9.288615547120571136e-05
3.860682487487792969e+00,3.103592693805694580e-01,6.451581954956054688e+00,9.999958872795104980e-01,-2.160283736884593964e-03,1.855299458838999271e-03,4.152823239564895630e-04
5.793059349060058594e+00,1.672435045242309570e+00,7.672061920166015625e-01,1.000000000000000000e+00,-8.403080755670089275e-06,1.295539841521531343e-04,-1.078800632967613637e-04
5.663764953613281250e+00,7.409155845642089844e+00,2.459490537643432617e+00,9.999987483024597168e-01,1.046695862896740437e-03,-1.044120639562606812e-03,6.636359030380845070e-04
3.796130895614624023e+00,5.314631462097167969e+00,3.607600212097167969e+00,1.000000000000000000e+00,-3.607245162129402161e-05,-2.032823394984006882e-04,-2.867848670575767756e-04
5.241843223571777344e+00,1.086112737655639648e+00,1.856929063796997070e+00,1.000000000000000000e+00,-7.507386180805042386e-05,3.554952490958385170e-05,3.523311534081585705e-05
2.240965604782104492e+00,2.929687976837158203e+00,3.846649527549743652e-01,9.999976158142089844e-01,1.572199282236397266e-03,6.838188273832201958e-04,-1.381526701152324677e-03
4.999506473541259766e+00,3.903093576431274414e+00,3.381232976913452148e+00,1.000000000000000000e+00,2.025813155341893435e-04,-6.510356615763157606e-05,-1.549877924844622612e-04
9.756495356559753418e-01,4.018581867218017578e+00,1.190219298005104065e-01,1.000000000000000000e+00,-1.390982943121343851e-04,-6.506094359792768955e-05,2.786942968668881804e-05
2.253962039947509766e+00,3.850472211837768555e+00,1.791746616363525391e-01,1.000000000000000000e+00,-1.140805616159923375e-04,6.053218385204672813e-06,-5.070198312751017511e-05
2.189408428966999054e-02,3.005784988403320312e+00,5.910724163055419922e+00,1.000000000000000000e+00,-1.848236570367589593e-04,-1.049455240718089044e-04,2.102723738062195480e-05
5.172363281250000000e+00,1.578940153121948242e+00,2.476584196090698242e+00,1.000000000000000000e+00,-4.616996375261805952e-05,7.712496153544634581e-05,-2.096101343340706080e-05
4.827226161956787109e+00,3.513133525848388672e+00,4.048728942871093750e+00,1.000000000000000000e+00,1.108102151192724705e-04,-5.762568889622343704e-06,1.776310273271519691e-05
5.563945770263671875e+00,2.087582826614379883e+00,5.156346797943115234e+00,1.000000000000000000e+00,7.466560782631859183e-05,-1.067423727363348007e-05,1.115177801693789661e-04
5.041965961456298828e+00,5.724887371063232422e+00,4.965268611907958984e+00,1.000000000000000000e+00,4.551459642243571579e-05,-1.081251175492070615e-04,-2.726417733356356621e-04
5.915269851684570312e+00,2.562438488006591797e+00,3.604461193084716797e+00,9.999998807907104492e-01,-4.110660811420530081e-04,-3.551483969204127789e-04,1.320494484389200807e-04
7.578455209732055664e-01,1.535091996192932129e-01,5.753270387649536133e-01,1.000000000000000000e+00,1.881870994111523032e-04,8.194416295737028122e-05,-1.668277545832097530e-04
3.957357883453369141e+00,5.530002117156982422e+00,1.563767552375793457e+00,1.000000000000000000e+00,4.792460458702407777e-05,1.456004883948480710e-05,2.357833545829635113e-05
3.116136789321899414e+00,3.626285552978515625e+00,2.848117113113403320e+00,1.000000000000000000e+00,1.889898412628099322e-04,-6.360089173540472984e-05,3.337610687594860792e-04
6.393305301666259766e+00,4.278154373168945312e+00,6.562023162841796875e+00,9.999967813491821289e-01,-1.819863216951489449e-03,-1.804345520213246346e-03,1.028775950544513762e-04
2.754337072372436523e+00,2.258094072341918945e+00,7.063737392425537109e+00,9.999999403953552246e-01,4.145019047427922487e-04,9.308895641879644245e-06,3.358813410159200430e-04
3.287667036056518555e+00,5.945275306701660156e+00,3.356618165969848633e+00,1.000000000000000000e+00,1.768669062585104257e-05,5.810318543808534741e-05,1.904268428916111588e-04
4.894641876220703125e+00,6.392078876495361328e+00,6.187098979949951172e+00,1.000000000000000000e+00,-2.382018283242359757e-05,4.256094325683079660e-05,-2.165677724406123161e-04
1.553878545761108398e+00,1.275266885757446289e+00,5.581924438476562500e+00,1.000000000000000000e+00,5.270804194879019633e-06,3.042078446924278978e-07,-1.328223152086138725e-05
2.830897808074951172e+00,3.988357186317443848e-01,1.025427937507629395e+00,1.000000000000000000e+00,-3.397367254365235567e-05,-5.726307790610007942e-06,-2.117327676387503743e-05
3.361177682876586914e+00,4.694253921508789062e+00,4.000337123870849609e+00,9.999997615814208984e-01,-4.556132771540433168e-04,2.754190936684608459e-04,5.334189627319574356e-04
3.319013118743896484e+00,3.180085659027099609e+00,1.840079784393310547e+00,9.999986886978149414e-01,-8.723065257072448730e-04,-2.251296682516112924e-04,1.381191541440784931e-03
3.413679599761962891e+00,7.248640537261962891e+00,4.436902046203613281e+00,1.000000000000000000e+00,-2.949291229015216231e-05,7.207468297565355897e-05,-4.649771653930656612e-05
3.858152627944946289e+00,2.429224729537963867e+00,7.031932353973388672e+00,1.000000000000000000e+00,1.555916387587785721e-04,-8.423120016232132912e-05,1.755775592755526304e-04
3.385799407958984375e+00,5.913508892059326172e+00,8.528636097908020020e-01,1.000000000000000000e+00,3.309861858724616468e-05,-1.047563200700096786e-04,-7.859621291572693735e-06
6.118798255920410156e+00,4.936213970184326172e+00,7.009983062744140625e+00,9.999994635581970215e-01,6.610028794966638088e-04,3.807727480307221413e-04,-7.899743504822254181e-04
4.235639095306396484e+00,4.194437026977539062e+00,5.074867725372314453e+00,9.999992847442626953e-01,3.268010332249104977e-04,-1.795164716895669699e-04,-1.156346756033599377e-03
1.123289316892623901e-01,5.772108554840087891e+00,6.003701686859130859e+00,1.000000000000000000e+00,2.909337126766331494e-05,-1.467436668463051319e-04,9.008505003293976188e-05
6.256856441497802734e+00,6.181725263595581055e-01,1.817264199256896973e+00,9.999998807907104492e-01,2.634898555697873235e-05,-4.292231751605868340e-04,3.354648069944232702e-04
5.951530933380126953e+00,1.950210094451904297e+00,1.909271121025085449e+00,1.000000000000000000e+00,-2.530164238123688847e-05,-6.550196849275380373e-05,-2.126939798472449183e-04
3.435671806335449219e+00,4.538333415985107422e+00,4.927779674530029297e+00,1.000000000000000000e+00,-5.751605931436643004e-05,1.323566539213061333e-04,1.266137987840920687e-04
3.176165342330932617e+00,6.409896373748779297e+00,6.118936538696289062e+00,1.000000000000000000e+00,2.163205790566280484e-04,9.615252201911062002e-05,-8.010097189981024712e-06
5.649820804595947266e+00,3.724668264389038086e+00,1.545219182968139648e+00,9.999963045120239258e-01,-2.419763710349798203e-03,-6.216886104084551334e-04,-1.131265540607273579e-03
7.379362106323242188e+00,1.365087509155273438e+00,5.619164943695068359e+00,1.000000000000000000e+00,2.116324321832507849e-05,3.756323349080048501e-05,-5.612776476482395083e-06
7.216580390930175781e+00,4.228788912296295166e-01,1.557292699813842773e+00,9.999577403068542480e-01,-5.714653059840202332e-03,1.488145324401557446e-03,7.054995279759168625e-03
5.708352565765380859e+00,3.748261690139770508e+00,3.897702693939208984e+00,9.999985694885253906e-01,-1.108764627133496106e-04,-2.419745433144271374e-04,1.696508959867060184e-03
4.375836849212646484e-01,2.045269250869750977e+00,6.320718765258789062e+00,9.999988079071044922e-01,1.289183157496154308e-03,7.201564148999750614e-04,-4.327298374846577644e-04
7.289014458656311035e-01,4.202255249023437500e+00,1.817623972892761230e+00,1.000000000000000000e+00,4.172106127953156829e-05,-3.351841587573289871e-05,1.091063386411406100e-04
5.663916587829589844e+00,4.224318981170654297e+00,6.553545475006103516e+00,9.999992251396179199e-01,-7.621868280693888664e-04,-6.721525569446384907e-04,7.042068173177540302e-04
6.541326999664306641e+00,5.010138511657714844e+00,4.675879001617431641e+00,9.999997615814208984e-01,9.662935917731374502e-05,-7.847481174394488335e-04,5.767959737568162382e-05
3.844955682754516602e+00,1.346600148826837540e-02,4.622703075408935547e+00,1.000000000000000000e+00,2.984615093737374991e-06,2.753048029262572527e-04,-1.059489950421266258e-04
4.588449478149414062e+00,1.296139508485794067e-01,2.118646144866943359e+00,9.999997615814208984e-01,-1.397862797603011131e-04,-2.812686434481292963e-04,6.911820964887738228e-04
6.861567020416259766e+00,1.110796570777893066e+00,3.690520048141479492e+00,1.000000000000000000e+00,6.822854629717767239e-05,-6.887919880682602525e-06,3.876784467138350010e-05
6.934846878051757812e+00,4.830463528633117676e-01,9.268958568572998047e-01,1.000000000000000000e+00,2.674400748219341040e-04,8.418565994361415505e-05,-4.014427031506784260e-05
3.678938150405883789e+00,3.197581291198730469e+00,6.022434234619140625e+00,1.000000000000000000e+00,-1.188854585052467883e-04,-4.729457214125432074e-05,-4.760735464515164495e-06
6.512554645538330078e+00,5.570613384246826172e+00,7.235975742340087891e+00,1.000000000000000000e+00,-6.351641059154644608e-05,-1.670383644523099065e-04,-6.888031202834099531e-05
2.830588102340698242e+00,4.510033130645751953e+00,1.851380825042724609e+00,1.000000000000000000e+00,-7.709360215812921524e-05,4.820164758712053299e-05,5.883717312826775014e-05
4.799882888793945312e+00,1.279757618904113770e-01,5.679033756256103516e+00,9.999970793724060059e-01,3.696226922329515219e-04,-2.396127441897988319e-03,3.490092058200389147e-04
3.615398883819580078e+00,3.437204360961914062e+00,3.570178031921386719e+00,1.000000000000000000e+00,1.000348856905475259e-04,-5.240440805209800601e-05,1.585730497026816010e-04
7.399692535400390625e-01,4.028906822204589844e+00,4.406345844268798828e+00,1.000000000000000000e+00,8.643449109513312578e-05,1.475628505431814119e-05,1.449728006264194846e-04
3.073041439056396484e-01,7.368381023406982422e+00,3.285611629486083984e+00,9.999999403953552246e-01,3.253322211094200611e-04,-9.951880929293110967e-05,-2.937161189038306475e-04
1.606872320175170898e+00,3.705807209014892578e+00,5.636978626251220703e+00,1.000000000000000000e+00,3.054234548471868038e-05,-5.013021291233599186e-05,3.629542770795524120e-04
6.082274436950683594e+00,7.352011203765869141e+00,3.642386913299560547e+00,1.000000000000000000e+00,1.287056602450320497e-05,8.632050594314932823e-05,1.691613397269975394e-05
6.012145996093750000e+00,7.090760231018066406e+00,5.222128391265869141e+00,1.000000000000000000e+00,-2.864185080397874117e-04,6.991736881900578737e-05,-6.270025187404826283e-05
3.711267948150634766e+00,6.374742388725280762e-01,6.054131984710693359e+00,9.999977350234985352e-01,1.991605851799249649e-03,9.500505257165059447e-05,7.121824892237782478e-04
4.781273901462554932e-01,4.988562583923339844e+00,6.634104251861572266e+00,1.000000000000000000e+00,8.375940524274483323e-05,-1.063973249983973801e-04,1.129277879954315722e-04
3.608500719070434570e+00,1.088147014379501343e-01,3.959657669067382812e+00,1.000000000000000000e+00,-7.271283720911014825e-06,7.496469334000721574e-05,-4.858200554735958576e-05
2.833262920379638672e+00,4.928361892700195312e+00,3.526144027709960938e+00,9.999997019767761230e-01,-5.675185238942503929e-04,5.405073170550167561e-04,2.582710876595228910e-04
2.117960929870605469e+00,2.421393156051635742e+00,7.107319831848144531e+00,9.999999403953552246e-01,5.150542128831148148e-04,1.280479773413389921e-04,-8.101592538878321648e-05
2.732371807098388672e+00,2.379065990447998047e+00,5.506604671478271484e+00,1.000000000000000000e+00,-5.545952808461152017e-05,-4.323066241340711713e-05,4.021472705062478781e-05
7.451092243194580078e+00,3.605146408081054688e+00,5.375289440155029297e+00,1.000000000000000000e+00,1.047498062689555809e-05,5.469923780765384436e-05,-5.040856922278180718e-05
4.282648563385009766e+00,1.940640807151794434e+00,6.847688674926757812e+00,9.999997019767761230e-01,4.985823179595172405e-04,-6.399584526661783457e-05,6.505485507659614086e-04
4.702935516834259033e-01,2.981382131576538086e+00,7.145366191864013672e+00,9.999998211860656738e-01,5.543243023566901684e-04,1.511499140178784728e-04,-3.978940076194703579e-04
1.717902898788452148e+00,6.003832340240478516e+00,2.248115539550781250e+00,1.000000000000000000e+00,-4.377684672363102436e-05,-3.521751352764113108e-07,7.773117977194488049e-05
4.700613021850585938e+00,2.255149364471435547e+00,6.144863128662109375e+00,9.998341798782348633e-01,1.696063578128814697e-02,4.943648818880319595e-03,-4.417961463332176208e-03
5.973256587982177734e+00,5.430253028869628906e+00,3.897593021392822266e-01,1.000000000000000000e+00,7.535423355875536799e-05,-5.343547309166751802e-05,1.551262976136058569e-04
6.249678134918212891e+00,4.896185398101806641e+00,3.161969900131225586e+00,1.000000000000000000e+00,-5.684936331817880273e-05,8.284479554276913404e-05,-3.299202944617718458e-04
3.557283401489257812e+00,2.318429708480834961e+00,2.470163583755493164e+00,9.999998807907104492e-01,-7.788874063408002257e-05,6.213191954884678125e-05,-5.658110603690147400e-04
6.103961944580078125e+00,6.014224052429199219e+00,1.982830405235290527e+00,1.000000000000000000e+00,-2.222071052528917789e-04,1.084855612134560943e-04,-1.158230079454369843e-04
1.914031863212585449e+00,6.035655021667480469e+00,3.986462593078613281e+00,1.000000000000000000e+00,3.025429941772017628e-05,4.760450246976688504e-05,7.749007636448368430e-05
2.021136045455932617e+00,5.017688751220703125e+00,6.592267036437988281e+00,9.999995231628417969e-01,9.031312074512243271e-04,-4.153084009885787964e-04,-2.512742357794195414e-04
7.155330181121826172e+00,5.061213016510009766e+00,1.560384631156921387e-01,9.999981522560119629e-01,1.554863643832504749e-03,-3.269431763328611851e-04,1.154941273853182793e-03
5.106940269470214844e+00,3.134687840938568115e-01,6.483069419860839844e+00,1.000000000000000000e+00,8.145985339069738984e-05,-7.078662747517228127e-05,-6.432185182347893715e-05
4.990451335906982422e+00,2.080428600311279297e+00,5.748464584350585938e+00,9.999993443489074707e-01,3.303810954093933105e-04,-9.893320966511964798e-04,5.938959657214581966e-04
2.955133438110351562e+00,5.236880779266357422e+00,7.962216734886169434e-01,1.000000000000000000e+00,-8.330910645781841595e-07,-7.220764473458984867e-06,-3.457416823948733509e-06
4.360910415649414062e+00,2.713015070185065269e-03,6.946781635284423828e+00,1.000000000000000000e+00,-1.207313107443042099e-05,3.061211318708956242e-04,7.841557817300781608e-05
3.938162624835968018e-01,6.620600223541259766e+00,5.635311126708984375e+00,1.000000000000000000e+00,-5.518292891792953014e-05,-2.765945100691169500e-05,5.399107249104417861e-05
4.185665130615234375e+00,3.148825645446777344e+00,5.523823261260986328e+00,1.000000000000000000e+00,-4.897669714409857988e-05,-2.343371306778863072e-05,-5.377630259317811579e-06
3.997612714767456055e+00,4.385962486267089844e+00,3.257958173751831055e+00,1.000000000000000000e+00,-8.241163595812395215e-05,-3.309157546027563512e-05,-4.033022196381352842e-05
1.081084966659545898e+00,4.671029567718505859e+00,6.806539058685302734e+00,1.000000000000000000e+00,-1.208534304169006646e-04,3.911519524990580976e-05,9.143953320744913071e-06
2.670829534530639648e+00,3.429778099060058594e+00,4.718590736389160156e+00,1.000000000000000000e+00,-4.474139859667047858e-05,-1.086987176677212119e-04,1.274428541364613920e-05
5.768268108367919922e+00,1.363273620605468750e+00,4.882587432861328125e+00,1.000000000000000000e+00,2.019450766965746880e-05,3.177716644131578505e-05,9.658309863880276680e-05
1.731308698654174805e+00,2.893806457519531250e+00,2.202546119689941406e+00,9.999998807907104492e-01,1.987163705052807927e-04,-2.734332811087369919e-04,-4.603335983119904995e-04
1.268769621849060059e+00,6.510601043701171875e-01,2.497114658355712891e+00,1.000000000000000000e+00,4.855129736824892461e-05,-3.385668242117390037e-05,-3.951903272536583245e-05
5.689574718475341797e+00,5.400607109069824219e+00,4.583997726440429688e+00,1.000000000000000000e+00,-3.099177411058917642e-05,-2.273745485581457615e-04,-1.014504377963021398e-04
2.912592172622680664e+00,6.846089839935302734e+00,3.630857467651367188e+00,1.000000000000000000e+00,-4.154731141170486808e-05,2.882627995859365910e-05,3.642389856395311654e-05
6.104894161224365234e+00,3.376520156860351562e+00,2.794658422470092773e+00,1.000000000000000000e+00,-4.880370761384256184e-05,-3.287648360128514469e-05,-1.141769826062954962e-04
2.649142026901245117e+00,2.406584024429321289e+00,6.909032464027404785e-01,1.000000000000000000e+00,-2.769779239315539598e-04,-7.666204328415915370e-05,2.062599523924291134e-04
4.214179992675781250e+00,4.792108535766601562e+00,3.269571781158447266e+00,1.000000000000000000e+00,-8.295645238831639290e-05,-9.360361582366749644e-05,-9.914305701386183500e-05
5.856723785400390625e+00,1.460678219795227051e+00,6.772550106048583984e+00,9.999995231628417969e-01,-1.281096920138224959e-04,-3.713137994054704905e-04,9.528262889944016933e-04
2.607122421264648438e+00,1.424708485603332520e+00,3.352888107299804688e+00,1.000000000000000000e+00,1.537853822810575366e-04,-1.379765453748404980e-04,-2.092679787892848253e-04
3.285065174102783203e+00,5.725669860839843750e+00,4.081163883209228516e+00,1.000000000000000000e+00,2.204979100497439504e-04,-8.207297651097178459e-05,1.588282029842957854e-04
3.628848314285278320e+00,5.075285434722900391e+00,7.376541137695312500e+00,1.000000000000000000e+00,-1.848383726610336453e-05,7.971371087478473783e-05,-2.609560579003300518e-05
6.710893630981445312e+00,2.536995887756347656e+00,5.146554470062255859e+00,9.999998807907104492e-01,-8.583095768699422479e-05,4.789241647813469172e-04,-2.954341180156916380e-04
2.248248815536499023e+00,2.565066099166870117e+00,5.096734046936035156e+00,1.000000000000000000e+00,7.508446287829428911e-05,6.836272223154082894e-05,1.419542513758642599e-05
5.060541152954101562e+00,6.750281810760498047e+00,5.046064853668212891e+00,1.000000000000000000e+00,-1.930452162923756987e-05,-7.305367034859955311e-05,-2.092823706334456801e-04
2.473394393920898438e+00,2.574392795562744141e+00,1.211961150169372559e+00,1.000000000000000000e+00,1.899358321679756045e-04,-5.360297654988244176e-05,-4.070203794981352985e-05
2.620827198028564453e+00,4.092442035675048828e+00,5.868772029876708984e+00,1.000000000000000000e+00,-7.720209396211430430e-05,-7.319596625166013837e-05,9.745592979015782475e-05
3.008496761322021484e+00,4.881968021392822266e+00,6.078781604766845703e+00,1.000000000000000000e+00,8.595298277214169502e-05,8.189625077648088336e-05,-1.773267867974936962e-04
3.035476207733154297e+00,3.250573396682739258e+00,6.384393215179443359e+00,1.000000000000000000e+00,-8.349546260433271527e-05,5.012801466364180669e-06,5.914541179663501680e-05
1.786080479621887207e+00,5.790454864501953125e+00,5.834456443786621094e+00,9.999999403953552246e-01,-7.031034328974783421e-06,3.470373922027647495e-04,3.655682667158544064e-04
2.806845903396606445e-01,2.653038024902343750e+00,4.981159687042236328e+00,9.999983906745910645e-01,1.436561578884720802e-04,6.757250521332025528e-04,1.692866790108382702e-03
5.379821300506591797e+00,2.145730018615722656e+00,7.433262467384338379e-01,1.000000000000000000e+00,-2.565438262536190450e-05,1.346579228993505239e-04,-2.118636621162295341e-04
4.472990989685058594e+00,1.661177754402160645e+00,3.750251770019531250e+00,1.000000000000000000e+00,-4.737922427011653781e-05,7.544874097220599651e-05,3.702149797391030006e-06
7.179444313049316406e+00,3.010791063308715820e+00,2.515191078186035156e+00,1.000000000000000000e+00,-6.480095180450007319e-05,-3.722508836290217005e-06,3.916246441804105416e-06
1.224485754966735840e+00,8.280702233314514160e-01,6.902211189270019531e+00,1.000000000000000000e+00,3.625264798756688833e-05,-5.096959284855984151e-05,-6.578457487194100395e-06
4.101871967315673828e+00,6.514831542968750000e+00,6.654426097869873047e+00,9.999999403953552246e-01,3.374782099854201078e-04,3.349457401782274246e-04,-2.023591514443978667e-05
2.670660257339477539e+00,6.019337177276611328e+00,2.810728073120117188e+00,1.000000000000000000e+00,-4.220481787342578173e-05,1.667233664193190634e-05,1.108879005187191069e-04
4.474494934082031250e+00,3.927651643753051758e-01,1.874488711357116699e+00,1.000000000000000000e+00,8.245459866884630173e-06,2.308162511326372623e-04,2.546908508520573378e-04
4.161790847778320312e+00,4.042479991912841797e+00,1.152899146080017090e+00,1.000000000000000000e+00,-6.988973473198711872e-05,2.757441689027473330e-05,1.448094621991913300e-06
3.150798082351684570e+00,5.963928699493408203e+00,4.712973117828369141e+00,1.000000000000000000e+00,4.577699655783362687e-05,3.252732494729571044e-05,6.118252349551767111e-05
7.079350948333740234e+00,4.128264427185058594e+00,6.038055896759033203e+00,1.000000000000000000e+00,-2.164581201213877648e-05,-8.073452045209705830e-05,-2.112139773089438677e-04
5.692303180694580078e+00,5.621480941772460938e-01,4.203615784645080566e-01,1.000000000000000000e+00,4.511147926677949727e-05,1.103326576412655413e-04,1.573521731188520789e-04
1.272314906120300293e+00,5.385633945465087891e+00,6.285560607910156250e+00,9.999997019767761230e-01,1.378140150336548686e-04,-4.010238335467875004e-04,6.789697799831628799e-04
2.083453178405761719e+00,4.439994335174560547e+00,4.239435195922851562e+00,1.000000000000000000e+00,6.562536145793274045e-05,-1.133697078330442309e-04,2.510880585759878159e-05
2.471292495727539062e+00,5.135983943939208984e+00,6.589535236358642578e+00,9.999998807907104492e-01,4.777237481903284788e-04,-1.210051414091140032e-04,-3.020823060069233179e-04
1.940206289291381836e+00,4.760249137878417969e+00,1.494253993034362793e+00,1.000000000000000000e+00,-2.994876922457478940e-05,1.023510849336162210e-04,6.212041625985875726e-05
5.721705913543701172e+00,4.299510955810546875e+00,5.978573322296142578e+00,9.999998211860656738e-01,-3.525343781802803278e-04,-5.945370066910982132e-04,1.985627313842996955e-04
3.762503623962402344e+00,1.995114982128143311e-01,6.827256202697753906e+00,9.999989271163940430e-01,-9.819071274250745773e-04,1.098275883123278618e-03,1.011429412756115198e-04
4.451947212219238281e+00,4.386950969696044922e+00,5.715623378753662109e+00,9.999960660934448242e-01,-8.897528168745338917e-04,1.830868888646364212e-03,1.953816274181008339e-03
3.109004020690917969e+00,7.464991211891174316e-01,4.089862346649169922e+00,1.000000000000000000e+00,-9.112973930314183235e-05,1.963318391062784940e-05,-6.325134563667234033e-06
3.675534725189208984e+00,7.123023033142089844e+00,5.931668281555175781e+00,9.999994635581970215e-01,9.027526830323040485e-04,-7.204132998595014215e-05,5.907148006372153759e-04
1.451837897300720215e+00,4.940298557281494141e+00,5.378518104553222656e+00,9.999998807907104492e-01,1.717065024422481656e-04,-3.387404722161591053e-04,-3.913461987394839525e-04
2.120367050170898438e+00,7.358846068382263184e-01,1.385519623756408691e+00,1.000000000000000000e+00,1.382005302730249241e-05,-7.962536619743332267e-05,1.019345745589816943e-06
9.045823812484741211e-01,6.753246307373046875e+00,9.291033446788787842e-02,9.999998211860656738e-01,-4.683779843617230654e-04,-1.606690493645146489e-04,5.371277802623808384e-04
7.284465789794921875e+00,1.362525463104248047e+00,1.769343376159667969e+00,1.000000000000000000e+00,2.072933057206682861e-05,-7.929527055239304900e-05,9.022487938636913896e-05
4.322086870670318604e-01,1.789607286453247070e+00,2.078987121582031250e+00,1.000000000000000000e+00,-3.137691237498074770e-05,6.852612386865075678e-06,9.139026224147528410e-05
7.148739337921142578e+00,5.341319441795349121e-01,4.742238044738769531e+00,1.000000000000000000e+00,5.240165410214103758e-05,-1.593777199104806641e-07,1.806745240173768252e-05
4.444152832031250000e+00,7.315950870513916016e+00,4.287574291229248047e+00,1.000000000000000000e+00,-1.378494562231935561e-05,1.331919193034991622e-04,-8.739344775676727295e-05
5.222457885742187500e+00,3.244553565979003906e+00,4.501753807067871094e+00,1.000000000000000000e+00,-5.419450189947383478e-06,3.129585820715874434e-05,-1.019459741655737162e-04
2.178295999765396118e-01,3.134977102279663086e+00,6.643407821655273438e+00,9.999998807907104492e-01,9.439803397981449962e-05,-1.630864062462933362e-05,-6.329468451440334320e-04
3.714256584644317627e-01,7.683281898498535156e-01,7.300414085388183594e+00,1.000000000000000000e+00,7.007327076280489564e-05,1.192901545437052846e-04,-2.447201986797153950e-04
9.235872030258178711e-01,7.204433679580688477e-01,2.020304203033447266e+00,1.000000000000000000e+00,6.686717097181826830e-05,-2.782654519251082093e-05,-7.060850475681945682e-05
2.353062391281127930e+00,2.242634296417236328e+00,4.196986675262451172e+00,9.999745488166809082e-01,3.870694432407617569e-03,-4.621246771421283484e-04,5.983721464872360229e-03
6.368545055389404297e+00,3.642955780029296875e+00,3.224641680717468262e-01,9.999979138374328613e-01,1.827800995670258999e-03,2.836698840837925673e-04,-9.288924047723412514e-04
6.218332767486572266e+00,4.019872844219207764e-01,5.672867774963378906e+00,1.000000000000000000e+00,6.379035767167806625e-05,-2.892483280447777361e-06,1.162108383141458035e-04
1.377214550971984863e+00,2.430698156356811523e+00,2.972435712814331055e+00,1.000000000000000000e+00,1.783798143151216209e-05,-1.747252281347755343e-05,-8.861971582518890500e-05
2.158924818038940430e+00,3.347608327865600586e+00,2.758297443389892578e+00,9.999997615814208984e-01,-1.715689722914248705e-05,4.917060723528265953e-04,-5.998230772092938423e-04
3.907837152481079102e+00,2.847213268280029297e+00,5.152602195739746094e+00,1.000000000000000000e+00,5.155023973202332854e-05,-5.693375442206161097e-06,1.833858732425142080e-05
3.258742094039916992e+00,1.847279071807861328e+00,3.646653652191162109e+00,1.000000000000000000e+00,-1.636470988159999251e-04,2.810621117532718927e-05,-5.519023761735297740e-05
6.871443271636962891e+00,2.129713296890258789e+00,6.635457515716552734e+00,1.000000000000000000e+00,9.821017738431692123e-05,2.943415529443882406e-05,1.764945336617529392e-04
3.624264955520629883e+00,2.192034006118774414e+00,5.032048702239990234e+00,1.000000000000000000e+00,-9.185008093481883407e-05,-1.299842460866784677e-05,4.856802115682512522e-05
1.798257708549499512e+00,4.964495658874511719e+00,5.999075889587402344e+00,9.999861717224121094e-01,3.257172415032982826e-03,-1.565604936331510544e-03,-3.819892182946205139e-03
4.211829662322998047e+00,5.267761707305908203e+00,6.875103116035461426e-01,1.000000000000000000e+00,-3.646119148470461369e-05,3.061993629671633244e-05,9.025002327689435333e-06
2.921773195266723633e+00,3.205012321472167969e+00,1.026902079582214355e+00,9.999997615814208984e-01,-6.981889600865542889e-04,3.340429684612900019e-04,1.015866364468820393e-04
1.005306839942932129e-01,7.444299221038818359e+00,5.283054113388061523e-01,1.000000000000000000e+00,1.523748505860567093e-04,8.455398346995934844e-05,5.592236630036495626e-05
7.169102191925048828e+00,2.911980390548706055e+00,3.345012426376342773e+00,1.000000000000000000e+00,-1.320295268669724464e-05,-1.586576981935650110e-04,4.407886081025935709e-05
7.018495351076126099e-02,7.280678272247314453e+00,3.744738101959228516e+00,9.999999403953552246e-01,4.199013346806168556e-04,1.775520067894831300e-04,-1.348712976323440671e-04
7.481922149658203125e+00,2.748067855834960938e+00,4.636994361877441406e+00,9.999869465827941895e-01,-1.332078478299081326e-03,4.928566049784421921e-03,-2.256553416373208165e-04
3.693599939346313477e+00,2.567289352416992188e+00,4.835357189178466797e+00,1.000000000000000000e+00,-3.617783295339904726e-05,2.391170346527360380e-05,6.180826312629505992e-05
5.127386093139648438e+00,6.923429489135742188e+00,4.592293739318847656e+00,1.000000000000000000e+00,-2.873762423405423760e-05,-9.828083420870825648e-06,-1.095882471418008208e-04
1.576847553253173828e+00,5.631498813629150391e+00,5.303392887115478516e+00,9.999962449073791504e-01,-2.760851290076971054e-03,-1.204467989737167954e-04,-1.033573862514458597e-04
7.428295135498046875e+00,4.310876369476318359e+00,2.994148492813110352e+00,1.000000000000000000e+00,-1.488174166297540069e-04,-1.736434205668047071e-04,2.569810603745281696e-04
4.285605907440185547e+00,7.366635799407958984e+00,1.601148366928100586e+00,1.000000000000000000e+00,3.869342981488443911e-05,-1.140205058618448675e-04,2.718727046158164740e-04
3.021319627761840820e+00,1.712539911270141602e+00,7.139037609100341797e+00,1.000000000000000000e+00,1.142305918619967997e-04,1.573654117237310857e-05,1.363263727398589253e-04
1.839669466018676758e+00,1.751102328300476074e+00,1.646978855133056641e+00,1.000000000000000000e+00,8.786313628661446273e-06,-4.117556454730220139e-05,8.643507317174226046e-05
7.312716007232666016e+00,1.290982723236083984e+00,2.866371870040893555e-01,9.999822974205017090e-01,1.096397405490279198e-03,-4.103618673980236053e-03,-4.183862823992967606e-03
2.346591472625732422e+00,3.062560260295867920e-01,2.255777597427368164e+00,1.000000000000000000e+00,-2.115621100529097021e-06,-4.063209053128957748e-05,5.180547304917126894e-06
5.974787235260009766e+00,4.688085556030273438e+00,1.527166008949279785e+00,9.999998807907104492e-01,4.034748126287013292e-04,-2.173506218241527677e-04,4.107882850803434849e-04
8.164142966270446777e-01,3.026762723922729492e+00,5.168821334838867188e+00,1.000000000000000000e+00,1.064334646798670292e-04,-1.955496700247749686e-04,1.116063140216283500e-04
8.880034089088439941e-01,2.465803384780883789e+00,6.708740711212158203e+00,9.999982714653015137e-01,8.779194467933848500e-05,3.648394776973873377e-04,1.862564007751643658e-03
3.141226768493652344e+00,6.787744522094726562e+00,1.258583962917327881e-01,9.999521374702453613e-01,-6.721124518662691116e-03,-4.775690380483865738e-03,-5.261762067675590515e-03
4.717380046844482422e+00,5.313624858856201172e+00,5.830005645751953125e+00,9.999998807907104492e-01,4.253349907230585814e-04,2.302063512615859509e-04,-2.595155092421919107e-04
1.719963312149047852e+00,1.262443184852600098e+00,3.979660749435424805e+00,9.999995827674865723e-01,2.801043447107076645e-04,4.870982666034251451e-04,-7.669422775506973267e-04
7.339690208435058594e+00,1.927814602851867676e+00,6.832964420318603516e+00,1.000000000000000000e+00,1.399581815348938107e-04,8.553355655749328434e-06,-2.042424312094226480e-04
2.229059696197509766e+00,2.823735713958740234e+00,5.597807407379150391e+00,1.000000000000000000e+00,-2.033463533734902740e-05,-1.019550745695596561e-05,8.869407611200585961e-05
1.544304370880126953e+00,4.991008281707763672e+00,1.586571097373962402e+00,1.000000000000000000e+00,4.239594636601395905e-05,1.836422161431983113e-04,1.982087997021153569e-04
8.863608241081237793e-01,6.321077942848205566e-01,9.714373946189880371e-02,1.000000000000000000e+00,1.287763880100101233e-04,-2.053649586741812527e-05,-1.533725153421983123e-04
4.182278215885162354e-01,1.081055775284767151e-01,2.518183708190917969e+00,1.000000000000000000e+00,9.791693446459248662e-05,-2.163463068427518010e-04,-3.577433380996808410e-05
6.753318905830383301e-01,3.677265644073486328e+00,2.548086881637573242e+00,1.000000000000000000e+00,3.065442570004961453e-06,-1.042894655256532133e-04,2.183371834689751267e-04
3.844716072082519531e+00,4.694136977195739746e-01,4.072366237640380859e+00,1.000000000000000000e+00,6.574641156475991011e-05,1.241825375473126769e-04,-9.618405601941049099e-05
4.434447884559631348e-01,7.390091896057128906e+00,6.180028438568115234e+00,1.000000000000000000e+00,1.125970266002696007e-05,-2.167085767723619938e-05,2.655151911312714219e-05
6.877519130706787109e+00,7.240225315093994141e+00,6.160648822784423828e+00,1.000000000000000000e+00,8.229554077843204141e-05,-5.292303467285819352e-05,-1.091528101824223995e-04
2.550069570541381836e+00,4.993393421173095703e+00,9.474890679121017456e-02,1.000000000000000000e+00,-2.513263098080642521e-05,2.716618382692104205e-06,-1.112808149628108367e-05
7.132197856903076172e+00,7.035979747772216797e+00,5.578099250793457031e+00,1.000000000000000000e+00,1.160214014817029238e-05,-3.199739148840308189e-05,-7.183309935498982668e-05
1.036716103553771973e+00,1.061361193656921387e+00,7.335584163665771484e+00,1.000000000000000000e+00,5.416462227003648877e-05,1.765691558830440044e-05,-9.525397035758942366e-05
1.107509136199951172e+00,3.099533557891845703e+00,5.764621257781982422e+00,1.000000000000000000e+00,1.743156462907791138e-05,-3.668895806185901165e-05,8.566367614548653364e-05
6.834254264831542969e+00,6.441759586334228516e+00,6.684010028839111328e+00,1.000000000000000000e+00,7.451045348716434091e-06,-1.010601117741316557e-04,-9.770234464667737484e-05
2.039308547973632812e+00,3.762265682220458984e+00,8.916159868240356445e-01,1.000000000000000000e+00,2.510377089492976665e-05,2.486141602275893092e-05,2.061092527583241463e-05
1.867683172225952148e+00,2.678498506546020508e+00,1.852583169937133789e+00,9.999998211860656738e-01,1.661059359321370721e-04,-5.528710898943245411e-04,1.330419181613251567e-04
2.521563053131103516e+00,5.021790862083435059e-01,5.417601466178894043e-01,1.000000000000000000e+00,2.052257286777603440e-06,-1.442231337023258675e-06,-6.341229891404509544e-05
2.280252695083618164e+00,4.269113063812255859e+00,5.337830185890197754e-01,1.000000000000000000e+00,-2.997081901412457228e-05,5.070517545391339809e-06,2.369511548749869689e-06
6.023577690124511719e+00,1.647077798843383789e+00,4.036955833435058594e-01,1.000000000000000000e+00,-5.743334259022958577e-05,5.348712147679179907e-05,-1.285409962292760611e-04
6.695241928100585938e+00,2.209690809249877930e+00,4.353952407836914062e+00,1.000000000000000000e+00,-4.045510286232456565e-05,-2.927771711256355047e-04,2.065631997538730502e-04
5.254700183868408203e+00,5.228767395019531250e+00,5.655483245849609375e+00,9.999998807907104492e-01,2.466199512127786875e-04,1.444634544895961881e-04,-5.526540917344391346e-04
5.866508007049560547e+00,2.096726417541503906e+00,3.041023254394531250e+00,1.000000000000000000e+00,-1.689701894065365195e-04,-1.261862780665978789e-04,-3.136464220006018877e-04
6.205463409423828125e+00,4.873058319091796875e+00,6.558186531066894531e+00,9.999994635581970215e-01,-2.482084673829376698e-04,-7.625135476700961590e-04,-7.027745596133172512e-04
4.014723777770996094e+00,2.534748315811157227e+00,4.927395820617675781e+00,1.000000000000000000e+00,1.078452714864397421e-05,-2.071648304990958422e-05,3.032423410331830382e-05
1.118903040885925293e+00,4.483109474182128906e+00,8.617010712623596191e-01,1.000000000000000000e+00,3.721480243257246912e-05,2.478099122527055442e-05,3.819968333118595183e-05
6.218403816223144531e+00,2.115115404129028320e+00,8.691160678863525391e-01,9.999996423721313477e-01,-3.719800733961164951e-04,8.494151406921446323e-04,9.704799595056101680e-05
3.172224521636962891e+00,4.998883724212646484e+00,3.833531856536865234e+00,9.999349713325500488e-01,7.458664942532777786e-03,-7.955934852361679077e-03,-3.338224021717905998e-03
2.106968879699707031e+00,4.900684833526611328e+00,1.147036671638488770e+00,1.000000000000000000e+00,-2.762773419817676768e-06,4.489028287935070693e-05,4.461866410565562546e-05
4.290882587432861328e+00,6.200579166412353516e+00,6.830973625183105469e-01,9.999969601631164551e-01,2.298692706972360611e-03,-3.056511341128498316e-04,8.740987395867705345e-04
6.871992111206054688e+00,5.697559833526611328e+00,5.504211902618408203e+00,1.000000000000000000e+00,-1.308143255300819874e-04,-1.371108082821592689e-04,3.321241529192775488e-04
3.863325119018554688e+00,3.361794233322143555e+00,1.082311391830444336e+00,1.000000000000000000e+00,-1.187282541650347412e-04,9.334270725958049297e-05,-6.011524874338647351e-06
7.363628387451171875e+00,5.288928031921386719e+00,7.304832935333251953e+00,9.999913573265075684e-01,-2.281885390402749181e-04,4.151803441345691681e-03,-1.556424103910103440e-04
4.667672157287597656e+00,6.519946575164794922e+00,6.482573509216308594e+00,1.000000000000000000e+00,4.633768185158260167e-05,3.078601730521768332e-04,-1.873559667728841305e-04
4.412473678588867188e+00,2.275432586669921875e+00,6.912168025970458984e+00,9.999992251396179199e-01,1.042260555550456047e-03,-3.386865428183227777e-04,6.965291686356067657e-04
3.995944976806640625e+00,2.071959495544433594e+00,2.327608585357666016e+00,9.999999403953552246e-01,-4.652607894968241453e-04,1.616249646758660674e-04,-2.461313561070710421e-04
6.442018985748291016e+00,2.007961988449096680e+00,2.596218585968017578e+00,1.000000000000000000e+00,6.394442152668489143e-06,-5.890407192055135965e-05,2.776529072434641421e-05
2.328134179115295410e-01,8.821435570716857910e-01,4.155589580535888672e+00,1.000000000000000000e+00,5.050918480264954269e-05,3.944901254726573825e-05,-2.161004340450745076e-05
5.484896183013916016e+00,6.743491172790527344e+00,3.235778808593750000e-01,1.000000000000000000e+00,1.129046722780913115e-04,1.787466680980287492e-05,-3.654129614005796611e-05
1.164804548025131226e-01,5.339956760406494141e+00,5.510643959045410156e+00,1.000000000000000000e+00,-1.054057634064520244e-06,1.140526728704571724e-04,9.068548388313502073e-05
5.801156997680664062e+00,7.423779010772705078e+00,4.401453018188476562e+00,1.000000000000000000e+00,2.735574889811687171e-05,3.971666228608228266e-05,-6.506587851617950946e-06
2.286745786666870117e+00,2.903551578521728516e+00,2.372908115386962891e+00,9.999347329139709473e-01,2.177858026698231697e-03,-1.091593131422996521e-02,2.606379101052880287e-03
5.156290531158447266e+00,5.963734149932861328e+00,1.846570611000061035e+00,1.000000000000000000e+00,-2.490013139322400093e-04,-4.821517723030410707e-05,3.013284367625601590e-05
3.827993273735046387e-01,4.584028244018554688e+00,1.375739097595214844e+00,1.000000000000000000e+00,3.112737031187862158e-04,-1.034727247315458953e-04,-2.974320159410126507e-05
7.118072509765625000e+00,6.579177379608154297e+00,1.469694256782531738e+00,1.000000000000000000e+00,-9.193250298267230392e-05,1.993812911678105593e-04,1.007521932478994131e-04
3.158957242965698242e+00,5.305435180664062500e+00,2.530321598052978516e+00,1.000000000000000000e+00,-7.112808816600590944e-05,1.031415959005244076e-04,6.112326809670776129e-05
1.317667663097381592e-01,5.641835689544677734e+00,3.569574117660522461e+00,9.999998211860656738e-01,4.672715440392494202e-04,1.824657811084762216e-04,-3.777732199523597956e-04
4.506249904632568359e+00,9.013772606849670410e-01,2.476939201354980469e+00,1.000000000000000000e+00,2.228405173809733242e-05,1.277490373468026519e-04,1.557752402732148767e-04
2.152997255325317383e+00,3.272632837295532227e+00,6.602940082550048828e+00,1.000000000000000000e+00,-1.794842537492513657e-04,-1.165321809821762145e-04,1.364147319691255689e-04
4.184146881103515625e+00,3.897981405258178711e+00,7.101024627685546875e+00,1.000000000000000000e+00,-4.768669896293431520e-05,-8.898986561689525843e-05,-1.141997054219245911e-04
7.490153312683105469e+00,4.693890094757080078e+00,5.617584228515625000e+00,1.000000000000000000e+00,8.037588122533634305e-05,1.340228482149541378e-04,-1.899455819511786103e-04
3.165495872497558594e+00,6.748088836669921875e+00,2.746216535568237305e+00,1.000000000000000000e+00,-1.712613538984442130e-06,6.918850885995198041e-06,3.220845974283292890e-05
6.470591425895690918e-01,6.167235374450683594e+00,5.691007137298583984e+00,1.000000000000000000e+00,-8.670089300721883774e-05,-7.340286538237705827e-05,1.048942067427560687e-04
6.840346336364746094e+00,2.488583087921142578e+00,6.802345275878906250e+00,1.000000000000000000e+00,3.411607467569410801e-04,1.074343381333164871e-04,2.246004441985860467e-04
3.814583778381347656e+00,5.348357200622558594e+00,5.456331729888916016e+00,9.999997019767761230e-01,-2.493880747351795435e-04,-6.138538010418415070e-04,-5.800081416964530945e-04
1.128482580184936523e+00,7.420580387115478516e+00,1.235701560974121094e+00,1.000000000000000000e+00,-3.229470166843384504e-05,-1.585278223501518369e-04,3.805155211011879146e-05
3.982312977313995361e-01,3.466528654098510742e+00,1.773379325866699219e+00,1.000000000000000000e+00,1.842346682678908110e-04,-1.039023773046210408e-04,-2.255458384752273560e-04
3.893096745014190674e-01,3.690770626068115234e+00,4.171877861022949219e+00,1.000000000000000000e+00,6.126096559455618262e-05,8.032631740206852555e-05,3.126428637187927961e-04
4.546532928943634033e-01,2.690481901168823242e+00,1.228255391120910645e+00,9.999992847442626953e-01,-7.784748449921607971e-04,-4.615261423168703914e-05,9.917679708451032639e-04
4.270226061344146729e-01,2.481913805007934570e+00,5.502171516418457031e-01,9.999997615814208984e-01,5.137451225891709328e-04,-4.889734918833710253e-05,5.889657186344265938e-04
4.906813621520996094e+00,6.722814559936523438e+00,2.441109657287597656e+00,1.000000000000000000e+00,2.112924266839399934e-04,-8.100718696368858218e-05,1.410359400324523449e-04
2.592313051223754883e+00,3.804989159107208252e-01,4.833894252777099609e+00,1.000000000000000000e+00,-1.046993784257210791e-04,-2.490181941539049149e-05,-2.608387330838013440e-05
2.462933301925659180e+00,4.176733493804931641e+00,6.988481521606445312e+00,9.999737739562988281e-01,-7.512954762205481529e-04,6.827843841165304184e-03,2.316496800631284714e-03
1.221574664115905762e+00,5.086825370788574219e+00,2.312905550003051758e+00,9.999999403953552246e-01,8.939734470914117992e-06,2.673460403457283974e-04,-3.990442492067813873e-04
4.677659511566162109e+00,1.720435023307800293e+00,6.863534927368164062e+00,9.999982118606567383e-01,5.959249683655798435e-04,-4.334265831857919693e-04,1.780779915861785412e-03
2.776526451110839844e+00,5.510333061218261719e+00,6.391651034355163574e-01,1.000000000000000000e+00,2.564047645137179643e-05,2.434634188830386847e-05,-5.708503977075451985e-06
2.204046726226806641e+00,4.631350994110107422e+00,6.983315944671630859e+00,1.000000000000000000e+00,5.030195097788237035e-05,1.094119797926396132e-04,-3.776886733248829842e-04
3.736523151397705078e+00,3.772902965545654297e+00,6.620991230010986328e+00,1.000000000000000000e+00,-1.174054923467338085e-04,7.900589116616174579e-05,-9.767140727490186691e-05
6.431881904602050781e+00,4.074920654296875000e+00,6.612467169761657715e-01,9.998959898948669434e-01,-1.337808091193437576e-02,5.390745587646961212e-03,3.228228306397795677e-04
6.575278282165527344e+00,6.923809051513671875e+00,5.017128586769104004e-01,1.000000000000000000e+00,8.757832983974367380e-05,-2.394548027950804681e-05,7.486735285056056455e-06
2.784792661666870117e+00,3.290238380432128906e+00,7.389265060424804688e+00,1.000000000000000000e+00,-1.476362231187522411e-04,-1.215500597027130425e-04,-2.926398592535406351e-04
5.173070907592773438e+00,1.968929171562194824e+00,1.265982866287231445e+00,1.000000000000000000e+00,-1.394512510159984231e-04,1.783651241566985846e-04,-2.481306146364659071e-04
3.455383062362670898e+00,3.516018867492675781e+00,5.180331707000732422e+00,1.000000000000000000e+00,-7.866700616432353854e-05,-4.966873348166700453e-06,4.424104554345831275e-05
5.014884471893310547e+00,2.628018379211425781e+00,7.066682815551757812e+00,9.999999403953552246e-01,2.975028764922171831e-04,2.956884272862225771e-04,-3.322906559333205223e-04
7.170510292053222656e+00,6.453709125518798828e+00,2.947049617767333984e+00,9.999843239784240723e-01,4.223395604640245438e-03,3.680496942251920700e-03,2.565204340498894453e-04
2.238599777221679688e+00,4.953005790710449219e+00,2.593919277191162109e+00,1.000000000000000000e+00,-2.990688153658993542e-05,-6.851722901046741754e-06,5.807109118904918432e-05
3.810828208923339844e+00,6.136035919189453125e+00,3.278029680252075195e+00,1.000000000000000000e+00,-1.917271583806723356e-05,-1.292375691264169291e-05,2.330894130864180624e-05
5.882874965667724609e+00,7.123076915740966797e+00,2.502904176712036133e+00,1.000000000000000000e+00,-7.674203516216948628e-05,4.168507803115062416e-05,-3.647377016022801399e-04
2.781245708465576172e+00,5.314242839813232422e+00,3.460678815841674805e+00,9.999996423721313477e-01,-4.000225162599235773e-04,3.985219809692353010e-04,6.877402774989604950e-04
5.248721599578857422e+00,4.389505863189697266e+00,2.769604444503784180e+00,1.000000000000000000e+00,5.419309309218078852e-05,-2.008649607887491584e-04,-5.126587711856700480e-05
8.389470577239990234e-01,3.249946594238281250e+00,4.262063503265380859e+00,9.999999403953552246e-01,1.436029124306514859e-04,-6.062136890250258148e-05,4.637619422283023596e-04
6.920289039611816406e+00,3.585623025894165039e+00,4.096286296844482422e+00,1.000000000000000000e+00,-4.476455069379881024e-05,-7.047363760648295283e-05,-2.839167718775570393e-04
6.314008712768554688e+00,2.918867826461791992e+00,3.796207904815673828e-01,9.999990463256835938e-01,-3.909234656020998955e-04,-6.872244994156062603e-04,-1.184932072646915913e-03
5.744268417358398438e+00,2.418859004974365234e+00,4.282166957855224609e+00,1.000000000000000000e+00,-1.183053973363712430e-04,-1.164864879683591425e-04,1.980158458536607213e-06
4.231067657470703125e+00,4.074821949005126953e+00,4.062985897064208984e+00,1.000000000000000000e+00,-3.584949081414379179e-05,-1.150185707956552505e-04,9.291766764363273978e-05
7.429157257080078125e+00,5.017101287841796875e+00,4.205095767974853516e+00,1.000000000000000000e+00,2.016177313635125756e-04,6.912293611094355583e-05,-1.453813601983711123e-04
5.323954105377197266e+00,9.935747385025024414e-01,3.151603460311889648e+00,1.000000000000000000e+00,2.827874232025351375e-05,2.330347888346295804e-05,-1.952238790181581862e-06
1.194494366645812988e+00,3.536775827407836914e+00,4.142724990844726562e+00,1.000000000000000000e+00,2.463707824063021690e-05,1.422134573658695444e-05,2.153395034838467836e-04
2.579129934310913086e+00,4.724658012390136719e+00,2.906730651855468750e+00,1.000000000000000000e+00,-3.012351044162642211e-05,-2.146784390788525343e-05,3.076186112593859434e-05
1.120306253433227539e-01,4.117249488830566406e+00,4.807094573974609375e+00,1.000000000000000000e+00,4.856405575992539525e-05,8.115157834254205227e-05,-6.458265124820172787e-05
2.987119913101196289e+00,9.021039605140686035e-01,2.859453678131103516e+00,1.000000000000000000e+00,1.160786359832854941e-05,-1.458664191886782646e-04,3.129753531538881361e-05
1.574991941452026367e+00,6.981953144073486328e+00,2.770205020904541016e+00,1.000000000000000000e+00,-8.621103120276529808e-07,-6.964272324694320560e-05,-3.894384462910238653e-06
6.481417655944824219e+00,5.818638801574707031e+00,5.891750812530517578e+00,1.000000000000000000e+00,1.587687584105879068e-04,-2.231255894002970308e-05,-1.416548038832843304e-04
2.909941196441650391e+00,4.156925678253173828e+00,4.950029373168945312e+00,1.000000000000000000e+00,-3.440157161094248295e-05,7.566262502223253250e-05,4.230098784319125116e-05
4.189278602600097656e+00,3.215039730072021484e+00,4.368704319000244141e+00,1.000000000000000000e+00,6.698387005599215627e-05,-2.481914452800992876e-05,8.629608055343851447e-05
4.744561854749917984e-03,6.906586647033691406e+00,9.807727932929992676e-01,1.000000000000000000e+00,4.244241790729574859e-05,2.032761221926193684e-05,1.583008561283349991e-04
5.774086475372314453e+00,2.528074502944946289e+00,2.169401645660400391e+00,1.000000000000000000e+00,6.479862349806353450e-05,-4.675984746427275240e-05,-1.619484828552231193e-04
5.981676101684570312e+00,5.863029956817626953e+00,4.532495498657226562e+00,1.000000000000000000e+00,-7.498039849451743066e-06,-2.206211211159825325e-04,-1.357783185085281730e-04
1.343779563903808594e+00,1.236938953399658203e+00,4.694679737091064453e+00,1.000000000000000000e+00,-3.229852882213890553e-05,1.041300492943264544e-04,-9.634977323003113270e-05
7.059130668640136719e+00,6.465182781219482422e+00,4.312240123748779297e+00,1.000000000000000000e+00,-2.089903427986428142e-04,-1.673749356996268034e-04,-1.986441347980871797e-04
1.126801133155822754e+00,3.362260580062866211e+00,2.897015810012817383e-01,1.000000000000000000e+00,-1.714578538667410612e-04,3.710861710715107620e-05,-1.585653371876105666e-04
5.452956199645996094e+00,3.107597589492797852e+00,3.098176479339599609e+00,9.999670982360839844e-01,-4.435165319591760635e-03,-3.067142562940716743e-03,6.058954168111085892e-03
1.572880029678344727e+00,6.014412403106689453e+00,3.214579820632934570e+00,1.000000000000000000e+00,2.083471827063476667e-06,3.227455090382136405e-05,9.631755528971552849e-05
1.604799628257751465e+00,6.792077064514160156e+00,2.021028280258178711e+00,1.000000000000000000e+00,3.429713387959054671e-06,-1.072712111636064947e-04,-1.893065564217977226e-05
7.436450958251953125e+00,6.095533847808837891e+00,4.024302482604980469e+00,9.999997615814208984e-01,-1.483422965975478292e-04,-3.873106907121837139e-04,-6.057873833924531937e-04
3.515904188156127930e+00,5.901640415191650391e+00,4.913335323333740234e+00,1.000000000000000000e+00,3.348590689711272717e-05,-1.114872520702192560e-05,-7.831602488295175135e-06
5.930682182312011719e+00,3.288202285766601562e+00,4.345881938934326172e+00,9.999995827674865723e-01,-9.549299720674753189e-04,1.679863926256075501e-04,-2.264345821458846331e-04
5.169137001037597656e+00,7.432555198669433594e+00,3.682917594909667969e+00,1.000000000000000000e+00,-3.179901978000998497e-04,-1.329785591224208474e-04,2.025411231443285942e-04
7.054243087768554688e-01,4.106262207031250000e+00,3.497622728347778320e+00,1.000000000000000000e+00,-9.424804829905042425e-07,6.457818471972132102e-06,9.340678661828860641e-05
4.651815414428710938e+00,5.693225383758544922e+00,4.340816497802734375e+00,1.000000000000000000e+00,-6.381448474712669849e-05,-1.138951192842796445e-04,-1.245914900209754705e-04
4.793911933898925781e+00,4.502065658569335938e+00,1.039841175079345703e+00,1.000000000000000000e+00,-9.923940524458885193e-06,-4.300257569411769509e-05,1.533261456643231213e-05
1.752542138099670410e+00,2.904749393463134766e+00,3.794757843017578125e+00,1.000000000000000000e+00,-1.299595314776524901e-04,1.156822418124647811e-05,-2.136254333890974522e-04
2.107756853103637695e+00,7.037551879882812500e+00,6.882842063903808594e+00,1.000000000000000000e+00,-2.497958848834969103e-05,-1.098023640224710107e-04,-9.112033876590430737e-05
5.151823997497558594e+00,7.204878807067871094e+00,2.262246847152709961e+00,9.999997615814208984e-01,1.308722130488604307e-04,3.764035063795745373e-04,-6.681469385512173176e-04
3.311980485916137695e+00,5.498675704002380371e-01,5.788985729217529297e+00,9.999995231628417969e-01,1.516286429250612855e-04,1.045854296535253525e-03,-1.912852349050808698e-05
1.139604449272155762e-01,6.378137588500976562e+00,3.575598716735839844e+00,9.998317956924438477e-01,1.512274704873561859e-02,-4.398299846798181534e-03,-9.396800771355628967e-03
1.568550586700439453e+00,4.921776771545410156e+00,2.194060087203979492e+00,9.999912381172180176e-01,-1.048224279657006264e-03,1.432799152098596096e-03,3.812144510447978973e-03
3.659510612487792969e+00,6.790674209594726562e+00,3.814645528793334961e+00,1.000000000000000000e+00,-1.519387205917155370e-05,3.170545824104920030e-05,-7.055347396089928225e-06
3.947050571441650391e+00,4.439177036285400391e+00,4.579576492309570312e+00,1.000000000000000000e+00,-8.707030792720615864e-05,-3.690205630846321583e-05,1.450950803700834513e-04
7.020609974861145020e-01,1.160154938697814941e+00,5.442146778106689453e+00,1.000000000000000000e+00,8.240192983066663146e-06,-5.762948148912983015e-06,-3.341336559969931841e-05
3.957793474197387695e+00,3.027069568634033203e-01,2.540384054183959961e+00,1.000000000000000000e+00,6.603260408155620098e-05,1.075472537195309997e-04,1.050959781423443928e-05
7.085899353027343750e+00,4.554164707660675049e-01,7.107783794403076172e+00,1.000000000000000000e+00,1.208519752253778279e-04,-8.208544022636488080e-05,7.892694702604785562e-05
5.026919364929199219e+00,3.947854042053222656e+00,8.637993931770324707e-01,9.999999403953552246e-01,1.846794330049306154e-04,3.706263087224215269e-04,-1.979734952328726649e-04
7.086151123046875000e+00,1.034108400344848633e+00,6.653159260749816895e-01,9.999986886978149414e-01,-4.308053757995367050e-04,1.368193770758807659e-03,7.842871709726750851e-04
6.842459201812744141e+00,6.633388042449951172e+00,5.589414119720458984e+00,1.000000000000000000e+00,-5.361939474823884666e-05,-1.846403574745636433e-05,-1.789705856936052442e-04
6.348392009735107422e+00,3.984817981719970703e+00,5.094526290893554688e+00,1.000000000000000000e+00,8.002797403605654836e-05,-2.176594989578006789e-06,-1.123501351685263216e-04
1.104478716850280762e+00,1.811381280422210693e-01,1.631233692169189453e+00,1.000000000000000000e+00,4.437531970324926078e-05,-7.662293501198291779e-05,-2.878740633605048060e-05
5.126525878906250000e+00,6.461606502532958984e+00,2.186641931533813477e+00,1.000000000000000000e+00,-2.032873890129849315e-04,-8.899379463400691748e-05,3.636608380475081503e-05
4.273678302764892578e+00,3.202541112899780273e+00,3.640866994857788086e+00,1.000000000000000000e+00,5.990025601931847632e-05,-4.938592974212951958e-05,1.266522012883797288e-04
3.769374608993530273e+00,5.036643981933593750e+00,3.383078575134277344e+00,1.000000000000000000e+00,-2.569614734966307878e-04,-9.103625779971480370e-05,-2.648014633450657129e-04
6.833025455474853516e+00,5.100856304168701172e+00,3.106739759445190430e+00,9.999793171882629395e-01,-3.519630292430520058e-03,3.447023453190922737e-03,-4.148427397012710571e-03
3.895165205001831055e+00,2.109948873519897461e+00,9.691218137741088867e-01,1.000000000000000000e+00,5.844694533152505755e-05,1.608077764103654772e-05,-8.447017899015918374e-05
5.248548984527587891e+00,7.396889209747314453e+00,4.537172317504882812e-01,1.000000000000000000e+00,-7.725580871920101345e-06,1.745441695675253868e-04,-1.951260637724772096e-04
6.726432442665100098e-01,6.746467590332031250e+00,2.570527553558349609e+00,1.000000000000000000e+00,-8.663757034810259938e-05,-4.089013964403420687e-04,-2.155639085685834289e-04
2.354854583740234375e+00,3.833011150360107422e+00,1.516819477081298828e+00,1.000000000000000000e+00,-4.490981154958717525e-05,7.614096375618828461e-06,2.189956103393342346e-05
5.302337646484375000e+00,3.492232084274291992e+00,3.568650960922241211e+00,9.999976158142089844e-01,3.222773375455290079e-04,1.783619867637753487e-03,-1.293189707212150097e-03
3.435917615890502930e+00,6.114510059356689453e+00,6.087766647338867188e+00,1.000000000000000000e+00,1.627495075808838010e-04,1.230304915225133300e-04,-1.413905101799173281e-05
4.990265369415283203e+00,6.821741104125976562e+00,1.416985392570495605e+00,9.999876618385314941e-01,-4.146135877817869186e-03,-1.936103944899514318e-04,-2.722600242123007774e-03
5.012139320373535156e+00,2.160555839538574219e+00,2.860221862792968750e+00,1.000000000000000000e+00,6.054825280443765223e-05,-1.197475721710361540e-04,-1.852622081059962511e-04
2.113024950027465820e+00,7.277543067932128906e+00,4.203952848911285400e-03,1.000000000000000000e+00,6.165786908240988851e-05,-1.317157584708184004e-04,1.050799328368157148e-04
1.518056273460388184e+00,1.035674810409545898e+00,3.799139261245727539e+00,1.000000000000000000e+00,2.393302384007256478e-05,1.363553456030786037e-04,-1.543497928651049733e-04
7.029335498809814453e+00,2.480666160583496094e+00,4.668605804443359375e+00,9.999968409538269043e-01,-2.411445311736315489e-04,-2.507294062525033951e-03,-6.253005267353728414e-05
4.262657642364501953e+00,5.033662915229797363e-01,3.548075437545776367e+00,1.000000000000000000e+00,1.557139876240398735e-05,5.817184865009039640e-05,-1.006056299956981093e-05
2.095571041107177734e+00,5.421529769897460938e+00,4.330451011657714844e+00,1.000000000000000000e+00,7.144893606891855597e-05,-4.665255619329400361e-05,6.182670767884701490e-05
2.478954046964645386e-01,6.210270881652832031e+00,2.590569257736206055e-01,1.000000000000000000e+00,-2.515683008823543787e-04,7.084495155140757561e-05,-1.358701847493648529e-04
2.164948940277099609e+00,5.707413554191589355e-01,1.763313412666320801e+00,1.000000000000000000e+00,-1.098830762202851474e-05,-4.840054680244065821e-05,-5.832382612425135449e-07
6.611379623413085938e+00,9.375789165496826172e-01,4.288812637329101562e+00,1.000000000000000000e+00,2.596078411443158984e-05,1.354678147436061408e-06,6.051343370927497745e-05
4.378110885620117188e+00,2.893897771835327148e+00,5.567150712013244629e-01,1.000000000000000000e+00,1.060959402821026742e-05,1.556076749693602324e-04,-4.467347025638446212e-05
4.085667610168457031e+00,3.604335546493530273e+00,5.113393783569335938e+00,1.000000000000000000e+00,-7.148066652007400990e-05,-3.223417934350436553e-06,5.322936340235173702e-05
4.072055816650390625e+00,5.045068740844726562e+00,3.942269802093505859e+00,1.000000000000000000e+00,-8.029180207813624293e-06,-2.591879165265709162e-04,-2.050547191174700856e-04
6.929087638854980469e+00,3.737512350082397461e+00,2.669965982437133789e+00,1.000000000000000000e+00,-6.343913264572620392e-05,-6.087885412853211164e-05,6.040845255483873188e-05
1.199187040328979492e+00,9.465229511260986328e-01,4.181875228881835938e+00,1.000000000000000000e+00,-1.714964673737995327e-05,1.770698872860521078e-04,-1.060387512552551925e-04
7.225467681884765625e+00,7.551022768020629883e-01,1.609829545021057129e+00,9.999980330467224121e-01,-4.089315480086952448e-04,-2.115726383635774255e-04,1.941805472597479820e-03
5.171461582183837891e+00,3.059739112854003906e+00,1.728511095046997070e+00,1.000000000000000000e+00,-2.040267863776534796e-04,9.440976282348856330e-05,1.765162210176640656e-06
3.443790912628173828e+00,4.808440208435058594e+00,1.478395313024520874e-01,1.000000000000000000e+00,-8.308755786856636405e-05,1.958373468369245529e-05,-1.553866695758188143e-06
1.961813569068908691e-01,1.587798714637756348e+00,7.260237336158752441e-01,9.999998807907104492e-01,1.059790956787765026e-04,-4.995384952053427696e-04,2.399306977167725563e-04
2.755862236022949219e+00,2.226523876190185547e+00,5.814791202545166016e+00,1.000000000000000000e+00,-4.119697405258193612e-05,-5.375438922783359885e-05,2.990891698573250324e-05
6.314619779586791992e-01,5.146039009094238281e+00,5.251516342163085938e+00,1.000000000000000000e+00,1.575180649524554610e-04,1.244756567757576704e-04,-1.206956803798675537e-04
4.137383937835693359e+00,5.507680892944335938e+00,6.415019512176513672e+00,1.000000000000000000e+00,1.274573587579652667e-04,1.724657486192882061e-04,-4.249312769388779998e-05
4.942405223846435547e+00,1.144116520881652832e+00,4.672288894653320312e+00,1.000000000000000000e+00,7.056327740428969264e-05,4.906542744720354676e-05,7.951123552629724145e-05
6.739739418029785156e+00,5.113748550415039062e+00,5.031991004943847656e+00,9.999998807907104492e-01,2.729506923060398549e-05,-3.864828322548419237e-04,-2.275347505928948522e-04
4.670629024505615234e+00,3.930480480194091797e+00,4.303133010864257812e+00,1.000000000000000000e+00,6.090447277529165149e-05,-1.242118305526673794e-04,1.141774482675828040e-04
4.388644397258758545e-01,2.300118684768676758e+00,6.781157493591308594e+00,9.999840855598449707e-01,-4.162596073001623154e-03,-3.122313413769006729e-03,-2.171430271118879318e-03
4.289307117462158203e+00,7.225727558135986328e+00,6.697463035583496094e+00,9.999998807907104492e-01,1.462039945181459188e-04,5.057977978140115738e-04,1.819192984839901328e-04
2.312653779983520508e+00,1.272441267967224121e+00,3.877237081527709961e+00,9.999998211860656738e-01,7.300060824491083622e-04,-6.608832336496561766e-05,-4.509075370151549578e-05
9.508808851242065430e-01,6.617330074310302734e+00,4.862598896026611328e+00,1.000000000000000000e+00,-1.691147772362455726e-04,1.624880496819969267e-05,6.906325870659202337e-05
8.421190083026885986e-03,5.559157729148864746e-01,5.882526636123657227e-01,1.000000000000000000e+00,8.704569336259737611e-05,-5.937009336776100099e-05,-1.519986690254881978e-04
7.351205348968505859e+00,5.831388473510742188e+00,4.339128017425537109e+00,1.000000000000000000e+00,1.535044611955527216e-05,-3.246988489991053939e-05,-1.326722413068637252e-04
2.121298789978027344e+00,6.933554649353027344e+00,5.595890998840332031e+00,9.999954104423522949e-01,8.679943130118772388e-05,7.243604159157257527e-06,-3.039671108126640320e-03
3.110083103179931641e+00,4.593933746218681335e-02,5.311447143554687500e+00,1.000000000000000000e+00,-1.130481250584125519e-04,-8.962486026575788856e-05,3.030370135093107820e-05
5.992909908294677734e+00,2.961736917495727539e+00,6.970647335052490234e+00,1.000000000000000000e+00,2.399653603788465261e-04,2.649405541887972504e-05,-3.398259868845343590e-04
4.385055541992187500e+00,4.441700458526611328e+00,1.413808345794677734e+00,1.000000000000000000e+00,-1.105372502934187651e-04,-1.682882866589352489e-04,3.840918725472874939e-05
5.272229671478271484e+00,3.713126659393310547e+00,2.336284965276718140e-01,9.999999403953552246e-01,-3.146917879348620772e-05,3.653973399195820093e-04,-2.582187007647007704e-04
3.202153921127319336e+00,8.561370372772216797e-01,7.122139453887939453e+00,1.000000000000000000e+00,-1.140169115387834609e-04,1.072965460480190814e-05,-9.769923781277611852e-05
5.953496932983398438e+00,5.748567104339599609e+00,5.061737537384033203e+00,1.000000000000000000e+00,9.720504749566316605e-05,-1.200582555611617863e-04,-2.995241957250982523e-04
5.877765655517578125e+00,4.332586765289306641e+00,3.845934152603149414e+00,9.999999403953552246e-01,-2.637318393681198359e-04,3.459770368863246404e-06,4.508977872319519520e-04
4.404064178466796875e+00,6.691801548004150391e+00,5.039491176605224609e+00,1.000000000000000000e+00,-1.719559804769232869e-04,5.484692155732773244e-05,-2.741797652561217546e-04
2.725106954574584961e+00,6.188991069793701172e+00,1.400329351425170898e+00,1.000000000000000000e+00,1.795071148080751300e-05,-1.866805359895806760e-05,3.097515582339838147e-05
1.239629268646240234e+00,5.181027889251708984e+00,1.935868740081787109e+00,1.000000000000000000e+00,1.173533601104281843e-04,1.601932162884622812e-04,2.345481043448671699e-04
2.097066402435302734e+00,1.842646121978759766e+00,5.068430423736572266e+00,1.000000000000000000e+00,-2.221300746896304190e-05,-1.003577272058464587e-04,2.089231657009804621e-06
5.446839809417724609e+00,2.863193154335021973e-01,2.856805324554443359e+00,9.999950528144836426e-01,2.554745180532336235e-03,1.210490358062088490e-03,1.349376398138701916e-03
3.692401170730590820e+00,3.933584213256835938e+00,5.467297077178955078e+00,1.000000000000000000e+00,-1.049313650582917035e-04,8.423424878856167197e-05,5.198048893362283707e-05
4.504416465759277344e+00,3.299669265747070312e+00,5.392043590545654297e+00,1.000000000000000000e+00,-3.575893060769885778e-05,-6.803198630223050714e-05,2.483396883690147661e-07
1.088182091712951660e+00,4.582888126373291016e+00,1.651349902153015137e+00,1.000000000000000000e+00,1.170611067209392786e-04,-1.177510057459585369e-04,1.399130123900249600e-04
1.453164100646972656e+00,5.387602806091308594e+00,1.440680384635925293e+00,1.000000000000000000e+00,4.354630800662562251e-05,1.322180178249254823e-04,1.902066433103755116e-04
3.505463600158691406e+00,8.040484189987182617e-01,8.054771423339843750e-01,1.000000000000000000e+00,-4.721180084743537009e-05,-1.018823313643224537e-04,8.975394302979111671e-05
6.221329212188720703e+00,5.300838351249694824e-01,1.293533444404602051e+00,1.000000000000000000e+00,-6.978261808399111032e-05,1.005064696073532104e-04,-1.334213266090955585e-05
7.083875656127929688e+00,1.328127384185791016e-01,1.507783651351928711e+00,9.999548196792602539e-01,-5.998183507472276688e-03,1.738366670906543732e-03,7.176332175731658936e-03
2.996782779693603516e+00,4.910812377929687500e+00,5.183332443237304688e+00,1.000000000000000000e+00,-7.357377762673422694e-05,1.047785772243514657e-04,-1.387128941132687032e-05
2.385183811187744141e+00,1.513557314872741699e+00,9.542217254638671875e-01,1.000000000000000000e+00,-1.452185388188809156e-04,-1.074006067938171327e-04,-6.022692105034366250e-07
4.334432125091552734e+00,2.676953315734863281e+00,5.856815814971923828e+00,1.000000000000000000e+00,2.418673975626006722e-04,1.019326155073940754e-04,-2.100739511661231518e-04
6.998152732849121094e+00,6.303694099187850952e-02,2.308542490005493164e+00,9.999277591705322266e-01,9.837982244789600372e-03,3.484385320916771889e-03,5.961672868579626083e-03
2.735237360000610352e+00,5.586362361907958984e+00,3.868876457214355469e+00,9.999999403953552246e-01,1.915442699100822210e-04,6.348052556859329343e-05,4.117049975320696831e-04
5.048984885215759277e-01,5.295723080635070801e-01,2.898743629455566406e+00,1.000000000000000000e+00,1.456023892387747765e-04,-3.934042979381047189e-05,-1.179143728222697973e-04
2.465904474258422852e+00,1.254797577857971191e+00,2.647586107254028320e+00,1.000000000000000000e+00,6.875291728647425771e-05,-2.133757516276091337e-05,-2.509418482077307999e-05
7.261799335479736328e+00,5.984266281127929688e+00,1.380516648292541504e+00,1.000000000000000000e+00,-1.208855173899792135e-04,2.329148410353809595e-04,2.648014633450657129e-04
5.912749767303466797e+00,2.310945987701416016e+00,4.497866034507751465e-01,1.000000000000000000e+00,-3.014080175489652902e-05,2.320164348930120468e-04,-1.919360947795212269e-04
4.701450347900390625e+00,1.506962656974792480e+00,7.348724842071533203e+00,1.000000000000000000e+00,2.448247687425464392e-04,-1.715216967568267137e-05,6.226003461051732302e-05
2.082237482070922852e+00,6.477753639221191406e+00,5.934648513793945312e-01,1.000000000000000000e+00,1.290265936404466629e-04,-1.004270670819096267e-04,2.645789936650544405e-05
3.200723409652709961e+00,3.906903028488159180e+00,1.379394292831420898e+00,1.000000000000000000e+00,-1.893569278763607144e-04,2.574993004600401036e-06,3.244118488510139287e-05
3.544119834899902344e+00,7.181776523590087891e+00,4.344277679920196533e-01,1.000000000000000000e+00,-1.004195219138637185e-04,-2.386051492067053914e-04,1.891228312160819769e-04
6.265386104583740234e+00,7.024877548217773438e+00,6.483713388442993164e-01,1.000000000000000000e+00,7.888751861173659563e-05,5.840251469635404646e-05,-3.030636071343906224e-05
1.015396475791931152e+00,4.542897224426269531e+00,7.170525550842285156e+00,1.000000000000000000e+00,-8.473044726997613907e-05,-1.199771795654669404e-04,5.903754572500474751e-05
9.101735353469848633e-01,6.945205211639404297e+00,7.044830322265625000e+00,9.999995827674865723e-01,-3.563925274647772312e-04,-1.057199697243049741e-04,9.254835895262658596e-04
1.448607444763183594e+00,5.949802994728088379e-01,4.492244720458984375e+00,1.000000000000000000e+00,-1.196953671751543880e-04,1.069715872290544212e-04,-4.824890129384584725e-05
2.867048084735870361e-01,6.884435176849365234e+00,4.950779914855957031e+00,1.000000000000000000e+00,-8.683292981004342437e-05,3.216820186935365200e-05,-7.261071459652157500e-07
4.156761169433593750e+00,1.412496924400329590e+00,3.385394573211669922e+00,1.000000000000000000e+00,-6.493506953120231628e-05,1.144662383012473583e-04,-1.588412305864039809e-05
1.769610196352005005e-01,4.259354114532470703e+00,4.371682643890380859e+00,1.000000000000000000e+00,7.283952436409890652e-05,6.708001455990597606e-05,-2.629655682540033013e-05
3.878590345382690430e+00,4.883694171905517578e+00,5.253818511962890625e+00,1.000000000000000000e+00,1.716598490020260215e-04,2.237034932477399707e-04,2.943646104540675879e-04
1.433184862136840820e+00,5.052770137786865234e+00,6.033164978027343750e+00,1.000000000000000000e+00,4.406962398206815124e-05,1.540702942293137312e-04,2.829176373779773712e-04
2.308624744415283203e+00,7.282093524932861328e+00,4.533808231353759766e+00,1.000000000000000000e+00,-8.205962512874975801e-05,3.663294410216622055e-05,3.147123788949102163e-05
1.211933612823486328e+00,2.667500734329223633e+00,4.444187283515930176e-01,1.000000000000000000e+00,-3.758588718483224511e-05,-7.747558265691623092e-05,3.063026233576238155e-04
5.735609531402587891e+00,3.747019767761230469e-01,1.117144346237182617e+00,1.000000000000000000e+00,-1.523705286672338843e-04,1.012062421068549156e-04,3.922453288396354765e-06
6.463616371154785156e+00,5.637791156768798828e+00,4.921090602874755859e+00,9.999998211860656738e-01,1.127378491219133139e-04,-5.026753642596304417e-04,-5.225753411650657654e-04
9.580682218074798584e-02,6.741332054138183594e+00,4.531970620155334473e-01,1.000000000000000000e+00,-5.567138578044250607e-05,7.728760829195380211e-05,7.817046571290120482e-05
5.502404212951660156e+00,5.394562721252441406e+00,6.605254173278808594e+00,1.000000000000000000e+00,6.308520823949947953e-05,6.345648580463603139e-05,4.055121462442912161e-05
5.112048625946044922e+00,7.316355228424072266e+00,4.633505821228027344e+00,1.000000000000000000e+00,1.024471475830068812e-05,1.594365494383964688e-05,-7.940838986542075872e-05
3.186557531356811523e+00,6.633558273315429688e+00,1.780032873153686523e+00,1.000000000000000000e+00,-2.336698344151955098e-05,-6.476486191786534619e-07,2.213326661149039865e-05
2.308254390954971313e-01,7.108780384063720703e+00,2.957436084747314453e+00,9.999999403953552246e-01,1.073918883776059374e-05,-3.660031943581998348e-04,-2.601592568680644035e-04
1.879435062408447266e+00,6.974849700927734375e+00,3.378625512123107910e-01,1.000000000000000000e+00,3.024985780939459801e-04,-7.860725600039586425e-05,9.221592335961759090e-05
1.623897194862365723e+00,5.407284736633300781e+00,5.081391811370849609e+00,9.999962449073791504e-01,-2.748969942331314087e-03,-1.680724235484376550e-04,-2.371988666709512472e-04
4.284022331237792969e+00,4.820247650146484375e+00,1.587135076522827148e+00,1.000000000000000000e+00,-7.822685438441112638e-05,-1.338482252322137356e-04,5.979774869047105312e-05
3.302647769451141357e-01,6.844633102416992188e+00,6.578109264373779297e+00,1.000000000000000000e+00,-3.334084613015875220e-05,-7.840261969249695539e-05,3.649675272754393518e-05
2.162290573120117188e+00,6.662776947021484375e+00,4.154201984405517578e+00,1.000000000000000000e+00,-4.094593805348267779e-06,3.507166547933593392e-05,5.441793473437428474e-05
5.625626564025878906e+00,3.326091051101684570e+00,6.559022903442382812e+00,1.000000000000000000e+00,-1.644506119191646576e-04,8.760618948144838214e-05,9.908401261782273650e-05
5.234188079833984375e+00,5.537844657897949219e+00,8.653919100761413574e-01,1.000000000000000000e+00,-1.932405029947403818e-05,-4.468624581477342872e-07,1.414562120771734044e-05
5.001299858093261719e+00,4.331624507904052734e+00,3.336357355117797852e+00,9.999988675117492676e-01,-1.337655354291200638e-03,4.833898856304585934e-04,5.548938643187284470e-04
1.023394942283630371e+00,3.106239557266235352e+00,2.268313169479370117e+00,9.999848604202270508e-01,4.124240076635032892e-04,2.084603300318121910e-03,-5.091555416584014893e-03
1.878116965293884277e+00,9.735977649688720703e-01,4.943564414978027344e+00,1.000000000000000000e+00,-6.061000385670922697e-05,1.326676397184201051e-06,-4.491974686970934272e-05
2.646384239196777344e+00,2.426421403884887695e+00,4.301525115966796875e+00,9.999991655349731445e-01,-1.768461079336702824e-04,-4.349162045400589705e-04,1.239087432622909546e-03
1.791228413581848145e+00,5.312415122985839844e+00,4.090202331542968750e+00,1.000000000000000000e+00,5.840246012667194009e-05,1.901526229630690068e-05,3.145951495753251947e-06
3.974755764007568359e+00,6.695050716400146484e+00,2.792683839797973633e+00,1.000000000000000000e+00,-1.122580488299718127e-05,2.284708716615568846e-05,-3.795321390498429537e-05
1.217036247253417969e+00,3.984559535980224609e+00,2.200003623962402344e+00,1.000000000000000000e+00,-5.848370346939191222e-05,3.273313632234930992e-05,2.258869790239259601e-04
2.645619869232177734e+00,3.239045381546020508e+00,3.523766517639160156e+00,9.999986290931701660e-01,1.587152248248457909e-03,1.580053358338773251e-04,5.587832420133054256e-04
2.018515467643737793e-01,2.248554944992065430e+00,7.380972862243652344e+00,1.000000000000000000e+00,-2.827364369295537472e-04,-2.095542149618268013e-04,2.281317938468419015e-05
6.599555492401123047e+00,2.320378065109252930e+00,7.583606243133544922e-01,9.999637603759765625e-01,-5.442024208605289459e-03,-6.526540033519268036e-03,6.327124428935348988e-04
7.005371153354644775e-03,4.850466251373291016e-01,6.495283603668212891e+00,1.000000000000000000e+00,6.306674185907468200e-05,-8.533069376426283270e-06,-2.061805571429431438e-05
7.207574367523193359e+00,5.474422931671142578e+00,3.402619600296020508e+00,9.999997615814208984e-01,1.460989151382818818e-04,3.088887897320091724e-04,-6.577004678547382355e-04
6.469969272613525391e+00,3.673860073089599609e+00,1.059939742088317871e+00,1.000000000000000000e+00,-1.518612261861562729e-04,-1.455387828173115849e-04,-1.352104754914762452e-05
7.405218601226806641e+00,1.915994882583618164e+00,3.506746530532836914e+00,1.000000000000000000e+00,3.342803756822831929e-05,-9.444281022297218442e-05,1.150144162238575518e-04
4.233200550079345703e-01,9.104473143815994263e-02,3.683036804199218750e+00,1.000000000000000000e+00,2.271176927024498582e-04,1.418922238372033462e-05,-1.588014565641060472e-04
6.041793346405029297e+00,1.071816921234130859e+00,4.244231700897216797e+00,1.000000000000000000e+00,2.680814395716879517e-05,-1.364069430564995855e-05,5.707636955776251853e-05
4.549826622009277344e+00,7.825840711593627930e-01,6.696552276611328125e+00,1.000000000000000000e+00,-2.914848118962254375e-05,6.433622911572456360e-05,-2.598382125142961740e-04
5.722334861755371094e+00,6.095645904541015625e+00,3.620073556900024414e+00,1.000000000000000000e+00,-3.297622970421798527e-05,-1.145672213169746101e-04,1.261494344362290576e-05
7.239432811737060547e+00,6.085132122039794922e+00,6.336916983127593994e-02,9.999998807907104492e-01,-5.039440002292394638e-04,-4.231520870234817266e-05,-2.190163504565134645e-04
5.512610435485839844e+00,5.659230232238769531e+00,3.069533824920654297e+00,1.000000000000000000e+00,3.703390575537923723e-06,-4.919347338727675378e-05,3.200906940037384629e-05
3.593127012252807617e+00,3.528037071228027344e+00,4.249494075775146484e+00,1.000000000000000000e+00,3.888907940563512966e-06,-2.222131661255843937e-05,1.785233907867223024e-04
6.541393280029296875e+00,4.672945499420166016e+00,4.707637310028076172e+00,1.000000000000000000e+00,4.972895476385019720e-05,-2.731196000240743160e-04,1.442641223547980189e-04
5.276700019836425781e+00,3.035354375839233398e+00,6.492305397987365723e-01,1.000000000000000000e+00,-1.310748048126697540e-04,1.454158627893775702e-04,-2.887591545004397631e-04
2.185790300369262695e+00,3.025785684585571289e+00,8.472542166709899902e-01,9.999998211860656738e-01,6.854688399471342564e-04,6.094036871218122542e-05,2.065387525362893939e-05
1.349122405052185059e+00,7.469794750213623047e+00,3.152908325195312500e+00,1.000000000000000000e+00,1.903135489556007087e-05,-4.789327067555859685e-05,-5.133954982738941908e-05
4.094178676605224609e+00,6.656183242797851562e+00,6.325492382049560547e+00,9.999999403953552246e-01,3.384985611774027348e-04,2.892327902372926474e-04,7.428460230585187674e-05
5.031633853912353516e+00,5.836368799209594727e-01,3.392313718795776367e+00,1.000000000000000000e+00,-6.531473627546802163e-05,-3.990136519860243425e-06,-6.441422010539099574e-05
6.419137001037597656e+00,6.660237312316894531e+00,1.546279489994049072e-01,1.000000000000000000e+00,4.719667776953428984e-05,-2.598653736640699208e-05,-4.199666364002041519e-06
4.276371002197265625e+00,1.758015632629394531e+00,2.278047502040863037e-01,1.000000000000000000e+00,6.419332930818200111e-05,-1.191542742162710056e-05,3.730344906216487288e-05
7.307069301605224609e+00,5.525574684143066406e+00,6.747715950012207031e+00,1.000000000000000000e+00,2.234010753454640508e-04,1.619321410544216633e-04,-4.293838719604536891e-05
4.317965984344482422e+00,1.412994503974914551e+00,7.094816207885742188e+00,1.000000000000000000e+00,6.089566340961027890e-06,2.008913361351005733e-05,9.273766772821545601e-05
1.509351491928100586e+00,6.183223247528076172e+00,2.632848978042602539e+00,1.000000000000000000e+00,-2.879807288991287351e-05,-3.033536631846800447e-05,8.962873835116624832e-05
5.658602714538574219e+00,9.080355167388916016e-01,6.332665443420410156e+00,1.000000000000000000e+00,2.006777358474209905e-04,6.302043857431272045e-06,2.281133201904594898e-04
4.940145969390869141e+00,6.088520884513854980e-01,8.869441151618957520e-01,9.999769330024719238e-01,-1.422869274392724037e-03,-3.188628237694501877e-03,5.824028979986906052e-03
7.027020454406738281e-01,4.103198051452636719e+00,9.801442623138427734e-01,1.000000000000000000e+00,2.349116584809962660e-05,-1.849361296990537085e-06,1.132157831307267770e-05
3.117240667343139648e+00,3.863989114761352539e+00,3.909589290618896484e+00,1.000000000000000000e+00,1.416622690157964826e-04,-3.647650737548246980e-05,7.333450184887624346e-07
6.998813152313232422e+00,1.223660826683044434e+00,2.707844972610473633e-01,9.999822378158569336e-01,1.131275552324950695e-03,-4.093205090612173080e-03,-4.176180809736251831e-03
2.539621353149414062e+00,2.145623207092285156e+00,3.092134237289428711e+00,1.000000000000000000e+00,1.746857305988669395e-04,4.073036689078435302e-05,-1.754176773829385638e-04
2.520103216171264648e+00,3.760362386703491211e+00,5.480286598205566406e+00,1.000000000000000000e+00,-2.509627120161894709e-05,-6.610614491364685819e-06,1.310203952016308904e-04
2.821444034576416016e+00,6.793394565582275391e+00,8.148773312568664551e-01,9.999998807907104492e-01,4.279368731658905745e-04,2.152204688172787428e-04,3.340896219015121460e-04
6.191942214965820312e+00,5.609044075012207031e+00,5.420589447021484375e+00,9.999994039535522461e-01,6.294949562288820744e-04,3.920887538697570562e-04,-8.895142818801105022e-04
6.118810176849365234e+00,7.339296340942382812e-01,1.615640521049499512e-01,1.000000000000000000e+00,4.826014992431737483e-05,-5.382474409998394549e-05,1.631234626984223723e-04
1.724944353103637695e+00,5.465376853942871094e+00,3.318171977996826172e+00,1.000000000000000000e+00,-4.029477713629603386e-05,-1.694405364105477929e-05,6.256197957554832101e-05
6.436707019805908203e+00,1.067339301109313965e+00,5.651988387107849121e-01,1.000000000000000000e+00,-5.187681745155714452e-05,3.932638792321085930e-04,6.533227133331820369e-05
4.792235851287841797e+00,4.340145736932754517e-02,3.083078861236572266e-01,1.000000000000000000e+00,-3.288306834292598069e-05,2.547602925915271044e-04,-2.398720680503174663e-04
4.160665988922119141e+00,7.017597198486328125e+00,8.502306342124938965e-01,1.000000000000000000e+00,-1.928564597619697452e-04,-1.486757246311753988e-04,3.531867332640103996e-05
2.469372749328613281e+00,5.229126214981079102e-01,5.922493934631347656e+00,1.000000000000000000e+00,-5.699792018276639283e-05,-7.681402348680421710e-05,-1.086619813577271998e-04
6.066795349121093750e+00,7.455869674682617188e+00,1.878795959055423737e-02,1.000000000000000000e+00,7.978882058523595333e-05,-6.406534521374851465e-05,5.364247772376984358e-05
6.657644271850585938e+00,2.307080745697021484e+00,1.074980378150939941e+00,9.999619722366333008e-01,-5.799872335046529770e-03,-6.487486418336629868e-03,6.739383679814636707e-04
6.547848701477050781e+00,3.317621707916259766e+00,6.112978458404541016e+00,1.000000000000000000e+00,-3.118782115052454174e-05,-1.701658902675262652e-06,-5.923852768319193274e-06
3.792158126831054688e+00,2.285732746124267578e+00,5.533987998962402344e+00,1.000000000000000000e+00,2.982573278131894767e-05,4.066155815962702036e-05,-6.365571607602760196e-05
3.846331119537353516e+00,1.220178842544555664e+00,5.796272754669189453e+00,1.000000000000000000e+00,7.588960579596459866e-05,2.371142909396439791e-05,-1.128325238823890686e-04
4.972826957702636719e+00,8.929098844528198242e-01,2.431715965270996094e+00,1.000000000000000000e+00,-2.241965376015286893e-05,-8.433737548330100253e-07,2.239999303128570318e-04
4.997712135314941406e+00,8.295940160751342773e-01,7.242121219635009766e+00,1.000000000000000000e+00,-1.562334509799256921e-04,-4.114774856134317815e-05,-1.573771587572991848e-04
6.279624938964843750e+00,3.542686700820922852e+00,2.555675983428955078e+00,1.000000000000000000e+00,-3.843462036456912756e-05,-8.674561831867322326e-05,-7.327106141019612551e-05
5.550218582153320312e+00,1.634331822395324707e+00,7.271310329437255859e+00,1.000000000000000000e+00,-1.758997241267934442e-04,2.388033026363700628e-04,2.610306000860873610e-05
6.152867317199707031e+00,3.999709367752075195e+00,7.200570106506347656e+00,9.998455643653869629e-01,1.588156446814537048e-02,3.899056697264313698e-03,6.445672828704118729e-03
4.630311012268066406e+00,6.682392120361328125e+00,1.232934236526489258e+00,9.999990463256835938e-01,2.551630896050482988e-04,6.992160924710333347e-04,-1.207007095217704773e-03
6.201057434082031250e+00,6.441656589508056641e+00,4.458343386650085449e-01,1.000000000000000000e+00,-1.549538319522980601e-05,3.015450147358933464e-06,-8.912184625842201058e-07
5.021829128265380859e+00,7.127345561981201172e+00,7.344520568847656250e+00,1.000000000000000000e+00,4.418614116730168462e-05,7.235142402350902557e-05,-3.752563497982919216e-05
5.903856754302978516e+00,2.260915517807006836e+00,6.551205635070800781e+00,1.000000000000000000e+00,1.071356600732542574e-04,-2.523384137020912021e-05,-2.687148808035999537e-04
3.467464208602905273e+00,1.025593042373657227e+00,1.164795875549316406e+00,1.000000000000000000e+00,1.675575731496792287e-05,-8.013803017092868686e-05,5.758599581895396113e-05
1.510684967041015625e+00,3.325383424758911133e+00,4.657741069793701172e+00,1.000000000000000000e+00,4.950445145368576050e-05,-6.501019379356876016e-05,1.674034865573048592e-04
2.349184989929199219e+00,5.122035503387451172e+00,4.862826347351074219e+00,1.000000000000000000e+00,-1.831396511988714337e-04,-4.844711656915023923e-05,7.306967017939314246e-05
9.329349994659423828e-01,5.858670711517333984e+00,2.111010074615478516e+00,9.999996423721313477e-01,-8.333383011631667614e-04,1.258303091162815690e-04,4.264033050276339054e-04
1.398036003112792969e+00,5.955494403839111328e+00,9.787387251853942871e-01,1.000000000000000000e+00,-1.702375302556902170e-04,-1.541482197353616357e-04,-2.179119765060022473e-04
5.795090198516845703e+00,6.328141212463378906e+00,4.562901020050048828e+00,1.000000000000000000e+00,1.678561602602712810e-05,-1.151718824985437095e-04,-1.048777703545056283e-04
1.171060085296630859e+00,1.850129604339599609e+00,1.422714591026306152e-01,1.000000000000000000e+00,-7.203367567854002118e-05,-3.819238190772011876e-05,2.596828744572121650e-05
5.158066749572753906e+00,4.582520008087158203e+00,5.273790836334228516e+00,9.998224377632141113e-01,1.297997310757637024e-03,1.790676149539649487e-03,-1.871580630540847778e-02
7.130364418029785156e+00,2.370678335428237915e-01,4.571349143981933594e+00,1.000000000000000000e+00,-3.932022082153707743e-06,1.330995564785553142e-05,-1.685446477495133877e-06
2.812457799911499023e+00,4.204854488372802734e+00,6.855709075927734375e+00,9.999581575393676758e-01,2.770983614027500153e-03,-5.289270542562007904e-03,-6.942378357052803040e-03
2.104722261428833008e+00,7.259640693664550781e+00,5.594881534576416016e+00,9.999954700469970703e-01,1.508884597569704056e-04,-2.063960164377931505e-05,-3.026831662282347679e-03
5.916204452514648438e+00,5.039392948150634766e+00,2.968912839889526367e+00,1.000000000000000000e+00,5.139959466760046780e-05,1.969287259271368384e-04,-1.211735871038399637e-04
1.849808573722839355e+00,5.249821662902832031e+00,1.709884405136108398e+00,1.000000000000000000e+00,-3.181123975082300603e-05,1.548904983792454004e-04,2.000103122554719448e-04
2.604911804199218750e+00,5.605895996093750000e+00,5.239584445953369141e+00,1.000000000000000000e+00,-6.829475023550912738e-05,8.805784455034881830e-05,-4.826981239602901042e-06
2.565127372741699219e+00,1.960471391677856445e+00,4.944600582122802734e+00,1.000000000000000000e+00,-1.511771260993555188e-04,-1.731135707814246416e-04,3.926311546820215881e-05
1.673177599906921387e+00,6.389887332916259766e+00,4.436261653900146484e+00,1.000000000000000000e+00,-3.264554470661096275e-05,7.964377437019720674e-05,6.137996388133615255e-05
2.609363794326782227e+00,4.714674472808837891e+00,1.525109767913818359e+00,1.000000000000000000e+00,-3.747152004507370293e-05,3.560673576430417597e-05,3.461022060946561396e-05
3.097547292709350586e+00,3.454277992248535156e+00,3.533123254776000977e+00,9.999999403953552246e-01,2.537283580750226974e-04,-9.310468158219009638e-05,3.597764298319816589e-04
6.757219791412353516e+00,1.723612546920776367e+00,4.506640136241912842e-01,9.999998211860656738e-01,-1.643193827476352453e-04,1.278459822060540318e-04,-6.696070195175707340e-04
5.551108837127685547e+00,8.089767098426818848e-01,2.449376821517944336e+00,9.999998807907104492e-01,-4.948111018165946007e-04,8.630516822449862957e-05,-2.454788482282310724e-04
2.124791622161865234e+00,6.768506050109863281e+00,6.345775127410888672e+00,1.000000000000000000e+00,-1.362199109280481935e-04,1.259376585949212313e-05,-6.864094757474958897e-05
1.995365977287292480e+00,4.694323539733886719e+00,6.722930908203125000e+00,9.999998807907104492e-01,5.166804185137152672e-04,9.869882342172786593e-05,-2.417591167613863945e-04
1.480773329734802246e+00,3.879686117172241211e+00,6.882187366485595703e+00,1.000000000000000000e+00,5.986958967696409672e-06,-3.658029527286998928e-05,1.984165428439155221e-04
8.039432764053344727e-01,2.585021972656250000e+00,1.989904522895812988e+00,9.999990463256835938e-01,-9.700310329208150506e-05,-6.535283173434436321e-04,1.271847984753549099e-03
8.156739175319671631e-02,4.344285011291503906e+00,1.683299779891967773e+00,1.000000000000000000e+00,1.058778580045327544e-04,-5.093124127597548068e-05,-1.644969779590610415e-05
2.152250766754150391e+00,3.091065406799316406e+00,4.623885631561279297e+00,1.000000000000000000e+00,-2.538375556468963623e-04,8.669772796565666795e-05,-1.971363672055304050e-04
6.901700496673583984e-01,7.395442962646484375e+00,3.544014453887939453e+00,1.000000000000000000e+00,1.338472939096391201e-04,-1.151333199231885374e-04,-2.537847321946173906e-04
1.428305506706237793e+00,6.572341442108154297e+00,6.202455759048461914e-01,1.000000000000000000e+00,1.001920682028867304e-04,-3.174420635332353413e-05,-2.872899640351533890e-04
2.347278118133544922e+00,3.322593927383422852e+00,3.220632791519165039e+00,1.000000000000000000e+00,3.029221261385828257e-04,-3.073522384511306882e-05,3.129523975076153874e-05
3.252982378005981445e+00,2.726253509521484375e+00,4.556570947170257568e-01,1.000000000000000000e+00,7.777125574648380280e-05,2.898963612096849829e-05,-6.281155947363004088e-05
4.089450836181640625e+00,5.686742305755615234e+00,5.404665470123291016e+00,1.000000000000000000e+00,1.434202131349593401e-04,5.842943573952652514e-05,3.363253927091136575e-05
4.060758113861083984e+00,2.816572427749633789e+00,6.472064971923828125e+00,9.999999403953552246e-01,-2.369495632592588663e-04,-3.496558929327875376e-04,2.025161229539662600e-04
3.876641988754272461e+00,6.498465538024902344e+00,5.972167015075683594e+00,1.000000000000000000e+00,3.007389314007014036e-04,1.334115804638713598e-04,4.406545485835522413e-05
3.315205812454223633e+00,4.291681766510009766e+00,7.190876960754394531e+00,1.000000000000000000e+00,3.459093204583041370e-05,3.968206146964803338e-05,6.149628461571410298e-05
3.544063568115234375e+00,3.042619943618774414e+00,2.961466312408447266e+00,1.000000000000000000e+00,1.434576552128419280e-04,-6.515988206956535578e-05,-4.670026100939139724e-06
4.975745677947998047e+00,6.091703891754150391e+00,4.209760665893554688e+00,1.000000000000000000e+00,2.430064341751858592e-06,-7.034854934317991138e-05,-1.036091125570237637e-04
1.421814084053039551e+00,8.229706287384033203e-01,9.692002534866333008e-01,1.000000000000000000e+00,-1.948940735019277781e-06,-2.988606865983456373e-06,2.430473955428169575e-07
2.441499233245849609e+00,3.634700298309326172e+00,3.928184032440185547e+00,9.999434947967529297e-01,-7.007367908954620361e-03,-1.429916708730161190e-03,-7.873825728893280029e-03
2.310679197311401367e+00,1.471026062965393066e+00,5.702480316162109375e+00,1.000000000000000000e+00,-1.017696740746032447e-05,-1.037655601976439357e-04,-1.860418342403136194e-05
7.359828472137451172e+00,4.129501819610595703e+00,3.318585634231567383e+00,1.000000000000000000e+00,-1.303934259340167046e-04,-2.931147719209548086e-05,1.227054599439725280e-04
9.615415334701538086e-01,1.112954616546630859e-01,6.132801055908203125e+00,1.000000000000000000e+00,3.023415411007590592e-05,-4.648729736800305545e-05,6.306383875198662281e-05
7.812945842742919922e-01,5.531516075134277344e+00,2.596491098403930664e+00,1.000000000000000000e+00,-4.142250400036573410e-04,4.655755401472561061e-05,3.349806866026483476e-05
4.047328948974609375e+00,2.012043297290802002e-01,4.402097225189208984e+00,1.000000000000000000e+00,5.332591535989195108e-05,2.466077858116477728e-04,-4.338983853813260794e-05
2.262524604797363281e+00,4.050107002258300781e+00,5.566915988922119141e+00,1.000000000000000000e+00,4.235750748193822801e-05,-3.283684054622426629e-05,2.865375136025249958e-04
7.331026554107666016e+00,6.836870670318603516e+00,4.524974822998046875e+00,1.000000000000000000e+00,-1.562253019073978066e-04,-2.150403815903700888e-05,-6.933291297173127532e-05
2.458911657333374023e+00,5.576334476470947266e+00,3.093758821487426758e+00,1.000000000000000000e+00,-4.980547964805737138e-05,4.399869067128747702e-05,1.050106220645830035e-04
4.714442253112792969e+00,6.889146566390991211e-01,1.955559492111206055e+00,1.000000000000000000e+00,-1.303982571698725224e-05,1.366998912999406457e-04,1.359408634016290307e-04
5.759157180786132812e+00,6.773335933685302734e+00,1.611171722412109375e+00,1.000000000000000000e+00,-1.061048533301800489e-04,-5.647348734783008695e-05,1.325768098467960954e-04
4.408863067626953125e+00,3.530221879482269287e-01,4.315032064914703369e-01,1.000000000000000000e+00,-1.038466798490844667e-04,6.170623237267136574e-05,-5.655657150782644749e-05
4.625850677490234375e+00,4.353377819061279297e+00,5.180720329284667969e+00,9.999390244483947754e-01,2.149117877706885338e-03,2.021134831011295319e-03,1.063797902315855026e-02
3.009540557861328125e+00,4.855897903442382812e+00,9.854962825775146484e-01,1.000000000000000000e+00,-6.734270573360845447e-05,-2.545596726122312248e-05,-4.971700946043711156e-06
2.940172910690307617e+00,7.246280670166015625e+00,7.803394794464111328e-01,9.999999403953552246e-01,1.953488681465387344e-04,3.821056452579796314e-04,-2.071097842417657375e-04
3.256540298461914062e+00,1.191843271255493164e+00,8.792613148689270020e-01,1.000000000000000000e+00,9.149247489403933287e-06,-4.751773667521774769e-05,1.996127502934541553e-05
2.282033681869506836e+00,7.244592189788818359e+00,1.842614054679870605e+00,1.000000000000000000e+00,-1.115570648835273460e-05,-5.317170507623814046e-05,5.545824933506082743e-06
7.483222007751464844e+00,7.157494068145751953e+00,6.349103927612304688e+00,1.000000000000000000e+00,2.031668554991483688e-05,-3.259753066231496632e-05,-5.335001333151012659e-06
4.130145072937011719e+00,6.132229328155517578e+00,6.321627616882324219e+00,1.000000000000000000e+00,1.720095897326245904e-04,1.844966027420014143e-04,-7.771728269290179014e-05
4.817533016204833984e+00,5.731834411621093750e+00,7.442570686340332031e+00,9.999997019767761230e-01,-7.307455525733530521e-04,-3.599320189096033573e-04,-9.750198660185560584e-05
2.392849206924438477e+00,3.286458969116210938e+00,4.291446685791015625e+00,9.999960064888000488e-01,-2.533186227083206177e-03,-9.055256959982216358e-04,-9.486292838118970394e-04
2.080217361450195312e+00,1.117282390594482422e+00,4.131821632385253906e+00,9.999806880950927734e-01,-5.074054002761840820e-03,3.487530630081892014e-03,9.049884392879903316e-04
7.087475299835205078e+00,5.650621891021728516e+00,4.561724185943603516e+00,1.000000000000000000e+00,8.497482895108987577e-08,-1.085789117496460676e-04,-1.803052437026053667e-04
5.248056411743164062e+00,5.946901321411132812e+00,6.234652996063232422e+00,1.000000000000000000e+00,1.662165450397878885e-04,2.820435292960610241e-05,1.521491358289495111e-04
1.092696189880371094e+00,7.033488273620605469e+00,5.132268905639648438e+00,1.000000000000000000e+00,-6.786241283407434821e-05,1.742451104291831143e-06,5.606389458989724517e-05
3.618834733963012695e+00,3.543400764465332031e+00,2.493316888809204102e+00,9.999992847442626953e-01,9.546328219585120678e-04,7.782148313708603382e-04,-2.103232109220698476e-04
2.140940189361572266e+00,5.537517547607421875e+00,5.278829097747802734e+00,1.000000000000000000e+00,-2.467464655637741089e-04,2.257864689454436302e-04,9.157055319519713521e-05
4.254096031188964844e+00,3.889802455902099609e+00,3.024661540985107422e+00,1.000000000000000000e+00,2.156966002075932920e-05,-5.439401320472825319e-06,3.911386738764122128e-05
3.037163972854614258e+00,7.378696918487548828e+00,6.520286083221435547e+00,9.999998807907104492e-01,4.855123988818377256e-04,-1.709759635559748858e-05,-3.118403255939483643e-04
3.106171607971191406e+00,7.008327484130859375e+00,1.711990714073181152e+00,1.000000000000000000e+00,3.184434899594634771e-05,1.815199902921449393e-05,2.066620982077438384e-05
5.472722053527832031e+00,5.124855041503906250e+00,1.353430151939392090e+00,1.000000000000000000e+00,6.053509059711359441e-05,-4.098387580597773194e-05,-2.556690596975386143e-04
3.134655654430389404e-01,3.402866840362548828e+00,3.227621912956237793e-01,1.000000000000000000e+00,-8.760236232774332166e-05,-8.661172614665701985e-05,2.721208729781210423e-04
1.091102957725524902e+00,3.111810207366943359e+00,5.351910591125488281e+00,1.000000000000000000e+00,1.171253170468844473e-04,-1.343846961390227079e-04,5.372044688556343317e-05
4.823008060455322266e+00,5.220348834991455078e+00,6.600947856903076172e+00,1.000000000000000000e+00,1.738464052323251963e-04,2.134119858965277672e-04,-3.516174183459952474e-05
7.209544181823730469e+00,4.669663906097412109e+00,3.519986629486083984e+00,9.999999403953552246e-01,3.830940986517816782e-04,3.488722431939095259e-04,-1.355445565422996879e-04
4.516855239868164062e+00,3.684252500534057617e+00,4.962712764739990234e+00,1.000000000000000000e+00,3.753468263312242925e-05,-7.261360588017851114e-05,1.354393607471138239e-04
5.326375484466552734e+00,4.292908668518066406e+00,5.841514110565185547e+00,9.999998807907104492e-01,-2.771336876321583986e-04,-8.695611177245154977e-05,4.773249966092407703e-04
3.572312355041503906e+00,4.363509714603424072e-01,5.628808975219726562e+00,9.999992847442626953e-01,-3.791730268858373165e-04,1.150931813754141331e-03,-2.547053445596247911e-04
2.057600975036621094e+00,6.394544601440429688e+00,2.477857828140258789e+00,1.000000000000000000e+00,3.300389507785439491e-04,1.412676210748031735e-04,-4.602057379088364542e-05
3.640353679656982422e+00,2.243914604187011719e+00,6.067773818969726562e+00,1.000000000000000000e+00,-2.473970016581006348e-05,3.365611701156012714e-05,-6.722135822201380506e-06
9.119375944137573242e-01,6.886799931526184082e-01,7.061775684356689453e+00,1.000000000000000000e+00,3.902141907019540668e-05,1.166929177998099476e-05,-8.825171971693634987e-05
1.075634121894836426e+00,2.930943965911865234e+00,4.318922042846679688e+00,1.000000000000000000e+00,1.226396398124052212e-05,-1.859339681686833501e-04,1.322716416325420141e-04
4.600489616394042969e+00,1.968708753585815430e+00,2.048580408096313477e+00,9.999904036521911621e-01,2.480730880051851273e-03,-1.860760268755257130e-03,3.123969072476029396e-03
3.740014076232910156e+00,1.872318685054779053e-01,6.010805130004882812e+00,9.998728632926940918e-01,-1.476551219820976257e-02,3.616176312789320946e-03,-4.824914503842592239e-03
4.065135955810546875e+00,3.712761640548706055e+00,1.503937840461730957e+00,1.000000000000000000e+00,-1.738303690217435360e-04,-6.181561184348538518e-05,-1.432288408977910876e-04
1.942099213600158691e+00,3.697040557861328125e+00,5.915337562561035156e+00,1.000000000000000000e+00,-8.724904182599857450e-05,-1.921306284202728420e-05,3.889546787831932306e-04
6.552561759948730469e+00,4.690890312194824219e+00,5.508478879928588867e-01,1.000000000000000000e+00,-1.824605278670787811e-04,8.831646846374496818e-05,2.385249827057123184e-04
6.192110061645507812e+00,5.247082710266113281e+00,7.481813430786132812e+00,1.000000000000000000e+00,1.225343294208869338e-04,8.100319246295839548e-05,-1.782312574505340308e-05
3.214200019836425781e+00,2.012700080871582031e+00,4.029860496520996094e+00,9.999999403953552246e-01,-2.607482601888477802e-04,-5.158380008651874959e-05,4.752476233989000320e-04
6.403131961822509766e+00,5.399533271789550781e+00,1.906031250953674316e+00,1.000000000000000000e+00,-1.027248144964687526e-04,8.700656326254829764e-05,-2.299065963597968221e-04
6.488016605377197266e+00,7.433945178985595703e+00,2.232851982116699219e+00,9.999997019767761230e-01,-2.322645741514861584e-04,-2.576750994194298983e-04,7.833205163478851318e-04
4.114841938018798828e+00,1.034034609794616699e+00,5.324010848999023438e+00,1.000000000000000000e+00,1.318377326242625713e-04,-6.666221452178433537e-06,-2.211745777458418161e-05
4.613629341125488281e+00,2.083818912506103516e+00,6.515693664550781250e+00,9.999980330467224121e-01,1.213493524119257927e-03,-3.421796136535704136e-04,1.584592508152127266e-03
6.945238113403320312e+00,4.102890968322753906e+00,6.993994235992431641e+00,9.999997019767761230e-01,2.025374706136062741e-04,6.007214542478322983e-04,5.080808768980205059e-04
6.487767219543457031e+00,4.276481628417968750e+00,7.066500663757324219e+00,9.999979734420776367e-01,-9.909222135320305824e-04,1.324529410339891911e-03,1.163500710390508175e-03
7.261008262634277344e+00,4.671718597412109375e+00,4.709367275238037109e+00,1.000000000000000000e+00,1.717476698104292154e-04,1.811350084608420730e-04,-1.159366511274129152e-04
5.710149288177490234e+00,1.201300263404846191e+00,5.164128303527832031e+00,1.000000000000000000e+00,2.056491757684852928e-05,5.406236959970556200e-05,1.249461056431755424e-04
5.038892745971679688e+00,5.164613723754882812e+00,5.580108985304832458e-02,1.000000000000000000e+00,-7.123137038433924317e-05,9.589959518052637577e-05,9.750045865075662732e-05
4.149074077606201172e+00,1.786548852920532227e+00,2.288560390472412109e+00,9.999986290931701660e-01,1.098725479096174240e-03,8.844046533340588212e-05,-1.272288849577307701e-03
6.029859066009521484e+00,1.938871622085571289e+00,3.616497039794921875e+00,1.000000000000000000e+00,-1.027557154884561896e-04,-1.161296968348324299e-04,2.912216586992144585e-05
2.307986736297607422e+00,1.784616231918334961e+00,4.373311996459960938e+00,9.999997615814208984e-01,-7.446689414791762829e-04,-1.170817340607754886e-04,-2.628677466418594122e-04
4.815743923187255859e+00,4.385789394378662109e+00,5.831784248352050781e+00,9.999904632568359375e-01,3.801740240305662155e-03,-1.484995154896751046e-04,-2.174939261749386787e-03
2.989123106002807617e+00,2.852854013442993164e+00,1.770562291145324707e+00,9.999999403953552246e-01,-1.585814316058531404e-04,5.306105013005435467e-04,-2.559546192060224712e-05
5.172701358795166016e+00,4.505015850067138672e+00,7.427818775177001953e+00,9.999995827674865723e-01,2.617133432067930698e-04,7.684972952120006084e-04,4.034985031466931105e-04
2.494881898164749146e-01,3.776206731796264648e+00,1.098095536231994629e+00,1.000000000000000000e+00,-5.229552334640175104e-05,-8.201978744182270020e-06,4.758474460686556995e-05
5.409649848937988281e+00,1.076031804084777832e+00,3.988811731338500977e+00,1.000000000000000000e+00,2.642911385919433087e-05,3.608000770327635109e-05,1.233778334608359728e-06
4.060592174530029297e+00,5.819197177886962891e+00,3.971606492996215820e+00,1.000000000000000000e+00,2.278298597957473248e-05,-9.901884186547249556e-05,-3.098077286267653108e-05
6.834147453308105469e+00,2.944719552993774414e+00,3.149287700653076172e+00,1.000000000000000000e+00,-1.006758702715160325e-05,-1.199553444166667759e-04,9.751632023835554719e-05
2.569213867187500000e+00,6.486203670501708984e+00,6.195047378540039062e+00,1.000000000000000000e+00,-1.854070796980522573e-05,3.483705950202420354e-05,-2.874171332223340869e-05
5.471341133117675781e+00,6.872123479843139648e-01,5.244593694806098938e-02,1.000000000000000000e+00,2.149803913198411465e-05,4.788504156749695539e-05,7.098007336026057601e-05
3.613154172897338867e+00,7.295284748077392578e+00,7.206232070922851562e+00,1.000000000000000000e+00,-1.480408900533802807e-05,2.134458045475184917e-04,3.074069682043045759e-04
3.524878501892089844e+00,6.394747734069824219e+00,1.123517751693725586e+00,1.000000000000000000e+00,-8.539004738850053400e-06,-1.137374201789498329e-04,3.110220859525725245e-05
4.997171401977539062e+00,2.649676561355590820e+00,2.436306476593017578e+00,9.999998807907104492e-01,4.749561194330453873e-04,-3.636856272350996733e-04,2.417205541860312223e-04
3.531790494918823242e+00,7.211040973663330078e+00,3.648563861846923828e+00,1.000000000000000000e+00,-8.232060281443409622e-06,3.490789822535589337e-05,1.605437205398629885e-06
5.419780254364013672e+00,5.235167503356933594e+00,6.189878940582275391e+00,1.000000000000000000e+00,1.227621396537870169e-04,3.655997716123238206e-05,-6.080915773054584861e-05
2.340514421463012695e+00,4.243743419647216797e+00,2.452746629714965820e+00,1.000000000000000000e+00,-2.276202940265648067e-05,-3.608718316172598861e-06,6.657891935901716352e-05
3.178907394409179688e+00,1.270641535520553589e-01,1.276388406753540039e+00,1.000000000000000000e+00,7.404583811876364052e-06,3.003946176249883138e-06,4.310969870857661590e-06
3.371478080749511719e+00,1.588387608528137207e+00,5.024729728698730469e+00,1.000000000000000000e+00,-2.066623346763662994e-05,-1.533504691906273365e-04,1.439178777218330652e-05
1.057714462280273438e+00,2.137738943099975586e+00,4.348634719848632812e+00,1.000000000000000000e+00,-3.643526360974647105e-05,5.059054819867014885e-05,-2.231562830274924636e-04
2.427039481699466705e-02,6.697886943817138672e+00,5.763215065002441406e+00,1.000000000000000000e+00,-2.667355147423222661e-06,-1.784290361683815718e-05,-1.299660198128549382e-05
1.440061032772064209e-01,7.263079643249511719e+00,7.305804252624511719e+00,1.000000000000000000e+00,-2.529200901335570961e-05,-2.729965444814297371e-06,1.314149267273023725e-04
6.395740509033203125e+00,7.410300731658935547e+00,4.701185226440429688e+00,1.000000000000000000e+00,9.742177098814863712e-06,7.762812856526579708e-06,-1.977278043341357261e-05
7.006692886352539062e+00,7.117095947265625000e+00,3.324212074279785156e+00,9.999999403953552246e-01,-2.057084639091044664e-04,2.808749850373715162e-04,3.770624171011149883e-04
1.633582353591918945e+00,3.671524286270141602e+00,1.398600220680236816e+00,1.000000000000000000e+00,2.921236591646447778e-05,-1.176128444058122113e-05,-7.713484592386521399e-06
5.473238468170166016e+00,6.302731990814208984e+00,3.889037370681762695e+00,1.000000000000000000e+00,3.762742562685161829e-05,-5.590906948782503605e-05,-4.421568883117288351e-05
7.142138004302978516e+00,4.169582366943359375e+00,3.963539749383926392e-02,9.999999403953552246e-01,-2.042279520537704229e-04,2.506852615624666214e-04,2.573643287178128958e-04
4.319059371948242188e+00,3.477765083312988281e+00,7.227507591247558594e+00,1.000000000000000000e+00,-1.483469823142513633e-04,-2.249305907753296196e-05,-7.744144386379048228e-05
1.265443086624145508e+00,4.153241157531738281e+00,7.001985073089599609e+00,1.000000000000000000e+00,-1.725181791698560119e-04,4.992018875782378018e-05,6.598827894777059555e-06
1.691785693168640137e+00,1.242754697799682617e+00,3.266716003417968750e+00,1.000000000000000000e+00,8.757352770771831274e-05,7.184620335465297103e-05,-8.693459676578640938e-05
5.255815505981445312e+00,1.505070447921752930e+00,6.720562934875488281e+00,9.998837709426879883e-01,-5.374892149120569229e-03,-4.246754106134176254e-03,1.362014561891555786e-02
5.587812423706054688e+00,2.876464843750000000e+00,2.764848947525024414e+00,9.999919533729553223e-01,3.640797920525074005e-03,1.646133256144821644e-03,-3.247760178055614233e-04
1.536438941955566406e+00,5.895383358001708984e+00,7.276426792144775391e+00,9.999995231628417969e-01,1.942775706993415952e-04,7.291284418897703290e-05,1.006868085823953152e-03
1.195190548896789551e+00,7.207894802093505859e+00,3.617789745330810547e+00,1.000000000000000000e+00,-2.995111208292655647e-05,-1.269246877200203016e-05,-5.831930320709943771e-05
1.644843816757202148e+00,6.520150184631347656e+00,3.604540824890136719e+00,1.000000000000000000e+00,-1.393459206155966967e-05,4.270243516657501459e-05,6.627637048950418830e-05
7.093294620513916016e+00,7.375985145568847656e+00,7.225121974945068359e+00,1.000000000000000000e+00,1.136049904744140804e-04,-3.724780253833159804e-05,2.000454514927696437e-05
