3.462478876113891602e+00,5.390358448028564453e+00,7.099094241857528687e-02,9.999965429306030273e-01,6.785196601413190365e-04,-1.953471684828400612e-03,1.654218765906989574e-03
4.313272476196289062e+00,3.345369815826416016e+00,3.220255374908447266e+00,9.999993443489074707e-01,9.612618014216423035e-04,3.561606281436979771e-04,-5.861332756467163563e-04
1.458135247230529785e+00,1.364863991737365723e+00,2.415506601333618164e+00,9.999988079071044922e-01,-6.309932796284556389e-04,1.262307399883866310e-03,6.742656114511191845e-04
3.799936532974243164e+00,5.409128665924072266e+00,5.071119308471679688e+00,9.999716281890869141e-01,-3.556574229151010513e-03,6.599963642656803131e-03,-7.230629562400281429e-04
6.545987606048583984e+00,6.118449211120605469e+00,7.326791763305664062e+00,9.999994635581970215e-01,3.845823812298476696e-04,-8.735010633245110512e-04,4.704613238573074341e-04
2.660961151123046875e-01,3.827248334884643555e+00,4.447962760925292969e+00,9.999982714653015137e-01,-3.493765252642333508e-04,-1.319910399615764618e-03,1.297173672355711460e-03
2.133866071701049805e+00,2.011841773986816406e+00,1.293781638145446777e+00,9.999986290931701660e-01,-1.675300649367272854e-03,2.524280571378767490e-04,1.971370693354401737e-05
4.052915096282958984e+00,1.180468201637268066e+00,6.913224697113037109e+00,9.999989867210388184e-01,-7.386090001091361046e-04,-5.134374951012432575e-04,1.142864697612822056e-03
5.249069690704345703e+00,7.077219486236572266e+00,4.199105262756347656e+00,9.999986290931701660e-01,1.022576703689992428e-03,6.643441738560795784e-04,1.191123854368925095e-03
4.870018482208251953e+00,2.813912391662597656e+00,5.097470760345458984e+00,9.999520182609558105e-01,2.544964198023080826e-03,-7.111493032425642014e-04,-9.436991065740585327e-03
3.562361001968383789e+00,5.662917613983154297e+00,5.103887557983398438e+00,9.999724030494689941e-01,-1.599627779796719551e-03,6.826791912317276001e-03,2.479212824255228043e-03
3.440167903900146484e-01,2.970862150192260742e+00,1.713749289512634277e+00,9.999565482139587402e-01,4.439541138708591461e-03,-8.110969327390193939e-03,1.183287124149501324e-03
5.129418373107910156e+00,7.170545578002929688e+00,2.715403079986572266e+00,9.999656677246093750e-01,8.152269758284091949e-03,1.056300010532140732e-03,-1.031772349961102009e-03
1.052495479583740234e+00,9.747267961502075195e-01,2.879725933074951172e+00,9.999994039535522461e-01,-1.048420090228319168e-03,2.116972245858050883e-05,4.427155072335153818e-04
6.730337142944335938e+00,6.709653854370117188e+00,7.074768066406250000e+00,9.999974966049194336e-01,1.460691564716398716e-03,-1.441480271751061082e-04,1.740087871439754963e-03
4.221446990966796875e+00,5.914494991302490234e-01,3.940653204917907715e-01,9.999887943267822266e-01,3.574140137061476707e-03,-4.880067426711320877e-04,3.078385023400187492e-03
4.164055824279785156e+00,1.117069482803344727e+00,6.593243122100830078e+00,9.999995827674865723e-01,1.417430758010596037e-04,6.863423041068017483e-04,5.697652231901884079e-04
1.370218276977539062e+00,3.120952129364013672e+00,5.654288530349731445e-01,9.999979734420776367e-01,7.493849843740463257e-04,-1.246615080162882805e-03,-1.447646878659725189e-03
5.809884548187255859e+00,5.780983448028564453e+00,4.043992042541503906e+00,9.999867081642150879e-01,2.441899385303258896e-03,2.169870305806398392e-03,-3.999017179012298584e-03
4.026271820068359375e+00,4.709222793579101562e+00,2.872927904129028320e+00,9.999977350234985352e-01,-1.055447384715080261e-03,-1.715688500553369522e-03,-7.109664729796350002e-04
4.630068242549896240e-01,4.457406997680664062e+00,2.600748538970947266e+00,9.999557137489318848e-01,-7.715101353824138641e-03,-1.591603038832545280e-03,-5.152951460331678391e-03
3.298857927322387695e+00,6.970894813537597656e+00,7.344644546508789062e+00,9.999988675117492676e-01,-3.035249828826636076e-04,1.279819291085004807e-03,-8.598552085459232330e-04
6.507516384124755859e+00,2.324905097484588623e-01,2.336078166961669922e+00,9.999742507934570312e-01,-5.991445388644933701e-03,-1.276977360248565674e-03,-3.751445328816771507e-03
3.347386837005615234e+00,5.790332794189453125e+00,1.450356841087341309e+00,9.999010562896728516e-01,4.492984618991613388e-03,9.583163075149059296e-03,9.265271015465259552e-03
4.870645046234130859e+00,2.264033794403076172e+00,2.468788862228393555e+00,9.999743700027465820e-01,-3.901151649188250303e-04,-6.403681822121143341e-03,3.190666902810335159e-03
4.043427482247352600e-02,1.806178092956542969e-01,7.560290694236755371e-01,9.999962449073791504e-01,1.290111453272402287e-03,7.161643006838858128e-04,-2.341570565477013588e-03
3.736138045787811279e-01,1.694500207901000977e+00,2.772977575659751892e-02,9.999870657920837402e-01,-3.744913265109062195e-03,-2.096135634928941727e-03,2.757179783657193184e-03
6.063611984252929688e+00,1.611705780029296875e+00,4.594047069549560547e-01,9.999963045120239258e-01,-2.014859346672892570e-03,1.366942538879811764e-03,-1.287783030420541763e-03
1.978418111801147461e+00,8.885359764099121094e-01,4.817746162414550781e+00,9.999969005584716797e-01,1.646709861233830452e-03,-1.508985180407762527e-03,-1.119026215746998787e-03
1.428939342498779297e+00,6.174163818359375000e+00,1.940841555595397949e+00,9.999920129776000977e-01,-2.579303691163659096e-03,1.320155221037566662e-03,2.778107998892664909e-03
4.015682220458984375e+00,5.322596073150634766e+00,2.488500595092773438e+00,9.999975562095642090e-01,-5.994854727759957314e-04,-3.527534718159586191e-04,-2.129394793882966042e-03
3.124123811721801758e+00,6.538970470428466797e+00,7.206048369407653809e-01,9.999440312385559082e-01,3.901665098965167999e-03,-3.652725368738174438e-03,-9.133981540799140930e-03
5.625759124755859375e+00,5.458083152770996094e+00,5.542610168457031250e+00,9.999954104423522949e-01,-2.089220797643065453e-03,-1.842581550590693951e-03,1.166756381280720234e-03
1.491444468498229980e+00,5.475154399871826172e+00,2.653251409530639648e+00,9.999979734420776367e-01,-1.730363816022872925e-03,-1.043610158376395702e-03,-2.818996144924312830e-04
9.608510136604309082e-01,7.130502700805664062e+00,4.616248607635498047e+00,9.999988675117492676e-01,-6.306248542387038469e-05,1.356398919597268105e-03,7.549655856564640999e-04
8.386983871459960938e-01,6.600749015808105469e+00,3.539161443710327148e+00,9.999994039535522461e-01,-9.779471438378095627e-04,-9.778948151506483555e-05,5.849497974850237370e-04
5.171311855316162109e+00,7.357345104217529297e+00,4.820117950439453125e+00,9.999445676803588867e-01,5.802541039884090424e-03,4.254143219441175461e-03,7.688132114708423615e-03
2.069077253341674805e+00,1.858299851417541504e+00,7.173274517059326172e+00,9.999957084655761719e-01,1.135901475208811462e-04,-2.649466972798109055e-03,-1.259957207366824150e-03
6.313417911529541016e+00,1.802111119031906128e-01,1.813928008079528809e+00,9.999318122863769531e-01,6.232329644262790680e-03,-3.765198169276118279e-03,9.132653474807739258e-03
7.455383300781250000e+00,3.585141181945800781e+00,4.295302391052246094e+00,9.999951124191284180e-01,-5.407181452028453350e-04,1.318011665716767311e-03,-2.814899431541562080e-03
3.066053986549377441e-01,1.153838872909545898e+00,5.914104938507080078e+00,9.999846816062927246e-01,-2.587406197562813759e-03,-3.784025087952613831e-03,-3.118109190836548805e-03
1.078538775444030762e+00,3.147849082946777344e+00,6.235458374023437500e+00,9.999851584434509277e-01,-3.212293609976768494e-03,-3.470458555966615677e-03,-2.720037242397665977e-03
1.232795953750610352e+00,6.946536064147949219e+00,4.032280445098876953e+00,9.999994039535522461e-01,6.225802280823700130e-06,1.006772276014089584e-03,4.082625382579863071e-04
2.264603376388549805e-01,3.148799419403076172e+00,2.938818931579589844e+00,9.999964833259582520e-01,-7.423123461194336414e-04,-1.420987537130713463e-04,2.573433332145214081e-03
5.007102966308593750e+00,6.433842182159423828e+00,6.551976203918457031e+00,9.999983906745910645e-01,-1.155206817202270031e-03,-9.874417446553707123e-04,-1.007778220809996128e-03
2.121500968933105469e-01,4.121531963348388672e+00,5.698098659515380859e+00,9.999997615814208984e-01,5.079360926174558699e-05,-4.430908302310854197e-04,6.447203340940177441e-04
6.195831775665283203e+00,4.370505809783935547e-01,1.970123291015625000e+00,9.999210834503173828e-01,7.081567775458097458e-03,-3.561890451237559319e-03,9.747385978698730469e-03
6.208458423614501953e+00,4.972406864166259766e+00,6.021159291267395020e-01,9.999315738677978516e-01,-3.176944097504019737e-03,-6.061862222850322723e-03,9.492659009993076324e-03
2.830570697784423828e+00,2.426339387893676758e+00,3.742586851119995117e+00,9.999936819076538086e-01,5.401314410846680403e-05,7.764262263663113117e-04,-3.471757983788847923e-03
2.308377742767333984e+00,7.483866691589355469e+00,6.308182239532470703e+00,9.999993443489074707e-01,-8.916554506868124008e-04,-4.057474434375762939e-04,6.469509098678827286e-04
6.319095611572265625e+00,1.293535470962524414e+00,5.128255844116210938e+00,9.999983310699462891e-01,-4.789627855643630028e-04,1.740646112011745572e-04,1.791149144992232323e-03
6.725654006004333496e-01,1.222113370895385742e-01,5.625727653503417969e+00,9.999696016311645508e-01,1.499162754043936729e-03,-4.265208262950181961e-03,6.349820178002119064e-03
1.210435628890991211e+00,2.853172123432159424e-01,7.805888652801513672e-01,9.999815225601196289e-01,3.201365470886230469e-03,-4.992044530808925629e-03,1.364865922369062901e-03
9.726092815399169922e-01,5.317506790161132812e+00,1.902716994285583496e+00,9.999980330467224121e-01,2.368462301092222333e-04,-9.246732224710285664e-04,1.775275100953876972e-03
5.191367626190185547e+00,1.506896615028381348e+00,3.351827383041381836e+00,9.999917149543762207e-01,1.994548831135034561e-03,-1.157445134595036507e-03,3.382400842383503914e-03
3.778329610824584961e+00,1.165700793266296387e+00,7.213032245635986328e+00,9.999976158142089844e-01,-2.136781113222241402e-03,1.672117796260863543e-04,5.268959794193506241e-04
4.799565970897674561e-01,3.777230739593505859e+00,1.807910680770874023e+00,9.999926090240478516e-01,2.754118293523788452e-03,-2.394453855231404305e-03,1.281437347643077374e-03
3.532047510147094727e+00,6.658257007598876953e+00,7.302874326705932617e-01,9.999945759773254395e-01,2.673377515748143196e-03,1.022878685034811497e-03,-1.658623688854277134e-03
5.088527202606201172e+00,4.078145503997802734e+00,6.058178424835205078e+00,9.999833106994628906e-01,1.134193851612508297e-03,-9.294879273511469364e-04,-5.599458701908588409e-03
2.603387117385864258e+00,2.758885622024536133e+00,4.948302209377288818e-01,9.999975562095642090e-01,-1.570575172081589699e-03,1.108263269998133183e-03,1.079106237739324570e-03
7.051642894744873047e+00,4.939413070678710938e+00,1.298733234405517578e+00,9.999212622642517090e-01,2.767628058791160583e-03,7.213305216282606125e-03,9.892132133245468140e-03
3.351122856140136719e+00,2.190480709075927734e+00,4.950370788574218750e-01,9.999978542327880859e-01,-4.221465787850320339e-04,-1.677045365795493126e-03,-1.181239029392600060e-03
1.460330247879028320e+00,2.721299171447753906e+00,3.816341876983642578e+00,9.999455213546752930e-01,8.566644042730331421e-03,-5.863117985427379608e-03,1.096523366868495941e-03
1.047729730606079102e+00,4.384029865264892578e+00,5.176590681076049805e-01,9.999891519546508789e-01,3.707048716023564339e-03,-2.251404803246259689e-03,1.729693962261080742e-03
6.034725189208984375e+00,4.320798397064208984e+00,6.066824913024902344e+00,9.999986886978149414e-01,5.373008898459374905e-04,-1.398082938976585865e-03,-6.088986410759389400e-04
7.413217067718505859e+00,1.352094769477844238e+00,1.495334148406982422e+00,9.999999403953552246e-01,4.593189223669469357e-04,1.525188563391566277e-04,2.694657887332141399e-04
1.225765109062194824e+00,6.645643234252929688e+00,3.667504072189331055e+00,9.999998211860656738e-01,-5.350903957150876522e-04,3.142989007756114006e-04,-1.937266206368803978e-04
1.559753775596618652e+00,7.991451025009155273e-01,6.839866161346435547e+00,9.999948143959045410e-01,4.195238579995930195e-04,3.224616404622793198e-03,4.400881516630761325e-05
5.168951034545898438e+00,4.204497337341308594e+00,7.173835277557373047e+00,9.999991059303283691e-01,1.180901654151966795e-05,9.510184172540903091e-04,-9.858296252787113190e-04
2.628231525421142578e+00,6.366500377655029297e+00,5.185501575469970703e+00,9.999981522560119629e-01,-2.084313455270603299e-04,1.076998814824037254e-04,-1.929186633788049221e-03
5.945916175842285156e+00,2.423064470291137695e+00,6.036221981048583984e+00,9.999994635581970215e-01,9.308241424150764942e-04,-2.764457894954830408e-04,-5.686424556188285351e-04
6.104490280151367188e+00,1.466210246086120605e+00,4.418998241424560547e+00,9.999864101409912109e-01,5.207894835621118546e-03,-3.901427553500980139e-04,1.691931392997503281e-04
1.146159172058105469e+00,7.166188716888427734e+00,5.426008224487304688e+00,9.999991655349731445e-01,7.520386861870065331e-05,1.332305837422609329e-03,-6.919092993484809995e-05
4.666533470153808594e+00,4.859545707702636719e+00,1.427216887474060059e+00,9.999989271163940430e-01,1.252695219591259956e-03,5.203772889217361808e-05,-8.517376845702528954e-04
1.766168028116226196e-01,1.104442000389099121e+00,3.006280422210693359e+00,9.999998211860656738e-01,-1.643290743231773376e-04,-3.842038859147578478e-04,5.370533908717334270e-04
4.744107425212860107e-01,5.400182247161865234e+00,2.775367796421051025e-01,9.999978542327880859e-01,-1.384397968649864197e-03,-3.854233073070645332e-04,1.557696843519806862e-03
3.262844562530517578e+00,1.076295733451843262e+00,4.240268230438232422e+00,9.999984502792358398e-01,6.622421205975115299e-04,-1.595408190041780472e-03,-4.845325893256813288e-04
4.060523033142089844e+00,5.715039253234863281e+00,5.787166595458984375e+00,9.999985694885253906e-01,1.177764497697353363e-03,1.889970735646784306e-04,1.232515787705779076e-03
1.722099304199218750e+00,6.237401962280273438e-01,2.634373188018798828e+00,1.000000000000000000e+00,2.011468677665106952e-05,2.304855006514117122e-04,4.047166439704596996e-04
1.770507812500000000e+00,4.018907546997070312e+00,2.746723651885986328e+00,9.999978542327880859e-01,1.365159754641354084e-03,-9.915903210639953613e-04,-1.189388218335807323e-03
6.172097206115722656e+00,1.209465980529785156e+00,8.216472864151000977e-01,9.999895691871643066e-01,-2.896828809753060341e-04,4.517270252108573914e-03,-6.057097925804555416e-04
6.558641910552978516e+00,2.852539300918579102e+00,1.385347366333007812e+00,9.999995231628417969e-01,-8.219367009587585926e-04,6.661167717538774014e-04,1.184619541163556278e-04
3.094697475433349609e+00,4.790015220642089844e+00,4.647682189941406250e+00,9.999980926513671875e-01,1.607501995749771595e-03,-1.151160220615565777e-03,-2.744251396507024765e-04
8.701007962226867676e-01,6.883873939514160156e-01,7.469940662384033203e+00,9.999983310699462891e-01,-9.350010659545660019e-04,5.747359828092157841e-04,-1.474805409088730812e-03
3.014596223831176758e+00,4.561557769775390625e+00,2.221563100814819336e+00,9.999994635581970215e-01,7.196766673587262630e-04,7.998144137673079967e-04,1.684291200945153832e-04
5.979310512542724609e+00,2.504593610763549805e+00,4.093587875366210938e+00,9.999912977218627930e-01,-2.466270932927727699e-03,3.270052373409271240e-03,8.124921005219221115e-04
1.444085597991943359e+00,5.137924671173095703e+00,2.811417818069458008e+00,9.999976158142089844e-01,-1.940498244948685169e-03,-1.074816100299358368e-03,-2.083560975734144449e-04
4.113006114959716797e+00,5.331614017486572266e-01,4.814570426940917969e+00,9.999996423721313477e-01,6.890200311318039894e-04,-1.627269375603646040e-04,5.737940082326531410e-04
4.404631614685058594e+00,5.416561603546142578e+00,6.996871948242187500e+00,9.999804496765136719e-01,2.243094844743609428e-03,3.500407328829169273e-03,4.663078114390373230e-03
3.373141050338745117e+00,6.574408054351806641e+00,6.153223991394042969e+00,9.999997019767761230e-01,1.742089079925790429e-05,-5.185953341424465179e-04,6.122349877841770649e-04
1.361979365348815918e+00,1.217068314552307129e+00,6.781489849090576172e+00,9.999385476112365723e-01,1.018041465431451797e-02,-3.077325411140918732e-03,-3.141496330499649048e-03
6.689933300018310547e+00,7.444154262542724609e+00,2.080789089202880859e+00,9.999985694885253906e-01,-1.447348622605204582e-03,-9.134324500337243080e-04,1.591896434547379613e-04
5.185293197631835938e+00,6.768424987792968750e+00,6.478401184082031250e+00,9.999978542327880859e-01,-7.059982453938573599e-05,1.197703299112617970e-03,1.741595100611448288e-03
1.197171330451965332e+00,6.358262538909912109e+00,6.316165447235107422e+00,1.000000000000000000e+00,-4.913379598292522132e-05,-3.890532825607806444e-04,-7.732505764579400420e-06
3.408430814743041992e+00,4.961542606353759766e+00,5.980719089508056641e+00,9.999979734420776367e-01,6.005815230309963226e-04,1.605305471457540989e-03,1.066589262336492538e-03
3.952579498291015625e+00,5.944617986679077148e-01,2.442499637603759766e+00,9.999983310699462891e-01,-2.936069213319569826e-04,1.716608996503055096e-03,-6.899483851157128811e-04
6.813599109649658203e+00,2.690587043762207031e+00,2.294604301452636719e+00,9.999625086784362793e-01,4.485995043069124222e-03,5.444856826215982437e-03,-5.021967925131320953e-03
6.784105300903320312e-01,1.252863109111785889e-01,3.545302152633666992e+00,9.999970793724060059e-01,1.195564283989369869e-03,1.269803498871624470e-03,1.701416564173996449e-03
7.909917831420898438e-01,3.672286033630371094e+00,3.266258001327514648e+00,9.999996423721313477e-01,2.048989990726113319e-04,6.252351449802517891e-04,6.265670526772737503e-04
4.037972450256347656e+00,1.044201850891113281e-01,3.449064493179321289e+00,1.000000000000000000e+00,2.533023071009665728e-04,2.353946038056164980e-04,-1.571024185977876186e-04
3.797672510147094727e+00,1.573693871498107910e+00,6.958077907562255859e+00,9.999976754188537598e-01,2.632873365655541420e-04,-1.007004640996456146e-03,1.929519930854439735e-03
1.836325883865356445e+00,2.662238836288452148e+00,2.076386451721191406e+00,9.999725818634033203e-01,-6.086752749979496002e-03,2.750925719738006592e-03,-3.208345500752329826e-03
4.648553848266601562e+00,2.076269388198852539e+00,3.647143840789794922e+00,9.997750520706176758e-01,-1.300666015595197678e-03,-1.974850147962570190e-02,-7.629620842635631561e-03
7.385804653167724609e-01,3.682888746261596680e+00,6.979857921600341797e+00,9.997703433036804199e-01,-1.210908032953739166e-02,-1.434200908988714218e-02,1.034324243664741516e-02
4.310904979705810547e+00,6.516505718231201172e+00,2.314211606979370117e+00,9.999151825904846191e-01,-5.051588173955678940e-03,-6.244165357202291489e-03,1.025370880961418152e-02
3.620136976242065430e+00,1.905647635459899902e+00,3.164047002792358398e+00,9.999574422836303711e-01,-9.005205356515944004e-05,9.232513606548309326e-03,1.506353873992338777e-04
3.707009792327880859e+00,1.193114757537841797e+00,5.861650705337524414e-01,9.999965429306030273e-01,1.532301190309226513e-03,1.773837255313992500e-03,-1.247428823262453079e-03
4.519866943359375000e+00,6.374663829803466797e+00,1.036557674407958984e+00,9.999650716781616211e-01,5.799071863293647766e-03,4.739826545119285583e-03,-3.707066876813769341e-03
3.251341581344604492e+00,5.623180270195007324e-01,2.544877767562866211e+00,9.999598860740661621e-01,-8.178913965821266174e-03,-3.513441188260912895e-03,1.019553164951503277e-03
6.309103012084960938e+00,1.994797959923744202e-02,7.380171775817871094e+00,9.999614953994750977e-01,-7.880363613367080688e-03,-5.319870542734861374e-04,3.819676581770181656e-03
3.097060203552246094e+00,4.881976127624511719e+00,2.335234642028808594e+00,9.999976158142089844e-01,7.175878272391855717e-04,1.889504259452223778e-03,9.117292356677353382e-04
3.413182973861694336e+00,4.695786952972412109e+00,9.453259706497192383e-01,9.999918341636657715e-01,2.962908707559108734e-03,-2.133673056960105896e-03,-1.781521365046501160e-03
3.351858854293823242e+00,4.141936302185058594e+00,1.693431496620178223e+00,9.999945759773254395e-01,3.256215481087565422e-03,4.573324404191225767e-04,-1.149861782323569059e-04
6.560536861419677734e+00,3.488183259963989258e+00,2.677561283111572266e+00,9.997845888137817383e-01,7.344458252191543579e-03,1.749263890087604523e-02,-8.418668061494827271e-03
3.487951040267944336e+00,4.481288909912109375e+00,3.496903181076049805e+00,9.999964833259582520e-01,-1.324035343714058399e-03,2.190678613260388374e-03,-6.635173922404646873e-04
1.186613887548446655e-01,3.448285818099975586e+00,2.883654832839965820e+00,9.999982714653015137e-01,-1.041170442476868629e-03,-6.757664959877729416e-05,1.546558574773371220e-03
1.911525487899780273e+00,7.297175884246826172e+00,6.367745399475097656e+00,9.999601840972900391e-01,1.840320182964205742e-04,-4.744167439639568329e-03,7.558547891676425934e-03
5.329541683197021484e+00,5.409393787384033203e+00,5.727953910827636719e-01,9.999712705612182617e-01,-4.511337727308273315e-03,-5.038649309426546097e-03,-3.444725647568702698e-03
8.404105305671691895e-01,2.555396080017089844e+00,8.603921532630920410e-01,9.999995827674865723e-01,-5.742950597777962685e-04,7.844893261790275574e-04,1.565711427247151732e-04
6.029602885246276855e-01,1.770681142807006836e+00,1.286339044570922852e+00,9.999973177909851074e-01,2.316299127414822578e-03,2.419449010631069541e-04,2.003205736400559545e-04
1.516156077384948730e+00,2.655284881591796875e+00,3.506314992904663086e+00,9.996861815452575684e-01,3.384050447493791580e-03,-1.318495441228151321e-02,2.102797105908393860e-02
5.986870765686035156e+00,3.201399803161621094e+00,2.845149755477905273e+00,9.999980926513671875e-01,1.095445710234344006e-03,-1.486704684793949127e-03,-7.383387419395148754e-04
2.451033115386962891e+00,3.006619215011596680e+00,1.454502224922180176e+00,9.997832179069519043e-01,6.739874952472746372e-04,-2.005350589752197266e-02,5.554786883294582367e-03
7.174049854278564453e+00,6.702535629272460938e+00,7.147347450256347656e+00,9.999984502792358398e-01,1.480310340411961079e-03,-7.779973093420267105e-04,6.312616751529276371e-04
6.210075855255126953e+00,2.564528703689575195e+00,2.710470199584960938e+00,9.999517202377319336e-01,-8.207319304347038269e-03,-5.389096681028604507e-03,-4.306986811570823193e-04
1.492594122886657715e+00,6.077526092529296875e+00,4.063754081726074219e+00,9.999899864196777344e-01,-7.859657052904367447e-04,4.194413311779499054e-03,1.381718204356729984e-03
4.693927288055419922e+00,2.549338102340698242e+00,2.918307542800903320e+00,9.997802972793579102e-01,8.090424351394176483e-03,1.503477897495031357e-02,-1.215797197073698044e-02
6.362176895141601562e+00,4.652143001556396484e+00,1.062687277793884277e+00,9.999952912330627441e-01,6.442522862926125526e-04,-6.630107527598738670e-04,2.951403614133596420e-03
3.550994634628295898e+00,1.532214760780334473e+00,3.086796104907989502e-01,9.999983310699462891e-01,1.660740002989768982e-03,4.536967899184674025e-04,-7.267155451700091362e-04
1.726086020469665527e+00,5.000185489654541016e+00,1.362273097038269043e+00,9.999929666519165039e-01,1.487046480178833008e-03,-7.694178493693470955e-04,-3.351312130689620972e-03
1.831950545310974121e-01,6.576402187347412109e+00,2.668483734130859375e+00,9.999962449073791504e-01,8.395800250582396984e-04,1.850269385613501072e-03,1.882154494524002075e-03
7.164377689361572266e+00,1.371295690536499023e+00,3.969594478607177734e+00,9.999447464942932129e-01,1.020815409719944000e-02,-2.025776309892535210e-03,1.504731597378849983e-03
1.941212058067321777e+00,7.244792461395263672e+00,5.262637615203857422e+00,9.999948143959045410e-01,2.754829591140151024e-03,5.856249481439590454e-04,-1.589271822012960911e-03
5.919764041900634766e+00,2.585826635360717773e+00,3.171932935714721680e+00,9.999949932098388672e-01,2.155812922865152359e-03,2.234588610008358955e-03,6.586229428648948669e-04
4.457650184631347656e+00,2.623996496200561523e+00,5.016276359558105469e+00,9.999902248382568359e-01,-2.250849502161145210e-03,2.700908109545707703e-03,2.709759399294853210e-03
8.546865582466125488e-01,2.546536445617675781e+00,1.900790333747863770e+00,9.999563097953796387e-01,1.968696713447570801e-03,-1.793155213817954063e-03,8.960023522377014160e-03
5.281531333923339844e+00,4.002490043640136719e+00,3.203018426895141602e+00,9.999862909317016602e-01,-4.455244634300470352e-03,-2.051944145932793617e-03,1.840183627791702747e-03
3.138141155242919922e+00,9.192825555801391602e-01,6.746780872344970703e+00,9.999108910560607910e-01,8.449238725006580353e-03,8.727543056011199951e-03,5.538673605769872665e-03
1.746487975120544434e+00,6.571654796600341797e+00,5.825989246368408203e+00,9.999992251396179199e-01,1.109012402594089508e-03,-4.570577875711023808e-04,4.889974952675402164e-04
2.979071617126464844e+00,5.578713893890380859e+00,5.637680053710937500e+00,9.999356865882873535e-01,-3.057112684473395348e-03,-6.051898002624511719e-03,-9.097906760871410370e-03
2.896820068359375000e+00,3.166145801544189453e+00,4.432302951812744141e+00,9.999986886978149414e-01,1.046603312715888023e-03,-1.212626812048256397e-03,-3.751436888705939054e-04
5.661525726318359375e+00,6.676018714904785156e+00,4.928551673889160156e+00,9.999280571937561035e-01,-1.047816406935453415e-02,-3.158859442919492722e-03,-4.920162260532379150e-03
5.541147708892822266e+00,4.494448184967041016e+00,7.278989791870117188e+00,9.999971985816955566e-01,1.456039841286838055e-03,-1.877053873613476753e-03,-1.970316661754623055e-04
3.852197527885437012e-01,5.591763973236083984e+00,5.983871936798095703e+00,9.999996423721313477e-01,8.404036634601652622e-04,2.476019290043041110e-05,3.678304783534258604e-04
4.835057735443115234e+00,4.985446929931640625e+00,6.508015632629394531e+00,9.997745752334594727e-01,1.932045258581638336e-02,1.382496906444430351e-03,-8.699414320290088654e-03
4.087392807006835938e+00,1.481488704681396484e+00,6.701208591461181641e+00,9.999990463256835938e-01,1.239317498402670026e-04,-1.315439352765679359e-03,5.563613958656787872e-04
2.503295660018920898e+00,2.683860778808593750e+00,3.727041721343994141e+00,9.997560381889343262e-01,8.211543783545494080e-03,2.049163356423377991e-02,-7.436341256834566593e-04
3.715898036956787109e+00,1.966832399368286133e+00,2.332188129425048828e+00,9.999985098838806152e-01,-1.650211983360350132e-03,6.061081658117473125e-04,3.460294828983023763e-05
1.596264362335205078e+00,3.061553955078125000e+00,6.649332046508789062e+00,9.999483227729797363e-01,1.687607145868241787e-03,-3.009286709129810333e-03,-9.569752961397171021e-03
8.454348444938659668e-01,7.465616226196289062e+00,6.690959930419921875e+00,9.999936223030090332e-01,-2.230826532468199730e-03,2.793585648760199547e-03,3.745893773157149553e-04
6.834687232971191406e+00,3.530387639999389648e+00,1.032589673995971680e+00,1.000000000000000000e+00,-1.981489767786115408e-04,-1.147676011896692216e-04,2.631997631397098303e-05
2.025633811950683594e+00,4.502459526062011719e+00,9.453064203262329102e-02,9.999815821647644043e-01,-1.038079499267041683e-03,3.588100895285606384e-03,4.784954246133565903e-03
4.672443568706512451e-01,5.890090942382812500e+00,2.993704080581665039e+00,9.999993443489074707e-01,-8.359244675375521183e-04,3.694431507028639317e-04,-8.133061346597969532e-04
3.924342632293701172e+00,3.052665710449218750e+00,5.502673625946044922e+00,9.999538660049438477e-01,-7.235876750200986862e-03,2.302587963640689850e-03,5.892113782465457916e-03
1.220005378127098083e-01,2.039679586887359619e-01,1.186296582221984863e+00,9.998879432678222656e-01,1.148946769535541534e-02,3.689951961860060692e-03,-8.866637013852596283e-03
1.967041015625000000e+00,8.482338190078735352e-01,6.936572551727294922e+00,9.999971985816955566e-01,1.524133374914526939e-03,1.123924739658832550e-03,-1.403621747158467770e-03
5.135356426239013672e+00,3.100776195526123047e+00,2.322776794433593750e+00,9.999973177909851074e-01,3.633275337051600218e-04,-2.201807685196399689e-03,-7.536134799011051655e-04
4.922893524169921875e+00,6.369428634643554688e+00,4.033552169799804688e+00,9.999638199806213379e-01,-3.546193707734346390e-03,3.913760650902986526e-03,-6.672046612948179245e-03
6.639899253845214844e+00,1.004031896591186523e+00,4.370979309082031250e+00,9.999962449073791504e-01,-7.384778582490980625e-04,-2.277910243719816208e-03,1.384230214171111584e-03
6.846276760101318359e+00,4.277257442474365234e+00,5.488996505737304688e+00,9.999997019767761230e-01,6.717224023304879665e-04,2.486162993591278791e-04,1.612897904124110937e-04
3.732701063156127930e+00,3.182223081588745117e+00,1.369801759719848633e+00,9.999647140502929688e-01,-7.675845175981521606e-03,1.923555741086602211e-03,-2.834606217220425606e-03
5.559815406799316406e+00,4.191859364509582520e-01,2.823151588439941406e+00,9.999965429306030273e-01,1.353177358396351337e-04,-1.776522723957896233e-03,-1.953061553649604321e-03
4.656602382659912109e+00,1.902047038078308105e+00,1.242804527282714844e+00,9.999747872352600098e-01,2.370256464928388596e-03,-1.800074242055416107e-03,-6.450453773140907288e-03
6.913618564605712891e+00,2.135956048965454102e+00,2.345258235931396484e+00,9.997462630271911621e-01,2.178072929382324219e-02,-5.751991644501686096e-03,2.128591440850868821e-04
5.599392578005790710e-03,4.040447235107421875e+00,4.588690757751464844e+00,9.999786615371704102e-01,-2.500522416085004807e-03,-2.711768960580229759e-03,-5.388731136918067932e-03
4.157017707824707031e+00,7.021358489990234375e+00,5.233108520507812500e+00,9.999928474426269531e-01,1.390231540426611900e-03,3.265084233134984970e-04,3.512730821967124939e-03
3.000775814056396484e+00,1.226452946662902832e+00,6.878501176834106445e-01,9.999897480010986328e-01,2.082034246996045113e-03,-1.024957746267318726e-03,3.892135107889771461e-03
5.341072559356689453e+00,5.489705085754394531e+00,4.294683933258056641e+00,9.999885559082031250e-01,8.435886120423674583e-04,-4.457958042621612549e-03,-1.519162673503160477e-03
1.521571159362792969e+00,2.178348779678344727e+00,1.612242907285690308e-01,9.999662041664123535e-01,-4.070330876857042313e-03,-5.077517125755548477e-03,-5.017170682549476624e-03
3.721829652786254883e+00,5.989049434661865234e+00,1.534570336341857910e+00,9.999539852142333984e-01,3.879680065438151360e-03,6.815235246904194355e-04,8.755882270634174347e-03
6.830104351043701172e+00,5.478607177734375000e+00,1.434930443763732910e+00,9.999713897705078125e-01,-5.188856739550828934e-03,4.683691076934337616e-03,-2.911581657826900482e-03
2.815684080123901367e+00,3.514349937438964844e+00,5.757572174072265625e+00,9.999981522560119629e-01,7.714650128036737442e-04,-1.094756415113806725e-03,-1.415104256011545658e-03
6.557312965393066406e+00,2.640038967132568359e+00,6.860786437988281250e+00,9.999983906745910645e-01,8.416702621616423130e-04,1.358218723908066750e-03,-8.937671082094311714e-04
2.708287000656127930e+00,4.335024833679199219e+00,7.432176589965820312e+00,9.999918341636657715e-01,-3.568844869732856750e-03,-1.261331606656312943e-03,1.460027531720697880e-03
2.116290569305419922e+00,6.032165527343750000e+00,4.761242866516113281e+00,9.999878406524658203e-01,-2.612638752907514572e-03,-4.098402336239814758e-03,-7.925547542981803417e-04
1.027198076248168945e+00,3.654370546340942383e+00,1.088216304779052734e+00,9.999818801879882812e-01,-5.479147657752037048e-03,-4.854959261137992144e-04,-2.473016502335667610e-03
4.339699745178222656e+00,3.598122596740722656e+00,2.753040313720703125e+00,9.999685883522033691e-01,-3.379712114110589027e-03,-5.802539177238941193e-03,4.221617244184017181e-03
5.810622498393058777e-02,3.125527143478393555e+00,4.845345497131347656e+00,9.999508857727050781e-01,-4.172826651483774185e-03,-8.699594996869564056e-03,-2.273385180160403252e-03
7.402018547058105469e+00,1.691945314407348633e+00,4.326673030853271484e+00,9.999969005584716797e-01,-1.645267358981072903e-03,-6.618506740778684616e-04,1.780356280505657196e-03
3.336998939514160156e+00,6.178390979766845703e-01,3.848648071289062500e+00,9.999982118606567383e-01,7.754442049190402031e-04,-9.810482879402115941e-05,-1.763747888617217541e-03
6.371371746063232422e+00,1.153930902481079102e+00,2.908900499343872070e+00,9.999982714653015137e-01,1.600850955583155155e-03,-2.261012850794941187e-04,-9.483039029873907566e-04
3.039701938629150391e+00,4.998393058776855469e+00,4.293384075164794922e+00,9.999995231628417969e-01,1.028467318974435329e-03,-1.582728727953508496e-04,-1.274101814487949014e-04
5.281448364257812500e+00,3.853341817855834961e+00,5.647678375244140625e+00,9.999964833259582520e-01,2.333388256374746561e-04,2.656543860211968422e-03,-1.643686700845137239e-04
2.996672630310058594e+00,2.726666927337646484e+00,4.987912654876708984e+00,9.997992515563964844e-01,-5.973290652036666870e-03,1.000551693141460419e-02,1.630267873406410217e-02
2.334229797124862671e-01,3.012279510498046875e+00,9.893840551376342773e-02,9.999955892562866211e-01,-1.488486886955797672e-03,-2.274600556120276451e-03,-1.228277105838060379e-03
5.032729506492614746e-01,7.289412498474121094e+00,1.180713176727294922e+00,9.999995231628417969e-01,6.264386465772986412e-04,-4.719641874544322491e-04,7.073775050230324268e-04
6.251770019531250000e+00,5.741096019744873047e+00,6.357445240020751953e+00,9.999965429306030273e-01,1.627678168006241322e-03,1.285212230868637562e-03,-1.625621109269559383e-03
6.948317527770996094e+00,1.640251874923706055e+00,5.589348793029785156e+00,9.999991059303283691e-01,-6.640810752287507057e-04,1.121298642829060555e-03,4.902674118056893349e-04
7.221407413482666016e+00,6.655901908874511719e+00,1.942117094993591309e+00,9.999935030937194824e-01,-1.663629314862191677e-03,1.103734597563743591e-03,3.026939928531646729e-03
6.513211727142333984e+00,2.950316071510314941e-01,5.603623390197753906e+00,9.999995827674865723e-01,-3.754659246624214575e-06,-4.474190645851194859e-04,-8.963579311966896057e-04
7.356554031372070312e+00,3.923252105712890625e+00,1.680854856967926025e-01,9.999970197677612305e-01,-7.863935898058116436e-04,-2.287146635353565216e-03,4.686405009124428034e-04
2.995799303054809570e+00,5.587552070617675781e+00,2.596426248550415039e+00,9.999707341194152832e-01,-5.158738698810338974e-03,-1.361668226309120655e-03,-5.480167921632528305e-03
7.168993473052978516e+00,5.172151565551757812e+00,2.981266498565673828e+00,9.999887943267822266e-01,-2.029735594987869263e-03,3.760462859645485878e-04,4.264308139681816101e-03
2.675164937973022461e+00,2.124424129724502563e-01,9.932287037372589111e-02,9.999923706054687500e-01,-7.215118966996669769e-04,3.824293380603194237e-03,-4.180044343229383230e-04
3.669324159622192383e+00,8.339018225669860840e-01,8.849595785140991211e-01,9.999898672103881836e-01,-2.209189813584089279e-03,1.987448194995522499e-03,-3.375663422048091888e-03
9.322487711906433105e-01,1.732832789421081543e-01,3.904345273971557617e+00,9.999998807907104492e-01,5.222252802923321724e-04,2.159715804737061262e-04,1.772778196027502418e-04
5.361217498779296875e+00,1.616244912147521973e+00,4.122269630432128906e+00,9.999837875366210938e-01,8.406630950048565865e-04,2.556674415245652199e-03,5.026925355195999146e-03
1.950247645378112793e+00,5.132545232772827148e-01,6.965479373931884766e+00,9.999940991401672363e-01,1.064387732185423374e-03,3.277556272223591805e-03,-1.086933407350443304e-04
2.978097200393676758e+00,2.617040395736694336e+00,2.656610250473022461e+00,9.999985098838806152e-01,-1.297442591749131680e-03,-9.124242351390421391e-04,-7.558803772553801537e-04
2.704217195510864258e+00,3.288722276687622070e+00,6.133887767791748047e+00,9.999997019767761230e-01,4.092203380423597991e-05,3.195109893567860126e-04,-7.483841618523001671e-04
1.489114284515380859e+00,3.932276487350463867e+00,4.379993975162506104e-01,9.999980330467224121e-01,1.659601111896336079e-03,8.728778993827290833e-06,-1.136710285209119320e-03
1.492779850959777832e-01,4.740932464599609375e+00,1.780914783477783203e+00,9.999915361404418945e-01,1.996561768464744091e-04,1.573184155859053135e-03,-3.812896553426980972e-03
6.134425640106201172e+00,2.163409233093261719e+00,4.831223964691162109e+00,9.999830126762390137e-01,3.930401057004928589e-03,8.061625412665307522e-04,-4.229517187923192978e-03
3.205851554870605469e+00,1.828040719032287598e+00,4.421668529510498047e+00,9.999966025352478027e-01,-1.950301113538444042e-03,-1.653754501603543758e-03,5.597235867753624916e-04
3.115105152130126953e+00,1.952382683753967285e+00,6.219221115112304688e+00,9.999917745590209961e-01,7.460149354301393032e-04,-3.924052696675062180e-03,-7.728160126134753227e-04
1.025646209716796875e+00,1.520383238792419434e+00,3.485961675643920898e+00,9.999993443489074707e-01,-4.886029637418687344e-04,-1.087413402274250984e-03,-1.716113765724003315e-04
5.063831806182861328e+00,6.403945446014404297e+00,5.974302291870117188e+00,9.999972581863403320e-01,-9.830527706071734428e-04,7.891832501627504826e-04,2.004031091928482056e-03
4.302208423614501953e+00,3.732856988906860352e+00,1.922215104103088379e+00,9.997749924659729004e-01,-1.112133264541625977e-02,-4.407420754432678223e-03,-1.752072758972644806e-02
3.698156595230102539e+00,3.489768981933593750e+00,5.737595081329345703e+00,9.999177455902099609e-01,1.211227063322439790e-04,5.119685374666005373e-05,1.282829605042934418e-02
6.729808807373046875e+00,1.359676003456115723e+00,5.576086997985839844e+00,9.999998807907104492e-01,-5.427515716291964054e-04,1.163277847808785737e-04,7.093262684065848589e-05
5.627421855926513672e+00,4.065440654754638672e+00,3.209855318069458008e+00,9.999849200248718262e-01,5.917787784710526466e-04,-9.034182294271886349e-04,-5.390986800193786621e-03
5.473061561584472656e+00,5.604502677917480469e+00,1.379766583442687988e+00,9.999338388442993164e-01,8.398283272981643677e-03,1.942110247910022736e-03,-7.619070820510387421e-03
1.615346670150756836e+00,6.710431575775146484e-01,5.807144165039062500e+00,9.999368786811828613e-01,1.165672554634511471e-03,8.978092228062450886e-04,-1.114124804735183716e-02
3.192372798919677734e+00,2.209456562995910645e-01,9.405010938644409180e-01,9.999865293502807617e-01,2.641023602336645126e-03,1.654139137826859951e-03,4.160778131335973740e-03
1.104358196258544922e+00,4.142046928405761719e+00,3.224119663238525391e+00,9.999095201492309570e-01,-4.018762148916721344e-03,-5.873994901776313782e-03,1.141558587551116943e-02
1.988415598869323730e+00,3.426436901092529297e+00,3.948269844055175781e+00,9.999957084655761719e-01,-9.058204013854265213e-04,2.601526444777846336e-03,1.010917825624346733e-03
5.921311378479003906e+00,3.637076377868652344e+00,5.194511890411376953e+00,9.999988079071044922e-01,-1.498312805779278278e-03,-1.130198579630814493e-04,2.827835560310631990e-04
3.338823318481445312e+00,2.701481878757476807e-01,2.438519954681396484e+00,9.999745488166809082e-01,-5.864575970917940140e-03,-4.049176350235939026e-03,4.260165733285248280e-04
7.452495098114013672e+00,7.735214233398437500e-01,3.111169576644897461e+00,9.999993443489074707e-01,-4.049242998007684946e-04,-1.009208965115249157e-03,-3.934548876713961363e-04
3.862018108367919922e+00,1.489164948463439941e+00,1.857115268707275391e+00,9.999971389770507812e-01,-1.600325689651072025e-03,-1.420704182237386703e-03,-1.113556441850960255e-03
5.279155373573303223e-01,5.959574222564697266e+00,4.787539005279541016e+00,9.999993443489074707e-01,9.324945276603102684e-04,3.783259671763516963e-05,-7.526415283791720867e-04
7.207916259765625000e+00,9.129163622856140137e-01,6.519728183746337891e+00,9.999967813491821289e-01,-1.009316649287939072e-03,-2.344156848266720772e-03,-2.222785697085782886e-04
1.807615518569946289e+00,2.131641149520874023e+00,5.420190811157226562e+00,9.999988079071044922e-01,1.172445772681385279e-04,1.420819084160029888e-03,-5.667241639457643032e-04
5.510198116302490234e+00,4.351385116577148438e+00,5.785890579223632812e+00,9.999995827674865723e-01,-6.647784612141549587e-04,-8.266823715530335903e-05,7.153667393140494823e-04
3.139283657073974609e+00,7.138923645019531250e+00,3.545487403869628906e+00,9.999976158142089844e-01,-1.755209639668464661e-03,-1.305614132434129715e-03,3.324689168948680162e-04
3.979786872863769531e+00,2.958219289779663086e+00,6.034491539001464844e+00,9.999998807907104492e-01,1.593094202689826488e-04,-6.270109442993998528e-04,-2.767872047115815803e-06
3.245745897293090820e+00,6.434604644775390625e+00,3.160424947738647461e+00,9.999966621398925781e-01,-2.466348698362708092e-03,5.228740046732127666e-04,6.085392087697982788e-04
7.121989727020263672e-01,3.667115688323974609e+00,1.574484586715698242e+00,9.999897480010986328e-01,3.734144847840070724e-03,1.518984674476087093e-03,2.080275444313883781e-03
2.345572948455810547e+00,3.413891315460205078e+00,4.577733516693115234e+00,9.998596906661987305e-01,1.298280432820320129e-02,-1.444960071239620447e-04,-1.058820821344852448e-02
8.602551221847534180e-01,5.226111412048339844e-01,6.452224731445312500e+00,9.999989867210388184e-01,-9.255369077436625957e-04,-1.063469215296208858e-03,3.735251666512340307e-04
8.217880725860595703e-01,1.236534833908081055e+00,1.665054559707641602e+00,9.999971389770507812e-01,1.344308373518288136e-03,-1.812334405258297920e-03,-8.330942364409565926e-04
5.556888580322265625e+00,2.635291337966918945e+00,2.899107933044433594e+00,9.999996423721313477e-01,5.961885326541960239e-04,4.283939197193831205e-04,-5.222971085458993912e-04
5.188639640808105469e+00,4.827354431152343750e+00,6.463908195495605469e+00,9.999592900276184082e-01,8.645573630928993225e-03,-1.995097147300839424e-03,-1.641164300963282585e-03
3.780383825302124023e+00,7.355872631072998047e+00,6.123286247253417969e+00,9.999951720237731934e-01,-1.524010440334677696e-03,1.746392226777970791e-03,2.093052258715033531e-03
2.500314235687255859e+00,1.287936210632324219e+00,4.569912433624267578e+00,9.999975562095642090e-01,4.694610252045094967e-04,-2.200405113399028778e-03,6.907848728587850928e-05
2.697103977203369141e+00,5.010741233825683594e+00,7.050682067871093750e+00,9.999846816062927246e-01,-3.947340883314609528e-03,-3.636362263932824135e-03,1.411088160239160061e-03
4.379382610321044922e+00,1.737311363220214844e+00,1.246490001678466797e+00,9.999963641166687012e-01,-2.484681026544421911e-04,2.434110501781105995e-03,-1.155650708824396133e-03
5.126207351684570312e+00,3.315342366695404053e-01,2.808583974838256836e+00,9.999046921730041504e-01,2.140589989721775055e-03,2.584817353636026382e-03,1.339188683778047562e-02
2.186565399169921875e+00,8.308626413345336914e-01,1.573020219802856445e+00,9.999993443489074707e-01,-1.544538681628182530e-04,-6.390011403709650040e-04,-1.017267233692109585e-03
6.059585094451904297e+00,2.867434501647949219e+00,8.352786302566528320e-01,9.999976158142089844e-01,-9.038061252795159817e-04,-1.697985804639756680e-03,-1.090757432393729687e-03
4.419355869293212891e+00,9.967516660690307617e-01,5.882688999176025391e+00,9.999995827674865723e-01,-4.992752219550311565e-04,-5.790694849565625191e-04,6.206402322277426720e-04
4.387624263763427734e+00,6.685028076171875000e+00,6.214900016784667969e+00,9.999992847442626953e-01,-8.855043561197817326e-04,8.744189981371164322e-04,-2.821500856953207403e-05
3.108427762985229492e+00,3.999655246734619141e+00,3.490579128265380859e+00,9.999994635581970215e-01,8.020176755962893367e-05,-1.787124638212844729e-04,1.018469105474650860e-03
1.561033368110656738e+00,8.068695664405822754e-01,6.382946372032165527e-01,9.999986290931701660e-01,-1.158204162493348122e-03,9.747484000399708748e-04,-7.192096672952175140e-04
1.328790307044982910e+00,6.239280223846435547e+00,1.604100346565246582e+00,9.999835491180419922e-01,-1.612401101738214493e-03,-1.195356715470552444e-03,5.387371871620416641e-03
4.833274364471435547e+00,4.467219352722167969e+00,4.332879543304443359e+00,9.999863505363464355e-01,1.026648023980669677e-04,-7.740685832686722279e-04,5.174782592803239822e-03
1.787299633026123047e+00,2.815181732177734375e+00,4.944228649139404297e+00,9.999948740005493164e-01,-2.089211484417319298e-03,-4.056622565258294344e-04,-2.423544647172093391e-03
1.679909110069274902e+00,9.838855266571044922e-01,2.658014535903930664e+00,9.999992847442626953e-01,-2.853613405022770166e-04,-7.149344892241060734e-04,9.610394481569528580e-04
5.724220752716064453e+00,2.144611358642578125e+00,4.788006782531738281e+00,9.997264146804809570e-01,4.294476471841335297e-03,-3.260832512751221657e-03,2.276122756302356720e-02
4.124597072601318359e+00,6.915841102600097656e+00,5.912394046783447266e+00,9.999949336051940918e-01,-1.368771772831678391e-03,2.314660465344786644e-03,1.728457747958600521e-03
7.336966037750244141e+00,4.926227092742919922e+00,2.550510644912719727e+00,9.999994635581970215e-01,-7.038137991912662983e-04,-6.865607574582099915e-04,-3.154099686071276665e-04
5.585798740386962891e+00,3.350569009780883789e+00,7.462322711944580078e+00,9.999558329582214355e-01,3.911844920367002487e-03,8.026030845940113068e-03,-2.944455249235033989e-03
1.371573686599731445e+00,7.444345474243164062e+00,3.313513278961181641e+00,9.999548196792602539e-01,2.129347994923591614e-03,3.241621656343340874e-03,8.683918043971061707e-03
5.348021984100341797e+00,6.207471370697021484e+00,4.752792119979858398e-01,9.999404549598693848e-01,-1.394900144077837467e-03,5.432327277958393097e-03,-9.364722296595573425e-03
4.186654090881347656e+00,6.398104190826416016e+00,5.457451343536376953e+00,9.999986886978149414e-01,-4.513584426604211330e-04,-1.208193833008408546e-03,1.031042658723890781e-03
3.938781261444091797e+00,2.145556926727294922e+00,3.570128202438354492e+00,9.999973177909851074e-01,7.764815818518400192e-04,-7.022260106168687344e-04,2.098860917612910271e-03
1.454824209213256836e+00,4.281371593475341797e+00,5.800561428070068359e+00,9.999532699584960938e-01,8.497348753735423088e-04,-8.090221323072910309e-03,5.224714521318674088e-03
6.689457416534423828e+00,2.745838880538940430e+00,5.467266082763671875e+00,9.999760985374450684e-01,6.840748246759176254e-03,-1.039368798956274986e-03,3.962450864491984248e-05
5.539256095886230469e+00,5.682497501373291016e+00,6.777314841747283936e-02,9.998251795768737793e-01,2.470317704137414694e-04,1.806882955133914948e-02,-4.802396520972251892e-03
6.108902096748352051e-01,4.696959972381591797e+00,2.444272279739379883e+00,9.999318718910217285e-01,-9.811533614993095398e-03,6.331010255962610245e-03,-2.748883853200823069e-04
3.865638732910156250e+00,2.681562304496765137e-01,2.892798662185668945e+00,9.999980926513671875e-01,-1.865710946731269360e-03,6.067185313440859318e-04,3.928054356947541237e-04
4.336734771728515625e+00,4.573021411895751953e+00,2.204296588897705078e+00,9.997194409370422363e-01,1.181563176214694977e-02,9.034249233081936836e-04,-2.050996944308280945e-02
5.503767967224121094e+00,6.147721767425537109e+00,1.430416941642761230e+00,9.999929070472717285e-01,-1.341608003713190556e-03,-3.077123081311583519e-03,-1.704487367533147335e-03
3.886468887329101562e+00,8.858593106269836426e-01,2.574331760406494141e-01,9.999902844429016113e-01,3.642367199063301086e-03,-1.743480563163757324e-03,-1.802463433705270290e-03
3.996680498123168945e+00,6.643734931945800781e+00,2.108407318592071533e-01,9.999989271163940430e-01,9.834956144914031029e-04,-9.799903491511940956e-04,-4.742778837680816650e-04
3.259294033050537109e+00,4.027187347412109375e+00,3.593372106552124023e-01,9.999999403953552246e-01,6.345615474856458604e-06,3.401438561922986992e-06,-5.408774595707654953e-04
6.608584880828857422e+00,2.733979701995849609e+00,2.044073820114135742e+00,9.999945759773254395e-01,3.295516828075051308e-03,-6.005827890476211905e-05,2.985519240610301495e-04
4.833371162414550781e+00,2.429041624069213867e+00,6.443337440490722656e+00,9.999505281448364258e-01,-6.101818289607763290e-03,-7.835662923753261566e-03,-6.865897448733448982e-04
5.424321889877319336e-01,2.766919136047363281e+00,2.050497055053710938e+00,9.994560480117797852e-01,1.495399791747331619e-02,-1.214804034680128098e-02,-2.676821127533912659e-02
6.823285579681396484e+00,4.679377555847167969e+00,1.164063334465026855e+00,9.995433092117309570e-01,2.131685987114906311e-02,-8.782409131526947021e-03,-1.954042166471481323e-02
2.387079715728759766e+00,6.752305030822753906e+00,5.287910461425781250e+00,9.999897480010986328e-01,3.111737547442317009e-03,2.826434792950749397e-03,-1.711657154373824596e-03
5.840354442596435547e+00,2.131624221801757812e+00,1.044124245643615723e+00,9.996945261955261230e-01,2.147211320698261261e-02,-1.566753373481333256e-03,-1.213910803198814392e-02
1.723158121109008789e+00,7.031589984893798828e+00,2.120974779129028320e+00,9.999973773956298828e-01,-2.602383610792458057e-04,-2.280691871419548988e-03,-3.505304921418428421e-04
1.588442206382751465e+00,3.534154415130615234e+00,1.339941024780273438e-01,9.998905062675476074e-01,9.109079837799072266e-03,1.412390032783150673e-03,1.158098690211772919e-02
3.714719057083129883e+00,7.072553157806396484e+00,5.869928836822509766e+00,9.999992847442626953e-01,9.306271676905453205e-04,-4.590336466208100319e-04,6.954587297514081001e-04
3.404453277587890625e+00,7.324094295501708984e+00,3.094544410705566406e+00,9.999975562095642090e-01,-1.929995138198137283e-03,-5.395554471760988235e-04,1.017290400341153145e-03
2.469317913055419922e+00,8.350141644477844238e-01,1.852849960327148438e+00,9.999985098838806152e-01,-5.748815601691603661e-04,-8.304142829729244113e-05,-1.667263917624950409e-03
2.287200689315795898e+00,1.271939277648925781e+00,1.680765450000762939e-01,9.999977946281433105e-01,1.784743624739348888e-03,1.118429354391992092e-03,9.880729521682951599e-06
1.674628615379333496e+00,4.974964618682861328e+00,5.435767650604248047e+00,9.999036788940429688e-01,-1.381828263401985168e-02,1.258014817722141743e-03,-4.176343209110200405e-04
1.897449970245361328e+00,7.168664455413818359e+00,7.299784660339355469e+00,9.999983310699462891e-01,-1.230674679391086102e-03,9.131915285252034664e-04,-1.065681921318173409e-03
3.288351058959960938e+00,2.271346569061279297e+00,4.939723968505859375e+00,9.997627735137939453e-01,1.863899407908320427e-03,1.503467746078968048e-02,-1.565175317227840424e-02
3.682241678237915039e+00,1.583245038986206055e+00,3.754579544067382812e+00,9.999976158142089844e-01,-1.815647701732814312e-04,-2.196251647546887398e-03,-1.452481374144554138e-04
3.555012702941894531e+00,7.047287464141845703e+00,6.934796333312988281e+00,9.999957680702209473e-01,-1.564618549309670925e-03,-2.113748341798782349e-03,-1.296716392971575260e-03
4.453119933605194092e-01,1.244324326515197754e+00,2.009418487548828125e+00,9.999927282333374023e-01,1.462693559005856514e-03,-2.266003517434000969e-03,2.706266706809401512e-03
5.120028972625732422e+00,4.117287635803222656e+00,3.673854351043701172e+00,9.999871253967285156e-01,1.086107920855283737e-03,1.911215134896337986e-03,4.593234974890947342e-03
7.270517826080322266e+00,4.284734249114990234e+00,2.445730447769165039e+00,9.999992251396179199e-01,-3.582553181331604719e-04,8.710941183380782604e-04,7.914833840914070606e-04
5.204665660858154297e+00,9.115881919860839844e-01,6.972625255584716797e+00,9.999998807907104492e-01,-1.628133759368211031e-04,3.415817045606672764e-04,4.747987550217658281e-04
6.463518619537353516e+00,1.726103901863098145e+00,4.471361160278320312e+00,9.999808073043823242e-01,-6.167312385514378548e-04,4.546421580016613007e-03,4.172665532678365707e-03
1.760302186012268066e+00,1.996664285659790039e+00,6.795889377593994141e+00,9.999339580535888672e-01,-1.853449619375169277e-03,1.130473334342241287e-02,9.394263615831732750e-04
4.800679683685302734e+00,3.834146738052368164e+00,5.263403892517089844e+00,9.999946355819702148e-01,3.187278751283884048e-03,-7.768748328089714050e-04,2.542907313909381628e-04
5.103303909301757812e+00,5.801972389221191406e+00,6.385057926177978516e+00,9.999815225601196289e-01,-4.760875366628170013e-03,6.372963543981313705e-04,-3.737348364666104317e-03
3.050413846969604492e+00,2.985069751739501953e+00,2.089076042175292969e+00,9.999892115592956543e-01,-4.062633030116558075e-03,-2.264540642499923706e-03,1.180484196083853021e-05
5.485703468322753906e+00,5.718440532684326172e+00,6.785552978515625000e+00,9.999973773956298828e-01,1.582304714247584343e-03,6.913454271852970123e-04,1.549441134557127953e-03
7.316542625427246094e+00,7.419713139533996582e-01,4.550626128911972046e-02,9.999906420707702637e-01,1.213478273712098598e-03,2.269102260470390320e-03,-3.488853108137845993e-03
3.212855339050292969e+00,5.342530250549316406e+00,1.350452542304992676e+00,9.999925494194030762e-01,2.621103776618838310e-03,-2.759370021522045135e-03,-5.857922951690852642e-04
4.485085487365722656e+00,6.026273250579833984e+00,6.788028478622436523e-01,9.999985098838806152e-01,2.454367640893906355e-04,-3.731137549038976431e-04,1.721983077004551888e-03
1.420863747596740723e+00,1.272080898284912109e+00,7.379678249359130859e+00,9.999969601631164551e-01,1.791069051250815392e-03,1.729520969092845917e-03,-1.149161835201084614e-05
5.653015613555908203e+00,3.001257896423339844e+00,5.798869609832763672e+00,9.999995827674865723e-01,5.735705490224063396e-04,-6.376415258273482323e-04,3.076907305512577295e-04
4.586959838867187500e+00,1.621834158897399902e+00,6.872775077819824219e+00,9.999997019767761230e-01,-3.797234094236046076e-04,-6.954687414690852165e-04,3.586231614463031292e-04
4.995049953460693359e+00,5.988237857818603516e+00,2.653266429901123047e+00,9.999974966049194336e-01,2.049686620011925697e-03,9.812426287680864334e-04,1.166663350886665285e-04
1.143353700637817383e+00,5.748088836669921875e+00,8.742625713348388672e-01,9.999319911003112793e-01,-8.286978118121623993e-03,8.008560165762901306e-03,1.831662375479936600e-03
6.859892845153808594e+00,3.366737842559814453e+00,2.645968914031982422e+00,9.996370077133178711e-01,2.306150458753108978e-02,1.377007830888032913e-02,-2.118321368470788002e-03
3.809841632843017578e+00,2.933679580688476562e+00,7.069843411445617676e-01,9.999842643737792969e-01,3.979519940912723541e-03,3.239575773477554321e-03,2.302510198205709457e-03
4.805903911590576172e+00,5.367231369018554688e+00,3.002991676330566406e+00,9.997356534004211426e-01,-8.914241567254066467e-03,1.171710249036550522e-02,-1.766388304531574249e-02
5.675086021423339844e+00,1.565870523452758789e+00,1.072678208351135254e+00,9.999990463256835938e-01,-9.707843419164419174e-04,-7.232785574160516262e-04,-7.043009391054511070e-04
3.980487585067749023e+00,7.213288784027099609e+00,4.717306613922119141e+00,9.999998807907104492e-01,-2.121594734489917755e-04,-4.652230418287217617e-04,-1.426978706149384379e-04
5.844896316528320312e+00,5.232136845588684082e-01,2.002214670181274414e+00,9.999991059303283691e-01,4.303051537135615945e-05,-1.161657040938735008e-03,6.941887550055980682e-04
2.162110805511474609e+00,8.717224597930908203e-01,6.160305023193359375e+00,9.999895691871643066e-01,-3.653569612652063370e-03,1.658665714785456657e-03,-2.196576679125428200e-03
4.185274124145507812e+00,3.259228229522705078e+00,4.427378654479980469e+00,9.999930858612060547e-01,-1.267519779503345490e-03,1.770782546373084188e-04,3.503678366541862488e-03
6.328947544097900391e+00,4.285556793212890625e+00,6.225412368774414062e+00,9.999998807907104492e-01,3.971727346652187407e-05,2.530372876208275557e-04,-4.825697978958487511e-04
4.679346561431884766e+00,4.015085220336914062e+00,1.545876741409301758e+00,9.999990463256835938e-01,-1.812235859688371420e-04,-7.394801359623670578e-04,1.192073803395032883e-03
1.815599203109741211e+00,4.711407661437988281e+00,6.236841678619384766e+00,9.999487400054931641e-01,9.507301263511180878e-03,3.385710529983043671e-03,8.750844281166791916e-04
4.348424911499023438e+00,9.347354173660278320e-01,7.416180133819580078e+00,9.999994635581970215e-01,-9.593290742486715317e-04,-1.748195354593917727e-04,5.181658198125660419e-04
1.541616171598434448e-01,1.673071622848510742e+00,4.117646694183349609e+00,9.999931454658508301e-01,-7.873306749388575554e-04,-3.629279555752873421e-03,-9.432936349185183644e-05
6.128349781036376953e+00,4.920811176300048828e+00,1.693316459655761719e+00,9.999885559082031250e-01,-3.879689611494541168e-04,3.988139331340789795e-03,-2.642593113705515862e-03
3.712514400482177734e+00,3.084289312362670898e+00,2.928328990936279297e+00,9.999775886535644531e-01,5.945020355284214020e-03,1.132667821366339922e-04,3.074189182370901108e-03
2.323756694793701172e+00,6.479038596153259277e-01,6.348900794982910156e+00,9.998868703842163086e-01,1.442929450422525406e-02,1.252488815225660801e-03,4.080309998244047165e-03
6.497485160827636719e+00,2.385631322860717773e+00,7.141737461090087891e+00,9.999977946281433105e-01,1.045946410158649087e-04,1.811473339330404997e-04,-2.115826820954680443e-03
3.434663534164428711e+00,1.493039727210998535e+00,2.896760463714599609e+00,9.999943971633911133e-01,5.532809300348162651e-04,2.689335728064179420e-03,-1.945128431543707848e-03
6.365908145904541016e+00,8.107563257217407227e-01,2.379999160766601562e+00,9.999969601631164551e-01,-2.058906102320179343e-04,2.418208867311477661e-03,-4.132296890020370483e-04
4.465921819210052490e-01,1.122909665107727051e+00,4.392413616180419922e+00,9.999991059303283691e-01,4.278899286873638630e-04,1.297443872317671776e-03,-1.156477519543841481e-04
6.885681152343750000e+00,4.221489906311035156e+00,5.963057518005371094e+00,9.999989271163940430e-01,-6.101486724219284952e-05,1.216424163430929184e-03,8.918641251511871815e-04
4.902639389038085938e+00,2.384229898452758789e-01,1.141643285751342773e+00,9.999637603759765625e-01,6.283186376094818115e-03,3.637403715401887894e-03,-4.461092874407768250e-03
3.319228887557983398e-01,3.781335115432739258e+00,1.472518324851989746e+00,9.998970031738281250e-01,5.696573294699192047e-03,-1.113457418978214264e-02,7.044248282909393311e-03
4.436790645122528076e-01,3.991430521011352539e+00,4.694980621337890625e+00,9.999980330467224121e-01,1.856102462625131011e-04,-1.194083248265087605e-03,-1.624100143089890480e-03
7.170316219329833984e+00,5.324738502502441406e+00,3.886873722076416016e+00,9.999845027923583984e-01,-6.970950053073465824e-04,3.731889184564352036e-03,4.083559382706880569e-03
5.577704429626464844e+00,3.495851993560791016e+00,6.755105972290039062e+00,9.999271631240844727e-01,-1.038057357072830200e-02,4.199974704533815384e-03,4.516203887760639191e-03
5.379079341888427734e+00,6.461585760116577148e-01,2.364310026168823242e+00,9.999506473541259766e-01,-6.911459844559431076e-03,7.130438461899757385e-03,2.023485576501116157e-04
7.234658241271972656e+00,6.337449073791503906e+00,6.563413143157958984e+00,9.999712705612182617e-01,-2.620667917653918266e-03,1.360402326099574566e-03,-6.978659424930810928e-03
7.378628730773925781e+00,3.991936922073364258e+00,1.472083330154418945e+00,9.999991655349731445e-01,7.512532174587249756e-04,1.049462007358670235e-03,-3.956747241318225861e-04
6.064984798431396484e+00,5.492401123046875000e+00,4.354287624359130859e+00,9.999843835830688477e-01,5.085302982479333878e-03,-1.292091212235391140e-03,1.943781739100813866e-03
1.084628701210021973e+00,4.642381191253662109e+00,3.459866523742675781e+00,9.999930858612060547e-01,8.255688007920980453e-04,-2.113424241542816162e-03,-2.973032416775822639e-03
6.070701122283935547e+00,5.455771446228027344e+00,6.684803009033203125e+00,9.999881982803344727e-01,9.906290797516703606e-04,1.750334398820996284e-03,-4.443028941750526428e-03
5.805724143981933594e+00,2.031789302825927734e+00,2.421762704849243164e+00,9.999722242355346680e-01,-2.530569676309823990e-03,-6.716391537338495255e-03,-2.039803424850106239e-03
2.549333810806274414e+00,4.014895915985107422e+00,1.485746145248413086e+00,9.999971389770507812e-01,1.064637675881385803e-03,1.787926186807453632e-03,-1.201844541355967522e-03
3.920065164566040039e+00,6.699287414550781250e+00,7.307116985321044922e+00,9.999378323554992676e-01,-4.380205646157264709e-03,9.159574285149574280e-03,4.604160785675048828e-03
4.098810672760009766e+00,1.873273961246013641e-02,7.040931224822998047e+00,9.999997615814208984e-01,-7.269040797837078571e-04,-6.706607564410660416e-06,1.221301499754190445e-04
7.457488059997558594e+00,8.414465188980102539e-02,4.929214000701904297e+00,9.998627305030822754e-01,1.555739622563123703e-02,3.417824162170290947e-03,4.564683418720960617e-03
5.080700397491455078e+00,7.025774955749511719e+00,6.236807823181152344e+00,9.999994635581970215e-01,7.011973648332059383e-04,-1.925307296914979815e-04,7.930553401820361614e-04
1.398522257804870605e+00,6.993748664855957031e+00,5.707089900970458984e+00,9.999981522560119629e-01,-1.226365799084305763e-03,-5.919352988712489605e-04,-1.418676227331161499e-03
6.659612178802490234e+00,6.823663711547851562e+00,2.171973705291748047e+00,9.999992251396179199e-01,9.424335439689457417e-04,-5.233347183093428612e-04,-6.925088237039744854e-04
1.122662663459777832e+00,1.568458437919616699e+00,2.796011686325073242e+00,9.999999403953552246e-01,-4.464007506612688303e-04,-7.975534390425309539e-05,2.466836303938180208e-04
3.789778470993041992e+00,5.748168468475341797e+00,4.531197547912597656e+00,9.998454451560974121e-01,-1.335458550602197647e-02,1.390420482493937016e-03,-1.135417632758617401e-02
4.392673015594482422e+00,1.033810138702392578e+00,6.349238395690917969e+00,9.999985098838806152e-01,4.989464068785309792e-04,1.588377752341330051e-03,6.057684659026563168e-04
2.483061552047729492e+00,5.211056709289550781e+00,1.361277513206005096e-02,9.999945163726806641e-01,2.454516245052218437e-03,-1.638798159547150135e-03,1.550351385958492756e-03
6.850975990295410156e+00,5.222142219543457031e+00,4.039127349853515625e+00,9.999994039535522461e-01,-1.110621262341737747e-03,3.776627418119460344e-04,-8.086674642981961370e-05
1.705550670623779297e+00,1.213374733924865723e+00,6.005450248718261719e+00,9.999956488609313965e-01,-2.384966937825083733e-04,-2.674696501344442368e-03,1.275953953154385090e-03
1.285986185073852539e+00,2.140808343887329102e+00,4.782523155212402344e+00,9.999944567680358887e-01,2.333742100745439529e-03,1.004810401354916394e-04,2.390517853200435638e-03
7.468844413757324219e+00,4.302048206329345703e+00,2.162292957305908203e+00,9.999981522560119629e-01,4.409232351463288069e-04,-1.773681025952100754e-03,6.542167393490672112e-04
6.243343830108642578e+00,2.226797342300415039e+00,5.581353664398193359e+00,9.999989271163940430e-01,8.691624389030039310e-04,1.667604192334692925e-05,-1.217796467244625092e-03
3.805763959884643555e+00,6.816317081451416016e+00,2.304753780364990234e+00,9.999554753303527832e-01,3.659563604742288589e-03,4.864651127718389034e-04,8.687362074851989746e-03
7.464901924133300781e+00,6.286271095275878906e+00,8.203184604644775391e-01,9.999992847442626953e-01,5.213860422372817993e-04,1.010081148706376553e-03,-3.744259011000394821e-04
4.746701717376708984e+00,1.093240022659301758e+00,2.175060749053955078e+00,9.999423027038574219e-01,2.692941110581159592e-03,-5.473439116030931473e-03,-8.845452219247817993e-03
5.217134952545166016e+00,7.262987136840820312e+00,3.296399116516113281e+00,9.999895691871643066e-01,-1.077810884453356266e-04,1.741952844895422459e-03,4.239663016051054001e-03
4.989879131317138672e+00,1.604881286621093750e+00,4.657464504241943359e+00,9.999852776527404785e-01,3.659292822703719139e-03,2.688684733584523201e-03,3.001783275976777077e-03
5.415887832641601562e+00,2.450717210769653320e+00,1.791874885559082031e+00,9.999992251396179199e-01,1.866387901827692986e-04,-1.263807993382215500e-03,-3.038013819605112076e-04
6.933606147766113281e+00,6.253939151763916016e+00,3.497369527816772461e+00,9.999999403953552246e-01,4.789307422470301390e-04,6.952393596293404698e-05,5.980823698337189853e-05
2.723622083663940430e+00,1.175736427307128906e+00,3.499370813369750977e+00,9.998688101768493652e-01,1.350486371666193008e-02,-1.917001209221780300e-03,-8.741006255149841309e-03
6.927819252014160156e+00,4.076694488525390625e+00,3.595879316329956055e+00,9.999988079071044922e-01,-5.912318592891097069e-04,-1.346802804619073868e-03,-5.727625102736055851e-04
5.031367540359497070e-01,4.319514751434326172e+00,3.829336404800415039e+00,9.999986290931701660e-01,1.656565465964376926e-03,1.229195186169818044e-04,4.073006857652217150e-04
4.070589065551757812e+00,4.927597045898437500e+00,5.618228912353515625e+00,9.999984502792358398e-01,8.034377824515104294e-04,1.596171525306999683e-03,-2.499686961527913809e-04
3.005364418029785156e+00,5.963640213012695312e-01,1.082814931869506836e+00,9.999557733535766602e-01,7.342313416302204132e-03,3.178405575454235077e-03,4.954111296683549881e-03
4.431507110595703125e+00,3.128708600997924805e+00,6.584139347076416016e+00,9.999992847442626953e-01,-7.107591954991221428e-04,7.598377414979040623e-04,-6.248427089303731918e-04
4.940134525299072266e+00,2.275156259536743164e+00,1.148658633232116699e+00,9.999974966049194336e-01,1.606742502190172672e-03,-7.414325373247265816e-04,-1.408155076205730438e-03
2.381091594696044922e+00,1.347167015075683594e+00,5.921949863433837891e+00,9.999847412109375000e-01,-4.909667186439037323e-03,2.415545750409364700e-03,8.302941569127142429e-04
2.435992717742919922e+00,3.093177795410156250e+00,7.151754379272460938e+00,9.999981522560119629e-01,1.964359078556299210e-03,5.247586614132160321e-06,4.580272070597857237e-05
5.916197299957275391e+00,6.238418221473693848e-01,5.235429286956787109e+00,9.999982714653015137e-01,-1.379644963890314102e-03,-1.197502249851822853e-03,-3.472108219284564257e-04
1.308253049850463867e+00,5.451595306396484375e+00,4.591608047485351562e+00,9.999321103096008301e-01,3.014610148966312408e-03,8.447739295661449432e-03,7.444179151207208633e-03
1.702011525630950928e-01,6.472239494323730469e+00,5.469161510467529297e+00,9.999991655349731445e-01,1.146007096394896507e-03,-2.681197074707597494e-04,-6.686154520139098167e-04
2.757137775421142578e+00,4.349608123302459717e-01,6.410889625549316406e+00,9.999988675117492676e-01,-6.483080796897411346e-04,1.181556726805865765e-04,1.413796911947429180e-03
4.494389533996582031e+00,1.327256441116333008e+00,2.868590354919433594e+00,9.999922513961791992e-01,-9.396102541359141469e-05,-3.939641639590263367e-03,-1.927961711771786213e-04
5.674640178680419922e+00,4.382365703582763672e+00,2.790052652359008789e+00,9.999971389770507812e-01,-1.509078196249902248e-03,-1.805324456654489040e-03,-5.314322770573198795e-04
2.041588783264160156e+00,1.330039501190185547e+00,3.978386878967285156e+00,9.999665617942810059e-01,-6.312875077128410339e-03,-5.156453233212232590e-03,7.862700149416923523e-04
2.218610048294067383e+00,7.388238430023193359e+00,2.719126939773559570e+00,9.999564290046691895e-01,-9.048364590853452682e-04,5.945317912846803665e-03,-7.151207420974969864e-03
6.389545202255249023e-01,1.477210640907287598e+00,2.672867298126220703e+00,9.999983310699462891e-01,-1.378194079734385014e-03,-4.168961022514849901e-04,1.154144294559955597e-03
1.517249822616577148e+00,5.029373168945312500e+00,2.066492795944213867e+00,9.999988675117492676e-01,-4.081346269231289625e-04,-7.008836255408823490e-04,-1.334367669187486172e-03
7.077650070190429688e+00,6.608584403991699219e+00,5.437178611755371094e+00,9.999490976333618164e-01,8.903449634090065956e-04,7.471338380128145218e-03,-6.723951548337936401e-03
2.017519950866699219e+00,6.019827365875244141e+00,3.723187685012817383e+00,9.999980926513671875e-01,-1.076245680451393127e-03,1.091158599592745304e-03,1.252413727343082428e-03
1.463488101959228516e+00,5.084033012390136719e-01,7.097325801849365234e+00,9.999949932098388672e-01,2.706154482439160347e-03,-6.773461936973035336e-04,1.513887313194572926e-03
1.763080835342407227e+00,4.711426258087158203e+00,5.111501216888427734e+00,9.999993443489074707e-01,3.109192184638231993e-04,5.354859167709946632e-04,-9.989222744479775429e-04
6.863165378570556641e+00,6.686176776885986328e+00,1.690027117729187012e+00,9.999930858612060547e-01,-4.014884179923683405e-04,-2.995619142893701792e-04,-3.698102198541164398e-03
4.219382762908935547e+00,1.916286587715148926e+00,6.962490081787109375e+00,9.999945759773254395e-01,-1.332930522039532661e-03,1.313966116867959499e-03,-2.729032887145876884e-03
1.159060979261994362e-03,7.159499526023864746e-01,3.529673814773559570e+00,9.999582767486572266e-01,-6.137466989457607269e-03,-6.183148361742496490e-03,2.767889061942696571e-03
6.081584453582763672e+00,5.015971660614013672e+00,7.460367679595947266e+00,9.999542832374572754e-01,2.217870205640792847e-03,-2.502735005691647530e-03,-8.968455716967582703e-03
3.079396486282348633e+00,7.047518253326416016e+00,2.602603673934936523e+00,9.999992847442626953e-01,4.399005847517400980e-04,1.138781663030385971e-03,-1.243385922862216830e-04
6.119975090026855469e+00,5.664604663848876953e+00,3.257561206817626953e+00,9.999830126762390137e-01,-4.448866471648216248e-03,-2.481705996615346521e-05,3.760208841413259506e-03
6.396937370300292969e+00,3.612185716629028320e+00,5.072108268737792969e+00,9.999998807907104492e-01,-1.734530669637024403e-04,-1.980067609110847116e-04,4.831228870898485184e-04
7.466985702514648438e+00,2.067569792270660400e-01,6.812054157257080078e+00,9.999880790710449219e-01,4.888243041932582855e-03,-1.637118839425966144e-04,-3.156758903060108423e-04
8.680980205535888672e-01,2.436501026153564453e+00,6.300668716430664062e+00,9.999985098838806152e-01,-1.356743741780519485e-03,-5.481794942170381546e-04,9.744809940457344055e-04
1.547270536422729492e+00,3.179476499557495117e+00,6.946844577789306641e+00,9.999017119407653809e-01,-3.622122574597597122e-03,1.284999400377273560e-02,-4.281672649085521698e-03
5.492844104766845703e+00,4.442367255687713623e-01,5.764266848564147949e-01,9.999992847442626953e-01,2.085507876472547650e-04,-1.202589133754372597e-03,-2.669025525392498821e-05
4.636507987976074219e+00,5.237434387207031250e+00,5.802853703498840332e-01,9.999996423721313477e-01,4.316839331295341253e-04,4.569893935695290565e-04,-6.693351315334439278e-04
5.188294887542724609e+00,7.169116020202636719e+00,1.040874361991882324e+00,9.999993443489074707e-01,-1.554493501316756010e-04,9.978666203096508980e-04,-5.037300870753824711e-04
9.566680192947387695e-01,7.480915069580078125e+00,5.183595180511474609e+00,9.999982118606567383e-01,9.100624592974781990e-04,1.260268385522067547e-03,-1.067628385499119759e-03
2.762377500534057617e+00,1.627829432487487793e+00,5.405554294586181641e+00,9.999995231628417969e-01,-7.767116185277700424e-04,-6.883811438456177711e-04,1.445565721951425076e-04
5.324314832687377930e-01,3.973061084747314453e+00,5.928363323211669922e+00,9.999970793724060059e-01,2.223884453997015953e-03,4.455203888937830925e-04,-9.065125486813485622e-04
3.767279148101806641e+00,5.225809574127197266e+00,1.304170846939086914e+00,9.999987483024597168e-01,1.151069882325828075e-03,8.455350762233138084e-04,7.349470979534089565e-04
5.581244468688964844e+00,1.152664184570312500e+00,2.199653625488281250e+00,9.999591112136840820e-01,-2.027739770710468292e-03,1.501601509517058730e-04,8.814963512122631073e-03
5.756028652191162109e+00,9.155489206314086914e-01,6.238943099975585938e+00,9.999975562095642090e-01,1.960129244253039360e-03,-6.205576937645673752e-04,-8.803638629615306854e-04
6.160395622253417969e+00,1.845841169357299805e+00,1.346210002899169922e+00,9.999993443489074707e-01,-1.575197093188762665e-04,1.038561458699405193e-03,-4.486053076107054949e-04
2.276295423507690430e+00,3.625553131103515625e+00,5.684738159179687500e+00,9.999990463256835938e-01,1.021507850964553654e-04,-4.315018595661967993e-04,1.368469092994928360e-03
2.272755384445190430e+00,1.429099202156066895e+00,7.026927471160888672e+00,9.998919367790222168e-01,1.029854267835617065e-02,1.023980509489774704e-02,-2.289602300152182579e-03
6.271114945411682129e-02,3.452456235885620117e+00,3.853628635406494141e+00,9.999980926513671875e-01,6.773667410016059875e-04,5.366824916563928127e-04,-1.794837531633675098e-03
2.858541250228881836e+00,7.890444248914718628e-02,5.417379856109619141e+00,9.997829794883728027e-01,-6.264404859393835068e-03,1.674805954098701477e-02,-1.069662161171436310e-02
1.145115256309509277e+00,6.775468349456787109e+00,1.777043700218200684e+00,9.999980330467224121e-01,-4.929215356241911650e-05,-1.428413903340697289e-03,1.428933348506689072e-03
2.436116933822631836e+00,5.120499610900878906e+00,6.812691092491149902e-01,9.999941587448120117e-01,-1.450864365324378014e-03,2.404052065685391426e-03,1.990632154047489166e-03
1.270400285720825195e+00,5.903732776641845703e+00,2.785154819488525391e+00,9.999964833259582520e-01,1.216007047332823277e-03,2.264202106744050980e-03,-7.288818014785647392e-04
3.566557645797729492e+00,5.299387454986572266e+00,4.874639987945556641e+00,9.999136328697204590e-01,-8.664684370160102844e-03,9.394150227308273315e-03,3.085663774982094765e-03
5.397251248359680176e-01,3.619860887527465820e+00,5.506296157836914062e+00,9.999452829360961914e-01,6.453894544392824173e-03,6.224286276847124100e-03,5.389065481722354889e-03
3.388280868530273438e+00,3.855310082435607910e-01,3.189583301544189453e+00,9.999939799308776855e-01,-2.683820901438593864e-03,-6.675450276816263795e-05,-2.228867029771208763e-03
3.840403556823730469e-01,4.828412532806396484e+00,4.778126239776611328e+00,9.997583031654357910e-01,-9.214362129569053650e-03,-3.914080094546079636e-03,-1.957299001514911652e-02
5.378230094909667969e+00,3.027690887451171875e+00,3.783768892288208008e+00,9.999994039535522461e-01,7.941075455164536834e-05,-7.416576845571398735e-04,-8.654763805679976940e-04
6.093603610992431641e+00,7.154849052429199219e+00,5.216186046600341797e+00,9.999608993530273438e-01,-2.119217766448855400e-03,-4.562765825539827347e-03,7.280431222170591354e-03
2.298331499099731445e+00,6.829752922058105469e+00,6.034887313842773438e+00,9.999994635581970215e-01,4.276945765013806522e-05,1.038196845911443233e-03,-2.639875747263431549e-04
1.971662878990173340e+00,1.466381847858428955e-01,2.644619464874267578e+00,9.999983310699462891e-01,6.001969450153410435e-04,-1.089718571165576577e-04,-1.751934294588863850e-03
1.877509832382202148e+00,3.266081094741821289e+00,7.544997930526733398e-01,9.999966621398925781e-01,1.633193896850571036e-04,-9.068141662282869220e-05,2.604596316814422607e-03
2.167335271835327148e+00,1.632767319679260254e+00,9.808862209320068359e-01,9.999979734420776367e-01,-1.706314738839864731e-03,1.036168891005218029e-03,3.968581149820238352e-04
2.918354034423828125e+00,9.905759096145629883e-01,6.971009731292724609e+00,9.999065399169921875e-01,7.884438149631023407e-03,9.580703452229499817e-03,5.756161175668239594e-03
2.523331880569458008e+00,1.072246432304382324e+00,3.273026466369628906e+00,9.998551607131958008e-01,1.293256971985101700e-02,4.726371727883815765e-03,-1.000711880624294281e-02
6.641132354736328125e+00,1.290033698081970215e+00,6.033023834228515625e+00,9.998843073844909668e-01,1.174220163375139236e-02,-7.268312387168407440e-03,-6.377414334565401077e-03
3.154918432235717773e+00,3.435507535934448242e+00,7.288153648376464844e+00,9.995790719985961914e-01,-2.084662765264511108e-02,-1.649100886425003409e-04,-2.017947100102901459e-02
2.575286626815795898e+00,7.034996986389160156e+00,2.180167913436889648e+00,9.999986886978149414e-01,1.281836652196943760e-03,9.918994037434458733e-04,-2.230192039860412478e-04
1.136458516120910645e+00,1.666986823081970215e+00,8.179810643196105957e-01,9.999937415122985840e-01,2.857458544895052910e-03,2.038007834926247597e-03,4.268422781024128199e-04
1.978671193122863770e+00,4.162703037261962891e+00,2.453195095062255859e+00,9.999961256980895996e-01,-1.988708274438977242e-03,-1.710089505650103092e-03,9.761120891198515892e-04
4.152326583862304688e+00,8.218356370925903320e-01,5.521825313568115234e+00,9.999999403953552246e-01,-3.400086716283112764e-04,-3.799741971306502819e-04,-6.672576273558661342e-05
6.790314197540283203e+00,9.562109708786010742e-01,2.459510326385498047e+00,9.999987483024597168e-01,-9.538780432194471359e-04,-1.225936110131442547e-03,3.634732274804264307e-04
8.623749017715454102e-01,4.299890518188476562e+00,1.108943462371826172e+00,9.999980330467224121e-01,-1.899404334835708141e-03,-6.552464910782873631e-04,8.466639701509848237e-05
7.250192165374755859e+00,5.313300609588623047e+00,5.866857051849365234e+00,9.999988079071044922e-01,-7.298524724319577217e-04,1.171837444417178631e-03,7.745391339994966984e-04
5.111181735992431641e-01,2.398359775543212891e+00,3.082288503646850586e+00,1.000000000000000000e+00,6.205392128322273493e-05,2.587490889709442854e-04,2.182593889301642776e-04
3.657285213470458984e+00,4.053227603435516357e-01,6.772354602813720703e+00,9.999998211860656738e-01,-5.386398406699299812e-04,-3.480823070276528597e-04,1.290577638428658247e-04
4.133513927459716797e+00,5.633335113525390625e+00,6.516601562500000000e+00,9.999991655349731445e-01,3.595664747990667820e-04,-7.359561859630048275e-04,1.076392363756895065e-03
5.395737171173095703e+00,3.194355964660644531e+00,6.654269695281982422e+00,9.999841451644897461e-01,-3.477897262200713158e-03,-2.277211286127567291e-03,3.801893675699830055e-03
6.213940620422363281e+00,3.599224090576171875e+00,5.946928501129150391e+00,9.999968409538269043e-01,-2.227633958682417870e-03,1.214529038406908512e-03,-1.574022317072376609e-04
7.454935908317565918e-01,5.494940757751464844e+00,2.122475624084472656e+00,9.999987483024597168e-01,-1.752055395627394319e-04,1.131412805989384651e-03,-1.138032530434429646e-03
5.325732707977294922e+00,1.259903311729431152e+00,2.490323543548583984e+00,9.999808073043823242e-01,4.684052430093288422e-03,-3.901808056980371475e-03,-1.118245301768183708e-03
3.485507965087890625e+00,7.436604022979736328e+00,3.996798753738403320e+00,9.999997019767761230e-01,-7.221614941954612732e-04,-2.782071242108941078e-04,-2.756779431365430355e-04
3.415464758872985840e-01,6.492147445678710938e+00,3.061913967132568359e+00,9.999997019767761230e-01,-3.879293217323720455e-04,-5.637683789245784283e-04,-4.660554113797843456e-04
7.250502109527587891e+00,7.047877788543701172e+00,6.940285205841064453e+00,9.999998807907104492e-01,-8.073332719504833221e-05,-6.331912591122090816e-04,-1.071421283995732665e-04
3.466385230422019958e-02,4.263488292694091797e+00,7.226617813110351562e+00,9.999992847442626953e-01,-1.782961189746856689e-04,-1.248760032467544079e-03,1.736308331601321697e-05
3.858305692672729492e+00,3.792631626129150391e+00,5.335797309875488281e+00,9.999886155128479004e-01,1.025164267048239708e-03,4.200794734060764313e-03,2.056553261354565620e-03
5.475744247436523438e+00,5.915501594543457031e+00,5.223988056182861328e+00,9.999976754188537598e-01,-3.201507788617163897e-04,2.038202248513698578e-03,6.061148014850914478e-04
1.932324767112731934e+00,6.973541259765625000e+00,2.963596820831298828e+00,9.999958276748657227e-01,-2.737355418503284454e-03,9.749338496476411819e-04,-2.391248417552560568e-04
4.735025882720947266e+00,5.477007865905761719e+00,6.333576202392578125e+00,9.999986290931701660e-01,1.359776826575398445e-03,-6.330271717160940170e-04,-6.926050991751253605e-04
3.724008560180664062e+00,2.217284202575683594e+00,2.931733727455139160e-01,9.999514818191528320e-01,9.473731741309165955e-03,-1.615099259652197361e-03,2.155977068468928337e-03
6.986963748931884766e+00,3.731610298156738281e+00,3.475790023803710938e+00,9.999998807907104492e-01,-6.856443360447883606e-05,-4.803220217581838369e-04,1.549800508655607700e-04
6.063385009765625000e+00,9.573664069175720215e-01,6.402748107910156250e+00,9.999976754188537598e-01,2.460351097397506237e-04,-1.219618017785251141e-03,-1.793555798940360546e-03
3.840998649597167969e+00,6.371757030487060547e+00,5.200439929962158203e+00,9.999816417694091797e-01,4.009972326457500458e-03,1.817309297621250153e-03,4.183510318398475647e-03
3.624943256378173828e+00,7.438400268554687500e+00,6.493462085723876953e+00,9.999995827674865723e-01,-5.827546119689941406e-04,-4.616673686541616917e-04,-5.905783618800342083e-04
6.345143795013427734e+00,3.687758684158325195e+00,2.317791700363159180e+00,9.999985694885253906e-01,1.017173985019326210e-03,-1.358219771645963192e-03,2.116807154379785061e-04
4.877528548240661621e-01,6.240549564361572266e+00,6.813759803771972656e+00,9.998781681060791016e-01,6.806082092225551605e-03,1.287021674215793610e-02,5.636626388877630234e-03
2.927116453647613525e-01,5.992288112640380859e+00,1.653393983840942383e+00,9.999986886978149414e-01,-9.770060423761606216e-04,-1.007903367280960083e-03,8.862058166414499283e-04
4.645916938781738281e+00,1.640320777893066406e+00,4.541795730590820312e+00,9.995319843292236328e-01,5.802968051284551620e-03,2.731752768158912659e-02,-1.248461753129959106e-02
4.042648673057556152e-01,4.490679264068603516e+00,1.972476720809936523e+00,9.999971985816955566e-01,-1.821965444833040237e-03,1.434168079867959023e-03,3.927898651454597712e-04
5.614155769348144531e+00,7.303164005279541016e-01,6.470874786376953125e+00,9.999678730964660645e-01,7.030747830867767334e-03,-2.010541269555687904e-03,-3.290985245257616043e-03
3.312608242034912109e+00,4.569740772247314453e+00,7.378872871398925781e+00,9.999909996986389160e-01,-1.981033012270927429e-03,-1.738900202326476574e-03,-3.346527693793177605e-03
6.895618915557861328e+00,2.859684705734252930e+00,2.557271718978881836e+00,9.999105334281921387e-01,-1.653091050684452057e-03,-6.514465203508734703e-04,-1.326107326894998550e-02
2.017598152160644531e+00,3.568131029605865479e-01,1.533291578292846680e+00,9.999978542327880859e-01,6.992003181949257851e-05,-1.784677035175263882e-03,-1.093427767045795918e-03
4.091943264007568359e+00,6.037634849548339844e+00,7.391773700714111328e+00,9.999963045120239258e-01,-5.832444294355809689e-04,1.909307320602238178e-03,-1.870466745458543301e-03
9.629364609718322754e-01,3.758171558380126953e+00,7.517974972724914551e-01,9.999856948852539062e-01,4.521147813647985458e-03,2.855468308553099632e-03,-2.982131263706833124e-04
6.128723546862602234e-02,7.578464150428771973e-01,5.883748531341552734e+00,9.999963045120239258e-01,1.860022079199552536e-03,1.690334756858646870e-03,1.065703108906745911e-03
6.100184917449951172e+00,6.596265792846679688e+00,5.878342151641845703e+00,9.999989271163940430e-01,6.732988986186683178e-04,7.280975696630775928e-04,-1.088726101443171501e-03
1.069430932402610779e-01,3.539823055267333984e+00,6.112254619598388672e+00,9.999841451644897461e-01,-3.009984502568840981e-03,2.900120802223682404e-03,3.774293465539813042e-03
2.824379920959472656e+00,6.156984329223632812e+00,2.472953796386718750e+00,9.999985694885253906e-01,2.872702607419341803e-04,1.169089227914810181e-03,1.228386885486543179e-03
6.744963169097900391e+00,1.096339821815490723e+00,7.073294639587402344e+00,9.999821186065673828e-01,3.204166190698742867e-03,5.014810711145401001e-03,-6.595929735340178013e-04
4.193505764007568359e+00,1.513024568557739258e+00,9.664549231529235840e-01,9.999437928199768066e-01,8.450147695839405060e-03,2.498022047802805901e-03,5.904714576900005341e-03
2.413026571273803711e+00,3.886345148086547852e+00,4.153559684753417969e+00,9.999268651008605957e-01,-1.174371037632226944e-02,-2.596211852505803108e-03,1.290731946937739849e-03
4.107682228088378906e+00,5.017154216766357422e+00,4.272769451141357422e+00,9.999968409538269043e-01,-5.533593357540667057e-04,-2.429767511785030365e-03,-4.336400597821921110e-04
4.985273361206054688e+00,5.299696445465087891e+00,5.527120232582092285e-01,9.999913573265075684e-01,-1.737305865390226245e-05,-3.960235044360160828e-03,-1.285415026359260082e-03
7.335628032684326172e+00,6.541436195373535156e+00,1.064520955085754395e+00,9.999873638153076172e-01,5.760373096563853323e-05,5.025644786655902863e-03,-3.714431077241897583e-04
6.369737625122070312e+00,3.139488220214843750e+00,6.575406551361083984e+00,9.999874830245971680e-01,1.412528508808463812e-04,1.249353634193539619e-03,4.859628155827522278e-03
3.305363893508911133e+00,2.069092035293579102e+00,2.558996438980102539e+00,9.999967813491821289e-01,-1.525957486592233181e-03,-1.948602148331701756e-03,-6.003257585689425468e-04
7.553138136863708496e-01,6.245084285736083984e+00,4.534528732299804688e+00,9.999996423721313477e-01,3.634897584561258554e-04,2.761939831543713808e-04,-7.750294171273708344e-04
3.242842435836791992e+00,5.605061054229736328e+00,4.927614212036132812e+00,9.999958872795104980e-01,7.417558663291856647e-05,-2.817292697727680206e-03,6.651388830505311489e-04
3.081042170524597168e-01,6.229619503021240234e+00,3.374754190444946289e+00,9.999998211860656738e-01,-1.917308400152251124e-04,-2.791122824419289827e-04,-6.095241988077759743e-04
1.779930233955383301e+00,3.171285390853881836e+00,4.060453891754150391e+00,9.999848604202270508e-01,9.294812916778028011e-04,5.100464448332786560e-03,1.874445471912622452e-03
7.270871162414550781e+00,3.922489881515502930e+00,7.325081825256347656e+00,9.999947547912597656e-01,-1.106332405470311642e-03,-2.795356325805187225e-03,1.269479864276945591e-03
3.500058412551879883e+00,4.252398490905761719e+00,4.201785195618867874e-03,9.999966621398925781e-01,5.212717223912477493e-04,8.408716530539095402e-04,-2.400534925982356071e-03
6.508222222328186035e-01,5.811210632324218750e+00,4.505423069000244141e+00,9.999994635581970215e-01,3.410373392398469150e-05,2.502309826013515703e-06,-1.069650053977966309e-03
5.666265964508056641e+00,3.372664213180541992e+00,1.912377953529357910e+00,9.998999238014221191e-01,-5.735158454626798630e-03,-5.369165446609258652e-03,1.176838669925928116e-02
1.249893903732299805e+00,4.045333385467529297e+00,7.531875371932983398e-01,9.999980330467224121e-01,1.966250827535986900e-03,-1.218893594341352582e-04,4.860356275457888842e-04
6.092798709869384766e+00,2.387245655059814453e+00,5.128089427947998047e+00,9.999961256980895996e-01,2.756860340014100075e-03,3.143405192531645298e-04,-4.016734310425817966e-04
5.786372184753417969e+00,6.834741592407226562e+00,6.103115677833557129e-01,9.998951554298400879e-01,1.402932871133089066e-02,-8.651201496832072735e-04,-3.500379156321287155e-03
5.008366107940673828e-01,6.354608058929443359e+00,3.790678977966308594e+00,9.999980330467224121e-01,3.601364733185619116e-05,-2.507291210349649191e-04,1.998521620407700539e-03
1.989331483840942383e+00,1.961522251367568970e-01,3.178033113479614258e+00,9.999991655349731445e-01,-1.212923903949558735e-03,-2.769162529148161411e-04,5.410290323197841644e-04
7.016633987426757812e+00,5.966548919677734375e+00,4.463387966156005859e+00,9.999686479568481445e-01,-5.972498562186956406e-03,4.142570775002241135e-03,-3.169359406456351280e-03
6.568603038787841797e+00,5.968679904937744141e+00,4.317190647125244141e+00,9.999969005584716797e-01,-2.074416079267393798e-05,-2.264924813061952591e-03,-1.093753147870302200e-03
4.141078948974609375e+00,4.429202556610107422e+00,5.444168090820312500e+00,9.999474287033081055e-01,-8.044479414820671082e-03,3.056403249502182007e-03,5.576238036155700684e-03
1.744213104248046875e+00,5.044907093048095703e+00,3.728744268417358398e+00,9.999973773956298828e-01,1.218203688040375710e-03,1.813307055272161961e-03,-7.484951056540012360e-04
6.958976268768310547e+00,4.121908187866210938e+00,2.031200647354125977e+00,9.999452829360961914e-01,7.801347877830266953e-03,6.036642938852310181e-03,3.499943530187010765e-03
3.563868403434753418e-01,2.927576541900634766e+00,4.313467025756835938e+00,9.999889731407165527e-01,3.416307270526885986e-03,1.903443713672459126e-03,2.611160511150956154e-03
4.011289119720458984e+00,3.269538164138793945e+00,1.808509230613708496e+00,9.999957084655761719e-01,-4.597509978339076042e-04,-1.827509375289082527e-03,2.274435479193925858e-03
1.938494682312011719e+00,4.143857002258300781e+00,3.473566770553588867e+00,9.999145269393920898e-01,-8.572865277528762817e-03,9.876217693090438843e-03,-1.197447490994818509e-04
1.935298204421997070e+00,4.223918914794921875e+00,1.664164543151855469e+00,9.999988675117492676e-01,-7.706076139584183693e-04,-1.032777596265077591e-03,8.679283782839775085e-04
2.443747520446777344e+00,1.622241497039794922e+00,5.763454914093017578e+00,9.999929666519165039e-01,-3.246497362852096558e-03,1.315472414717078209e-03,1.374676707200706005e-03
2.458419561386108398e+00,3.176923990249633789e+00,1.133357048034667969e+00,9.994661808013916016e-01,1.096257288008928299e-02,1.260545849800109863e-02,-2.807765640318393707e-02
7.368191719055175781e+00,7.114568233489990234e+00,5.494465827941894531e+00,9.999948143959045410e-01,1.048617181368172169e-03,9.064993719221092761e-06,-3.068828722462058067e-03
1.881518006324768066e+00,3.510381221771240234e+00,5.021595001220703125e+00,9.999232888221740723e-01,-1.087525580078363419e-02,-5.194191820919513702e-03,-2.851711586117744446e-03
1.059990301728248596e-01,6.157694458961486816e-01,8.818863630294799805e-01,9.999955296516418457e-01,-2.149973995983600616e-03,2.019863342866301537e-03,5.979193374514579773e-04
3.020907878875732422e+00,7.252384185791015625e+00,2.073107957839965820e+00,9.999976158142089844e-01,6.052429671399295330e-04,1.920546172186732292e-03,-9.177653701044619083e-04
6.767091751098632812e+00,3.776526927947998047e+00,7.461277484893798828e+00,9.999811649322509766e-01,3.725521382875740528e-04,-5.669943522661924362e-03,-2.356503391638398170e-03
2.006871938705444336e+00,3.867820739746093750e+00,5.951882362365722656e+00,9.999979138374328613e-01,2.001281594857573509e-03,2.956143580377101898e-04,5.049184546805918217e-04
3.113174915313720703e+00,5.854125022888183594e+00,6.800954818725585938e+00,9.999969005584716797e-01,-1.562786055728793144e-03,-8.550711208954453468e-04,1.778661971911787987e-03
1.292631387710571289e+00,3.335335254669189453e+00,1.581338405609130859e+00,9.999787211418151855e-01,-1.949694589711725712e-03,6.184150464832782745e-03,-7.418442983180284500e-04
1.615073978900909424e-01,1.510112762451171875e+00,2.101530879735946655e-01,9.999981522560119629e-01,-2.372931339778006077e-05,7.942085503600537777e-04,1.762243336997926235e-03
1.896048784255981445e+00,4.964985370635986328e+00,1.755146265029907227e+00,9.999977350234985352e-01,-6.652953452430665493e-04,1.996075268834829330e-03,-3.883874742314219475e-04
6.015723705291748047e+00,2.996534824371337891e+00,6.180933475494384766e+00,9.999964237213134766e-01,2.376140560954809189e-03,6.163719226606190205e-04,1.146419555880129337e-03
4.276470184326171875e+00,6.514098644256591797e+00,1.798552155494689941e+00,9.999957084655761719e-01,2.733717439696192741e-03,-6.263657996896654367e-05,1.104725524783134460e-03
1.295601487159729004e+00,2.945447444915771484e+00,5.871300220489501953e+00,9.999995827674865723e-01,-9.333916241303086281e-04,1.753861288307234645e-04,1.024789671646431088e-04
3.411790847778320312e+00,2.683985471725463867e+00,3.046798944473266602e+00,9.999283552169799805e-01,-5.284268874675035477e-03,9.576247073709964752e-03,-4.855639301240444183e-03
5.061489939689636230e-01,7.253920078277587891e+00,6.373628616333007812e+00,9.999461770057678223e-01,5.144553724676370621e-03,-1.664627110585570335e-03,-8.861103095114231110e-03
9.217705577611923218e-02,1.046421289443969727e+00,1.643753647804260254e-01,9.999818801879882812e-01,4.555261111818253994e-04,-3.494466422125697136e-03,-4.896833561360836029e-03
6.323443889617919922e+00,5.156102180480957031e+00,1.793713569641113281e+00,9.999861121177673340e-01,4.011807686765678227e-05,4.812990780919790268e-03,-2.171074273064732552e-03
6.262224197387695312e+00,3.077072143554687500e+00,1.275197029113769531e+00,9.999988675117492676e-01,-1.423832494765520096e-03,-5.345740937627851963e-04,2.653944247867912054e-04
5.216418266296386719e+00,3.755723714828491211e+00,3.004513740539550781e+00,9.998777508735656738e-01,-9.278548532165586948e-05,-9.265114553272724152e-03,-1.259738486260175705e-02
6.038492202758789062e+00,2.632968902587890625e+00,2.235311269760131836e+00,9.999981522560119629e-01,1.711368793621659279e-03,5.806136759929358959e-04,6.714482442475855350e-04
2.356237649917602539e+00,2.641761302947998047e+00,5.501777648925781250e+00,9.999948143959045410e-01,8.132593939080834389e-04,-2.382887061685323715e-03,-2.029880881309509277e-03
5.174510002136230469e+00,6.859504699707031250e+00,5.773167610168457031e+00,9.999997019767761230e-01,7.204046414699405432e-05,-5.812228191643953323e-04,4.692309303209185600e-04
1.099029928445816040e-01,1.137605428695678711e+00,3.932552337646484375e+00,9.999978542327880859e-01,1.394873717799782753e-03,-1.577479066327214241e-03,1.108220094465650618e-04
1.358415007591247559e+00,6.562615871429443359e+00,5.276212215423583984e+00,9.999997019767761230e-01,-6.473428802564740181e-04,-4.401648766361176968e-04,3.442844608798623085e-04
3.853533744812011719e+00,3.257819652557373047e+00,7.393685340881347656e+00,9.999994635581970215e-01,7.457757601514458656e-04,-2.029197057709097862e-04,7.906381506472826004e-04
2.011630535125732422e+00,2.725664854049682617e+00,7.359757423400878906e+00,9.999453425407409668e-01,8.905257098376750946e-03,4.794340115040540695e-03,2.673426643013954163e-03
5.848450660705566406e+00,4.490109920501708984e+00,1.216306805610656738e+00,9.999977350234985352e-01,1.263918704353272915e-03,5.682283663190901279e-04,1.643257332034409046e-03
6.138279914855957031e+00,3.034855365753173828e+00,4.665032863616943359e+00,9.999908208847045898e-01,-6.609588745050132275e-04,4.182125907391309738e-03,-7.285155588760972023e-04
2.840324401855468750e+00,2.088668346405029297e+00,1.635645985603332520e+00,9.999515414237976074e-01,-6.687408313155174255e-03,-7.207847665995359421e-03,-4.140952078159898520e-04
2.592999339103698730e-01,1.505686879158020020e+00,7.029085159301757812e+00,9.999986886978149414e-01,-1.538672950118780136e-03,-6.676033954136073589e-04,-4.009626354672946036e-05
6.164915561676025391e+00,1.393008589744567871e+00,2.558897018432617188e+00,9.999421238899230957e-01,-8.377201738767325878e-04,-5.479986779391765594e-03,9.221010841429233551e-03
1.089219450950622559e+00,5.055222988128662109e+00,2.169007539749145508e+00,9.999954104423522949e-01,1.398648018948733807e-03,-2.606336260214447975e-03,-7.239251281134784222e-04
6.797102689743041992e-01,5.308399677276611328e+00,4.333785057067871094e+00,9.999973177909851074e-01,-2.332097617909312248e-03,-1.364321506116539240e-04,-7.812229887349531054e-05
7.272453904151916504e-01,5.166128158569335938e+00,1.734766960144042969e+00,9.999994635581970215e-01,-1.097900443710386753e-03,1.553271722514182329e-04,-5.266023072181269526e-05
7.008213520050048828e+00,9.632986187934875488e-01,5.166582107543945312e+00,9.999982714653015137e-01,-8.122144499793648720e-04,-8.426638669334352016e-05,1.714037498459219933e-03
4.114389419555664062e+00,8.363872021436691284e-02,3.910981893539428711e+00,9.999996423721313477e-01,-8.085413719527423382e-04,1.386217336403205991e-04,-4.465297024580650032e-05
7.143845081329345703e+00,3.040982007980346680e+00,6.964850425720214844e+00,9.999138712882995605e-01,-5.618948955088853836e-03,7.421510759741067886e-03,9.261242114007472992e-03
2.473910331726074219e+00,5.752211570739746094e+00,8.046008348464965820e-01,9.999932646751403809e-01,2.230484271422028542e-03,-1.014879671856760979e-03,2.748276572674512863e-03
6.338456630706787109e+00,4.211951732635498047e+00,4.721191406250000000e+00,9.999995827674865723e-01,7.643399294465780258e-04,4.693710070569068193e-04,-3.605850506573915482e-04
6.253457069396972656e+00,4.415632247924804688e+00,1.446701437234878540e-01,9.999949932098388672e-01,2.594367135316133499e-03,1.824752660468220711e-03,1.997625367948785424e-04
4.369834899902343750e+00,5.910966545343399048e-02,3.757827579975128174e-01,9.999105334281921387e-01,-1.332111097872257233e-02,8.200326119549572468e-04,-9.406611206941306591e-04
2.122716665267944336e+00,5.313837051391601562e+00,1.901473879814147949e+00,9.999957084655761719e-01,3.511533432174474001e-04,-7.371272076852619648e-04,-2.827143063768744469e-03
1.060249209403991699e+00,7.199615955352783203e+00,2.358395576477050781e+00,9.999374151229858398e-01,-4.651295486837625504e-03,-7.701957598328590393e-03,-6.656255107372999191e-03
6.030889511108398438e+00,3.347841024398803711e+00,2.335046768188476562e+00,9.999744892120361328e-01,-4.574148915708065033e-03,-5.033742170780897141e-03,-2.170948544517159462e-03
2.345036268234252930e+00,6.794088363647460938e+00,2.242729902267456055e+00,9.999968409538269043e-01,2.128499560058116913e-03,7.529137656092643738e-05,-1.364543219096958637e-03
4.651054382324218750e+00,2.710874795913696289e+00,7.055012226104736328e+00,9.999623298645019531e-01,4.854217637330293655e-03,4.262346774339675903e-04,7.193613797426223755e-03
1.414264082908630371e+00,2.676699161529541016e+00,5.562139511108398438e+00,9.999988675117492676e-01,-1.067402539774775505e-03,1.095608924515545368e-03,1.749309740262106061e-04
2.392193078994750977e+00,2.372346073389053345e-01,3.197933197021484375e+00,9.999946355819702148e-01,-2.254918217658996582e-03,-1.753041637130081654e-03,1.618587761186063290e-03
2.633922100067138672e+00,9.782800078392028809e-01,2.985950708389282227e+00,9.998490810394287109e-01,1.542839873582124710e-02,-4.902796354144811630e-03,6.307252217084169388e-03
4.558308124542236328e+00,4.408099174499511719e+00,2.983994483947753906e+00,9.999831318855285645e-01,-4.384527856018394232e-04,-3.243478247895836830e-03,4.807149991393089294e-03
1.728110671043395996e+00,6.239898681640625000e+00,6.039219856262207031e+00,9.999986886978149414e-01,1.260131364688277245e-03,1.641230046516284347e-04,-1.062490511685609818e-03
2.989614963531494141e+00,5.995225429534912109e+00,2.960125207901000977e+00,9.999958276748657227e-01,-3.756085352506488562e-04,2.248797100037336349e-03,-1.793772564269602299e-03
3.427277326583862305e+00,2.039792776107788086e+00,6.933035850524902344e+00,9.999834299087524414e-01,1.905857352539896965e-03,1.155942212790250778e-03,-5.318354349583387375e-03
7.184617996215820312e+00,6.823989391326904297e+00,4.270432293415069580e-01,9.999990463256835938e-01,5.817344645038247108e-04,4.497742629610002041e-04,1.207725494168698788e-03
7.209794998168945312e+00,2.250730514526367188e+00,2.996014356613159180e+00,9.999994039535522461e-01,-1.006246428005397320e-03,-1.257528638234362006e-04,-5.573088419623672962e-04
3.644593000411987305e+00,5.201950073242187500e+00,1.728122353553771973e+00,9.999976158142089844e-01,-6.736891227774322033e-04,-6.708960863761603832e-04,-1.962354173883795738e-03
1.898525595664978027e+00,1.800750136375427246e+00,2.484691619873046875e+00,9.999974370002746582e-01,-2.218890236690640450e-03,-1.486616965848952532e-04,5.901880213059484959e-04
2.943220615386962891e+00,1.204097867012023926e+00,3.963480949401855469e+00,9.999959468841552734e-01,-3.942310286220163107e-04,-2.732202876359224319e-03,7.624265854246914387e-04
5.308887004852294922e+00,2.074425697326660156e+00,7.306791305541992188e+00,9.999998211860656738e-01,3.874882822856307030e-04,4.793278931174427271e-04,-2.117545809596776962e-04
1.692287921905517578e+00,5.730228424072265625e-01,4.261927127838134766e+00,9.999782443046569824e-01,-2.472085645422339439e-03,4.108946770429611206e-03,4.542014095932245255e-03
4.564198970794677734e+00,2.127528190612792969e+00,3.043509960174560547e+00,9.999478459358215332e-01,-6.066646892577409744e-03,4.032737109810113907e-03,7.163704838603734970e-03
3.937751293182373047e+00,6.393132686614990234e+00,7.421782970428466797e+00,9.999960660934448242e-01,1.884560333564877510e-03,4.951962037011981010e-04,-2.061171922832727432e-03
6.784747600555419922e+00,5.450547218322753906e+00,7.018873214721679688e+00,9.999809861183166504e-01,5.425732888397760689e-05,4.361126106232404709e-03,4.368123132735490799e-03
6.885947227478027344e+00,3.633988618850708008e+00,1.520485401153564453e+00,9.999960064888000488e-01,-1.753439311869442463e-03,1.728377828840166330e-04,-2.203424694016575813e-03
1.321562379598617554e-01,2.180016413331031799e-02,1.470760822296142578e+00,9.999880790710449219e-01,-4.893832374364137650e-03,2.427084982628002763e-04,-4.574777995003387332e-05
1.142076969146728516e+00,1.826728701591491699e+00,6.148688316345214844e+00,9.999721050262451172e-01,-4.164026584476232529e-03,-4.634418990463018417e-03,4.127246327698230743e-03
4.955212593078613281e+00,2.828777790069580078e+00,7.301744937896728516e+00,9.999960660934448242e-01,1.860507618403062224e-04,2.235237043350934982e-03,1.703190617263317108e-03
6.470979452133178711e-01,9.827223420143127441e-01,6.754507541656494141e+00,9.998234510421752930e-01,-1.573345623910427094e-02,9.711214341223239899e-03,-3.361276350915431976e-03
1.400876164436340332e+00,1.181140780448913574e+00,2.673322677612304688e+00,9.999983906745910645e-01,-1.075570937246084213e-03,1.342372153885662556e-03,5.378182395361363888e-04
4.821448802947998047e+00,3.395148754119873047e+00,2.325243949890136719e+00,9.999760389328002930e-01,2.300764201208949089e-03,6.074892822653055191e-03,2.404942177236080170e-03
4.273736476898193359e+00,4.370168209075927734e+00,1.960090637207031250e+00,9.995928406715393066e-01,2.383881621062755585e-02,7.272532675415277481e-03,-1.389769557863473892e-02
7.086312294006347656e+00,1.174550056457519531e+00,3.987975120544433594e-01,9.999982118606567383e-01,-1.586289377883076668e-03,-4.429455148056149483e-04,1.011374290101230145e-03
4.809277057647705078e+00,5.519190788269042969e+00,7.438716888427734375e+00,9.999572038650512695e-01,-3.374030929990112782e-04,-7.774994708597660065e-03,4.997998010367155075e-03
1.978692650794982910e+00,5.085087299346923828e+00,3.213204622268676758e+00,9.999278783798217773e-01,3.467018250375986099e-03,1.148767676204442978e-02,-5.697989254258573055e-04
4.088089942932128906e+00,3.841320037841796875e+00,3.064745187759399414e+00,9.999984502792358398e-01,1.678241300396621227e-03,9.321765537606552243e-05,6.635918980464339256e-04
4.695058345794677734e+00,4.594259738922119141e+00,5.065187454223632812e+00,9.999960660934448242e-01,2.376693999394774437e-03,-1.877964386949315667e-04,-1.505566877312958241e-03
6.916033267974853516e+00,3.467734098434448242e+00,5.486943721771240234e-01,9.999652504920959473e-01,3.527941880747675896e-03,6.301186978816986084e-03,4.182888660579919815e-03
2.862498760223388672e+00,5.689747333526611328e+00,7.054914236068725586e-01,9.999923110008239746e-01,3.930728882551193237e-03,2.490406041033565998e-05,3.051051171496510506e-04
7.296293735504150391e+00,3.168737411499023438e+00,3.869505167007446289e+00,9.999961256980895996e-01,-9.790405165404081345e-04,-2.629773924127221107e-03,1.548230939079076052e-04
5.638451576232910156e+00,5.451454520225524902e-01,1.314448833465576172e+00,9.999958872795104980e-01,6.513396510854363441e-04,1.758126192726194859e-03,-2.166794613003730774e-03
7.266515254974365234e+00,1.933222293853759766e+00,2.361371755599975586e+00,9.999998211860656738e-01,4.592727927956730127e-04,1.494309544796124101e-04,4.642535641323775053e-04
1.357952237129211426e+00,5.646907329559326172e+00,5.820966243743896484e+00,9.999991655349731445e-01,6.144251674413681030e-04,-9.553126292303204536e-04,-6.830233032815158367e-04
1.936229109764099121e+00,5.924867630004882812e+00,1.283947110176086426e+00,9.999991655349731445e-01,7.699779816903173923e-04,-9.470377117395401001e-04,5.189180956222116947e-04
5.497872352600097656e+00,4.930405616760253906e+00,2.551310300827026367e+00,9.999832510948181152e-01,1.841095741838216782e-03,-1.500056125223636627e-03,-5.291115492582321167e-03
2.527960777282714844e+00,5.410228729248046875e+00,3.632806777954101562e+00,9.999973773956298828e-01,3.412199730519205332e-04,1.965836621820926666e-03,-1.122737536206841469e-03
5.329332947731018066e-01,5.120142936706542969e+00,4.706576824188232422e+00,9.999785423278808594e-01,8.598584681749343872e-04,2.557490020990371704e-03,5.976581480354070663e-03
6.804577827453613281e+00,9.927546381950378418e-01,4.095495700836181641e+00,9.999529123306274414e-01,-2.124168910086154938e-03,9.445693343877792358e-03,7.097493507899343967e-04
7.104630470275878906e+00,4.871877193450927734e+00,6.102501869201660156e+00,9.998806118965148926e-01,-1.006814651191234589e-02,1.145627535879611969e-02,-2.503716386854648590e-03
5.380218029022216797e+00,2.666782379150390625e+00,7.865785956382751465e-01,9.999994039535522461e-01,3.525814972817897797e-04,-1.674490195000544190e-04,-1.004452002234756947e-03
6.691886425018310547e+00,6.950033187866210938e+00,1.197816252708435059e+00,9.999611973762512207e-01,-2.757307607680559158e-03,-5.988571327179670334e-03,-5.840194877237081528e-03
4.410063743591308594e+00,3.403369188308715820e-01,2.225456237792968750e-01,9.999126791954040527e-01,-1.308075338602066040e-02,1.735255820676684380e-03,-7.579128723591566086e-04
4.541602134704589844e+00,2.570100069046020508e+00,5.703890800476074219e+00,9.999937415122985840e-01,-3.229401772841811180e-03,-8.550762431696057320e-04,-1.244747312739491463e-03
7.359571456909179688e+00,1.405918896198272705e-01,3.772484302520751953e+00,9.999430179595947266e-01,-1.044989796355366707e-03,7.193773053586483002e-03,7.821011357009410858e-03
6.731062889099121094e+00,5.547507286071777344e+00,7.365746498107910156e+00,9.999737143516540527e-01,-4.602251574397087097e-03,-3.470820374786853790e-03,-4.414932802319526672e-03
5.449215173721313477e-01,2.266691923141479492e+00,5.449495792388916016e+00,9.999998211860656738e-01,-7.285958854481577873e-04,-7.123279647203162313e-05,-6.651965668424963951e-05
3.182435989379882812e+00,5.952669620513916016e+00,8.449468016624450684e-01,9.999615550041198730e-01,1.098714070394635201e-03,8.407391607761383057e-03,2.251683268696069717e-03
1.698642134666442871e+00,4.777650356292724609e+00,7.016921520233154297e+00,9.999998211860656738e-01,-6.216455367393791676e-04,9.430020872969180346e-05,3.278771473560482264e-04
2.814877986907958984e+00,4.567390918731689453e+00,6.349692821502685547e+00,9.999997019767761230e-01,-8.547689067199826241e-04,-2.467418744345195591e-05,3.597182512748986483e-05
1.171606421470642090e+00,3.842967033386230469e+00,3.343428373336791992e+00,9.999842643737792969e-01,2.500796836102381349e-05,3.215834964066743851e-03,-4.605087917298078537e-03
1.625535011291503906e+00,7.491665363311767578e+00,4.001689910888671875e+00,9.999938011169433594e-01,-1.127636176533997059e-03,2.658943179994821548e-03,2.045159926638007164e-03
1.283059716224670410e+00,1.749560236930847168e-01,2.639737367630004883e+00,9.999179840087890625e-01,6.890540476888418198e-03,-2.032953547313809395e-03,1.061175391077995300e-02
5.841449737548828125e+00,6.622595310211181641e+00,3.516101121902465820e+00,9.999994039535522461e-01,-8.081453270278871059e-04,6.918263970874249935e-04,4.906026879325509071e-04
2.284189224243164062e+00,3.306658506393432617e+00,5.744090080261230469e+00,9.999799132347106934e-01,1.502207131125032902e-03,-5.734744481742382050e-03,-2.265445655211806297e-03
3.502725601196289062e+00,4.980237007141113281e+00,1.145806074142456055e+00,9.999942779541015625e-01,2.055156277492642403e-03,1.948195509612560272e-03,-1.877177972346544266e-03
2.379059791564941406e+00,2.891885757446289062e+00,6.568537712097167969e+00,9.999985098838806152e-01,1.257926458492875099e-03,5.851063760928809643e-04,-1.053907675668597221e-03
4.950684547424316406e+00,2.028810262680053711e+00,5.704233169555664062e+00,9.999943971633911133e-01,-9.164998573396587744e-07,3.106859978288412094e-03,1.308192033320665359e-03
6.365765571594238281e+00,3.480553627014160156e+00,1.964310407638549805e+00,9.999998211860656738e-01,5.638475413434207439e-04,-1.208358080475591123e-04,-3.681823145598173141e-04
5.392333030700683594e+00,4.422026634216308594e+00,3.004906415939331055e+00,9.998358488082885742e-01,-3.569774795323610306e-03,1.530884392559528351e-02,9.019880555570125580e-03
5.775817871093750000e+00,3.704342365264892578e+00,6.960696220397949219e+00,9.998940229415893555e-01,4.782056901603937149e-03,1.366185303777456284e-02,1.581904245540499687e-03
5.428105354309082031e+00,3.831552982330322266e+00,5.343851566314697266e+00,9.999892711639404297e-01,-1.758431317284703255e-03,4.271676298230886459e-03,5.219664308242499828e-04
5.587080001831054688e+00,4.696927547454833984e+00,4.832315921783447266e+00,9.999992251396179199e-01,-1.657163957133889198e-04,-3.986635783803649247e-05,-1.275488059036433697e-03
4.961490333080291748e-01,6.607602596282958984e+00,4.103106498718261719e+00,9.999988675117492676e-01,1.304495730437338352e-03,3.772143681999295950e-04,7.808634545654058456e-04
8.136929571628570557e-02,5.424166202545166016e+00,3.640327215194702148e+00,9.997829794883728027e-01,1.033487077802419662e-02,5.180652718991041183e-03,-1.733542233705520630e-02
3.841560840606689453e+00,4.537012577056884766e+00,4.395032882690429688e+00,9.998595118522644043e-01,1.024839840829372406e-02,6.757894996553659439e-03,1.141818147152662277e-02
5.917637348175048828e+00,2.443319797515869141e+00,6.580237388610839844e+00,9.999939203262329102e-01,3.386522177606821060e-03,-8.806063560768961906e-04,-2.852655889000743628e-04
6.983515262603759766e+00,7.237062454223632812e+00,2.800191164016723633e+00,9.999992251396179199e-01,-1.299708848819136620e-03,1.534255425212904811e-04,-1.678891421761363745e-04
5.839160442352294922e+00,7.249374389648437500e+00,3.291870594024658203e+00,9.999999403953552246e-01,1.088020871975459158e-04,3.965565701946616173e-04,-2.521135029383003712e-04
4.335148334503173828e+00,3.630381107330322266e+00,5.276184558868408203e+00,9.999883770942687988e-01,9.261817322112619877e-04,3.390972036868333817e-03,3.318523522466421127e-03
6.071597933769226074e-01,3.552585363388061523e+00,3.635165691375732422e+00,9.999902248382568359e-01,-1.826503430493175983e-03,7.220531697385013103e-04,3.979668952524662018e-03
5.166987419128417969e+00,1.270361542701721191e+00,4.793510437011718750e+00,9.999905228614807129e-01,9.550505783408880234e-04,-4.203944932669401169e-03,-5.490969051606953144e-04
1.641143679618835449e+00,1.442524075508117676e+00,5.122158527374267578e+00,9.999954700469970703e-01,2.557245315983891487e-03,4.198142560198903084e-04,-1.552044064737856388e-03
6.473694324493408203e+00,1.209924578666687012e+00,2.295918226242065430e+00,9.998884201049804688e-01,1.488699391484260559e-02,1.744637702358886600e-04,1.219826750457286835e-03
6.165950775146484375e+00,7.009569406509399414e-01,4.022033691406250000e+00,9.999696016311645508e-01,2.111352514475584030e-03,2.400830155238509178e-03,-7.107553537935018539e-03
6.899929046630859375e+00,5.086554050445556641e+00,7.222662925720214844e+00,9.999963045120239258e-01,-2.428251551464200020e-03,8.584192255511879921e-05,-1.275918912142515182e-03
3.937447786331176758e+00,6.271574020385742188e+00,3.676110982894897461e+00,9.999982714653015137e-01,8.599900756962597370e-04,-7.933552842587232590e-04,1.462865504436194897e-03
1.423231601715087891e+00,7.248629570007324219e+00,1.355974555015563965e+00,9.999994635581970215e-01,2.450404863338917494e-04,-8.882193360477685928e-04,6.121167098172008991e-04
6.809799194335937500e+00,3.592178583145141602e+00,4.431956768035888672e+00,9.999848604202270508e-01,5.579573335126042366e-04,-4.804334603250026703e-03,2.637975150719285011e-03
5.001589298248291016e+00,4.193667411804199219e+00,4.351560592651367188e+00,9.997218251228332520e-01,-1.902184635400772095e-02,-1.346562523394823074e-02,3.628621809184551239e-03
6.829095363616943359e+00,3.009233236312866211e+00,3.828464269638061523e+00,9.999970197677612305e-01,-1.444609719328582287e-03,-1.067100558429956436e-03,-1.707664225250482559e-03
4.026907920837402344e+00,2.149610042572021484e+00,5.031269550323486328e+00,9.999979138374328613e-01,-6.419026176445186138e-04,-9.997944580391049385e-04,-1.686729723587632179e-03
4.142220020294189453e+00,3.719708442687988281e+00,2.198449850082397461e+00,9.997384548187255859e-01,-1.918342523276805878e-02,-4.580294713377952576e-03,-1.158356759697198868e-02
6.618190288543701172e+00,6.494321823120117188e+00,7.446264743804931641e+00,9.999985098838806152e-01,1.576221548020839691e-03,-3.252813185099512339e-04,-6.641824147664010525e-04
5.883256793022155762e-01,1.117462158203125000e+00,5.705093383789062500e+00,9.999866485595703125e-01,3.731788834556937218e-03,3.228491870686411858e-03,1.538657816126942635e-03
3.453966856002807617e+00,5.928950309753417969e+00,5.425072669982910156e+00,9.999982714653015137e-01,-3.252477908972650766e-04,1.830111723393201828e-04,-1.832993584685027599e-03
6.048521041870117188e+00,3.567265748977661133e+00,7.063769340515136719e+00,9.997069835662841797e-01,7.768284063786268234e-03,2.243931032717227936e-02,4.700757563114166260e-03
1.394370794296264648e+00,2.016457319259643555e+00,4.058722019195556641e+00,9.999985694885253906e-01,-1.490215887315571308e-03,-7.395109860226511955e-04,4.757427959702908993e-04
4.695644855499267578e+00,4.689994335174560547e+00,3.902195930480957031e+00,9.999582171440124512e-01,8.060988038778305054e-03,-4.182899137958884239e-04,-4.303028807044029236e-03
5.359410762786865234e+00,7.353592514991760254e-01,2.782753467559814453e+00,9.999776482582092285e-01,4.153359215706586838e-03,-5.214130971580743790e-03,-6.010756478644907475e-04
1.415025591850280762e+00,6.276762485504150391e+00,6.688220024108886719e+00,9.999996423721313477e-01,9.243455133400857449e-04,1.327084755757823586e-04,-5.835051706526428461e-05
3.964997768402099609e+00,5.359904766082763672e+00,4.449032783508300781e+00,9.999979138374328613e-01,-1.757346792146563530e-03,-1.040273578837513924e-03,-3.381822898518294096e-04
7.425059318542480469e+00,1.769672513008117676e+00,1.053206682205200195e+00,9.999896883964538574e-01,-8.472415502183139324e-04,2.808223245665431023e-03,3.484632587060332298e-03
5.326869964599609375e+00,4.727722167968750000e+00,9.121543169021606445e-02,9.999929666519165039e-01,1.224844600073993206e-03,-3.167758695781230927e-03,1.619598129764199257e-03
5.371762752532958984e+00,4.193743228912353516e+00,1.007595658302307129e+00,9.999979734420776367e-01,-6.579228211194276810e-04,-9.414980886504054070e-04,1.660518697462975979e-03
1.536831617355346680e+00,4.943417072296142578e+00,4.783427715301513672e+00,9.999937415122985840e-01,6.990729016251862049e-04,2.637905301526188850e-03,-2.273334888741374016e-03
4.940158724784851074e-01,3.690504312515258789e+00,6.769964694976806641e+00,9.996986389160156250e-01,-1.215252466499805450e-02,-1.703498885035514832e-02,1.283373311161994934e-02
4.293047904968261719e+00,4.235112667083740234e+00,2.849753856658935547e+00,9.998847246170043945e-01,9.629584848880767822e-03,9.626138024032115936e-03,6.727019324898719788e-03
6.900732517242431641e+00,4.047294616699218750e+00,2.340633571147918701e-01,9.999980330467224121e-01,-1.778166973963379860e-03,3.387953329365700483e-04,-8.542709401808679104e-04
6.480542659759521484e+00,6.733942985534667969e+00,5.481766462326049805e-01,9.999885559082031250e-01,-1.130672171711921692e-03,7.264902815222740173e-04,-4.605802707374095917e-03
4.029559612274169922e+00,5.891232967376708984e+00,1.491627693176269531e+00,9.998057484626770020e-01,-1.408352516591548920e-02,-6.897198967635631561e-03,-1.194152608513832092e-02
2.603208303451538086e+00,3.287863969802856445e+00,4.966053485870361328e+00,9.999200701713562012e-01,8.155386894941329956e-03,-3.294299356639385223e-03,-9.090598672628402710e-03
5.167502403259277344e+00,2.465023994445800781e+00,4.539791584014892578e+00,9.999994635581970215e-01,-8.342145010828971863e-04,-6.214472814463078976e-04,3.975976433139294386e-04
7.058082103729248047e+00,4.629519879817962646e-01,2.538789510726928711e+00,9.999977350234985352e-01,-1.722537330351769924e-03,-1.274886424653232098e-03,1.009190164040774107e-04
5.309694766998291016e+00,4.792311787605285645e-01,1.399367570877075195e+00,9.998941421508789062e-01,-1.111571025103330612e-02,3.267743624746799469e-03,8.804922923445701599e-03
5.166197776794433594e+00,3.758679389953613281e+00,6.295817375183105469e+00,9.999971389770507812e-01,-1.461580046452581882e-03,-5.082462448626756668e-04,-1.850228291004896164e-03
1.203822255134582520e+00,4.846004486083984375e+00,3.871186971664428711e+00,9.999980330467224121e-01,-3.288004882051609457e-05,1.128710922785103321e-03,-1.677380525507032871e-03
3.490675449371337891e+00,1.934291481971740723e+00,2.866470813751220703e+00,9.999881982803344727e-01,4.127586435060948133e-04,4.673947580158710480e-03,1.300492323935031891e-03
3.381944894790649414e+00,2.214943408966064453e+00,4.390497684478759766e+00,9.999989867210388184e-01,1.422454370185732841e-03,-1.958757784450426698e-04,-1.566644787089899182e-04
6.495354652404785156e+00,2.423912286758422852e+00,3.345733880996704102e+00,9.999991059303283691e-01,3.486106579657644033e-04,-1.236371346749365330e-03,-3.129387332592159510e-04
4.993970990180969238e-01,1.556111425161361694e-01,5.174454689025878906e+00,9.999897480010986328e-01,1.387436874210834503e-03,-4.261614289134740829e-03,6.306121358647942543e-04
2.585720062255859375e+00,2.489705085754394531e+00,2.667334079742431641e+00,9.999924898147583008e-01,2.138084964826703072e-03,-2.491729333996772766e-03,-2.066415967419743538e-03
1.454071998596191406e+00,1.842952013015747070e+00,2.786586523056030273e+00,9.999995827674865723e-01,-2.235977735836058855e-04,7.552567403763532639e-04,-4.825626383535563946e-04
2.455372333526611328e+00,5.303788661956787109e+00,6.155927181243896484e+00,9.998835325241088867e-01,-4.043364897370338440e-03,1.342692784965038300e-02,6.037485785782337189e-03
4.899916648864746094e+00,4.434708118438720703e+00,1.153096079826354980e+00,9.998463392257690430e-01,-1.494664419442415237e-02,6.109425332397222519e-03,6.822913419455289841e-03
6.800210475921630859e+00,1.500072598457336426e+00,1.100780844688415527e+00,9.999994039535522461e-01,-5.340799689292907715e-04,4.229561600368469954e-04,9.260171791538596153e-04
4.860604286193847656e+00,4.256378173828125000e+00,2.442756742238998413e-01,9.999141693115234375e-01,2.571153163444250822e-04,-6.928389891982078552e-03,-1.112083904445171356e-02
6.136261940002441406e+00,6.008806824684143066e-01,4.711431503295898438e+00,9.999981522560119629e-01,1.097022206522524357e-03,-2.143487836292479187e-05,-1.625970122404396534e-03
5.760026931762695312e+00,4.974810600280761719e+00,2.298404693603515625e+00,9.999885559082031250e-01,3.449331969022750854e-03,2.941810525953769684e-03,-1.568345469422638416e-03
2.408916354179382324e-01,2.411686658859252930e+00,1.240182876586914062e+00,9.999607801437377930e-01,6.695908959954977036e-03,4.425472114235162735e-03,-3.736896673217415810e-03
8.657924532890319824e-01,1.704014241695404053e-01,4.114194214344024658e-01,9.999994635581970215e-01,8.524100412614643574e-04,-6.318407831713557243e-04,1.654596235312055796e-05
6.101032733917236328e+00,8.919640779495239258e-01,7.462370872497558594e+00,9.999912381172180176e-01,-2.207007259130477905e-03,-2.080173930153250694e-03,-2.893069293349981308e-03
4.603424072265625000e+00,6.592001914978027344e+00,6.762617588043212891e+00,9.998719096183776855e-01,-1.474517211318016052e-02,-5.913935601711273193e-03,-1.966207753866910934e-03
4.294664382934570312e+00,7.027309417724609375e+00,7.419293403625488281e+00,9.999998807907104492e-01,2.634393167681992054e-04,5.002084071747958660e-04,-2.827495882229413837e-05
7.980603575706481934e-01,3.436042785644531250e+00,5.452830791473388672e+00,9.999509453773498535e-01,6.704231258481740952e-03,6.127740722149610519e-03,3.952222876250743866e-03
8.549202233552932739e-02,7.207179069519042969e+00,3.165089845657348633e+00,9.999989867210388184e-01,-2.210434176959097385e-04,-9.349597385153174400e-04,1.043331460095942020e-03
9.888192415237426758e-01,8.817715644836425781e-01,4.868260383605957031e+00,9.999815225601196289e-01,-2.691358327865600586e-03,5.446634721010923386e-03,-4.003019421361386776e-04
3.930567979812622070e+00,5.188169002532958984e+00,6.627847671508789062e+00,9.999424219131469727e-01,-1.027298625558614731e-02,3.096391679719090462e-03,-3.431011573411524296e-04
1.458394646644592285e+00,4.252807140350341797e+00,3.669464886188507080e-01,9.999995231628417969e-01,6.857080734334886074e-04,-7.770328084006905556e-04,-7.867223757784813643e-05
6.809424877166748047e+00,6.035954952239990234e+00,6.678063392639160156e+00,9.998821616172790527e-01,5.965678952634334564e-03,-3.416329855099320412e-03,1.372962538152933121e-02
5.587356686592102051e-01,7.144791126251220703e+00,3.842135667800903320e+00,9.999289512634277344e-01,-1.175311626866459846e-03,-1.045825611799955368e-02,-5.602357443422079086e-03
6.298221349716186523e-01,3.529217720031738281e+00,6.094930648803710938e+00,9.999274015426635742e-01,-8.807403966784477234e-03,3.153490542899817228e-04,8.220766671001911163e-03
5.386949062347412109e+00,2.137889146804809570e+00,4.858259677886962891e+00,9.999701976776123047e-01,-1.490285038016736507e-03,1.081526279449462891e-03,7.503185421228408813e-03
4.600061893463134766e+00,6.675890445709228516e+00,2.082641363143920898e+00,9.999929666519165039e-01,8.494600770063698292e-04,1.259978627786040306e-03,3.437662497162818909e-03
3.742590665817260742e+00,3.694968223571777344e+00,1.981970429420471191e+00,9.999896287918090820e-01,-1.215881318785250187e-03,2.593181328848004341e-03,3.542012535035610199e-03
2.254044771194458008e+00,2.747344017028808594e+00,2.257232904434204102e+00,9.999842643737792969e-01,5.037484224885702133e-03,7.514383178204298019e-04,-2.370278118178248405e-03
8.101847171783447266e-01,4.945374965667724609e+00,3.983850002288818359e+00,9.999964237213134766e-01,-2.514045219868421555e-03,-2.668198139872401953e-04,-9.187361574731767178e-04
5.531230449676513672e+00,3.770675182342529297e+00,2.826554775238037109e-01,9.999915957450866699e-01,9.069226798601448536e-04,-2.216184220742434263e-04,-3.984173294156789780e-03
7.473707675933837891e+00,1.669879674911499023e+00,7.318155288696289062e+00,9.999995231628417969e-01,-5.090065533295273781e-04,-4.455356393009424210e-04,8.028182783164083958e-04
5.738458633422851562e+00,6.046314716339111328e+00,1.219109535217285156e+00,9.999282956123352051e-01,-8.512233383953571320e-03,6.505261640995740891e-03,-5.358530674129724503e-03
7.469683647155761719e+00,7.180651664733886719e+00,4.852918982505798340e-01,9.999986290931701660e-01,1.081128022633492947e-03,-1.139837782829999924e-03,6.515296990983188152e-04
6.771534919738769531e+00,3.847668886184692383e+00,6.558865070343017578e+00,9.999856352806091309e-01,2.097999677062034607e-03,-4.703506361693143845e-03,1.513954601250588894e-03
5.086559772491455078e+00,6.149343967437744141e+00,3.434502363204956055e+00,9.999940395355224609e-01,-6.243931420613080263e-05,-2.851549070328474045e-03,1.995187485590577126e-03
4.664983749389648438e+00,1.018962264060974121e-02,6.467279791831970215e-01,9.999958872795104980e-01,-2.607819158583879471e-03,1.818354030547197908e-05,1.220484147779643536e-03
3.306928873062133789e+00,6.681861400604248047e+00,2.871914625167846680e+00,9.999733567237854004e-01,6.370241288095712662e-03,1.619241549633443356e-03,-3.172360360622406006e-03
6.972401142120361328e+00,1.820822358131408691e+00,3.985130071640014648e+00,9.999983906745910645e-01,1.507309032604098320e-03,-1.924191165016964078e-04,9.835896780714392662e-04
2.409181118011474609e+00,2.852975130081176758e+00,4.273386478424072266e+00,9.999997615814208984e-01,-3.330999752506613731e-04,-9.564727224642410874e-05,-7.135305204428732395e-04
4.330933570861816406e+00,3.363011598587036133e+00,5.550997257232666016e+00,9.999984502792358398e-01,2.222308976342901587e-04,1.606097794137895107e-03,7.598436786793172359e-04
2.602876901626586914e+00,5.885475277900695801e-01,1.351782917976379395e+00,9.999967813491821289e-01,-4.198055539745837450e-04,-1.528127002529799938e-03,-2.011470030993223190e-03
6.354072093963623047e+00,3.973377704620361328e+00,3.368298768997192383e+00,9.999995827674865723e-01,-5.449545569717884064e-04,-2.393070462858304381e-04,-7.773987599648535252e-04
6.058944225311279297e+00,2.861528396606445312e+00,7.197801113128662109e+00,9.999976754188537598e-01,-1.362829818390309811e-03,1.273576868698000908e-03,-1.117983832955360413e-03
2.333300828933715820e+00,1.315397143363952637e+00,6.731931686401367188e+00,9.999080896377563477e-01,9.394533000886440277e-03,9.333019144833087921e-03,-2.914585638791322708e-03
2.679910182952880859e+00,6.372025966644287109e+00,1.067274451255798340e+00,9.999952912330627441e-01,2.059068065136671066e-03,2.254824154078960419e-03,5.233165575191378593e-04
4.016485691070556641e+00,3.011466741561889648e+00,2.461246490478515625e+00,9.998751282691955566e-01,3.597659058868885040e-03,-1.200574450194835663e-02,9.632032364606857300e-03
5.887572288513183594e+00,6.152836322784423828e+00,2.858309984207153320e+00,9.999959468841552734e-01,2.291587647050619125e-03,6.859102868475019932e-04,1.566548948176205158e-03
6.310908794403076172e+00,1.009760499000549316e+00,1.863371849060058594e+00,9.999246597290039062e-01,-1.043380331248044968e-02,-4.172489047050476074e-03,-4.947898443788290024e-03
7.346195578575134277e-01,2.045275926589965820e+00,2.666280984878540039e+00,9.999973773956298828e-01,-2.009682124480605125e-03,2.082939754473045468e-04,-1.142783323302865028e-03
1.752730369567871094e+00,6.872792243957519531e+00,1.567785859107971191e+00,9.999974370002746582e-01,6.669438444077968597e-04,6.910679512657225132e-04,-2.074821619316935539e-03
2.916077971458435059e-01,5.739772319793701172e+00,3.844083547592163086e+00,9.999954700469970703e-01,-2.981050172820687294e-03,3.314659406896680593e-04,4.051527648698538542e-04
5.719536304473876953e+00,1.351992487907409668e-01,3.336258172988891602e+00,9.999993443489074707e-01,-1.031907275319099426e-03,4.307493218220770359e-04,4.822216869797557592e-04
4.165507793426513672e+00,4.234569072723388672e+00,3.620905160903930664e+00,9.999690651893615723e-01,-5.131727084517478943e-03,-3.924809396266937256e-03,-4.497178830206394196e-03
3.626027345657348633e+00,9.392850399017333984e-01,1.990998625755310059e+00,9.999963641166687012e-01,-2.649771049618721008e-03,1.410950517310993746e-05,-6.280940724536776543e-04
1.094895243644714355e+00,5.606774330139160156e+00,2.086652994155883789e+00,9.999137520790100098e-01,-8.361842483282089233e-03,8.850181475281715393e-03,4.921420477330684662e-03
2.355941534042358398e+00,7.033841609954833984e+00,1.209900021553039551e+00,9.999997615814208984e-01,5.249377572908997536e-04,2.427505387458950281e-04,4.643674765247851610e-04
6.936386585235595703e+00,5.881405830383300781e+00,7.034698963165283203e+00,9.999899268150329590e-01,-1.465349778300151229e-04,4.453932400792837143e-03,5.899076350033283234e-04
6.960615158081054688e+00,1.586791038513183594e+00,6.548118591308593750e+00,9.999986290931701660e-01,1.380626228637993336e-03,-6.782143027521669865e-04,6.640228093601763248e-04
1.512363702058792114e-01,5.724320411682128906e+00,4.221196174621582031e+00,9.999827146530151367e-01,-4.159136675298213959e-03,-1.285121397813782096e-04,-4.150288645178079605e-03
3.032371759414672852e+00,7.281952381134033203e+00,5.174565315246582031e+00,9.999899268150329590e-01,1.463294844143092632e-03,-2.565663016866892576e-04,4.229949321597814560e-03
1.683547854423522949e+00,3.503519594669342041e-01,2.236853599548339844e+00,9.999305605888366699e-01,-1.117378845810890198e-02,2.227720571681857109e-03,-3.012121655046939850e-03
6.347826004028320312e+00,1.908225417137145996e+00,3.240528821945190430e+00,9.999352693557739258e-01,-3.642224473878741264e-03,-9.846061468124389648e-03,4.391403868794441223e-03
1.212125778198242188e+00,4.935531139373779297e+00,5.784174919128417969e+00,9.998814463615417480e-01,-8.928220719099044800e-03,-8.625435642898082733e-03,-9.108708240091800690e-03
3.112194299697875977e+00,5.845732212066650391e+00,2.440977811813354492e+00,9.999761581420898438e-01,-4.644809290766716003e-03,-7.111177546903491020e-04,-5.069354083389043808e-03
7.217604160308837891e+00,4.601041316986083984e+00,4.697637081146240234e+00,9.999979138374328613e-01,-1.953270751982927322e-03,8.015288040041923523e-05,6.941386382095515728e-04
5.881288528442382812e+00,7.054727077484130859e+00,2.883195161819458008e+00,9.999997615814208984e-01,5.150047945789992809e-04,1.486746332375332713e-04,-5.921670235693454742e-04
1.179703235626220703e+00,6.165631294250488281e+00,2.440077781677246094e+00,9.999986290931701660e-01,7.252368959598243237e-04,-7.645101868547499180e-04,1.336594694294035435e-03
6.580564379692077637e-01,1.347314566373825073e-01,2.341361284255981445e+00,9.999992847442626953e-01,2.193517284467816353e-04,4.436034359969198704e-04,1.170336152426898479e-03
6.637456417083740234e+00,6.218957424163818359e+00,1.569121003150939941e+00,9.999924898147583008e-01,-8.965582310338504612e-06,-1.549581647850573063e-04,-3.898206399753689766e-03
3.011949539184570312e+00,6.778591156005859375e+00,5.369432449340820312e+00,9.999994039535522461e-01,-4.625686560757458210e-04,-2.814433537423610687e-04,1.041521434672176838e-03
2.537838459014892578e+00,5.304907321929931641e+00,1.452985644340515137e+00,9.999977946281433105e-01,1.965450821444392204e-03,-5.981634021736681461e-04,-5.108019104227423668e-04
5.690377235412597656e+00,3.385700464248657227e+00,5.889818191528320312e+00,9.999981522560119629e-01,-8.717227028682827950e-04,-1.686290604993700981e-03,4.770267405547201633e-04
2.620669603347778320e+00,4.856822490692138672e+00,2.117689371109008789e+00,9.999990463256835938e-01,5.350037827156484127e-04,1.276047085411846638e-03,2.822063397616147995e-04
2.187612771987915039e+00,7.330676078796386719e+00,4.706829547882080078e+00,9.999923706054687500e-01,3.783481428399682045e-03,2.531495410948991776e-04,-1.004263292998075485e-03
1.267931342124938965e+00,2.408813714981079102e+00,2.061455696821212769e-01,9.999508857727050781e-01,7.274347357451915741e-03,-2.098894445225596428e-03,6.396154407411813736e-03
1.062389373779296875e+00,3.871381282806396484e+00,2.024593353271484375e+00,9.999985098838806152e-01,-7.445710361935198307e-04,1.368819619528949261e-03,8.014050545170903206e-04
3.040599822998046875e+00,7.471883773803710938e+00,3.630800008773803711e+00,9.999990463256835938e-01,-1.224073348566889763e-03,-6.684734253212809563e-04,-2.325520908925682306e-04
5.933052062988281250e+00,4.050322532653808594e+00,6.790707588195800781e+00,9.999897480010986328e-01,4.029047675430774689e-03,-3.595352754928171635e-04,-2.067440655082464218e-03
3.087827444076538086e+00,1.682663917541503906e+00,6.850190162658691406e+00,9.999801516532897949e-01,-4.521958064287900925e-03,-2.631512237712740898e-03,-3.518915968015789986e-03
2.441503286361694336e+00,7.219268798828125000e+00,3.852119684219360352e+00,9.999963641166687012e-01,5.194714758545160294e-04,1.321457675658166409e-03,2.329407492652535439e-03
1.766191571950912476e-01,1.285579800605773926e+00,5.103145599365234375e+00,9.999994635581970215e-01,-9.858357952907681465e-04,4.580555250868201256e-04,1.949177203641738743e-05
2.874978780746459961e+00,4.345884323120117188e+00,4.483705997467041016e+00,9.999397397041320801e-01,7.260061800479888916e-03,4.966373555362224579e-03,6.569845601916313171e-03
5.771119594573974609e+00,5.525033950805664062e+00,3.545163631439208984e+00,9.999985694885253906e-01,1.140071079134941101e-03,-1.226731226779520512e-03,4.128076543565839529e-04
7.196598052978515625e+00,2.787158489227294922e+00,2.074578762054443359e+00,9.999956488609313965e-01,2.075526397675275803e-03,1.462333253584802151e-03,-1.521306345239281654e-03
2.350815296173095703e+00,2.744393110275268555e+00,3.445557832717895508e+00,9.999671578407287598e-01,-7.593060377985239029e-03,2.784198615700006485e-03,-5.773219745606184006e-04
4.712037563323974609e+00,5.109768867492675781e+00,5.048228263854980469e+00,9.998978972434997559e-01,-4.011117387562990189e-03,-1.269094645977020264e-02,-5.206323228776454926e-03
3.496670961380004883e+00,5.526026725769042969e+00,4.313600361347198486e-01,9.999971985816955566e-01,1.116648549214005470e-03,1.120820990763604641e-03,-1.796231139451265335e-03
2.420969724655151367e+00,6.662734985351562500e+00,6.574983596801757812e+00,9.999975562095642090e-01,-1.904414850287139416e-03,1.007999293506145477e-03,5.689911195077002048e-04
4.598197937011718750e+00,1.856774330139160156e+00,2.594209671020507812e+00,9.999825954437255859e-01,-4.981750156730413437e-03,-2.718032104894518852e-03,1.594580360688269138e-03
6.427437782287597656e+00,5.318968772888183594e+00,6.589210987091064453e+00,9.999583363533020020e-01,1.714150770567357540e-03,-4.337967839092016220e-03,-7.854948751628398895e-03
4.301795005798339844e+00,1.194481015205383301e+00,3.116643428802490234e+00,9.999973773956298828e-01,-1.995471306145191193e-03,-1.155610778369009495e-03,-1.770746312104165554e-04
1.524092197418212891e+00,4.006547927856445312e+00,4.126351356506347656e+00,9.999818801879882812e-01,2.797196211759001017e-04,-1.201845356263220310e-03,5.888650193810462952e-03
6.658079624176025391e+00,5.375632643699645996e-01,6.276731491088867188e+00,9.999352097511291504e-01,-1.015333924442529678e-02,-3.110853722319006920e-03,4.108105320483446121e-03
4.531241953372955322e-02,4.495516121387481689e-01,5.988297939300537109e+00,9.999946951866149902e-01,-3.202039515599608421e-03,-5.661293980665504932e-04,-4.446558596100658178e-04
7.230691909790039062e+00,2.750659227371215820e+00,5.293838024139404297e+00,9.999991655349731445e-01,-1.068137469701468945e-03,-7.563668768852949142e-04,-1.001847995212301612e-04
6.294936656951904297e+00,6.293228149414062500e+00,2.793796539306640625e+00,9.999945759773254395e-01,-9.604410734027624130e-04,1.972153550013899803e-04,-3.132100682705640793e-03
3.972034692764282227e+00,7.077315807342529297e+00,3.913006931543350220e-02,9.999995231628417969e-01,2.578926978458184749e-05,9.632770670577883720e-04,1.868967083282768726e-04
4.506470680236816406e+00,6.740941524505615234e+00,5.196310520172119141e+00,9.999988079071044922e-01,3.216766926925629377e-04,-4.898497718386352062e-04,1.472932985052466393e-03
2.843821287155151367e+00,5.727167606353759766e+00,3.737985610961914062e+00,9.999997019767761230e-01,-1.023883814923465252e-04,7.678762776777148247e-04,-3.836773976217955351e-04
3.423630237579345703e+00,1.933457612991333008e+00,1.238263010978698730e+00,9.999884366989135742e-01,2.647671848535537720e-03,3.455521655268967152e-04,-3.999542910605669022e-03
4.054928123950958252e-01,2.260261535644531250e+00,7.403318405151367188e+00,1.000000000000000000e+00,9.333784873888362199e-06,1.767672511050477624e-04,-1.326565397903323174e-04
3.373737573623657227e+00,1.616776585578918457e+00,3.370811223983764648e+00,9.998880028724670410e-01,1.653675804845988750e-03,-3.036406822502613068e-03,-1.456367876380681992e-02
5.282407760620117188e+00,1.953169703483581543e+00,3.529988527297973633e+00,9.999990463256835938e-01,9.061104501597583294e-04,-3.271920722909271717e-04,1.038737944327294827e-03
1.975524544715881348e+00,2.741982221603393555e+00,3.306056976318359375e+00,9.999418258666992188e-01,-1.664630137383937836e-03,2.093622460961341858e-03,-1.044914871454238892e-02
6.952722549438476562e+00,3.367051362991333008e+00,4.020361900329589844e+00,9.999784827232360840e-01,5.442033056169748306e-03,-8.220290183089673519e-04,-3.584936726838350296e-03
7.042174935340881348e-01,7.135970592498779297e+00,6.595457077026367188e+00,9.999932050704956055e-01,2.774981316179037094e-03,1.761374878697097301e-03,1.708884956315159798e-03
1.650640219449996948e-01,2.812319278717041016e+00,8.002307415008544922e-01,9.999868869781494141e-01,-4.016573540866374969e-03,-6.977948942221701145e-04,-3.125060116872191429e-03
2.359990358352661133e+00,3.197326421737670898e+00,3.132504940032958984e+00,9.999814629554748535e-01,-3.520057769492268562e-03,2.291677519679069519e-03,4.428528249263763428e-03
7.458679199218750000e+00,1.281359314918518066e+00,6.232119083404541016e+00,9.999988079071044922e-01,4.111144517082720995e-04,-1.460285042412579060e-03,-4.028613329865038395e-04
2.050294160842895508e+00,7.492925643920898438e+00,1.157828807830810547e+00,9.999985694885253906e-01,-8.692310075275599957e-04,-1.423238310962915421e-03,-2.967412292491644621e-04
4.435858249664306641e+00,3.947390794754028320e+00,6.556358814239501953e+00,9.999980926513671875e-01,-1.902916235849261284e-03,-2.645895874593406916e-04,-4.480888310354202986e-04
2.107764959335327148e+00,1.706695079803466797e+00,5.749499320983886719e+00,9.999986290931701660e-01,-1.540653756819665432e-03,5.847410648129880428e-04,2.846660790964961052e-04
2.708258628845214844e+00,3.615821123123168945e+00,3.141635894775390625e+00,9.999886751174926758e-01,3.326927311718463898e-03,-3.275563940405845642e-03,9.768611053004860878e-04
2.121677875518798828e+00,2.240433454513549805e+00,5.494901657104492188e+00,9.999986886978149414e-01,9.310381719842553139e-04,-1.217680750414729118e-03,6.003866437822580338e-04
1.322247743606567383e+00,4.706038951873779297e+00,6.390564918518066406e+00,9.999943971633911133e-01,-2.179979346692562103e-03,6.885772454552352428e-04,2.459924435243010521e-03
2.107971906661987305e+00,5.577286720275878906e+00,2.689503192901611328e+00,9.999989271163940430e-01,-9.525407949695363641e-05,-1.477768062613904476e-03,2.855698694474995136e-04
2.370053529739379883e+00,4.854688167572021484e+00,4.080311298370361328e+00,9.999844431877136230e-01,-5.416954401880502701e-03,8.804565732134506106e-05,1.365822623483836651e-03
7.465884685516357422e+00,6.616898536682128906e+00,3.246049284934997559e-01,9.999989867210388184e-01,1.413249177858233452e-03,3.479389415588229895e-04,2.092274080496281385e-04
4.270070552825927734e+00,7.592553496360778809e-01,3.614926338195800781e+00,9.999999403953552246e-01,1.769330701790750027e-04,-2.692013222258538008e-04,-1.993519981624558568e-04
6.421715736389160156e+00,3.713270187377929688e+00,7.383320927619934082e-01,9.999838471412658691e-01,-3.397678956389427185e-03,-3.988510463386774063e-03,-2.230640035122632980e-03
4.460348129272460938e+00,4.021862030029296875e+00,7.430392742156982422e+00,9.999942183494567871e-01,-2.640519989654421806e-03,-1.190259703435003757e-03,1.827349420636892319e-03
1.682357072830200195e+00,3.957088708877563477e+00,3.530597209930419922e+00,9.999489188194274902e-01,-6.868098396807909012e-03,7.312353700399398804e-03,-1.302332035265862942e-03
7.885825037956237793e-01,5.594240188598632812e+00,2.443694829940795898e+00,9.999986886978149414e-01,-1.120637287385761738e-03,1.142798108048737049e-03,-4.383719933684915304e-04
6.141538143157958984e+00,7.042520999908447266e+00,4.723571613430976868e-02,9.999572634696960449e-01,4.045082314405590296e-04,1.067010452970862389e-03,9.183463640511035919e-03
4.266076564788818359e+00,1.121527552604675293e+00,1.794928312301635742e+00,9.999996423721313477e-01,-7.414469728246331215e-04,4.998295335099101067e-04,-1.315863337367773056e-04
4.519357204437255859e+00,1.935617811977863312e-02,6.942024230957031250e+00,9.999999403953552246e-01,-8.217143476940691471e-05,3.515325952321290970e-04,-3.741144901141524315e-04
3.996065139770507812e+00,4.999596118927001953e+00,1.346621990203857422e+00,9.999958276748657227e-01,2.095308154821395874e-03,8.590386278228834271e-05,1.974152866750955582e-03
6.903414249420166016e+00,1.861560940742492676e+00,4.600398063659667969e+00,9.999237656593322754e-01,-2.424297155812382698e-03,-1.736998907290399075e-03,-1.197882276028394699e-02
5.110962390899658203e+00,6.997621059417724609e+00,3.892168998718261719e+00,9.999995231628417969e-01,-2.085314372379798442e-05,5.159577704034745693e-04,8.887842996045947075e-04
6.965023994445800781e+00,7.471662044525146484e+00,4.035163402557373047e+00,9.999982118606567383e-01,-5.200750892981886864e-04,1.783217769116163254e-03,-4.693640221375972033e-04
3.121895790100097656e+00,1.610869884490966797e+00,2.527735829353332520e-01,9.999989271163940430e-01,1.178654958494007587e-03,7.086611585691571236e-04,-6.224897806532680988e-04
3.453368186950683594e+00,5.045330524444580078e+00,2.424739599227905273e+00,9.998452663421630859e-01,1.504366286098957062e-02,8.192717097699642181e-03,-4.000603221356868744e-03
3.701144218444824219e+00,4.654231548309326172e+00,1.749962329864501953e+00,9.999701380729675293e-01,-6.672974675893783569e-03,-1.731220865622162819e-03,-3.518377430737018585e-03
1.885159850120544434e+00,6.295679092407226562e+00,4.699518203735351562e+00,9.998431801795959473e-01,-7.886954583227634430e-03,-6.547158118337392807e-03,-1.444604527205228806e-02
4.981636047363281250e+00,3.664267063140869141e+00,4.774967193603515625e+00,9.999095797538757324e-01,-8.711220696568489075e-03,-4.972088616341352463e-03,8.958561345934867859e-03
1.917634844779968262e+00,2.784089326858520508e+00,2.923326730728149414e+00,9.999904036521911621e-01,2.103181323036551476e-03,-1.013411965686827898e-04,3.858216805383563042e-03
1.126708507537841797e+00,3.525511026382446289e+00,2.054713010787963867e+00,9.999890327453613281e-01,-1.782103790901601315e-03,-4.286612849682569504e-03,-7.330350927077233791e-04
7.248327255249023438e+00,6.420135974884033203e+00,3.400415420532226562e+00,9.999998807907104492e-01,-3.215386532247066498e-04,-4.452146458788774908e-05,-5.219787708483636379e-04
6.180636405944824219e+00,3.970896482467651367e+00,7.038141727447509766e+00,9.999941587448120117e-01,1.336439745500683784e-03,3.068298799917101860e-03,-8.038723608478903770e-04
2.249080181121826172e+00,6.173130035400390625e+00,6.156818389892578125e+00,9.999991655349731445e-01,3.284324484411627054e-04,1.192143885418772697e-03,-3.595945017877966166e-04
7.379530429840087891e+00,1.638427615165710449e+00,3.536931276321411133e+00,9.999902844429016113e-01,1.774355885572731495e-03,-4.023771267384290695e-03,-1.036546454997733235e-04
4.485667705535888672e+00,5.923651218414306641e+00,4.723647594451904297e+00,9.999988675117492676e-01,-1.988706644624471664e-04,-8.794438326731324196e-04,-1.244730199687182903e-03
4.117175102233886719e+00,4.248358249664306641e+00,7.387587547302246094e+00,9.999998211860656738e-01,-7.080975337885320187e-04,7.640013063792139292e-05,-8.642714965390041471e-05
3.623588800430297852e+00,1.705631613731384277e-02,2.177370548248291016e+00,9.999996423721313477e-01,4.824400821235030890e-04,-6.722137331962585449e-04,-6.898327410453930497e-05
2.632674455642700195e+00,4.595710277557373047e+00,6.906746864318847656e+00,9.999672174453735352e-01,6.147456355392932892e-03,1.298863906413316727e-03,-5.114608444273471832e-03
3.279434680938720703e+00,3.701257705688476562e+00,2.381251096725463867e+00,9.999986886978149414e-01,1.230795052833855152e-03,1.090016681700944901e-03,3.023396711796522141e-04
1.417358756065368652e+00,7.094715595245361328e+00,6.659800052642822266e+00,9.998498558998107910e-01,-1.971950521692633629e-03,-1.369272917509078979e-02,-1.043330598622560501e-02
2.404403924942016602e+00,5.821210384368896484e+00,1.883080482482910156e+00,9.999623894691467285e-01,6.739768665283918381e-03,2.199457725510001183e-03,4.995578434318304062e-03
3.208924770355224609e+00,1.829867720603942871e+00,6.519354820251464844e+00,9.999952316284179688e-01,-1.483791274949908257e-04,-3.068785183131694794e-03,-4.617184458766132593e-04
3.982379198074340820e+00,1.058801412582397461e+00,2.192774057388305664e+00,9.999985098838806152e-01,-1.640290254727005959e-03,-7.793374243192374706e-05,-6.611471180804073811e-04
7.082643508911132812e+00,9.326969981193542480e-01,3.810183763504028320e+00,9.999966025352478027e-01,-2.075444906949996948e-03,1.546698971651494503e-03,-5.101253045722842216e-04
7.277678966522216797e+00,1.122714400291442871e+00,5.016573905944824219e+00,9.999998211860656738e-01,-7.086912519298493862e-04,-1.065145770553499460e-04,9.580659389030188322e-05
5.878654956817626953e+00,4.168284893035888672e+00,4.904864311218261719e+00,9.999691843986511230e-01,-2.800257178023457527e-03,-4.346140660345554352e-03,5.917152389883995056e-03
6.586031913757324219e-01,6.470213413238525391e+00,5.146228313446044922e+00,9.999977350234985352e-01,8.193445974029600620e-04,1.401345245540142059e-03,-1.407547388225793839e-03
7.401523590087890625e+00,1.960865378379821777e+00,3.689118385314941406e+00,9.999818801879882812e-01,5.195687524974346161e-03,1.029532213578931987e-04,-3.066461998969316483e-03
7.239847183227539062e+00,2.343481779098510742e+00,1.424418687820434570e+00,9.999992251396179199e-01,1.279750722460448742e-03,1.546128041809424758e-04,-2.732677385210990906e-04
5.344377517700195312e+00,3.412105798721313477e+00,7.258906841278076172e+00,9.999460577964782715e-01,3.785019041970372200e-03,9.254902601242065430e-03,-2.817810745909810066e-03
5.434593558311462402e-01,1.472787141799926758e+00,5.923143863677978516e+00,9.999862909317016602e-01,2.055646851658821106e-03,3.955817315727472305e-03,2.759967930614948273e-03
2.645835399627685547e+00,5.376690387725830078e+00,6.402234554290771484e+00,9.998700618743896484e-01,-5.687843076884746552e-04,1.567219197750091553e-02,-3.742676461115479469e-03
5.733464241027832031e+00,1.808682203292846680e+00,7.345251560211181641e+00,9.999995827674865723e-01,2.369348076172173023e-04,9.055375121533870697e-04,-3.111290861852467060e-04
2.168476343154907227e+00,6.651715636253356934e-01,8.428324013948440552e-02,9.999964237213134766e-01,-1.958464505150914192e-03,1.291572931222617626e-03,1.314774854108691216e-03
1.758251905441284180e+00,1.191777706146240234e+00,3.396954536437988281e+00,9.999976754188537598e-01,-2.580149157438427210e-04,-2.272557612741366029e-04,-2.143735764548182487e-03
3.111000537872314453e+00,5.821406364440917969e+00,3.953539371490478516e+00,9.999997019767761230e-01,-1.014584122458472848e-04,1.668198237894102931e-04,-8.235929417423903942e-04
6.583550453186035156e+00,7.827602624893188477e-01,4.637495040893554688e+00,9.999960064888000488e-01,2.568108728155493736e-03,-1.009309897199273109e-03,6.787093007005751133e-04
7.112159252166748047e+00,5.356892585754394531e+00,5.010898590087890625e+00,9.999983310699462891e-01,-1.078670262359082699e-03,-1.296170405112206936e-03,-7.398066227324306965e-04
3.841375589370727539e+00,2.877785444259643555e+00,4.946254730224609375e+00,9.999706149101257324e-01,4.920017439872026443e-03,2.383849583566188812e-03,-5.371526349335908890e-03
1.151773929595947266e+00,3.262572288513183594e+00,1.110710024833679199e+00,9.999940991401672363e-01,-3.010913496837019920e-03,1.222976250573992729e-03,-1.156358397565782070e-03
1.594192624092102051e+00,1.781330347061157227e+00,5.189916610717773438e+00,9.999980926513671875e-01,1.337475725449621677e-03,1.433784724213182926e-03,-1.775710261426866055e-04
6.889863491058349609e+00,3.989407062530517578e+00,4.416626930236816406e+00,9.999997615814208984e-01,5.743158981204032898e-04,-3.656279295682907104e-04,3.105258219875395298e-04
7.378971576690673828e-01,4.955357551574707031e+00,5.534282207489013672e+00,9.999994635581970215e-01,5.506954039447009563e-04,1.082557791960425675e-04,-9.696300257928669453e-04
3.049893379211425781e+00,1.033790349960327148e+00,3.005001068115234375e+00,9.999933242797851562e-01,3.445110341999679804e-04,-2.773100277408957481e-03,2.380372025072574615e-03
6.235950469970703125e+00,5.980055809020996094e+00,1.790551781654357910e+00,9.999672174453735352e-01,-1.414299709722399712e-03,5.407473072409629822e-03,5.851805210113525391e-03
2.480063199996948242e+00,5.106494903564453125e+00,5.887125968933105469e+00,9.999920725822448730e-01,-2.997457981109619141e-03,-1.555511727929115295e-03,2.114289905875921249e-03
2.041156530380249023e+00,5.367028236389160156e+00,3.013167142868041992e+00,9.999941587448120117e-01,-2.513347193598747253e-03,-2.231568330898880959e-03,-6.959281745366752148e-04
6.182208061218261719e+00,7.388250350952148438e+00,3.552807807922363281e+00,9.999994635581970215e-01,-3.773506614379584789e-04,-7.362018804997205734e-04,-7.447247626259922981e-04
3.612796306610107422e+00,6.379840850830078125e+00,3.381092309951782227e+00,9.999967813491821289e-01,2.408020198345184326e-03,-1.143902773037552834e-04,-8.807511185295879841e-04
5.473448276519775391e+00,4.484981060028076172e+00,8.489131927490234375e-01,9.999976158142089844e-01,6.494752014987170696e-04,-1.543653197586536407e-03,1.444631838239729404e-03
1.034693121910095215e+00,4.279621601104736328e+00,5.543906211853027344e+00,9.999988675117492676e-01,8.207656210288405418e-04,-1.169847673736512661e-03,-5.920028779655694962e-04
4.648970127105712891e+00,3.208353996276855469e+00,8.319983482360839844e-01,9.999544024467468262e-01,-1.939014997333288193e-03,3.417400876060128212e-03,8.712580427527427673e-03
5.608019351959228516e+00,2.232487440109252930e+00,3.459635496139526367e+00,9.999909400939941406e-01,-4.108411259949207306e-03,-1.075834734365344048e-03,5.344335222616791725e-04
6.339239120483398438e+00,2.177243471145629883e+00,5.116456031799316406e+00,9.999986886978149414e-01,1.545537495985627174e-03,1.907044934341683984e-04,-5.380166694521903992e-04
3.140923738479614258e+00,1.416521430015563965e+00,2.674493789672851562e+00,9.999940991401672363e-01,8.508385508321225643e-04,-2.717497060075402260e-03,1.942929113283753395e-03
4.118427753448486328e+00,5.750049114227294922e+00,4.960138320922851562e+00,9.999969005584716797e-01,3.720460517797619104e-04,-1.673051971010863781e-03,-1.833043177612125874e-03
1.763993263244628906e+00,3.076411247253417969e+00,5.991023063659667969e+00,9.999997019767761230e-01,6.727399304509162903e-04,-3.964987117797136307e-04,3.415684914216399193e-04
1.668631792068481445e+00,5.743987083435058594e+00,4.425387859344482422e+00,9.999923706054687500e-01,3.479570383206009865e-03,-1.750642084516584873e-03,-4.232459468767046928e-04
4.345682859420776367e-01,9.952498078346252441e-01,2.821092307567596436e-01,9.999716281890869141e-01,-2.790104597806930542e-03,5.867687985301017761e-03,3.807269735261797905e-03
7.103149414062500000e+00,3.472154378890991211e+00,4.283282279968261719e+00,9.999757409095764160e-01,5.698852706700563431e-03,-1.132519333623349667e-03,-3.831967711448669434e-03
2.830930054187774658e-01,5.059944629669189453e+00,3.354912042617797852e+00,9.999986886978149414e-01,1.536028925329446793e-03,-5.240493919700384140e-04,-1.725969486869871616e-04
3.125661849975585938e+00,4.550605773925781250e+00,8.275063633918762207e-01,9.999926686286926270e-01,-2.617259975522756577e-03,2.206442411988973618e-03,-1.749193063005805016e-03
5.197686195373535156e+00,2.533714056015014648e+00,6.094796180725097656e+00,9.999977946281433105e-01,1.625355100259184837e-03,1.370708108879625797e-03,1.946898701135069132e-04
6.223650455474853516e+00,2.922258615493774414e+00,2.425542593002319336e+00,9.999993443489074707e-01,-2.554199600126594305e-04,-9.214887977577745914e-04,7.531114388257265091e-04
7.021194934844970703e+00,1.562399744987487793e+00,4.611546039581298828e+00,9.999231696128845215e-01,-1.735460362397134304e-03,-4.581099841743707657e-03,-1.139109767973423004e-02
5.512533664703369141e+00,2.319738864898681641e+00,6.111372947692871094e+00,9.999887347221374512e-01,3.943960182368755341e-03,2.662587445229291916e-03,7.802042819093912840e-05
5.130929946899414062e-01,3.380238056182861328e+00,2.992149829864501953e+00,9.999103546142578125e-01,-1.006231084465980530e-02,-5.255220923572778702e-03,-7.102081086486577988e-03
3.778653860092163086e+00,6.678634643554687500e+00,6.692541122436523438e+00,9.999605417251586914e-01,2.125722123309969902e-03,-7.343716919422149658e-03,4.531419370323419571e-03
5.394986629486083984e+00,1.770697355270385742e+00,9.804323315620422363e-03,9.999998211860656738e-01,2.772133157122880220e-04,4.040752537548542023e-04,-4.303728637751191854e-04
4.945887565612792969e+00,2.666006565093994141e+00,1.563424825668334961e+00,9.999993443489074707e-01,1.503696985309943557e-04,-1.029027858749032021e-03,5.324893863871693611e-04
3.480653524398803711e+00,5.373283028602600098e-01,2.816838979721069336e+00,9.999968409538269043e-01,3.332699634484015405e-05,-6.155997398309409618e-04,-2.465073252096772194e-03
1.975868225097656250e+00,2.477965116500854492e+00,2.768713712692260742e+00,9.999853968620300293e-01,2.233801409602165222e-03,-4.857715219259262085e-03,7.636569207534193993e-04
1.743457436561584473e+00,1.594827771186828613e+00,9.812418818473815918e-01,9.999982714653015137e-01,-1.333367428742349148e-03,-5.399626024882309139e-05,1.339471898972988129e-03
7.123917579650878906e+00,6.051023960113525391e+00,6.296059608459472656e+00,9.999998211860656738e-01,-1.620499533601105213e-04,-1.745602057781070471e-04,5.105473101139068604e-04
6.189524650573730469e+00,3.371121406555175781e+00,6.828134059906005859e+00,9.999260306358337402e-01,-3.936231136322021484e-03,9.007299318909645081e-03,7.167541421949863434e-03
2.029466152191162109e+00,5.624144077301025391e+00,4.169175148010253906e+00,9.999979138374328613e-01,2.106340252794325352e-04,-1.766846515238285065e-03,1.020844443701207638e-03
1.581555485725402832e+00,1.894357919692993164e+00,1.838058114051818848e+00,9.999997019767761230e-01,-5.846396670676767826e-04,-4.813309351447969675e-04,-2.838431682903319597e-04
4.125495910644531250e+00,2.572390079498291016e+00,1.669763684272766113e+00,9.999997019767761230e-01,1.927811681525781751e-04,-8.442864636890590191e-04,-4.981843812856823206e-05
6.149156570434570312e+00,4.368970394134521484e+00,9.217908978462219238e-01,9.999917149543762207e-01,-1.651290687732398510e-03,-3.644628915935754776e-03,7.880711345933377743e-04
1.952129721641540527e+00,2.174697875976562500e+00,3.230056762695312500e+00,9.999657273292541504e-01,6.733004469424486160e-03,1.777576166205108166e-03,4.479164257645606995e-03
2.116563320159912109e-01,1.316806912422180176e+00,7.328863143920898438e+00,9.999997019767761230e-01,-6.399520789273083210e-04,4.994224291294813156e-04,-1.460227213101461530e-04
3.339575290679931641e+00,1.244977116584777832e-01,5.677973270416259766e+00,9.999997615814208984e-01,2.196282584918662906e-04,-3.896024718414992094e-04,-5.766960093751549721e-04
5.743531227111816406e+00,2.926077228039503098e-03,2.139866113662719727e+00,9.998996257781982422e-01,-7.120660040527582169e-03,-8.951007388532161713e-03,-8.363964036107063293e-03
4.467163085937500000e+00,2.593874216079711914e+00,1.202031970024108887e+00,9.999611973762512207e-01,-2.946482738479971886e-03,4.807179328054189682e-03,6.775513757020235062e-03
5.477712154388427734e+00,7.356405258178710938e+00,5.204159259796142578e+00,9.999470114707946777e-01,-7.056536618620157242e-03,-5.486901849508285522e-03,-5.123686045408248901e-03
8.054313659667968750e-01,4.304310798645019531e+00,2.026896715164184570e+00,9.998469948768615723e-01,-1.236194558441638947e-02,-1.173793803900480270e-02,-3.943909890949726105e-03
5.749729156494140625e+00,6.006241798400878906e+00,2.594003438949584961e+00,9.999977946281433105e-01,-2.109166933223605156e-03,1.151578035205602646e-04,3.237724013160914183e-04
6.253128528594970703e+00,6.399818420410156250e+00,6.468985676765441895e-01,9.999698400497436523e-01,-1.500130631029605865e-03,5.619022063910961151e-03,-5.160016473382711411e-03
3.161591529846191406e+00,1.274397253990173340e+00,2.384824514389038086e+00,9.999893903732299805e-01,1.503807376138865948e-03,-3.648553276434540749e-03,2.407811116427183151e-03
4.543448686599731445e-01,3.828086137771606445e+00,2.408015489578247070e+00,9.999945759773254395e-01,2.739777322858572006e-03,-6.508341175504028797e-04,1.754161901772022247e-03
4.919304847717285156e+00,4.536885738372802734e+00,2.312968254089355469e+00,9.999885559082031250e-01,3.141378751024603844e-03,-2.674909308552742004e-03,2.453211462125182152e-03
3.774954795837402344e+00,5.505647882819175720e-02,6.899208068847656250e+00,9.999978542327880859e-01,-1.641548005864024162e-03,-2.246015210403129458e-04,-1.282778801396489143e-03
4.573980808258056641e+00,6.489527225494384766e+00,4.113853931427001953e+00,9.999939799308776855e-01,-3.615780733525753021e-04,1.808757369872182608e-04,-3.434288315474987030e-03
1.537608504295349121e+00,3.846105098724365234e+00,4.930607318878173828e+00,9.999971985816955566e-01,-1.136081526055932045e-03,1.941118534887209535e-04,2.089816145598888397e-03
2.926394939422607422e+00,6.739698410034179688e+00,3.215016603469848633e+00,9.999982714653015137e-01,-9.849674534052610397e-04,1.138349980465136468e-04,1.625010860152542591e-03
5.396325111389160156e+00,7.403873920440673828e+00,2.621527671813964844e+00,9.999948740005493164e-01,-1.238159748027101159e-04,-3.585064177968888544e-06,3.217234276235103607e-03
2.151418447494506836e+00,2.082867860794067383e+00,7.460730552673339844e+00,9.999956488609313965e-01,2.849445212632417679e-03,-7.888527470640838146e-04,-3.299321106169372797e-04
2.548286437988281250e+00,2.810616016387939453e+00,2.116845846176147461e+00,9.999871850013732910e-01,-3.108184086158871651e-03,1.679305452853441238e-03,-3.650045720860362053e-03
6.524816513061523438e+00,4.012298107147216797e+00,5.698638439178466797e+00,9.999995231628417969e-01,-2.298280451213940978e-04,9.726670105010271072e-04,8.350949792657047510e-05
5.603747844696044922e+00,3.003579616546630859e+00,5.431867122650146484e+00,9.999989867210388184e-01,-6.894387188367545605e-04,-1.275795511901378632e-03,2.875959617085754871e-04
3.939695954322814941e-01,6.877345561981201172e+00,5.994067192077636719e+00,9.999973773956298828e-01,6.461204611696302891e-04,-1.216353964991867542e-03,1.867564395070075989e-03
2.923850536346435547e+00,1.814418792724609375e+00,2.301311969757080078e+00,9.999903440475463867e-01,3.188986098393797874e-03,3.619159688241779804e-04,3.025770420208573341e-03
4.616021633148193359e+00,5.570331215858459473e-01,3.355158805847167969e+00,1.000000000000000000e+00,-5.332559157977811992e-05,-1.224235747940838337e-04,-2.800062065944075584e-04
4.704685509204864502e-01,6.284846663475036621e-01,1.275721669197082520e+00,9.999824762344360352e-01,-3.650490194559097290e-03,3.045141696929931641e-03,-3.516998142004013062e-03
2.022370338439941406e+00,3.537399768829345703e+00,6.257709980010986328e+00,9.999828934669494629e-01,1.775369048118591309e-03,-5.335893947631120682e-03,-1.640265225432813168e-03
1.206908941268920898e+00,6.151751995086669922e+00,4.605656147003173828e+00,9.999933242797851562e-01,1.497412566095590591e-03,1.074629253707826138e-03,-3.185754409059882164e-03
5.680287361145019531e+00,2.043730735778808594e+00,3.209968805313110352e+00,9.999902844429016113e-01,-4.277415107935667038e-03,-1.513776369392871857e-04,1.108195050619542599e-03
6.647638797760009766e+00,5.656218528747558594e-01,7.441070079803466797e+00,9.997777342796325684e-01,-1.771136745810508728e-02,1.001619733870029449e-02,5.521338898688554764e-03
3.074015378952026367e+00,3.700673818588256836e+00,4.381914138793945312e+00,9.999982714653015137e-01,-1.003125798888504505e-03,1.524227322079241276e-03,5.304126534610986710e-04
2.635873317718505859e+00,5.691005706787109375e+00,3.963961601257324219e-01,9.999111890792846680e-01,-6.546907126903533936e-03,9.212789125740528107e-03,-7.061551325023174286e-03
2.676849842071533203e+00,4.333422660827636719e+00,2.165239334106445312e+00,9.999743103981018066e-01,5.372765939682722092e-03,2.849860349670052528e-03,3.818486817181110382e-03
1.621221899986267090e+00,5.586050987243652344e+00,7.542849332094192505e-02,9.999992251396179199e-01,6.298170774243772030e-06,-1.803580562409479171e-05,1.304495031945407391e-03
9.382421970367431641e-01,5.021778583526611328e+00,7.088144302368164062e+00,9.999997019767761230e-01,-3.886079939547926188e-04,-9.041120210895314813e-05,-7.372294203378260136e-04
6.520150184631347656e+00,5.360088348388671875e-01,2.223134756088256836e+00,9.999827146530151367e-01,-4.794310312718153000e-03,1.411484205164015293e-03,-3.102196613326668739e-03
3.849623441696166992e+00,3.681751012802124023e+00,4.349926948547363281e+00,9.999523162841796875e-01,6.647599861025810242e-03,1.877454924397170544e-04,-7.152054458856582642e-03
3.176145792007446289e+00,1.190703868865966797e+00,1.995041251182556152e+00,9.999987483024597168e-01,7.396587752737104893e-04,-1.386085408739745617e-03,3.849920176435261965e-04
4.775405883789062500e+00,1.491806864738464355e+00,4.285214424133300781e+00,9.995905756950378418e-01,5.785597953945398331e-03,2.176999114453792572e-02,-1.764405332505702972e-02
2.329132795333862305e+00,6.513157844543457031e+00,4.737773418426513672e+00,9.998837113380432129e-01,-7.181218359619379044e-03,-9.749161079525947571e-03,9.270790033042430878e-03
3.345135450363159180e+00,1.970177173614501953e+00,3.319872140884399414e+00,9.999581575393676758e-01,-7.600460667163133621e-04,8.740575984120368958e-03,2.600895008072257042e-03
7.099754810333251953e+00,5.070731163024902344e+00,8.904805183410644531e-01,9.999088048934936523e-01,4.247598815709352493e-03,9.279249235987663269e-03,8.851713500916957855e-03
4.932057380676269531e+00,5.807898521423339844e+00,6.655669689178466797e+00,9.999417662620544434e-01,-3.161452477797865868e-04,-2.962243976071476936e-03,-1.037532556802034378e-02
9.170590639114379883e-01,2.743875265121459961e+00,3.002630174160003662e-01,9.998720288276672363e-01,1.307097077369689941e-02,-1.310087973251938820e-03,9.136629290878772736e-03
6.996949672698974609e+00,1.393090248107910156e+00,7.414322853088378906e+00,9.999922513961791992e-01,-3.590015228837728500e-03,1.508553279563784599e-03,-7.003796636126935482e-04
3.889929294586181641e+00,7.096859812736511230e-01,7.431843280792236328e+00,9.999970793724060059e-01,1.239211647771298885e-03,-1.750419614836573601e-03,1.167027046903967857e-03
2.146728038787841797e+00,2.449568033218383789e+00,2.147956848144531250e+00,9.999793171882629395e-01,1.178775331936776638e-03,-5.792912095785140991e-03,-2.529325429350137711e-03
2.501294948160648346e-02,1.614301949739456177e-01,1.031801402568817139e-01,9.999997019767761230e-01,-2.258774620713666081e-04,7.053409935906529427e-04,4.559411900117993355e-04
2.015581607818603516e+00,6.999129772186279297e+00,1.145466685295104980e+00,9.999662637710571289e-01,2.794157189782708883e-04,8.132082410156726837e-03,1.212020288221538067e-03
2.098780870437622070e+00,2.344775438308715820e+00,3.610349893569946289e+00,9.997498989105224609e-01,-6.963898194953799248e-04,2.083850279450416565e-02,-8.097154088318347931e-03
1.871692299842834473e+00,6.424024581909179688e+00,6.487008094787597656e+00,9.999994039535522461e-01,-1.131471653934568167e-04,3.119344473816454411e-04,-1.107306801714003086e-03
2.750592947006225586e+00,4.706153392791748047e+00,5.105378627777099609e+00,9.999988079071044922e-01,-1.012345077469944954e-03,3.992425990873016417e-05,-1.220054458826780319e-03
3.015542268753051758e+00,1.335790306329727173e-01,7.428349018096923828e+00,9.999993443489074707e-01,-8.680482278577983379e-04,7.284956518560647964e-04,-3.640257345978170633e-04
1.267876267433166504e+00,2.130082368850708008e+00,3.147003889083862305e+00,9.999945759773254395e-01,-1.657413667999207973e-03,-3.083922492805868387e-04,-2.842436311766505241e-03
7.347922325134277344e+00,7.383427143096923828e+00,6.209611415863037109e+00,9.998176693916320801e-01,1.139908563345670700e-02,-7.453225553035736084e-03,1.338567491620779037e-02
9.252286553382873535e-01,1.885020017623901367e+00,5.355898380279541016e+00,9.999977350234985352e-01,-2.108699642121791840e-03,9.326255167252384126e-06,4.959203070029616356e-04
7.407503128051757812e+00,4.498816013336181641e+00,2.726360797882080078e+00,9.999994039535522461e-01,-6.150581175461411476e-04,3.703756083268672228e-04,-8.756000897847115993e-04
4.999570369720458984e+00,2.249411582946777344e+00,6.742548942565917969e+00,9.999986886978149414e-01,4.564733535517007113e-04,-8.942675194703042507e-04,1.347973826341331005e-03
7.951565384864807129e-01,6.035939693450927734e+00,3.440797805786132812e+00,9.999992847442626953e-01,8.856701315380632877e-04,-8.908041054382920265e-04,-1.629453181521967053e-04
3.200045347213745117e+00,5.405994504690170288e-02,4.266483783721923828e+00,9.999994039535522461e-01,2.699501346796751022e-04,9.222879889421164989e-04,6.083045154809951782e-04
6.638118267059326172e+00,7.032626152038574219e+00,2.776003599166870117e+00,9.999993443489074707e-01,1.212722738273441792e-03,6.824538286309689283e-05,-4.036668542539700866e-05
5.559423446655273438e+00,2.483441829681396484e+00,2.275707006454467773e+00,9.999984502792358398e-01,1.371398568153381348e-03,8.365254616364836693e-04,7.092413143254816532e-04
5.871305614709854126e-02,6.166729450225830078e+00,2.832587003707885742e+00,1.000000000000000000e+00,-1.189874747069552541e-04,-1.282445882679894567e-04,-7.137240027077496052e-05
3.521779060363769531e+00,3.833938598632812500e+00,4.433413028717041016e+00,9.999830722808837891e-01,1.941627706401050091e-03,2.216350520029664040e-03,5.029798485338687897e-03
1.620422363281250000e+00,1.518584042787551880e-01,5.094075679779052734e+00,9.999961853027343750e-01,-1.168220886029303074e-03,-1.164602464996278286e-03,-2.224210416898131371e-03
1.949567914009094238e+00,3.841229200363159180e+00,3.309478998184204102e+00,9.999496340751647949e-01,-1.584053738042712212e-03,8.341175504028797150e-03,-5.349903367459774017e-03
2.692456245422363281e+00,5.882232666015625000e+00,7.532294839620590210e-02,9.999859333038330078e-01,-4.400961566716432571e-03,-1.472760573960840702e-03,2.589910291135311127e-03
3.711884737014770508e+00,7.088901042938232422e+00,4.462165832519531250e+00,9.999999403953552246e-01,-3.405144962016493082e-04,-2.766638644970953465e-04,1.119309090427123010e-04
2.003739118576049805e+00,3.214319705963134766e+00,5.013194561004638672e+00,9.999318718910217285e-01,-1.005169004201889038e-02,-5.052862688899040222e-03,-3.126287134364247322e-03
3.871372640132904053e-01,7.472119331359863281e-01,5.461780071258544922e+00,9.999632239341735840e-01,-8.575730957090854645e-03,6.684077379759401083e-05,2.799041567413951270e-06
1.057742238044738770e+00,3.968715190887451172e+00,4.006094932556152344e+00,9.999923110008239746e-01,3.506729844957590103e-03,9.102507610805332661e-04,1.542839338071644306e-03
6.444900512695312500e+00,4.282506942749023438e+00,3.801232099533081055e+00,9.999997019767761230e-01,-3.736965009011328220e-04,-5.471740951179526746e-05,-7.285106694325804710e-04
7.198545932769775391e+00,5.185099244117736816e-01,1.142263293266296387e+00,9.999987483024597168e-01,-1.344547839835286140e-03,-5.922134150750935078e-04,7.146074785850942135e-04
4.868822574615478516e+00,1.507429003715515137e+00,1.760543107986450195e+00,9.999968409538269043e-01,-1.507661363575607538e-04,2.443137578666210175e-03,6.678346544504165649e-04
4.141696691513061523e-01,6.991394996643066406e+00,5.972104072570800781e-01,9.999923706054687500e-01,-2.038341335719451308e-04,-3.816808806732296944e-03,8.152657537721097469e-04
6.007035255432128906e+00,5.695849418640136719e+00,5.777125835418701172e+00,9.999432563781738281e-01,-5.023094359785318375e-03,9.342643432319164276e-03,1.002354896627366543e-03
6.616397380828857422e+00,2.051337718963623047e+00,1.226933240890502930e+00,9.999994039535522461e-01,1.361690810881555080e-04,1.139306812547147274e-03,1.120585948228836060e-04
4.684762656688690186e-01,5.141851425170898438e+00,5.861548423767089844e+00,9.999814033508300781e-01,-9.874650277197360992e-04,-5.387538578361272812e-03,-2.711038803681731224e-03
2.977459669113159180e+00,6.188767910003662109e+00,3.512681722640991211e-01,9.999941587448120117e-01,-3.211247036233544350e-03,5.947356694377958775e-04,-1.078921835869550705e-03
2.618442773818969727e+00,3.248154878616333008e+00,2.947993993759155273e+00,9.998440742492675781e-01,3.746160771697759628e-03,-1.725289970636367798e-02,5.236255819909274578e-04
4.203733056783676147e-03,3.508091211318969727e+00,1.528583407402038574e+00,9.999887943267822266e-01,-1.097102765925228596e-03,4.611572716385126114e-03,-8.413098112214356661e-05
1.348943710327148438e+00,2.266319751739501953e+00,5.658724784851074219e+00,9.999971389770507812e-01,-1.020265917759388685e-04,2.400328172370791435e-03,2.265822986373677850e-04
5.712737083435058594e+00,2.401438057422637939e-01,2.371712446212768555e+00,9.999787807464599609e-01,-4.900782369077205658e-03,1.186097273603081703e-03,-4.123904276639223099e-03
3.595629692077636719e+00,2.775081872940063477e+00,1.090729236602783203e+00,9.999856352806091309e-01,-3.242687089368700981e-03,3.174622077494859695e-03,-2.864595036953687668e-03
1.956055402755737305e+00,6.317862510681152344e+00,5.718085289001464844e+00,9.999431967735290527e-01,-1.037881057709455490e-02,-2.450896427035331726e-03,8.608364441897720098e-05
2.139442443847656250e+00,5.806589126586914062e+00,5.925629615783691406e+00,9.999790787696838379e-01,-9.090683306567370892e-04,4.315552767366170883e-03,4.750329069793224335e-03
5.251492977142333984e+00,4.321291923522949219e+00,3.890001296997070312e+00,9.999821186065673828e-01,3.783588996157050133e-03,1.495280685048783198e-05,4.624903667718172073e-03
6.773720264434814453e+00,6.097124099731445312e+00,3.050768852233886719e+00,9.999998211860656738e-01,-7.199531537480652332e-04,-2.331011273781768978e-05,6.008431228110566735e-05
3.234403371810913086e+00,1.551763057708740234e+00,4.056339263916015625e+00,9.999968409538269043e-01,-1.918335678055882454e-03,-1.343378564342856407e-03,9.969969978556036949e-04
1.026074051856994629e+00,1.888525009155273438e+00,1.782429099082946777e+00,9.999954104423522949e-01,1.912923995405435562e-03,1.065288204699754715e-03,-2.112546702846884727e-03
3.653030395507812500e+00,7.736676838248968124e-03,1.752244114875793457e+00,9.999994635581970215e-01,1.043403404764831066e-03,-9.316352225141599774e-05,2.503032446838915348e-04
3.337795257568359375e+00,3.440796852111816406e+00,3.518949508666992188e+00,9.999966025352478027e-01,-8.254231943283230066e-05,-2.442249562591314316e-03,9.872927330434322357e-04
7.797279357910156250e-01,3.652043342590332031e+00,2.302061557769775391e+00,9.999938607215881348e-01,1.890025916509330273e-03,-1.363811199553310871e-03,2.631277544423937798e-03
6.459206104278564453e+00,5.897229194641113281e+00,5.087545394897460938e+00,9.998379945755004883e-01,5.845802370458841324e-03,-7.359188981354236603e-03,1.535178720951080322e-02
4.466700255870819092e-01,1.044268250465393066e+00,3.633217096328735352e+00,9.999999403953552246e-01,1.965837582247331738e-04,3.628654812928289175e-04,-2.944422594737261534e-04
4.814894676208496094e+00,6.116240501403808594e+00,5.799258708953857422e+00,1.000000000000000000e+00,-3.618736172938952222e-06,-3.232300878153182566e-05,2.217308065155521035e-05
1.390396833419799805e+00,2.662942647933959961e+00,6.758964061737060547e+00,9.999912977218627930e-01,-2.770076273009181023e-03,3.113542217761278152e-03,-3.592251450754702091e-04
2.680903434753417969e+00,9.223007410764694214e-02,2.533679008483886719e+00,9.998622536659240723e-01,-1.254670042544603348e-02,-4.965487751178443432e-04,-1.085518486797809601e-02
6.292887687683105469e+00,5.238550305366516113e-01,5.176735877990722656e+00,9.999995827674865723e-01,-3.399459819775074720e-04,-3.075899148825556040e-04,-8.152137743309140205e-04
3.521439552307128906e+00,2.960586071014404297e+00,4.877871513366699219e+00,9.998022317886352539e-01,7.157469633966684341e-03,-1.564290560781955719e-02,9.980692528188228607e-03
5.940357685089111328e+00,9.530591964721679688e-02,7.391385078430175781e+00,9.999666810035705566e-01,2.198578091338276863e-03,-6.692304741591215134e-03,4.121744539588689804e-03
1.863642692565917969e+00,6.600252628326416016e+00,4.600519657135009766e+00,9.999909996986389160e-01,-4.022179171442985535e-03,-3.446632181294262409e-04,-1.315825851634144783e-03
6.395795345306396484e+00,6.661938667297363281e+00,1.874532818794250488e+00,9.999966621398925781e-01,9.246271802112460136e-04,-2.380844904109835625e-03,5.582055309787392616e-04
2.641009330749511719e+00,1.217177152633666992e+00,2.263859987258911133e+00,9.999998807907104492e-01,5.320864729583263397e-04,1.085506373783573508e-04,-3.110418329015374184e-04
8.222087025642395020e-01,4.522053897380828857e-01,1.312545776367187500e+00,9.999977350234985352e-01,-2.087999368086457253e-03,4.701925354311242700e-05,-4.913651500828564167e-04
3.447398900985717773e+00,7.012096881866455078e+00,6.566326141357421875e+00,9.999991655349731445e-01,-2.468928287271410227e-04,-1.271151588298380375e-03,-7.083693344611674547e-05
5.728978633880615234e+00,2.317220449447631836e+00,5.719284534454345703e+00,9.999983310699462891e-01,1.228065229952335358e-03,-9.938242146745324135e-04,-9.907226776704192162e-04
1.179528951644897461e+00,1.011452302336692810e-01,6.827202796936035156e+00,9.999985098838806152e-01,8.867707801982760429e-04,-2.115122770192101598e-04,1.503613777458667755e-03
4.539862871170043945e-01,1.928783774375915527e+00,4.454739570617675781e+00,9.999999403953552246e-01,7.783795444993302226e-05,-2.365786494920030236e-04,-4.702545993495732546e-04
1.486978292465209961e+00,2.893656730651855469e+00,4.153708934783935547e+00,9.999953508377075195e-01,1.166357658803462982e-03,-2.602229593321681023e-03,-1.131207449361681938e-03
1.854811012744903564e-01,3.209154605865478516e+00,8.066262006759643555e-01,9.997928738594055176e-01,5.584060214459896088e-03,-1.107052806764841080e-02,1.613728702068328857e-02
4.589775562286376953e+00,2.284256219863891602e+00,2.206616878509521484e+00,9.999954700469970703e-01,8.445541025139391422e-04,-2.466453239321708679e-03,1.557614770717918873e-03
6.813184738159179688e+00,5.634785175323486328e+00,3.514184713363647461e+00,9.999018311500549316e-01,1.000831485725939274e-03,1.007286459207534790e-02,9.698574431240558624e-03
7.455849170684814453e+00,2.088405609130859375e+00,2.677753925323486328e+00,9.999994039535522461e-01,-4.287390911485999823e-04,-1.364710624329745770e-04,1.045876648277044296e-03
9.765430092811584473e-01,5.769479274749755859e+00,2.758696079254150391e-01,9.999989271163940430e-01,2.569697244325652719e-05,-6.189322448335587978e-04,1.374626182951033115e-03
1.976762056350708008e+00,3.502711534500122070e+00,1.376732587814331055e+00,9.998182058334350586e-01,-8.534179069101810455e-03,3.617854788899421692e-03,-1.665996201336383820e-02
3.161763429641723633e+00,6.182178974151611328e+00,1.199661016464233398e+00,9.999492764472961426e-01,-3.695297986268997192e-03,-7.965310476720333099e-03,-4.946501459926366806e-03
7.315114140510559082e-01,1.911217719316482544e-01,1.068055033683776855e+00,1.000000000000000000e+00,-3.473546530585736036e-04,9.602121281204745173e-05,6.191929423948749900e-05
7.118638038635253906e+00,5.096006393432617188e+00,5.206822395324707031e+00,9.999965429306030273e-01,-2.054016804322600365e-03,-9.170777630060911179e-04,-1.426975126378238201e-03
3.900790452957153320e+00,6.120526313781738281e+00,3.170950889587402344e+00,9.999998211860656738e-01,-2.857078798115253448e-04,4.995876806788146496e-04,-4.358752339612692595e-04
1.810003757476806641e+00,2.130862474441528320e-01,3.856580734252929688e+00,9.999921917915344238e-01,-1.977516105398535728e-03,2.626228844746947289e-03,2.210818463936448097e-03
1.413557529449462891e+00,1.908554792404174805e+00,1.395575165748596191e+00,9.999983310699462891e-01,-1.466740970499813557e-03,-1.129414420574903488e-03,1.849610562203451991e-04
5.641439437866210938e+00,1.004096984863281250e+00,5.270322799682617188e+00,9.999889135360717773e-01,1.422495115548372269e-03,1.730993273667991161e-03,-4.156960174441337585e-03
3.016354560852050781e+00,1.224848747253417969e+00,5.448201179504394531e+00,9.999963641166687012e-01,-7.716788677498698235e-04,1.773796393536031246e-03,1.921716495417058468e-03
4.315691947937011719e+00,6.421349048614501953e+00,2.812874555587768555e+00,9.999983906745910645e-01,-8.814535685814917088e-04,-1.581017277203500271e-03,-2.644077176228165627e-04
2.908331632614135742e+00,5.122790813446044922e+00,2.948377609252929688e+00,9.999951720237731934e-01,-4.967706627212464809e-04,8.792040171101689339e-04,-2.928733127191662788e-03
1.711610198020935059e+00,2.875504493713378906e+00,3.640948772430419922e+00,9.997283816337585449e-01,-7.404717616736888885e-03,-7.049206178635358810e-03,2.094329334795475006e-02
7.290649890899658203e+00,1.076539885252714157e-02,5.594039440155029297e+00,9.999511837959289551e-01,3.511918243020772934e-03,-7.151841651648283005e-03,5.842804908752441406e-03
6.021305561065673828e+00,4.662814617156982422e+00,5.985923767089843750e+00,9.999806880950927734e-01,-4.569819197058677673e-03,-3.389579243957996368e-03,2.512185368686914444e-03
1.578691124916076660e+00,2.450958251953125000e+00,4.094391822814941406e+00,9.999901652336120605e-01,4.088781774044036865e-03,-1.616496127098798752e-03,-6.603857036679983139e-04
3.299804687500000000e+00,5.950452089309692383e-01,8.430529832839965820e-01,9.999998211860656738e-01,3.523110644891858101e-04,4.802565090358257294e-04,3.256612108089029789e-04
2.442739725112915039e+00,5.028051376342773438e+00,6.328406333923339844e+00,9.999726414680480957e-01,-2.871356671676039696e-03,3.968201577663421631e-03,5.542684346437454224e-03
9.475442171096801758e-01,5.824887752532958984e+00,2.723088502883911133e+00,9.999986886978149414e-01,-2.958316472359001637e-04,1.558367279358208179e-03,-3.953980922233313322e-04
4.927287101745605469e+00,9.023724794387817383e-01,5.054225921630859375e+00,9.999995231628417969e-01,-5.132374353706836700e-04,-7.588096923427656293e-05,8.837180794216692448e-04
5.652077198028564453e+00,6.768350601196289062e+00,3.097748517990112305e+00,9.999986290931701660e-01,3.553338756319135427e-04,1.530451118014752865e-05,1.660786336287856102e-03
4.851902961730957031e+00,7.247861862182617188e+00,5.226554870605468750e+00,9.999538660049438477e-01,5.534057854674756527e-04,-6.863164249807596207e-03,6.707167718559503555e-03
2.187517642974853516e+00,7.143124580383300781e+00,6.287136554718017578e+00,9.999638199806213379e-01,3.174105950165539980e-05,-3.444310044869780540e-03,7.777315098792314529e-03
2.864784240722656250e+00,7.488661408424377441e-01,1.759396672248840332e+00,9.999240636825561523e-01,-2.543609822168946266e-03,1.192442956380546093e-03,-1.199874747544527054e-02
5.895591259002685547e+00,7.404411792755126953e+00,5.270586013793945312e+00,9.999035596847534180e-01,-6.677158642560243607e-03,-8.193449117243289948e-03,9.016535244882106781e-03
4.525712013244628906e+00,8.161777853965759277e-01,2.644067406654357910e-01,9.999994635581970215e-01,-6.850464706076309085e-05,6.020233849994838238e-04,8.927018498070538044e-04
4.996938228607177734e+00,3.897545337677001953e+00,2.816611289978027344e+00,9.999294281005859375e-01,-3.869675332680344582e-03,-4.729852080345153809e-03,-1.018983684480190277e-02
1.660360336303710938e+00,6.137904644012451172e+00,1.145334482192993164e+00,9.999941587448120117e-01,3.131317906081676483e-03,-1.353788655251264572e-03,3.625777899287641048e-04
7.061848163604736328e+00,4.644088268280029297e+00,1.507295966148376465e+00,9.997737407684326172e-01,-1.839643530547618866e-02,4.595999140292406082e-03,9.648581035435199738e-03
3.847930431365966797e+00,2.926843404769897461e+00,6.428753852844238281e+00,9.999988079071044922e-01,1.287647319259122014e-04,-1.037908717989921570e-03,1.160940970294177532e-03
8.312367200851440430e-01,1.210443615913391113e+00,6.892414093017578125e+00,9.999366402626037598e-01,-9.247574023902416229e-03,6.353348493576049805e-03,9.861664148047566414e-04
4.196794986724853516e+00,4.734805107116699219e+00,6.269446372985839844e+00,9.999994635581970215e-01,-1.033848500810563564e-03,3.401264839340001345e-04,9.880803554551675916e-05
2.610555648803710938e+00,6.165654659271240234e+00,6.864850521087646484e+00,9.999711513519287109e-01,-7.355852518230676651e-03,-1.871505635790526867e-03,-2.902115811593830585e-04
8.137367367744445801e-01,2.912466049194335938e+00,2.134449720382690430e+00,9.994876384735107422e-01,1.146986987441778183e-02,-1.112000085413455963e-02,-2.773667499423027039e-02
5.683109283447265625e+00,4.948076248168945312e+00,4.043791294097900391e+00,9.999981522560119629e-01,1.480606268160045147e-03,-1.146806869655847549e-03,5.682182381860911846e-04
4.121098518371582031e+00,5.985222339630126953e+00,6.566458225250244141e+00,9.999994039535522461e-01,2.527160686440765858e-04,-1.069059828296303749e-03,-2.016635990003123879e-04
4.045211791992187500e+00,2.057654142379760742e+00,9.751100540161132812e-01,9.998917579650878906e-01,-1.020034775137901306e-02,3.402322530746459961e-03,1.004487648606300354e-02
2.026454210281372070e+00,3.288987636566162109e+00,4.451106548309326172e+00,9.999881386756896973e-01,1.366193755529820919e-04,4.545811563730239868e-03,-1.751238480210304260e-03
2.384532213211059570e+00,1.783232092857360840e+00,1.205005764961242676e+00,9.999986290931701660e-01,-1.369543955661356449e-03,9.668687125667929649e-04,1.578647934366017580e-04
3.612972259521484375e+00,5.478756904602050781e+00,4.189516067504882812e+00,9.999893903732299805e-01,-3.996995743364095688e-03,2.189944265410304070e-03,-6.446238257922232151e-04
4.743726253509521484e+00,3.168404817581176758e+00,6.472560882568359375e+00,9.999948143959045410e-01,8.980351267382502556e-04,2.648890949785709381e-03,1.612299703992903233e-03
3.214902281761169434e-01,1.342933773994445801e+00,5.651782512664794922e+00,9.999851584434509277e-01,2.138579962775111198e-03,-4.752832464873790741e-03,-1.615286571905016899e-03
6.270495653152465820e-01,7.287873268127441406e+00,5.903501033782958984e+00,9.999969005584716797e-01,3.313420165795832872e-04,1.057466652127914131e-04,2.501419512555003166e-03
5.649843692779541016e+00,5.200839042663574219e+00,3.545572519302368164e+00,9.999986886978149414e-01,1.109122880734503269e-03,-1.175197307020425797e-03,4.355088749434798956e-04
3.258765459060668945e+00,6.253498077392578125e+00,1.754781007766723633e-01,9.999957084655761719e-01,-1.591325621120631695e-03,2.091839909553527832e-03,-1.310325460508465767e-03
4.398634433746337891e+00,4.868542194366455078e+00,5.181932449340820312e+00,9.999930858612060547e-01,6.860588327981531620e-04,4.240391717758029699e-04,-3.640646580606698990e-03
1.157650589942932129e+00,7.080196857452392578e+00,7.489593029022216797e+00,9.999176263809204102e-01,5.862277466803789139e-03,-8.866549469530582428e-03,7.201129570603370667e-03
2.982440888881683350e-01,3.889119863510131836e+00,3.466803431510925293e-01,9.999828934669494629e-01,3.876433474943041801e-04,-5.558559205383062363e-03,1.805518055334687233e-03
5.498464107513427734e+00,3.165457010269165039e+00,2.136625528335571289e+00,9.999625682830810547e-01,-5.069999489933252335e-03,5.734116304665803909e-03,4.048970993608236313e-03
4.127259731292724609e+00,8.707513213157653809e-01,7.053279399871826172e+00,9.999991059303283691e-01,-8.819261565804481506e-04,-4.724664322566241026e-04,9.129800600931048393e-04
3.278632640838623047e+00,1.443759441375732422e+00,4.588590145111083984e+00,9.999994039535522461e-01,-1.103663351386785507e-03,-1.802397891879081726e-04,7.078638009261339903e-05
8.261673450469970703e-01,6.306111335754394531e+00,1.120533227920532227e+00,9.999999403953552246e-01,-1.187061643577180803e-04,4.165457503404468298e-04,3.676035266835242510e-04
6.294856548309326172e+00,6.953269004821777344e+00,6.928083896636962891e+00,9.999993443489074707e-01,7.617541123181581497e-04,8.557680994272232056e-04,2.806118282023817301e-04
1.286830067634582520e+00,1.154330253601074219e+00,4.890081882476806641e+00,9.999865293502807617e-01,4.369816742837429047e-03,1.886864425614476204e-03,-2.092571463435888290e-03
1.539230108261108398e+00,6.176032543182373047e+00,5.765938758850097656e-01,9.999964833259582520e-01,-9.064628393389284611e-04,1.552038360387086868e-03,1.999357948079705238e-03
5.805523872375488281e+00,1.403314709663391113e+00,6.025890350341796875e+00,9.999971389770507812e-01,-1.061770599335432053e-03,-1.913625863380730152e-03,1.019542454741895199e-03
4.839134216308593750e+00,9.180071353912353516e-01,1.855499505996704102e+00,9.999954104423522949e-01,1.445215893909335136e-03,-1.401079818606376648e-03,2.280367305502295494e-03
4.795648574829101562e+00,4.436984658241271973e-01,2.701752185821533203e+00,9.998224377632141113e-01,1.116316416300833225e-03,-1.385238254442811012e-03,1.875945366919040680e-02
3.663287162780761719e+00,7.296568870544433594e+00,2.220122218132019043e-01,9.999994635581970215e-01,-6.035828846506774426e-04,7.492745062336325645e-04,5.483083077706396580e-04
3.284219503402709961e+00,5.661661624908447266e+00,6.002626419067382812e+00,9.999940395355224609e-01,-3.671289232443086803e-05,2.000106032937765121e-03,2.821475034579634666e-03
6.388263225555419922e+00,2.422503709793090820e+00,6.099440574645996094e+00,9.999998211860656738e-01,-6.739091477356851101e-04,-1.284380996366962790e-04,-1.736902340780943632e-04
5.070226192474365234e+00,5.122731208801269531e+00,2.115779072046279907e-01,9.999960660934448242e-01,1.461358973756432533e-03,-2.241894602775573730e-03,-9.400350390933454037e-04
2.491384267807006836e+00,1.582567453384399414e+00,7.367221832275390625e+00,9.999940991401672363e-01,1.768454560078680515e-03,2.590419491752982140e-03,-1.387688214890658855e-03
3.518416643142700195e+00,3.741072893142700195e+00,4.786110877990722656e+00,9.999893307685852051e-01,2.357729943469166756e-03,3.848492400720715523e-03,1.009355764836072922e-03
6.745707511901855469e+00,6.081151008605957031e+00,5.725134849548339844e+00,9.999997615814208984e-01,3.674235485959798098e-04,5.449934978969395161e-04,-4.604571440722793341e-04
2.082548856735229492e+00,1.855202674865722656e+00,5.445391654968261719e+00,9.999992251396179199e-01,-5.714212311431765556e-04,1.009431318379938602e-03,-4.563449183478951454e-04
4.027972698211669922e+00,5.148411273956298828e+00,3.974894046783447266e+00,9.999870657920837402e-01,-4.170481581240892410e-03,2.430896274745464325e-03,-1.652718638069927692e-03
1.329501628875732422e+00,5.168838977813720703e+00,4.014165878295898438e+00,9.999986290931701660e-01,-3.574283618945628405e-04,1.001926721073687077e-03,-1.292427186854183674e-03
7.457099914550781250e+00,4.491065979003906250e+00,6.098162651062011719e+00,9.999836683273315430e-01,-5.291637964546680450e-03,-1.604135264642536640e-03,-1.506559434346854687e-03
3.693375110626220703e+00,2.728479623794555664e+00,2.897850990295410156e+00,9.999352693557739258e-01,-8.894131518900394440e-03,6.828274112194776535e-03,-1.966219162568449974e-03
1.375905394554138184e+00,2.309087753295898438e+00,6.470318794250488281e+00,9.999871850013732910e-01,6.667544948868453503e-04,5.009600892663002014e-03,-2.798630448523908854e-04
6.550768852233886719e+00,5.152435302734375000e+00,7.428860664367675781e+00,9.999961256980895996e-01,1.867849612608551979e-03,4.321128944866359234e-04,2.035937039181590080e-03
1.748813390731811523e+00,5.636217117309570312e+00,1.328465342521667480e+00,9.999802708625793457e-01,5.672567058354616165e-03,-4.299456777516752481e-04,2.663767198100686073e-03
1.228499770164489746e+00,2.435729265213012695e+00,1.788601040840148926e+00,9.999942183494567871e-01,5.352630396373569965e-04,2.916190307587385178e-03,1.653930172324180603e-03
4.838697910308837891e+00,3.234012126922607422e+00,5.269619464874267578e+00,9.999319314956665039e-01,-6.021503824740648270e-03,-8.576859836466610432e-04,9.965831413865089417e-03
5.434816360473632812e+00,5.502897739410400391e+00,1.074320912361145020e+00,9.999395012855529785e-01,-1.635362859815359116e-03,-9.086346253752708435e-03,5.987609270960092545e-03
6.486416339874267578e+00,1.372424244880676270e+00,2.574087381362915039e+00,9.998449683189392090e-01,1.394347194582223892e-02,-7.200906053185462952e-03,7.983117364346981049e-03
8.871617913246154785e-01,3.073619008064270020e-01,6.728352069854736328e+00,9.999978542327880859e-01,1.729977782815694809e-03,7.229279144667088985e-04,8.991934009827673435e-04
6.414586544036865234e+00,2.012861251831054688e+00,6.197546958923339844e+00,9.999970793724060059e-01,-1.147190050687640905e-04,1.342792093055322766e-04,-2.450315980240702629e-03
6.811201572418212891e+00,5.770197868347167969e+00,3.193497955799102783e-01,9.999372363090515137e-01,-8.660090155899524689e-03,1.924053067341446877e-03,-6.847900338470935822e-03
6.510483741760253906e+00,3.230577230453491211e+00,5.180260181427001953e+00,9.999986886978149414e-01,-1.022132462821900845e-03,6.972608389332890511e-04,1.083076349459588528e-03
3.905917644500732422e+00,1.691628456115722656e+00,2.327822685241699219e+00,9.999986290931701660e-01,-1.354519976302981377e-03,-1.017173985019326210e-03,6.785025470890104771e-05
1.874233126640319824e+00,7.291974544525146484e+00,1.473417878150939941e+00,9.999912977218627930e-01,-3.094612155109643936e-03,-2.539664041250944138e-03,1.210410497151315212e-03
1.478904962539672852e+00,4.528133392333984375e+00,2.234216928482055664e+00,9.999992251396179199e-01,-5.082144052721560001e-04,1.159690436907112598e-03,-1.993373734876513481e-04
6.588019371032714844e+00,2.466926574707031250e-01,4.538978099822998047e+00,9.998886585235595703e-01,-1.540405792184174061e-03,-4.933489020913839340e-03,-1.400236133486032486e-02
5.799109458923339844e+00,2.678506076335906982e-01,6.876952648162841797e+00,9.999489188194274902e-01,7.120827212929725647e-03,6.399096921086311340e-03,-3.249978180974721909e-03
4.169215679168701172e+00,2.131562232971191406e+00,2.190017700195312500e+00,9.999992251396179199e-01,-1.192456926219165325e-03,-2.330338029423728585e-04,3.952429105993360281e-04
5.670113086700439453e+00,2.430349588394165039e-01,6.583503246307373047e+00,9.999287128448486328e-01,1.347377081401646137e-03,1.038825046271085739e-02,5.726986564695835114e-03
4.914204597473144531e+00,1.191323876380920410e+00,8.145386576652526855e-01,1.000000000000000000e+00,3.441702574491500854e-04,1.042019066517241299e-04,1.550276792841032147e-04
6.146600723266601562e+00,6.150020122528076172e+00,6.290973186492919922e+00,9.999982118606567383e-01,4.837291198782622814e-04,1.772965886630117893e-03,3.951915714424103498e-04
4.734645843505859375e+00,3.280889272689819336e+00,1.161904931068420410e+00,9.998945593833923340e-01,-7.501322543248534203e-04,6.208972074091434479e-03,-1.310465950518846512e-02
3.108954668045043945e+00,1.531067609786987305e+00,2.187014102935791016e+00,9.999955892562866211e-01,1.033677021041512489e-03,-6.637144833803176880e-04,-2.736924681812524796e-03
5.857023000717163086e-01,2.333934545516967773e+00,1.850619912147521973e+00,9.998865723609924316e-01,-1.363434479571878910e-03,-1.469161920249462128e-02,-3.052198560908436775e-03
1.317972540855407715e+00,5.535676479339599609e+00,5.099546432495117188e+00,9.999995827674865723e-01,9.675494511611759663e-04,-1.046589386533014476e-04,-2.340687642572447658e-04
7.024465203285217285e-01,5.869619369506835938e+00,3.755286455154418945e+00,9.999763965606689453e-01,-3.142198082059621811e-03,-5.987827898934483528e-04,6.089945323765277863e-03
4.639091968536376953e+00,3.694326877593994141e+00,7.042581558227539062e+00,9.999994039535522461e-01,-8.414848125539720058e-04,4.849628603551536798e-04,5.778573686257004738e-04
7.097676277160644531e+00,5.996846675872802734e+00,5.654065132141113281e+00,9.999973773956298828e-01,2.093630377203226089e-03,9.796641534194350243e-04,2.370411093579605222e-04
2.957234621047973633e+00,4.623993396759033203e+00,3.880474567413330078e-01,9.999978542327880859e-01,1.866686390712857246e-03,3.464889887254685163e-04,9.184807422570884228e-04
1.057395696640014648e+00,3.423397064208984375e+00,3.507530927658081055e+00,9.999890327453613281e-01,-3.934543114155530930e-03,2.188559854403138161e-03,-1.334421220235526562e-03
7.152232170104980469e+00,2.007323026657104492e+00,7.071845531463623047e+00,9.999753236770629883e-01,-8.609537617303431034e-04,-3.712068079039454460e-03,5.910420790314674377e-03
7.132455825805664062e+00,7.106200218200683594e+00,3.093772888183593750e+00,9.999992847442626953e-01,-1.191079616546630859e-03,-4.153939153184182942e-05,4.003006033599376678e-04
5.328218936920166016e+00,4.812867641448974609e+00,3.517522573471069336e+00,9.999992847442626953e-01,8.837409550324082375e-04,3.703967086039483547e-04,7.743207970634102821e-04
7.257375240325927734e+00,4.416615962982177734e+00,5.016508102416992188e+00,9.999421834945678711e-01,7.293398026376962662e-03,6.855080369859933853e-03,-3.932262305170297623e-03
3.897402763366699219e+00,5.860670089721679688e+00,1.072631239891052246e+00,9.999930262565612793e-01,-3.630844643339514732e-03,-9.164471994154155254e-04,-1.006192542263306677e-04
3.910760164260864258e+00,2.850960969924926758e+00,3.109085559844970703e+00,9.999749660491943359e-01,-1.597706344909965992e-03,-5.441918969154357910e-03,4.243572708219289780e-03
4.620071411132812500e+00,6.927304744720458984e+00,6.076434135437011719e+00,9.999999403953552246e-01,-1.462596119381487370e-04,4.725101753138005733e-04,6.832220242358744144e-05
5.270561218261718750e+00,5.871709823608398438e+00,3.205874204635620117e+00,9.999279975891113281e-01,-7.889519445598125458e-03,-4.400637466460466385e-03,7.897237315773963928e-03
1.471630215644836426e+00,4.310197353363037109e+00,7.477164268493652344e+00,9.999991059303283691e-01,-4.477704351302236319e-04,-4.133905167691409588e-04,1.224881852976977825e-03
7.430152416229248047e+00,6.001735210418701172e+00,4.456291675567626953e+00,9.999988079071044922e-01,-6.393230287358164787e-04,-1.716510741971433163e-04,-1.464403118006885052e-03
4.067116260528564453e+00,5.277900695800781250e-01,3.840891599655151367e+00,9.999999403953552246e-01,8.429157787759322673e-06,3.066611243411898613e-04,-3.111455298494547606e-04
4.567251682281494141e+00,4.174377918243408203e+00,6.367500305175781250e+00,9.999932050704956055e-01,-2.521809190511703491e-03,-2.597067505121231079e-03,-7.551989401690661907e-04
3.679918766021728516e+00,3.890184402465820312e+00,5.087541103363037109e+00,9.998897314071655273e-01,-7.282357197254896164e-03,-1.160476077347993851e-02,5.729966331273317337e-03
1.537720203399658203e+00,4.074270427227020264e-01,4.892892360687255859e+00,9.999765753746032715e-01,5.154883638169849291e-06,3.763996763154864311e-03,-5.713985767215490341e-03
6.340358853340148926e-01,6.295481681823730469e+00,5.663147449493408203e+00,9.999994039535522461e-01,-2.377155033173039556e-04,-6.089450325816869736e-04,-9.473447571508586407e-04
4.140293121337890625e+00,5.401186466217041016e+00,5.051402568817138672e+00,9.999988675117492676e-01,-1.524845603853464127e-03,-2.689957327675074339e-04,-8.251331018982455134e-05
4.017994925379753113e-02,2.885911226272583008e+00,1.646833062171936035e+00,9.999716281890869141e-01,2.888611750677227974e-03,-6.426879204809665680e-03,2.686612540856003761e-03
1.005292296409606934e+00,2.409711599349975586e+00,5.508439064025878906e+00,9.999852776527404785e-01,1.005846890620887280e-03,5.293144844472408295e-03,6.488709477707743645e-04
5.054293155670166016e+00,4.272004604339599609e+00,2.978242158889770508e+00,9.999774694442749023e-01,-1.058435649611055851e-03,-4.402694292366504669e-03,4.973541479557752609e-03
3.189988732337951660e-01,5.191659927368164062e+00,2.093698024749755859e+00,9.999993443489074707e-01,-5.888648447580635548e-04,5.679181194864213467e-04,9.049091022461652756e-04
1.392671018838882446e-01,2.761868715286254883e+00,4.047189712524414062e+00,9.999970197677612305e-01,-6.507539073936641216e-04,2.374260686337947845e-03,6.684561958536505699e-05
2.234165191650390625e+00,7.297990322113037109e+00,4.161263942718505859e+00,9.999996423721313477e-01,7.458237814716994762e-04,-3.812147479038685560e-04,-3.242298844270408154e-04
1.817946910858154297e+00,1.001954078674316406e+00,4.486594676971435547e+00,9.999947547912597656e-01,3.219202393665909767e-03,4.655170196201652288e-04,-3.760920662898570299e-05
1.022136926651000977e+00,3.561534643173217773e+00,7.474825859069824219e+00,9.999998211860656738e-01,-3.416686668060719967e-04,-4.370372153061907738e-06,4.665998276323080063e-04
3.571972370147705078e+00,7.296619415283203125e-01,3.404717445373535156e+00,9.999716281890869141e-01,-3.527616849169135094e-03,-6.603268906474113464e-03,8.235995192080736160e-04
3.283001899719238281e+00,2.771506786346435547e+00,6.917212963104248047e+00,9.999923110008239746e-01,-3.645649412646889687e-03,4.763413380715064704e-05,-1.425147405825555325e-03
6.482718944549560547e+00,1.043902754783630371e+00,4.086565494537353516e+00,9.999600648880004883e-01,4.243221133947372437e-03,7.210594136267900467e-03,3.162917215377092361e-03
5.158675193786621094e+00,1.531270623207092285e+00,5.378899097442626953e+00,9.999980926513671875e-01,-3.917539143003523350e-04,4.698830307461321354e-04,1.895521651022136211e-03
6.585570335388183594e+00,6.438184738159179688e+00,5.122333526611328125e+00,9.999690651893615723e-01,7.602326106280088425e-03,-1.902616582810878754e-03,-6.860679131932556629e-04
7.485051751136779785e-01,4.168454170227050781e+00,6.543896675109863281e+00,9.999983310699462891e-01,1.518554636277258396e-03,7.308718631975352764e-04,-7.556446362286806107e-04
4.030653953552246094e+00,5.944922447204589844e+00,4.218269824981689453e+00,9.999433159828186035e-01,7.874925620853900909e-03,-6.791276391595602036e-03,-2.310918876901268959e-03
4.232688426971435547e+00,3.342250108718872070e+00,4.836976051330566406e+00,9.999918937683105469e-01,-3.170316806063055992e-03,-7.777359569445252419e-04,2.395571675151586533e-03
1.774366140365600586e+00,7.920504808425903320e-01,1.617280721664428711e+00,9.999987483024597168e-01,-3.975314029958099127e-05,-1.183120300993323326e-03,-1.089162891730666161e-03
7.495244026184082031e+00,2.512225151062011719e+00,1.946827888488769531e+00,9.999997615814208984e-01,6.665511173196136951e-04,2.890194591600447893e-04,1.915056345751509070e-04
2.528417348861694336e+00,4.745124816894531250e+00,7.479489803314208984e+00,9.994975328445434570e-01,2.602789783850312233e-03,1.177520607598125935e-03,3.157014399766921997e-02
4.572665393352508545e-01,1.689444661140441895e+00,5.321115016937255859e+00,9.999368190765380859e-01,-3.399952547624707222e-04,-1.110796816647052765e-02,-1.735217752866446972e-03
7.038131237030029297e+00,2.853368818759918213e-01,4.497060298919677734e+00,9.999941587448120117e-01,-1.628377358429133892e-03,2.981344703584909439e-03,5.687202210538089275e-04
2.679172754287719727e+00,1.447663307189941406e+00,6.350055336952209473e-01,9.999873638153076172e-01,3.333566011860966682e-03,1.232057576999068260e-03,3.556393086910247803e-03
6.573488712310791016e+00,3.241109371185302734e+00,6.045661449432373047e+00,9.999986290931701660e-01,-5.269390530884265900e-04,8.221968892030417919e-04,-1.395117025822401047e-03
1.927021384239196777e+00,3.906536102294921875e+00,5.226717948913574219e+00,9.999998807907104492e-01,-4.296030965633690357e-04,-6.520306487800553441e-05,-3.436597471591085196e-04
7.476609706878662109e+00,4.774121284484863281e+00,3.148112535476684570e+00,9.999987483024597168e-01,-8.127783075906336308e-04,-1.427761599188670516e-04,1.414222526364028454e-03
3.037777423858642578e+00,6.072642326354980469e+00,7.497344017028808594e+00,9.999949336051940918e-01,-3.028753446415066719e-03,1.051645376719534397e-03,2.378634962951764464e-05
2.900552988052368164e+00,6.132928371429443359e+00,7.012567520141601562e+00,9.999890923500061035e-01,-2.028642920777201653e-03,-3.942661918699741364e-03,1.519617158919572830e-03
4.903914451599121094e+00,5.680701732635498047e+00,2.206619024276733398e+00,9.999917745590209961e-01,-2.326158108189702034e-03,-7.550550508312880993e-04,3.251333488151431084e-03
6.650331020355224609e+00,4.822898387908935547e+00,4.392807483673095703e+00,9.999778270721435547e-01,4.484648350626230240e-03,3.467068076133728027e-03,3.504801541566848755e-03
4.323020458221435547e+00,6.384282708168029785e-01,4.293818950653076172e+00,9.999998807907104492e-01,-7.146577263483777642e-05,-4.396114964038133621e-04,3.169679257553070784e-04
3.544599294662475586e+00,3.102704763412475586e+00,3.528992414474487305e+00,9.999928474426269531e-01,3.577225143089890480e-03,-1.254898612387478352e-03,3.246740670874714851e-04
4.467718124389648438e+00,1.873210549354553223e+00,5.110350131988525391e+00,9.999978542327880859e-01,1.827119383960962296e-03,-2.319290360901504755e-04,-9.990782709792256355e-04
2.311452627182006836e+00,7.456381916999816895e-01,4.318778038024902344e+00,9.999945759773254395e-01,6.746984581695869565e-05,-1.993080833926796913e-03,-2.643350278958678246e-03
2.799705505371093750e+00,1.425160884857177734e+00,3.306496143341064453e+00,9.999681711196899414e-01,-6.391621660441160202e-03,4.565536044538021088e-03,1.438968814909458160e-03
2.934739112854003906e+00,6.968229293823242188e+00,1.929455876350402832e+00,9.999966621398925781e-01,1.261063618585467339e-03,2.226552460342645645e-03,-5.175634287297725677e-04
1.632891297340393066e+00,2.425895690917968750e+00,1.742002367973327637e+00,9.999879002571105957e-01,-3.916968125849962234e-03,1.255530514754354954e-03,-2.730733947828412056e-03
5.197606563568115234e+00,6.970871448516845703e+00,2.334426403045654297e+00,9.999979734420776367e-01,6.744551355950534344e-04,-7.316612754948437214e-04,1.769445138052105904e-03
3.008986473083496094e+00,2.355143070220947266e+00,5.226566314697265625e+00,9.999880194664001465e-01,-9.542577317915856838e-04,3.846752690151333809e-03,2.874937141314148903e-03
3.540497541427612305e+00,5.907724857330322266e+00,2.701045274734497070e+00,9.999991655349731445e-01,-9.000365971587598324e-04,-2.449897292535752058e-04,-9.770587785169482231e-04
2.367416381835937500e+00,6.735519886016845703e+00,6.658766269683837891e-01,9.999991655349731445e-01,1.192422932945191860e-03,4.026934038847684860e-04,4.126727872062474489e-04
1.172628812491893768e-02,4.374603748321533203e+00,6.901427507400512695e-01,9.999208450317382812e-01,-4.195164889097213745e-03,-7.062946446239948273e-03,-9.529052302241325378e-03
4.444905757904052734e+00,4.490144252777099609e+00,4.053905487060546875e+00,9.999995231628417969e-01,1.622086856514215469e-04,-3.827505133813247085e-05,1.027444028295576572e-03
2.891001939773559570e+00,6.805150508880615234e+00,2.316969156265258789e+00,9.999997615814208984e-01,-8.579276618547737598e-05,6.683996180072426796e-04,3.785850130952894688e-04
3.382976293563842773e+00,4.944520950317382812e+00,2.127411365509033203e+00,9.998581409454345703e-01,1.511616818606853485e-02,5.997971631586551666e-03,-4.402188584208488464e-03
3.894867897033691406e+00,1.639608889818191528e-01,5.819520950317382812e+00,9.999997019767761230e-01,-2.577398663561325520e-05,8.239644230343401432e-04,-1.350616657873615623e-04
1.186438202857971191e+00,4.392133235931396484e+00,8.159399628639221191e-01,9.999960660934448242e-01,2.179305301979184151e-03,-1.285575563088059425e-03,1.180623425170779228e-03
7.214936256408691406e+00,7.100830078125000000e+00,2.404159069061279297e+00,9.999998211860656738e-01,-5.696841399185359478e-04,-7.289875793503597379e-05,3.813168732449412346e-04
4.531827449798583984e+00,5.061035633087158203e+00,9.798995256423950195e-01,9.999942183494567871e-01,-1.563966972753405571e-03,2.785726916044950485e-03,1.238573342561721802e-03
2.901596784591674805e+00,4.164529323577880859e+00,4.066738128662109375e+00,9.999969005584716797e-01,-3.141365887131541967e-04,2.420285949483513832e-03,6.319605745375156403e-04
7.351101398468017578e+00,1.698286980390548706e-01,5.224738597869873047e+00,9.999527931213378906e-01,8.303541690111160278e-03,4.336907062679529190e-03,2.591012045741081238e-03
4.253185093402862549e-01,3.470069646835327148e+00,3.371217250823974609e+00,9.999970793724060059e-01,1.374414307065308094e-03,-1.936895714607089758e-04,2.017675898969173431e-03
6.741959571838378906e+00,4.296055316925048828e+00,3.441095113754272461e+00,9.999991655349731445e-01,-7.868974353186786175e-04,-3.424132009968161583e-04,-1.049914513714611530e-03
3.204680919647216797e+00,6.495100498199462891e+00,2.438354015350341797e+00,9.999989867210388184e-01,5.922249983996152878e-04,1.554517948534339666e-04,1.358934561721980572e-03
1.724639058113098145e+00,2.202873945236206055e+00,4.862616539001464844e+00,9.999472498893737793e-01,3.803094616159796715e-03,9.545869193971157074e-03,-1.813564740587025881e-04
6.541164875030517578e+00,6.245585441589355469e+00,1.133069634437561035e+00,9.999960660934448242e-01,5.877874209545552731e-04,1.939328038133680820e-03,-1.964295050129294395e-03
4.760975360870361328e+00,6.346758365631103516e+00,5.082391262054443359e+00,9.999981522560119629e-01,1.807714230380952358e-03,7.036344031803309917e-04,1.595311478013172746e-04
5.389405250549316406e+00,8.836903572082519531e-01,6.157953739166259766e+00,9.999941587448120117e-01,3.005114151164889336e-03,-4.515520122367888689e-04,1.611421001143753529e-03
2.828032732009887695e+00,2.223142147064208984e+00,4.303960323333740234e+00,9.999039173126220703e-01,1.273855194449424744e-02,3.418977372348308563e-03,-4.267215728759765625e-03
3.318925619125366211e+00,6.586147308349609375e+00,1.237174749374389648e+00,9.999928474426269531e-01,3.435408463701605797e-03,-4.843372735194861889e-04,1.529673929326236248e-03
7.810832262039184570e-01,4.788658142089843750e+00,3.629391431808471680e+00,9.999973177909851074e-01,1.843859208747744560e-03,7.052393630146980286e-04,-1.256767543964087963e-03
5.076907157897949219e+00,3.903891563415527344e+00,7.464575767517089844e+00,9.999971389770507812e-01,3.097473818343132734e-04,1.489752321504056454e-03,-1.881439937278628349e-03
7.461410045623779297e+00,4.989833831787109375e+00,1.684281229972839355e+00,9.999930858612060547e-01,1.586642465554177761e-03,1.428855932317674160e-03,-3.074303036555647850e-03
5.677031040191650391e+00,3.133219957351684570e+00,8.761647939682006836e-01,9.999992847442626953e-01,-5.787473055534064770e-04,-4.083952226210385561e-04,-1.002301229164004326e-03
4.021968841552734375e+00,1.252287745475769043e+00,2.911539793014526367e+00,9.999976754188537598e-01,-1.814536750316619873e-03,1.047953963279724121e-03,6.024657632224261761e-04
2.512627124786376953e+00,6.938842773437500000e+00,4.002915859222412109e+00,9.999929666519165039e-01,3.197623882442712784e-04,1.459877123124897480e-03,3.456745995208621025e-03
5.009529590606689453e+00,3.208332300186157227e+00,4.279843807220458984e+00,9.999982714653015137e-01,-1.170905656181275845e-03,-1.445844536647200584e-03,8.277570304926484823e-05
1.348794817924499512e+00,3.704069614410400391e+00,4.053707122802734375e+00,9.999991059303283691e-01,-1.440746273146942258e-04,-6.775681977160274982e-04,1.194173470139503479e-03
3.314471244812011719e+00,5.763176441192626953e+00,4.276601791381835938e+00,9.999984502792358398e-01,-1.255823182873427868e-03,1.285393955186009407e-03,-1.612005435163155198e-04
3.882722377777099609e+00,3.352678298950195312e+00,5.251251220703125000e+00,9.999933242797851562e-01,-2.413214184343814850e-03,1.674822764471173286e-03,2.205641241744160652e-03
4.310457229614257812e+00,2.225132703781127930e+00,9.018434286117553711e-01,9.999892711639404297e-01,8.228559163399040699e-04,9.513672557659447193e-04,4.468464758247137070e-03
3.388380408287048340e-01,5.073062896728515625e+00,4.393599033355712891e+00,9.999743700027465820e-01,-2.614118624478578568e-03,2.805598778650164604e-04,6.665549706667661667e-03
7.427757978439331055e-01,5.105446338653564453e+00,4.990401744842529297e+00,9.999968409538269043e-01,2.546121599152684212e-03,-1.424001238774508238e-04,4.847749369218945503e-05
3.452390193939208984e+00,3.922318458557128906e+00,3.073599100112915039e+00,9.999997615814208984e-01,6.910273805260658264e-04,1.984170958166942000e-04,-3.041360105271451175e-05
4.453914642333984375e+00,5.516614437103271484e+00,6.110779643058776855e-01,9.999959468841552734e-01,6.629913696087896824e-04,2.282025525346398354e-03,-1.597218797542154789e-03
6.637734413146972656e+00,2.101036310195922852e+00,5.906356334686279297e+00,9.999997019767761230e-01,2.328422124264761806e-04,4.903962835669517517e-04,6.604312220588326454e-04
1.105306982994079590e+00,1.762711882591247559e+00,1.169765233993530273e+00,9.999815225601196289e-01,-4.319636616855859756e-03,-2.808795543387532234e-03,-3.255160758271813393e-03
3.296649217605590820e+00,7.107777595520019531e+00,3.874742031097412109e+00,9.999997615814208984e-01,-4.626250884030014277e-04,-6.229974678717553616e-04,-7.683479634579271078e-05
7.558906674385070801e-01,4.642122268676757812e+00,4.306225299835205078e+00,9.996556043624877930e-01,-1.386755798012018204e-02,2.134445589035749435e-03,2.217743918299674988e-02
5.679274082183837891e+00,5.089475154876708984e+00,4.640444278717041016e+00,9.999961256980895996e-01,1.850807806476950645e-03,-1.189329195767641068e-03,-1.706841867417097092e-03
5.137040615081787109e+00,5.220110416412353516e+00,4.087657928466796875e+00,9.999994039535522461e-01,1.665354357101023197e-04,-1.494269090471789241e-04,-1.129256677813827991e-03
2.188471794128417969e+00,2.113982200622558594e+00,2.625791788101196289e+00,9.999967813491821289e-01,2.456289366818964481e-04,1.160107058240100741e-04,2.556697698310017586e-03
2.228661775588989258e+00,4.117552757263183594e+00,2.741286993026733398e+00,9.999982118606567383e-01,1.709568547084927559e-03,2.370598376728594303e-04,8.168746717274188995e-04
5.876332759857177734e+00,7.490430831909179688e+00,4.338590145111083984e+00,9.999918341636657715e-01,2.098847180604934692e-03,6.282972171902656555e-04,3.402977250516414642e-03
5.535488605499267578e+00,6.532514572143554688e+00,1.927654623985290527e+00,9.999884963035583496e-01,-4.499733913689851761e-03,1.309787505306303501e-03,-1.096113584935665131e-03
3.650523662567138672e+00,2.826024770736694336e+00,6.064221382141113281e+00,9.999997019767761230e-01,-8.446380961686372757e-04,-1.361862523481249809e-04,1.798482117010280490e-04
1.331834673881530762e+00,5.328926563262939453e+00,7.430159091949462891e+00,9.999999403953552246e-01,-3.563644422683864832e-04,-1.164894492831081152e-04,-1.745307818055152893e-04
7.037930011749267578e+00,1.447922140359878540e-01,3.413610219955444336e+00,9.999952316284179688e-01,1.896186149679124355e-03,2.358902944251894951e-03,-7.547579589299857616e-04
6.834161281585693359e+00,6.664056777954101562e+00,3.323903560638427734e+00,9.999995827674865723e-01,-8.953650249168276787e-04,-2.759161288850009441e-04,2.693411370273679495e-04
7.286781072616577148e-01,7.233643054962158203e+00,1.497635126113891602e+00,9.999995827674865723e-01,6.221907096914947033e-04,2.123298181686550379e-04,6.729089072905480862e-04
5.366867542266845703e+00,4.341558456420898438e+00,4.682523906230926514e-01,9.999634623527526855e-01,-4.424821527209132910e-04,-6.351536139845848083e-03,5.705429706722497940e-03
1.306633710861206055e+00,1.996815443038940430e+00,7.044414043426513672e+00,9.999985694885253906e-01,-1.623105490580201149e-03,2.219581510871648788e-04,-5.041281692683696747e-04
3.242110729217529297e+00,2.693069458007812500e+00,3.472365856170654297e+00,9.999945759773254395e-01,7.595771457999944687e-04,3.094563959166407585e-03,8.980263955891132355e-04
9.339531660079956055e-01,6.998298764228820801e-01,6.741865158081054688e+00,9.999934434890747070e-01,1.267882325919345021e-04,-9.455435210838913918e-04,3.513193456456065178e-03
4.795464992523193359e+00,6.885552883148193359e+00,2.784396171569824219e+00,9.999992847442626953e-01,-4.037004546262323856e-04,4.926684196107089520e-04,1.029145671054720879e-03
4.574341297149658203e+00,9.371286034584045410e-01,4.453425884246826172e+00,9.999980330467224121e-01,-3.297410439699888229e-04,-8.622399764135479927e-05,1.987769966945052147e-03
1.799015998840332031e+00,1.394757926464080811e-01,6.489584922790527344e+00,9.999991655349731445e-01,5.689067766070365906e-04,-1.220398466102778912e-03,-7.432130951201543212e-05
2.039224624633789062e+00,4.509547710418701172e+00,2.543839454650878906e+00,9.999977946281433105e-01,-1.505297841504216194e-03,-1.505152904428541660e-03,-1.708233030512928963e-04
3.873981714248657227e+00,5.628856182098388672e+00,5.414599895477294922e+00,9.999994635581970215e-01,6.180442869663238525e-04,-4.273682716302573681e-04,7.725326577201485634e-04
7.375685214996337891e+00,3.875228404998779297e+00,3.099340677261352539e+00,9.999964833259582520e-01,1.881345058791339397e-03,1.269832486286759377e-03,1.414981554262340069e-03
3.461019039154052734e+00,3.592414617538452148e+00,4.183466434478759766e+00,9.999940991401672363e-01,6.520525203086435795e-04,3.172552911564707756e-03,1.204367261379957199e-03
8.289402127265930176e-01,1.582246541976928711e+00,6.374138355255126953e+00,9.999893903732299805e-01,4.243038594722747803e-03,-8.158610435202717781e-04,1.635926542803645134e-03
5.907341003417968750e+00,6.572599887847900391e+00,1.432525515556335449e+00,9.999909996986389160e-01,-2.551649464294314384e-03,1.872446038760244846e-03,2.845266833901405334e-03
3.594953536987304688e+00,5.230912566184997559e-01,4.389258384704589844e+00,9.999952316284179688e-01,2.342494204640388489e-03,-8.386786794289946556e-04,1.845244900323450565e-03
3.019946813583374023e+00,3.817481994628906250e+00,5.427270889282226562e+00,9.999647140502929688e-01,-1.049989252351224422e-03,-4.203297663480043411e-03,7.204342167824506760e-03
4.121415019035339355e-01,6.999984741210937500e+00,4.199718952178955078e+00,9.999962449073791504e-01,5.124673480167984962e-04,2.585724228993058205e-03,8.036746876314282417e-04
1.822710394859313965e+00,5.443812847137451172e+00,1.074989795684814453e+00,9.998486042022705078e-01,-1.384512335062026978e-02,7.383815827779471874e-04,1.051860395818948746e-02
5.568591594696044922e+00,4.501334667205810547e+00,6.084757328033447266e+00,9.999681115150451660e-01,-7.460479624569416046e-03,2.654002513736486435e-03,-1.083189737983047962e-03
8.825138807296752930e-01,1.560047864913940430e+00,1.640501379966735840e+00,9.999964237213134766e-01,2.445565536618232727e-03,1.017574177240021527e-04,-1.113999634981155396e-03
1.215072944760322571e-01,3.895448446273803711e+00,1.700936198234558105e+00,9.999877214431762695e-01,4.511891398578882217e-03,-1.529410481452941895e-03,-1.398123451508581638e-03
4.785313308238983154e-01,3.256817340850830078e+00,2.396614313125610352e+00,9.999982714653015137e-01,1.506037660874426365e-03,-5.296853487379848957e-04,9.774235077202320099e-04
6.529775261878967285e-02,2.016843318939208984e+00,3.038487672805786133e+00,9.999996423721313477e-01,-1.908577132780919783e-06,-6.221928051672875881e-04,6.896987906657159328e-04
2.961115598678588867e+00,6.988461971282958984e+00,5.971452713012695312e+00,1.000000000000000000e+00,-7.848712994018569589e-05,-1.297705020988360047e-04,3.119907923974096775e-04
2.453702688217163086e-01,3.169917106628417969e+00,5.335371017456054688e+00,9.999986290931701660e-01,-1.673260121606290340e-03,-1.122593384934589267e-04,1.277574629057198763e-04
2.355306968092918396e-02,6.595185756683349609e+00,1.384434461593627930e+00,9.999632239341735840e-01,1.054822467267513275e-03,8.160081692039966583e-03,2.454184228554368019e-03
1.741085350513458252e-01,5.215635299682617188e+00,5.714537143707275391e+00,9.999985098838806152e-01,2.184275217587128282e-04,1.269702333956956863e-03,1.162322936579585075e-03
3.681477606296539307e-01,4.210366249084472656e+00,1.268960475921630859e+00,9.999096393585205078e-01,-6.851217709481716156e-03,-1.107719447463750839e-02,3.338224953040480614e-03
3.878877878189086914e+00,2.124832868576049805e+00,3.063642978668212891e+00,9.999612569808959961e-01,2.311398508027195930e-03,7.004916667938232422e-03,4.813716281205415726e-03
7.198719978332519531e+00,7.023354530334472656e+00,2.043983459472656250e+00,9.999967813491821289e-01,-2.554104896262288094e-03,-6.852054502815008163e-05,8.687035733601078391e-05
6.731178760528564453e+00,6.934056282043457031e+00,1.860224485397338867e+00,9.999933838844299316e-01,-5.039853276684880257e-04,8.197097922675311565e-04,-3.523747436702251434e-03
4.642142295837402344e+00,4.932401180267333984e+00,6.779931545257568359e+00,9.999934434890747070e-01,-3.004936843353789300e-05,2.628065412864089012e-03,-2.502711722627282143e-03
5.909264564514160156e+00,5.128791928291320801e-01,6.257703304290771484e+00,9.999959468841552734e-01,2.745005767792463303e-03,-4.182438424322754145e-04,-7.427612436003983021e-04
2.480381727218627930e+00,6.589430809020996094e+00,1.894455075263977051e+00,9.999985694885253906e-01,1.054626191034913063e-03,-1.316658104769885540e-03,-2.118620614055544138e-04
5.682346343994140625e+00,7.369296550750732422e-01,3.126217603683471680e+00,9.999989867210388184e-01,5.537366960197687149e-04,-1.330318744294345379e-03,-3.820798519882373512e-05
3.987681388854980469e+00,4.221716880798339844e+00,1.753059864044189453e+00,9.999818801879882812e-01,3.631998552009463310e-03,2.103236736729741096e-03,-4.325877409428358078e-03
6.169417381286621094e+00,4.352475330233573914e-02,8.757240772247314453e-01,1.000000000000000000e+00,-1.434420119039714336e-04,4.604317655321210623e-05,8.296160376630723476e-05
1.351102232933044434e+00,6.140634059906005859e+00,7.412955760955810547e+00,9.999343156814575195e-01,-9.430072270333766937e-03,3.351168474182486534e-03,5.598601885139942169e-03
3.183364868164062500e+00,2.793813705444335938e+00,1.092527270317077637e+00,9.998473525047302246e-01,2.219351939857006073e-03,3.168517537233128678e-07,-1.733128167688846588e-02
1.388554126024246216e-01,2.871147692203521729e-01,3.826960086822509766e+00,9.999538660049438477e-01,-4.598776344209909439e-03,2.638455247506499290e-03,8.014127612113952637e-03
1.159242510795593262e+00,6.668851971626281738e-01,7.044466495513916016e+00,9.999974370002746582e-01,2.255631843581795692e-03,-6.269550067372620106e-05,-3.632578300312161446e-04
2.609879970550537109e-01,6.955628395080566406e-01,2.641998291015625000e+00,1.000000000000000000e+00,2.140914730262011290e-04,1.942607777891680598e-04,-3.309090679977089167e-04
8.674556612968444824e-01,6.922533988952636719e+00,4.893924713134765625e+00,9.999989271163940430e-01,9.125420911004766822e-05,1.330198720097541809e-03,5.689483368769288063e-04
1.340560197830200195e+00,4.883391857147216797e+00,5.064877986907958984e+00,9.999976754188537598e-01,1.738351886160671711e-03,3.962383780162781477e-04,-1.227013184688985348e-03
1.498969793319702148e+00,2.343030929565429688e+00,5.097863197326660156e+00,9.999967217445373535e-01,-8.858946239342913032e-05,2.555968472734093666e-03,3.205827379133552313e-04
5.625206470489501953e+00,4.607934057712554932e-01,4.322035789489746094e+00,9.998886585235595703e-01,3.623540746048092842e-03,-4.973006900399923325e-03,1.359716895967721939e-02
6.187622547149658203e+00,4.921228408813476562e+00,2.742384433746337891e+00,9.999482631683349609e-01,6.118560209870338440e-03,-5.299248266965150833e-03,6.175111513584852219e-03
1.678125500679016113e+00,1.831472039222717285e+00,3.092617988586425781e+00,9.999997019767761230e-01,-2.682482299860566854e-04,-5.741686327382922173e-04,-4.172158951405435801e-04
4.592189311981201172e+00,6.094780445098876953e+00,3.762171745300292969e+00,1.000000000000000000e+00,-2.422762190690264106e-04,-4.160341050010174513e-04,-2.716908784350380301e-05
3.216923952102661133e+00,2.919312953948974609e+00,2.461578369140625000e+00,9.999987483024597168e-01,-3.402086731512099504e-04,5.713019054383039474e-04,-1.496964483521878719e-03
6.997513771057128906e+00,4.035634040832519531e+00,5.134490013122558594e+00,1.000000000000000000e+00,-6.029230280546471477e-05,2.374701289227232337e-04,-2.346360270166769624e-04
1.794987320899963379e+00,1.257436275482177734e+00,2.491739749908447266e+00,9.999971985816955566e-01,-5.158437488717027009e-05,-2.247291617095470428e-03,-7.583348779007792473e-04
7.100416660308837891e+00,1.613865494728088379e+00,2.473513126373291016e+00,9.999923706054687500e-01,2.932093339040875435e-03,2.335182856768369675e-03,1.137500512413680553e-03
1.075418829917907715e+00,5.709363460540771484e+00,4.014591693878173828e+00,9.999995827674865723e-01,-7.547361892648041248e-04,5.539699923247098923e-04,-3.282500547356903553e-04
5.732898712158203125e+00,3.424415826797485352e+00,4.733829975128173828e+00,9.999479055404663086e-01,-8.307730313390493393e-04,-9.545579552650451660e-03,-3.540833713486790657e-03
4.365162372589111328e+00,3.304528236389160156e+00,1.447873353958129883e+00,9.999980330467224121e-01,-1.511752721853554249e-03,-1.040997449308633804e-03,8.306027157232165337e-04
7.380731105804443359e+00,5.830605030059814453e+00,2.802605867385864258e+00,9.999994635581970215e-01,-4.646096786018460989e-04,8.686457877047359943e-04,2.584106696303933859e-04
5.186413764953613281e+00,6.415007591247558594e+00,6.601303219795227051e-01,9.999651312828063965e-01,-3.612154629081487656e-03,1.963527174666523933e-03,-7.268958725035190582e-03
6.498575806617736816e-01,3.218018531799316406e+00,4.485488414764404297e+00,9.999998211860656738e-01,-8.351977157872170210e-06,2.086793538182973862e-04,6.117123994044959545e-04
1.084132909774780273e+00,4.586891174316406250e+00,4.426642417907714844e+00,9.999760985374450684e-01,-6.905001588165760040e-03,-2.693910209927707911e-04,-3.799477708525955677e-04
6.076761245727539062e+00,4.140848159790039062e+00,4.535520553588867188e+00,9.999987483024597168e-01,1.175474957562983036e-03,6.645073299296200275e-04,-8.892260375432670116e-04
7.070134162902832031e+00,1.587980151176452637e+00,3.945783972740173340e-01,9.999986290931701660e-01,-1.169565482996404171e-03,-9.962766198441386223e-04,7.133171893656253815e-04
7.035204410552978516e+00,3.271370172500610352e+00,5.656015396118164062e+00,9.999806284904479980e-01,2.065287204459309578e-03,-2.676102332770824432e-03,5.234147422015666962e-03
1.226952791213989258e+00,7.795702815055847168e-01,3.694357395172119141e+00,9.999927282333374023e-01,1.646846532821655273e-03,-1.771534909494221210e-03,-2.943978877738118172e-03
2.361171960830688477e+00,1.334487199783325195e+00,3.951630115509033203e+00,9.999773502349853516e-01,-1.380293862894177437e-03,-5.814347881823778152e-03,3.095439169555902481e-03
8.093594312667846680e-01,4.623949527740478516e+00,1.336219549179077148e+00,9.999977350234985352e-01,-2.047280082479119301e-03,-6.232904852367937565e-04,-4.667713437811471522e-05
3.473973274230957031e+00,4.454975426197052002e-01,2.173238039016723633e+00,9.999980926513671875e-01,1.787884742952883244e-03,-3.578569740056991577e-04,7.809039670974016190e-04
5.880052089691162109e+00,8.960584998130798340e-01,1.275006294250488281e+00,9.999787807464599609e-01,-3.700905246660113335e-03,5.367977428250014782e-04,5.339033436030149460e-03
1.368061304092407227e-01,3.988045454025268555e+00,8.064769506454467773e-01,9.999980330467224121e-01,1.010604086332023144e-03,1.556787756271660328e-03,7.313833339139819145e-04
5.681529045104980469e+00,7.130218982696533203e+00,6.479256629943847656e+00,9.999428987503051758e-01,-1.670443685725331306e-03,8.849068544805049896e-03,-5.757031496614217758e-03
2.176808357238769531e+00,6.335350513458251953e+00,3.047966480255126953e+00,9.999957084655761719e-01,2.888175949919968843e-04,-2.108775312080979347e-03,2.043869346380233765e-03
3.432434082031250000e+00,4.721547126770019531e+00,6.852682113647460938e+00,9.999974966049194336e-01,2.471418119966983795e-04,1.672244048677384853e-03,-1.487586530856788158e-03
3.235825300216674805e+00,2.833189010620117188e+00,4.800766468048095703e+00,9.997170567512512207e-01,5.710641853511333466e-03,4.760040901601314545e-03,2.259868197143077850e-02
1.396542072296142578e+00,6.549114704132080078e+00,1.667025327682495117e+00,9.999809861183166504e-01,-7.434474537149071693e-04,-1.961600733920931816e-03,5.810464266687631607e-03
4.958831787109375000e+00,3.548637390136718750e+00,3.174297809600830078e+00,9.999578595161437988e-01,-5.818350240588188171e-03,-5.031239707022905350e-03,-5.007878877222537994e-03
2.868716478347778320e+00,1.075026988983154297e+00,1.413278698921203613e+00,9.999977350234985352e-01,-9.823235450312495232e-04,1.858327770605683327e-03,5.004937411285936832e-04
2.936931610107421875e+00,6.389924526214599609e+00,1.721222519874572754e+00,9.999415278434753418e-01,4.188447725027799606e-03,7.492447271943092346e-03,-6.577126681804656982e-03
1.919459253549575806e-01,3.954114198684692383e+00,5.184186458587646484e+00,9.999987483024597168e-01,-1.022048294544219971e-03,5.604595062322914600e-04,1.127735129557549953e-03
5.770709037780761719e+00,2.504812240600585938e+00,5.279435157775878906e+00,9.999958872795104980e-01,2.583757275715470314e-03,1.341297320323064923e-04,-1.285552163608372211e-03
5.601356029510498047e+00,3.265548467636108398e+00,1.560150504112243652e+00,9.999923706054687500e-01,-4.474384477362036705e-04,-3.885159967467188835e-03,-3.189902054145932198e-04
6.020298957824707031e+00,2.735089540481567383e+00,3.572924137115478516e+00,9.999909996986389160e-01,3.722399706020951271e-03,-2.049667527899146080e-03,2.774040331132709980e-04
1.863052129745483398e+00,1.477971196174621582e+00,4.634437084197998047e+00,9.999985694885253906e-01,1.071924576535820961e-03,5.059886025264859200e-04,-1.246816827915608883e-03
2.280225038528442383e+00,3.397357702255249023e+00,2.185253858566284180e+00,9.998992681503295898e-01,-1.115268282592296600e-02,-6.084327585995197296e-03,6.329291034489870071e-03
1.916495323181152344e+00,2.746127367019653320e+00,1.110130429267883301e+00,9.999971985816955566e-01,-1.122605055570602417e-03,2.066969405859708786e-03,-4.682495782617479563e-04
2.868862628936767578e+00,5.354143142700195312e+00,1.541718959808349609e+00,9.999985694885253906e-01,1.486760098487138748e-03,-6.807101308368146420e-04,5.372188170440495014e-04
4.805348873138427734e+00,7.196802616119384766e+00,1.441762208938598633e+00,9.999995827674865723e-01,-3.774083743337541819e-04,-3.153563011437654495e-04,8.521163836121559143e-04
1.173915743827819824e+00,2.581208944320678711e+00,7.319346427917480469e+00,9.999949932098388672e-01,2.266086667077615857e-04,3.128173761069774628e-03,5.223376792855560780e-04
1.511575579643249512e+00,1.153583899140357971e-01,4.638172626495361328e+00,9.999995231628417969e-01,-2.567318551882635802e-05,9.085685014724731445e-04,5.417873035185039043e-04
5.302618980407714844e+00,5.518475770950317383e-01,3.884996175765991211e+00,9.999995231628417969e-01,-2.554321099523804151e-06,-8.359816274605691433e-04,6.445852923206984997e-04
1.446089386940002441e+00,4.315864086151123047e+00,1.877081632614135742e+00,9.999977946281433105e-01,-6.213869783096015453e-04,2.026999369263648987e-03,-5.018690717406570911e-05
2.502190351486206055e+00,4.354892373085021973e-01,5.996559619903564453e+00,9.999945163726806641e-01,7.490713032893836498e-04,-2.519225701689720154e-03,2.043612767010927200e-03
4.511027336120605469e+00,6.873795509338378906e+00,6.631503582000732422e+00,9.998956322669982910e-01,-1.298266276717185974e-02,-6.321736145764589310e-03,-5.740618216805160046e-04
2.494124174118041992e+00,6.820639371871948242e-01,5.067769050598144531e+00,9.999982714653015137e-01,-1.463372493162751198e-03,4.284819879103451967e-04,1.117780804634094238e-03
6.985534667968750000e+00,6.342237472534179688e+00,6.143940448760986328e+00,9.999995231628417969e-01,-1.335601555183529854e-04,2.513260005798656493e-05,1.054076594300568104e-03
4.680515289306640625e+00,6.170494556427001953e+00,2.620513439178466797e+00,9.999994635581970215e-01,-8.106059394776821136e-04,-6.866396870464086533e-04,-7.620741962455213070e-05
6.356315612792968750e+00,5.023446559906005859e+00,4.995114803314208984e+00,9.999970793724060059e-01,-1.076624845154583454e-03,1.831573899835348129e-04,2.166932681575417519e-03
2.535586595535278320e+00,3.170623302459716797e+00,3.399453401565551758e+00,9.997723698616027832e-01,-4.867282230406999588e-03,2.040045149624347687e-02,3.920208662748336792e-03
1.891515254974365234e+00,2.962569475173950195e+00,4.582053184509277344e+00,9.999606609344482422e-01,-5.794951575808227062e-04,5.460919812321662903e-03,6.968922447413206100e-03
6.919042587280273438e+00,2.088976860046386719e+00,4.353318691253662109e+00,9.999783039093017578e-01,-4.697979427874088287e-03,-3.424206515774130821e-03,-3.094364423304796219e-03
4.218306541442871094e+00,6.526538848876953125e+00,4.367716789245605469e+00,9.999994635581970215e-01,7.067152182571589947e-04,-7.756362902000546455e-04,1.862506906036287546e-04
2.186696290969848633e+00,3.209810972213745117e+00,3.788749277591705322e-01,9.998902082443237305e-01,-2.641309285536408424e-03,-4.078199155628681183e-03,1.400350779294967651e-02
4.705175399780273438e+00,8.958277106285095215e-02,4.093217849731445312e+00,9.999999403953552246e-01,1.033513617585413158e-04,-5.079369293525815010e-04,1.036995236063376069e-04
7.103165626525878906e+00,6.091056346893310547e+00,2.818014860153198242e+00,9.999997615814208984e-01,-7.390744867734611034e-04,-1.493312302045524120e-04,1.667869364609941840e-04
7.303512096405029297e-01,2.524461269378662109e+00,4.450358450412750244e-01,9.996930956840515137e-01,-9.287660941481590271e-03,1.484623085707426071e-02,-1.752129755914211273e-02
5.628070831298828125e+00,1.617610096931457520e+00,4.225046038627624512e-01,9.999985694885253906e-01,-6.607077666558325291e-04,-9.249029681086540222e-04,-1.284778816625475883e-03
3.402964591979980469e+00,6.911641597747802734e+00,2.170150279998779297e+00,9.999939203262329102e-01,-1.724030706100165844e-03,-2.330811694264411926e-03,1.966047799214720726e-03
4.980145454406738281e+00,1.996781229972839355e+00,4.508519649505615234e+00,9.999992251396179199e-01,8.977173711173236370e-04,5.235910066403448582e-04,-7.847811211831867695e-04
9.370212554931640625e-01,6.073784828186035156e+00,6.101790904998779297e+00,9.999982118606567383e-01,5.137210246175527573e-04,-7.359455339610576630e-04,-1.712783356197178364e-03
1.523668766021728516e+00,4.695203304290771484e+00,6.653090476989746094e+00,9.999893307685852051e-01,3.158649662509560585e-03,2.812752733007073402e-03,1.855418551713228226e-03
5.315960884094238281e+00,2.446486711502075195e+00,3.563825368881225586e+00,9.999989271163940430e-01,-9.401621064171195030e-04,-8.020253153517842293e-04,8.386919507756829262e-04
1.744672060012817383e+00,3.941542625427246094e+00,7.185073852539062500e+00,9.998879432678222656e-01,-1.318099908530712128e-02,6.345534231513738632e-03,3.177866106852889061e-03
7.096554279327392578e+00,2.611589670181274414e+00,9.471980333328247070e-01,9.999998211860656738e-01,-3.811015340033918619e-04,-3.725604619830846786e-04,4.866672097705304623e-04
5.351798534393310547e+00,1.092066243290901184e-02,3.461267709732055664e+00,9.999830722808837891e-01,-4.691490903496742249e-03,2.053734147921204567e-03,2.769281389191746712e-03
4.687903881072998047e+00,5.214082717895507812e+00,5.989395141601562500e+00,9.999977946281433105e-01,1.894988818094134331e-03,4.207866368233226240e-05,-9.487232891842722893e-04
5.353108048439025879e-01,3.095125436782836914e+00,6.237903833389282227e-01,9.999904632568359375e-01,2.781572751700878143e-03,3.135582897812128067e-03,1.283674617297947407e-03
7.465770721435546875e+00,6.100461006164550781e+00,6.643959999084472656e+00,9.999595284461975098e-01,8.639791049063205719e-03,-9.367187158204615116e-05,-2.517580986022949219e-03
3.621009588241577148e+00,2.492034196853637695e+00,7.224225401878356934e-01,9.999988675117492676e-01,1.514854811830446124e-04,-1.469722716137766838e-03,4.834254214074462652e-04
6.442374229431152344e+00,2.757431268692016602e+00,2.823025226593017578e+00,9.998933076858520508e-01,4.676772747188806534e-03,-7.321293465793132782e-03,1.174760982394218445e-02
5.481107711791992188e+00,9.730343706905841827e-03,6.045799255371093750e+00,9.999946951866149902e-01,2.822396112605929375e-03,1.160014653578400612e-03,1.192136784084141254e-03
1.396087288856506348e+00,2.182465076446533203e+00,1.662364602088928223e+00,9.999948740005493164e-01,-8.680266910232603550e-04,1.790276961401104927e-03,-2.525975927710533142e-03
6.135149478912353516e+00,3.171594858169555664e+00,4.258799552917480469e+00,9.999927878379821777e-01,3.464088775217533112e-03,1.532743917778134346e-03,4.839313041884452105e-04
2.343012332916259766e+00,2.246949970722198486e-01,5.928186699748039246e-02,9.999380111694335938e-01,-7.280920632183551788e-03,8.379738777875900269e-03,-8.731595007702708244e-04
3.302835226058959961e+00,4.736228942871093750e+00,4.085979759693145752e-01,9.999713301658630371e-01,1.156832790002226830e-03,-3.668395569548010826e-03,6.524959579110145569e-03
1.719369292259216309e+00,1.896687030792236328e+00,3.794834852218627930e+00,9.999988079071044922e-01,5.234855925664305687e-04,1.419592415913939476e-03,-2.779166388791054487e-04
5.625151395797729492e-01,5.313635826110839844e+00,6.552436351776123047e+00,9.999998807907104492e-01,2.495996013749390841e-04,-3.648074198281392455e-05,-5.721264751628041267e-04
4.016331672668457031e+00,7.030817985534667969e+00,3.875438690185546875e+00,9.998921751976013184e-01,-6.434103939682245255e-03,1.281744148582220078e-02,3.166680689901113510e-03
5.376624107360839844e+00,2.628254413604736328e+00,2.601067349314689636e-02,9.999994039535522461e-01,2.064767613774165511e-04,-9.740766836330294609e-04,-5.901779513806104660e-04
5.617255210876464844e+00,3.924117565155029297e+00,5.702001571655273438e+00,9.998455047607421875e-01,3.997808322310447693e-03,-1.669233664870262146e-02,3.794456133618950844e-03
2.530122280120849609e+00,5.443551063537597656e+00,9.942627549171447754e-01,9.999995827674865723e-01,5.563071463257074356e-04,4.629260511137545109e-04,5.901072872802615166e-04
5.023108482360839844e+00,3.199640035629272461e+00,6.253623962402343750e+00,9.998006820678710938e-01,-1.480074133723974228e-02,-7.224882952868938446e-03,1.128473225980997086e-02
3.139111518859863281e+00,5.302043914794921875e+00,6.419737815856933594e+00,9.998751878738403320e-01,1.294063776731491089e-02,-2.566637471318244934e-03,8.700347505509853363e-03
5.888453960418701172e+00,7.344935894012451172e+00,5.762019634246826172e+00,9.997931718826293945e-01,2.043265383690595627e-03,-1.503570843487977982e-02,-1.353822089731693268e-02
6.778156757354736328e+00,6.074652671813964844e-01,2.411313056945800781e+00,9.999891519546508789e-01,3.389605088159441948e-03,2.227358752861618996e-03,-2.322204411029815674e-03
6.282741069793701172e+00,1.857625961303710938e+00,4.747622489929199219e+00,9.999808073043823242e-01,-1.522967359051108360e-03,-5.374425090849399567e-03,-2.682511927559971809e-03
2.585642337799072266e+00,3.417949676513671875e+00,4.649088382720947266e-01,9.999721050262451172e-01,-3.488886286504566669e-04,7.427572738379240036e-03,7.374768028967082500e-04
4.113429546356201172e+00,1.081191778182983398e+00,5.753206610679626465e-01,9.999770522117614746e-01,-4.579029511660337448e-03,4.706878680735826492e-03,1.680678804405033588e-03
2.978569984436035156e+00,2.180974960327148438e+00,4.903915405273437500e+00,9.998570084571838379e-01,1.052470784634351730e-02,-1.262225583195686340e-02,-3.984234295785427094e-03
3.741567373275756836e+00,1.934582829475402832e+00,6.997517585754394531e+00,9.999155998229980469e-01,4.876352380961179733e-03,-8.536656387150287628e-03,8.501016534864902496e-03
4.600571155548095703e+00,6.260178089141845703e-01,6.585660934448242188e+00,9.999986290931701660e-01,-1.437094295397400856e-03,6.839071866124868393e-04,-5.692127742804586887e-04
4.893390178680419922e+00,5.352513313293457031e+00,9.513357877731323242e-01,9.999163746833801270e-01,1.202338840812444687e-02,-3.181371837854385376e-03,3.543774597346782684e-03
5.932699203491210938e+00,3.090697050094604492e+00,6.957489490509033203e+00,9.999960064888000488e-01,-2.399065531790256500e-03,1.397655345499515533e-03,-5.815711920149624348e-04
2.284858375787734985e-01,4.266195297241210938e+00,2.484465837478637695e+00,9.999158978462219238e-01,1.179335266351699829e-02,-4.361489787697792053e-03,-3.187505295500159264e-03
4.459457874298095703e+00,1.965605378150939941e+00,6.233320713043212891e+00,9.999987483024597168e-01,1.243138802237808704e-03,7.280929712578654289e-04,-7.463879301212728024e-04
7.219373583793640137e-01,7.206947326660156250e+00,4.125312805175781250e+00,9.999752640724182129e-01,-2.697445219382643700e-03,6.490487605333328247e-03,3.318715607747435570e-04
3.423534393310546875e+00,6.347849369049072266e+00,7.106415748596191406e+00,9.999614953994750977e-01,-2.785966731607913971e-03,7.912697270512580872e-03,2.575674559921026230e-03
6.873645782470703125e-01,4.185739040374755859e+00,1.442058235406875610e-01,9.999844431877136230e-01,2.804317278787493706e-03,1.388768781907856464e-03,4.629307892173528671e-03
6.764455437660217285e-01,6.115160465240478516e+00,1.360080242156982422e+00,1.000000000000000000e+00,-6.438883428927510977e-05,-1.553758920636028051e-04,-1.683250593487173319e-04
6.508664131164550781e+00,7.249378204345703125e+00,3.132408857345581055e+00,9.998091459274291992e-01,-1.851026341319084167e-02,6.161028519272804260e-03,1.016000867821276188e-03
2.506997823715209961e+00,4.680907249450683594e+00,2.820803165435791016e+00,9.999992251396179199e-01,-7.547584245912730694e-04,-7.438414031639695168e-04,-7.621689583174884319e-04
2.795979022979736328e+00,4.729428291320800781e+00,7.177343845367431641e+00,9.997976422309875488e-01,-7.632942870259284973e-03,1.375238224864006042e-02,-1.254160702228546143e-02
2.484644412994384766e+00,1.501099109649658203e+00,3.303490638732910156e+00,9.999976158142089844e-01,-5.741799250245094299e-04,1.171853393316268921e-03,-1.764836488291621208e-03
9.024340510368347168e-01,2.164683341979980469e+00,7.920667529106140137e-01,9.999976158142089844e-01,-1.678128261119127274e-03,-1.181382336653769016e-03,8.198136929422616959e-04
1.863670706748962402e+00,6.797485351562500000e+00,5.079284667968750000e+00,9.999942779541015625e-01,2.453925320878624916e-03,-1.730592222884297371e-03,1.614963286556303501e-03
1.556006371974945068e-01,5.906579971313476562e+00,6.467224121093750000e+00,9.999781250953674316e-01,1.695446902886033058e-03,-2.139458199962973595e-03,6.027535069733858109e-03
6.150970935821533203e+00,5.849479675292968750e+00,1.362370371818542480e+00,9.999961853027343750e-01,1.653213170357048512e-03,1.385565847158432007e-03,1.764282933436334133e-03
5.773906707763671875e+00,1.621006131172180176e+00,5.319167613983154297e+00,9.999977946281433105e-01,-1.512803719379007816e-03,-9.505007765255868435e-04,-1.148482086136937141e-03
7.397336006164550781e+00,8.590213060379028320e-01,3.862754344940185547e+00,9.999995827674865723e-01,7.849305984564125538e-04,6.141427438706159592e-04,1.109344229917041957e-04
2.803463220596313477e+00,5.354606628417968750e+00,5.946590900421142578e+00,9.999943971633911133e-01,1.866919221356511116e-03,-2.807716839015483856e-03,1.760908489814028144e-04
4.391790866851806641e+00,6.046438217163085938e+00,5.640877723693847656e+00,9.999998211860656738e-01,3.389736521057784557e-04,-1.253259397344663739e-04,-5.969002377241849899e-04
2.280924081802368164e+00,5.454749107360839844e+00,4.715092182159423828e+00,9.999986886978149414e-01,-2.567331248428672552e-04,1.628776546567678452e-03,-2.566805924288928509e-04
1.073303222656250000e+00,3.517693042755126953e+00,4.130179405212402344e+00,9.999911189079284668e-01,3.792639356106519699e-03,-1.204014639370143414e-03,-1.443083281628787518e-03
4.097010135650634766e+00,4.419490337371826172e+00,5.192214250564575195e-01,9.999991059303283691e-01,3.686052514240145683e-04,1.154131605289876461e-03,6.638845079578459263e-04
3.837149441242218018e-01,6.837339878082275391e+00,6.733596801757812500e+00,9.999904036521911621e-01,3.938303794711828232e-03,-1.936307642608880997e-03,-2.387021086178719997e-04
5.572764396667480469e+00,1.445824027061462402e+00,7.101107835769653320e-01,9.999977350234985352e-01,-1.330071536358445883e-04,-1.192686031572520733e-03,-1.791606307961046696e-03
5.103636741638183594e+00,9.856666326522827148e-01,3.624855995178222656e+00,9.999994039535522461e-01,4.070579889230430126e-04,-7.960461662150919437e-04,6.756549701094627380e-04
6.176838874816894531e+00,4.985809326171875000e+00,7.096369743347167969e+00,9.999918341636657715e-01,-1.050089253112673759e-03,3.871892113238573074e-03,-5.112795042805373669e-04
2.724553346633911133e+00,4.266315460205078125e+00,4.755487918853759766e+00,9.999470710754394531e-01,7.558072451502084732e-03,4.102201201021671295e-03,5.659468937665224075e-03
2.818326473236083984e+00,6.389534473419189453e+00,2.796569824218750000e+00,9.999753832817077637e-01,1.115483697503805161e-03,6.751889828592538834e-03,1.541570760309696198e-03
4.600034236907958984e+00,1.230214834213256836e+00,2.489514112472534180e+00,9.999750852584838867e-01,-1.858324743807315826e-03,6.746908184140920639e-03,-9.335641516372561455e-04
4.981398582458496094e+00,3.750165224075317383e+00,7.041112899780273438e+00,9.999995231628417969e-01,-3.120134060736745596e-04,8.757464238442480564e-04,-4.194735374767333269e-04
1.131675481796264648e+00,5.301692962646484375e+00,7.095233440399169922e+00,9.999998807907104492e-01,-3.089378587901592255e-04,-7.975682819960638881e-05,-5.653116968460381031e-04
6.740313053131103516e+00,1.005360484123229980e+00,2.957829833030700684e-01,9.999656081199645996e-01,-3.680679219542071223e-05,-4.384472966194152832e-03,7.037712261080741882e-03
4.170983791351318359e+00,2.566116094589233398e+00,4.602705478668212891e+00,9.999206066131591797e-01,-9.871316142380237579e-03,-4.896086174994707108e-03,6.123246625065803528e-03
5.503609180450439453e+00,2.086999654769897461e+00,3.836483716964721680e+00,9.999967813491821289e-01,5.482329470396507531e-07,7.803270127624273300e-04,2.440322190523147583e-03
4.854220867156982422e+00,5.461662769317626953e+00,6.694244384765625000e+00,9.999583363533020020e-01,-7.233767770230770111e-03,-1.134866732172667980e-03,5.458037834614515305e-03
1.880034804344177246e+00,4.964180469512939453e+00,2.323982000350952148e+00,9.999989867210388184e-01,-8.104295702651143074e-04,-8.267394732683897018e-04,-9.061826276592910290e-04
6.164834499359130859e+00,2.654253005981445312e+00,1.147328376770019531e+00,9.999934434890747070e-01,-3.194599878042936325e-03,1.706312294118106365e-03,-2.538686385378241539e-04
4.614852428436279297e+00,5.361515998840332031e+00,2.320126444101333618e-01,9.999942779541015625e-01,-3.479206061456352472e-04,6.719685043208301067e-04,3.300487762317061424e-03
7.122365474700927734e+00,2.774570703506469727e+00,4.561504840850830078e+00,9.998943209648132324e-01,-1.326439157128334045e-02,1.748653128743171692e-03,5.687348544597625732e-03
9.884733557701110840e-01,6.807494640350341797e+00,1.477236151695251465e+00,9.999997615814208984e-01,1.919403148349374533e-04,-3.898198337992653251e-05,7.357166614383459091e-04
6.561565399169921875e+00,2.815870046615600586e-01,3.372313499450683594e+00,9.999791979789733887e-01,-6.103610619902610779e-03,9.760820539668202400e-04,1.861354103311896324e-03
1.223396778106689453e+00,2.806430101394653320e+00,1.995678424835205078e+00,9.999342560768127441e-01,1.896037283586338162e-04,-1.140690222382545471e-02,1.192050636745989323e-03
4.005106925964355469e+00,3.571253299713134766e+00,3.321692228317260742e+00,9.999990463256835938e-01,-8.483751444146037102e-04,1.142666907981038094e-03,6.878448039060458541e-05
2.197319746017456055e+00,6.940424442291259766e+00,6.638204574584960938e+00,9.999980330467224121e-01,-1.802955172024667263e-03,-8.793516899459064007e-04,5.765713649452663958e-05
5.211447238922119141e+00,7.477698802947998047e+00,4.307158946990966797e+00,9.999986886978149414e-01,7.311675581149756908e-04,1.439677318558096886e-03,-2.652495168149471283e-04
4.685989379882812500e+00,2.882167339324951172e+00,6.666331291198730469e+00,9.999933242797851562e-01,-1.959250774234533310e-03,2.045006724074482918e-03,-2.338189631700515747e-03
6.990488529205322266e+00,2.087121486663818359e+00,5.486468315124511719e+00,9.999994039535522461e-01,-3.046051424462348223e-04,8.640951127745211124e-04,6.293322076089680195e-04
8.233503699302673340e-01,1.974630713462829590e+00,2.286702394485473633e+00,9.999958276748657227e-01,-2.946490712929517031e-04,-2.710167085751891136e-03,-1.003110315650701523e-03
2.760352373123168945e+00,1.920470446348190308e-01,1.037386894226074219e+00,9.999985098838806152e-01,1.553052570670843124e-03,1.116052371799014509e-04,7.937175687402486801e-04
1.544511765241622925e-01,3.812508106231689453e+00,7.201848983764648438e+00,9.999989271163940430e-01,3.722187466337345541e-05,-1.398193184286355972e-03,5.802655359730124474e-04
4.318238735198974609e+00,2.457122802734375000e+00,3.219942331314086914e+00,9.999754428863525391e-01,6.699065677821636200e-03,1.863474724814295769e-03,-8.486667065881192684e-04
6.146310329437255859e+00,5.341801166534423828e+00,4.734718054533004761e-02,9.999777674674987793e-01,-2.404976636171340942e-03,-3.967157099395990372e-03,4.799918271601200104e-03
4.360678672790527344e+00,1.566184997558593750e+00,6.521101951599121094e+00,9.999997615814208984e-01,5.759904161095619202e-04,-7.658845424884930253e-05,-5.645797355100512505e-04
2.167618989944458008e+00,3.732142210006713867e+00,3.886332750320434570e+00,9.998943805694580078e-01,6.556843873113393784e-03,1.120491791516542435e-02,-6.539535708725452423e-03
5.390869379043579102e-01,1.435698747634887695e+00,1.288082599639892578e-01,9.999998211860656738e-01,6.796880916226655245e-05,-6.755870999768376350e-04,1.013011933537200093e-04
4.302723884582519531e+00,6.193118095397949219e+00,1.346077799797058105e+00,9.999982118606567383e-01,1.118341577239334583e-03,-7.888405234552919865e-04,1.371557242237031460e-03
5.372420310974121094e+00,4.391800403594970703e+00,6.358682632446289062e+00,9.999349713325500488e-01,8.463022822979837656e-06,-1.554438378661870956e-03,1.130146346986293793e-02
1.894838809967041016e+00,3.035195827484130859e+00,3.189895391464233398e+00,9.999756217002868652e-01,4.551800899207592010e-03,-1.454834593459963799e-03,-5.105652846395969391e-03
3.052284717559814453e+00,2.819868087768554688e+00,2.923558056354522705e-01,9.999558925628662109e-01,-1.826029154472053051e-03,-8.594261482357978821e-03,-3.345901612192392349e-03
6.496231555938720703e-01,4.161117553710937500e+00,5.215004920959472656e+00,9.999986886978149414e-01,-1.019579707644879818e-03,-1.135711907409131527e-03,4.611332260537892580e-04
2.768585443496704102e+00,2.841084241867065430e+00,1.452290058135986328e+00,9.999873638153076172e-01,-4.477788228541612625e-03,-1.545588485896587372e-03,-1.720040570944547653e-03
3.543330907821655273e+00,6.446869373321533203e+00,4.309130191802978516e+00,9.999995827674865723e-01,-6.347268936224281788e-04,6.380811100825667381e-04,2.825052069965749979e-04
6.442398071289062500e+00,5.712337493896484375e+00,5.973719120025634766e+00,9.999999403953552246e-01,2.812474267557263374e-04,-2.748323640844319016e-05,4.290404031053185463e-04
5.694104433059692383e-01,6.831762790679931641e+00,7.234524726867675781e+00,9.999978542327880859e-01,2.044511260464787483e-03,4.985940176993608475e-04,-1.515096209914190695e-05
2.520303726196289062e+00,6.333106994628906250e+00,3.696869134902954102e+00,9.999900460243225098e-01,2.326285699382424355e-03,3.626588499173521996e-03,1.192899653688073158e-03
4.352928638458251953e+00,2.848081350326538086e+00,3.582969307899475098e-01,9.999994635581970215e-01,8.940406842157244682e-04,-3.267714928369969130e-04,4.050993593409657478e-04
1.609693765640258789e+00,5.471174240112304688e+00,5.562627315521240234e+00,9.999992251396179199e-01,9.042444289661943913e-04,-5.579487769864499569e-04,7.554010371677577496e-04
1.093698859214782715e+00,4.095439434051513672e+00,1.199930682778358459e-01,9.999993443489074707e-01,-7.094311295077204704e-04,-9.231196600012481213e-04,2.232113911304622889e-04
9.055428504943847656e-01,3.471734762191772461e+00,3.800114870071411133e+00,9.998721480369567871e-01,-1.497459784150123596e-02,5.610862746834754944e-03,-1.173342461697757244e-04
1.021152496337890625e+00,6.277686953544616699e-01,8.247405290603637695e-01,9.999952316284179688e-01,6.438508862629532814e-04,-2.623537555336952209e-03,1.544606988318264484e-03
3.833147048950195312e+00,4.486966133117675781e+00,3.723099708557128906e+00,9.999995827674865723e-01,-8.763762307353317738e-04,-4.601258551701903343e-04,7.510848081437870860e-05
5.934462547302246094e+00,4.718992233276367188e+00,3.915509939193725586e+00,9.999980330467224121e-01,9.924145415425300598e-04,-1.182133215479552746e-03,1.303300261497497559e-03
5.712470531463623047e+00,6.774217128753662109e+00,5.993280410766601562e+00,9.999812841415405273e-01,2.400956582278013229e-03,-2.631677780300378799e-03,-4.984310362488031387e-03
5.468343734741210938e+00,6.175565242767333984e+00,5.569240570068359375e+00,9.999981522560119629e-01,9.414802188985049725e-04,-1.119334949180483818e-03,-1.292261644266545773e-03
3.541019678115844727e+00,7.231584548950195312e+00,5.047290325164794922e+00,9.999948740005493164e-01,-2.248216653242707253e-03,-2.066150540485978127e-03,-9.517016005702316761e-04
5.264308452606201172e+00,3.329786300659179688e+00,3.065909862518310547e+00,9.997485280036926270e-01,5.019999574869871140e-03,-1.591890677809715271e-02,-1.497396733611822128e-02
6.813712716102600098e-01,7.996137142181396484e-01,1.633401155471801758e+00,9.998880624771118164e-01,-9.127371013164520264e-03,1.174971461296081543e-02,1.607820624485611916e-03
7.050051689147949219e-01,5.471161365509033203e+00,3.771200180053710938e+00,9.999886751174926758e-01,-2.332377014681696892e-03,2.890410134568810463e-03,3.004795406013727188e-03
5.609190464019775391e+00,2.321096181869506836e+00,6.663403511047363281e-01,9.999970197677612305e-01,2.095536096021533012e-03,-7.809301023371517658e-04,-1.068363431841135025e-03
7.498590946197509766e+00,1.772370100021362305e+00,2.018976211547851562e+00,9.999985694885253906e-01,1.435509300790727139e-03,6.516101420857012272e-04,6.721526733599603176e-04
7.342762470245361328e+00,5.920729637145996094e+00,5.108753204345703125e+00,9.999871850013732910e-01,2.226152457296848297e-03,-4.481619223952293396e-03,-8.179856231436133385e-04
4.674767971038818359e+00,4.398590564727783203e+00,5.528530597686767578e+00,9.998859763145446777e-01,-1.055723242461681366e-02,-8.866094984114170074e-03,6.172738503664731979e-03
3.479264974594116211e+00,5.823706150054931641e+00,1.813252806663513184e+00,9.999932050704956055e-01,-1.716300146654248238e-03,3.238266566768288612e-03,5.542926373891532421e-04
2.122754812240600586e+00,2.953791141510009766e+00,2.047888278961181641e+00,9.997066259384155273e-01,-1.502298284322023392e-02,-3.532069036737084389e-03,1.866878755390644073e-02
4.744833469390869141e+00,6.677604317665100098e-01,2.367350339889526367e+00,9.999744892120361328e-01,-7.070706691592931747e-03,9.827075991779565811e-04,3.631141444202512503e-04
4.785590648651123047e+00,4.331151962280273438e+00,2.769809722900390625e+00,9.999337792396545410e-01,1.981475623324513435e-03,-1.017932314425706863e-02,4.997151438146829605e-03
2.231399059295654297e+00,3.660143852233886719e+00,2.821191310882568359e+00,9.999961853027343750e-01,1.182845211587846279e-03,-1.509287045337259769e-03,-2.030207077041268349e-03
5.314890384674072266e+00,6.369970798492431641e+00,2.113746404647827148e+00,9.997702836990356445e-01,1.005950942635536194e-02,-3.572331508621573448e-03,1.859025284647941589e-02
5.271985530853271484e+00,3.636218011379241943e-01,4.224812507629394531e+00,9.999946355819702148e-01,-3.156099235638976097e-03,-7.242461433634161949e-04,-5.566210602410137653e-04
6.580376625061035156e+00,4.833536624908447266e+00,2.569615125656127930e+00,9.999802112579345703e-01,2.569590462371706963e-03,-7.106354460120201111e-04,5.712176673114299774e-03
4.351831436157226562e+00,3.216573476791381836e+00,1.827862977981567383e+00,9.999931454658508301e-01,-2.461942611262202263e-03,-2.383800223469734192e-03,1.432481687515974045e-03
1.577462553977966309e+00,4.530485153198242188e+00,4.308814048767089844e+00,9.998529553413391113e-01,9.430873207747936249e-03,-1.145250163972377777e-02,8.609898388385772705e-03
1.249703690409660339e-01,1.995211720466613770e+00,5.830947875976562500e+00,9.999984502792358398e-01,-2.039083919953554869e-04,-1.534855924546718597e-03,8.046060102060437202e-04
4.178887367248535156e+00,2.222947597503662109e+00,9.148883074522018433e-02,9.999980926513671875e-01,-1.950178295373916626e-03,2.022521657636389136e-04,1.664407755015417933e-04
1.790305256843566895e+00,2.112219810485839844e+00,4.423650741577148438e+00,9.998505711555480957e-01,-9.494982659816741943e-03,-1.193945854902267456e-02,-8.131657727062702179e-03
3.880803108215332031e+00,6.698460102081298828e+00,5.952332496643066406e+00,9.999024868011474609e-01,9.605976752936840057e-03,1.995162107050418854e-03,-9.939835406839847565e-03
1.789812326431274414e+00,7.096966266632080078e+00,5.922038555145263672e+00,9.999981522560119629e-01,-1.844379934482276440e-03,5.801105871796607971e-04,4.309947325964458287e-05
5.977362632751464844e+00,3.763188362121582031e+00,4.541525840759277344e+00,9.999421834945678711e-01,1.051858533173799515e-02,-1.222969498485326767e-03,-1.892126980237662792e-03
3.486699759960174561e-01,2.228500127792358398e+00,6.698457241058349609e+00,9.999995231628417969e-01,-1.694568054517731071e-04,1.386647782055661082e-04,9.929718216881155968e-04
5.720035076141357422e+00,6.694065928459167480e-01,2.669859170913696289e+00,9.999937415122985840e-01,1.722193206660449505e-03,-1.940762973390519619e-03,-2.432025503367185593e-03
2.480071038007736206e-01,6.291057586669921875e+00,4.103981971740722656e+00,1.000000000000000000e+00,1.703636953607201576e-04,8.629762305645272136e-06,-1.943977113114669919e-04
6.370471954345703125e+00,5.337167978286743164e-01,4.269158840179443359e+00,9.999123215675354004e-01,1.146060414612293243e-03,-1.026017870754003525e-02,-8.299069479107856750e-03
4.941596508026123047e+00,7.231130599975585938e+00,2.211720705032348633e+00,9.999986886978149414e-01,1.369638950563967228e-03,-1.309432409470900893e-04,9.352610795758664608e-04
7.316676616668701172e+00,5.000638008117675781e+00,5.745609283447265625e+00,9.999974370002746582e-01,-1.075565698556602001e-03,1.953267958015203476e-03,-4.215661319904029369e-04
3.143090248107910156e+00,7.490499973297119141e+00,2.534908771514892578e+00,9.999453425407409668e-01,-6.451700814068317413e-03,7.967836223542690277e-03,2.085317391902208328e-03
5.996661782264709473e-01,4.027867317199707031e-01,1.718943834304809570e+00,9.999916553497314453e-01,3.938072826713323593e-03,4.765543562825769186e-04,1.021377160213887691e-03
6.074638962745666504e-01,4.394069194793701172e+00,4.847429275512695312e+00,9.999732375144958496e-01,3.787015564739704132e-03,6.214012857526540756e-03,-7.957927300594747066e-04
4.464939534664154053e-01,6.751114845275878906e+00,1.575804233551025391e+00,9.999985694885253906e-01,-1.296437517339654732e-06,-1.514066476374864578e-03,8.280711481347680092e-04
4.757610321044921875e+00,6.530281543731689453e+00,4.633177757263183594e+00,9.999992251396179199e-01,3.572964487830176950e-05,-2.857075305655598640e-04,-1.283862860873341560e-03
1.254345297813415527e+00,7.043301582336425781e+00,3.531010866165161133e+00,9.999982714653015137e-01,-1.421923981979489326e-03,-6.541508482769131660e-04,-1.083258539438247681e-03
4.615429878234863281e+00,2.242477655410766602e+00,5.473089694976806641e+00,9.998763799667358398e-01,1.115712616592645645e-02,5.374495405703783035e-03,9.687748737633228302e-03
1.879662275314331055e+00,4.651766777038574219e+00,3.965057373046875000e+00,9.999880194664001465e-01,-4.722979851067066193e-03,-1.217333134263753891e-03,-4.883383517153561115e-04
1.897576332092285156e+00,4.072897911071777344e+00,4.527007579803466797e+00,9.998817443847656250e-01,1.592723769135773182e-03,5.387985147535800934e-03,1.431920006871223450e-02
4.658844947814941406e+00,3.095708131790161133e+00,3.742368459701538086e+00,9.999975562095642090e-01,-1.968106953427195549e-03,6.740103708580136299e-04,7.923922967165708542e-04
7.135957717895507812e+00,3.143562376499176025e-02,1.214978545904159546e-01,9.999995231628417969e-01,-4.884267691522836685e-04,-6.923245382495224476e-04,5.696919979527592659e-04
4.533194065093994141e+00,4.149696826934814453e-01,5.903165340423583984e+00,9.999991059303283691e-01,3.487288777250796556e-04,-1.322150928899645805e-03,-9.292095637647435069e-05
6.914995908737182617e-01,4.022916793823242188e+00,5.785369873046875000e-01,9.999741911888122559e-01,4.078187514096498489e-03,-5.575520917773246765e-03,1.959335058927536011e-03
1.350025177001953125e+00,6.853632450103759766e+00,6.160643100738525391e+00,9.999881982803344727e-01,-2.050430979579687119e-03,-1.203807914862409234e-04,-4.412719048559665680e-03
5.078851699829101562e+00,7.309337854385375977e-01,7.402401924133300781e+00,9.999994635581970215e-01,-8.088997565209865570e-04,-4.290024517104029655e-04,-6.014660466462373734e-04
2.954021990299224854e-01,7.457770347595214844e+00,2.593198537826538086e+00,9.999932646751403809e-01,-3.511443035677075386e-03,6.416825926862657070e-04,-9.154775179922580719e-04
6.040973663330078125e+00,5.887988090515136719e+00,3.456535935401916504e-01,9.999962449073791504e-01,-2.129739383235573769e-03,-5.325637175701558590e-04,-1.662771101109683514e-03
3.990933895111083984e+00,2.602788448333740234e+00,7.277657508850097656e+00,9.999824166297912598e-01,-4.847778938710689545e-03,3.111294936388731003e-03,1.422306173481047153e-03
4.562448024749755859e+00,3.428466796875000000e+00,2.563387155532836914e+00,9.999631643295288086e-01,3.795452066697180271e-04,3.040759125724434853e-03,8.028720505535602570e-03
2.090204000473022461e+00,7.307113647460937500e+00,3.773746192455291748e-01,9.999994039535522461e-01,8.610953809693455696e-04,5.933312349952757359e-04,-5.014388589188456535e-04
1.522494435310363770e+00,6.159733295440673828e+00,4.434670448303222656e+00,9.999744296073913574e-01,3.617968177422881126e-03,1.465632230974733829e-03,-5.994441453367471695e-03
3.635822772979736328e+00,7.846076488494873047e-01,5.726775646209716797e+00,9.999999403953552246e-01,-3.179834457114338875e-04,2.933960640802979469e-04,-1.885970705188810825e-04
2.233947038650512695e+00,1.142703533172607422e+00,4.374178409576416016e+00,9.999960660934448242e-01,1.569616841152310371e-03,-2.281734952703118324e-03,5.484004504978656769e-04
5.234608650207519531e+00,9.638047814369201660e-01,9.893817454576492310e-02,9.999994635581970215e-01,-3.794822550844401121e-04,-4.904099041596055031e-04,-8.999336860142648220e-04
5.605996131896972656e+00,5.253726005554199219e+00,2.526056528091430664e+00,9.999505877494812012e-01,1.838862313888967037e-03,5.172250326722860336e-03,8.297479711472988129e-03
5.811546444892883301e-01,7.134431362152099609e+00,6.892674922943115234e+00,9.998527765274047852e-01,-1.737307138682808727e-05,-1.714125834405422211e-02,-7.500385399907827377e-04
1.271409749984741211e+00,4.465886116027832031e+00,6.966782093048095703e+00,9.999996423721313477e-01,-3.157337196171283722e-04,4.053102456964552402e-04,7.493623415939509869e-04
1.729234576225280762e+00,2.325680255889892578e+00,5.808846473693847656e+00,9.999996423721313477e-01,-4.442448553163558245e-04,7.696545799262821674e-04,9.647277329349890351e-05
6.467115879058837891e+00,7.206175804138183594e+00,1.230534985661506653e-01,9.999515414237976074e-01,8.092623203992843628e-03,-1.186051522381603718e-03,5.477317608892917633e-03
4.946395874023437500e+00,7.194985866546630859e+00,4.261886596679687500e+00,9.999992251396179199e-01,1.268026651814579964e-03,1.960717636393383145e-04,7.273329538293182850e-05
3.874710321426391602e+00,9.032088518142700195e-01,4.607562065124511719e+00,9.999997615814208984e-01,6.432182271964848042e-04,-2.811876474879682064e-04,3.807879984378814697e-04
6.369266033172607422e+00,6.972220897674560547e+00,7.328690528869628906e+00,9.999847412109375000e-01,-5.511689814738929272e-04,-1.646106014959514141e-03,5.262919701635837555e-03
3.846134185791015625e+00,2.618954420089721680e+00,2.543835639953613281e+00,9.999980926513671875e-01,-1.471651135943830013e-03,1.178588601760566235e-03,6.092046969570219517e-04
6.723823547363281250e+00,4.920599937438964844e+00,4.707028865814208984e+00,9.999988675117492676e-01,-1.039404189214110374e-03,-1.034723827615380287e-03,4.488118865992873907e-04
1.276439189910888672e+00,3.837797164916992188e+00,7.264228820800781250e+00,9.999909996986389160e-01,-2.187865786254405975e-03,8.612342644482851028e-04,-3.555160481482744217e-03
2.489569664001464844e+00,4.307467341423034668e-01,4.595835208892822266e+00,9.999971985816955566e-01,4.432948480825871229e-04,1.381833222694694996e-03,1.891515683382749557e-03
3.710790872573852539e+00,3.967359304428100586e+00,2.219722747802734375e+00,9.999911189079284668e-01,2.069103531539440155e-03,3.618052462115883827e-03,-6.118115852586925030e-04
6.594737529754638672e+00,3.926211357116699219e+00,2.073779582977294922e+00,9.998894333839416504e-01,-3.978479653596878052e-04,-1.473491545766592026e-02,-1.989063108339905739e-03
6.786115169525146484e+00,7.300185680389404297e+00,7.447954177856445312e+00,9.999812245368957520e-01,-1.806878368370234966e-03,-5.184706300497055054e-03,-2.717614639550447464e-03
4.962815284729003906e+00,4.960335254669189453e+00,7.048322558403015137e-01,9.999981522560119629e-01,-1.199070829898118973e-04,-3.133576537948101759e-04,1.924782292917370796e-03
6.808689594268798828e+00,5.948292255401611328e+00,3.891888380050659180e+00,9.999971389770507812e-01,1.475484459660947323e-03,-1.732200267724692822e-03,-8.518187678419053555e-04
9.726877212524414062e-01,5.750552177429199219e+00,3.108461380004882812e+00,9.999988079071044922e-01,-5.055014044046401978e-04,1.435874379239976406e-03,-4.107718705199658871e-04
6.372429847717285156e+00,1.342006087303161621e+00,3.597180604934692383e+00,9.999887347221374512e-01,-4.441203782334923744e-04,3.948208875954151154e-03,-2.582452958449721336e-03
4.532828330993652344e+00,4.269643783569335938e+00,2.573012113571166992e-01,9.999278187751770020e-01,-3.654529107734560966e-03,8.604951202869415283e-03,7.552466820925474167e-03
4.494410037994384766e+00,5.168941497802734375e+00,5.576124191284179688e+00,9.999924898147583008e-01,2.720288001000881195e-03,2.674837829545140266e-03,-7.988614379428327084e-04
1.517929196357727051e+00,3.780962944030761719e+00,5.422192573547363281e+00,9.999991655349731445e-01,5.172216333448886871e-05,6.721848330926150084e-05,1.322170486673712730e-03
5.953766822814941406e+00,3.937861680984497070e+00,4.118704319000244141e+00,9.999997019767761230e-01,-6.664406973868608475e-04,-2.595947298686951399e-04,-3.763373824767768383e-04
1.437332987785339355e+00,6.579920291900634766e+00,1.019939184188842773e+00,9.999703764915466309e-01,-2.489414764568209648e-04,5.194092635065317154e-03,5.685196723788976669e-03
4.975440979003906250e+00,3.162652969360351562e+00,2.236878722906112671e-01,9.999995827674865723e-01,9.065124904736876488e-04,-3.359863476362079382e-04,2.467855520080775023e-04
4.339711189270019531e+00,5.095429897308349609e+00,2.438220500946044922e+00,9.999915361404418945e-01,2.304493216797709465e-03,-7.151075988076627254e-04,-3.345895791426301003e-03
5.478837013244628906e+00,1.610141634941101074e+00,3.246483564376831055e+00,9.999892711639404297e-01,5.461645778268575668e-04,-7.376397261396050453e-04,4.559122025966644287e-03
1.684491753578186035e+00,5.920989513397216797e-01,6.567596912384033203e+00,9.999946355819702148e-01,2.873841673135757446e-03,-1.156318001449108124e-03,1.127492869272828102e-03
5.339833736419677734e+00,6.639819145202636719e+00,7.146463871002197266e+00,9.999997019767761230e-01,-6.909758085384964943e-04,3.581517667043954134e-04,-3.613402659539133310e-04
2.519197463989257812e+00,4.468725204467773438e+00,1.891414403915405273e+00,9.999978542327880859e-01,1.859877025708556175e-03,8.680875762365758419e-04,2.662441984284669161e-04
4.840442657470703125e+00,3.867164611816406250e+00,6.057789325714111328e+00,9.999988079071044922e-01,-4.156668728683143854e-04,-8.593640523031353951e-04,-1.281527453102171421e-03
3.605434179306030273e+00,6.317989349365234375e+00,5.415218353271484375e+00,9.999909400939941406e-01,2.295054029673337936e-03,1.537101343274116516e-03,3.247645450755953789e-03
4.815811157226562500e+00,1.430457234382629395e+00,2.802078008651733398e+00,9.998465776443481445e-01,-1.569636911153793335e-02,-5.911328829824924469e-03,-5.062947515398263931e-03
6.969361782073974609e+00,4.765413284301757812e+00,6.774430751800537109e+00,9.999955892562866211e-01,1.956158957909792662e-04,-2.911631716415286064e-03,6.837722030468285084e-04
3.392121315002441406e+00,3.690235853195190430e+00,2.060372591018676758e+00,9.999987483024597168e-01,4.842706839554011822e-04,1.469778129830956459e-03,5.054972134530544281e-04
4.598163604736328125e+00,2.242449045181274414e+00,4.360402584075927734e+00,9.999995231628417969e-01,-7.137665525078773499e-04,-6.507881334982812405e-04,-3.269779554102569818e-04
3.434391498565673828e+00,4.162353038787841797e+00,5.038603305816650391e+00,9.999963641166687012e-01,-2.453467808663845062e-03,-9.358890238218009472e-04,7.286707405000925064e-04
2.233675718307495117e+00,5.261914730072021484e+00,3.406280994415283203e+00,9.999932050704956055e-01,1.282553654164075851e-03,2.797075081616640091e-03,-2.055343706160783768e-03
2.539625883102416992e+00,3.892171859741210938e+00,7.352290630340576172e+00,9.999988079071044922e-01,-1.207961831823922694e-04,-1.508008921518921852e-03,3.831850772257894278e-04
7.372267723083496094e+00,2.258912563323974609e+00,3.558090686798095703e+00,9.999931454658508301e-01,3.554264083504676819e-03,7.916999311419203877e-05,-1.110822078771889210e-03
6.676041603088378906e+00,6.378159046173095703e+00,5.897237300872802734e+00,9.999962449073791504e-01,5.394448526203632355e-04,-2.707424107939004898e-03,-1.893233857117593288e-04
2.672473430633544922e+00,1.255856275558471680e+00,5.095232486724853516e+00,9.999995827674865723e-01,-2.025244612013921142e-04,-8.238547598011791706e-04,-3.615258901845663786e-04
2.274955511093139648e+00,2.278284549713134766e+00,3.984390974044799805e+00,9.999892115592956543e-01,3.867506049573421478e-03,1.015717745758593082e-03,-2.389361150562763214e-03
4.917499065399169922e+00,3.205470323562622070e+00,2.942203044891357422e+00,9.999979734420776367e-01,-4.251961945556104183e-04,-9.941826283466070890e-05,2.010355703532695770e-03
5.359182834625244141e+00,1.270617127418518066e+00,1.243906170129776001e-01,9.999993443489074707e-01,-2.091428905259817839e-04,-2.944314619526267052e-04,-1.175955752842128277e-03
4.403914928436279297e+00,3.774343967437744141e+00,3.460341930389404297e+00,9.999950528144836426e-01,-1.236893003806471825e-04,2.023276640102267265e-03,2.417912241071462631e-03
3.892859458923339844e+00,5.974886417388916016e+00,4.769307613372802734e+00,9.999719262123107910e-01,6.070854142308235168e-03,-4.355148877948522568e-03,6.807151366956532001e-04
4.977777481079101562e+00,6.590177863836288452e-02,2.917441129684448242e+00,9.998472929000854492e-01,-5.596976261585950851e-03,9.884365135803818703e-04,1.653056964278221130e-02
2.016719341278076172e+00,6.666740894317626953e+00,3.835577011108398438e+00,9.999911189079284668e-01,-1.256396528333425522e-03,2.239960245788097382e-03,3.350894898176193237e-03
4.036488533020019531e+00,2.005244232714176178e-02,1.815903306007385254e+00,9.999982714653015137e-01,1.029199105687439442e-03,6.481320597231388092e-04,-1.467580092139542103e-03
3.969437599182128906e+00,3.884986877441406250e+00,4.475891888141632080e-01,9.999970197677612305e-01,7.411884143948554993e-04,-1.589877414517104626e-03,-1.751689356751739979e-03
6.174027442932128906e+00,3.412155151367187500e+00,2.684065580368041992e+00,9.999942183494567871e-01,6.698759971186518669e-04,-2.876564161852002144e-03,-1.700319815427064896e-03
2.307639122009277344e+00,4.753185749053955078e+00,5.386074542999267578e+00,9.999998807907104492e-01,4.781550669576972723e-04,-1.543765974929556251e-04,-3.227026027161628008e-04
5.940284729003906250e+00,1.570412039756774902e+00,4.748282909393310547e+00,9.998009800910949707e-01,-3.771911608055233955e-03,-5.664927884936332703e-03,-1.875487342476844788e-02
3.675356626510620117e+00,1.903108239173889160e+00,1.442499756813049316e+00,9.999473094940185547e-01,-7.107757963240146637e-03,4.009274765849113464e-03,-6.235697306692600250e-03
1.953806161880493164e+00,1.574753642082214355e+00,6.147979736328125000e+00,9.999443292617797852e-01,-9.584028273820877075e-03,3.651958657428622246e-03,2.511608647182583809e-03
4.415149211883544922e+00,5.192114353179931641e+00,5.141551494598388672e+00,9.998897314071655273e-01,-4.415947012603282928e-03,-1.186165865510702133e-02,-7.764439564198255539e-03
2.108931303024291992e+00,5.183587551116943359e+00,9.670122861862182617e-01,9.999982714653015137e-01,-1.731515862047672272e-03,-4.469447012525051832e-04,6.525186472572386265e-04
4.194862365722656250e+00,1.685018420219421387e+00,5.863442420959472656e+00,9.999988079071044922e-01,7.804887136444449425e-04,-1.047454425133764744e-03,8.934530196711421013e-04
3.522129654884338379e-01,2.653951168060302734e+00,6.424938678741455078e+00,9.999957084655761719e-01,-9.709667065180838108e-04,-2.051250310614705086e-03,1.830248744226992130e-03
7.379050254821777344e+00,1.340192914009094238e+00,7.146076679229736328e+00,9.999994039535522461e-01,-8.088732720352709293e-04,-5.982735892757773399e-04,-4.963380051776766777e-04
1.653923749923706055e+00,3.338360071182250977e+00,3.813331365585327148e+00,9.999821186065673828e-01,1.319769187830388546e-03,4.929018206894397736e-03,3.112857695668935776e-03
2.641467571258544922e+00,4.677390575408935547e+00,5.279082059860229492e-01,9.999961256980895996e-01,-9.445311297895386815e-05,2.810682402923703194e-03,-1.702621812000870705e-04
2.384643793106079102e+00,2.326112985610961914e+00,4.526533603668212891e+00,9.999880790710449219e-01,2.151437336578965187e-03,-3.600417869165539742e-03,2.533833496272563934e-03
6.136859416961669922e+00,4.923309326171875000e+00,2.359480619430541992e+00,9.999933838844299316e-01,3.522072685882449150e-03,9.365827427245676517e-04,2.005119022214785218e-04
4.958689212799072266e+00,3.248346328735351562e+00,9.211263656616210938e-01,9.999302625656127930e-01,-2.372336108237504959e-03,2.410068875178694725e-03,1.131704542785882950e-02
7.311098575592041016e+00,2.925169706344604492e+00,6.183331966400146484e+00,9.999983310699462891e-01,-7.848982932046055794e-04,-1.385907526127994061e-03,-9.786681039258837700e-04
4.070116996765136719e+00,1.160201281309127808e-01,5.455499172210693359e+00,9.999970197677612305e-01,-4.379093588795512915e-04,2.415252849459648132e-03,2.665896499820519239e-05
6.114826202392578125e+00,3.659488677978515625e+00,2.999112129211425781e+00,9.999977350234985352e-01,2.012506825849413872e-03,-2.159041323466226459e-04,7.717910921201109886e-04
6.678847312927246094e+00,8.011128902435302734e-01,1.003373026847839355e+00,9.999948740005493164e-01,-8.763531805016100407e-04,-2.607355359941720963e-03,1.646308926865458488e-03
2.241962432861328125e+00,6.416884422302246094e+00,1.064892172813415527e+00,9.999949336051940918e-01,-3.254485200159251690e-04,-2.005481394007802010e-03,-2.469281200319528580e-03
6.119838237762451172e+00,1.131160855293273926e+00,2.093367338180541992e+00,9.999672174453735352e-01,-4.751260858029127121e-03,-2.856911392882466316e-03,-5.899325478821992874e-03
5.316996097564697266e+00,4.882255554199218750e+00,1.302701592445373535e+00,9.999007582664489746e-01,-1.022876333445310593e-02,-9.389603510499000549e-03,2.379963872954249382e-03
7.390215396881103516e-01,7.383281707763671875e+00,2.673803567886352539e+00,9.999954104423522949e-01,-2.427992178127169609e-03,-1.072148792445659637e-03,-1.488687237724661827e-03
7.493544101715087891e+00,3.158634662628173828e+00,7.437193870544433594e+00,9.999908804893493652e-01,-1.104933558963239193e-03,-4.123553168028593063e-03,-4.624814027920365334e-05
6.714611053466796875e+00,6.190443515777587891e+00,8.254227042198181152e-01,9.999972581863403320e-01,1.106603886000812054e-03,1.319834147579967976e-03,-1.645236625336110592e-03
6.451610565185546875e+00,2.015435934066772461e+00,3.615140020847320557e-01,9.999998807907104492e-01,-7.111403101589530706e-05,-5.766478716395795345e-04,-1.739779982017353177e-04
5.499785900115966797e+00,2.288808345794677734e+00,4.217566967010498047e+00,9.999988675117492676e-01,-9.809668408706784248e-04,-1.662686554482206702e-04,1.194838900119066238e-03
5.069989681243896484e+00,7.116438388824462891e+00,5.028989791870117188e+00,9.999568462371826172e-01,-1.977754523977637291e-03,-8.952567353844642639e-03,-1.544298138469457626e-03
6.314202785491943359e+00,5.463174819946289062e+00,1.300740361213684082e+00,9.999970197677612305e-01,3.184556844644248486e-04,6.122058839537203312e-04,-2.369462978094816208e-03
5.196957111358642578e+00,8.623568415641784668e-01,5.816797256469726562e+00,9.999714493751525879e-01,6.022988352924585342e-03,-3.324997145682573318e-03,3.129488788545131683e-03
9.689294099807739258e-01,1.246668815612792969e+00,4.025500774383544922e+00,9.999926686286926270e-01,2.497773617506027222e-03,-2.024366986006498337e-03,2.079770900309085846e-03
5.158665657043457031e+00,4.149568080902099609e+00,3.061646521091461182e-01,9.999309778213500977e-01,9.107482619583606720e-04,-7.087424863129854202e-03,-9.329020045697689056e-03
4.488934874534606934e-01,2.840356588363647461e+00,1.076320052146911621e+00,9.999958276748657227e-01,3.111345286015421152e-04,-1.987013267353177071e-03,-2.080800710245966911e-03
6.481334209442138672e+00,6.912200927734375000e+00,4.919690132141113281e+00,9.999967813491821289e-01,1.260222197743132710e-04,2.932671486632898450e-05,2.564689610153436661e-03
4.103114604949951172e+00,3.123583793640136719e+00,1.121227383613586426e+00,9.996343255043029785e-01,-5.295056384056806564e-03,-3.995680715888738632e-03,2.621427923440933228e-02
2.467219591140747070e+00,2.872227668762207031e+00,2.843020677566528320e+00,9.999939203262329102e-01,-3.008666681125760078e-03,-1.658560009673237801e-03,-7.011984707787632942e-04
2.802625894546508789e+00,6.518241405487060547e+00,7.295021414756774902e-01,9.999450445175170898e-01,3.855313174426555634e-03,-4.106001462787389755e-03,-8.848333731293678284e-03
3.228247642517089844e+00,6.384943008422851562e+00,7.361723899841308594e+00,9.999809265136718750e-01,2.507920144125819206e-04,6.173189263790845871e-03,-1.870947889983654022e-04
3.166535854339599609e+00,3.834587812423706055e+00,2.890547990798950195e+00,9.999995827674865723e-01,-2.673030030564405024e-05,-8.366691763512790203e-04,4.327551287133246660e-04
2.838451623916625977e+00,2.466157674789428711e+00,1.731719493865966797e+00,9.999975562095642090e-01,-1.375458785332739353e-03,1.268414547666907310e-03,-1.224264968186616898e-03
4.992871761322021484e+00,2.742018699645996094e+00,2.816831588745117188e+00,9.999939799308776855e-01,-5.901729455217719078e-04,1.943539245985448360e-03,-2.839907770976424217e-03
3.273882389068603516e+00,4.409087657928466797e+00,4.392681598663330078e+00,9.999921917915344238e-01,1.190626644529402256e-03,-3.727692645043134689e-03,-6.111179827712476254e-04
2.703460693359375000e+00,5.414911270141601562e+00,2.350456953048706055e+00,9.999970793724060059e-01,-1.173739787191152573e-03,-1.953006722033023834e-03,-8.407575660385191441e-04
7.912052869796752930e-01,5.793178558349609375e+00,5.448333740234375000e+00,9.999984502792358398e-01,5.322245997376739979e-04,-8.126429165713489056e-04,-1.504106796346604824e-03
2.071396350860595703e+00,4.439636766910552979e-01,6.526488780975341797e+00,9.999932050704956055e-01,-1.345403958112001419e-03,1.353640691377222538e-03,-3.175548044964671135e-03
4.602280616760253906e+00,2.202040910720825195e+00,3.353712320327758789e+00,9.991367459297180176e-01,-1.686619222164154053e-02,-3.793076053261756897e-02,1.582436845637857914e-03
1.112971782684326172e+00,6.486608028411865234e+00,6.628102302551269531e+00,9.999988675117492676e-01,1.117227366194128990e-03,-3.528997476678341627e-04,9.971355320885777473e-04
1.312600672245025635e-01,1.617412328720092773e+00,3.736325979232788086e+00,9.999164938926696777e-01,1.388348871842026711e-03,1.137814670801162720e-02,-5.966285243630409241e-03
3.837776184082031250e+00,4.576001167297363281e+00,1.468539476394653320e+00,9.999697208404541016e-01,-6.482310593128204346e-03,-1.085760653950273991e-03,-4.174033179879188538e-03
5.925455570220947266e+00,5.623465538024902344e+00,6.097761631011962891e+00,9.999939799308776855e-01,1.919398549944162369e-03,2.834928222000598907e-03,-6.848434568382799625e-04
4.432607173919677734e+00,4.704862117767333984e+00,2.777971029281616211e+00,9.999890327453613281e-01,-2.100801561027765274e-03,-4.000719171017408371e-03,-1.284988364204764366e-03
4.665606498718261719e+00,6.691276550292968750e+00,9.966917037963867188e-01,9.999960660934448242e-01,2.188132610172033310e-03,-1.733339973725378513e-03,5.062425625510513783e-04
6.372776627540588379e-02,2.311613798141479492e+00,4.431988239288330078e+00,9.999817609786987305e-01,3.286299295723438263e-03,-4.497224465012550354e-03,2.356627257540822029e-03
5.546847820281982422e+00,8.323462605476379395e-01,2.156205415725708008e+00,9.999069571495056152e-01,-5.724513903260231018e-03,-4.128206055611371994e-03,1.167678833007812500e-02
1.326968073844909668e+00,6.975792407989501953e+00,3.904560208320617676e-01,9.999517798423767090e-01,1.285587088204920292e-03,6.858823820948600769e-03,-6.919652223587036133e-03
6.283332824707031250e+00,2.845368385314941406e+00,5.153086185455322266e+00,9.999256730079650879e-01,-9.259605780243873596e-03,-4.726085811853408813e-03,-6.374855060130357742e-03
1.803941607475280762e+00,2.423300027847290039e+00,6.577024936676025391e+00,9.999991655349731445e-01,-1.209997921250760555e-03,-5.010025925002992153e-04,-2.190036902902647853e-04
5.149236679077148438e+00,5.078832149505615234e+00,2.910666942596435547e+00,9.999968409538269043e-01,-2.245201729238033295e-03,-6.370185292325913906e-04,-9.800364496186375618e-04
3.469653844833374023e+00,5.497210502624511719e+00,1.209908485412597656e+00,9.999933242797851562e-01,-2.262632362544536591e-03,-2.494260901585221291e-03,1.466685091145336628e-03
6.239922523498535156e+00,4.553057670593261719e+00,4.986013412475585938e+00,9.999908208847045898e-01,1.907047349959611893e-03,3.789171343669295311e-03,-6.045562331564724445e-04
5.561010360717773438e+00,1.529142558574676514e-01,4.252024650573730469e+00,9.998814463615417480e-01,3.520161611959338188e-03,-3.642496652901172638e-03,1.454459130764007568e-02
3.440592527389526367e+00,6.920421600341796875e+00,5.260076045989990234e+00,9.999464750289916992e-01,-9.552204050123691559e-03,-3.447286551818251610e-03,1.995123457163572311e-03
1.144155859947204590e+00,3.935620069503784180e+00,6.777675628662109375e+00,9.999960064888000488e-01,-1.983064459636807442e-03,1.499784179031848907e-03,1.374433864839375019e-03
1.679146409034729004e+00,4.340243339538574219e+00,6.712079524993896484e+00,9.999940395355224609e-01,6.043510511517524719e-04,-2.717267256230115891e-03,-2.060484606772661209e-03
4.656339645385742188e+00,4.820882320404052734e+00,4.263957977294921875e+00,9.999928474426269531e-01,-2.745367819443345070e-03,-2.522126305848360062e-03,-6.784182041883468628e-04
6.729783535003662109e+00,1.505704283714294434e+00,1.849021673202514648e+00,9.999994039535522461e-01,1.159414649009704590e-03,-1.356602006126195192e-04,4.631844058167189360e-05
1.622630283236503601e-02,5.973538398742675781e+00,5.780261039733886719e+00,9.999993443489074707e-01,9.528420050628483295e-04,1.828972599469125271e-04,7.100763614289462566e-04
2.819132328033447266e+00,7.003110408782958984e+00,5.253647565841674805e-01,9.999980926513671875e-01,1.618391135707497597e-03,3.942394396290183067e-04,-1.044166856445372105e-03
5.934712409973144531e+00,4.517116546630859375e+00,4.588765144348144531e+00,9.999992847442626953e-01,4.756424168590456247e-04,-8.549988851882517338e-04,7.866919040679931641e-04
6.194622516632080078e+00,3.109744787216186523e+00,5.376611709594726562e+00,9.999877810478210449e-01,-4.604123532772064209e-03,-5.968541372567415237e-04,-1.738638733513653278e-03
5.223547935485839844e+00,1.423163771629333496e+00,6.450421810150146484e+00,9.999240636825561523e-01,-7.769576739519834518e-03,9.467473253607749939e-03,-1.374592422507703304e-03
1.331285834312438965e+00,3.876728057861328125e+00,3.047071695327758789e+00,9.999874234199523926e-01,4.099112935364246368e-03,-1.984041649848222733e-03,2.136661438271403313e-03
4.644867897033691406e+00,6.110181331634521484e+00,3.512577712535858154e-01,9.999989271163940430e-01,1.301846932619810104e-03,3.206070687156170607e-04,-6.778068491257727146e-04
5.501148700714111328e-01,2.932180166244506836e+00,4.801126480102539062e+00,9.999992847442626953e-01,2.567045157775282860e-04,1.183134387247264385e-03,3.800135746132582426e-04
6.218208789825439453e+00,5.746754169464111328e+00,2.498616695404052734e+00,9.999963045120239258e-01,6.483080214820802212e-04,7.256322714965790510e-05,2.663992112502455711e-03
1.557442307472229004e+00,6.798336029052734375e+00,6.642369270324707031e+00,9.999777078628540039e-01,-3.975372295826673508e-03,-4.279618617147207260e-03,-3.245320869609713554e-03
2.297391414642333984e+00,3.659319162368774414e+00,3.178676843643188477e+00,9.999915957450866699e-01,1.579636591486632824e-03,-2.117316238582134247e-03,-3.159078070893883705e-03
2.797845840454101562e+00,1.981532454490661621e+00,6.758848667144775391e+00,9.998961091041564941e-01,-1.035935990512371063e-02,9.775450453162193298e-03,-2.254375023767352104e-03
6.527590274810791016e+00,6.128415107727050781e+00,6.518438339233398438e+00,9.999814629554748535e-01,3.944898489862680435e-03,-1.498972531408071518e-03,-4.401127342134714127e-03
3.893129527568817139e-01,1.476425975561141968e-01,6.788045406341552734e+00,9.999988079071044922e-01,3.003322344738990068e-04,2.179514558520168066e-04,-1.528256223537027836e-03
1.854781866073608398e+00,7.675676941871643066e-01,5.581019401550292969e+00,9.999493360519409180e-01,3.686585230752825737e-03,7.143279537558555603e-03,-6.063836626708507538e-03
5.347936630249023438e+00,5.436017513275146484e+00,2.474346876144409180e+00,9.999595284461975098e-01,-8.723143488168716431e-03,1.059219590388238430e-03,1.934923464432358742e-03
4.071317195892333984e+00,4.730781555175781250e+00,3.543640613555908203e+00,9.999994039535522461e-01,-6.926857167854905128e-04,7.201704429462552071e-04,-5.138896522112190723e-04
1.570889830589294434e+00,2.285283327102661133e+00,2.996182918548583984e+00,9.998549818992614746e-01,4.511883889790624380e-04,-1.114848162978887558e-02,1.286858972162008286e-02
5.549524784088134766e+00,1.232965588569641113e+00,1.213507413864135742e+00,9.999998807907104492e-01,-4.564447226584888995e-05,-4.470893472898751497e-04,2.740914060268551111e-04
6.059840679168701172e+00,5.572986602783203125e+00,5.482031822204589844e+00,9.998821020126342773e-01,-8.959784172475337982e-03,1.147653535008430481e-02,-4.887294024229049683e-03
1.907279640436172485e-01,2.432395458221435547e+00,3.328821957111358643e-01,9.999978542327880859e-01,-9.401028510183095932e-04,-1.542862853966653347e-03,1.091142999939620495e-03
6.657614231109619141e+00,4.911955833435058594e+00,4.018605232238769531e+00,9.999672770500183105e-01,7.146658375859260559e-03,2.131662331521511078e-03,-3.128478303551673889e-03
3.639358043670654297e+00,1.140872597694396973e+00,2.317935228347778320e+00,9.999786019325256348e-01,-4.346621222794055939e-03,-4.319961182773113251e-03,-2.314149634912610054e-03
5.951099395751953125e+00,5.618322849273681641e+00,2.322165489196777344e+00,9.999973177909851074e-01,1.375438645482063293e-03,8.969890768639743328e-04,1.673449296504259109e-03
3.778867006301879883e+00,1.214438796043395996e+00,5.036918640136718750e+00,9.999982714653015137e-01,1.978443033294752240e-04,1.712391967885196209e-03,-6.933301337994635105e-04
6.199170351028442383e-01,1.552647948265075684e+00,2.328219890594482422e+00,9.999907016754150391e-01,2.959577832370996475e-03,3.149092895910143852e-03,-1.653612707741558552e-04
6.771046638488769531e+00,4.926356971263885498e-01,1.205140233039855957e+00,9.999967217445373535e-01,2.519455738365650177e-04,-2.531535224989056587e-03,-3.190252173226326704e-04
7.499017715454101562e+00,4.976550579071044922e+00,6.776687502861022949e-01,9.999914765357971191e-01,4.658500838559120893e-04,3.511169226840138435e-03,2.137792529538273811e-03
4.600989341735839844e+00,5.394291877746582031e+00,4.121275901794433594e+00,9.999930858612060547e-01,-1.531513407826423645e-03,1.231463393196463585e-04,-3.399866400286555290e-03
2.776556968688964844e+00,7.348909378051757812e+00,3.313696384429931641e+00,9.999923706054687500e-01,-3.553248243406414986e-03,-3.663753159344196320e-05,-1.660008449107408524e-03
7.012748718261718750e+00,1.501528143882751465e+00,6.902829647064208984e+00,9.999986290931701660e-01,7.239578408189117908e-04,-1.390438061207532883e-03,5.711179110221564770e-04
6.754685878753662109e+00,1.237535595893859863e+00,3.432313680648803711e+00,9.999173879623413086e-01,1.146590057760477066e-02,-6.042185123078525066e-04,5.786492023617029190e-03
1.112984061241149902e+00,5.004489421844482422e+00,5.303559303283691406e+00,9.999977946281433105e-01,1.201597158797085285e-03,5.542074213735759258e-04,-1.677413471043109894e-03
1.630904555320739746e+00,1.251709938049316406e+00,7.745812535285949707e-01,9.999976754188537598e-01,3.955545835196971893e-04,1.989827724173665047e-03,-8.535569068044424057e-04
5.125976085662841797e+00,4.483184337615966797e+00,6.620450973510742188e+00,9.999841451644897461e-01,-2.982403151690959930e-03,-3.916221321560442448e-04,4.776487126946449280e-03
2.477089405059814453e+00,7.488075733184814453e+00,2.888144016265869141e+00,9.999386668205261230e-01,-8.191812084987759590e-04,7.623689714819192886e-03,-8.003687486052513123e-03
3.313910245895385742e+00,7.322258472442626953e+00,3.218270540237426758e-01,9.999966621398925781e-01,-1.460219355067238212e-04,1.679370994679629803e-03,1.997338607907295227e-03
1.004844069480895996e+00,2.986321926116943359e+00,7.145549297332763672e+00,9.999935626983642578e-01,1.259272539755329490e-04,1.314113964326679707e-03,-3.329529426991939545e-03
4.077103614807128906e+00,7.367736816406250000e+00,2.210122346878051758e+00,9.999965429306030273e-01,3.683218383230268955e-04,-7.712225196883082390e-04,-2.502455608919262886e-03
4.033443927764892578e+00,6.372285366058349609e+00,2.570248126983642578e+00,9.999914765357971191e-01,-3.052839776501059532e-03,-2.109516644850373268e-03,-1.829459331929683685e-03
1.546571850776672363e+00,1.596125960350036621e+00,3.482066392898559570e+00,9.999995827674865723e-01,-5.169116775505244732e-04,-2.206950885010883212e-04,-7.561891106888651848e-04
2.516597032546997070e+00,5.705414295196533203e+00,5.155494689941406250e+00,9.999468922615051270e-01,-9.414263069629669189e-03,2.163610653951764107e-03,-3.581078024581074715e-03
3.620699882507324219e+00,3.723748445510864258e+00,3.311011075973510742e+00,9.999991655349731445e-01,-6.990609108470380306e-04,-5.379244103096425533e-04,1.022603595629334450e-03
6.485832691192626953e+00,5.888137340545654297e+00,4.720689773559570312e+00,9.999945163726806641e-01,-1.863932197920803446e-06,-2.898339182138442993e-03,-1.635702094063162804e-03
1.836405098438262939e-01,5.450308799743652344e+00,3.173189163208007812e+00,9.998691678047180176e-01,1.250975951552391052e-02,-9.863012470304965973e-03,-2.805516356602311134e-03
1.755816578865051270e+00,1.439309954643249512e+00,6.915639877319335938e+00,9.999957084655761719e-01,6.194621091708540916e-04,3.600773925427347422e-04,2.868592971935868263e-03
5.424767017364501953e+00,3.984735250473022461e+00,1.302560806274414062e+00,9.999992251396179199e-01,-4.897707840427756310e-04,-1.691428769845515490e-04,1.207848777994513512e-03
5.367407321929931641e+00,6.861055374145507812e+00,1.029674530029296875e+00,9.999982118606567383e-01,-1.152085489593446255e-03,5.505079752765595913e-04,-1.434433739632368088e-03
6.841240406036376953e+00,8.225495815277099609e-01,7.457712173461914062e+00,9.999228715896606445e-01,-2.170665888115763664e-03,1.213297247886657715e-02,-1.526890671811997890e-03
6.751136779785156250e+00,6.698978424072265625e+00,5.028644561767578125e+00,9.999697804450988770e-01,7.527753245085477829e-03,-1.522511360235512257e-03,1.265286700800061226e-03
1.403943061828613281e+00,8.284501433372497559e-01,6.024371147155761719e+00,9.999911785125732422e-01,3.606245736591517925e-04,-3.187343245372176170e-03,2.739017829298973083e-03
1.258894205093383789e-01,6.671061038970947266e+00,4.296853065490722656e+00,9.999991059303283691e-01,1.030526706017553806e-03,-8.370030554942786694e-04,-2.700159675441682339e-04
4.969788074493408203e+00,4.450640678405761719e+00,3.744865894317626953e+00,9.999997019767761230e-01,3.835117095150053501e-04,4.664045118261128664e-04,5.869700689800083637e-04
1.154868364334106445e+00,1.460012078285217285e+00,5.028800964355468750e+00,9.999864697456359863e-01,5.159531254321336746e-03,4.070583090651780367e-04,6.255254847928881645e-04
2.602409422397613525e-01,6.933478355407714844e+00,3.596228599548339844e+00,9.999974966049194336e-01,1.229160232469439507e-03,-1.624544151127338409e-03,-9.909261716529726982e-04
1.485731124877929688e+00,3.955842494964599609e+00,2.529551029205322266e+00,9.999990463256835938e-01,5.255928845144808292e-04,1.343207317404448986e-03,-9.584925282979384065e-05
5.939855575561523438e+00,6.081542015075683594e+00,6.996726989746093750e+00,9.999942779541015625e-01,-7.886079256422817707e-04,-2.944165607914328575e-03,1.486705383285880089e-03
7.864995598793029785e-01,4.860119819641113281e+00,2.230238437652587891e+00,9.999805688858032227e-01,-7.820192258805036545e-04,4.628490656614303589e-03,4.116943571716547012e-03
8.995772600173950195e-01,4.229596614837646484e+00,7.614803314208984375e-01,9.999934434890747070e-01,2.879413310438394547e-03,-2.190956001868471503e-04,2.204543212428689003e-03
4.605565071105957031e+00,7.267043590545654297e+00,4.120989322662353516e+00,9.999999403953552246e-01,2.689915418159216642e-04,-3.031753294635564089e-04,-1.739950530463829637e-04
4.260211944580078125e+00,5.372829437255859375e+00,1.888284444808959961e+00,9.999448657035827637e-01,3.288774983957409859e-03,8.473255671560764313e-03,5.271954461932182312e-03
6.092997193336486816e-01,1.235916376113891602e+00,6.481646895408630371e-01,9.999970793724060059e-01,-7.920981151983141899e-04,-1.960603287443518639e-03,-1.223246217705309391e-03
3.832970380783081055e+00,5.714221000671386719e+00,4.107200145721435547e+00,9.999628067016601562e-01,5.766808521002531052e-03,-6.066993810236454010e-03,-2.060807310044765472e-03
5.508293628692626953e+00,6.513249874114990234e+00,6.058042526245117188e+00,9.999812841415405273e-01,4.115323070436716080e-03,1.763578387908637524e-03,-4.168920684605836868e-03
2.737986803054809570e+00,4.321705341339111328e+00,5.506850242614746094e+00,9.999993443489074707e-01,-8.042840054258704185e-04,-1.526745618321001530e-04,-9.176983148790895939e-04
4.023036479949951172e+00,3.868977546691894531e+00,8.688791990280151367e-01,9.998875260353088379e-01,-8.355061523616313934e-03,2.506562508642673492e-03,-1.220496278256177902e-02
1.382194757461547852e+00,5.161632537841796875e+00,6.151135921478271484e+00,9.999994635581970215e-01,4.716727416962385178e-04,2.000804961426183581e-04,-8.554473170079290867e-04
1.246276259422302246e+00,6.039309978485107422e+00,5.351842880249023438e+00,9.999956488609313965e-01,-1.408249256201088428e-03,-1.873461529612541199e-03,-1.832236186601221561e-03
5.898801803588867188e+00,4.601852893829345703e+00,5.693771362304687500e+00,9.999812245368957520e-01,-4.540201276540756226e-03,-2.654658863320946693e-03,3.164750756695866585e-03
2.259429454803466797e+00,6.987694263458251953e+00,3.439464569091796875e+00,9.999974370002746582e-01,-1.606413745321333408e-03,-6.798537797294557095e-04,-1.490247086621820927e-03
7.627788186073303223e-01,2.785098314285278320e+00,4.280284881591796875e+00,9.999892711639404297e-01,1.721278647892177105e-03,-4.280142020434141159e-03,-5.378969945013523102e-04
4.400558948516845703e+00,4.715806841850280762e-01,1.868588089942932129e+00,9.999970793724060059e-01,4.185044090263545513e-04,5.517977988347411156e-04,2.353670075535774231e-03
6.433626174926757812e+00,5.215324878692626953e+00,4.380015373229980469e+00,9.999980926513671875e-01,3.820965357590466738e-04,-1.876162714324891567e-03,5.419505177997052670e-04
6.472170352935791016e+00,7.383337020874023438e+00,1.017699122428894043e+00,9.999889731407165527e-01,-4.358965437859296799e-03,8.081404957920312881e-04,1.577528077177703381e-03
3.884926795959472656e+00,1.341179370880126953e+00,4.633410453796386719e+00,9.999999403953552246e-01,2.598509308882057667e-04,-3.889989748131483793e-04,-1.345035707345232368e-04
6.522500991821289062e+00,6.086811065673828125e+00,3.805371522903442383e+00,9.999642372131347656e-01,5.767411552369594574e-03,1.625602249987423420e-03,-5.981802474707365036e-03
5.827996730804443359e+00,5.339322566986083984e+00,2.948357820510864258e+00,9.999976158142089844e-01,-1.662765746004879475e-03,-8.008385775610804558e-04,1.209355890750885010e-03
2.998268127441406250e+00,2.158891916275024414e+00,4.582783222198486328e+00,9.997645616531372070e-01,1.458502467721700668e-02,-1.605244912207126617e-02,6.567421369254589081e-04
3.117821693420410156e+00,9.527574777603149414e-01,1.760004281997680664e+00,9.999434351921081543e-01,-1.549730775877833366e-03,2.603532280772924423e-03,-1.019252184778451920e-02
3.580094337463378906e+00,1.911631822586059570e+00,3.950644016265869141e+00,9.999983906745910645e-01,-3.470666706562042236e-04,-1.627239631488919258e-03,6.989883841015398502e-04
4.949098110198974609e+00,1.338309645652770996e+00,2.520362377166748047e+00,9.997485876083374023e-01,-1.940770074725151062e-02,-9.797677397727966309e-03,5.485488101840019226e-03
2.659770250320434570e+00,6.943953990936279297e+00,3.045659303665161133e+00,9.999974370002746582e-01,-1.570192398503422737e-03,-1.299173338338732719e-03,-9.863148443400859833e-04
5.182373046875000000e+00,3.218989372253417969e+00,7.027547836303710938e+00,9.999901652336120605e-01,-4.111746791750192642e-03,2.747619582805782557e-04,1.673969323746860027e-03
4.823023796081542969e+00,6.978253841400146484e+00,5.364758372306823730e-01,9.999964833259582520e-01,-1.628450234420597553e-03,-2.108215587213635445e-03,-2.715867885854095221e-04
5.366979122161865234e+00,5.395625591278076172e+00,3.335268020629882812e+00,9.999987483024597168e-01,6.987423403188586235e-04,-7.235707598738372326e-04,-1.214310643263161182e-03
2.357991933822631836e+00,2.382492780685424805e+00,6.625258922576904297e-01,9.999985098838806152e-01,-1.240771962329745293e-03,8.734487346373498440e-04,8.674300624988973141e-04
3.423627853393554688e+00,5.072958946228027344e+00,7.604249119758605957e-01,9.999954104423522949e-01,1.978709362447261810e-03,9.625236270949244499e-04,-2.115450333803892136e-03
4.032162666320800781e+00,3.292617321014404297e+00,6.270884037017822266e+00,9.999999403953552246e-01,-2.200519083999097347e-04,-3.721090324688702822e-04,-3.362401621416211128e-04
1.976868748664855957e+00,3.739993572235107422e+00,3.005153894424438477e+00,9.999762177467346191e-01,-1.677552936598658562e-03,3.262147773057222366e-03,-5.846850574016571045e-03
5.625281333923339844e+00,1.753097057342529297e+00,4.813453674316406250e+00,9.999781250953674316e-01,-3.732964163646101952e-03,3.830337664112448692e-03,-3.886107355356216431e-03
4.848241806030273438e+00,5.517488956451416016e+00,3.648885965347290039e+00,9.999469518661499023e-01,-3.311230335384607315e-03,-7.363625802099704742e-03,-6.403172388672828674e-03
2.048681497573852539e+00,5.239320755004882812e+00,6.803189277648925781e+00,9.999964833259582520e-01,-7.286132313311100006e-04,-8.710655383765697479e-04,2.408583182841539383e-03
6.517894744873046875e+00,6.822144985198974609e+00,6.313884258270263672e+00,9.999978542327880859e-01,-1.458360697142779827e-03,-1.492206356488168240e-03,3.459219005890190601e-04
2.657400965690612793e-01,4.532989978790283203e+00,4.812659263610839844e+00,9.994554519653320312e-01,-7.202979177236557007e-03,-2.306966343894600868e-03,-3.211909160017967224e-02
6.934227943420410156e-01,3.665680408477783203e+00,5.510014295578002930e-01,9.999920129776000977e-01,-1.820428413338959217e-03,-2.718451665714383125e-03,-2.312910510227084160e-03
6.999700069427490234e+00,7.199917316436767578e+00,7.093491077423095703e+00,9.999999403953552246e-01,-8.437343785772100091e-05,-3.561418561730533838e-04,3.898368449881672859e-04
5.447478771209716797e+00,1.239409074187278748e-01,7.369958400726318359e+00,9.999974370002746582e-01,-1.450279960408806801e-03,-9.798004757612943649e-04,-1.492021372541785240e-03
5.096942901611328125e+00,1.143104553222656250e+00,3.274909973144531250e+00,9.999975562095642090e-01,1.411388278938829899e-03,-1.358672976493835449e-03,1.070436905138194561e-03
4.302911758422851562e+00,3.135836839675903320e+00,2.540430545806884766e+00,9.998300075531005859e-01,8.224564604461193085e-03,-1.406713388860225677e-02,8.637532591819763184e-03
5.069047927856445312e+00,6.066883563995361328e+00,4.289546489715576172e+00,9.999984502792358398e-01,-8.515757508575916290e-04,6.955608841963112354e-04,-1.387884607538580894e-03
3.653123617172241211e+00,3.793385505676269531e+00,5.653672814369201660e-01,9.999961256980895996e-01,6.946436478756368160e-04,-2.480641240254044533e-03,-1.106154290027916431e-03
4.637600898742675781e+00,4.345835685729980469e+00,2.354322910308837891e+00,9.999731779098510742e-01,2.476360416039824486e-03,6.753806024789810181e-03,1.377333421260118484e-03
5.322042465209960938e+00,3.751817226409912109e+00,3.915938854217529297e+00,9.997408986091613770e-01,1.324796210974454880e-02,1.140857231803238392e-03,1.847836561501026154e-02
5.192979335784912109e+00,2.039427518844604492e+00,6.973435282707214355e-01,9.999976158142089844e-01,7.202228880487382412e-04,-1.283394871279597282e-03,1.651193597353994846e-03
4.257566928863525391e+00,3.230074882507324219e+00,3.648059844970703125e+00,9.999516606330871582e-01,-5.894530564546585083e-03,7.086264900863170624e-03,-3.440469736233353615e-03
3.209517955780029297e+00,1.057313084602355957e-01,4.449311494827270508e-01,9.999957084655761719e-01,-3.006007464136928320e-04,1.438254956156015396e-03,2.559793181717395782e-03
7.388590812683105469e+00,6.385571479797363281e+00,4.360445022583007812e+00,9.999997615814208984e-01,-4.082144878339022398e-04,-7.051940774545073509e-04,1.094728504540398717e-04
8.496808409690856934e-01,3.643797636032104492e-01,2.828644275665283203e+00,9.999956488609313965e-01,-1.132250908995047212e-04,-2.040247200056910515e-03,2.143863355740904808e-03
3.932124376296997070e-01,6.148936271667480469e+00,4.659667909145355225e-01,9.999972581863403320e-01,1.769978436641395092e-03,-1.559801399707794189e-03,-9.311792382504791021e-05
3.055318117141723633e+00,9.760916829109191895e-01,4.837443232536315918e-01,9.999969005584716797e-01,2.381652360782027245e-03,3.712482866831123829e-04,7.144979899749159813e-04
8.709782361984252930e-01,3.844201087951660156e+00,1.295282959938049316e+00,9.999836683273315430e-01,-5.272604059427976608e-03,-2.930103437392972410e-05,-2.202472183853387833e-03
3.765568733215332031e+00,2.257227338850498199e-02,4.811521053314208984e+00,9.999995827674865723e-01,1.257760050066281110e-05,-7.195479120127856731e-04,-5.461539258249104023e-04
2.866794586181640625e+00,3.572667837142944336e+00,2.180063009262084961e+00,9.999949336051940918e-01,-7.771365344524383545e-04,2.111980691552162170e-03,-2.273009857162833214e-03
2.880413055419921875e+00,4.175429344177246094e+00,4.026947915554046631e-01,9.999977350234985352e-01,9.996937587857246399e-04,8.106271270662546158e-04,1.739271217957139015e-03
5.504350185394287109e+00,6.823223114013671875e+00,1.836742460727691650e-01,9.999603629112243652e-01,-1.828209031373262405e-03,-8.393200114369392395e-03,-2.356073819100856781e-03
2.415639162063598633e+00,3.522670745849609375e+00,3.857489109039306641e+00,9.999323487281799316e-01,6.533737760037183762e-03,7.394812535494565964e-03,-6.170969456434249878e-03
2.998816728591918945e+00,2.174495220184326172e+00,5.918464660644531250e+00,9.999319314956665039e-01,9.536548750475049019e-04,-3.179157152771949768e-03,-1.118380576372146606e-02
2.727869749069213867e+00,2.227896213531494141e+00,2.808753252029418945e+00,9.999954104423522949e-01,2.070285379886627197e-03,-1.442009699530899525e-03,-1.708187628537416458e-03
5.957410812377929688e+00,4.712035179138183594e+00,4.936635971069335938e+00,9.999991059303283691e-01,1.013772678561508656e-03,8.623308967798948288e-04,-4.565474228002130985e-04
5.064818859100341797e+00,4.660958766937255859e+00,8.529892563819885254e-01,9.999909996986389160e-01,3.105764742940664291e-03,-2.640604274347424507e-03,1.218284014612436295e-03
1.415937423706054688e+00,7.301965236663818359e+00,2.058011770248413086e+00,9.999953508377075195e-01,1.052828156389296055e-03,4.981776583008468151e-04,-2.846784191206097603e-03
3.963076829910278320e+00,3.029526948928833008e+00,3.426257848739624023e+00,9.999853372573852539e-01,5.244063213467597961e-03,1.077631954103708267e-03,-8.939739782363176346e-04
3.736887216567993164e+00,4.594336986541748047e+00,7.101832389831542969e+00,9.999981522560119629e-01,1.521489932201802731e-03,1.186741166748106480e-03,-1.089509605662897229e-04
3.554048299789428711e+00,3.075770139694213867e+00,4.062349319458007812e+00,9.999975562095642090e-01,1.361285569146275520e-03,-8.220893796533346176e-04,-1.562937977723777294e-03
1.661556601524353027e+00,3.094946146011352539e+00,5.444661140441894531e+00,9.999998211860656738e-01,-1.413801783201051876e-05,-5.982728325761854649e-04,-3.566880768630653620e-04
4.472383499145507812e+00,3.168160438537597656e+00,7.286011219024658203e+00,9.999921917915344238e-01,1.261175377294421196e-03,2.452919492498040199e-03,2.845071023330092430e-03
7.059441566467285156e+00,5.239459037780761719e+00,3.441076040267944336e+00,9.999942183494567871e-01,2.541042165830731392e-03,1.421375665813684464e-03,1.787922694347798824e-03
3.998708963394165039e+00,3.961393117904663086e+00,7.059215068817138672e+00,9.999988675117492676e-01,-1.531113171949982643e-03,-2.660609025042504072e-04,-3.906206984538584948e-05
3.504709482192993164e+00,2.615132093429565430e+00,2.216221570968627930e+00,9.999995827674865723e-01,-8.420391823165118694e-04,4.280123976059257984e-04,1.281519944313913584e-04
3.503509521484375000e+00,4.780310630798339844e+00,5.243255615234375000e+00,9.999402165412902832e-01,-8.137102238833904266e-03,5.165135022252798080e-03,-5.165775772184133530e-03
4.437278270721435547e+00,4.861155986785888672e+00,2.034653872251510620e-01,9.999846220016479492e-01,1.869685831479728222e-03,5.162591580301523209e-03,-8.350887219421565533e-04
5.658386707305908203e+00,6.850725173950195312e+00,2.152243137359619141e+00,9.999986886978149414e-01,5.965003510937094688e-04,4.915610188618302345e-04,1.475866301916539669e-03
2.205480813980102539e+00,6.416022181510925293e-01,2.196078300476074219e+00,9.999997615814208984e-01,-1.578587398398667574e-04,2.700303157325834036e-04,-7.470963755622506142e-04
2.756750106811523438e+00,6.012117385864257812e+00,1.678432583808898926e+00,9.999956488609313965e-01,-6.295455968938767910e-04,-2.595351310446858406e-03,-1.275340793654322624e-03
2.818977832794189453e+00,5.041433811187744141e+00,5.266205787658691406e+00,9.999997019767761230e-01,-2.864112320821732283e-04,-7.738250424154102802e-04,2.234342828160151839e-04
9.472309350967407227e-01,3.686979532241821289e+00,4.765054702758789062e+00,9.999989271163940430e-01,-6.980351754464209080e-04,-1.324332086369395256e-03,1.165880530606955290e-04
2.330733239650726318e-01,1.499937772750854492e+00,3.452239513397216797e+00,9.998047351837158203e-01,2.146228915080428123e-03,1.835913956165313721e-02,-6.988035980612039566e-03
3.497953891754150391e+00,7.203435897827148438e+00,6.071653366088867188e+00,9.999944567680358887e-01,-1.520296093076467514e-03,-5.491161136887967587e-04,2.941573970019817352e-03
5.744752407073974609e+00,2.957160711288452148e+00,3.795332431793212891e+00,9.999909996986389160e-01,-2.192484487295587314e-07,-5.658563168253749609e-05,-4.263578914105892181e-03
3.285231828689575195e+00,3.315330505371093750e+00,1.232529044151306152e+00,9.999921917915344238e-01,1.807761844247579575e-03,2.385523170232772827e-03,-2.600204432383179665e-03
7.297929286956787109e+00,1.459649682044982910e+00,4.798669338226318359e+00,9.999587535858154297e-01,-4.609014838933944702e-03,6.075629033148288727e-03,4.944749176502227783e-03
1.470118284225463867e+00,5.871083736419677734e-01,3.138239145278930664e+00,1.000000000000000000e+00,-2.482783456798642874e-04,1.693657104624435306e-04,-9.814220538828521967e-05
8.660975098609924316e-01,3.935206174850463867e+00,6.213077545166015625e+00,9.999867081642150879e-01,4.414410330355167389e-03,-2.771998697426170111e-04,-2.669679932296276093e-03
6.701672554016113281e+00,4.619342327117919922e+00,3.887288570404052734e+00,9.998828172683715820e-01,1.490736100822687149e-02,2.894936827942728996e-03,1.951013342477381229e-03
3.760904550552368164e+00,3.489430427551269531e+00,1.461522698402404785e+00,9.999763965606689453e-01,-6.279577501118183136e-03,1.682856352999806404e-03,-2.215197775512933731e-03
7.173865437507629395e-01,2.861489772796630859e+00,5.158592700958251953e+00,9.999976754188537598e-01,1.715932507067918777e-03,9.730713791213929653e-04,-9.051588131114840508e-04
5.098743438720703125e+00,9.098866581916809082e-02,1.348993182182312012e+00,9.999517798423767090e-01,7.410948164761066437e-03,3.068858524784445763e-03,-5.661092698574066162e-03
3.844416141510009766e+00,1.632346153259277344e+00,5.433039665222167969e+00,9.999985694885253906e-01,1.391226658597588539e-03,-9.627597755752503872e-04,3.358395770192146301e-04
3.159649610519409180e+00,1.828250169754028320e+00,7.382819175720214844e+00,9.998512268066406250e-01,1.080816425383090973e-02,5.604302976280450821e-03,-1.222543045878410339e-02
2.754467248916625977e+00,3.622313737869262695e-01,2.371487379074096680e+00,9.998648762702941895e-01,-1.221555843949317932e-02,-1.899417256936430931e-03,-1.084057707339525223e-02
5.139889717102050781e+00,1.487577199935913086e+00,2.731482028961181641e+00,9.999572634696960449e-01,-3.628350095823407173e-03,-4.039108287543058395e-03,7.487354334443807602e-03
8.355575203895568848e-01,1.915289163589477539e+00,2.999989986419677734e+00,9.999970197677612305e-01,5.235064309090375900e-04,1.656685024499893188e-03,-1.720471307635307312e-03
5.938519954681396484e+00,7.001438140869140625e+00,5.718539714813232422e+00,9.999989867210388184e-01,1.034128828905522823e-03,1.048810896463692188e-03,1.136567734647542238e-04
3.086578607559204102e+00,4.484549045562744141e+00,3.133675336837768555e+00,9.999991655349731445e-01,2.493848442099988461e-04,-1.289993640966713428e-03,-2.334399760002270341e-04
2.595632791519165039e+00,7.255386114120483398e-01,6.101207256317138672e+00,9.999980330467224121e-01,1.715982216410338879e-03,5.524649168364703655e-04,-8.773367153480648994e-04
7.259539604187011719e+00,6.989930629730224609e+00,1.724467754364013672e+00,9.999943971633911133e-01,-3.324663033708930016e-03,1.789286179700866342e-04,-4.648955073207616806e-04
4.693082332611083984e+00,1.506836891174316406e+00,7.329228878021240234e+00,9.999952316284179688e-01,-2.727843122556805611e-03,1.409031101502478123e-03,-4.943483509123325348e-04
7.287502765655517578e+00,1.128306984901428223e+00,1.199653029441833496e+00,9.999996423721313477e-01,-7.656068773940205574e-04,1.189417980640428141e-05,4.665199667215347290e-04
7.241747856140136719e+00,3.327593564987182617e+00,1.134862542152404785e+00,9.999311566352844238e-01,5.820547230541706085e-03,3.107402473688125610e-03,9.702134877443313599e-03
6.038280010223388672e+00,3.757062435150146484e+00,6.557301521301269531e+00,9.998929500579833984e-01,4.233047831803560257e-03,-1.108552236109972000e-02,-8.569433353841304779e-03
3.652628183364868164e+00,4.901486396789550781e+00,1.439251184463500977e+00,9.999952316284179688e-01,1.979079330340027809e-03,2.373906318098306656e-03,-6.120607577031478286e-05
3.628865718841552734e+00,1.689984560012817383e+00,6.492445468902587891e+00,9.999980926513671875e-01,1.060097245499491692e-03,-1.532272668555378914e-03,-6.317440420389175415e-04
1.862387418746948242e+00,1.186446905136108398e+00,1.732024788856506348e+00,9.999982714653015137e-01,1.088562072254717350e-03,-1.453576493076980114e-03,-4.974355688318610191e-04
4.085811614990234375e+00,2.709911763668060303e-01,4.591769576072692871e-01,9.999991059303283691e-01,1.957780186785385013e-04,5.551060166908428073e-05,1.346663455478847027e-03
3.824919223785400391e+00,1.637144923210144043e+00,4.852071285247802734e+00,9.999998211860656738e-01,-1.443313340132590383e-05,-6.116351578384637833e-04,-3.584035148378461599e-04
1.647379636764526367e+00,4.048705101013183594e+00,3.213392734527587891e+00,9.999954700469970703e-01,2.135123591870069504e-03,-2.554071252234280109e-04,-2.125188009813427925e-03
2.879993677139282227e+00,6.150270938873291016e+00,5.680749893188476562e+00,9.999865293502807617e-01,3.751900512725114822e-03,2.616608282551169395e-03,-2.484991215169429779e-03
5.488421320915222168e-01,1.751284122467041016e+00,2.813352823257446289e+00,9.999970793724060059e-01,-1.626771525479853153e-03,-8.773183217272162437e-04,1.584847574122250080e-03
7.130680561065673828e+00,6.791049957275390625e+00,4.664009571075439453e+00,9.999963641166687012e-01,-1.426451606675982475e-03,-1.258525298908352852e-03,-1.903153024613857269e-03
3.987205505371093750e+00,2.497822999954223633e+00,4.927414417266845703e+00,9.999911785125732422e-01,-3.501860192045569420e-03,-1.319746486842632294e-03,-1.896405708976089954e-03
6.963134765625000000e+00,7.351828098297119141e+00,5.946839332580566406e+00,9.999967217445373535e-01,1.417106832377612591e-03,2.116166055202484131e-03,-4.860680783167481422e-04
2.267489433288574219e+00,2.440578937530517578e+00,2.556014299392700195e+00,9.999951124191284180e-01,1.683720736764371395e-03,-1.062660245224833488e-03,-2.427118597552180290e-03
7.004911422729492188e+00,7.083577632904052734e+00,5.167034149169921875e+00,9.999966621398925781e-01,2.344191307201981544e-03,-1.069322694092988968e-03,-3.940287861041724682e-04
2.170026302337646484e-02,1.527589917182922363e+00,2.292684316635131836e+00,9.999994039535522461e-01,-8.787062251940369606e-04,-4.863020149059593678e-04,5.683432682417333126e-04
1.182693958282470703e+00,1.180000543594360352e+00,1.934354782104492188e+00,9.999956488609313965e-01,1.205804059281945229e-03,-2.397859003394842148e-03,-1.300323521718382835e-03
6.916853904724121094e+00,9.063228964805603027e-01,5.524625182151794434e-01,9.999949336051940918e-01,5.575408576987683773e-04,-2.897850936278700829e-03,1.182141830213367939e-03
4.511611938476562500e+00,3.421574592590332031e+00,3.581677436828613281e+00,9.999292492866516113e-01,-6.547178141772747040e-03,9.000222198665142059e-03,-4.192959517240524292e-03
2.440248966217041016e+00,1.851843714714050293e+00,6.532033443450927734e+00,9.999746680259704590e-01,-6.970934569835662842e-03,1.487644040025770664e-03,1.362814800813794136e-04
5.018519163131713867e-01,1.919563114643096924e-01,7.245182514190673828e+00,9.999743103981018066e-01,-5.192563403397798538e-03,-4.455484915524721146e-03,-2.139710821211338043e-03
4.044083595275878906e+00,1.775561451911926270e+00,5.570362806320190430e-01,9.999972581863403320e-01,1.471630297601222992e-03,-8.322961512021720409e-04,-1.622159383259713650e-03
5.952495098114013672e+00,1.127877235412597656e+00,6.733093261718750000e+00,9.999567270278930664e-01,-2.185892313718795776e-03,5.913708824664354324e-03,6.843972019851207733e-03
1.893861055374145508e+00,4.105711281299591064e-01,5.677930355072021484e+00,9.999924898147583008e-01,2.414042595773935318e-03,1.216239645145833492e-03,-2.791137900203466415e-03
1.921690583229064941e+00,3.893189728260040283e-01,1.919523119926452637e+00,9.999985694885253906e-01,1.426661154255270958e-03,3.295449423603713512e-04,-9.389538899995386600e-04
6.717036247253417969e+00,4.869142055511474609e+00,5.172290325164794922e+00,9.999997019767761230e-01,-6.489253137260675430e-04,3.818804107140749693e-04,4.824658099096268415e-04
6.864247798919677734e+00,5.264415264129638672e+00,7.929430603981018066e-01,9.999209046363830566e-01,2.757622161880135536e-03,8.670851588249206543e-03,8.687045425176620483e-03
5.292959213256835938e+00,3.744309186935424805e+00,5.659072399139404297e-01,9.999993443489074707e-01,-6.008737273077713326e-06,4.430793342180550098e-04,-1.131611061282455921e-03
3.566583633422851562e+00,4.265382289886474609e+00,7.023856163024902344e+00,9.999970793724060059e-01,7.700493442825973034e-04,1.988786738365888596e-03,-1.145719317719340324e-03
9.938869476318359375e-01,6.583405971527099609e+00,7.142178535461425781e+00,9.999974370002746582e-01,1.123040216043591499e-03,4.745033802464604378e-04,1.933764782734215260e-03
5.990315437316894531e+00,3.466744422912597656e+00,5.528128623962402344e+00,9.999979138374328613e-01,-1.921733259223401546e-03,-7.369492086581885815e-04,1.366327778669074178e-04
5.729378223419189453e+00,6.678053855895996094e+00,5.614917278289794922e+00,9.999997615814208984e-01,-1.210357440868392587e-04,-5.526746972464025021e-04,-4.276525287423282862e-04
7.124591350555419922e+00,8.955070972442626953e-01,5.932282447814941406e+00,9.998697042465209961e-01,1.141532976180315018e-02,8.388365618884563446e-03,7.739529944956302643e-03
7.382944583892822266e+00,7.785672545433044434e-01,1.340650916099548340e+00,9.999945759773254395e-01,-1.805976382456719875e-03,-4.035102610941976309e-04,2.749132458120584488e-03
3.783056259155273438e+00,6.077117919921875000e+00,7.191480159759521484e+00,9.999992847442626953e-01,-1.068522338755428791e-03,-3.941434843000024557e-04,-3.161297645419836044e-04
2.465897798538208008e+00,1.914702415466308594e+00,4.522483825683593750e+00,9.999989271163940430e-01,6.340865365928038955e-05,-7.761474116705358028e-04,-1.275934162549674511e-03
2.165284633636474609e+00,4.451757431030273438e+00,5.955047607421875000e+00,9.999834895133972168e-01,-6.718633812852203846e-04,-5.411365069448947906e-03,-1.841441844590008259e-03
6.861982822418212891e+00,4.433919906616210938e+00,1.368226289749145508e+00,9.999724626541137695e-01,3.846808569505810738e-03,-2.433468587696552277e-03,-5.875688977539539337e-03
5.566916465759277344e-01,2.539098501205444336e+00,3.851933002471923828e+00,9.999940991401672363e-01,-1.721971319057047367e-03,2.327019581571221352e-03,-1.894919667392969131e-03
5.258618831634521484e+00,5.126956462860107422e+00,2.265745162963867188e+00,9.999973177909851074e-01,1.933347317390143871e-03,-1.320848707109689713e-03,-3.356199886184185743e-05
5.752082347869873047e+00,3.899651765823364258e+00,5.948958992958068848e-01,9.999992251396179199e-01,-7.820184691809117794e-04,-7.659827242605388165e-04,-6.055673002265393734e-04
6.226501941680908203e+00,1.889818429946899414e+00,3.735296487808227539e+00,9.999936819076538086e-01,2.146703889593482018e-03,2.215608954429626465e-03,1.798662939108908176e-03
6.627176284790039062e+00,4.380406439304351807e-01,1.664653301239013672e+00,9.999997019767761230e-01,-1.767716457834467292e-04,-3.558486350812017918e-04,7.882476784288883209e-04
2.212459802627563477e+00,1.002101540565490723e+00,-4.947373527102172375e-04,9.999976754188537598e-01,1.827836502343416214e-03,1.026908750645816326e-03,6.192359724082052708e-04
3.077479124069213867e+00,1.247290253639221191e+00,3.608108043670654297e+00,9.999929666519165039e-01,-8.611497469246387482e-04,3.640279639512300491e-03,4.631003539543598890e-04
2.013223171234130859e+00,6.957306861877441406e+00,6.910457134246826172e+00,9.999997019767761230e-01,-7.154476479627192020e-04,-3.691662568598985672e-04,-1.744700275594368577e-04
1.489163041114807129e+00,1.762597588822245598e-03,2.463625192642211914e+00,9.999501705169677734e-01,4.872049205005168915e-03,-2.128611318767070770e-03,8.451461791992187500e-03
7.044772624969482422e+00,4.901838302612304688e+00,4.509126186370849609e+00,9.999886751174926758e-01,1.632337574847042561e-03,-1.148439012467861176e-03,-4.338476341217756271e-03
5.279468059539794922e+00,3.993705272674560547e+00,2.136229991912841797e+00,9.999809265136718750e-01,-5.023347213864326477e-03,3.602199256420135498e-03,-4.479020572034642100e-05
1.099084258079528809e+00,2.274888515472412109e+00,4.132315635681152344e+00,9.999448657035827637e-01,8.737696334719657898e-03,5.749882198870182037e-03,9.914016118273139000e-04
2.981872558593750000e+00,5.848515033721923828e+00,2.983411848545074463e-01,9.999848604202270508e-01,-3.623074851930141449e-03,2.851528115570545197e-03,-3.020989708602428436e-03
5.917881727218627930e-01,4.305896759033203125e+00,3.164861202239990234e+00,9.999979734420776367e-01,-9.030695073306560516e-04,1.568306819535791874e-03,9.428028715774416924e-04
1.352214336395263672e+00,1.086598634719848633e+00,4.565554618835449219e+00,9.999977946281433105e-01,1.496109180152416229e-03,1.340918941423296928e-03,-7.095797918736934662e-04
6.123029708862304688e+00,2.074805974960327148e+00,6.452598094940185547e+00,9.999907612800598145e-01,2.319032093510031700e-03,-1.612129737623035908e-03,-3.239866578951478004e-03
1.594937920570373535e+00,4.490588188171386719e+00,8.188393115997314453e-01,9.999486804008483887e-01,3.612707369029521942e-04,7.147245574742555618e-03,-7.180673070251941681e-03
5.724192142486572266e+00,7.106468677520751953e+00,4.483925700187683105e-01,9.998968839645385742e-01,1.381173077970743179e-02,-1.366790500469505787e-03,-3.709800075739622116e-03
6.103207111358642578e+00,3.865621328353881836e+00,3.545181751251220703e+00,9.999988675117492676e-01,-8.183546015061438084e-04,-6.097627920098602772e-04,-1.173074590042233467e-03
6.352345943450927734e+00,1.642934799194335938e+00,6.427231311798095703e+00,9.999447464942932129e-01,-6.302788387984037399e-03,-3.741022665053606033e-03,7.531111128628253937e-03
4.414333343505859375e+00,2.850920915603637695e+00,2.298609256744384766e+00,9.999127984046936035e-01,-9.013135917484760284e-03,7.437788415700197220e-03,-6.150715984404087067e-03
7.405837535858154297e+00,2.740819931030273438e+00,4.291206002235412598e-01,9.999964833259582520e-01,-2.513509942218661308e-03,5.407318822108209133e-04,-6.002117879688739777e-04
4.310346603393554688e+00,7.137497067451477051e-01,5.168896198272705078e+00,9.999997615814208984e-01,1.603571035957429558e-05,-3.334958819323219359e-06,7.750032818876206875e-04
3.339093208312988281e+00,3.299099206924438477e+00,7.060451030731201172e+00,9.996813535690307617e-01,-1.376309245824813843e-02,-1.388064306229352951e-02,-1.597165130078792572e-02
7.886984348297119141e-01,7.222694873809814453e+00,3.630829334259033203e+00,9.999064803123474121e-01,-1.546336454339325428e-03,-1.232104655355215073e-02,-5.740502849221229553e-03
5.233288288116455078e+00,2.839058637619018555e+00,6.889915943145751953e+00,9.999953508377075195e-01,-3.064619377255439758e-03,3.519212259561754763e-05,2.212926628999412060e-04
6.395188808441162109e+00,2.740834951400756836e+00,1.768496274948120117e+00,9.999989271163940430e-01,1.096679945476353168e-03,1.378923043375834823e-04,1.050326391123235226e-03
3.367246627807617188e+00,5.212964057922363281e+00,6.875361442565917969e+00,9.999979734420776367e-01,-1.443937653675675392e-04,-1.914739725179970264e-03,6.207928527146577835e-04
2.619992733001708984e+00,6.869534015655517578e+00,7.133020401000976562e+00,9.998317956924438477e-01,-1.159109175205230713e-02,1.419598609209060669e-02,8.097650716081261635e-04
6.264827728271484375e+00,2.262167185544967651e-01,1.425234198570251465e+00,9.999942779541015625e-01,1.378100598230957985e-03,2.215131418779492378e-03,2.178707160055637360e-03
6.367002487182617188e+00,7.489914894104003906e+00,3.474256396293640137e-01,9.999723434448242188e-01,-4.039735533297061920e-03,6.238939240574836731e-03,-3.844900638796389103e-04
3.445206403732299805e+00,3.771787881851196289e+00,2.740674972534179688e+00,9.999996423721313477e-01,7.067694095894694328e-04,-4.326892667450010777e-04,4.212307976558804512e-04
2.990858554840087891e+00,2.323544502258300781e+00,6.884016036987304688e+00,9.999938011169433594e-01,-2.489007078111171722e-03,2.425812417641282082e-03,-6.893741665408015251e-04
2.384318113327026367e+00,3.983749747276306152e-01,7.013800621032714844e+00,9.999166131019592285e-01,-2.770778024569153786e-03,1.108430419117212296e-02,6.025920622050762177e-03
2.673664391040802002e-01,3.939871191978454590e-01,7.159104824066162109e+00,9.999681711196899414e-01,-5.201987456530332565e-03,-5.177726969122886658e-03,-3.128313925117254257e-03
7.443762779235839844e+00,4.346073150634765625e+00,4.493663787841796875e+00,9.999814629554748535e-01,-5.041033029556274414e-03,2.139932475984096527e-03,-2.691213740035891533e-03
5.482408523559570312e+00,5.798243045806884766e+00,6.179706096649169922e+00,9.999995231628417969e-01,4.354285192675888538e-04,-3.897344577126204967e-04,-8.612191304564476013e-04
2.671498298645019531e+00,6.413876056671142578e+00,7.060750961303710938e+00,9.999701976776123047e-01,-7.724714465439319611e-03,3.969721001340076327e-05,-1.131233730120584369e-04
2.809409141540527344e+00,4.724112033843994141e+00,2.583251476287841797e+00,9.999997019767761230e-01,4.984022234566509724e-04,3.476030178717337549e-05,-6.860230350866913795e-04
7.242515563964843750e+00,2.034650325775146484e+00,4.303833007812500000e+00,9.999961853027343750e-01,-1.135782222263514996e-03,-1.827401225455105305e-03,-1.768169924616813660e-03
6.492604255676269531e+00,3.668852329254150391e+00,5.389270782470703125e+00,9.999998807907104492e-01,-5.709578399546444416e-04,5.191177478991448879e-05,1.722062443150207400e-04
2.385123729705810547e+00,4.659261703491210938e+00,6.287322044372558594e+00,9.999996423721313477e-01,-7.383757038041949272e-04,5.072793574072420597e-04,-5.787127292933291756e-07
2.716827392578125000e+00,7.051245212554931641e+00,4.949392795562744141e+00,9.999979734420776367e-01,1.789494184777140617e-03,-7.633042987436056137e-04,6.014411337673664093e-04
1.342960476875305176e+00,3.756724119186401367e+00,8.703572750091552734e-01,9.999970197677612305e-01,1.047072699293494225e-03,-1.001236494630575180e-03,1.976277446374297142e-03
6.407094001770019531e+00,3.604684352874755859e+00,3.868624210357666016e+00,9.999992251396179199e-01,5.276827141642570496e-04,1.093421946279704571e-03,-2.619639853946864605e-04
6.973536968231201172e+00,4.650723934173583984e+00,2.205518960952758789e+00,9.999995827674865723e-01,-1.466056273784488440e-04,-9.763248963281512260e-04,1.267901679966598749e-04
7.486155509948730469e+00,6.323851585388183594e+00,1.790987849235534668e+00,9.999487400054931641e-01,-4.963634070008993149e-03,8.073696866631507874e-03,-3.580595832318067551e-03
5.927771091461181641e+00,2.473735809326171875e-01,3.980019569396972656e+00,9.999965429306030273e-01,2.293494762852787971e-03,7.510408067901153117e-06,1.330686733126640320e-03
5.626342773437500000e+00,2.034079313278198242e+00,2.687160968780517578e+00,9.999691247940063477e-01,-3.536572447046637535e-03,-6.741350516676902771e-03,-1.969065750017762184e-03
3.659127235412597656e+00,6.822286605834960938e+00,1.801831841468811035e+00,9.999957680702209473e-01,-2.718030242249369621e-03,1.066036871634423733e-03,3.772250784095376730e-05
6.300174236297607422e+00,7.085354328155517578e+00,8.753801584243774414e-01,9.999984502792358398e-01,-1.521699945442378521e-03,4.109227156732231379e-04,8.595921681262552738e-04
3.651634216308593750e+00,2.166780471801757812e+00,7.461208820343017578e+00,9.999962449073791504e-01,-2.398484386503696442e-03,4.715251270681619644e-04,1.297529321163892746e-03
3.976274490356445312e+00,6.132168769836425781e-01,4.325943946838378906e+00,9.999997019767761230e-01,4.910893039777874947e-04,-6.651383591815829277e-04,8.538940164726227522e-05
7.506137490272521973e-01,2.869768142700195312e+00,7.276836037635803223e-01,9.999983906745910645e-01,1.346089527942240238e-03,8.470182656310498714e-04,-8.811711450107395649e-04
3.916169106960296631e-01,2.420312762260437012e-01,2.245837002992630005e-01,9.999995231628417969e-01,-7.482692599296569824e-04,-5.517306271940469742e-04,5.106690223328769207e-04
4.228463172912597656e+00,2.051670074462890625e+00,5.615044832229614258e-01,9.999932050704956055e-01,-1.862349570728838444e-03,6.493688561022281647e-04,-3.134011290967464447e-03
5.720740318298339844e+00,5.600019931793212891e+00,4.661006450653076172e+00,9.996691346168518066e-01,2.055867761373519897e-02,-1.544600911438465118e-02,-6.239193608053028584e-04
2.466951608657836914e+00,1.981550604104995728e-01,5.171052455902099609e+00,9.999902248382568359e-01,-2.749291015788912773e-03,-3.472077660262584686e-03,-2.451375185046344995e-04
5.686309337615966797e+00,1.627680897712707520e+00,1.795602202415466309e+00,9.999995827674865723e-01,-6.649821298196911812e-04,6.366242887452244759e-04,2.659574383869767189e-04
1.499934554100036621e+00,3.906753063201904297e+00,6.281351089477539062e+00,9.998704791069030762e-01,1.445514988154172897e-02,3.600727766752243042e-03,-6.101030856370925903e-03
5.872984886169433594e+00,2.199704647064208984e+00,1.920549988746643066e+00,9.999688863754272461e-01,-2.882700879126787186e-03,-3.755644895136356354e-03,-6.310127209872007370e-03
7.565057277679443359e-01,6.080173015594482422e+00,6.878434658050537109e+00,9.998934864997863770e-01,6.543640512973070145e-03,1.159743685275316238e-02,5.982825998216867447e-03
4.413920402526855469e+00,3.281068205833435059e-01,2.746127843856811523e+00,9.999983906745910645e-01,-5.157182458788156509e-04,-9.279161458835005760e-04,1.504260697402060032e-03
7.506216168403625488e-01,4.432353496551513672e+00,1.736189603805541992e+00,9.998305439949035645e-01,-1.399582158774137497e-02,-1.117418799549341202e-02,-4.258262924849987030e-03
6.009468078613281250e+00,8.880524039268493652e-01,2.710316181182861328e+00,9.999997019767761230e-01,5.673229461535811424e-04,5.152133526280522346e-04,-3.745168796740472317e-04
5.831338763236999512e-01,7.039997577667236328e+00,1.734481453895568848e+00,9.999991655349731445e-01,7.150876917876303196e-04,1.135981059633195400e-03,3.980547990067861974e-05
5.882609367370605469e+00,5.134249210357666016e+00,3.798114061355590820e+00,9.999974370002746582e-01,1.655102707445621490e-03,-1.317168003879487514e-03,8.763265796005725861e-04
3.093668222427368164e+00,3.722635746002197266e+00,5.734818458557128906e+00,9.999957680702209473e-01,-1.267819316126406193e-03,-2.512322040274739265e-03,-8.265966898761689663e-04
2.783281803131103516e+00,6.988656997680664062e+00,7.379498481750488281e+00,9.998753070831298828e-01,-9.719107300043106079e-03,1.244532223790884018e-02,-1.795365533325821161e-04
1.486598134040832520e+00,3.845959901809692383e-01,5.728207588195800781e+00,9.999207258224487305e-01,8.562413277104496956e-04,3.022861434146761894e-03,-1.219601370394229889e-02
9.424875974655151367e-01,5.414582252502441406e+00,6.435126304626464844e+00,9.999992251396179199e-01,1.065099495463073254e-03,6.676305783912539482e-04,-3.254184848628938198e-04
2.077445030212402344e+00,6.046057701110839844e+00,9.161154031753540039e-01,9.999225735664367676e-01,-6.769594037905335426e-04,9.109636768698692322e-03,8.452405221760272980e-03
2.685220718383789062e+00,1.147158265113830566e+00,7.577116489410400391e-01,9.999787807464599609e-01,-4.221663810312747955e-03,4.139211028814315796e-03,2.755420282483100891e-03
4.025290489196777344e+00,3.500410795211791992e+00,4.627229690551757812e+00,9.999953508377075195e-01,-2.016801619902253151e-03,9.568554232828319073e-04,2.106697065755724907e-03
6.475439667701721191e-01,3.582136154174804688e+00,1.065726280212402344e+00,9.999990463256835938e-01,-1.078670495189726353e-03,8.976425742730498314e-04,-2.311643183929845691e-04
9.823155999183654785e-01,3.701699078083038330e-01,3.289844512939453125e+00,9.999995827674865723e-01,6.688427529297769070e-04,-4.754391920869238675e-05,7.049705018289387226e-04
2.334079980850219727e+00,4.586313247680664062e+00,3.186036825180053711e+00,9.999980330467224121e-01,-1.638378249481320381e-03,-7.953992462716996670e-04,-8.278332534246146679e-04
6.917854785919189453e+00,5.993058681488037109e+00,1.189401626586914062e+00,9.999986290931701660e-01,1.086399191990494728e-03,6.285820854827761650e-04,-1.148611423559486866e-03
3.473693609237670898e+00,6.735053062438964844e+00,3.140001535415649414e+00,9.999775886535644531e-01,5.656989756971597672e-03,1.233474700711667538e-03,-3.360657719895243645e-03
1.387583613395690918e+00,2.844402074813842773e+00,2.789144515991210938e+00,9.999929666519165039e-01,1.363791525363922119e-03,-2.871401142328977585e-03,2.036527264863252640e-03
2.504867315292358398e+00,4.357748925685882568e-01,3.719646453857421875e+00,9.999875426292419434e-01,2.998195355758070946e-03,-3.352429019287228584e-03,2.197233261540532112e-03
3.614692211151123047e+00,6.585858464241027832e-01,7.230694770812988281e+00,9.999887943267822266e-01,2.441322896629571915e-03,-2.693907357752323151e-03,3.042174968868494034e-03
7.414144515991210938e+00,5.799365043640136719e+00,7.195189476013183594e+00,9.999993443489074707e-01,5.313206347636878490e-04,-6.420490681193768978e-04,8.381353691220283508e-04
2.524689435958862305e+00,5.183298587799072266e+00,3.147009611129760742e+00,9.999980330467224121e-01,2.621342428028583527e-04,-1.997448503971099854e-03,-2.010653552133589983e-04
6.557003974914550781e+00,2.639005661010742188e+00,8.357023596763610840e-01,9.999995231628417969e-01,3.037023452634457499e-05,8.401421364396810532e-04,-6.434349343180656433e-04
3.752573728561401367e+00,6.330491065979003906e+00,4.661760807037353516e+00,9.999974966049194336e-01,1.374429441057145596e-03,6.247533019632101059e-04,1.694720122031867504e-03
6.416387557983398438e+00,6.408770084381103516e+00,5.701209068298339844e+00,9.999935626983642578e-01,2.149340929463505745e-03,1.092202379368245602e-03,-2.689570887014269829e-03
5.004098415374755859e+00,4.726330757141113281e+00,4.633557319641113281e+00,9.998967051506042480e-01,1.355522428639233112e-03,6.874857004731893539e-03,-1.254938356578350067e-02
4.511213302612304688e-02,6.554620265960693359e+00,5.994646072387695312e+00,9.999992847442626953e-01,9.630509302951395512e-04,-7.716967375017702579e-04,2.772492298390716314e-04
1.915264129638671875e+00,5.259243011474609375e+00,1.321432828903198242e+00,9.999980330467224121e-01,-1.729786861687898636e-03,-1.810848043533042073e-04,9.239218779839575291e-04
4.160309791564941406e+00,1.254915475845336914e+00,5.576303482055664062e+00,9.999988675117492676e-01,5.120882997289299965e-04,-1.417192514054477215e-03,3.354889922775328159e-04
9.354738891124725342e-02,4.025526523590087891e+00,6.919156074523925781e+00,9.999997019767761230e-01,6.211192812770605087e-04,-5.098934052512049675e-04,-1.277271221624687314e-04
5.858438491821289062e+00,3.491192579269409180e+00,6.576843261718750000e+00,9.998436570167541504e-01,6.408487446606159210e-03,-6.272013764828443527e-03,1.524309813976287842e-02
4.060875773429870605e-01,6.540339946746826172e+00,6.072792053222656250e+00,9.999987483024597168e-01,1.182284206151962280e-03,-4.240065463818609715e-04,1.039904658682644367e-03
4.426255226135253906e+00,3.488147854804992676e-01,6.531919479370117188e+00,9.999985694885253906e-01,-1.218788209371268749e-03,6.154680158942937851e-04,-1.067821518518030643e-03
2.994536876678466797e+00,1.910011619329452515e-01,3.094733238220214844e+00,9.998700022697448730e-01,5.276984535157680511e-03,8.742890320718288422e-03,-1.248216815292835236e-02
7.305878162384033203e+00,3.968574285507202148e+00,5.378494262695312500e+00,1.000000000000000000e+00,-1.634700456634163857e-04,3.753918863367289305e-04,6.543499330291524529e-05
5.698596954345703125e+00,4.431703567504882812e+00,6.392222881317138672e+00,9.999045133590698242e-01,5.178430583328008652e-03,-1.052048429846763611e-02,-7.315434981137514114e-03
6.069673061370849609e+00,7.959870696067810059e-01,1.806198716163635254e+00,9.999796748161315918e-01,-5.111815873533487320e-03,3.577929921448230743e-03,-1.355440821498632431e-03
4.134045124053955078e+00,6.849275827407836914e-01,6.098777294158935547e+00,9.999997615814208984e-01,-4.595632199198007584e-04,-1.224153384100645781e-04,5.734941805712878704e-04
2.341101646423339844e+00,1.889012813568115234e+00,6.674658060073852539e-01,9.999997019767761230e-01,5.260470788925886154e-04,6.345191504806280136e-04,1.287778286496177316e-04
3.574236154556274414e+00,4.574931144714355469e+00,3.449750542640686035e-01,9.999685287475585938e-01,3.257459029555320740e-04,-3.886712482199072838e-03,6.915139965713024139e-03
1.521285176277160645e-01,6.163200855255126953e+00,6.898633956909179688e+00,9.999430179595947266e-01,9.431102313101291656e-03,4.459074698388576508e-03,-2.272456651553511620e-03
1.565053939819335938e+00,7.386367797851562500e+00,6.257634639739990234e+00,9.999983310699462891e-01,-2.567078918218612671e-04,-1.824002247303724289e-03,1.400164092046907172e-05
2.016017675399780273e+00,2.764528512954711914e+00,1.809512138366699219e+00,9.999287128448486328e-01,-5.681534297764301300e-03,5.402301321737468243e-04,1.048922818154096603e-02
2.829519033432006836e+00,8.180500268936157227e-01,2.714096546173095703e+00,9.999983310699462891e-01,-3.036304551642388105e-04,-1.193594885990023613e-03,1.387575874105095863e-03
5.197863101959228516e+00,5.051115036010742188e+00,3.809180736541748047e+00,1.000000000000000000e+00,1.481556537328287959e-04,1.880096970126032829e-04,-1.546652056276798248e-04
2.540825843811035156e+00,7.668451666831970215e-01,7.330033779144287109e-01,9.999997615814208984e-01,2.429652231512591243e-04,1.650152553338557482e-04,7.394183194264769554e-04
2.597592212259769440e-02,5.390697479248046875e+00,6.701371192932128906e+00,9.999935030937194824e-01,-1.172401127405464649e-03,1.625746255740523338e-03,3.025355283170938492e-03
5.962136745452880859e+00,1.071276068687438965e+00,4.416582584381103516e+00,9.999325275421142578e-01,-8.561805821955204010e-03,-2.261803252622485161e-03,-7.521011400967836380e-03
5.756868839263916016e+00,6.097908973693847656e+00,3.959105014801025391e+00,9.999959468841552734e-01,2.123130718246102333e-03,-1.175531535409390926e-03,1.551062450744211674e-03
1.266182780265808105e+00,5.826321840286254883e-01,4.878398418426513672e+00,9.999638795852661133e-01,-1.176849124021828175e-03,6.947684101760387421e-03,-4.748485982418060303e-03
6.997233867645263672e+00,1.427945137023925781e+00,4.910542964935302734e+00,9.999672770500183105e-01,-6.427096202969551086e-03,4.925983957946300507e-03,1.852450077421963215e-04
6.700386524200439453e+00,2.898857831954956055e+00,4.600761413574218750e+00,9.999860525131225586e-01,5.124680697917938232e-03,5.569905042648315430e-04,1.174273318611085415e-03
6.051774621009826660e-01,7.223638534545898438e+00,7.357452392578125000e+00,9.999797344207763672e-01,-5.532876122742891312e-03,1.905666547827422619e-03,-2.513103187084197998e-03
5.606137752532958984e+00,4.930757045745849609e+00,7.497370243072509766e-01,9.999834895133972168e-01,3.886481747031211853e-03,8.951233467087149620e-04,4.150398541241884232e-03
3.251871585845947266e+00,6.020007133483886719e+00,5.680055618286132812e+00,9.999954700469970703e-01,-2.566479670349508524e-04,1.912937266752123833e-03,-2.343713538721203804e-03
5.191113948822021484e+00,7.369067668914794922e+00,1.609402656555175781e+00,9.999979734420776367e-01,4.943783278577029705e-04,-8.887907024472951889e-04,-1.779738930054008961e-03
7.338378429412841797e+00,5.308668613433837891e+00,6.441411495208740234e+00,9.999679327011108398e-01,3.507748246192932129e-03,7.186067290604114532e-03,-5.984106683172285557e-04
7.134231567382812500e+00,3.605771303176879883e+00,4.836544990539550781e+00,9.999970197677612305e-01,1.599539420567452908e-03,5.499155377037823200e-04,-1.783744897693395615e-03
1.278486251831054688e+00,1.980208754539489746e+00,7.481691837310791016e+00,9.999932646751403809e-01,-2.837255131453275681e-03,-3.859247080981731415e-04,-2.304907189682126045e-03
1.506792187690734863e+00,2.602055788040161133e+00,5.937305450439453125e+00,9.999994635581970215e-01,-7.860191399231553078e-04,7.616805378347635269e-04,1.713991514407098293e-04
3.301906824111938477e+00,1.546779274940490723e+00,1.775275945663452148e+00,9.999982118606567383e-01,-1.314932713285088539e-03,-2.374824543949216604e-04,-1.372318831272423267e-03
3.414250612258911133e+00,8.460613489151000977e-01,3.040975093841552734e+00,9.999907016754150391e-01,-1.211230643093585968e-03,-3.461691783741116524e-03,-2.283981302753090858e-03
7.410453796386718750e+00,3.873780488967895508e+00,4.935499668121337891e+00,9.999966025352478027e-01,-1.869685249403119087e-03,1.789507456123828888e-03,4.860131884925067425e-04
3.267754316329956055e+00,6.118073940277099609e+00,3.094021558761596680e+00,9.999951720237731934e-01,-2.871582983061671257e-03,7.389960228465497494e-04,-9.824148146435618401e-04
4.947415828704833984e+00,5.034463405609130859e+00,6.807765960693359375e+00,9.996787309646606445e-01,2.101144939661026001e-02,4.093590658158063889e-03,-1.357565075159072876e-02
7.003493309020996094e+00,2.302675485610961914e+00,7.128079891204833984e+00,9.997049570083618164e-01,1.436850428581237793e-02,-1.588158123195171356e-02,-1.146070566028356552e-02
5.994286060333251953e+00,8.867964893579483032e-02,1.957496523857116699e+00,9.998375773429870605e-01,-1.007764320820569992e-02,-7.126825861632823944e-03,-1.313563901931047440e-02
3.478178679943084717e-01,2.474326133728027344e+00,5.804973125457763672e+00,9.999995231628417969e-01,-6.524888449348509312e-04,-7.895112503319978714e-04,-1.190461480291560292e-04
1.080233693122863770e+00,5.283580303192138672e+00,4.215158939361572266e+00,9.999953508377075195e-01,-1.592430635355412960e-03,1.342558767646551132e-03,-2.254827413707971573e-03
3.255502700805664062e+00,6.821744918823242188e+00,1.882205247879028320e+00,9.999985098838806152e-01,-4.924471140839159489e-04,-1.607812009751796722e-03,5.713746650144457817e-04
7.423563480377197266e+00,7.326400756835937500e+00,7.275801658630371094e+00,9.999997615814208984e-01,-6.774724461138248444e-04,-2.267174131702631712e-04,1.358800072921440005e-04
3.538932561874389648e+00,5.887753486633300781e+00,7.373507976531982422e+00,9.999993443489074707e-01,-6.027342169545590878e-04,-9.752109763212502003e-04,2.703706268221139908e-04
3.137153148651123047e+00,2.399091243743896484e+00,1.434091687202453613e+00,9.999985694885253906e-01,-1.493369229137897491e-03,8.474800852127373219e-04,-4.602234912454150617e-05
5.968152523040771484e+00,7.124029636383056641e+00,2.521292209625244141e+00,9.999974966049194336e-01,1.739021623507142067e-03,-9.199593914672732353e-04,1.119066728278994560e-03
1.881506800651550293e+00,6.488428711891174316e-01,3.645710229873657227e+00,9.999986290931701660e-01,1.521777157904580235e-04,-6.855431711301207542e-04,-1.520306221209466457e-03
6.076475620269775391e+00,6.928359985351562500e+00,2.160531044006347656e+00,1.000000000000000000e+00,-7.812345575075596571e-05,2.357355551794171333e-04,1.662880531512200832e-04
5.853759765625000000e+00,2.712630748748779297e+00,1.930765390396118164e+00,9.999993443489074707e-01,2.313139702891930938e-04,-6.954977870918810368e-04,-9.236529003828763962e-04
3.378192901611328125e+00,1.471488833427429199e+00,6.352470874786376953e+00,9.999995231628417969e-01,-1.994946505874395370e-04,-9.894832037389278412e-04,-1.332048850599676371e-04
7.417753338813781738e-01,9.538843035697937012e-01,1.978624343872070312e+00,9.999289512634277344e-01,-8.918268606066703796e-03,6.432902999222278595e-03,4.616066347807645798e-03
5.962264537811279297e+00,2.509422302246093750e+00,8.375286459922790527e-01,9.999999403953552246e-01,1.776059652911499143e-04,-3.424268215894699097e-04,1.863888464868068695e-04
3.185811042785644531e+00,4.378365039825439453e+00,3.560977458953857422e+00,9.999973177909851074e-01,-1.779217622242867947e-03,1.257233321666717529e-03,8.657425642013549805e-04
1.829130172729492188e+00,6.453011512756347656e+00,3.164041996002197266e+00,9.999817013740539551e-01,1.616374123841524124e-03,4.352718591690063477e-03,-3.887439845129847527e-03
2.529195323586463928e-02,5.074752330780029297e+00,3.912859678268432617e+00,9.999965429306030273e-01,2.293901052325963974e-03,-5.487362068379297853e-05,1.313027227297425270e-03
5.372300148010253906e+00,3.040516674518585205e-01,6.461099147796630859e+00,9.999001026153564453e-01,-7.688424549996852875e-03,1.107164751738309860e-02,4.264078103005886078e-03
6.550682544708251953e+00,6.120588779449462891e+00,5.302875995635986328e+00,9.999393820762634277e-01,5.045638419687747955e-03,-8.717001415789127350e-03,4.458289127796888351e-03
1.937752485275268555e+00,5.475355625152587891e+00,1.875861287117004395e-01,9.999997615814208984e-01,-4.364934284240007401e-04,-2.691327827051281929e-04,-6.065041525289416313e-04
5.279818534851074219e+00,5.737418174743652344e+00,2.380149126052856445e+00,9.998817443847656250e-01,-1.369653083384037018e-02,-4.591817501932382584e-03,-5.284582264721393585e-03
7.358274459838867188e+00,2.482053995132446289e+00,5.508634090423583984e+00,9.999996423721313477e-01,-2.518337569199502468e-04,-8.788845152594149113e-04,1.142417240771465003e-04
3.111329078674316406e+00,2.817008256912231445e+00,3.766587734222412109e+00,9.999992251396179199e-01,6.900581647641956806e-04,1.102143898606300354e-03,-6.420921272365376353e-05
1.776137232780456543e+00,5.502961277961730957e-01,2.957209110260009766e+00,9.999997019767761230e-01,1.266008475795388222e-04,8.411955204792320728e-04,-2.966498686873819679e-05
4.817124366760253906e+00,4.883443832397460938e+00,3.255011081695556641e+00,9.999822378158569336e-01,-1.156054204329848289e-03,2.918625250458717346e-03,-5.082651507109403610e-03
1.985742151737213135e-02,2.778730630874633789e+00,2.993101835250854492e+00,9.999960064888000488e-01,6.693120667478069663e-05,-7.820105529390275478e-04,-2.749316161498427391e-03
6.994438171386718750e+00,2.537734270095825195e+00,1.674290299415588379e+00,9.999998807907104492e-01,2.184497134294360876e-04,-2.450130123179405928e-04,-3.267259162385016680e-04
6.265578269958496094e+00,2.898517608642578125e+00,2.028036832809448242e+00,9.999981522560119629e-01,1.585956779308617115e-03,4.633606877177953720e-04,9.762133704498410225e-04
2.490350753068923950e-01,5.353843688964843750e+00,1.322792291641235352e+00,9.999954104423522949e-01,-2.839156659319996834e-03,-5.616436246782541275e-04,9.783543646335601807e-04
6.388627052307128906e+00,5.489317417144775391e+00,3.678788423538208008e+00,9.999998807907104492e-01,-1.011107269732747227e-05,2.533217775635421276e-04,4.135888302698731422e-04
5.887412548065185547e+00,6.560114383697509766e+00,2.004028558731079102e+00,9.999596476554870605e-01,-1.240454148501157761e-03,-1.985825132578611374e-03,-8.681064471602439880e-03
7.223951339721679688e+00,5.509503364562988281e+00,2.030431509017944336e+00,9.999992847442626953e-01,-1.143184141255915165e-03,3.292601613793522120e-04,3.003453894052654505e-04
2.961326599121093750e+00,5.385210990905761719e+00,7.432219982147216797e-01,9.999966621398925781e-01,2.336232457309961319e-03,1.041341922245919704e-03,-5.082993302494287491e-04
1.596261620521545410e+00,3.297282755374908447e-01,3.474853038787841797e-01,9.999989867210388184e-01,-6.959079764783382416e-04,1.278671319596469402e-03,2.753004955593496561e-04
7.217259883880615234e+00,6.251681327819824219e+00,4.634676933288574219e+00,9.999995231628417969e-01,-1.220790873048827052e-04,-9.119347087107598782e-04,4.139541124459356070e-04
6.548324108123779297e+00,5.361558437347412109e+00,1.536956191062927246e+00,9.999238252639770508e-01,-4.306179005652666092e-03,1.124944072216749191e-02,-2.707059727981686592e-03
1.632907271385192871e+00,7.107067108154296875e+00,3.817925214767456055e+00,9.999997615814208984e-01,-7.498319027945399284e-04,8.526044985046610236e-05,2.101010177284479141e-04
1.575814127922058105e+00,2.975499153137207031e+00,6.242357254028320312e+00,9.999977946281433105e-01,1.098569016903638840e-03,-1.822978723794221878e-03,9.498751023784279823e-05
6.129581928253173828e+00,2.030692338943481445e+00,3.443364620208740234e+00,9.999135136604309082e-01,-5.531304515898227692e-03,-1.150273066014051437e-02,3.186497371643781662e-03
4.103694915771484375e+00,8.278829604387283325e-02,1.110092639923095703e+00,9.999998211860656738e-01,-1.322567986790090799e-04,5.731435958296060562e-04,1.776069548213854432e-04
9.128206372261047363e-01,2.989610433578491211e-01,1.907656908035278320e+00,9.999956488609313965e-01,2.260999521240592003e-03,1.688252901658415794e-03,8.812505402602255344e-04
3.264945268630981445e+00,6.199143409729003906e+00,3.679064750671386719e+00,9.999881386756896973e-01,1.230684574693441391e-03,3.287053841631859541e-04,4.695090930908918381e-03
2.046630144119262695e+00,1.812221407890319824e+00,1.657118439674377441e+00,9.999996423721313477e-01,-8.208485087379813194e-04,-3.420854627620428801e-04,9.926426719175651670e-05
1.512036323547363281e+00,6.460365653038024902e-02,1.105874300003051758e+00,9.999992847442626953e-01,3.524549538269639015e-04,-1.050701364874839783e-03,4.027833056170493364e-04
4.360055923461914062e+00,4.928032875061035156e+00,4.841784000396728516e+00,9.999934434890747070e-01,3.200133563950657845e-03,-9.082779870368540287e-04,-1.487792353145778179e-03
1.265659332275390625e+00,5.909172058105468750e+00,6.739147186279296875e+00,9.999986886978149414e-01,1.113755861297249794e-03,1.148659037426114082e-03,4.307330236770212650e-04
2.893232107162475586e+00,6.457170844078063965e-01,5.960719585418701172e+00,9.999738931655883789e-01,1.204818981932476163e-04,4.150020249653607607e-04,7.212756667286157608e-03
5.765302181243896484e+00,4.806064128875732422e+00,2.804471731185913086e+00,9.999931454658508301e-01,-2.516095526516437531e-03,1.881770906038582325e-03,-1.984817674383521080e-03
3.798821926116943359e+00,5.697535276412963867e-01,1.558400630950927734e+00,9.999998211860656738e-01,5.563230952247977257e-04,3.709175216499716043e-04,1.821635523810982704e-04
7.371675014495849609e+00,4.742574393749237061e-01,5.117861270904541016e+00,9.999362826347351074e-01,-1.055700238794088364e-02,1.260777818970382214e-03,-3.803439438343048096e-03
1.714341521263122559e+00,9.861935973167419434e-01,6.629209518432617188e+00,9.999877214431762695e-01,-7.487721159122884274e-04,4.802665207535028458e-03,9.547286899760365486e-04
6.946732044219970703e+00,2.828629016876220703e-01,6.724633216857910156e+00,9.999980330467224121e-01,-1.032126252539455891e-03,-1.588587183505296707e-03,6.766778533346951008e-04
2.377168416976928711e+00,5.482089519500732422e-01,2.905367374420166016e+00,9.999961853027343750e-01,-2.633071271702647209e-03,8.194360998459160328e-04,-4.344727785792201757e-04
9.525973796844482422e-01,9.234713912010192871e-01,4.420770645141601562e+00,9.999864101409912109e-01,-1.498645404353737831e-03,8.814844477456063032e-06,5.004878621548414230e-03
2.120924949645996094e+00,4.582255840301513672e+00,1.565502047538757324e+00,9.999992847442626953e-01,-1.262149075046181679e-03,1.615426590433344245e-04,-3.689483855850994587e-05
2.657037019729614258e+00,3.866650342941284180e+00,4.362380027770996094e+00,9.999610781669616699e-01,-7.147399708628654480e-03,-5.210486706346273422e-04,5.149047821760177612e-03
5.647654056549072266e+00,3.797729253768920898e+00,6.674119949340820312e+00,9.999076724052429199e-01,-1.173427328467369080e-02,-5.998311098664999008e-03,3.305996768176555634e-03
4.397576808929443359e+00,2.037168741226196289e+00,6.684523582458496094e+00,9.999924302101135254e-01,-7.091811858117580414e-04,-3.679567016661167145e-03,1.111716032028198242e-03
2.510432243347167969e+00,1.778904080390930176e+00,2.579390764236450195e+00,9.999971389770507812e-01,-6.328871240839362144e-04,-2.036415506154298782e-03,-1.136103761382400990e-03
1.212267041206359863e+00,1.087652802467346191e+00,3.595452070236206055e+00,9.999952316284179688e-01,-8.017090731300413609e-04,1.221747137606143951e-03,-2.752191852778196335e-03
3.572832107543945312e+00,5.700428962707519531e+00,6.618110179901123047e+00,9.999990463256835938e-01,-4.052468575537204742e-04,7.953727035783231258e-04,-1.100799068808555603e-03
1.925834298133850098e+00,1.508794903755187988e+00,4.224887847900390625e+00,9.999632835388183594e-01,-7.189600262790918350e-03,4.314987163525074720e-04,-4.639907740056514740e-03
4.097020149230957031e+00,3.687065601348876953e+00,4.002751350402832031e+00,9.999988675117492676e-01,-1.198716228827834129e-03,8.102277643047273159e-04,-4.526853736024349928e-04
6.794457435607910156e+00,6.406145095825195312e-01,7.118045806884765625e+00,9.999901652336120605e-01,1.013351371511816978e-03,-4.205202218145132065e-03,1.025970210321247578e-03
3.364165544509887695e+00,1.395665287971496582e+00,3.650340080261230469e+00,9.999969005584716797e-01,-2.218356588855385780e-03,-9.629180422052741051e-04,-6.687084678560495377e-04
3.542865037918090820e+00,6.751566886901855469e+00,2.591739654541015625e+00,9.999812841415405273e-01,4.793510772287845612e-03,-1.533549744635820389e-03,3.494682954624295235e-03
4.199653148651123047e+00,4.862874507904052734e+00,2.173369169235229492e+00,9.998606443405151367e-01,-9.282096289098262787e-03,-5.727992858737707138e-03,-1.264437194913625717e-02
2.312105417251586914e+00,2.554474115371704102e+00,1.808801412582397461e+00,9.999884366989135742e-01,-2.429659012705087662e-03,-3.713902318850159645e-03,1.905709505081176758e-03
5.888616561889648438e+00,7.484474658966064453e+00,1.417347908020019531e+00,9.999002814292907715e-01,2.126997802406549454e-03,-1.020174566656351089e-02,-9.531890973448753357e-03
4.751735627651214600e-01,4.137997150421142578e+00,3.513038873672485352e+00,9.999980926513671875e-01,8.973566000349819660e-04,1.020864350721240044e-03,1.461637672036886215e-03
1.187097072601318359e+00,2.685906648635864258e+00,1.405692338943481445e+00,9.999867677688598633e-01,1.480028615333139896e-03,4.855128470808267593e-03,8.799922070465981960e-04
4.818594932556152344e+00,1.855228304862976074e+00,4.090631008148193359e+00,9.999918937683105469e-01,2.068376634269952774e-03,-1.451597781851887703e-03,-3.163249930366873741e-03
3.795064687728881836e+00,3.367342233657836914e+00,4.375582218170166016e+00,9.999412298202514648e-01,6.372443865984678268e-03,-3.306238213554024696e-04,-8.762626908719539642e-03
1.718937635421752930e+00,5.781584739685058594e+00,3.978578090667724609e+00,9.999975562095642090e-01,-1.009344472549855709e-03,-1.987963914871215820e-03,4.118969081901013851e-05
4.555465698242187500e+00,6.107334613800048828e+00,2.209418535232543945e+00,9.999985098838806152e-01,3.031980304513126612e-04,-1.650915510253980756e-05,-1.723084133118391037e-03
4.370095252990722656e+00,4.454096794128417969e+00,7.115897655487060547e+00,9.999887943267822266e-01,-2.798151457682251930e-03,-9.535910212434828281e-04,3.708268748596310616e-03
1.773796081542968750e-01,8.560998439788818359e-01,4.163666069507598877e-01,9.999796748161315918e-01,-1.591880340129137039e-03,5.307893734425306320e-03,3.165845060721039772e-03
2.845044612884521484e+00,2.700867414474487305e+00,2.234380960464477539e+00,9.999996423721313477e-01,-7.474462618120014668e-04,7.365563214989379048e-05,5.639650044031441212e-04
4.250968456268310547e+00,5.407525539398193359e+00,5.402160644531250000e+00,9.999956488609313965e-01,2.227324293926358223e-03,1.705276663415133953e-03,-9.584865765646100044e-04
5.447179794311523438e+00,5.441219806671142578e+00,1.654462099075317383e+00,9.999605417251586914e-01,8.385596796870231628e-03,2.033673226833343506e-03,2.129727043211460114e-03
6.147113800048828125e+00,4.293926715850830078e+00,7.083735942840576172e+00,9.999949932098388672e-01,1.676170737482607365e-03,1.834867987781763077e-03,-1.989780226722359657e-03
6.250822067260742188e+00,9.478160142898559570e-01,4.339083671569824219e+00,9.999030232429504395e-01,1.908851438201963902e-03,7.134437561035156250e-03,-1.181191764771938324e-02
2.218428611755371094e+00,4.556370735168457031e+00,3.625095129013061523e+00,9.999988079071044922e-01,-1.350514357909560204e-03,-7.959330687299370766e-04,-1.604558747203554958e-05
4.603724002838134766e+00,1.588502645492553711e+00,5.568630695343017578e+00,9.999992847442626953e-01,9.847877081483602524e-04,5.901616532355546951e-04,4.847546515520662069e-04
7.366823196411132812e+00,5.056326985359191895e-01,6.726378440856933594e+00,9.999915957450866699e-01,3.866944229230284691e-03,-1.122474321164190769e-03,-8.353505982086062431e-04
2.296800851821899414e+00,2.234149694442749023e+00,4.968956947326660156e+00,9.999908208847045898e-01,3.855299903079867363e-03,1.920703798532485962e-04,-1.892307540401816368e-03
2.653671264648437500e+00,6.947236537933349609e+00,2.569384574890136719e-01,9.999924898147583008e-01,2.850265940651297569e-03,-2.058090409263968468e-03,-1.665430725552141666e-03
1.724873065948486328e+00,2.344801276922225952e-01,4.324517726898193359e+00,9.999944567680358887e-01,-1.943449839018285275e-03,8.548145415261387825e-04,2.592728706076741219e-03
3.247433662414550781e+00,3.878980875015258789e+00,6.269826412200927734e+00,9.999943375587463379e-01,-2.684222999960184097e-04,2.674974268302321434e-03,-2.049562288448214531e-03
2.823355674743652344e+00,3.300615310668945312e+00,6.986978530883789062e+00,9.999986290931701660e-01,1.270983484573662281e-03,-7.005861261859536171e-04,8.958684047684073448e-04
5.299014091491699219e+00,7.193574905395507812e+00,2.989299058914184570e+00,9.999541640281677246e-01,9.476139210164546967e-03,1.317175454460084438e-03,4.394400166347622871e-04
6.736550807952880859e+00,1.130818724632263184e+00,7.393591880798339844e+00,9.999802112579345703e-01,2.939692465588450432e-03,5.484780762344598770e-03,9.645009995438158512e-04
3.981519699096679688e+00,2.277273178100585938e+00,5.821425437927246094e+00,9.999984502792358398e-01,-1.113652833737432957e-03,-7.442909991368651390e-04,-1.213203417137265205e-03
3.952314615249633789e+00,5.775460720062255859e+00,2.452777385711669922e+00,9.999861717224121094e-01,-4.050454590469598770e-03,3.374714404344558716e-03,1.925476826727390289e-04
4.034615993499755859e+00,6.969830513000488281e+00,6.275112152099609375e+00,9.999974370002746582e-01,-1.636396627873182297e-04,2.252489328384399414e-03,-1.473125739721581340e-04
2.510655879974365234e+00,6.419560909271240234e+00,3.178534507751464844e+00,9.999593496322631836e-01,2.335933968424797058e-03,8.626569062471389771e-03,-1.181390369310975075e-03
1.548993468284606934e+00,6.904830932617187500e+00,3.555593252182006836e+00,9.999976754188537598e-01,-1.747968606650829315e-03,-5.358321359381079674e-04,-1.176604069769382477e-03
2.021473407745361328e+00,4.567772388458251953e+00,4.577813446521759033e-01,9.997938871383666992e-01,1.861116290092468262e-02,-5.169533658772706985e-03,6.258523557335138321e-03
5.296227455139160156e+00,4.808198928833007812e+00,5.086670398712158203e+00,9.999969005584716797e-01,2.537370019126683474e-04,1.044952776283025742e-03,-2.273794263601303101e-03
3.581376552581787109e+00,2.562932252883911133e+00,5.542514801025390625e+00,9.999916553497314453e-01,-2.622009953483939171e-03,2.795350272208452225e-03,1.422899658791720867e-03
5.729967594146728516e+00,6.225748538970947266e+00,5.231495857238769531e+00,9.999929666519165039e-01,3.012127242982387543e-03,-1.717330189421772957e-03,1.489230082370340824e-03
6.469318866729736328e+00,1.790726780891418457e+00,2.471293449401855469e+00,9.999876618385314941e-01,-2.848384319804608822e-04,-4.508710931986570358e-03,-2.105581806972622871e-03
6.742933273315429688e+00,2.619836091995239258e+00,3.256583452224731445e+00,9.999923706054687500e-01,-5.810201400890946388e-04,3.279076423496007919e-03,-2.065727720037102699e-03
3.809270858764648438e-01,6.824132442474365234e+00,5.412233352661132812e+00,9.999883770942687988e-01,2.000852255150675774e-03,-4.248730372637510300e-03,-1.151393866166472435e-03
2.479274511337280273e+00,5.366939067840576172e+00,2.851700067520141602e+00,9.999988675117492676e-01,-3.440261352807283401e-04,-1.493333140388131142e-03,3.433747406234033406e-05
4.806331634521484375e+00,5.717059612274169922e+00,2.038154304027557373e-01,9.996902346611022949e-01,9.509947150945663452e-03,1.125826966017484665e-02,-2.005711756646633148e-02
3.466264903545379639e-01,3.755559921264648438e+00,6.126692771911621094e+00,9.999812841415405273e-01,9.862403385341167450e-04,5.379342939704656601e-03,2.737013157457113266e-03
2.697416543960571289e+00,7.206109523773193359e+00,5.295598030090332031e+00,9.999363422393798828e-01,1.651753846090286970e-04,-4.248209297657012939e-03,1.045033615082502365e-02
1.096859201788902283e-01,3.935873985290527344e+00,4.009949207305908203e+00,9.999304413795471191e-01,-2.175177214667201042e-03,2.450316911563277245e-03,1.133574452251195908e-02
1.989257097244262695e+00,2.410319168120622635e-03,6.833753585815429688e+00,1.000000000000000000e+00,-5.596660412265919149e-05,4.088386485818773508e-04,-2.332498988835141063e-04
5.966361045837402344e+00,3.587085008621215820e-02,2.546236991882324219e+00,9.999552369117736816e-01,-2.176797424908727407e-04,9.422524832189083099e-03,9.142344933934509754e-04
6.619321823120117188e+00,5.605673789978027344e+00,9.748053550720214844e-01,9.999910593032836914e-01,-1.010467996820807457e-03,3.677678992971777916e-03,-1.821326790377497673e-03
2.168892145156860352e+00,3.996796607971191406e+00,2.091976881027221680e+00,9.999998211860656738e-01,5.276493029668927193e-04,5.055767251178622246e-04,-7.642043055966496468e-05
7.909180223941802979e-02,5.362017154693603516e+00,5.436635613441467285e-01,9.999965429306030273e-01,-2.160442527383565903e-03,1.247777545358985662e-04,1.556927338242530823e-03
1.644212722778320312e+00,3.208138227462768555e+00,2.267031669616699219e+00,9.999974966049194336e-01,2.088501118123531342e-03,3.744068089872598648e-04,-7.750599179416894913e-04
6.821633815765380859e+00,9.911531805992126465e-01,5.882064819335937500e+00,9.999863505363464355e-01,3.256442956626415253e-03,4.051100928336381912e-03,5.312518333084881306e-04
7.954579591751098633e-02,7.201776504516601562e+00,3.933608055114746094e+00,9.999229311943054199e-01,3.065154189243912697e-03,1.022670604288578033e-02,6.338008213788270950e-03
6.404865384101867676e-01,5.107226967811584473e-01,2.526627779006958008e+00,9.999988675117492676e-01,-8.730459958314895630e-04,-1.035840949043631554e-03,-7.245555170811712742e-04
6.601707935333251953e+00,2.825796842575073242e+00,4.108746051788330078e+00,9.999774098396301270e-01,-5.891071166843175888e-03,-1.926215714775025845e-03,2.631872193887829781e-03
2.220914125442504883e+00,4.093523025512695312e+00,4.569811820983886719e+00,9.999826550483703613e-01,6.545525393448770046e-04,2.664953935891389847e-03,5.218365229666233063e-03
3.322253227233886719e-01,7.467103004455566406e+00,6.024556636810302734e+00,9.999942779541015625e-01,-2.848304808139801025e-03,-4.078100610058754683e-04,-1.758851809427142143e-03
1.001143574714660645e+00,4.247584819793701172e+00,7.031242370605468750e+00,9.999982118606567383e-01,-1.689848490059375763e-03,7.480407948605716228e-04,5.945896846242249012e-04
5.838290691375732422e+00,1.701755642890930176e+00,1.504035234451293945e+00,9.999986886978149414e-01,-1.312311273068189621e-03,8.171004010364413261e-04,-5.913201603107154369e-04
7.092346668243408203e+00,2.263913869857788086e+00,6.093688964843750000e+00,9.999659061431884766e-01,5.727076902985572815e-03,-1.383414026349782944e-03,5.796936806291341782e-03
2.647282600402832031e+00,5.204197406768798828e+00,2.598617553710937500e+00,9.999990463256835938e-01,-3.199880884494632483e-04,-1.362935989163815975e-03,-2.883267588913440704e-04
4.748551845550537109e+00,3.942970275878906250e+00,4.413704395294189453e+00,9.999709725379943848e-01,-3.694812068715691566e-03,-1.912391744554042816e-03,-6.383351050317287445e-03
4.087112426757812500e+00,1.703405737876892090e+00,3.313876390457153320e+00,9.999906420707702637e-01,-2.393138362094759941e-03,-3.181317821145057678e-03,-1.732020522467792034e-03
1.302000045776367188e+00,1.679867982864379883e+00,4.792652130126953125e+00,9.999933242797851562e-01,3.534027142450213432e-03,8.264874923042953014e-04,5.572182708419859409e-04
1.788871884346008301e-01,5.438259601593017578e+00,2.848126649856567383e+00,9.999156594276428223e-01,1.034597679972648621e-02,-7.270258385688066483e-03,-2.983208512887358665e-03
2.688691139221191406e+00,1.837499618530273438e+00,3.662637233734130859e+00,9.999991655349731445e-01,1.124968548538163304e-04,1.185663393698632717e-03,-4.514775355346500874e-04
4.770674705505371094e+00,1.832603216171264648e+00,5.248523712158203125e+00,9.999973773956298828e-01,1.228448469191789627e-03,1.398522173985838890e-03,-1.370716956444084644e-03
2.629618406295776367e+00,2.032418727874755859e+00,7.058970928192138672e-01,9.999998211860656738e-01,5.976937827654182911e-04,2.333787851966917515e-04,1.587704027770087123e-04
4.311690807342529297e+00,3.018660306930541992e+00,4.032902240753173828e+00,9.999970793724060059e-01,6.932704854989424348e-05,1.023372635245323181e-03,-2.204325050115585327e-03
1.822544693946838379e+00,3.371868848800659180e+00,2.635683059692382812e+00,9.999768137931823730e-01,-5.557672120630741119e-03,2.641965402290225029e-03,-2.930542221292853355e-03
3.619153976440429688e+00,6.904979705810546875e+00,2.878638744354248047e+00,9.999898672103881836e-01,-1.571247121319174767e-03,4.107486456632614136e-03,1.007032231427729130e-03
4.534698486328125000e+00,5.853896141052246094e+00,1.931180715560913086e+00,9.999992847442626953e-01,6.731420289725065231e-04,-8.275925065390765667e-04,-6.967835943214595318e-04
4.475940704345703125e+00,3.022595882415771484e+00,3.345869064331054688e+00,9.999999403953552246e-01,-4.535296466201543808e-04,5.388927456806413829e-05,2.991381625179201365e-04
1.614359140396118164e+00,5.587350368499755859e+00,4.777271747589111328e+00,9.999931454658508301e-01,-2.372093265876173973e-03,-2.180554671213030815e-03,1.853943802416324615e-03
1.810755848884582520e+00,2.236485004425048828e+00,3.516913890838623047e+00,9.999645352363586426e-01,-2.124289516359567642e-03,7.635783869773149490e-03,2.858015708625316620e-03
6.602423667907714844e+00,3.586519718170166016e+00,4.794251322746276855e-01,9.999070167541503906e-01,4.706985317170619965e-03,-1.142982672899961472e-02,5.767807364463806152e-03
5.781547546386718750e+00,5.675420761108398438e+00,1.440886855125427246e+00,9.998713731765747070e-01,4.655994009226560593e-03,9.524415247142314911e-03,-1.204296853393316269e-02
5.187561511993408203e+00,4.769559383392333984e+00,2.499082565307617188e+00,9.999905824661254883e-01,3.583996323868632317e-03,-2.436631824821233749e-03,3.083797346334904432e-04
5.216587543487548828e+00,4.406512737274169922e+00,1.468715548515319824e+00,9.999324679374694824e-01,1.095436047762632370e-02,3.201443934813141823e-03,-2.220883034169673920e-03
2.586750984191894531e+00,6.733065128326416016e+00,1.085624217987060547e+00,9.999976754188537598e-01,1.762802712619304657e-03,-1.203400897793471813e-03,5.226313951425254345e-04
3.487543106079101562e+00,5.851850986480712891e+00,8.682209849357604980e-01,9.999533891677856445e-01,-8.917009108699858189e-04,9.221860207617282867e-03,2.729263389483094215e-03
3.032268047332763672e+00,6.743310451507568359e+00,6.234409809112548828e+00,9.999998807907104492e-01,-2.785252872854471207e-04,-3.638691268861293793e-04,3.771501360461115837e-04
6.750040054321289062e+00,2.541967630386352539e+00,4.142391681671142578e+00,9.999721646308898926e-01,-6.325758993625640869e-03,-2.303583081811666489e-03,3.235076786950230598e-03
5.728101253509521484e+00,3.443347692489624023e+00,2.269850254058837891e+00,9.999828338623046875e-01,6.182444631122052670e-04,-5.483092274516820908e-03,-1.974637852981686592e-03
1.170665860176086426e+00,5.633282661437988281e+00,3.604774475097656250e+00,9.999976754188537598e-01,6.962612387724220753e-04,-1.721063512377440929e-03,1.118997693993151188e-03
5.385147333145141602e-01,1.925285220146179199e+00,5.642500400543212891e+00,9.999972581863403320e-01,-1.002777018584311008e-03,9.781151311472058296e-04,-1.904603792354464531e-03
4.908235549926757812e+00,5.134201526641845703e+00,2.603297233581542969e+00,9.999408721923828125e-01,-2.100393641740083694e-03,1.066505443304777145e-02,4.280442663002759218e-04
1.864982962608337402e+00,6.217273712158203125e+00,7.396042346954345703e-01,9.999151229858398438e-01,-3.689200384542346001e-04,8.808941580355167389e-03,9.595139883458614349e-03
5.963218212127685547e+00,3.559426784515380859e+00,1.702113598585128784e-01,9.999607205390930176e-01,3.713120240718126297e-03,-8.006563410162925720e-03,-8.290373370982706547e-04
4.859624385833740234e+00,9.104178547859191895e-01,2.990910768508911133e+00,9.999985694885253906e-01,1.117373234592378139e-03,-1.035961322486400604e-03,8.217704016715288162e-04
3.004878461360931396e-01,3.860513567924499512e-01,6.201555252075195312e+00,9.999981522560119629e-01,-6.666692788712680340e-04,-7.574702613055706024e-04,-1.654257066547870636e-03
4.147119045257568359e+00,1.939182281494140625e+00,2.865201711654663086e+00,9.998686313629150391e-01,-1.440734229981899261e-02,-8.782420773059129715e-04,7.374052423983812332e-03
5.307728290557861328e+00,5.970827579498291016e+00,4.510403156280517578e+00,9.999632835388183594e-01,-2.850518503692001104e-04,-2.163702854886651039e-03,-8.284911513328552246e-03
3.231867074966430664e+00,6.129421234130859375e+00,4.170513153076171875e+00,1.000000000000000000e+00,-2.315172896487638354e-04,2.142664015991613269e-04,5.676804357790388167e-05
1.194495439529418945e+00,2.263073682785034180e+00,4.816244840621948242e-01,9.999780058860778809e-01,4.925382789224386215e-03,-1.395542174577713013e-03,4.221247043460607529e-03
5.540096759796142578e+00,3.666713237762451172e+00,2.536393642425537109e+00,9.999958872795104980e-01,1.736463163979351521e-03,9.988392703235149384e-04,-2.074347110465168953e-03
6.133045673370361328e+00,5.147015571594238281e+00,4.659563541412353516e+00,9.999940991401672363e-01,1.250268891453742981e-03,-1.598892617039382458e-03,2.792344195768237114e-03
9.112666547298431396e-02,4.236002445220947266e+00,2.983081579208374023e+00,9.999988675117492676e-01,-1.395753002725541592e-03,-5.922587588429450989e-04,-2.940154518000781536e-04
2.343184947967529297e+00,4.453583240509033203e+00,2.734380662441253662e-01,9.998905658721923828e-01,7.920552045106887817e-03,-1.118438225239515305e-02,-5.571919027715921402e-03
5.139769554138183594e+00,2.654067754745483398e+00,1.286581397056579590e+00,9.999994635581970215e-01,1.633328938623890281e-04,-1.085450639948248863e-03,5.770825009676627815e-05
2.743173837661743164e+00,1.496166229248046875e+00,1.029786229133605957e+00,9.999983310699462891e-01,1.735466881655156612e-03,3.162288921885192394e-04,5.549776833504438400e-04
7.404017448425292969e+00,2.402637004852294922e+00,3.240738868713378906e+00,9.999997019767761230e-01,-1.113722755690105259e-04,-3.709723823703825474e-04,-7.280957652255892754e-04
5.596717834472656250e+00,7.958077192306518555e-01,5.027834892272949219e+00,9.999922513961791992e-01,1.212592236697673798e-03,1.917581423185765743e-03,-3.226517001166939735e-03
4.570572853088378906e+00,7.130902290344238281e+00,5.117894172668457031e+00,9.999617934226989746e-01,-5.199803854338824749e-04,-6.034527439624071121e-03,6.303369998931884766e-03
5.995692253112792969e+00,3.219780921936035156e+00,1.107135295867919922e+00,9.999972581863403320e-01,-2.044316846877336502e-03,2.180720039177685976e-04,1.152276294305920601e-03
4.126945972442626953e+00,2.130146503448486328e+00,5.372743129730224609e+00,9.999969601631164551e-01,7.184833521023392677e-04,-1.514161820523440838e-03,-1.850843080319464207e-03
4.163337707519531250e+00,4.200245380401611328e+00,4.382531642913818359e+00,9.999974370002746582e-01,1.638614456169307232e-03,1.226508873514831066e-03,1.016562920995056629e-03
3.385109424591064453e+00,1.222938537597656250e+00,7.102381706237792969e+00,9.999992251396179199e-01,-5.229407106526196003e-04,5.684019997715950012e-04,1.070123398676514626e-03
5.843867301940917969e+00,4.624461650848388672e+00,7.293816566467285156e+00,9.999544620513916016e-01,7.354120723903179169e-03,5.458275321871042252e-03,-2.679429249837994576e-03
6.837588310241699219e+00,5.481142044067382812e+00,2.729798555374145508e+00,9.999892115592956543e-01,2.954032504931092262e-03,-1.925614080391824245e-03,-3.049687948077917099e-03
7.598853111267089844e-01,2.258879899978637695e+00,4.114810943603515625e+00,9.999883174896240234e-01,4.722724203020334244e-03,-5.470581818372011185e-04,-9.197036270052194595e-04
1.580919265747070312e+00,2.297402143478393555e+00,4.584157943725585938e+00,9.998664855957031250e-01,-1.195275690406560898e-02,-3.144388087093830109e-03,-1.069201249629259109e-02
5.849607467651367188e+00,5.732650279998779297e+00,7.347105026245117188e+00,9.999973773956298828e-01,1.909324550069868565e-03,9.146128431893885136e-04,9.346142760477960110e-04
2.486108779907226562e+00,2.326426506042480469e+00,5.463310241699218750e+00,9.999875426292419434e-01,-1.970454351976513863e-03,-2.932989969849586487e-03,3.538391552865505219e-03
1.548213243484497070e+00,9.837442040443420410e-01,7.487010955810546875e+00,9.999983906745910645e-01,1.079195644706487656e-03,1.394184888340532780e-03,-3.777675156015902758e-04
2.348809242248535156e+00,1.737798601388931274e-01,7.240997791290283203e+00,9.998382925987243652e-01,-8.855745196342468262e-03,1.434189360588788986e-02,6.269134581089019775e-03
4.411903858184814453e+00,1.185516119003295898e+00,3.422576904296875000e+00,9.999974370002746582e-01,-1.489083166234195232e-03,-1.727745635434985161e-03,-2.488512836862355471e-04
1.209082961082458496e+00,2.293675541877746582e-01,3.251430019736289978e-02,9.999987483024597168e-01,-5.647167563438415527e-04,5.002319812774658203e-05,1.528117340058088303e-03
4.567185401916503906e+00,1.691463291645050049e-01,3.310060739517211914e+00,9.999988079071044922e-01,-1.015457091853022575e-03,-2.108208864228799939e-04,-1.205863431096076965e-03
7.059982299804687500e+00,4.545720100402832031e+00,7.119996070861816406e+00,9.999980926513671875e-01,-1.020543859340250492e-03,2.779677743092179298e-04,-1.696671824902296066e-03
6.628010272979736328e+00,2.202144384384155273e+00,1.898655295372009277e+00,9.999790787696838379e-01,-3.624364035204052925e-03,3.576015122234821320e-03,4.001842346042394638e-03
3.899487018585205078e+00,1.675045490264892578e+00,7.289524555206298828e+00,9.999371170997619629e-01,-6.286581512540578842e-03,8.654007688164710999e-03,-3.398390719667077065e-03
4.260134696960449219e+00,5.019099712371826172e-01,6.979285240173339844e+00,9.999997019767761230e-01,-6.046382477506995201e-04,-2.142104058293625712e-04,4.977053031325340271e-04
2.605082035064697266e+00,7.431927204132080078e+00,1.442975044250488281e+00,9.999948143959045410e-01,-1.737236278131604195e-03,-3.059018054045736790e-04,-2.686036052182316780e-03
2.228495180606842041e-01,4.992280006408691406e-01,3.435422182083129883e+00,9.999596476554870605e-01,-6.850183941423892975e-03,-5.053977947682142258e-03,2.874671714380383492e-03
5.008605003356933594e+00,7.269021034240722656e+00,3.058931231498718262e-01,9.999867677688598633e-01,-1.961040543392300606e-03,2.360489685088396072e-03,4.142796620726585388e-03
3.026560544967651367e+00,6.862174034118652344e+00,6.998935222625732422e+00,9.999957084655761719e-01,-1.101758796721696854e-03,-2.732386114075779915e-03,8.938989049056544900e-05
1.934982687234878540e-01,3.184156894683837891e+00,6.761280536651611328e+00,9.999453425407409668e-01,4.515084903687238693e-03,3.003769554197788239e-03,-8.941343985497951508e-03
6.849493980407714844e-01,4.767965793609619141e+00,3.584025800228118896e-02,9.999992847442626953e-01,-1.215483527630567551e-03,-3.819206322077661753e-04,-7.149733573896810412e-05
2.605461597442626953e+00,5.811158418655395508e-01,7.161109447479248047e+00,9.999918937683105469e-01,-1.395652652718126774e-03,3.771521616727113724e-03,-8.210496162064373493e-05
3.687131404876708984e+00,6.041782855987548828e+00,4.051771640777587891e+00,9.999989271163940430e-01,-8.665280765853822231e-04,7.675380911678075790e-04,9.714731713756918907e-04
6.025112152099609375e+00,1.654444813728332520e+00,5.773960590362548828e+00,9.999985694885253906e-01,-7.175394566729664803e-04,-1.441503642126917839e-03,-5.936007946729660034e-04
1.751850962638854980e+00,3.583723306655883789e+00,7.182419896125793457e-01,9.999987483024597168e-01,5.986238829791545868e-04,-1.196883036755025387e-03,-9.292860049754381180e-04
8.836300969123840332e-01,3.083398103713989258e+00,2.674436807632446289e+00,9.999978542327880859e-01,1.464721048250794411e-03,-1.437013968825340271e-03,3.489138034638017416e-04
6.821036815643310547e+00,7.061745643615722656e+00,6.650305271148681641e+00,9.999992251396179199e-01,-9.487666538916528225e-04,-8.374619064852595329e-04,-1.381817583023803309e-05
6.012407302856445312e+00,7.451838493347167969e+00,6.584278106689453125e+00,9.999447464942932129e-01,-3.586671547964215279e-03,7.799568120390176773e-03,6.063865497708320618e-03
1.105560898780822754e+00,5.101619720458984375e+00,3.533002376556396484e+00,9.999995231628417969e-01,3.382793511264026165e-04,5.001114332117140293e-04,-8.159736753441393375e-04
4.104803562164306641e+00,2.490681886672973633e+00,8.485012650489807129e-01,9.999980926513671875e-01,8.423551917076110840e-04,-1.981522655114531517e-04,1.792981987819075584e-03
3.508702993392944336e+00,3.946513831615447998e-01,5.811523437500000000e+00,9.999998211860656738e-01,-5.701433983631432056e-04,8.335555321536958218e-05,-4.296838305890560150e-04
2.397056579589843750e+00,7.097714900970458984e+00,4.846748352050781250e+00,9.999938607215881348e-01,3.386083408258855343e-04,1.614225679077208042e-03,-3.112635575234889984e-03
3.829676866531372070e+00,1.259186863899230957e+00,1.189722776412963867e+00,9.999438524246215820e-01,-1.027643959969282150e-02,-2.534944564104080200e-03,-5.489253089763224125e-04
5.906152248382568359e+00,5.564019203186035156e+00,7.573968172073364258e-01,9.999921917915344238e-01,-3.548857988789677620e-03,-4.430643457453697920e-04,-1.727153779938817024e-03
2.116476297378540039e+00,5.788436412811279297e+00,6.625020027160644531e+00,9.999945163726806641e-01,-1.594856585143133998e-04,-3.307491308078169823e-03,-2.117437106790021062e-04
1.325421333312988281e+00,6.880259513854980469e+00,1.229937434196472168e+00,9.999994039535522461e-01,-6.269315490499138832e-04,-8.641644380986690521e-04,3.256508498452603817e-04
6.842371463775634766e+00,3.730984449386596680e+00,5.840312957763671875e+00,9.999979138374328613e-01,-7.285631145350635052e-04,1.596367917954921722e-03,-1.075326930731534958e-03
2.621961355209350586e+00,4.639411926269531250e+00,4.557855606079101562e+00,9.999976754188537598e-01,6.846911273896694183e-04,3.907666541635990143e-04,-2.018601400777697563e-03
4.773863315582275391e+00,4.360376596450805664e-01,4.356711387634277344e+00,9.999993443489074707e-01,-1.146222115494310856e-03,-5.997698826831765473e-05,3.625230456236749887e-04
2.194827079772949219e+00,1.620096206665039062e+00,6.365372657775878906e+00,9.999937415122985840e-01,1.207246677950024605e-03,-2.566104521974921227e-04,-3.338322741910815239e-03
5.271449565887451172e+00,1.863601088523864746e+00,3.898447275161743164e+00,9.999957680702209473e-01,-5.242596962489187717e-04,1.694383565336465836e-03,2.335168654099106789e-03
9.880059361457824707e-01,7.945643365383148193e-02,2.289064884185791016e+00,9.999957084655761719e-01,2.898953622207045555e-03,4.149403248447924852e-04,4.032157885376363993e-04
2.189564704895019531e+00,5.721460819244384766e+00,6.296088695526123047e+00,9.999991655349731445e-01,6.653324817307293415e-04,6.691647286061197519e-05,1.162827247753739357e-03
3.842666387557983398e+00,6.051373958587646484e+00,1.938699126243591309e+00,9.999995231628417969e-01,-8.079634862951934338e-04,4.854661528952419758e-04,-4.168765735812485218e-04
7.484483718872070312e-01,7.979209423065185547e-01,9.101932644844055176e-01,9.999876022338867188e-01,7.906412356533110142e-04,-4.614969715476036072e-03,-1.737583777867257595e-03
4.634845733642578125e+00,6.942134857177734375e+00,7.425111770629882812e+00,9.999998211860656738e-01,2.261912450194358826e-04,-6.419615237973630428e-04,-1.431584532838314772e-04
1.161745071411132812e+00,6.991053104400634766e+00,6.827019214630126953e+00,9.998634457588195801e-01,-1.429106458090245724e-03,-1.261665113270282745e-02,-1.057543698698282242e-02
3.351815462112426758e+00,2.294917821884155273e+00,5.996152877807617188e+00,9.999979734420776367e-01,6.991936243139207363e-04,-1.460934639908373356e-03,-1.216599601320922375e-03
2.007347106933593750e+00,5.696237087249755859e+00,7.015747070312500000e+00,9.999299645423889160e-01,-5.513369105756282806e-03,-9.437076747417449951e-03,4.543382674455642700e-03
2.472935438156127930e+00,4.539955615997314453e+00,5.618867874145507812e+00,9.999992847442626953e-01,3.477534619378275238e-06,-1.065784017555415630e-03,-6.246342672966420650e-04
7.148377895355224609e+00,5.607710838317871094e+00,7.077033042907714844e+00,9.999969601631164551e-01,-4.437978495843708515e-04,1.827009022235870361e-03,-1.645564450882375240e-03
5.896507263183593750e+00,6.209654331207275391e+00,4.723195552825927734e+00,9.998798370361328125e-01,4.571865312755107880e-03,-1.868230523541569710e-03,-1.469537802040576935e-02
6.537760734558105469e+00,2.528990268707275391e+00,3.887165784835815430e-01,9.999995827674865723e-01,6.067597423680126667e-04,1.644727162783965468e-04,-7.703977753408253193e-04
1.226100802421569824e+00,2.353949546813964844e+00,1.348671078681945801e+00,9.999977946281433105e-01,-2.954603951366152614e-05,2.136870287358760834e-03,-4.299201100366190076e-05
4.561669349670410156e+00,3.141140937805175781e+00,2.306894302368164062e+00,9.999094009399414062e-01,-5.299195647239685059e-03,1.059693098068237305e-02,-6.395984441041946411e-03
4.798312664031982422e+00,6.054311394691467285e-01,1.751108527183532715e+00,9.999917745590209961e-01,-1.571475149830803275e-04,3.371257567778229713e-03,2.278146101161837578e-03
5.978322982788085938e+00,6.443142890930175781e+00,4.193693161010742188e+00,9.998742938041687012e-01,-2.575506456196308136e-03,6.170648615807294846e-03,1.437987480312585831e-02
5.945127487182617188e+00,4.186600208282470703e+00,3.582019090652465820e+00,9.999957680702209473e-01,-7.742216112092137337e-04,-1.877624890767037868e-03,-2.088404260575771332e-03
3.967504739761352539e+00,2.650415182113647461e+00,1.242574453353881836e+00,9.999960064888000488e-01,-2.248147269710898399e-03,-1.577751361764967442e-03,7.460950291715562344e-04
3.927523374557495117e+00,2.720980882644653320e+00,2.039613008499145508e+00,9.999994635581970215e-01,1.582138065714389086e-04,-1.060425303876399994e-03,1.887544058263301849e-04
3.205081701278686523e+00,2.740078449249267578e+00,1.943184137344360352e+00,9.999913573265075684e-01,-3.698788816109299660e-03,-1.933025545440614223e-03,7.916387403383851051e-05
1.204930305480957031e+00,6.471178054809570312e+00,4.090841770172119141e+00,9.999981522560119629e-01,2.014083293033763766e-04,1.853411667980253696e-03,4.324616747908294201e-04
3.486328840255737305e+00,4.643443107604980469e+00,4.137576580047607422e+00,9.999933838844299316e-01,-1.161409658379852772e-03,2.348518231883645058e-03,2.546974690631031990e-03
2.210386276245117188e+00,5.485709667205810547e+00,5.211435794830322266e+00,9.999805688858032227e-01,2.956823678687214851e-03,-3.653578693047165871e-03,4.099538549780845642e-03
6.310754299163818359e+00,7.810778617858886719e-01,6.636829376220703125e+00,9.999756813049316406e-01,4.406187683343887329e-03,4.223347641527652740e-03,-3.386656288057565689e-03
5.715125560760498047e+00,2.641767263412475586e+00,1.593172311782836914e+00,9.999974966049194336e-01,8.622837485745549202e-04,-2.083592349663376808e-03,-1.970267621800303459e-04
1.677893400192260742e+00,2.595468163490295410e-01,1.327268958091735840e+00,9.999994039535522461e-01,-3.689891891553997993e-04,-9.632498258724808693e-04,-2.791654842440038919e-04
4.777325630187988281e+00,6.049057960510253906e+00,8.883852958679199219e-01,9.999953508377075195e-01,3.745888243429362774e-04,-2.224185504019260406e-03,2.070594811812043190e-03
1.974775314331054688e+00,5.526704788208007812e+00,4.829772472381591797e+00,9.999973773956298828e-01,2.220595633843913674e-04,-1.851013279519975185e-03,1.357513363473117352e-03
7.140602588653564453e+00,3.640557765960693359e+00,7.225856781005859375e-01,9.999228715896606445e-01,4.973568953573703766e-03,-2.449391642585396767e-03,1.111607719212770462e-02
4.373564243316650391e+00,3.736962676048278809e-01,4.665349960327148438e+00,9.999988079071044922e-01,-1.184149950859136879e-04,-1.506254659034311771e-03,4.589162417687475681e-04
4.174705982208251953e+00,1.812193989753723145e+00,4.841905593872070312e+00,9.999997019767761230e-01,2.962724538519978523e-04,-7.501069922000169754e-04,-2.957881952170282602e-04
5.820326328277587891e+00,5.154301166534423828e+00,7.328201770782470703e+00,9.999461770057678223e-01,2.866154536604881287e-03,-2.347620204091072083e-03,-9.698330424726009369e-03
2.975208997726440430e+00,5.199238777160644531e+00,1.835075497627258301e+00,9.999964237213134766e-01,1.802235376089811325e-03,-2.012124517932534218e-03,1.687941403361037374e-04
2.561826705932617188e-01,5.112596511840820312e+00,4.988535404205322266e+00,9.999935626983642578e-01,2.316985046491026878e-03,-7.255606469698250294e-04,-2.671493450179696083e-03
5.949793338775634766e+00,4.010238647460937500e+00,2.183956623077392578e+00,9.999999403953552246e-01,3.162369248457252979e-04,-1.444325025659054518e-04,-3.120626206509768963e-04
6.568445682525634766e+00,2.458619832992553711e+00,2.902481555938720703e+00,9.999945163726806641e-01,-2.287176903337240219e-03,-1.094800885766744614e-03,2.170537132769823074e-03
3.530542373657226562e+00,1.228543877601623535e+00,5.459033012390136719e+00,9.999299645423889160e-01,1.365142270515207201e-05,-1.179225090891122818e-02,1.075216569006443024e-03
5.447133541107177734e+00,2.286514997482299805e+00,1.357086896896362305e+00,9.999995827674865723e-01,2.455250751154380850e-06,-9.013805538415908813e-04,-3.814783995039761066e-04
5.979728221893310547e+00,1.625305414199829102e+00,7.093805313110351562e+00,9.999978542327880859e-01,7.696186657994985580e-04,1.932955812662839890e-03,2.893793280236423016e-04
3.765146493911743164e+00,4.292199909687042236e-01,5.393015861511230469e+00,9.999992847442626953e-01,-6.976522854529321194e-04,4.446546081453561783e-04,-9.186345268972218037e-04
5.458266735076904297e+00,4.938186109066009521e-01,7.267953395843505859e+00,9.999960660934448242e-01,-1.978489104658365250e-03,-2.003637608140707016e-03,5.949000478722155094e-05
2.625319242477416992e+00,5.596698284149169922e+00,4.872444152832031250e+00,9.999504089355468750e-01,-8.896196261048316956e-03,1.619183807633817196e-03,-4.189083352684974670e-03
1.474409103393554688e+00,6.518145084381103516e+00,3.153603792190551758e+00,9.999623894691467285e-01,-3.348791738972067833e-03,-6.731308531016111374e-03,4.335315898060798645e-03
5.243230342864990234e+00,2.011277675628662109e+00,5.537988662719726562e+00,9.999988079071044922e-01,1.006471109576523304e-03,-7.042243378236889839e-04,1.001512049697339535e-03
2.919885396957397461e+00,3.498278856277465820e+00,2.797171592712402344e+00,9.999587535858154297e-01,8.555134758353233337e-03,-1.111662946641445160e-03,2.862992696464061737e-03
2.534058094024658203e+00,2.819138050079345703e+00,5.082757472991943359e+00,9.999023079872131348e-01,1.129280682653188705e-02,-5.666914861649274826e-03,-5.988327320665121078e-03
2.215141296386718750e+00,2.370658069849014282e-01,2.195957422256469727e+00,9.999965429306030273e-01,2.298913896083831787e-03,-1.121472159866243601e-04,-1.305675716139376163e-03
6.888153553009033203e+00,3.811307430267333984e+00,8.317690491676330566e-01,9.999423027038574219e-01,6.096549332141876221e-03,-1.848148764111101627e-03,8.651409298181533813e-03
4.951282024383544922e+00,7.458133697509765625e+00,6.380216121673583984e+00,9.999970793724060059e-01,1.235878095030784607e-03,7.520267390646040440e-04,-1.977016683667898178e-03
7.159893512725830078e+00,5.930974006652832031e+00,5.172042846679687500e-01,9.999957680702209473e-01,2.673539333045482635e-03,1.986737479455769062e-04,-1.196914352476596832e-03
4.121500492095947266e+00,1.073244929313659668e+00,1.498016238212585449e+00,9.999985098838806152e-01,1.518208591733127832e-04,1.738582854159176350e-03,-1.838901807786896825e-04
3.701996088027954102e+00,1.962699890136718750e-01,1.173032045364379883e+00,9.999994039535522461e-01,6.368939648382365704e-04,1.994142221519723535e-04,8.968264446593821049e-04
5.609942674636840820e-01,4.473585128784179688e+00,8.053240776062011719e-01,9.999866485595703125e-01,1.294304383918642998e-03,-4.643241409212350845e-03,-1.886963611468672752e-03
7.379732131958007812e+00,5.022291660308837891e+00,3.381600379943847656e+00,9.999980330467224121e-01,-5.419308436103165150e-04,-1.999701780732721090e-04,1.932773273438215256e-03
2.991973876953125000e+00,2.080698907375335693e-01,2.038509607315063477e+00,9.999988079071044922e-01,-1.339946174994111061e-03,5.781198269687592983e-04,-6.391358911059796810e-04
3.336658954620361328e+00,6.211301803588867188e+00,6.760861873626708984e+00,9.999989867210388184e-01,6.992082344368100166e-04,-5.659554735757410526e-04,1.167886774055659771e-03
6.944384098052978516e+00,5.568438529968261719e+00,6.294921398162841797e+00,9.999969005584716797e-01,-4.319884756114333868e-04,-1.012289430946111679e-03,2.271010074764490128e-03
4.626939296722412109e+00,1.968796610832214355e+00,6.933148860931396484e+00,9.999981522560119629e-01,-5.596357514150440693e-04,-1.822414575144648552e-03,1.506406842963770032e-04
5.644887924194335938e+00,4.869157314300537109e+00,7.449605941772460938e+00,9.999868869781494141e-01,-2.990865148603916168e-03,-1.598209608346223831e-03,3.845806932076811790e-03
3.711762905120849609e+00,2.761964321136474609e+00,3.945727646350860596e-01,9.999990463256835938e-01,1.170387491583824158e-03,-4.552952595986425877e-04,6.218302878551185131e-04
6.393731594085693359e+00,4.882105827331542969e+00,3.079880714416503906e+00,9.999917149543762207e-01,-3.322193399071693420e-03,-7.041689241304993629e-04,2.254751976579427719e-03
2.794923782348632812e+00,3.967313170433044434e-01,1.639097571372985840e+00,9.999988675117492676e-01,-1.398892345605418086e-04,-1.510658999904990196e-03,-2.482044510543346405e-04
7.075843334197998047e+00,6.321529865264892578e+00,1.939813017845153809e+00,9.999991655349731445e-01,-4.399538738653063774e-04,1.255599199794232845e-03,-3.082601178903132677e-04
2.241740524768829346e-01,6.259840965270996094e+00,1.891238242387771606e-01,9.999982118606567383e-01,1.623005024157464504e-03,-1.000790158286690712e-03,2.018394443439319730e-04
5.388265609741210938e+00,3.091647148132324219e+00,1.838794350624084473e+00,9.999631643295288086e-01,-7.047765888273715973e-03,4.774166271090507507e-03,1.120824483223259449e-03
6.668087840080261230e-01,1.296292424201965332e+00,3.768770694732666016e+00,9.999989867210388184e-01,1.086843083612620831e-03,-4.001047345809638500e-04,8.387364796362817287e-04
3.681121766567230225e-01,5.460833072662353516e+00,2.335357189178466797e+00,9.999999403953552246e-01,1.446435635443776846e-04,3.108312666881829500e-04,-2.332265867153182626e-04
4.714733600616455078e+00,3.414615869522094727e+00,4.020525455474853516e+00,9.999986886978149414e-01,5.072801141068339348e-04,-1.584921963512897491e-03,4.965210246155038476e-05
5.887890338897705078e+00,7.427429199218750000e+00,7.346634864807128906e-01,9.999991655349731445e-01,1.095095183700323105e-03,-1.913057349156588316e-04,-7.203589193522930145e-04
3.812193632125854492e+00,2.568782329559326172e+00,6.253813743591308594e+00,9.999988675117492676e-01,-1.254262053407728672e-03,-8.317897445522248745e-04,-3.774870419874787331e-04
3.380321264266967773e-01,6.621146678924560547e+00,4.566054046154022217e-01,9.999992251396179199e-01,7.437372696585953236e-04,1.745073532219976187e-04,9.998343884944915771e-04
3.529313802719116211e+00,5.909574031829833984e+00,1.212855339050292969e+00,9.999108910560607910e-01,3.403283422812819481e-03,7.733733858913183212e-03,1.033805869519710541e-02
5.773562431335449219e+00,5.604113578796386719e+00,6.615440845489501953e+00,9.999966025352478027e-01,2.194153377786278725e-03,-1.413677819073200226e-03,-3.486946807242929935e-04
7.456734657287597656e+00,3.372289180755615234e+00,6.558217048645019531e+00,9.998101592063903809e-01,-2.014927100390195847e-03,8.902620524168014526e-03,-1.721734553575515747e-02
4.229091167449951172e+00,5.976741313934326172e+00,2.592319965362548828e+00,9.999988079071044922e-01,-5.849740118719637394e-04,-1.302757416851818562e-03,-7.066410034894943237e-04
1.645883560180664062e+00,3.142153739929199219e+00,2.775967121124267578e+00,9.999916553497314453e-01,-3.291363827884197235e-03,1.879310933873057365e-03,-1.563225872814655304e-03
6.802882194519042969e+00,2.936374187469482422e+00,5.915518403053283691e-01,9.999923110008239746e-01,2.263995353132486343e-03,2.383614890277385712e-03,2.163234399631619453e-03
5.031615257263183594e+00,2.967596054077148438e+00,1.426868081092834473e+00,9.999991655349731445e-01,6.864942406537011266e-05,-1.354280393570661545e-03,1.664730516495183110e-04
1.709801912307739258e+00,2.698900699615478516e+00,4.613329887390136719e+00,9.999378919601440430e-01,-4.652170464396476746e-03,3.756772493943572044e-03,9.403774514794349670e-03
2.027421474456787109e+00,5.192398652434349060e-02,5.148591041564941406e+00,9.999921321868896484e-01,-4.156438226345926523e-04,-3.007499035447835922e-03,-2.580222673714160919e-03
4.828661918640136719e+00,4.086546897888183594e-01,6.135174751281738281e+00,9.999918341636657715e-01,2.944807289168238640e-03,7.512855227105319500e-04,-2.701617078855633736e-03
6.407010555267333984e+00,3.640536069869995117e+00,1.249680519104003906e+00,9.999653697013854980e-01,3.227834124118089676e-03,-7.231506053358316422e-03,-2.562929643318057060e-03
5.174593925476074219e+00,5.960759162902832031e+00,1.422841906547546387e+00,9.999968409538269043e-01,1.770684379152953625e-03,-1.824790728278458118e-03,1.126590141211636364e-04
3.243743896484375000e+00,1.133352875709533691e+00,9.994025826454162598e-01,9.999904632568359375e-01,3.737323684617877007e-03,-1.328140497207641602e-03,-1.858236384578049183e-03
4.336740016937255859e+00,7.248592853546142578e+00,6.699790000915527344e+00,9.999954104423522949e-01,2.221974311396479607e-03,9.730745223350822926e-04,1.858270145021378994e-03
1.790573745965957642e-01,4.694976806640625000e+00,3.203215301036834717e-01,9.999969005584716797e-01,4.829851677641272545e-04,1.951408456079661846e-03,1.469706185162067413e-03
1.909642338752746582e+00,3.367902994155883789e+00,3.112517356872558594e+00,9.999965429306030273e-01,1.618004869669675827e-03,-1.634300686419010162e-03,-1.298783114179968834e-03
7.692890763282775879e-01,3.273410797119140625e+00,6.232023239135742188e+00,9.996758699417114258e-01,-1.955818757414817810e-02,9.093753993511199951e-03,1.352464966475963593e-02
6.197079181671142578e+00,2.201185703277587891e+00,7.303106307983398438e+00,9.999963045120239258e-01,1.480051665566861629e-03,1.619496848434209824e-03,-1.622807001695036888e-03
6.175560951232910156e+00,3.843165397644042969e+00,5.224456310272216797e+00,9.999995827674865723e-01,-4.293373203836381435e-04,-7.976144552230834961e-04,3.825557942036539316e-04
9.138619303703308105e-01,7.275867462158203125e+00,6.352223157882690430e-01,9.999992251396179199e-01,1.238645287230610847e-03,-1.293171517318114638e-04,3.714154590852558613e-04
3.942580461502075195e+00,4.784852027893066406e+00,6.039439201354980469e+00,9.999989271163940430e-01,-1.402996364049613476e-03,1.188711903523653746e-04,5.003992700949311256e-04
3.948567628860473633e+00,2.784830331802368164e+00,4.203679561614990234e+00,9.999895095825195312e-01,-3.878884715959429741e-03,-2.434050897136330605e-03,3.779973485507071018e-04
3.577817678451538086e+00,1.465372800827026367e+00,2.256776332855224609e+00,9.999656081199645996e-01,-5.324922036379575729e-03,4.994265269488096237e-03,-3.960409667342901230e-03
3.743247985839843750e+00,6.916708469390869141e+00,1.505932927131652832e+00,9.999987483024597168e-01,-1.149584641098044813e-04,1.553577603772282600e-03,3.286222927272319794e-04
3.090692460536956787e-01,9.518646001815795898e-01,2.116251230239868164e+00,9.999696016311645508e-01,-6.456119474023580551e-03,3.693079343065619469e-03,2.327225403860211372e-03
5.446930408477783203e+00,1.690570116043090820e+00,2.554364442825317383e+00,9.999890923500061035e-01,3.665134776383638382e-03,2.890701580327004194e-04,2.910264534875750542e-03
2.284735918045043945e+00,5.621359348297119141e+00,7.161373615264892578e+00,9.999249577522277832e-01,-5.333515815436840057e-03,-9.791927412152290344e-03,5.084585864096879959e-03
1.121911525726318359e+00,4.629729747772216797e+00,5.280682563781738281e+00,9.999980330467224121e-01,1.032309723086655140e-03,-8.438666118308901787e-04,-1.490493770688772202e-03
2.224749088287353516e+00,5.981085777282714844e+00,2.096650838851928711e+00,9.999574422836303711e-01,7.752298377454280853e-03,2.272450132295489311e-03,4.461806733161211014e-03
8.443253636360168457e-01,2.133671760559082031e+00,4.917080879211425781e+00,9.999975562095642090e-01,-1.470311312004923820e-03,-1.002379111014306545e-03,1.297379494644701481e-03
6.871429920196533203e+00,4.165280818939208984e+00,7.186782836914062500e+00,9.999422430992126465e-01,1.002129726111888885e-02,3.884335048496723175e-03,2.873637422453612089e-04
7.430951595306396484e+00,1.401038408279418945e+00,5.314376354217529297e+00,9.999995827674865723e-01,-6.219212664291262627e-04,-2.831790479831397533e-04,7.224438013508915901e-04
3.353024482727050781e+00,4.339316844940185547e+00,6.668263912200927734e+00,9.999828338623046875e-01,-4.871529992669820786e-03,-2.736161230131983757e-03,1.792726106941699982e-03
7.095663547515869141e+00,2.684311389923095703e+00,2.795885086059570312e+00,9.999902844429016113e-01,-3.997823805548250675e-04,-3.077624831348657608e-03,-3.143771551549434662e-03
8.367451429367065430e-01,4.437310218811035156e+00,5.990553855895996094e+00,9.999890923500061035e-01,1.055893255397677422e-03,1.464946777559816837e-03,-4.317254759371280670e-03
5.401567935943603516e+00,5.632090568542480469e+00,4.667133331298828125e+00,9.998756647109985352e-01,1.531717367470264435e-03,-7.921054959297180176e-03,-1.354928407818078995e-02
3.186371564865112305e+00,2.498403549194335938e+00,4.580909729003906250e+00,9.999994039535522461e-01,9.146365919150412083e-04,4.046382964588701725e-04,-4.176922084297984838e-04
5.858970642089843750e+00,3.170566856861114502e-01,1.087809056043624878e-01,9.999777078628540039e-01,3.907338250428438187e-03,-4.362718667834997177e-03,3.217211226001381874e-03
1.069156765937805176e+00,6.213190078735351562e+00,7.075966835021972656e+00,9.999973773956298828e-01,9.738206281326711178e-04,-6.535059656016528606e-04,2.002376597374677658e-03
5.097281336784362793e-01,6.829651355743408203e+00,1.711046099662780762e-01,9.999997615814208984e-01,8.928955503506585956e-05,6.149864057078957558e-04,-4.606490256264805794e-04
5.793803215026855469e+00,7.127093791961669922e+00,7.347529888153076172e+00,9.999936819076538086e-01,-1.243148115463554859e-03,-3.007246181368827820e-03,-1.483208150602877140e-03
2.597881555557250977e+00,3.736227750778198242e+00,2.704715967178344727e+00,9.999827146530151367e-01,4.186986945569515228e-03,-2.166345220757648349e-04,4.113574512302875519e-03
5.042226314544677734e-01,2.600856542587280273e+00,4.218725681304931641e+00,9.999092221260070801e-01,-1.109394058585166931e-02,1.712414203211665154e-03,-7.460644468665122986e-03
2.757339715957641602e+00,1.116769433021545410e+00,1.923990011215209961e+00,9.999997019767761230e-01,-6.164872902445495129e-04,-1.787265136954374611e-05,5.366047844290733337e-04
5.702046394348144531e+00,9.362561106681823730e-01,5.874559879302978516e+00,9.999973177909851074e-01,-2.215014501416590065e-05,-1.574298948980867863e-03,-1.718843705020844936e-03
4.385555267333984375e+00,2.837691783905029297e+00,1.909273624420166016e+00,9.999926686286926270e-01,3.163098823279142380e-03,-2.156980568543076515e-03,3.168398106936365366e-04
5.843824386596679688e+00,2.398591756820678711e+00,7.110563278198242188e+00,9.999918341636657715e-01,3.358084009960293770e-03,-2.174826571717858315e-03,7.097196648828685284e-04
5.104816436767578125e+00,5.636715888977050781e+00,2.926239371299743652e-01,9.999678730964660645e-01,2.598375140223652124e-04,5.322611425071954727e-03,-5.989915691316127777e-03
3.342349052429199219e+00,6.527401506900787354e-02,2.780770778656005859e+00,9.999535083770751953e-01,-6.221096031367778778e-03,7.010159082710742950e-03,2.269472694024443626e-03
6.658646583557128906e+00,4.525579929351806641e+00,2.630181789398193359e+00,9.999952316284179688e-01,3.036584472283720970e-03,6.256876513361930847e-04,3.832942093140445650e-05
1.346570134162902832e+00,5.176539897918701172e+00,1.779841303825378418e+00,9.999924898147583008e-01,-3.063089679926633835e-03,1.929451478645205498e-03,-1.432852237485349178e-03
1.052525520324707031e+00,8.598453402519226074e-01,3.420194149017333984e+00,9.999917745590209961e-01,-3.636958310380578041e-03,1.687278854660689831e-03,6.821984425187110901e-04
6.653379440307617188e+00,3.301697492599487305e+00,6.339402794837951660e-01,9.999917745590209961e-01,1.455423654988408089e-03,2.587042283266782761e-03,2.778726629912853241e-03
4.871407151222229004e-01,2.194622755050659180e+00,6.208994865417480469e+00,9.999758601188659668e-01,-8.514404762536287308e-04,4.548612050712108612e-03,5.187108181416988373e-03
2.868132114410400391e+00,4.118502616882324219e+00,6.429347991943359375e+00,9.999998211860656738e-01,-4.557726788334548473e-04,-1.048055346473120153e-04,5.229462403804063797e-04
1.210229635238647461e+00,8.092110753059387207e-01,5.449871540069580078e+00,9.999966025352478027e-01,-1.256555668078362942e-03,-1.973669743165373802e-03,-1.197866862639784813e-03
9.949396252632141113e-01,3.552412986755371094e+00,2.824974298477172852e+00,9.999987483024597168e-01,1.225818996317684650e-03,-1.021131523884832859e-03,3.744032292161136866e-04
3.745994806289672852e+00,3.820056915283203125e+00,6.702042102813720703e+00,9.999939203262329102e-01,-2.885734429582953453e-03,-1.766394358128309250e-03,9.535760618746280670e-04
3.639753818511962891e+00,6.151069641113281250e+00,5.943129062652587891e-01,9.999756217002868652e-01,4.638496320694684982e-03,4.380790051072835922e-03,2.837942913174629211e-03
5.833398342132568359e+00,5.320211410522460938e+00,4.863659858703613281e+00,9.999828934669494629e-01,-5.408812314271926880e-03,-1.687776530161499977e-03,-1.493500196374952793e-03
2.252501726150512695e+00,3.397711277008056641e+00,6.369844079017639160e-01,9.999273419380187988e-01,-5.618867464363574982e-03,-8.483470417559146881e-03,-6.472023669630289078e-03
1.914941906929016113e+00,7.067417621612548828e+00,8.470635414123535156e-01,9.999630451202392578e-01,4.031156713608652353e-04,8.493149653077125549e-03,1.313175889663398266e-03
1.368727087974548340e+00,4.094254016876220703e+00,3.402160406112670898e+00,9.999374151229858398e-01,-9.235479868948459625e-03,-3.956785425543785095e-03,4.927995149046182632e-03
3.162908792495727539e+00,4.563807249069213867e-01,5.000126838684082031e+00,9.999971985816955566e-01,-8.220518939197063446e-04,-2.566950570326298475e-04,-2.236889908090233803e-03
1.358344078063964844e+00,2.573613405227661133e+00,4.552506923675537109e+00,9.999820590019226074e-01,-3.865323495119810104e-03,-2.042699139565229416e-03,-4.107235930860042572e-03
5.229662656784057617e-01,5.120574951171875000e+00,8.855664134025573730e-01,9.999938607215881348e-01,3.348515368998050690e-03,-1.011362532153725624e-03,-4.669781192205846310e-04
2.517735958099365234e+00,3.557364463806152344e+00,4.806082248687744141e+00,9.998328089714050293e-01,1.419082842767238617e-02,-2.635475946590304375e-03,-1.122504938393831253e-02
1.723905444145202637e+00,6.623674869537353516e+00,3.191819489002227783e-01,9.999922513961791992e-01,3.762223292142152786e-03,1.130520133301615715e-03,-4.118889919482171535e-04
5.865501984953880310e-02,3.761001348495483398e+00,2.804188013076782227e+00,9.999938607215881348e-01,1.137055223807692528e-03,-1.084581948816776276e-03,-3.153788158670067787e-03
5.967910289764404297e+00,3.539561033248901367e+00,5.181363224983215332e-01,9.998726248741149902e-01,-8.490508422255516052e-03,1.045970804989337921e-02,8.557558059692382812e-03
3.300542756915092468e-02,4.928045749664306641e+00,6.115925788879394531e+00,9.999970793724060059e-01,5.945118027739226818e-04,1.067912438884377480e-03,-2.117138123139739037e-03
2.380584955215454102e+00,2.309026718139648438e+00,6.072875976562500000e+00,9.999977946281433105e-01,2.230912650702521205e-04,6.174764130264520645e-04,-2.044886350631713867e-03
1.909561395645141602e+00,6.162037372589111328e+00,7.180921554565429688e+00,9.999884963035583496e-01,-1.550624845549464226e-03,1.123912516050040722e-03,-4.407688975334167480e-03
2.260065555572509766e+00,6.493685722351074219e+00,3.951207876205444336e+00,9.999797940254211426e-01,-1.630425569601356983e-03,4.181867465376853943e-03,4.512504208832979202e-03
2.426017284393310547e+00,5.463243007659912109e+00,2.977601587772369385e-01,9.998480081558227539e-01,-8.113743737339973450e-03,1.152798999100923538e-02,-1.026335824280977249e-02
3.147461891174316406e+00,3.486276865005493164e+00,5.486381053924560547e+00,9.999469518661499023e-01,3.603231860324740410e-03,-7.255564909428358078e-03,-6.366571411490440369e-03
2.296915769577026367e+00,3.923448324203491211e-01,1.014954328536987305e+00,9.999993443489074707e-01,-6.895243423059582710e-04,-5.539044504985213280e-04,-8.180785807780921459e-04
4.238444328308105469e+00,7.221166610717773438e+00,2.529274702072143555e+00,9.999907612800598145e-01,-4.006537608802318573e-03,1.559068186907097697e-05,-1.589824794791638851e-03
1.739942073822021484e+00,7.314392566680908203e+00,5.856642723083496094e-01,9.999915361404418945e-01,4.046495072543621063e-03,-6.918564904481172562e-04,5.003148689866065979e-04
3.874167919158935547e+00,2.045310735702514648e+00,6.597158432006835938e+00,9.999934434890747070e-01,2.578316954895853996e-03,-2.168288687244057655e-03,1.338265486992895603e-03
6.999905705451965332e-01,6.560055732727050781e+00,5.845562458038330078e+00,9.999903440475463867e-01,9.384409058839082718e-04,3.070253180339932442e-03,3.031707834452390671e-03
3.226608991622924805e+00,3.827540159225463867e+00,4.895742893218994141e+00,9.999942183494567871e-01,2.512948121875524521e-03,-3.570278640836477280e-04,2.300637308508157730e-03
5.709902763366699219e+00,4.514199256896972656e+00,1.086323261260986328e-01,9.999941587448120117e-01,2.120445482432842255e-03,-2.647618530318140984e-03,3.881274024024605751e-04
2.332205295562744141e+00,5.106159210205078125e+00,5.167672634124755859e+00,9.999986290931701660e-01,9.097446454688906670e-04,-7.892959984019398689e-04,1.221130019985139370e-03
4.526390075683593750e+00,6.125163078308105469e+00,5.337540149688720703e+00,9.999998807907104492e-01,5.544297746382653713e-04,-1.147790771938161924e-05,-2.244850329589098692e-04
3.430589437484741211e+00,3.778885364532470703e+00,7.281388282775878906e+00,9.999890923500061035e-01,-1.906814402900636196e-03,-3.566999803297221661e-04,4.245529416948556900e-03
1.556326031684875488e+00,4.102883115410804749e-02,1.775067150592803955e-01,9.999963641166687012e-01,-5.818544887006282806e-04,2.633794443681836128e-03,-2.964180894196033478e-04
2.390821218490600586e+00,3.978440523147583008e+00,3.459476947784423828e+00,9.999992847442626953e-01,-4.330877854954451323e-04,6.317137158475816250e-04,-9.304832783527672291e-04
5.606711864471435547e+00,4.312242507934570312e+00,3.697767972946166992e+00,9.999967813491821289e-01,9.521268075332045555e-04,-1.918115303851664066e-03,1.410469762049615383e-03
6.866787910461425781e+00,2.576084434986114502e-01,2.172449111938476562e+00,9.999987483024597168e-01,-1.169961295090615749e-03,-3.319442039355635643e-04,1.082654693163931370e-03
2.984760284423828125e+00,1.684401512145996094e+00,7.155057430267333984e+00,9.998785257339477539e-01,5.115562118589878082e-03,7.334204274229705334e-04,-1.470614690333604813e-02
1.556257605552673340e+00,6.087682723999023438e+00,7.161736965179443359e+00,9.999922513961791992e-01,2.641820348799228668e-03,-2.320314059033989906e-03,1.785526634193956852e-03
2.624602794647216797e+00,6.876805782318115234e+00,4.489584445953369141e+00,9.999094605445861816e-01,1.569209736771881580e-03,-1.225450914353132248e-02,-5.342312622815370560e-03
5.071868300437927246e-01,1.257619112730026245e-01,4.685013771057128906e+00,9.998810291290283203e-01,-1.283026486635208130e-02,5.539709702134132385e-03,6.535715423524379730e-03
9.732372760772705078e-01,6.101677417755126953e+00,6.530357360839843750e+00,9.999969601631164551e-01,1.587820705026388168e-03,1.879291026853024960e-03,4.471000866033136845e-04
5.353598117828369141e+00,2.242825269699096680e+00,2.924395322799682617e+00,9.999987483024597168e-01,3.488046932034194469e-04,-3.663748502731323242e-04,-1.558502204716205597e-03
3.283704280853271484e+00,3.297612667083740234e+00,4.132956504821777344e+00,9.999942183494567871e-01,1.984856557101011276e-03,2.763411030173301697e-03,2.539747802074998617e-04
3.591805458068847656e+00,6.394582271575927734e+00,3.909469842910766602e+00,9.999989271163940430e-01,9.180760825984179974e-04,-1.063376083038747311e-03,5.378417554311454296e-04
3.874333381652832031e+00,5.756158351898193359e+00,1.212678328156471252e-01,9.999935030937194824e-01,2.429962623864412308e-03,2.671595197170972824e-03,-3.071458486374467611e-04
1.832856774330139160e+00,4.767263829708099365e-01,4.335354268550872803e-02,9.999974370002746582e-01,-1.244171406142413616e-03,1.851610722951591015e-03,-4.604998684953898191e-04
3.371656417846679688e+00,1.228537037968635559e-01,4.752340316772460938e+00,9.999999403953552246e-01,1.002720237011089921e-04,-1.315732970397220924e-05,4.972984897904098034e-04
4.841490268707275391e+00,4.301001548767089844e+00,1.885202527046203613e+00,9.999973773956298828e-01,1.295261667110025883e-03,-1.903668977320194244e-03,2.408926811767742038e-04
4.621820926666259766e+00,2.389104127883911133e+00,7.297928810119628906e+00,9.998587369918823242e-01,2.460035611875355244e-04,-5.042870994657278061e-03,-1.602996326982975006e-02
1.509365797042846680e+00,2.785778522491455078e+00,1.848811984062194824e+00,9.999430179595947266e-01,-2.093398361466825008e-04,-1.003774162381887436e-02,3.642457071691751480e-03
3.330540418624877930e+00,8.904287815093994141e-01,4.571393489837646484e+00,9.999991655349731445e-01,3.738492960110306740e-04,5.489107934408821166e-06,-1.303610159084200859e-03
4.414017677307128906e+00,2.235330820083618164e+00,1.526271343231201172e+00,9.999979734420776367e-01,1.097726169973611832e-03,-6.585731753148138523e-04,1.581277116201817989e-03
7.085122108459472656e+00,1.693035215139389038e-01,7.322478294372558594e+00,9.999980926513671875e-01,-8.420381927862763405e-04,-1.360386493615806103e-03,1.184863504022359848e-03
2.259674519300460815e-01,7.151411056518554688e+00,6.293629109859466553e-02,9.999998807907104492e-01,1.229094341397285461e-04,-9.947299258783459663e-05,-5.487587768584489822e-04
4.052742481231689453e+00,5.550741672515869141e+00,3.303679943084716797e+00,9.999987483024597168e-01,-6.711303722113370895e-04,8.024990675039589405e-04,-1.192713622003793716e-03
3.530520200729370117e+00,3.477483510971069336e+00,7.248986244201660156e+00,9.999856352806091309e-01,4.247450269758701324e-03,-3.294582245871424675e-03,1.498400524724274874e-05
7.257589340209960938e+00,2.059501886367797852e+00,1.227875113487243652e+00,9.999890923500061035e-01,3.327644662931561470e-03,3.252063645049929619e-03,-5.432728212326765060e-04
3.209988594055175781e+00,5.801743507385253906e+00,5.420315265655517578e-01,9.999938607215881348e-01,1.410499215126037598e-03,9.815482189878821373e-04,-3.070369130000472069e-03
7.416096687316894531e+00,1.612735033035278320e+00,5.933215141296386719e+00,9.999993443489074707e-01,1.153169316239655018e-03,-2.117652365996036679e-05,3.438170242588967085e-04
2.818866252899169922e+00,2.905606508255004883e+00,2.500541925430297852e+00,9.999973773956298828e-01,-2.173929940909147263e-03,-1.123062156693777069e-05,-8.222770411521196365e-04
2.298804044723510742e+00,4.981023788452148438e+00,2.559115171432495117e+00,9.999998807907104492e-01,-5.595033289864659309e-04,1.348607911495491862e-04,-3.574015136109665036e-05
9.543696045875549316e-01,3.136859655380249023e+00,5.691347122192382812e+00,9.999942779541015625e-01,-2.471740357577800751e-03,-1.998738851398229599e-03,-1.191652496345341206e-03
3.837352991104125977e+00,2.752271175384521484e+00,5.571148395538330078e+00,9.999406933784484863e-01,-7.868559099733829498e-03,3.980463370680809021e-03,6.388426292687654495e-03
7.871339917182922363e-01,3.228119850158691406e+00,7.184825420379638672e+00,9.999912977218627930e-01,2.087887609377503395e-03,3.404355957172811031e-04,-3.614073386415839195e-03
2.087373256683349609e+00,6.841402053833007812e+00,2.652443170547485352e+00,9.999966621398925781e-01,-2.222069073468446732e-03,-1.873382134363055229e-04,-1.351227052509784698e-03
3.670783281326293945e+00,5.516644477844238281e+00,3.040066242218017578e+00,9.999998807907104492e-01,-1.859868934843689203e-04,8.041710680117830634e-05,-5.228572408668696880e-04
5.709401607513427734e+00,5.359016418457031250e+00,6.411546707153320312e+00,9.999136924743652344e-01,3.355359192937612534e-03,-1.112549286335706711e-02,6.131583824753761292e-03
4.947761893272399902e-01,6.104694366455078125e+00,2.144122838973999023e+00,9.999998807907104492e-01,-3.971547412220388651e-04,3.664572723209857941e-04,-1.707111514406278729e-04
2.355745553970336914e+00,1.927440240979194641e-02,5.927174091339111328e+00,9.999993443489074707e-01,1.930314610945060849e-04,6.240564398467540741e-04,9.639685158617794514e-04
1.792891025543212891e+00,4.864446640014648438e+00,5.962437391281127930e-01,9.999755024909973145e-01,-2.037172205746173859e-03,-4.526490345597267151e-03,-4.927948582917451859e-03
3.123230636119842529e-01,5.538115501403808594e-01,6.493728160858154297e+00,9.999920725822448730e-01,2.328963950276374817e-03,-3.210964147001504898e-03,3.635955799836665392e-04
2.541839122772216797e+00,4.074873924255371094e+00,2.487640619277954102e+00,9.999339580535888672e-01,-5.936078727245330811e-03,5.762347485870122910e-03,-7.984958589076995850e-03
6.324142813682556152e-01,5.235840320587158203e+00,7.064363002777099609e+00,9.999994635581970215e-01,-3.649038553703576326e-04,-8.211665553972125053e-04,-6.003682501614093781e-04
6.312570095062255859e+00,6.580163002014160156e+00,2.186364889144897461e+00,9.999982118606567383e-01,-3.450715157669037580e-04,-1.849299878813326359e-03,4.431939742062240839e-04
5.081439971923828125e+00,6.582650661468505859e+00,3.674544572830200195e+00,9.999997019767761230e-01,7.453073048964142799e-04,2.373414899921044707e-04,-2.168227802030742168e-04
4.316642761230468750e+00,3.953649520874023438e+00,2.588407039642333984e+00,9.999960064888000488e-01,-6.032735691405832767e-04,7.824240019544959068e-04,-2.649346133694052696e-03
8.195324540138244629e-01,7.247942924499511719e+00,6.316583156585693359e+00,9.999186396598815918e-01,-6.449992302805185318e-03,-2.824972849339246750e-03,-1.064112782478332520e-02
1.685466885566711426e+00,7.165759563446044922e+00,6.844709396362304688e+00,9.999890327453613281e-01,1.432793564163148403e-03,-4.229579586535692215e-03,-1.465217559598386288e-03
1.043563365936279297e+00,2.790746688842773438e+00,6.281726837158203125e+00,9.999970793724060059e-01,-2.031919080764055252e-03,-3.681908710859715939e-04,-1.305169193074107170e-03
6.113040447235107422e+00,6.924794197082519531e+00,6.128575801849365234e+00,9.999942183494567871e-01,-1.052309875376522541e-03,-2.340786391869187355e-03,-2.266058931127190590e-03
2.000065326690673828e+00,3.523856401443481445e+00,1.699300408363342285e+00,9.999637007713317871e-01,-9.045114275068044662e-04,8.001944981515407562e-03,-2.783648204058408737e-03
4.204656124114990234e+00,6.774319171905517578e+00,3.002322912216186523e+00,9.999993443489074707e-01,-7.316098781302571297e-04,8.449624874629080296e-04,3.473036849754862487e-05
8.475359082221984863e-01,1.235252022743225098e+00,4.496169090270996094e+00,9.998497962951660156e-01,-1.204807963222265244e-02,7.872551679611206055e-03,9.664595127105712891e-03
3.595558702945709229e-01,4.883561134338378906e+00,3.688424825668334961e+00,9.999977350234985352e-01,1.607283367775380611e-03,3.744049463421106339e-04,-1.412627170793712139e-03
1.257511854171752930e+00,4.737296104431152344e+00,1.081838130950927734e+00,9.999884963035583496e-01,-3.216456156224012375e-03,-4.844645445700734854e-04,-3.536893753334879875e-03
4.865530729293823242e-01,1.035991430282592773e+00,6.459804534912109375e+00,9.999654293060302734e-01,2.745872363448143005e-03,-4.627224523574113846e-03,-6.346823647618293762e-03
5.055173873901367188e+00,1.692599654197692871e+00,5.496581792831420898e-01,9.998859167098999023e-01,1.650886260904371738e-03,-1.500077918171882629e-02,-7.096527260728180408e-04
8.916488885879516602e-01,2.354741811752319336e+00,4.690800189971923828e+00,9.999525547027587891e-01,-9.175557643175125122e-03,-2.819317393004894257e-03,1.677301130257546902e-03
2.421661615371704102e+00,5.096700668334960938e+00,6.679449558258056641e+00,9.999967813491821289e-01,-7.451106794178485870e-04,-1.444785506464540958e-03,1.980683067813515663e-03
1.765004038810729980e+00,6.193390846252441406e+00,4.979369640350341797e+00,9.996967315673828125e-01,1.377901621162891388e-02,-1.968456059694290161e-02,-5.399140529334545135e-03
1.550864815711975098e+00,5.880885124206542969e+00,5.972782135009765625e+00,9.999966025352478027e-01,2.057565608993172646e-03,-2.254147984785959125e-04,-1.606834935955703259e-03
6.797567844390869141e+00,7.326697826385498047e+00,3.414604425430297852e+00,9.999969005584716797e-01,2.013465389609336853e-03,1.362123643048107624e-03,-6.517088040709495544e-04
2.230456024408340454e-01,3.552694082260131836e+00,4.809835910797119141e+00,9.999982714653015137e-01,-5.816263146698474884e-04,7.520580547861754894e-04,1.657792716287076473e-03
2.013890296220779419e-01,4.587735176086425781e+00,1.073021769523620605e+00,9.999293684959411621e-01,1.707284129224717617e-03,-5.840792320668697357e-03,-1.021001953631639481e-02
4.759398937225341797e+00,4.559496402740478516e+00,1.676304340362548828e+00,9.999963641166687012e-01,2.487408230081200600e-03,-9.410688071511685848e-04,-6.009067292325198650e-04
2.236422777175903320e+00,6.599596738815307617e-01,7.198982238769531250e+00,9.999930858612060547e-01,2.958017168566584587e-03,2.207835903391242027e-03,5.112944636493921280e-04
3.214699029922485352e+00,5.350408554077148438e+00,2.212144613265991211e+00,9.999697804450988770e-01,-3.268631175160408020e-03,6.975958589464426041e-03,1.107540098018944263e-03
2.989245057106018066e-01,2.323323726654052734e+00,2.617609262466430664e+00,9.999990463256835938e-01,-5.251337424851953983e-04,1.059905975125730038e-03,8.177792187780141830e-04
1.148945540189743042e-01,1.520637631416320801e+00,5.494352579116821289e-01,9.999957680702209473e-01,-8.743391372263431549e-04,1.217109034769237041e-03,-2.506646094843745232e-03
6.720197200775146484e+00,3.315148591995239258e+00,7.334411621093750000e+00,9.999960064888000488e-01,-1.966131851077079773e-03,-2.059801016002893448e-03,1.087640630430541933e-04
6.176823616027832031e+00,7.239945888519287109e+00,4.466980457305908203e+00,9.999929070472717285e-01,2.700657583773136139e-03,-1.318815164268016815e-03,2.287948969751596451e-03
4.979678153991699219e+00,5.451365470886230469e+00,2.624838352203369141e+00,9.999778866767883301e-01,6.183669436722993851e-03,1.327008358202874660e-03,2.066407119855284691e-03
1.302149534225463867e+00,7.326127052307128906e+00,1.410498768091201782e-01,9.999333024024963379e-01,6.704589817672967911e-03,-7.195388898253440857e-03,6.050609983503818512e-03
6.763682842254638672e+00,4.423571586608886719e+00,7.345979213714599609e+00,9.999482035636901855e-01,9.116081520915031433e-03,4.472138360142707825e-03,7.196661317721009254e-04
7.221552848815917969e+00,4.766942501068115234e+00,6.190793514251708984e-01,9.999970793724060059e-01,1.433992758393287659e-03,1.322016702033579350e-03,-1.465990324504673481e-03
3.678935766220092773e+00,6.317627429962158203e+00,6.327113151550292969e+00,1.000000000000000000e+00,2.756594913080334663e-04,-1.008690305752679706e-04,-1.778160221874713898e-04
6.215400695800781250e+00,6.359679222106933594e+00,1.557594180107116699e+00,9.999946951866149902e-01,-9.312455076724290848e-04,2.468210645020008087e-03,1.946302363649010658e-03
2.083482027053833008e+00,8.774713873863220215e-01,1.980030775070190430e+00,9.999993443489074707e-01,2.101996360579505563e-04,-4.987628199160099030e-04,-1.047068974003195763e-03
2.453665971755981445e+00,1.992820978164672852e+00,2.957356452941894531e+00,9.999976754188537598e-01,9.536262368783354759e-04,-1.775956479832530022e-03,-8.221420575864613056e-04
6.442300796508789062e+00,5.838313102722167969e+00,3.505934953689575195e+00,9.999938607215881348e-01,3.749018069356679916e-04,2.123743528500199318e-03,2.760577946901321411e-03
2.237046957015991211e+00,6.535961627960205078e+00,2.439169645309448242e+00,9.999986290931701660e-01,-3.365353331901133060e-04,-1.115716993808746338e-03,-1.224726554937660694e-03
1.219646573066711426e+00,2.782293558120727539e+00,1.125328317284584045e-01,9.999909400939941406e-01,3.341717092553153634e-05,3.140795277431607246e-03,-2.894551726058125496e-03
5.195626735687255859e+00,3.760644912719726562e+00,6.732548236846923828e+00,9.999976754188537598e-01,-1.312563195824623108e-03,1.669278019107878208e-03,-5.210124654695391655e-04
1.286453366279602051e+00,3.341305732727050781e+00,4.517062664031982422e+00,9.999999403953552246e-01,-2.343316737096756697e-04,-3.041983582079410553e-04,2.149726788047701120e-04
2.777389287948608398e+00,1.990726470947265625e+00,4.086678981781005859e+00,9.999455213546752930e-01,9.530551731586456299e-03,1.166533678770065308e-03,-4.095721989870071411e-03
7.066298961639404297e+00,1.124387621879577637e+00,2.404221296310424805e+00,9.999995827674865723e-01,9.058021823875606060e-04,-4.028746043331921101e-04,7.946119876578450203e-05
3.445703268051147461e+00,2.066751003265380859e+00,5.730867385864257812e+00,9.999991059303283691e-01,-2.398342185188084841e-04,3.455987607594579458e-04,-1.307820668444037437e-03
5.527957439422607422e+00,8.856171369552612305e-01,3.525181770324707031e+00,1.000000000000000000e+00,-1.297731359954923391e-04,-2.974813978653401136e-04,-4.947178240399807692e-05
4.933876991271972656e+00,1.358708977699279785e+00,3.726146221160888672e+00,9.999990463256835938e-01,1.011939137242734432e-03,-8.768648258410394192e-04,5.213103722780942917e-04
3.458790481090545654e-01,1.377728223800659180e+00,1.323593258857727051e+00,9.999999403953552246e-01,4.725957987830042839e-04,1.678383559919893742e-04,-8.879491360858082771e-05
4.666682243347167969e+00,4.326026439666748047e+00,7.244138717651367188e+00,9.999818205833435059e-01,-2.226004377007484436e-03,-5.492831580340862274e-03,1.116851810365915298e-03
3.738388061523437500e+00,1.265379428863525391e+00,5.919416427612304688e+00,9.999998807907104492e-01,-1.833572459872812033e-04,4.368119698483496904e-04,-1.578058290760964155e-04
4.818817138671875000e+00,1.625037431716918945e+00,3.099522113800048828e+00,9.999957084655761719e-01,-2.312319586053490639e-03,-1.679694862104952335e-03,-7.411818369291722775e-04
2.709094524383544922e+00,1.670674830675125122e-01,5.789885997772216797e+00,9.999948143959045410e-01,2.281205495819449425e-03,-1.273872680030763149e-03,1.910299528390169144e-03
4.519592285156250000e+00,3.508634269237518311e-01,3.670322656631469727e+00,1.000000000000000000e+00,-3.988402313552796841e-04,-7.695155363762751222e-05,-5.887385123060084879e-05
5.941072940826416016e+00,6.481863021850585938e+00,7.082480430603027344e+00,9.999966025352478027e-01,-1.710376003757119179e-03,3.673042519949376583e-04,-1.961784437298774719e-03
1.319750308990478516e+00,2.488709688186645508e+00,3.001215457916259766e+00,9.998985528945922852e-01,-3.246390726417303085e-03,-5.564873572438955307e-03,1.270097494125366211e-02
3.313726186752319336e+00,5.699796676635742188e+00,2.842962026596069336e+00,9.999955296516418457e-01,-2.807684009894728661e-03,6.064387271180748940e-04,-9.240720537491142750e-04
5.568452835083007812e+00,4.260048866271972656e+00,1.730547070503234863e+00,9.999917745590209961e-01,3.231518901884555817e-03,-2.433683490380644798e-03,4.656813107430934906e-04
6.546902656555175781e+00,1.709974527359008789e+00,7.191843390464782715e-01,9.999994039535522461e-01,-5.504511063918471336e-04,-5.165631300769746304e-04,8.901261026039719582e-04
2.363635301589965820e+00,4.538730144500732422e+00,2.494364738464355469e+00,9.999982714653015137e-01,-1.368407160043716431e-03,-3.537943994160741568e-04,-1.237243530340492725e-03
4.417138099670410156e+00,5.841175079345703125e+00,3.104642152786254883e+00,9.999988675117492676e-01,-5.514695076271891594e-04,1.420687418431043625e-03,1.043709198711439967e-04
4.750712871551513672e+00,3.074622154235839844e+00,4.802844524383544922e+00,1.000000000000000000e+00,-3.198737686034291983e-04,6.359198596328496933e-05,-5.097805842524394393e-05
2.740486383438110352e+00,1.734494566917419434e+00,2.038406848907470703e+00,9.999975562095642090e-01,-9.902135934680700302e-04,1.740021281875669956e-03,1.009001280181109905e-03
7.182902336120605469e+00,6.179325103759765625e+00,5.907810211181640625e+00,9.999973177909851074e-01,2.258507534861564636e-03,5.898750969208776951e-04,-2.020867395913228393e-04
4.659960746765136719e+00,1.623931154608726501e-02,7.298945903778076172e+00,9.999983310699462891e-01,-1.414189813658595085e-03,8.345971582457423210e-04,8.149680797941982746e-04
4.919424533843994141e+00,4.604080200195312500e+00,5.299782276153564453e+00,9.999861717224121094e-01,-1.467829220928251743e-03,4.795109853148460388e-03,-1.560793607495725155e-03
6.076359272003173828e+00,1.335647106170654297e+00,7.491585731506347656e+00,9.999982118606567383e-01,-9.914233814924955368e-04,1.420584972947835922e-03,-7.427546661347150803e-04
5.864182710647583008e-01,6.423836708068847656e+00,7.261783123016357422e+00,9.999978542327880859e-01,2.073760842904448509e-03,2.782492956612259150e-04,6.011982986819930375e-05
6.571373462677001953e+00,1.855826497077941895e+00,5.057734966278076172e+00,9.999769926071166992e-01,3.516250988468527794e-03,-1.798940007574856281e-03,5.511220544576644897e-03
6.711273193359375000e+00,6.181323528289794922e+00,4.549243450164794922e+00,1.000000000000000000e+00,1.502003724453970790e-04,-1.558044459670782089e-04,3.717582731042057276e-04
7.158586978912353516e+00,3.227600812911987305e+00,3.245795249938964844e+00,9.999991655349731445e-01,1.170576084405183792e-03,1.681421126704663038e-04,-6.017345585860311985e-04
2.897912502288818359e+00,1.811868906021118164e+00,2.859974861145019531e+00,9.999931454658508301e-01,1.292171538807451725e-03,2.246342599391937256e-03,2.636096207424998283e-03
2.836759667843580246e-03,2.837698459625244141e+00,3.616109132766723633e+00,9.999992251396179199e-01,-6.025845068506896496e-04,-4.738145216833800077e-04,-1.034398446790874004e-03
8.145167231559753418e-01,2.932658195495605469e+00,5.932165145874023438e+00,9.999973773956298828e-01,-2.002375666052103043e-03,-1.740672887535765767e-04,-1.153855468146502972e-03
6.419081211090087891e+00,4.722811698913574219e+00,6.936171054840087891e+00,9.999972581863403320e-01,1.608554339327383786e-05,2.214152365922927856e-03,8.441799436695873737e-04
7.304433345794677734e+00,3.057077646255493164e+00,2.317806184291839600e-01,9.999993443489074707e-01,1.378059969283640385e-04,1.204256084747612476e-03,-7.080718933138996363e-05
2.302690744400024414e+00,3.807262182235717773e+00,4.699261665344238281e+00,9.999738335609436035e-01,-3.389477496966719627e-03,-2.835345221683382988e-03,5.731280893087387085e-03
7.444066524505615234e+00,3.031443119049072266e+00,3.242084741592407227e+00,9.999954700469970703e-01,-1.101344125345349312e-03,-1.748672686517238617e-03,-2.222022041678428650e-03
6.959375381469726562e+00,5.025812387466430664e-01,7.553195357322692871e-01,9.999656677246093750e-01,-3.149311523884534836e-04,-8.071631193161010742e-03,-1.838284777477383614e-03
4.850576817989349365e-01,2.210401773452758789e+00,1.303674340248107910e+00,9.999769330024719238e-01,1.245355582796037197e-03,6.496043875813484192e-03,-1.595818088389933109e-03
2.746811211109161377e-01,5.788374543190002441e-01,5.034436702728271484e+00,9.999905824661254883e-01,-4.337950609624385834e-03,3.444285830482840538e-04,2.549671335145831108e-04
4.783590793609619141e+00,3.943044185638427734e+00,3.252979516983032227e+00,9.999976158142089844e-01,3.420116554480046034e-04,1.068077282980084419e-03,1.909260172396898270e-03
1.883277654647827148e+00,5.293047904968261719e+00,6.356296062469482422e+00,9.999998807907104492e-01,-3.267177817178890109e-05,1.767342182574793696e-04,5.688971723429858685e-04
3.150600671768188477e+00,4.548390388488769531e+00,1.151165604591369629e+00,9.999656081199645996e-01,-8.121371269226074219e-03,1.602133153937757015e-03,6.470805383287370205e-04
7.460305690765380859e-01,1.055014371871948242e+00,6.182286515831947327e-02,9.999974966049194336e-01,9.695853077573701739e-05,8.681649924255907536e-04,-2.070306334644556046e-03
2.808700084686279297e+00,2.236535549163818359e+00,2.043568611145019531e+00,9.999992251396179199e-01,-1.572109031258150935e-04,1.126276212744414806e-03,-5.080429837107658386e-04
1.574195504188537598e+00,3.379549741744995117e+00,7.347453594207763672e+00,9.999760389328002930e-01,1.623624702915549278e-03,-3.409201512113213539e-03,5.815942771732807159e-03
5.458204269409179688e+00,1.260658264160156250e+00,3.001702547073364258e+00,9.999993443489074707e-01,2.985713363159447908e-04,9.557444718666374683e-05,-1.161413267254829407e-03
7.127834796905517578e+00,3.146450281143188477e+00,1.588326811790466309e+00,9.999929666519165039e-01,2.487780060619115829e-03,1.893174368888139725e-03,-2.105242572724819183e-03
4.886683464050292969e+00,2.902039093896746635e-03,4.854801654815673828e+00,9.998243451118469238e-01,2.338398946449160576e-03,9.727017953991889954e-03,-1.585144177079200745e-02
6.871798038482666016e+00,5.395615577697753906e+00,3.721478462219238281e+00,9.999104738235473633e-01,7.077699410729110241e-04,9.265393950045108795e-03,9.629516862332820892e-03
4.852455139160156250e+00,4.778252124786376953e+00,6.095973491668701172e+00,9.999921321868896484e-01,-1.135357189923524857e-03,-3.026162739843130112e-03,2.292896853759884834e-03
1.975663781166076660e+00,7.108195781707763672e+00,3.881139755249023438e+00,9.999992251396179199e-01,-4.450619162525981665e-04,5.576490657404065132e-04,-1.016437308862805367e-03
4.540865898132324219e+00,2.466146469116210938e+00,3.628765344619750977e+00,9.999945759773254395e-01,-9.395192028023302555e-04,-2.837076317518949509e-03,1.433053635992109776e-03
4.170012772083282471e-01,2.226444721221923828e+00,9.889745116233825684e-01,9.999677538871765137e-01,-6.897220388054847717e-03,-7.648654282093048096e-04,4.039906430989503860e-03
1.981693387031555176e+00,1.401401519775390625e+00,1.282646179199218750e+00,9.999215006828308105e-01,9.355671703815460205e-03,-6.656764540821313858e-03,5.019363947212696075e-03
6.836666107177734375e+00,3.070410251617431641e+00,4.188237667083740234e+00,9.999881982803344727e-01,-3.061850788071751595e-03,2.482005394995212555e-03,-2.861036220565438271e-03
3.739256858825683594e+00,3.748479366302490234e+00,3.003768682479858398e+00,9.999988675117492676e-01,5.193480174057185650e-04,-8.769797277636826038e-04,1.149455900304019451e-03
5.304125785827636719e+00,2.741256475448608398e+00,5.729637622833251953e+00,9.999988079071044922e-01,4.411890113260596991e-04,-1.502351253293454647e-03,7.312509842449799180e-05
6.018208503723144531e+00,3.445005178451538086e+00,4.585736751556396484e+00,9.999187588691711426e-01,7.104085758328437805e-03,-8.327046409249305725e-03,-6.543463561683893204e-03
6.930593490600585938e+00,2.445282459259033203e+00,6.305836677551269531e+00,9.999529123306274414e-01,8.989806286990642548e-03,-3.454244695603847504e-03,1.212088274769484997e-03
2.491526365280151367e+00,2.436654806137084961e+00,2.163021087646484375e+00,9.999982714653015137e-01,-2.126262115780264139e-04,1.002369099296629429e-03,-1.603543874807655811e-03
2.584191083908081055e+00,1.527165174484252930e+00,3.814831495285034180e+00,9.999957084655761719e-01,-2.569357631728053093e-03,-1.084259245544672012e-03,9.775796206668019295e-04
1.720178574323654175e-01,3.611686706542968750e+00,1.249657511711120605e+00,9.999248385429382324e-01,6.238489877432584763e-03,-9.508443996310234070e-03,4.589196294546127319e-03
7.327381968498229980e-01,4.117413997650146484e+00,5.601912975311279297e+00,9.999985694885253906e-01,1.750750525388866663e-04,-1.144397654570639133e-03,-1.285511068999767303e-03
4.588620662689208984e+00,4.101628780364990234e+00,5.433987617492675781e+00,9.999158978462219238e-01,7.855982519686222076e-03,1.334884320385754108e-03,-1.023617759346961975e-02
6.184953689575195312e+00,7.430683612823486328e+00,6.143215179443359375e+00,9.999738335609436035e-01,-4.101210739463567734e-03,-5.266476888209581375e-03,2.813576022163033485e-03
3.703852653503417969e+00,2.821462631225585938e+00,3.819981098175048828e+00,9.999994039535522461e-01,6.629151757806539536e-04,-4.638688187696970999e-05,-9.243991808034479618e-04
4.828253746032714844e+00,6.880517482757568359e+00,1.299453020095825195e+00,9.999993443489074707e-01,-1.188273381558246911e-04,7.507200934924185276e-04,-9.631866705603897572e-04
6.186460018157958984e+00,1.650316834449768066e+00,4.971861362457275391e+00,9.999576210975646973e-01,-6.085446104407310486e-03,-6.780276540666818619e-03,1.371434074826538563e-03
6.856315135955810547e+00,7.111561775207519531e+00,4.012493610382080078e+00,9.999996423721313477e-01,3.307600563857704401e-04,-4.917604383081197739e-04,-6.928099901415407658e-04
3.246512174606323242e+00,4.247972965240478516e+00,2.369987010955810547e+00,9.999975562095642090e-01,1.377505832351744175e-03,-1.653151004575192928e-03,5.743974470533430576e-04
2.494464635848999023e+00,2.086573839187622070e+00,5.245764255523681641e+00,9.999900460243225098e-01,-2.062621759250760078e-03,-3.020524280145764351e-03,2.558508655056357384e-03
2.592684507369995117e+00,4.270566940307617188e+00,2.760042905807495117e+00,9.999783635139465332e-01,-2.974846400320529938e-03,4.985240288078784943e-03,-3.111534053459763527e-03
2.454001188278198242e+00,5.730656623840332031e+00,6.529235839843750000e+00,9.999913573265075684e-01,-2.115773502737283707e-03,-2.267701551318168640e-03,2.794905332848429680e-03
3.602345705032348633e+00,3.164647817611694336e+00,6.096293926239013672e+00,9.999997019767761230e-01,1.530775916762650013e-04,5.793094169348478317e-04,5.894536152482032776e-04
3.086663722991943359e+00,3.592037677764892578e+00,1.628236174583435059e+00,9.999889135360717773e-01,5.316033493727445602e-04,8.638495346531271935e-04,4.588919226080179214e-03
4.283423900604248047e+00,1.394982814788818359e+00,3.696484565734863281e-01,9.999457001686096191e-01,5.359441041946411133e-03,1.967923948541283607e-03,8.719656616449356079e-03
5.889315128326416016e+00,5.834685802459716797e+00,2.908917188644409180e+00,9.999876618385314941e-01,4.960248246788978577e-03,-2.360361249884590507e-04,-3.033082175534218550e-04
5.496298789978027344e+00,6.295867919921875000e+00,3.703547477722167969e+00,9.999990463256835938e-01,-6.045203190296888351e-04,-1.134608173742890358e-03,6.257803179323673248e-04
6.497786521911621094e+00,2.179491519927978516e+00,2.506418228149414062e+00,9.999912977218627930e-01,-1.531317131593823433e-03,-3.618921153247356415e-03,-1.420656684786081314e-03
4.997968196868896484e+00,4.831472396850585938e+00,7.200854301452636719e+00,9.999985694885253906e-01,1.295149559155106544e-04,-1.161532592959702015e-03,1.283355406485497952e-03
4.031648039817810059e-01,2.629683971405029297e+00,5.326061248779296875e+00,9.999994635581970215e-01,-3.034002438653260469e-04,1.050338032655417919e-03,6.570716504938900471e-05
4.660486698150634766e+00,3.249170780181884766e+00,4.010813832283020020e-01,9.999983310699462891e-01,3.932467952836304903e-04,-1.789094298146665096e-03,3.280013625044375658e-04
1.003511428833007812e+00,4.655787467956542969e+00,4.907615184783935547e+00,9.999880790710449219e-01,2.099922392517328262e-03,-4.408928100019693375e-03,-3.470330848358571529e-04
3.464431464672088623e-01,2.537835121154785156e+00,2.259978055953979492e+00,9.999849200248718262e-01,-2.031856449320912361e-03,5.111843813210725784e-03,-8.354287274414673448e-05
3.921646356582641602e+00,8.302042484283447266e-01,6.386446952819824219e-01,9.999710917472839355e-01,-5.948245525360107422e-03,4.747110884636640549e-03,1.950070727616548538e-04
2.065648078918457031e+00,5.302316665649414062e+00,5.833176136016845703e+00,9.999971985816955566e-01,1.149364397861063480e-03,1.324956654570996761e-03,1.620479859411716461e-03
1.271553754806518555e+00,6.648134708404541016e+00,2.786430120468139648e+00,9.999907016754150391e-01,-2.479452406987547874e-03,-7.944914395920932293e-04,3.446621820330619812e-03
1.756681680679321289e+00,6.290149211883544922e+00,3.941205263137817383e+00,9.999848604202270508e-01,1.121834036894142628e-03,-4.340916406363248825e-03,-3.194578457623720169e-03
1.830434918403625488e+00,2.907338619232177734e+00,4.261547565460205078e+00,9.999883174896240234e-01,-1.864303019829094410e-03,4.165400750935077667e-03,-1.601347583346068859e-03
1.947337269783020020e+00,6.497426033020019531e+00,1.166115641593933105e+00,9.999921917915344238e-01,-5.376362823881208897e-04,-2.295929007232189178e-03,-3.193161683157086372e-03
3.000397443771362305e+00,4.920731544494628906e+00,6.078697443008422852e-01,9.999970197677612305e-01,1.640188740566372871e-03,1.748320180922746658e-03,-5.224909400567412376e-04
3.686429023742675781e+00,5.011063098907470703e+00,5.672173500061035156e+00,9.999979734420776367e-01,1.259196316823363304e-03,1.515129231847822666e-03,-5.276779411360621452e-04
4.410596847534179688e+00,7.019625663757324219e+00,3.799176216125488281e+00,9.999973773956298828e-01,-1.926694065332412720e-03,-1.230557681992650032e-03,3.827989858109503984e-04
2.076054096221923828e+00,2.476056098937988281e+00,5.334855243563652039e-02,9.999491572380065918e-01,8.264788426458835602e-03,4.731701221317052841e-03,3.327679121866822243e-03
2.559577941894531250e+00,3.720544099807739258e+00,6.709143638610839844e+00,1.000000000000000000e+00,-4.518700370681472123e-05,1.240655110450461507e-04,3.382057184353470802e-04
4.207433223724365234e+00,2.568493783473968506e-01,2.036223888397216797e+00,9.999775290489196777e-01,-2.899101004004478455e-03,-6.050706375390291214e-03,-3.524243584251962602e-05
4.916059017181396484e+00,5.699990272521972656e+00,3.395417928695678711e+00,9.999506473541259766e-01,-2.339936792850494385e-03,-8.007611148059368134e-03,-5.409099161624908447e-03
5.836146354675292969e+00,3.652594327926635742e+00,2.747468471527099609e+00,9.999961256980895996e-01,1.352234045043587685e-03,1.797334756702184677e-03,1.658816123381257057e-03
3.157212734222412109e+00,2.372000217437744141e+00,3.179041385650634766e+00,9.999936223030090332e-01,1.456194557249546051e-03,2.228670287877321243e-03,2.415588591247797012e-03
6.591761589050292969e+00,2.965561866760253906e+00,2.582843780517578125e+00,9.999346733093261719e-01,-2.478464972227811813e-03,-4.105285275727510452e-03,-1.038298849016427994e-02
3.442104816436767578e+00,3.011996746063232422e+00,5.516178131103515625e+00,9.999961256980895996e-01,1.505754538811743259e-03,-1.841515069827437401e-03,1.500824349932372570e-03
6.052384376525878906e+00,2.797764778137207031e+00,3.944847822189331055e+00,9.999812841415405273e-01,-3.689724951982498169e-03,2.984648803249001503e-03,-3.882595105096697807e-03
6.413918018341064453e+00,4.642158985137939453e+00,1.841622352600097656e+00,9.999934434890747070e-01,-8.192032692022621632e-04,3.775860241148620844e-04,3.524322994053363800e-03
1.883135676383972168e+00,6.526206493377685547e+00,7.307559490203857422e+00,9.999022483825683594e-01,-6.338725797832012177e-03,-9.281806647777557373e-03,8.318609558045864105e-03
1.754582405090332031e+00,6.164351940155029297e+00,1.459072828292846680e+00,9.999835491180419922e-01,3.233861410990357399e-03,-1.198167214170098305e-03,4.601831547915935516e-03
2.466710567474365234e+00,7.370841503143310547e+00,4.468286991119384766e+00,9.999977946281433105e-01,2.014645375311374664e-03,3.384559822734445333e-04,-5.991048528812825680e-04
1.143015623092651367e+00,4.479810237884521484e+00,6.544995784759521484e+00,9.999809265136718750e-01,-1.657987711951136589e-03,4.691577982157468796e-03,3.682797309011220932e-03
6.061672210693359375e+00,2.390133142471313477e+00,1.596825718879699707e+00,9.999902248382568359e-01,4.007826559245586395e-03,-1.762577099725604057e-03,-7.257815450429916382e-04
4.026817798614501953e+00,6.093504428863525391e+00,5.888327121734619141e+00,9.999999403953552246e-01,2.012725599342957139e-04,3.071663377340883017e-04,-3.631713334470987320e-04
3.017968893051147461e+00,1.550212383270263672e+00,7.036711573600769043e-01,9.999953508377075195e-01,3.816531097982078791e-04,-8.780133211985230446e-04,2.913550473749637604e-03
4.552865982055664062e+00,1.688848286867141724e-01,4.872670650482177734e+00,9.999966025352478027e-01,7.223602733574807644e-04,-1.757740275934338570e-03,-1.818992779590189457e-03
4.503342807292938232e-01,5.697807788848876953e+00,5.286487579345703125e+00,9.999997615814208984e-01,-4.093018942512571812e-04,-1.374566345475614071e-04,-6.320207612589001656e-04
5.645929813385009766e+00,3.682114601135253906e+00,3.880674123764038086e+00,9.999945759773254395e-01,-2.835948544088751078e-04,1.248448039405047894e-03,3.053359221667051315e-03
6.533062934875488281e+00,2.682051956653594971e-01,7.261255741119384766e+00,9.999964237213134766e-01,-2.182264346629381180e-03,2.753568405751138926e-04,1.549766515381634235e-03
1.969863772392272949e+00,9.662039279937744141e-01,3.926054239273071289e+00,9.999995827674865723e-01,-7.130824960768222809e-04,6.809566402807831764e-04,7.121059752535074949e-05
5.656184196472167969e+00,1.428970932960510254e+00,6.714541435241699219e+00,9.998578429222106934e-01,2.310868352651596069e-03,1.660495437681674957e-02,1.830972032621502876e-03
6.983615398406982422e+00,3.404237985610961914e+00,6.219467163085937500e+00,9.999918937683105469e-01,-2.960650948807597160e-03,3.338343231007456779e-04,-2.698022173717617989e-03
1.209566831588745117e+00,6.604747772216796875e+00,4.462327480316162109e+00,9.999950528144836426e-01,-9.005811443785205483e-05,2.607707167044281960e-03,1.801745966076850891e-03
2.931966781616210938e-01,1.662093281745910645e+00,5.594976425170898438e+00,9.999404549598693848e-01,3.175930120050907135e-03,-1.042862702161073685e-02,4.329084767960011959e-04
6.981641650199890137e-01,7.513472437858581543e-01,4.808125019073486328e+00,9.999804496765136719e-01,-5.008905194699764252e-03,3.553951391950249672e-03,1.187204150483012199e-03
2.792303085327148438e+00,5.366848468780517578e+00,4.586749076843261719e+00,9.999975562095642090e-01,-1.543612452223896980e-03,-9.175795712508261204e-04,-1.346992910839617252e-03
1.617382049560546875e+00,2.846849262714385986e-01,6.764027118682861328e+00,9.999949932098388672e-01,2.644944237545132637e-03,-8.595581166446208954e-04,1.574776601046323776e-03
2.597985744476318359e+00,2.564455032348632812e+00,1.383644580841064453e+00,9.999743103981018066e-01,-6.992445327341556549e-03,-1.598545117303729057e-03,-1.889829145511612296e-04
4.950803279876708984e+00,1.566306114196777344e+00,2.065744161605834961e+00,9.999972581863403320e-01,2.907471789512783289e-04,1.655656378716230392e-03,1.671861740760505199e-03
2.262939929962158203e+00,4.750207901000976562e+00,7.993968725204467773e-01,9.998223185539245605e-01,-8.199513889849185944e-03,1.683717966079711914e-02,2.143339486792683601e-03
6.234025001525878906e+00,7.143052577972412109e+00,3.386332094669342041e-01,9.998267889022827148e-01,1.025550253689289093e-02,4.428480286151170731e-03,1.488635968416929245e-02
1.886593937873840332e+00,6.489634513854980469e+00,5.221488952636718750e+00,9.999979138374328613e-01,-9.885304607450962067e-04,1.766326487995684147e-03,2.851602039299905300e-04
1.599108934402465820e+00,7.922513484954833984e-01,5.384222984313964844e+00,9.999508261680603027e-01,-1.722133019939064980e-03,9.582892991602420807e-03,-1.863435609266161919e-03
1.214045166969299316e+00,3.285473346710205078e+00,2.535346746444702148e+00,9.999952316284179688e-01,2.898046048358082771e-03,-1.058516209013760090e-03,-2.917743113357573748e-04
8.809008002281188965e-01,1.288951158523559570e+00,5.476328372955322266e+00,9.999831914901733398e-01,3.217840567231178284e-03,4.572944249957799911e-03,-1.559915719553828239e-03
5.491250038146972656e+00,1.986043930053710938e+00,4.450427889823913574e-01,9.999999403953552246e-01,4.467255203053355217e-04,-2.121339784935116768e-04,1.626023731660097837e-04
4.327112674713134766e+00,7.592844367027282715e-01,4.648025035858154297e+00,9.999995827674865723e-01,2.499393885955214500e-04,-3.798274847213178873e-04,9.016953990794718266e-04
3.007130622863769531e+00,3.937457084655761719e+00,4.665701866149902344e+00,9.999997615814208984e-01,-5.698155146092176437e-04,-1.078900459106080234e-04,5.631424137391149998e-04
4.752877712249755859e+00,2.415203571319580078e+00,6.992175102233886719e+00,9.999483227729797363e-01,5.091235507279634476e-03,-2.970823552459478378e-03,8.285379037261009216e-03
2.848278522491455078e+00,5.613793373107910156e+00,2.095648765563964844e+00,9.999952316284179688e-01,-1.404441660270094872e-03,-2.695748349651694298e-03,5.296023446135222912e-04
5.921679496765136719e+00,5.049729347229003906e+00,5.784759521484375000e+00,9.999997615814208984e-01,2.187674108427017927e-04,-4.580224340315908194e-04,-5.075478111393749714e-04
7.008220672607421875e+00,4.963331699371337891e+00,7.975760102272033691e-02,9.999988675117492676e-01,-9.808045579120516777e-04,6.399076664820313454e-04,9.732258040457963943e-04
6.294751167297363281e+00,2.435380935668945312e+00,4.485516548156738281e+00,9.999967217445373535e-01,-1.466402783989906311e-03,1.390879158861935139e-03,-1.605393830686807632e-03
1.740946173667907715e+00,2.712909698486328125e+00,7.760719656944274902e-01,9.999971389770507812e-01,-2.332272939383983612e-03,-2.252295525977388024e-04,-5.774600431323051453e-04
4.437891766428947449e-02,7.349381446838378906e+00,3.649833202362060547e+00,9.999489188194274902e-01,-1.467404654249548912e-03,3.235397627577185631e-03,9.470742195844650269e-03
1.494391441345214844e+00,6.428356647491455078e+00,7.432782649993896484e+00,9.999349117279052734e-01,-8.580030873417854309e-03,3.744638292118906975e-03,6.523652467876672745e-03
4.376903533935546875e+00,4.252729415893554688e+00,3.378743171691894531e+00,9.999790191650390625e-01,-5.110257770866155624e-03,-1.702572102658450603e-03,-3.608342492952942848e-03
2.728895187377929688e+00,3.455891370773315430e+00,4.491105556488037109e+00,9.999946355819702148e-01,2.049364848062396049e-03,-6.619850173592567444e-04,-2.492537721991539001e-03
5.098718404769897461e-01,2.679014205932617188e-01,1.384518504142761230e+00,9.999974370002746582e-01,-2.221202012151479721e-03,-3.189783601555973291e-04,3.685985575430095196e-04
1.762296199798583984e+00,1.519556522369384766e+00,1.903366684913635254e+00,9.999997019767761230e-01,2.391638117842376232e-04,-7.843123748898506165e-04,-2.635810815263539553e-04
1.632189035415649414e+00,7.022615909576416016e+00,1.223600864410400391e+00,9.999953508377075195e-01,-4.416474839672446251e-04,-3.002103185281157494e-03,-2.798900532070547342e-04
1.992055654525756836e+00,6.053097248077392578e+00,2.778745591640472412e-01,9.999991655349731445e-01,-1.259044394828379154e-03,-3.569865948520600796e-04,2.838452055584639311e-04
1.056512832641601562e+00,1.124534010887145996e+00,5.261404991149902344e+00,9.999751448631286621e-01,3.713698592036962509e-03,5.636917892843484879e-03,-2.062998712062835693e-03
3.185375928878784180e+00,4.478354156017303467e-01,7.159098148345947266e+00,9.999989271163940430e-01,-3.437699342612177134e-04,4.277725238353013992e-04,-1.387428492307662964e-03
5.934437274932861328e+00,7.140299320220947266e+00,4.666280269622802734e+00,9.999920129776000977e-01,3.041026880964636803e-03,-1.180166960693895817e-03,2.349675400182604790e-03
3.595693111419677734e-01,5.097442269325256348e-01,5.677221298217773438e+00,9.998915791511535645e-01,6.900114007294178009e-03,-1.915926113724708557e-04,1.300936657935380936e-02
5.087753772735595703e+00,1.428389668464660645e+00,4.253862857818603516e+00,9.997461438179016113e-01,3.147184383124113083e-03,-1.455588638782501221e-02,-1.691177673637866974e-02
9.401003718376159668e-01,6.398158073425292969e+00,5.988750457763671875e+00,9.999871850013732910e-01,-1.192766139865852892e-04,3.124986076727509499e-03,3.986952826380729675e-03
6.136887550354003906e+00,3.621170997619628906e+00,4.298268318176269531e+00,9.999920725822448730e-01,3.924468182958662510e-04,3.010332147823646665e-05,3.971453756093978882e-03
1.299714803695678711e+00,5.009768486022949219e+00,1.380723416805267334e-01,9.999995231628417969e-01,-6.565534276887774467e-04,-1.269553176825866103e-04,-7.901986245997250080e-04
7.562058568000793457e-01,5.487977027893066406e+00,5.055802345275878906e+00,9.999988675117492676e-01,1.197949866764247417e-03,7.916309987194836140e-04,4.117381758987903595e-04
6.760223388671875000e+00,5.143798351287841797e+00,2.137833356857299805e+00,9.999989867210388184e-01,8.931583142839372158e-04,-5.881201359443366528e-04,-1.003921381197869778e-03
2.324096202850341797e+00,7.104861736297607422e+00,8.873907923698425293e-01,9.999968409538269043e-01,1.103969756513834000e-03,-2.082093618810176849e-03,-8.627650677226483822e-04
4.173536300659179688e+00,6.586712360382080078e+00,3.419874668121337891e+00,9.999980330467224121e-01,-1.502741477452218533e-03,9.995116852223873138e-04,-8.626829949207603931e-04
3.057504415512084961e+00,4.874680995941162109e+00,7.311119556427001953e+00,9.998721480369567871e-01,-1.273816265165805817e-02,3.032646607607603073e-03,-9.178793057799339294e-03
2.363458871841430664e+00,6.394320487976074219e+00,6.860914230346679688e+00,9.998980760574340820e-01,-5.419533234089612961e-03,4.404072649776935577e-03,-1.245324779301881790e-02
1.228045463562011719e+00,5.963137626647949219e+00,4.283553123474121094e+00,9.999974370002746582e-01,6.234857137314975262e-04,5.510041373781859875e-04,-2.139644930139183998e-03
7.493320941925048828e+00,4.459328174591064453e+00,1.893248595297336578e-02,9.999997615814208984e-01,-4.042504879180341959e-04,-9.209170093527063727e-05,-6.516456487588584423e-04
4.360092639923095703e+00,3.855461835861206055e+00,5.812018871307373047e+00,9.999982714653015137e-01,-1.550111453980207443e-03,1.011659391224384308e-03,-3.612785367295145988e-04
1.175822138786315918e+00,1.344145417213439941e+00,1.404247403144836426e+00,9.999952316284179688e-01,1.799916790332645178e-04,-2.894900273531675339e-03,1.038050628267228603e-03
5.292471408843994141e+00,8.206946253776550293e-01,6.516162872314453125e+00,9.999819397926330566e-01,3.499699523672461510e-03,2.484043594449758530e-03,4.203437827527523041e-03
2.528424739837646484e+00,3.320631027221679688e+00,7.905524969100952148e-01,9.999143481254577637e-01,4.728328436613082886e-03,-4.165583290159702301e-03,-1.147069502621889114e-02
3.807915210723876953e+00,2.371170997619628906e+00,3.361418485641479492e+00,9.999971389770507812e-01,1.068878569640219212e-03,9.370186016894876957e-04,1.959482440724968910e-03
4.672051906585693359e+00,7.353466510772705078e+00,3.272668361663818359e+00,9.999985098838806152e-01,-1.289644977077841759e-03,-6.905837799422442913e-04,-9.468497592024505138e-04
1.600844502449035645e+00,3.540143013000488281e+00,2.912146806716918945e+00,9.998787045478820801e-01,-5.892073269933462143e-03,1.077845972031354904e-02,9.577878750860691071e-03
2.236675977706909180e+00,3.323340654373168945e+00,1.313609480857849121e+00,9.997231364250183105e-01,-4.145570565015077591e-03,8.374933153390884399e-03,-2.159618586301803589e-02
3.590848922729492188e+00,6.501461982727050781e+00,4.945855140686035156e+00,9.999945163726806641e-01,3.145955037325620651e-03,1.004306948743760586e-03,3.639985807240009308e-04
7.184896469116210938e-01,2.648155689239501953e+00,7.082795619964599609e+00,9.999976754188537598e-01,2.407589054200798273e-04,1.983256312087178230e-03,-7.993448525667190552e-04
3.689825057983398438e+00,9.794488549232482910e-01,2.737413883209228516e+00,9.998803138732910156e-01,-9.385500015923753381e-05,1.241431292146444321e-02,9.241096675395965576e-03
5.764533996582031250e+00,3.137138843536376953e+00,2.401480525732040405e-01,9.999932646751403809e-01,-1.655070576816797256e-03,2.587648574262857437e-03,2.027969108894467354e-03
2.658583879470825195e+00,1.574623942375183105e+00,2.848381996154785156e+00,9.999991655349731445e-01,4.957594210281968117e-04,-5.905825528316199780e-04,1.096718595363199711e-03
6.427334785461425781e+00,7.273327350616455078e+00,1.654450416564941406e+00,9.999917745590209961e-01,-1.036857254803180695e-03,-9.447939228266477585e-04,-3.814362920820713043e-03
9.206297397613525391e-01,1.567931175231933594e+00,1.966683864593505859e+00,9.999940991401672363e-01,2.973255002871155739e-03,1.002326680463738739e-04,-1.743461587466299534e-03
7.361843109130859375e+00,6.323422908782958984e+00,6.182391643524169922e+00,9.999997019767761230e-01,3.016329901583958417e-05,4.040619242005050182e-04,-7.474748999811708927e-04
1.954627037048339844e+00,4.147273063659667969e+00,3.082765579223632812e+00,9.999978542327880859e-01,-3.128107928205281496e-04,9.193391306325793266e-04,-1.863147714175283909e-03
1.108697772026062012e+00,3.645101547241210938e+00,6.037484645843505859e+00,9.999278783798217773e-01,3.674381878226995468e-05,7.023345096968114376e-04,1.198964007198810577e-02
6.605777740478515625e+00,1.432142615318298340e+00,7.248127460479736328e+00,9.999859929084777832e-01,-4.128822591155767441e-03,-3.322587814182043076e-03,9.907953062793239951e-05
1.530314922332763672e+00,3.110614776611328125e+00,5.137459278106689453e+00,9.999993443489074707e-01,3.976446460001170635e-04,-1.631216000532731414e-04,-1.109716366045176983e-03
4.486271381378173828e+00,7.206277847290039062e+00,2.986839056015014648e+00,9.999989867210388184e-01,-7.044407539069652557e-04,-2.985681057907640934e-04,-1.239014090970158577e-03
5.410768508911132812e+00,6.765018939971923828e+00,1.649146318435668945e+00,9.999986290931701660e-01,-1.342744217254221439e-03,9.565420914441347122e-04,3.409809723962098360e-04
7.123220443725585938e+00,1.270098328590393066e+00,3.639230012893676758e+00,9.999921917915344238e-01,-1.515695475973188877e-03,9.311304311268031597e-04,3.543738741427659988e-03
3.992268800735473633e+00,3.719516754150390625e+00,2.689937591552734375e+00,9.999989867210388184e-01,1.218886929564177990e-03,7.352658431045711040e-04,-1.662851573200896382e-04
2.792866230010986328e+00,4.988686561584472656e+00,3.659448623657226562e+00,9.999986290931701660e-01,6.557143060490489006e-04,4.651710623875260353e-04,-1.488163252361118793e-03
6.495578289031982422e+00,7.957834005355834961e-01,2.024848222732543945e+00,9.999904036521911621e-01,-3.757405560463666916e-03,-2.051298273727297783e-03,-1.005744910798966885e-03
2.657046318054199219e+00,6.136272430419921875e+00,3.359062910079956055e+00,9.999899268150329590e-01,-6.226606201380491257e-04,-3.494868753477931023e-03,-2.777812769636511803e-03
6.002362251281738281e+00,1.423385024070739746e+00,2.026570081710815430e+00,9.999948143959045410e-01,1.817381242290139198e-03,7.010358967818319798e-04,-2.575095742940902710e-03
5.286033153533935547e+00,7.190354347229003906e+00,5.784118652343750000e+00,9.999997019767761230e-01,6.391330389305949211e-04,-4.068084526807069778e-04,-7.347496284637600183e-05
2.192205190658569336e+00,6.747849464416503906e+00,4.489683151245117188e+00,9.999811053276062012e-01,-3.917099966201931238e-04,-1.252528047189116478e-03,-6.018627900630235672e-03
4.888410568237304688e+00,4.113973677158355713e-01,2.023374319076538086e+00,9.999970197677612305e-01,1.341542694717645645e-03,-2.066460438072681427e-03,-9.298270742874592543e-05
1.924102425575256348e+00,2.064202070236206055e+00,5.921494960784912109e+00,9.999997019767761230e-01,-3.793747455347329378e-04,6.962618208490312099e-04,-1.583722332725301385e-04
3.288192749023437500e+00,4.521728992462158203e+00,2.617605686187744141e+00,9.999989867210388184e-01,1.285343896597623825e-03,-6.477924762293696404e-04,1.908585836645215750e-04
4.317847728729248047e+00,1.609048962593078613e+00,1.613946557044982910e+00,9.999853968620300293e-01,-2.541278023272752762e-03,4.446002189069986343e-03,1.714398735202848911e-03
3.258236646652221680e+00,4.817047595977783203e+00,3.358362913131713867e+00,9.999998211860656738e-01,1.182202322524972260e-04,-4.543769173324108124e-04,4.774888511747121811e-04
3.819899320602416992e+00,3.064844846725463867e+00,3.425119221210479736e-01,9.999983906745910645e-01,8.549576159566640854e-04,-1.612036256119608879e-03,1.416248123859986663e-04
1.488067626953125000e+00,1.777044773101806641e+00,5.741248130798339844e+00,9.999975562095642090e-01,1.684007118456065655e-03,-3.405463066883385181e-04,1.436947961337864399e-03
5.082932472229003906e+00,3.314466238021850586e+00,1.945424556732177734e+00,9.999992847442626953e-01,1.044454867951571941e-03,5.143277812749147415e-04,4.711560031864792109e-04
4.324420452117919922e+00,6.840270042419433594e+00,9.568737149238586426e-01,9.999942779541015625e-01,-1.808032509870827198e-03,6.083617918193340302e-04,-2.825965406373143196e-03
4.334507465362548828e+00,2.527957439422607422e+00,3.978418588638305664e+00,9.999987483024597168e-01,-9.937604190781712532e-04,-1.243123319000005722e-03,2.664511848706752062e-04
7.443528652191162109e+00,4.012400150299072266e+00,3.603910923004150391e+00,9.999970197677612305e-01,-1.219830592162907124e-03,-2.075241878628730774e-03,-5.252258852124214172e-04
6.246532440185546875e+00,2.361879050731658936e-01,7.070662975311279297e+00,9.999929666519165039e-01,1.985818613320589066e-03,2.652999712154269218e-03,-1.802224200218915939e-03
2.138575077056884766e+00,1.435955047607421875e+00,5.415350437164306641e+00,9.999976754188537598e-01,-1.801519189029932022e-03,1.230111112818121910e-03,2.718250907491892576e-04
5.095341205596923828e+00,5.054210186004638672e+00,5.165011405944824219e+00,9.999983906745910645e-01,-7.030118722468614578e-04,1.840609911596402526e-05,-1.692927791737020016e-03
4.143268108367919922e+00,6.861599534749984741e-02,2.854164600372314453e+00,9.999948143959045410e-01,5.984179442748427391e-04,1.549991662614047527e-03,-2.776827663183212280e-03
5.015272140502929688e+00,3.179595232009887695e+00,6.684660434722900391e+00,9.999970793724060059e-01,-1.704436028376221657e-03,1.355588756268844008e-04,-1.737844431772828102e-03
4.675092220306396484e+00,2.410251140594482422e+00,1.018035054206848145e+00,9.999956488609313965e-01,2.592804841697216034e-03,-9.769813623279333115e-04,1.091242651455104351e-03
4.808473110198974609e+00,7.257400035858154297e+00,7.003180027008056641e+00,9.999997615814208984e-01,-2.778716734610497952e-04,2.808824356179684401e-04,-7.065348909236490726e-04
1.670244216918945312e+00,4.495935440063476562e+00,4.655443191528320312e+00,9.999629259109497070e-01,7.972074672579765320e-03,-6.005038740113377571e-04,3.206328256055712700e-03
2.938871860504150391e+00,4.818963050842285156e+00,6.014891624450683594e+00,9.999854564666748047e-01,1.082666567526757717e-03,-4.944678395986557007e-03,1.883027609437704086e-03
2.468520879745483398e+00,2.179190158843994141e+00,7.074888229370117188e+00,9.999282956123352051e-01,-7.993972860276699066e-03,-8.904428221285343170e-03,5.343097145669162273e-04
3.595835447311401367e+00,6.250937938690185547e+00,7.450178146362304688e+00,9.999994039535522461e-01,-5.227372748777270317e-04,3.446917980909347534e-04,-9.310050518251955509e-04
1.615603923797607422e+00,3.224980235099792480e-01,7.328849315643310547e+00,9.999992251396179199e-01,-1.413008867530152202e-04,1.675962121225893497e-04,1.277049886994063854e-03
3.725699663162231445e+00,4.268927097320556641e+00,2.741185188293457031e+00,9.999977350234985352e-01,1.406849711202085018e-03,-1.632056431844830513e-03,-7.549978909082710743e-05
1.819211006164550781e+00,6.456020474433898926e-01,6.094316005706787109e+00,9.999969601631164551e-01,-7.919079507701098919e-05,-2.264065406052395701e-04,-2.467466285452246666e-03
6.465535163879394531e+00,5.884155273437500000e+00,2.008554190397262573e-01,9.999887347221374512e-01,-2.942279446870088577e-03,-3.708692500367760658e-03,3.437008999753743410e-04
1.040729880332946777e+00,9.087738394737243652e-01,6.111407279968261719e+00,9.999979138374328613e-01,-1.458030776120722294e-03,-1.347820973023772240e-03,-5.680659087374806404e-04
1.254237174987792969e+00,5.968207359313964844e+00,6.146901607513427734e+00,9.999992251396179199e-01,1.616569643374532461e-04,2.698958560358732939e-04,-1.253269845619797707e-03
6.061452388763427734e+00,2.442133903503417969e+00,3.757377862930297852e+00,9.999243021011352539e-01,2.240500645712018013e-03,1.203768700361251831e-02,1.205850974656641483e-03
2.512699842453002930e+00,2.999956607818603516e+00,4.816684722900390625e+00,9.998722672462463379e-01,1.250968035310506821e-02,-7.151353172957897186e-03,-6.920038722455501556e-03
6.971683979034423828e+00,6.001549243927001953e+00,1.784552335739135742e+00,9.999998807907104492e-01,-2.038737729890272021e-04,3.362582647241652012e-04,-3.864065511152148247e-04
3.211100578308105469e+00,5.621865272521972656e+00,1.064217329025268555e+00,9.999978542327880859e-01,-1.627017627470195293e-03,-9.991867700591683388e-04,8.477350347675383091e-04
8.268895000219345093e-02,4.827791213989257812e+00,4.663913726806640625e+00,9.999069571495056152e-01,-4.174944944679737091e-03,-4.396791104227304459e-03,1.222663465887308121e-02
7.260715007781982422e+00,4.249395847320556641e+00,4.740768432617187500e+00,9.999427199363708496e-01,2.640067832544445992e-03,7.579251192510128021e-03,-7.088027428835630417e-03
8.353881239891052246e-01,4.748887538909912109e+00,1.786368846893310547e+00,9.999961256980895996e-01,-4.251133941579610109e-04,5.068536847829818726e-04,-2.720635617151856422e-03
4.359634876251220703e+00,4.826427459716796875e+00,7.480273842811584473e-01,9.999757409095764160e-01,2.971902256831526756e-03,-3.629947081208229065e-03,-5.155130289494991302e-03
6.992529392242431641e+00,3.926182985305786133e-01,4.924506187438964844e+00,9.999991655349731445e-01,-4.667944158427417278e-04,-3.083650080952793360e-04,1.207948778755962849e-03
5.505839824676513672e+00,7.354241847991943359e+00,1.380756616592407227e+00,9.999844431877136230e-01,-7.014453149167820811e-05,4.743752069771289825e-03,2.926504472270607948e-03
4.054051399230957031e+00,5.232183933258056641e+00,4.748925209045410156e+00,9.999984502792358398e-01,-4.598138621076941490e-04,-8.322935900650918484e-04,1.470835413783788681e-03
6.564919948577880859e+00,3.870504379272460938e+00,4.198663234710693359e+00,9.999996423721313477e-01,8.296358864754438400e-04,-1.303499011555686593e-04,3.124072100035846233e-04
1.457075119018554688e+00,1.054287433624267578e+00,2.203506469726562500e+00,9.999996423721313477e-01,-3.746054426301270723e-04,-8.427319698967039585e-04,-7.125552656361833215e-05
4.911288738250732422e+00,6.222396850585937500e+00,5.388824462890625000e+00,9.999986290931701660e-01,1.608706661500036716e-03,3.379579866304993629e-04,-4.016555321868509054e-04
5.248473644256591797e+00,3.646590709686279297e+00,4.955740451812744141e+00,9.999172687530517578e-01,-7.945861667394638062e-03,-3.937661182135343552e-03,9.317995980381965637e-03
2.074498414993286133e+00,4.719353199005126953e+00,4.879904747009277344e+00,9.999977946281433105e-01,1.325723133049905300e-03,2.128044252458494157e-05,-1.677926979027688503e-03
6.903607845306396484e+00,6.596931457519531250e+00,2.429865121841430664e+00,9.999905824661254883e-01,-1.344558404525741935e-04,2.034256001934409142e-03,-3.849284956231713295e-03
3.724244594573974609e+00,6.887595176696777344e+00,6.160834789276123047e+00,9.999817013740539551e-01,-5.172012373805046082e-03,-2.831548452377319336e-03,-1.328033045865595341e-03
1.782060265541076660e+00,6.517267227172851562e+00,2.672151327133178711e+00,9.998770952224731445e-01,4.919187165796756744e-03,-1.284503750503063202e-02,7.528967224061489105e-03
2.848437547683715820e+00,6.044897556304931641e+00,5.374963760375976562e+00,9.999866485595703125e-01,2.474807202816009521e-03,2.535196254029870033e-03,-3.762319684028625488e-03
3.060392856597900391e+00,6.837775230407714844e+00,3.919918298721313477e+00,1.000000000000000000e+00,-1.804661587812006474e-04,-3.114483843091875315e-04,9.707360732136294246e-05
6.083132266998291016e+00,3.195027828216552734e+00,7.678244113922119141e-01,9.999880194664001465e-01,-1.576185924932360649e-03,-4.464203491806983948e-03,-1.310688559897243977e-03
6.766541957855224609e+00,6.388374805450439453e+00,7.145352840423583984e+00,9.999960660934448242e-01,2.064723754301667213e-03,-5.401484668254852295e-04,1.835811766795814037e-03
4.793974876403808594e+00,3.666596889495849609e+00,7.394096374511718750e+00,9.999995827674865723e-01,-4.318416758906096220e-04,6.342487758956849575e-04,6.219728966243565083e-04
2.725947141647338867e+00,6.033212661743164062e+00,4.538418769836425781e+00,9.999988675117492676e-01,1.224057981744408607e-03,-1.513668539701029658e-04,9.369952022098004818e-04
2.078941822052001953e+00,2.776438236236572266e+00,5.203138351440429688e+00,9.999952912330627441e-01,-2.980102435685694218e-04,-2.602206077426671982e-03,-1.640605623833835125e-03
2.914022207260131836e+00,4.640995979309082031e+00,2.563626738265156746e-03,9.999304413795471191e-01,-8.759504184126853943e-03,-6.208175327628850937e-03,-4.879716318100690842e-03
5.969064831733703613e-01,5.797508716583251953e+00,5.525075793266296387e-01,9.999988675117492676e-01,4.338008584454655647e-04,-1.483722357079386711e-03,-1.378113229293376207e-04
2.235402107238769531e+00,2.732957124710083008e+00,6.266358852386474609e+00,9.999995231628417969e-01,9.583688806742429733e-04,2.774697786662727594e-04,-2.001345710596069694e-04
1.380428433418273926e+00,3.566513538360595703e+00,2.615913867950439453e+00,9.999957680702209473e-01,-4.630309922504238784e-05,2.466032514348626137e-03,1.588428043760359287e-03
2.848067879676818848e-01,2.217855453491210938e+00,3.306574344635009766e+00,1.000000000000000000e+00,2.634844167914707214e-05,-3.164998779539018869e-04,-9.778058301890268922e-05
6.261725425720214844e+00,2.292498111724853516e+00,6.675267696380615234e+00,9.999998807907104492e-01,1.764370535966008902e-04,-5.340050556696951389e-04,-9.025378676597028971e-05
3.930475950241088867e+00,7.131035327911376953e+00,6.738945007324218750e+00,9.999907612800598145e-01,-2.377830445766448975e-03,-1.768981339409947395e-03,-3.134125843644142151e-03
4.511442184448242188e+00,6.316073417663574219e+00,4.542743206024169922e+00,9.999995231628417969e-01,9.632366709411144257e-05,-5.952213541604578495e-04,-8.162391604855656624e-04
4.850477218627929688e+00,4.627265453338623047e+00,5.788419246673583984e+00,9.999824166297912598e-01,-2.733463887125253677e-03,-1.251219073310494423e-03,5.130048375576734543e-03
6.446253299713134766e+00,7.136417865753173828e+00,1.292793393135070801e+00,9.999493360519409180e-01,-4.742970690131187439e-03,-6.614522077143192291e-03,-5.922880955040454865e-03
6.037897586822509766e+00,3.223290681838989258e+00,6.587022781372070312e+00,9.997341036796569824e-01,-1.436061225831508636e-03,3.433298086747527122e-03,2.275619842112064362e-02
9.740303754806518555e-01,3.185344934463500977e+00,2.078766107559204102e+00,9.999799132347106934e-01,3.258690005168318748e-03,-3.169643692672252655e-03,-4.417745396494865417e-03
9.633325934410095215e-01,5.053909301757812500e+00,5.951951503753662109e+00,9.999066591262817383e-01,-8.160503581166267395e-03,-7.712149061262607574e-03,-7.791848853230476379e-03
5.747056007385253906e+00,7.241388320922851562e+00,1.610010623931884766e+00,9.999969005584716797e-01,8.803017553873360157e-04,-1.145665766671299934e-03,-2.067934488877654076e-03
2.295897722244262695e+00,3.357705831527709961e+00,4.196254253387451172e+00,9.999920129776000977e-01,-1.298028073506429791e-04,-7.381648174487054348e-04,-3.947165329009294510e-03
4.734958648681640625e+00,1.665926933288574219e+00,5.285546183586120605e-01,9.998294115066528320e-01,3.648411715403199196e-03,-1.810685172677040100e-02,-3.985952644143253565e-04
5.314028739929199219e+00,1.895088434219360352e+00,6.392873287200927734e+00,9.999997019767761230e-01,-5.392035818658769131e-04,5.382446106523275375e-04,2.092783979605883360e-04
2.739585399627685547e+00,3.855844497680664062e+00,5.231173515319824219e+00,9.999553561210632324e-01,-4.857527092099189758e-03,6.394376978278160095e-04,8.078797720372676849e-03
1.959504723548889160e+00,2.137551784515380859e+00,2.910676240921020508e+00,9.998856782913208008e-01,3.372947219759225845e-03,1.473819278180599213e-02,2.153270615963265300e-04
7.349584102630615234e+00,5.900361537933349609e+00,3.470350503921508789e+00,9.999962449073791504e-01,5.837042117491364479e-04,-1.626682351343333721e-03,-2.163788303732872009e-03
7.095016479492187500e+00,1.343059182167053223e+00,5.485687732696533203e+00,9.999983906745910645e-01,-1.753438147716224194e-03,-1.580227399244904518e-04,5.076411180198192596e-04
4.305334568023681641e+00,4.142958641052246094e+00,2.275099277496337891e+00,9.999842643737792969e-01,-2.155163791030645370e-03,-4.833518993109464645e-03,-1.879821531474590302e-03
4.545031070709228516e+00,2.859304904937744141e+00,6.842188239097595215e-01,9.999962449073791504e-01,-1.316332723945379257e-03,-3.165769740007817745e-04,2.410881686955690384e-03
4.825974464416503906e+00,1.363622069358825684e+00,4.799312114715576172e+00,9.999701380729675293e-01,3.101192647591233253e-03,5.646518431603908539e-03,4.276781808584928513e-03
4.678436279296875000e+00,5.803330540657043457e-01,5.621090888977050781e+00,1.000000000000000000e+00,-1.142413602792657912e-04,-1.576602517161518335e-04,9.945021884050220251e-05
2.255941390991210938e+00,7.107689380645751953e-01,4.637325286865234375e+00,9.999899268150329590e-01,3.129316493868827820e-03,1.253800117410719395e-03,-2.985463477671146393e-03
3.753880500793457031e+00,4.063710212707519531e+00,3.180409908294677734e+00,9.999985098838806152e-01,9.640609496273100376e-04,-1.268975669518113136e-03,7.791361422277987003e-04
1.995194435119628906e+00,6.040569782257080078e+00,5.260882377624511719e+00,9.997830986976623535e-01,-1.034618262201547623e-02,1.777986995875835419e-02,3.260063473135232925e-03
3.347207784652709961e+00,1.647760033607482910e+00,7.123115539550781250e+00,9.999922513961791992e-01,-9.762236732058227062e-04,3.840795485302805901e-03,-2.157405651814769953e-05
1.550976276397705078e+00,4.684183120727539062e+00,1.625796079635620117e+00,9.999982118606567383e-01,-8.298709290102124214e-04,1.750389346852898598e-03,2.793480234686285257e-06
4.252601146697998047e+00,5.195487499237060547e+00,1.601630687713623047e+00,9.999980330467224121e-01,3.196657926309853792e-04,-1.761037274263799191e-03,8.487842860631644726e-04
5.728971958160400391e+00,1.061779499053955078e+00,1.919732093811035156e+00,9.999932050704956055e-01,-2.949672285467386246e-03,1.726286951452493668e-03,-1.430255593731999397e-03
4.592481613159179688e+00,3.641948223114013672e+00,5.633067131042480469e+00,9.999994635581970215e-01,-2.113269001711159945e-04,1.061146496795117855e-03,1.132663383032195270e-04
1.025147914886474609e+00,1.679066061973571777e+00,3.167357444763183594e-01,9.999198913574218750e-01,7.156508043408393860e-03,6.389809306710958481e-03,-8.255907334387302399e-03
1.141445279121398926e+00,4.199542522430419922e+00,1.952227234840393066e+00,9.999819397926330566e-01,5.649215891025960445e-04,5.846162326633930206e-03,1.345749129541218281e-03
1.238916993141174316e+00,1.166665792465209961e+00,6.488272666931152344e+00,9.999384284019470215e-01,9.928595274686813354e-03,-4.335029982030391693e-03,-2.436083741486072540e-03
4.786325931549072266e+00,3.961502552032470703e+00,3.845772504806518555e+00,9.999978542327880859e-01,1.234900904819369316e-03,-9.894912363961338997e-04,-1.410334836691617966e-03
1.287591099739074707e+00,3.307010650634765625e+00,6.771409034729003906e+00,9.999966025352478027e-01,1.099869041354395449e-04,-3.602684591896831989e-04,-2.605286194011569023e-03
6.727107048034667969e+00,3.217443227767944336e+00,4.541638851165771484e+00,9.999698996543884277e-01,7.406935095787048340e-03,-7.956901099532842636e-04,2.170004881918430328e-03
3.051887750625610352e+00,4.261441826820373535e-01,3.306743621826171875e+00,9.998793005943298340e-01,4.981785546988248825e-03,8.729658089578151703e-03,-1.184674259275197983e-02
6.578902244567871094e+00,4.443217754364013672e+00,4.129920959472656250e+00,9.999336004257202148e-01,1.066727377474308014e-02,6.496529676951467991e-04,4.329219460487365723e-03
5.899819850921630859e+00,9.032665491104125977e-01,3.696584224700927734e+00,9.999986886978149414e-01,-8.288007229566574097e-04,1.159236300736665726e-03,-8.530160412192344666e-04
7.357708454132080078e+00,4.846958160400390625e+00,4.321796417236328125e+00,9.999976158142089844e-01,1.987958792597055435e-03,-6.230814615264534950e-04,6.827838951721787453e-04
2.391370058059692383e+00,6.122086048126220703e+00,1.454738080501556396e-01,9.999950528144836426e-01,-1.889785286039113998e-03,-1.514115137979388237e-03,2.055631019175052643e-03
3.071976900100708008e+00,6.759958267211914062e+00,1.675320565700531006e-01,9.999984502792358398e-01,4.840899491682648659e-04,1.347702927887439728e-03,-1.112996251322329044e-03
4.886177539825439453e+00,4.159956455230712891e+00,4.794283866882324219e+00,9.999972581863403320e-01,-9.660251089371740818e-04,-2.328535192646086216e-04,2.155963331460952759e-03
2.999186038970947266e+00,3.424478530883789062e+00,2.493054151535034180e+00,9.999772906303405762e-01,6.600903812795877457e-03,1.181786763481795788e-03,7.778739673085510731e-04
6.949827194213867188e+00,4.654223918914794922e+00,6.471845149993896484e+00,9.998735785484313965e-01,-4.099443554878234863e-03,8.499490097165107727e-03,-1.280033867806196213e-02
5.313798427581787109e+00,6.000684738159179688e+00,3.691456317901611328e+00,9.999968409538269043e-01,6.597492756554856896e-05,-2.478162758052349091e-03,-3.671995364129543304e-04
6.573705196380615234e+00,5.477689743041992188e+00,1.364346891641616821e-01,9.999648332595825195e-01,-4.627944435924291611e-03,-6.758087780326604843e-03,-1.834046794101595879e-03
6.785071849822998047e+00,7.231495380401611328e+00,1.433673262596130371e+00,9.999546408653259277e-01,6.178764626383781433e-03,5.913521163165569305e-03,4.201577045023441315e-03
6.470527648925781250e+00,2.933142185211181641e+00,1.025201439857482910e+00,9.999971389770507812e-01,-1.584527781233191490e-03,1.470743096433579922e-03,-1.078587374649941921e-03
4.153956890106201172e+00,2.648313522338867188e+00,2.960541009902954102e+00,9.999902844429016113e-01,2.264851471409201622e-03,7.598233059979975224e-04,-3.722766647115349770e-03
4.874072551727294922e+00,1.425046443939208984e+00,1.402833104133605957e+00,9.999994039535522461e-01,1.052935724146664143e-03,1.470224960939958692e-04,4.103327810298651457e-04
6.302616596221923828e+00,3.813792705535888672e+00,6.381115913391113281e+00,9.998039603233337402e-01,-8.168744854629039764e-03,2.281142165884375572e-03,-1.789293624460697174e-02
1.376965045928955078e+00,4.348846435546875000e+00,2.783356904983520508e+00,9.999289512634277344e-01,-1.347435172647237778e-04,-5.300116259604692459e-03,1.067563984543085098e-02
6.193028450012207031e+00,4.695693969726562500e+00,4.291496574878692627e-01,9.999880790710449219e-01,2.431964268907904625e-03,3.208581358194351196e-03,-2.766523975878953934e-03
2.291130781173706055e+00,3.301773071289062500e-01,5.560964345932006836e-01,9.999642968177795410e-01,-7.217214442789554596e-03,4.201279487460851669e-03,1.273066853173077106e-03
1.311650991439819336e+00,1.705636382102966309e+00,7.182237625122070312e+00,9.999994039535522461e-01,-1.086412928998470306e-03,-1.994556660065427423e-04,1.390797988278791308e-04
7.157701492309570312e+00,2.752434968948364258e+00,4.214188098907470703e+00,9.999793171882629395e-01,-6.200516130775213242e-03,-3.836182295344769955e-04,1.718378043733537197e-03
5.193876266479492188e+00,1.970997571945190430e+00,2.714786767959594727e+00,9.999644756317138672e-01,-3.948853351175785065e-03,-7.208826486021280289e-03,-1.858782139606773853e-03
6.119039535522460938e+00,2.966249287128448486e-01,6.781205654144287109e+00,9.999698400497436523e-01,6.181850098073482513e-03,4.700612742453813553e-03,-3.695865416375454515e-06
2.324908494949340820e+00,4.086855411529541016e+00,5.708950042724609375e+00,9.999948143959045410e-01,2.487512771040201187e-03,5.292490241117775440e-04,-2.014562953263521194e-03
1.375749826431274414e+00,1.780192852020263672e+00,2.948401868343353271e-01,9.999995231628417969e-01,-4.106443084310740232e-04,-5.502224666997790337e-04,-7.866346277296543121e-04
6.819104671478271484e+00,3.408131837844848633e+00,2.962485313415527344e+00,9.998591542243957520e-01,1.584328897297382355e-02,-5.158706568181514740e-03,2.012168290093541145e-03
2.313416004180908203e+00,4.398129940032958984e+00,7.328876972198486328e+00,9.999966025352478027e-01,-1.446428592316806316e-03,-1.855159760452806950e-03,1.138831372372806072e-03
1.327625751495361328e+00,4.458270072937011719e+00,3.618579864501953125e+00,9.998393058776855469e-01,-3.003678284585475922e-03,-1.120049320161342621e-02,-1.367459539324045181e-02
1.105730235576629639e-01,3.641368389129638672e+00,2.335618734359741211e+00,9.999979734420776367e-01,3.739662060979753733e-04,-1.132488017901778221e-03,1.666010590270161629e-03
1.660799741744995117e+00,5.027286052703857422e+00,5.978538990020751953e+00,9.999999403953552246e-01,2.347378540434874594e-05,-2.090691123157739639e-04,3.308422456029802561e-04
3.787601470947265625e+00,5.053815364837646484e+00,2.183049440383911133e+00,9.999985694885253906e-01,-8.328977273777127266e-04,-9.529198287054896355e-04,1.202627434395253658e-03
2.800148725509643555e+00,5.115525722503662109e+00,6.290654659271240234e+00,9.999021887779235840e-01,6.813156884163618088e-03,9.178212843835353851e-03,-8.060089312493801117e-03
1.996582746505737305e+00,6.085989475250244141e-01,4.429098129272460938e+00,9.999868273735046387e-01,1.108578522689640522e-03,-4.492757376283407211e-03,-2.244034083560109138e-03
2.162467956542968750e+00,3.465711832046508789e+00,2.520515203475952148e+00,9.999878406524658203e-01,3.593399422243237495e-03,2.769386395812034607e-03,-1.968680415302515030e-03
4.438500106334686279e-01,3.809401988983154297e+00,8.197674751281738281e-01,9.999995827674865723e-01,-1.950158184627071023e-04,-1.112567406380549073e-04,9.873589733615517616e-04
4.013615250587463379e-01,6.331508755683898926e-01,7.492003917694091797e+00,9.999443888664245605e-01,3.053273772820830345e-03,9.236434474587440491e-03,-4.080350976437330246e-03
4.579372882843017578e+00,6.144458293914794922e+00,6.302683353424072266e+00,9.999989271163940430e-01,-1.314628752879798412e-04,-1.338149537332355976e-03,6.568669341504573822e-04
4.678344726562500000e+00,6.428248405456542969e+00,2.959727764129638672e+00,9.999999403953552246e-01,-4.514230240602046251e-04,-6.305022543529048562e-05,1.870436099125072360e-04
1.443170189857482910e+00,6.127303123474121094e+00,3.494686841964721680e+00,9.999958872795104980e-01,-2.857272280380129814e-03,1.247953041456639767e-04,-4.858209867961704731e-04
5.890122890472412109e+00,2.200274229049682617e+00,5.404036045074462891e+00,9.999958872795104980e-01,2.591570606455206871e-03,-9.839633275987580419e-05,-1.256240764632821083e-03
2.114900588989257812e+00,1.488932847976684570e+00,2.479551553726196289e+00,9.999918341636657715e-01,2.626624424010515213e-03,-2.650027163326740265e-03,1.579181873239576817e-03
6.987215042114257812e+00,6.175781726837158203e+00,2.235668420791625977e+00,9.999996423721313477e-01,-6.010911893099546432e-04,1.838660978137340862e-06,-7.114310283213853836e-04
6.853233814239501953e+00,6.977723598480224609e+00,4.735563278198242188e+00,9.999938011169433594e-01,2.005529124289751053e-03,2.902626292780041695e-03,3.564989892765879631e-04
4.636795520782470703e+00,2.518574476242065430e+00,1.917731761932373047e+00,9.999964237213134766e-01,1.928036683239042759e-03,-1.346916658803820610e-03,1.342574367299675941e-03
3.697534322738647461e+00,6.352607011795043945e-01,3.692947149276733398e+00,9.999887347221374512e-01,-3.433044068515300751e-03,-3.282585414126515388e-03,-2.967879700008779764e-04
1.997844725847244263e-01,6.210597991943359375e+00,2.480729579925537109e+00,9.999999403953552246e-01,1.412066485499963164e-04,3.091852704528719187e-04,-2.535503008402884007e-04
1.916469447314739227e-02,7.617605924606323242e-01,7.293040275573730469e+00,9.999988675117492676e-01,2.009360759984701872e-04,1.188026973977684975e-03,-9.659747011028230190e-04
4.870059490203857422e+00,4.072904586791992188e+00,6.434307575225830078e+00,9.999941587448120117e-01,-1.928696059621870518e-03,-2.359869424253702164e-03,-1.590689411386847496e-03
1.620334759354591370e-02,6.904552936553955078e+00,7.149498462677001953e+00,9.999997615814208984e-01,6.462841993197798729e-04,-3.573971334844827652e-04,2.985318496939726174e-05
2.307769298553466797e+00,2.948144674301147461e+00,9.616375565528869629e-01,9.998780488967895508e-01,5.860441597178578377e-04,1.346140541136264801e-02,-7.899635471403598785e-03
5.871726989746093750e+00,1.199002787470817566e-01,5.006229877471923828e+00,9.999864101409912109e-01,-4.900403320789337158e-03,-1.760684186592698097e-03,3.882639866787940264e-04
2.539117574691772461e+00,5.673662185668945312e+00,1.252863407135009766e+00,9.999995231628417969e-01,8.354030433110892773e-04,5.052831256762146950e-04,4.406250955071300268e-04
3.403566479682922363e-01,5.337778091430664062e+00,1.661451935768127441e+00,9.999561309814453125e-01,8.919435553252696991e-03,1.347248326055705547e-03,2.555194543674588203e-03
3.451248884201049805e+00,5.354043960571289062e+00,5.499115943908691406e+00,9.999653100967407227e-01,-5.251025315374135971e-03,-1.055410946719348431e-03,6.385678891092538834e-03
5.207454204559326172e+00,6.457583606243133545e-02,5.731489181518554688e+00,9.999991059303283691e-01,1.344254240393638611e-03,-3.772407653741538525e-04,1.857809402281418443e-04
3.797341585159301758e+00,3.925707101821899414e+00,6.309034824371337891e+00,9.999973773956298828e-01,4.209803591948002577e-04,-5.605527549050748348e-04,2.203858690336346626e-03
1.068229079246520996e+00,2.910829544067382812e+00,5.436486721038818359e+00,9.999997615814208984e-01,-1.087948930944548920e-05,-2.569099306128919125e-04,-7.136093336157500744e-04
7.399025559425354004e-01,3.038105964660644531e+00,1.774442315101623535e+00,9.999981522560119629e-01,-1.136001083068549633e-03,9.637705516070127487e-04,1.265092752873897552e-03
9.723614901304244995e-02,8.283286094665527344e-01,1.901440858840942383e+00,9.999906420707702637e-01,-2.786981640383601189e-03,2.474791603162884712e-03,2.216107677668333054e-03
8.226349353790283203e-01,2.145215988159179688e+00,4.409278392791748047e+00,9.999802708625793457e-01,2.231365069746971130e-03,-5.882472265511751175e-03,-4.192615597276017070e-05
6.037287235260009766e+00,4.322121620178222656e+00,6.448307514190673828e+00,9.999956488609313965e-01,-2.143885940313339233e-04,-2.924002939835190773e-03,-5.199763691052794456e-04
7.489951610565185547e+00,3.193226814270019531e+00,6.035726070404052734e+00,9.999939799308776855e-01,1.710140379145741463e-03,-2.999185351654887199e-03,4.533389001153409481e-04
4.712183475494384766e+00,7.319688796997070312e+00,6.613660335540771484e+00,9.999991655349731445e-01,3.110427060164511204e-04,6.559684989042580128e-04,-1.152290031313896179e-03
3.613153100013732910e-01,3.846587181091308594e+00,3.695329189300537109e+00,9.999951720237731934e-01,1.060208189301192760e-03,2.739579882472753525e-03,1.006919890642166138e-03
4.568854272365570068e-01,6.330333709716796875e+00,1.719412207603454590e+00,9.999983310699462891e-01,-4.830803954973816872e-04,-1.703641028143465519e-03,5.601455341093242168e-04
2.983319520950317383e+00,6.196699142456054688e+00,1.469785571098327637e+00,9.999353885650634766e-01,-1.885174307972192764e-03,-1.224902574904263020e-03,-1.114339288324117661e-02
1.527908205986022949e+00,2.756253242492675781e+00,1.458634495735168457e+00,9.999869465827941895e-01,-8.012194302864372730e-05,5.110922269523143768e-03,3.245052066631615162e-04
5.148255348205566406e+00,5.931684017181396484e+00,4.157734513282775879e-01,9.998248815536499023e-01,-9.651638567447662354e-03,-9.250510483980178833e-04,1.600633934140205383e-02
7.396890163421630859e+00,6.283922195434570312e+00,3.432041704654693604e-01,9.999969005584716797e-01,2.507174154743552208e-03,-2.089019690174609423e-04,1.408772077411413193e-04
3.314589262008666992e+00,5.063715934753417969e+00,9.963449835777282715e-02,9.999825358390808105e-01,-3.906693600583821535e-04,-5.817009136080741882e-03,1.026341458782553673e-03
3.972645044326782227e+00,4.323428630828857422e+00,1.092990875244140625e+00,9.999942183494567871e-01,-1.793594448827207088e-03,1.068328856490552425e-03,-2.704064128920435905e-03
5.715182423591613770e-01,6.812923550605773926e-01,1.911187052726745605e+00,9.999072551727294922e-01,-5.828452296555042267e-03,1.188100781291723251e-02,3.236688440665602684e-03
2.622658967971801758e+00,3.947442531585693359e+00,3.816530466079711914e+00,9.999004006385803223e-01,2.913202159106731415e-03,1.124558271840214729e-03,1.376510597765445709e-02
4.652006149291992188e+00,4.486235141754150391e+00,4.578299075365066528e-02,9.998913407325744629e-01,-4.016619641333818436e-03,-1.714916201308369637e-03,-1.408231817185878754e-02
3.838118791580200195e+00,3.385643482208251953e+00,2.307199239730834961e+00,9.999981522560119629e-01,1.382691785693168640e-03,-1.717294508125633001e-04,1.371941645629703999e-03
6.335415363311767578e+00,2.646379947662353516e+00,3.587953567504882812e+00,9.998899102210998535e-01,5.672400817275047302e-03,-1.371489744633436203e-02,-1.489320129621773958e-04
2.903764486312866211e+00,2.706511497497558594e+00,6.290569305419921875e-01,9.999939203262329102e-01,1.011720742098987103e-03,3.134006168693304062e-03,1.202279701828956604e-03
6.314773559570312500e+00,4.657829761505126953e+00,6.495478630065917969e+00,9.999970793724060059e-01,-5.818813224323093891e-04,-2.266981406137347221e-03,-7.326850318349897861e-04
1.985892839729785919e-02,7.021138191223144531e+00,2.700590848922729492e+00,9.999993443489074707e-01,-1.184912049211561680e-03,2.830289595294743776e-04,1.388554574077716097e-05
6.988878250122070312e+00,6.160851955413818359e+00,5.005074501037597656e+00,9.999360442161560059e-01,5.504894070327281952e-03,-8.473137393593788147e-03,-5.084176547825336456e-03
3.728912115097045898e+00,3.192415475845336914e+00,3.231455087661743164e+00,9.999889731407165527e-01,4.249425604939460754e-03,-1.871294225566089153e-03,7.427188102155923843e-04
2.620795726776123047e+00,7.042326450347900391e+00,3.353829860687255859e+00,9.999967813491821289e-01,-1.541966455988585949e-03,-1.962240319699048996e-03,-5.849666194990277290e-04
5.133094310760498047e+00,7.341849058866500854e-02,2.238349199295043945e+00,9.999936819076538086e-01,2.808884484693408012e-03,-9.051096276380121708e-04,1.998299732804298401e-03
6.163566589355468750e+00,3.549134492874145508e+00,1.051630616188049316e+00,9.999604821205139160e-01,3.580471733585000038e-03,-7.501630112528800964e-03,-3.179245395585894585e-03
6.286987304687500000e+00,4.266686916351318359e+00,3.089787483215332031e+00,9.999992847442626953e-01,-1.003508223220705986e-03,6.748266750946640968e-04,1.602879056008532643e-04
3.380174875259399414e+00,1.447263121604919434e+00,6.684030532836914062e+00,9.999989271163940430e-01,-5.751745193265378475e-04,-1.356529421173036098e-03,-1.729551440803334117e-04
1.509112566709518433e-01,6.780175685882568359e+00,5.183215618133544922e+00,9.999853372573852539e-01,1.835534232668578625e-03,-4.810451064258813858e-03,-1.707354094833135605e-03
6.946656703948974609e+00,2.578560113906860352e+00,6.827363967895507812e+00,9.999950528144836426e-01,1.067698700353503227e-03,1.808809232898056507e-03,2.361727645620703697e-03
3.420290350914001465e-01,1.898884326219558716e-01,5.685343742370605469e+00,9.997766017913818359e-01,1.534186489880084991e-02,-1.216854434460401535e-03,1.448840741068124771e-02
2.847331762313842773e-01,4.391502857208251953e+00,5.163055658340454102e-01,9.999153017997741699e-01,-4.220926668494939804e-03,-7.523277308791875839e-03,-9.745223447680473328e-03
4.303275108337402344e+00,3.551312685012817383e+00,2.419358730316162109e+00,9.999470710754394531e-01,-8.689905516803264618e-03,-4.163047298789024353e-03,3.611547639593482018e-03
6.539123058319091797e+00,4.970410168170928955e-01,3.016353249549865723e-01,9.998620748519897461e-01,-2.258622320368885994e-03,1.552311889827251434e-02,-5.461450200527906418e-03
4.292606830596923828e+00,5.113642811775207520e-01,3.003101110458374023e+00,9.999997615814208984e-01,-6.121087353676557541e-04,-4.004001966677606106e-04,2.382485836278647184e-04
1.826018571853637695e+00,1.940401434898376465e+00,9.896081089973449707e-01,9.999989867210388184e-01,-5.928705795668065548e-04,7.847589440643787384e-04,1.096230931580066681e-03
2.113046169281005859e+00,2.956379652023315430e+00,3.504644393920898438e+00,9.999337196350097656e-01,-8.621351793408393860e-03,-1.610535662621259689e-03,-7.459054235368967056e-03
3.324714183807373047e+00,1.599774658679962158e-01,5.080405235290527344e+00,9.999989271163940430e-01,-5.615398986265063286e-04,-3.340665716677904129e-04,-1.332815154455602169e-03
1.474204063415527344e+00,4.909457206726074219e+00,3.484897851943969727e+00,1.000000000000000000e+00,-4.178013477940112352e-05,1.638716639718040824e-04,1.702312147244811058e-04
4.871210575103759766e+00,4.764349460601806641e+00,3.612585544586181641e+00,9.999974370002746582e-01,-1.207046443596482277e-03,1.855456037446856499e-03,-5.542880971916019917e-04
1.309495091438293457e+00,4.804894924163818359e+00,7.126225471496582031e+00,1.000000000000000000e+00,-3.117478627245873213e-05,3.150519914925098419e-04,1.075673499144613743e-04
3.851490497589111328e+00,5.454908847808837891e+00,5.757171154022216797e+00,9.999854564666748047e-01,3.118964610621333122e-03,3.855809336528182030e-03,2.128524705767631531e-03
6.602320194244384766e+00,6.970681190490722656e+00,2.954738438129425049e-01,9.999870657920837402e-01,1.467430614866316319e-03,-3.298755327705293894e-04,-4.873045254498720169e-03
4.273341655731201172e+00,2.224980831146240234e+00,2.948547124862670898e+00,9.992358088493347168e-01,9.481627494096755981e-03,3.659984841942787170e-02,-9.922181256115436554e-03
4.896097183227539062e-01,6.932259559631347656e+00,4.530074596405029297e+00,9.999995827674865723e-01,-1.267067564185708761e-04,8.748588734306395054e-04,4.454384907148778439e-04
2.674328088760375977e+00,5.056253433227539062e+00,4.451266765594482422e+00,9.999983310699462891e-01,5.593896494247019291e-04,5.779152852483093739e-04,-1.683932496234774590e-03
6.098532199859619141e+00,2.095415830612182617e+00,4.364810943603515625e+00,9.999984502792358398e-01,-1.122680609114468098e-03,1.196108409203588963e-03,-7.477164617739617825e-04
5.296336174011230469e+00,5.030170917510986328e+00,7.419980049133300781e+00,9.999960064888000488e-01,2.203632146120071411e-03,-1.608014339581131935e-03,8.172484813258051872e-04
6.901315212249755859e+00,4.717255532741546631e-01,5.797671318054199219e+00,9.999967217445373535e-01,1.257808529771864414e-03,-5.605126498267054558e-04,-2.176948590204119682e-03
1.873947978019714355e+00,3.124057769775390625e+00,6.799819946289062500e+00,9.998512864112854004e-01,6.450726650655269623e-03,-1.506613381206989288e-02,-5.380054004490375519e-03
1.151064634323120117e+00,2.470069885253906250e+00,6.644141674041748047e+00,9.999859333038330078e-01,1.144172740168869495e-03,4.992405883967876434e-03,-1.413217047229409218e-03
3.565664529800415039e+00,5.602033615112304688e+00,5.827742099761962891e+00,9.999808669090270996e-01,2.347826259210705757e-03,4.576327279210090637e-03,3.454223973676562309e-03
2.977190725505352020e-02,2.031412363052368164e+00,6.995707988739013672e+00,9.999995231628417969e-01,1.676098472671583295e-04,6.697474163956940174e-04,7.560120429843664169e-04
4.393584251403808594e+00,5.941257476806640625e+00,6.074788570404052734e+00,9.999998807907104492e-01,2.314120938535779715e-04,-4.056340549141168594e-05,-5.585735780186951160e-04
1.961612343788146973e+00,3.535367488861083984e+00,1.626794338226318359e-01,9.999964833259582520e-01,1.798985642381012440e-03,1.367071294225752354e-03,-1.427478156983852386e-03
3.272000253200531006e-01,2.235566675662994385e-01,2.878592491149902344e+00,9.999517798423767090e-01,-4.230034537613391876e-03,-5.687694065272808075e-03,-6.800645496696233749e-03
2.148843765258789062e+00,3.894017457962036133e+00,1.173488855361938477e+00,9.999369978904724121e-01,-7.731819991022348404e-03,-4.702718928456306458e-03,6.651650182902812958e-03
5.270065784454345703e+00,6.349653601646423340e-01,4.421026706695556641e+00,9.999877214431762695e-01,-3.393732244148850441e-03,-2.617920050397515297e-03,2.477179514244198799e-03
5.486194491386413574e-01,6.120918750762939453e+00,5.958356857299804688e+00,9.999990463256835938e-01,6.091829854995012283e-04,-1.069642137736082077e-03,-7.118734647519886494e-04
7.160295486450195312e+00,5.560292005538940430e-01,4.081649780273437500e+00,9.999959468841552734e-01,-1.519441138952970505e-03,-9.420129354111850262e-04,-2.201101975515484810e-03
4.188857555389404297e+00,1.260227560997009277e+00,2.369000673294067383e+00,9.999988079071044922e-01,-1.526948879472911358e-03,3.204595413990318775e-04,2.226129872724413872e-04
7.109979629516601562e+00,1.373738765716552734e+00,1.988939285278320312e+00,9.999989867210388184e-01,1.086725736968219280e-03,9.843873558565974236e-04,-1.424161018803715706e-04
5.378149032592773438e+00,2.692308664321899414e+00,2.101264476776123047e+00,9.999997615814208984e-01,6.804139120504260063e-04,-7.295931573025882244e-05,-1.368772936984896660e-04
1.829838633537292480e+00,7.493716716766357422e+00,7.259863853454589844e+00,9.999997019767761230e-01,-3.494547563605010509e-04,7.653205539099872112e-04,3.490679591777734458e-05
5.897406101226806641e+00,6.520552158355712891e+00,8.901274800300598145e-01,9.999912381172180176e-01,2.639251528307795525e-03,-1.455696648918092251e-03,2.916147001087665558e-03
6.166656970977783203e+00,6.340494155883789062e+00,7.279177665710449219e+00,9.999958276748657227e-01,8.579335990361869335e-04,1.527050742879509926e-03,-2.330458257347345352e-03
3.750162124633789062e+00,2.506830215454101562e+00,4.294031143188476562e+00,9.999999403953552246e-01,-4.371744289528578520e-04,1.279788848478347063e-04,7.801206083968281746e-05
4.863021850585937500e+00,2.853425264358520508e+00,7.890628576278686523e-01,9.999941587448120117e-01,6.482818862423300743e-04,5.716863670386373997e-04,-3.303250065073370934e-03
3.044335842132568359e+00,6.739549160003662109e+00,1.034962296485900879e+00,9.999860525131225586e-01,3.652138868346810341e-03,8.644995978102087975e-04,3.733886871486902237e-03
2.214607238769531250e+00,2.455855160951614380e-01,4.859350204467773438e+00,9.999375343322753906e-01,3.809300484135746956e-03,9.473255835473537445e-03,4.539556335657835007e-03
2.854578733444213867e+00,4.783028602600097656e+00,5.540915966033935547e+00,9.999994039535522461e-01,4.689643974415957928e-04,-9.008878841996192932e-04,4.488322592806071043e-04
9.740615487098693848e-01,5.278430938720703125e+00,7.420452594757080078e+00,9.999994039535522461e-01,-8.584323804825544357e-04,-3.667692071758210659e-04,-6.951837567612528801e-04
3.105848550796508789e+00,6.598955154418945312e+00,5.756756305694580078e+00,9.999988079071044922e-01,-1.325504737906157970e-03,6.702443934045732021e-04,-5.662262556143105030e-04
3.591752648353576660e-01,5.325519084930419922e+00,3.770279884338378906e+00,9.997979998588562012e-01,9.154984727501869202e-03,5.855977069586515427e-03,-1.691068150103092194e-02
1.262647807598114014e-01,2.900507688522338867e+00,6.621862888336181641e+00,9.999731779098510742e-01,1.621261355467140675e-03,3.319440409541130066e-03,6.335768382996320724e-03
1.349277615547180176e+00,3.687518358230590820e+00,6.715970516204833984e+00,9.999987483024597168e-01,8.505241712555289268e-04,-1.277428353205323219e-03,-5.384826217778027058e-04
1.675715446472167969e+00,1.629483461380004883e+00,5.981324672698974609e+00,9.999918937683105469e-01,-1.866473467089235783e-03,4.396143776830285788e-04,3.553377697244286537e-03
5.894241333007812500e+00,1.209861874580383301e+00,3.970965862274169922e+00,9.999794960021972656e-01,-2.422197954729199409e-03,-5.132576916366815567e-03,-2.985508646816015244e-03
3.082782983779907227e+00,2.754818916320800781e+00,1.439841866493225098e+00,9.999731779098510742e-01,-4.153284244239330292e-03,-4.146159626543521881e-03,-4.388828296214342117e-03
6.793587684631347656e+00,3.371915340423583984e+00,1.325224041938781738e+00,9.999400377273559570e-01,-1.035489607602357864e-02,-3.552514361217617989e-03,-2.302806969964876771e-04
5.898157119750976562e+00,1.885964393615722656e+00,4.700459480285644531e+00,9.999858140945434570e-01,-3.315093927085399628e-03,-4.071281757205724716e-03,9.711522725410759449e-04
6.162757396697998047e+00,5.811707973480224609e+00,7.194787025451660156e+00,9.999760389328002930e-01,-5.800119601190090179e-03,3.103853203356266022e-03,-2.172611653804779053e-03
5.590404510498046875e+00,2.740880250930786133e+00,4.535022258758544922e+00,9.999989271163940430e-01,-1.366945682093501091e-03,5.191520904190838337e-04,-3.810599446296691895e-04
6.919512271881103516e+00,4.087745770812034607e-02,8.942270278930664062e-01,9.999935030937194824e-01,1.065189484506845474e-03,-1.350719016045331955e-03,-3.188465023413300514e-03
5.452313899993896484e+00,2.088186264038085938e+00,6.824949264526367188e+00,9.999872446060180664e-01,-8.376893820241093636e-04,4.213569220155477524e-03,-2.668255474418401718e-03
5.819575786590576172e+00,5.939220428466796875e+00,6.205080032348632812e+00,9.999953508377075195e-01,2.691044064704328775e-04,2.502569695934653282e-03,-1.750164898112416267e-03
7.106472969055175781e+00,2.629576206207275391e+00,6.503621101379394531e+00,9.999574422836303711e-01,6.126478314399719238e-03,-4.904592875391244888e-03,-4.860559478402137756e-03
6.905991554260253906e+00,4.420798301696777344e+00,4.943201541900634766e+00,9.999975562095642090e-01,-1.174571923911571503e-03,-1.549609354697167873e-03,1.136760343797504902e-03
1.135000944137573242e+00,3.111090898513793945e+00,3.066294670104980469e+00,9.999969601631164551e-01,2.266370691359043121e-03,-5.940462579019367695e-04,-8.317240863107144833e-04
5.147361278533935547e+00,5.842418074607849121e-01,1.144973635673522949e+00,9.999231100082397461e-01,-9.590398520231246948e-03,3.110701451078057289e-03,7.224752567708492279e-03
4.851712703704833984e+00,7.736386060714721680e-01,6.786749362945556641e-01,9.999999403953552246e-01,1.374859130010008812e-05,-2.011964825214818120e-04,-3.544128849171102047e-04
2.705430507659912109e+00,2.713395833969116211e+00,5.358652591705322266e+00,9.999960064888000488e-01,-1.548562431707978249e-03,2.226309385150671005e-03,8.750076522119343281e-04
6.155365943908691406e+00,4.088215351104736328e+00,2.472459077835083008e+00,9.999995231628417969e-01,6.490286905318498611e-04,6.825270247645676136e-04,2.489704347681254148e-04
4.134140014648437500e+00,7.006626605987548828e+00,3.572493791580200195e+00,9.999189972877502441e-01,-4.327639006078243256e-03,1.192891411483287811e-02,-1.019111019559204578e-03
6.752685546875000000e+00,4.411295890808105469e+00,2.989290475845336914e+00,9.999961256980895996e-01,-2.418693155050277710e-03,-6.984166684560477734e-04,1.230157213285565376e-03
4.706136703491210938e+00,7.257566928863525391e+00,5.806192398071289062e+00,9.999992251396179199e-01,1.293109613470733166e-03,1.266715407837182283e-04,-4.262953370925970376e-05
3.426110029220581055e+00,5.633197426795959473e-01,4.156056642532348633e-01,9.999974966049194336e-01,-2.222034847363829613e-03,5.029566455050371587e-05,-1.089900615625083447e-04
4.176292419433593750e+00,5.983927726745605469e+00,1.813662767410278320e+00,9.999889135360717773e-01,4.036277998238801956e-03,-2.207014476880431175e-03,-1.001765020191669464e-03
4.214260101318359375e+00,7.233637332916259766e+00,3.277297258377075195e+00,9.999988079071044922e-01,7.875525043345987797e-04,1.309387385845184326e-03,1.878612092696130276e-04
2.799265384674072266e+00,1.553876161575317383e+00,2.446996450424194336e+00,9.999898076057434082e-01,3.038372145965695381e-03,1.864222722360864282e-04,3.343605669215321541e-03
6.508018493652343750e+00,4.403028964996337891e+00,1.266265749931335449e+00,9.999979734420776367e-01,5.962913273833692074e-04,-3.575271111913025379e-04,-1.931220642291009426e-03
1.174886822700500488e+00,6.702122688293457031e+00,8.783185482025146484e-01,9.999640583992004395e-01,-8.230172679759562016e-04,6.001822650432586670e-03,5.947018042206764221e-03
1.829829216003417969e+00,8.344789594411849976e-02,1.670983552932739258e+00,9.999991059303283691e-01,-3.762659034691751003e-04,-5.128219490870833397e-04,1.245540217496454716e-03
1.804105281829833984e+00,2.924656867980957031e+00,7.133654594421386719e+00,9.999966025352478027e-01,2.342971740290522575e-03,-7.486962131224572659e-04,9.180387714877724648e-04
6.835989475250244141e+00,3.164209127426147461e+00,1.085883855819702148e+00,9.999237656593322754e-01,-1.177076622843742371e-02,-3.564100945368409157e-03,1.177762518636882305e-03
6.030836105346679688e+00,5.619194507598876953e+00,4.885794162750244141e+00,9.999845623970031738e-01,-1.478790421970188618e-03,-3.022982738912105560e-03,4.433558788150548935e-03
5.648228526115417480e-01,2.604843616485595703e+00,7.375976562500000000e+00,9.999997019767761230e-01,-1.020254057948477566e-05,8.174117538146674633e-04,1.163568012998439372e-04
1.380007028579711914e+00,3.263266324996948242e+00,5.656003952026367188e+00,9.999995827674865723e-01,3.079396556131541729e-04,-7.187128067016601562e-04,5.831884918734431267e-04
2.194881677627563477e+00,5.030935764312744141e+00,3.867094993591308594e+00,9.999274611473083496e-01,3.349731210619211197e-03,7.740464527159929276e-03,-8.599151857197284698e-03
4.861869335174560547e+00,4.116551399230957031e+00,5.648324012756347656e+00,9.999962449073791504e-01,1.900025992654263973e-03,-7.910104468464851379e-04,-1.852239482104778290e-03
4.356148719787597656e+00,6.956189632415771484e+00,4.468496322631835938e+00,9.999967813491821289e-01,1.680437359027564526e-03,-1.926732831634581089e-03,1.475099707022309303e-04
5.615157127380371094e+00,1.189610719680786133e+00,6.433440685272216797e+00,9.999975562095642090e-01,1.635892433114349842e-03,-5.555462557822465897e-04,1.427728449925780296e-03
3.498896360397338867e+00,1.865075826644897461e+00,2.002098798751831055e+00,9.999992847442626953e-01,-9.160285699181258678e-04,3.113561251666396856e-04,-7.387042860500514507e-04
3.470397949218750000e+00,4.815618515014648438e+00,2.915337085723876953e+00,9.999984502792358398e-01,1.515724230557680130e-03,-9.523163898847997189e-04,1.029229970299638808e-04
2.300334453582763672e+00,4.770133972167968750e+00,3.565281629562377930e-01,9.999626278877258301e-01,7.272979710251092911e-03,1.856143237091600895e-03,4.300593864172697067e-03
4.351778030395507812e+00,1.392489790916442871e+00,1.362349748611450195e+00,9.999824762344360352e-01,-1.183476764708757401e-03,4.097344819456338882e-03,4.116670228540897369e-03
3.250159978866577148e+00,7.451717376708984375e+00,6.789420604705810547e+00,9.999995827674865723e-01,-7.627508603036403656e-04,-4.744406032841652632e-04,-4.391091933939605951e-04
7.209203720092773438e+00,5.396872520446777344e+00,6.747832298278808594e+00,9.996767044067382812e-01,-8.676930330693721771e-03,-1.130957854911684990e-03,-2.387608960270881653e-02
3.564518690109252930e+00,3.430735111236572266e+00,3.067971229553222656e+00,9.999912381172180176e-01,-3.916764166206121445e-03,-1.510397996753454208e-03,-1.099781638913555071e-05
6.405311226844787598e-01,7.579470872879028320e-01,3.365849018096923828e+00,9.999983310699462891e-01,1.015848029055632651e-04,-2.960880228783935308e-04,1.851718989200890064e-03
2.893056392669677734e+00,3.422165393829345703e+00,6.547069549560546875e+00,9.999989867210388184e-01,6.492201355285942554e-04,1.052245730534195900e-03,-6.786624435335397720e-04
5.467037200927734375e+00,6.831729888916015625e+00,2.571820735931396484e+00,9.999983310699462891e-01,3.070154634770005941e-04,-5.872791516594588757e-04,1.746831228956580162e-03
4.330037117004394531e+00,1.157010942697525024e-01,7.357306957244873047e+00,9.999995827674865723e-01,-7.305919425562024117e-04,5.189467919990420341e-04,4.049793351441621780e-04
2.136237859725952148e+00,5.027562141418457031e+00,2.938670635223388672e+00,9.999337196350097656e-01,2.379601355642080307e-03,1.124897692352533340e-02,-6.479363073594868183e-04
2.268265962600708008e+00,2.580676794052124023e+00,3.117615699768066406e+00,9.999932050704956055e-01,1.226949389092624187e-04,-3.413279308006167412e-03,1.444025547243654728e-03
6.115022301673889160e-01,4.745931625366210938e+00,6.942487716674804688e+00,9.999997019767761230e-01,-5.463907145895063877e-04,-2.971302019432187080e-04,-6.061621825210750103e-04
1.734563112258911133e+00,2.038328886032104492e+00,6.361475467681884766e+00,9.999998807907104492e-01,-2.266833471367135644e-04,-4.310186777729541063e-04,4.051248251926153898e-04
4.185503482818603516e+00,7.327126026153564453e+00,5.885834693908691406e+00,9.999995827674865723e-01,4.599230887833982706e-04,7.821192266419529915e-04,3.159629995934665203e-04
3.767072200775146484e+00,1.725141525268554688e+00,5.958268642425537109e+00,9.999678134918212891e-01,-3.894441295415163040e-03,3.560354234650731087e-03,-6.052816752344369888e-03
8.325207829475402832e-01,2.959368944168090820e+00,3.366911888122558594e+00,9.999869465827941895e-01,1.261175144463777542e-03,3.655593376606702805e-03,3.355105640366673470e-03
4.191863059997558594e+00,6.784915447235107422e+00,4.058209896087646484e+00,9.998856186866760254e-01,-6.679628975689411163e-03,1.221162453293800354e-02,-5.923321470618247986e-03
3.850747346878051758e+00,6.833508014678955078e+00,4.652165889739990234e+00,9.999997615814208984e-01,5.439976230263710022e-04,2.191358653362840414e-04,4.079915233887732029e-04
3.639370679855346680e+00,2.204470634460449219e+00,1.335799098014831543e+00,9.999313354492187500e-01,-8.621720597147941589e-03,-2.322539454326033592e-03,-7.600641343742609024e-03
6.591323375701904297e+00,2.990855455398559570e+00,7.382400035858154297e+00,9.999973773956298828e-01,-1.486042863689363003e-03,-1.560979057103395462e-03,-8.432036847807466984e-04
6.214969635009765625e+00,6.103392124176025391e+00,5.813430309295654297e+00,9.999974966049194336e-01,2.348001435166224837e-04,2.002368913963437080e-03,1.048311241902410984e-03
6.497860431671142578e+00,5.173752456903457642e-02,6.359297633171081543e-01,9.999895095825195312e-01,-3.489374648779630661e-03,2.951449947431683540e-03,4.360365564934909344e-04
2.822417974472045898e+00,4.796090126037597656e+00,9.461673498153686523e-01,9.999912381172180176e-01,1.233261893503367901e-03,3.580882446840405464e-03,-1.803555642254650593e-03
4.514393329620361328e+00,1.549060463905334473e+00,2.052328586578369141e-01,9.999590516090393066e-01,4.290869459509849548e-03,4.516806802712380886e-04,7.953727617859840393e-03
7.405951023101806641e+00,6.619599819183349609e+00,6.872053146362304688e-01,9.999983906745910645e-01,1.407018280588090420e-03,1.022522221319377422e-03,4.073364252690225840e-04
7.292834758758544922e+00,4.054175853729248047e+00,8.065625429153442383e-01,9.999995231628417969e-01,8.795317844487726688e-04,-2.261342742713168263e-04,5.417153588496148586e-04
1.522378802299499512e+00,1.097866177558898926e+00,3.001036643981933594e+00,9.999997019767761230e-01,-6.679696962237358093e-04,4.884650697931647301e-04,-1.042679068632423878e-04
7.324035167694091797e+00,5.459962368011474609e+00,2.981879949569702148e+00,9.999864697456359863e-01,-2.499970840290188789e-03,1.817490556277334690e-03,4.190335515886545181e-03
2.178925871849060059e-01,4.690325260162353516e+00,5.848346710205078125e+00,9.999989271163940430e-01,7.621907861903309822e-04,3.220717189833521843e-04,-1.261850004084408283e-03
1.001429915428161621e+00,5.543556213378906250e+00,4.627397537231445312e+00,9.999296069145202637e-01,3.424542490392923355e-03,8.829421363770961761e-03,7.159771397709846497e-03
7.219088077545166016e+00,6.671839714050292969e+00,2.312150955200195312e+00,9.999993443489074707e-01,6.643712404184043407e-04,-1.411026605637744069e-04,1.018763985484838486e-03
6.906386852264404297e+00,6.431874275207519531e+00,5.228187084197998047e+00,9.999426007270812988e-01,1.347704528598114848e-04,9.467086754739284515e-03,-5.017746239900588989e-03
3.388077497482299805e+00,7.004379272460937500e+00,3.361540079116821289e+00,9.999881982803344727e-01,-3.228922840207815170e-03,-2.925623673945665359e-03,2.147393068298697472e-03
4.347417354583740234e+00,6.315124034881591797e+00,4.879015922546386719e+00,9.999997615814208984e-01,7.176445215009152889e-04,-2.918783575296401978e-04,1.762464089551940560e-04
5.788410186767578125e+00,6.633917808532714844e+00,6.504938602447509766e+00,9.999927282333374023e-01,-3.469132585451006889e-03,-1.443163957446813583e-03,7.139148656278848648e-04
4.400739669799804688e+00,3.937112808227539062e+00,4.107379436492919922e+00,9.999997019767761230e-01,1.828080858103930950e-04,6.835032254457473755e-04,-4.014689184259623289e-04
5.180349349975585938e+00,9.141423702239990234e-01,4.643744528293609619e-01,9.999989867210388184e-01,-3.241257218178361654e-04,-1.082854927517473698e-03,-9.337351075373589993e-04
1.625301599502563477e+00,5.993784904479980469e+00,5.558627128601074219e+00,9.999355673789978027e-01,-5.320471711456775665e-03,4.138597752898931503e-03,-9.140799753367900848e-03
5.278428077697753906e+00,4.130067825317382812e+00,5.153363227844238281e+00,9.999985694885253906e-01,1.419731997884809971e-04,1.299497089348733425e-03,1.123566995374858379e-03
7.469131469726562500e+00,3.454380273818969727e+00,5.602832794189453125e+00,9.998692870140075684e-01,-4.835226573050022125e-03,5.606613587588071823e-03,-1.437423005700111389e-02
2.157071590423583984e+00,6.525992393493652344e+00,6.314360141754150391e+00,9.999990463256835938e-01,-5.993559025228023529e-04,8.305046358145773411e-04,-9.458193671889603138e-04
5.198121070861816406e+00,4.715194225311279297e+00,1.613924264907836914e+00,9.996941685676574707e-01,2.197253517806529999e-02,-1.073641795665025711e-02,3.672735765576362610e-03
7.227158546447753906e+00,1.075506687164306641e+00,4.920012876391410828e-02,9.999951720237731934e-01,-1.671623904258012772e-03,2.283494453877210617e-03,-1.309554209001362324e-03
4.172100543975830078e+00,8.856820315122604370e-02,4.935881614685058594e+00,9.999166131019592285e-01,1.161955390125513077e-02,-1.412321580573916435e-03,5.462460685521364212e-03
6.976434230804443359e+00,4.294378682971000671e-02,4.733143329620361328e+00,9.999682307243347168e-01,-3.070991253480315208e-03,2.642389619722962379e-03,6.864503491669893265e-03
5.724453926086425781e+00,1.245853424072265625e+00,4.293293476104736328e+00,9.999120831489562988e-01,-8.906314149498939514e-03,-9.828651323914527893e-03,-1.910030550789088011e-04
1.828618645668029785e+00,2.224984169006347656e+00,7.418050765991210938e+00,9.999967217445373535e-01,2.277150051668286324e-03,-1.214711694046854973e-03,-7.195461512310430408e-05
2.569417715072631836e+00,3.754109859466552734e+00,2.035126537084579468e-01,9.999981522560119629e-01,1.550341490656137466e-03,-8.997878758236765862e-04,6.689889123663306236e-04
1.272631883621215820e+00,5.591748714447021484e+00,6.588426589965820312e+00,9.999998211860656738e-01,2.540444256737828255e-04,6.057299906387925148e-04,-3.039387229364365339e-04
1.979187607765197754e+00,4.603613853454589844e+00,7.781911492347717285e-01,9.999140501022338867e-01,4.772948566824197769e-03,9.909722022712230682e-03,7.142808288335800171e-03
7.341041564941406250e-01,3.366269588470458984e+00,1.730770587921142578e+00,9.999905824661254883e-01,-1.968361902981996536e-03,1.771613024175167084e-03,3.451219759881496429e-03
3.774500608444213867e+00,5.085506916046142578e+00,3.778979301452636719e+00,9.999959468841552734e-01,6.613371660932898521e-04,-1.341821160167455673e-03,-2.452718326821923256e-03
7.277959346771240234e+00,4.224474906921386719e+00,4.579810202121734619e-01,9.999930262565612793e-01,3.279980155639350414e-04,-3.660719608888030052e-03,-6.970777176320552826e-04
2.915028572082519531e+00,6.228490829467773438e+00,6.293683528900146484e+00,9.999997615814208984e-01,-1.472012445447035134e-05,-2.287995594087988138e-04,7.718033157289028168e-04
4.564130306243896484e+00,4.549112796783447266e+00,3.640879869461059570e+00,9.999588727951049805e-01,8.386115543544292450e-03,4.801960603799670935e-04,-3.434406360611319542e-03
2.482351541519165039e+00,1.042726635932922363e+00,3.835760354995727539e+00,9.999967813491821289e-01,-1.644867472350597382e-03,1.014322624541819096e-03,1.690320437774062157e-03
5.702180862426757812e+00,3.474014520645141602e+00,3.484783768653869629e-01,9.999257922172546387e-01,-6.822602357715368271e-03,3.932647872716188431e-03,9.298055432736873627e-03
5.900024414062500000e+00,1.732701301574707031e+00,2.860284805297851562e+00,9.999921321868896484e-01,1.236601150594651699e-03,3.527236869558691978e-03,1.365603529848158360e-03
5.057716369628906250e+00,5.329622745513916016e+00,5.763125896453857422e+00,9.999954104423522949e-01,2.034760313108563423e-03,-2.220412949100136757e-03,3.098043962381780148e-04
5.322377681732177734e+00,1.733726263046264648e+00,2.893001794815063477e+00,9.999843239784240723e-01,-2.942262217402458191e-03,-4.465892445296049118e-03,-1.678048283793032169e-03
3.931252002716064453e+00,2.210785388946533203e+00,4.251567840576171875e+00,9.999992251396179199e-01,5.014502676203846931e-04,-8.772965520620346069e-04,-7.733225356787443161e-04
6.318632602691650391e+00,3.162494897842407227e+00,5.820290565490722656e+00,9.999998807907104492e-01,-4.188849707134068012e-04,2.917290257755666971e-04,-2.454423811286687851e-04
5.320732116699218750e+00,4.071567058563232422e+00,4.411912441253662109e+00,9.999760985374450684e-01,-3.593322122469544411e-03,-2.229123841971158981e-03,5.480199120938777924e-03
3.886394262313842773e+00,3.986236333847045898e+00,2.500351667404174805e+00,9.999974370002746582e-01,1.670248107984662056e-03,1.403410104103386402e-03,-7.330342778004705906e-04
6.145047187805175781e+00,3.197473526000976562e+00,7.211350917816162109e+00,9.999965429306030273e-01,2.776637848000973463e-04,1.599772833287715912e-03,-2.091882517561316490e-03
1.183600068092346191e+00,5.396154880523681641e+00,5.621246814727783203e+00,9.999233484268188477e-01,1.093346998095512390e-02,3.661520080640912056e-03,4.513354040682315826e-03
2.568590164184570312e+00,3.597614288330078125e+00,1.087948679924011230e+00,9.999910593032836914e-01,2.705227816477417946e-04,-5.649925878969952464e-05,4.213771317154169083e-03
3.369165897369384766e+00,4.225103855133056641e+00,5.834705829620361328e+00,9.999923706054687500e-01,-3.016366972588002682e-04,-1.279324351344257593e-04,3.912298008799552917e-03
2.686997652053833008e-01,6.280735015869140625e+00,4.758126258850097656e+00,9.999988675117492676e-01,1.823791717470157892e-05,-1.431999495252966881e-03,5.687756347469985485e-04
3.086438417434692383e+00,2.237951040267944336e+00,3.695000410079956055e+00,9.999952912330627441e-01,4.192024643998593092e-04,1.457244070479646325e-04,-3.054119413718581200e-03
6.524815082550048828e+00,5.023116111755371094e+00,9.359667897224426270e-01,9.999882578849792480e-01,-4.227491735946387053e-04,-1.551864329485397320e-06,4.835198633372783661e-03
5.641889095306396484e+00,7.165956497192382812e+00,6.017283916473388672e+00,9.999912381172180176e-01,3.077840083278715611e-04,3.512421390041708946e-03,2.253846963867545128e-03
6.541125178337097168e-01,4.696527957916259766e+00,6.577700614929199219e+00,9.999995827674865723e-01,3.220928483642637730e-04,1.112269310397095978e-04,-9.080172167159616947e-04
7.031760215759277344e+00,3.897566795349121094e+00,2.286142826080322266e+00,9.999953508377075195e-01,1.962785376235842705e-03,1.850424800068140030e-03,1.463395892642438412e-03
5.385077476501464844e+00,3.204185724258422852e+00,4.372264444828033447e-01,9.999998807907104492e-01,8.669713861308991909e-05,-1.409966353094205260e-04,-5.920812254771590233e-04
7.499397754669189453e+00,2.972282409667968750e+00,7.040914535522460938e+00,9.999916553497314453e-01,-9.119523747358471155e-05,2.900039311498403549e-03,2.867332426831126213e-03
2.307632923126220703e+00,8.763390183448791504e-01,2.517876148223876953e+00,9.999933838844299316e-01,7.108641148079186678e-05,3.371807746589183807e-03,-1.351330662146210670e-03
6.895008563995361328e+00,9.885686039924621582e-01,2.010964632034301758e+00,9.999998211860656738e-01,4.584651323966681957e-04,-5.026150611229240894e-04,-1.212197676068171859e-04
4.903482913970947266e+00,3.267912864685058594e-01,7.464490413665771484e+00,9.999999403953552246e-01,-4.334166878834366798e-04,1.805829815566539764e-04,1.140716849477030337e-04
4.592136383056640625e+00,5.686168670654296875e+00,3.904646873474121094e+00,9.999966025352478027e-01,-2.425731159746646881e-03,-1.503265666542574763e-04,-9.976581204682588577e-04
3.656650781631469727e-01,3.059009313583374023e+00,3.799036264419555664e+00,9.999971389770507812e-01,-2.355043689021840692e-04,7.068634731695055962e-04,-2.304743044078350067e-03
3.947086811065673828e+00,2.150369167327880859e+00,7.120454311370849609e+00,9.999035596847534180e-01,1.971138874068856239e-03,-8.854614570736885071e-03,1.052484381943941116e-02
7.269764900207519531e+00,5.074093937873840332e-01,4.442030429840087891e+00,9.999959468841552734e-01,-5.800282233394682407e-04,2.436047187075018883e-03,-1.342164352536201477e-03
3.126378297805786133e+00,7.244731903076171875e+00,7.044218540191650391e+00,9.999998211860656738e-01,-6.014686659909784794e-04,2.511102939024567604e-04,-5.035249341744929552e-05
1.757688760757446289e+00,7.229686737060546875e+00,2.398166060447692871e-01,9.999887943267822266e-01,-1.264443271793425083e-03,4.563918337225914001e-03,-4.003713256679475307e-04
3.900195062160491943e-01,5.027805328369140625e+00,1.597671508789062500e+00,9.999629855155944824e-01,7.918869145214557648e-03,2.184336539357900620e-03,2.573672449216246605e-03
5.571526050567626953e+00,4.880033493041992188e+00,5.526439189910888672e+00,9.999998807907104492e-01,-2.032891934504732490e-04,2.589226933196187019e-04,-5.150478100404143333e-04
1.823978066444396973e+00,4.336786270141601562e+00,6.493491530418395996e-01,9.999645948410034180e-01,-1.757826306857168674e-03,4.987932275980710983e-03,-6.551014725118875504e-03
4.855901241302490234e+00,2.652916193008422852e+00,2.250102996826171875e+00,9.999948740005493164e-01,1.893670530989766121e-03,-2.331321360543370247e-03,1.173884840682148933e-03
7.444177150726318359e+00,6.793074131011962891e+00,3.009517669677734375e+00,9.999957680702209473e-01,-1.021956792101264000e-03,-3.244389372412115335e-04,2.691329922527074814e-03
2.870969295501708984e+00,5.610029220581054688e+00,6.873075008392333984e+00,9.999615550041198730e-01,-1.101710804505273700e-04,8.659903891384601593e-03,-1.406379858963191509e-03
3.032537102699279785e-01,7.136752605438232422e+00,5.310649394989013672e+00,9.999753832817077637e-01,-4.483525175601243973e-03,-5.170451913727447391e-05,5.413091275840997696e-03
6.871607780456542969e+00,1.962397456169128418e+00,3.382098913192749023e+00,9.999998807907104492e-01,-9.528138616587966681e-05,6.178824114613234997e-04,1.374719868181273341e-04
3.891342878341674805e+00,3.496248006820678711e+00,9.279785156250000000e-01,9.999929070472717285e-01,3.646022640168666840e-03,-3.147670649923384190e-04,9.673442109487950802e-04
4.318419456481933594e+00,6.282933235168457031e+00,6.903758049011230469e+00,9.999951124191284180e-01,-1.245001563802361488e-03,-1.148828770965337753e-03,-2.661446342244744301e-03
7.493357658386230469e+00,4.180077552795410156e+00,4.212862491607666016e+00,9.999978542327880859e-01,-1.898523303680121899e-03,5.966486060060560703e-04,-6.426557083614170551e-04
8.182119727134704590e-01,6.159915447235107422e+00,3.834535598754882812e+00,9.999839663505554199e-01,-2.165641402825713158e-03,-5.352518637664616108e-04,5.209183786064386368e-03
4.959354400634765625e+00,4.833859443664550781e+00,3.739457130432128906e-01,9.999957680702209473e-01,2.103999257087707520e-03,-1.854934031143784523e-03,8.642171160317957401e-04
3.335356712341308594e+00,4.131621718406677246e-01,3.539820432662963867e+00,9.999965429306030273e-01,-1.096414169296622276e-03,1.264376449398696423e-03,-2.036927966400980949e-03
2.764482498168945312e-01,4.799424171447753906e+00,2.445358753204345703e+00,9.999936819076538086e-01,-1.960425404831767082e-03,-2.504880307242274284e-03,1.609295024536550045e-03
1.716929078102111816e+00,9.218558669090270996e-01,1.981994867324829102e+00,9.999992251396179199e-01,-1.892630389193072915e-04,-1.205258071422576904e-03,-4.711617366410791874e-04
1.789437055587768555e+00,6.016891002655029297e+00,2.377108335494995117e+00,9.999945759773254395e-01,-2.383280545473098755e-03,-2.267842646688222885e-03,4.059208149556070566e-04
9.778059720993041992e-01,1.730370759963989258e+00,6.970868110656738281e+00,9.999995231628417969e-01,-7.893626461736857891e-04,-2.407954161753877997e-04,6.002952577546238899e-04
3.313170745968818665e-02,6.982747554779052734e+00,8.828417062759399414e-01,9.999914765357971191e-01,9.018771233968436718e-04,1.337294932454824448e-03,3.810792462900280952e-03
7.480165958404541016e+00,1.770582646131515503e-01,6.239945411682128906e+00,9.998380541801452637e-01,1.002206001430749893e-02,-7.397637236863374710e-03,1.298983395099639893e-02
6.361193656921386719e+00,5.850551128387451172e+00,6.942581653594970703e+00,9.998864531517028809e-01,-6.227262783795595169e-03,-1.212606579065322876e-02,6.430434063076972961e-03
2.998583316802978516e+00,4.263715267181396484e+00,6.756444931030273438e+00,9.999926090240478516e-01,7.356684072874486446e-04,-7.183611742220818996e-04,3.718814114108681679e-03
3.319777965545654297e+00,1.511305809020996094e+00,7.494379997253417969e+00,9.999932646751403809e-01,1.890265994006767869e-04,3.385974094271659851e-03,-1.404715003445744514e-03
5.122578620910644531e+00,2.908571243286132812e+00,9.791369438171386719e-01,9.999860525131225586e-01,2.661082427948713303e-03,-4.708131600636988878e-04,-4.531567916274070740e-03
6.789356231689453125e+00,3.995319604873657227e+00,2.617898702621459961e+00,9.999996423721313477e-01,-6.760379183106124401e-04,-5.349308485165238380e-04,1.861613127402961254e-04
3.731461763381958008e+00,7.037911564111709595e-02,2.676961660385131836e+00,9.999966621398925781e-01,-2.367267385125160217e-03,9.334937785752117634e-04,5.566304316744208336e-04
1.252546548843383789e+00,5.105173110961914062e+00,3.212897062301635742e+00,9.999998211860656738e-01,-5.339048220776021481e-04,-2.605780027806758881e-04,3.987825475633144379e-04
3.807574510574340820e+00,7.330339908599853516e+00,3.759223461151123047e+00,9.999952316284179688e-01,-2.510957419872283936e-03,-1.514070783741772175e-03,-1.067721634171903133e-03
3.946004629135131836e+00,6.577945232391357422e+00,4.076704025268554688e+00,9.999088048934936523e-01,-7.220270112156867981e-03,9.813154116272926331e-03,-5.823150277137756348e-03
7.105639457702636719e+00,2.697857141494750977e+00,1.381690263748168945e+00,9.999996423721313477e-01,7.641104748472571373e-04,-5.149885546416044235e-04,1.680822460912168026e-04
6.913707733154296875e+00,4.311058521270751953e+00,1.774288654327392578e+00,9.999564886093139648e-01,7.783435750752687454e-03,4.392560571432113647e-03,2.698280150070786476e-03
4.257983684539794922e+00,2.445565223693847656e+00,5.208581447601318359e+00,9.999988675117492676e-01,-8.586193434894084930e-04,1.265737228095531464e-03,-3.404386916372459382e-06
4.405515491962432861e-01,2.949342250823974609e+00,6.702249526977539062e+00,9.999365806579589844e-01,-5.448471289128065109e-03,4.437292926013469696e-03,8.803807199001312256e-03
4.521131515502929688e+00,6.833426475524902344e+00,7.031836509704589844e-01,9.999971389770507812e-01,-1.696911989711225033e-03,-4.821957554668188095e-04,-1.662882277742028236e-03
1.753570318222045898e+00,6.481266975402832031e+00,1.517436385154724121e+00,9.999938607215881348e-01,2.659273566678166389e-03,1.718884217552840710e-03,1.525686238892376423e-03
3.263814449310302734e+00,5.761769294738769531e+00,6.513213157653808594e+00,9.999917745590209961e-01,-2.547312760725617409e-03,3.038154216483235359e-03,8.555789245292544365e-04
2.264123916625976562e+00,1.651559948921203613e+00,2.884434461593627930e+00,9.999996423721313477e-01,-2.329551352886483073e-04,-6.485715275630354881e-04,-6.085465429350733757e-04
4.975768089294433594e+00,2.086691856384277344e+00,1.653967142105102539e+00,9.999972581863403320e-01,1.557261799462139606e-03,-1.749933930113911629e-03,1.983538822969421744e-04
1.316812157630920410e+00,5.500730037689208984e+00,2.566981017589569092e-01,9.999905824661254883e-01,-6.739606033079326153e-05,5.439629312604665756e-04,-4.320231731981039047e-03
2.457921028137207031e+00,2.044200897216796875e+00,1.011374235153198242e+00,9.999997019767761230e-01,-9.845726162893697619e-05,4.662687715608626604e-04,6.600741180591285229e-04
1.354898929595947266e+00,6.305119514465332031e+00,5.934165477752685547e+00,9.999997615814208984e-01,-8.127589535433799028e-05,-4.767907958012074232e-04,-6.113533163443207741e-04
1.533158779144287109e+00,2.313652515411376953e+00,1.048257946968078613e+00,9.997466802597045898e-01,1.708165183663368225e-02,1.447486411780118942e-02,-2.329921117052435875e-03
3.118477463722229004e-01,1.380366206169128418e+00,2.366043090820312500e+00,9.999748468399047852e-01,-3.580028656870126724e-03,6.109111011028289795e-03,-3.431357908993959427e-04
6.145086765289306641e+00,5.433043837547302246e-01,5.703775405883789062e+00,9.999996423721313477e-01,-6.657061167061328888e-04,-3.199758357368409634e-04,-4.665577143896371126e-04
3.771019220352172852e+00,2.848825931549072266e+00,7.404976367950439453e+00,9.999997615814208984e-01,4.182868869975209236e-04,3.286966530140489340e-04,-5.547298351302742958e-04
7.224278926849365234e+00,7.476436138153076172e+00,6.360201239585876465e-01,9.999977350234985352e-01,1.468755654059350491e-03,1.516909251222386956e-04,-1.582446857355535030e-03
6.977879524230957031e+00,7.433306217193603516e+00,5.596654891967773438e+00,9.999513626098632812e-01,3.048019018024206161e-03,-6.958121433854103088e-03,6.293572019785642624e-03
9.088227748870849609e-01,5.318602561950683594e+00,5.359776973724365234e+00,9.999961256980895996e-01,1.831029541790485382e-03,1.630419050343334675e-03,-1.339201582595705986e-03
6.533471584320068359e+00,9.031951427459716797e-01,5.194921493530273438e+00,9.999997615814208984e-01,-3.470994997769594193e-04,-5.351424333639442921e-04,4.862218920607119799e-04
5.281399250030517578e+00,3.061211585998535156e+00,5.228456020355224609e+00,9.999963641166687012e-01,-2.906204899773001671e-04,-4.220631089992821217e-04,2.674717921763658524e-03
4.723654747009277344e+00,5.515973567962646484e+00,4.530200481414794922e+00,9.999980926513671875e-01,-8.574764797231182456e-05,-7.003500941209495068e-04,-1.868187217041850090e-03
5.343867540359497070e-01,5.737179756164550781e+00,1.371156692504882812e+00,9.999995827674865723e-01,-2.111905487254261971e-04,6.819998379796743393e-04,-6.180989439599215984e-04
4.784663677215576172e+00,6.645762443542480469e+00,5.576757431030273438e+00,9.999997615814208984e-01,7.562569226138293743e-05,-4.134757036808878183e-04,5.558772245422005653e-04
1.256451845169067383e+00,4.512911796569824219e+00,5.993534088134765625e+00,9.999861121177673340e-01,-6.265447009354829788e-04,4.400187171995639801e-04,-5.224900785833597183e-03
2.024791240692138672e+00,5.607033729553222656e+00,2.359459161758422852e+00,9.999986290931701660e-01,2.246096119051799178e-04,-1.584364101290702820e-03,5.749466945417225361e-04
2.634094238281250000e+00,7.068631649017333984e-01,5.630070209503173828e+00,9.999989271163940430e-01,4.392601840663701296e-04,-1.337053137831389904e-03,5.671805120073258877e-04
6.982453346252441406e+00,7.459081649780273438e+00,6.514634132385253906e+00,9.999977946281433105e-01,-1.379146007820963860e-03,-4.607014707289636135e-04,-1.541414880193769932e-03
1.289122223854064941e+00,4.125165939331054688e+00,6.173859119415283203e+00,9.998811483383178711e-01,1.359613891690969467e-02,6.643645465373992920e-03,-2.961787395179271698e-03
6.152480602264404297e+00,6.439017295837402344e+00,4.654562950134277344e+00,9.999675750732421875e-01,-5.804918706417083740e-03,1.139547443017363548e-03,-5.466307979077100754e-03
4.692313194274902344e+00,3.797927379608154297e+00,2.789607048034667969e+00,9.999672770500183105e-01,-5.206089932471513748e-03,6.182289682328701019e-03,2.779947244562208652e-04
3.050450563430786133e+00,9.419404268264770508e-01,2.194722175598144531e+00,9.999997019767761230e-01,-5.208311486057937145e-04,-1.804567436920478940e-04,5.848594009876251221e-04
5.100862503051757812e+00,7.102023124694824219e+00,6.795908451080322266e+00,9.999974966049194336e-01,-1.098188149626366794e-04,2.269776770845055580e-03,-1.641743292566388845e-04
5.146970272064208984e+00,2.249288320541381836e+00,1.597164422273635864e-01,9.999997019767761230e-01,-1.638563844608142972e-04,-6.039467407390475273e-04,-5.637514404952526093e-04
1.009972095489501953e+00,6.433147430419921875e+00,5.498409748077392578e+00,9.999989271163940430e-01,-4.108303983230143785e-04,-5.058756796643137932e-04,-1.344600692391395569e-03
6.940061569213867188e+00,5.702810764312744141e+00,1.009438276290893555e+00,9.999961853027343750e-01,9.417896508239209652e-04,1.735930796712636948e-03,-1.921966788358986378e-03
2.776628017425537109e+00,3.498239040374755859e+00,1.153965666890144348e-01,9.999958872795104980e-01,1.761903637088835239e-03,-1.794284675270318985e-03,1.429335563443601131e-03
5.301695346832275391e+00,6.052559375762939453e+00,6.453863143920898438e+00,9.999939203262329102e-01,1.154368394054472446e-03,-2.714634640142321587e-03,1.900827628560364246e-03
3.199100255966186523e+00,5.668700695037841797e+00,3.471038341522216797e+00,9.999989867210388184e-01,-4.350121307652443647e-04,1.578560331836342812e-04,-1.398487482219934464e-03
4.679799079895019531e-01,3.099219799041748047e+00,6.048365592956542969e+00,9.999978542327880859e-01,-8.326122188009321690e-04,-1.029197126626968384e-03,-1.629719976335763931e-03
2.920767068862915039e+00,4.621064662933349609e+00,3.575953245162963867e+00,9.999535679817199707e-01,6.548459641635417938e-03,-4.148114006966352463e-03,-5.722960922867059708e-03
1.409163326025009155e-01,5.823212623596191406e+00,9.160626530647277832e-01,9.999040961265563965e-01,-3.175882855430245399e-03,-1.339244097471237183e-02,1.530512352474033833e-03
4.718969821929931641e+00,2.663535475730895996e-01,2.256150245666503906e+00,9.999905824661254883e-01,3.674748353660106659e-03,-1.775834360159933567e-03,-1.505961874499917030e-03
1.254381895065307617e+00,2.147482395172119141e+00,2.628039360046386719e+00,9.999990463256835938e-01,1.268705120310187340e-03,4.179389798082411289e-04,-5.100512062199413776e-04
1.570551156997680664e+00,1.769175231456756592e-01,5.426177024841308594e+00,9.999982118606567383e-01,1.722232322208583355e-03,-3.951547259930521250e-04,-7.388579542748630047e-04
5.477906227111816406e+00,9.752206206321716309e-01,4.565414905548095703e+00,9.999969601631164551e-01,2.483168849721550941e-03,9.851277718553319573e-05,1.901465002447366714e-04
1.502153575420379639e-01,9.370279312133789062e-01,6.466716289520263672e+00,9.999811053276062012e-01,1.040203496813774109e-03,-5.385802127420902252e-03,-2.797974506393074989e-03
6.489121913909912109e+00,3.279379367828369141e+00,1.590453863143920898e+00,9.999977350234985352e-01,1.539034303277730942e-03,-1.395833562128245831e-03,5.356794572435319424e-04
1.246808886528015137e+00,3.929612636566162109e+00,4.470227718353271484e+00,9.999962449073791504e-01,-5.742702051065862179e-04,4.717350821010768414e-04,2.653692150488495827e-03
1.079621553421020508e+00,5.179288387298583984e+00,2.910249233245849609e+00,9.999997019767761230e-01,-8.247486548498272896e-04,-1.559849188197404146e-04,-2.033279160968959332e-04
2.420117855072021484e+00,7.245228290557861328e+00,3.144238710403442383e+00,9.999964237213134766e-01,5.241804756224155426e-04,-1.085961819626390934e-03,-2.417780458927154541e-03
3.834987163543701172e+00,6.658124446868896484e+00,1.090806365013122559e+00,9.999027252197265625e-01,-1.378902979195117950e-02,1.173287979327142239e-03,1.731796306557953358e-03
6.713423728942871094e+00,7.679951190948486328e-01,3.820293426513671875e+00,9.999638795852661133e-01,-3.661766415461897850e-03,7.374437060207128525e-03,-2.136760158464312553e-03
4.986420154571533203e+00,4.947813034057617188e+00,1.775064229965209961e+00,9.999774098396301270e-01,4.134947666898369789e-04,-6.566814146935939789e-03,1.387817785143852234e-03
6.197330474853515625e+00,6.159176826477050781e+00,4.405245482921600342e-01,9.999687671661376953e-01,-2.880333922803401947e-03,4.766306374222040176e-03,-5.604058969765901566e-03
5.947172164916992188e+00,8.515607714653015137e-01,3.375706672668457031e+00,9.999914765357971191e-01,-9.977032896131277084e-04,3.316688816994428635e-03,2.234590472653508186e-03
3.900212049484252930e+00,5.299676895141601562e+00,6.928084373474121094e+00,9.999362826347351074e-01,-3.845289349555969238e-03,9.844191372394561768e-03,-3.976897336542606354e-03
6.390579342842102051e-01,2.751390218734741211e+00,2.443209886550903320e+00,9.999933838844299316e-01,-2.663948573172092438e-03,2.464537508785724640e-03,-2.343499509152024984e-04
2.226145029067993164e+00,4.982842922210693359e+00,1.681352257728576660e+00,9.999475479125976562e-01,1.537890988402068615e-03,1.000230573117733002e-02,1.629858161322772503e-03
5.925071239471435547e+00,3.933753669261932373e-01,2.802058935165405273e+00,9.999988675117492676e-01,2.735748421400785446e-04,2.685880463104695082e-04,-1.493735122494399548e-03
6.348565578460693359e+00,4.272973060607910156e+00,4.395534992218017578e+00,9.999990463256835938e-01,9.426276665180921555e-04,-4.878395702689886093e-04,-9.406717726960778236e-04
6.136491298675537109e+00,6.704492092132568359e+00,4.093247890472412109e+00,9.999190568923950195e-01,8.943895809352397919e-03,-1.244746265001595020e-03,8.971154689788818359e-03
4.314421176910400391e+00,7.419255733489990234e+00,5.210236549377441406e+00,9.999786019325256348e-01,-5.876850336790084839e-03,2.836330560967326164e-03,-3.985077491961419582e-04
9.215717911720275879e-01,2.611032485961914062e+00,3.713284492492675781e+00,9.998569488525390625e-01,1.199454255402088165e-02,-3.264191560447216034e-03,1.146816741675138474e-02
5.126482486724853516e+00,1.941256880760192871e+00,5.199820518493652344e+00,9.999236464500427246e-01,-6.228108890354633331e-03,7.702866103500127792e-03,-7.393250241875648499e-03
5.472666263580322266e+00,5.445308208465576172e+00,7.233633041381835938e+00,9.999933838844299316e-01,1.311229192651808262e-03,2.035300247371196747e-03,-2.743377583101391792e-03
3.698217868804931641e-01,7.379989147186279297e+00,8.319126367568969727e-01,9.999824762344360352e-01,1.486461726017296314e-03,-5.191825330257415771e-03,-2.444615354761481285e-03
3.568471908569335938e+00,1.608016490936279297e+00,2.547075510025024414e+00,9.999564886093139648e-01,-5.441509652882814407e-03,6.268988363444805145e-03,-4.262977279722690582e-03
5.374337673187255859e+00,4.100747585296630859e+00,6.221878051757812500e+00,9.999512434005737305e-01,-6.688080611638724804e-05,-3.528440836817026138e-03,9.226255118846893311e-03
1.756710052490234375e+00,6.007547855377197266e+00,4.639395236968994141e+00,9.998671412467956543e-01,-8.405826054513454437e-03,3.448688425123691559e-03,-1.353786420077085495e-02
4.715602874755859375e+00,4.295211791992187500e+00,6.084206700325012207e-01,9.997997879981994629e-01,-1.067257020622491837e-02,1.446043141186237335e-02,8.802991360425949097e-03
6.220631122589111328e+00,6.217451095581054688e+00,5.022774219512939453e+00,9.999714493751525879e-01,-5.039312876760959625e-03,2.154055051505565643e-03,-5.212752148509025574e-03
2.249699592590332031e+00,5.585475921630859375e+00,3.873301029205322266e+00,9.999875426292419434e-01,-2.151541877537965775e-03,4.400671925395727158e-03,1.021878328174352646e-03
1.352737188339233398e+00,4.331526756286621094e+00,4.188330650329589844e+00,9.998152256011962891e-01,1.191747467964887619e-02,-1.275176368653774261e-02,8.056973107159137726e-03
5.948025703430175781e+00,4.852162837982177734e+00,3.595395088195800781e+00,9.999986290931701660e-01,1.146154594607651234e-03,-1.012097229249775410e-03,7.523084059357643127e-04
3.946538686752319336e+00,1.552396774291992188e+00,6.323390483856201172e+00,9.999997615814208984e-01,1.708722411422058940e-04,-7.601156248711049557e-04,1.025539586407830939e-05
5.865606307983398438e+00,6.478726387023925781e+00,2.374732255935668945e+00,1.000000000000000000e+00,1.950068108271807432e-04,1.593841261637862772e-05,-1.006821039482019842e-04
4.443124294281005859e+00,1.733362674713134766e-01,5.372269153594970703e+00,9.999799728393554688e-01,-5.340259987860918045e-03,3.421599743887782097e-03,-2.170466541429050267e-05
2.436028003692626953e+00,1.933228969573974609e-01,1.254165530204772949e+00,9.999979138374328613e-01,-7.503560045734047890e-04,-1.357237342745065689e-03,-1.376686734147369862e-03
2.844268798828125000e+00,6.804825782775878906e+00,4.713489055633544922e+00,9.999033808708190918e-01,2.169611398130655289e-03,-1.248922571539878845e-02,-5.705063231289386749e-03
4.955127716064453125e+00,2.183525562286376953e+00,7.304174423217773438e+00,9.999964237213134766e-01,2.242333022877573967e-03,8.023064583539962769e-04,-1.274047652259469032e-03
5.226749420166015625e+00,2.918772697448730469e+00,4.068968296051025391e-01,9.999968409538269043e-01,1.654844032600522041e-03,-1.646820222958922386e-03,-9.061428136192262173e-04
4.245974540710449219e+00,4.150298595428466797e+00,5.917345046997070312e+00,9.999995231628417969e-01,-9.209166746586561203e-04,1.837211166275665164e-04,2.870404568966478109e-04
2.390991926193237305e+00,6.804219722747802734e+00,5.611500263214111328e+00,9.999971985816955566e-01,1.091238227672874928e-03,2.119252458214759827e-03,-3.211391449440270662e-04
5.137354373931884766e+00,5.849839687347412109e+00,5.268467903137207031e+00,9.999812841415405273e-01,4.808586090803146362e-03,3.664640244096517563e-03,-1.018245820887386799e-03
4.270149707794189453e+00,5.347083568572998047e+00,4.041998863220214844e+00,9.999762177467346191e-01,-5.434015300124883652e-03,4.030763171613216400e-03,-1.312120468355715275e-03
1.994508266448974609e+00,4.635457038879394531e+00,1.229536294937133789e+00,9.999986290931701660e-01,-9.852953953668475151e-04,9.780504042282700539e-04,9.773569181561470032e-04
2.028835535049438477e+00,9.619382023811340332e-01,5.453978180885314941e-01,9.999995231628417969e-01,6.629115086980164051e-04,5.930848419666290283e-04,5.550015484914183617e-04
2.267978429794311523e+00,9.416672587394714355e-01,6.470936298370361328e+00,9.998998045921325684e-01,1.341457013040781021e-02,2.589324256405234337e-03,3.714551916345953941e-03
7.089894294738769531e+00,1.993075489997863770e+00,1.166608408093452454e-01,9.999975562095642090e-01,3.715003185789100826e-05,-2.231285208836197853e-03,-1.645828742766752839e-04
4.555389881134033203e+00,1.202499628067016602e+00,5.530053615570068359e+00,9.999996423721313477e-01,5.100183770991861820e-04,4.314222314860671759e-04,6.433179951272904873e-04
2.841055631637573242e+00,7.266213893890380859e+00,4.127968788146972656e+00,9.999994039535522461e-01,-1.107768639485584572e-05,-8.617369458079338074e-04,-7.147950236685574055e-04
4.117320477962493896e-01,3.672373056411743164e+00,3.095141887664794922e+00,9.999977350234985352e-01,1.873457804322242737e-03,9.351662010885775089e-04,-3.394433006178587675e-04
5.726049423217773438e+00,2.077433586120605469e+00,6.094805240631103516e+00,9.999913573265075684e-01,3.449415322393178940e-03,2.302250126376748085e-03,-4.356579447630792856e-04
5.712058544158935547e+00,5.771130561828613281e+00,5.880609512329101562e+00,9.999429583549499512e-01,-4.718649666756391525e-03,-1.540762954391539097e-03,9.454349987208843231e-03
3.665730953216552734e+00,6.552969932556152344e+00,7.167214870452880859e+00,9.998916387557983398e-01,-7.362165022641420364e-03,1.015466544777154922e-02,7.705916184931993484e-03
5.291637897491455078e+00,6.675714254379272461e-01,2.055517196655273438e+00,9.998710155487060547e-01,-8.930861018598079681e-03,8.735428564250469208e-03,1.009958982467651367e-02
7.243446826934814453e+00,5.534773826599121094e+00,5.275499343872070312e+00,9.999969601631164551e-01,1.671383273787796497e-03,7.853345014154911041e-04,1.687994925305247307e-03
2.304069757461547852e+00,5.248081684112548828e+00,4.078099250793457031e+00,9.999193549156188965e-01,4.153042100369930267e-03,6.981991697102785110e-03,-9.767198935151100159e-03
2.433868169784545898e+00,5.939327716827392578e+00,1.079442143440246582e+00,9.999963045120239258e-01,-4.004372749477624893e-04,2.479369984939694405e-03,1.059558475390076637e-03
1.194776892662048340e+00,9.082344174385070801e-01,1.577231168746948242e+00,9.999930262565612793e-01,-6.494778062915429473e-05,-3.473451826721429825e-03,-1.433211145922541618e-03
4.478516578674316406e+00,7.129891395568847656e+00,6.987202644348144531e+00,9.999983906745910645e-01,1.742356806062161922e-03,-1.918461930472403765e-04,5.093680229038000107e-04
6.139629364013671875e+00,3.570918738842010498e-01,6.451598167419433594e+00,9.999871253967285156e-01,4.104631021618843079e-03,-2.844072412699460983e-03,-8.600126602686941624e-04
6.533018589019775391e+00,2.147781997919082642e-01,2.858567237854003906e+00,9.998502731323242188e-01,-1.430987659841775894e-02,-2.769850660115480423e-03,9.328057989478111267e-03
6.428529262542724609e+00,6.668855190277099609e+00,9.404436349868774414e-01,9.999940395355224609e-01,-3.603390068747103214e-04,2.797987079247832298e-03,-2.000216394662857056e-03
5.411381721496582031e+00,5.079359531402587891e+00,4.229498863220214844e+00,9.999982118606567383e-01,1.309404731728136539e-03,-1.123071415349841118e-03,-8.221816387958824635e-04
5.157377243041992188e+00,5.678141117095947266e-01,5.920284390449523926e-01,9.999992251396179199e-01,-3.819565754383802414e-04,-1.225788029842078686e-03,-1.569279702380299568e-04
4.472106933593750000e+00,4.930245399475097656e+00,3.592226266860961914e+00,9.999970793724060059e-01,-1.260946388356387615e-03,1.999985892325639725e-03,-5.154438549652695656e-04
1.240334987640380859e+00,4.812102913856506348e-01,3.496232748031616211e+00,9.999997615814208984e-01,3.901846866938285530e-05,-8.217509457608684897e-05,7.669997285120189190e-04
8.726659417152404785e-01,2.031224489212036133e+00,7.044931888580322266e+00,9.999989867210388184e-01,-1.618540409253910184e-05,1.008550636470317841e-03,1.039713853970170021e-03
6.102623462677001953e+00,5.923077583312988281e+00,4.964195728302001953e+00,9.999921917915344238e-01,-3.616546513512730598e-03,1.384798553772270679e-03,-8.682975312694907188e-04
7.280724525451660156e+00,4.277676582336425781e+00,1.319643259048461914e+00,9.999963045120239258e-01,1.369860372506082058e-03,2.370411297306418419e-03,-1.652025821385905147e-04
6.190022468566894531e+00,3.106866836547851562e+00,2.805913090705871582e-01,9.998735189437866211e-01,1.358965784311294556e-02,3.453385143075138330e-04,-8.262845687568187714e-03
1.699587106704711914e+00,4.471350669860839844e+00,1.376374483108520508e+00,9.999976158142089844e-01,-4.106290289200842381e-04,1.861604861915111542e-03,1.138931023888289928e-03
7.163842201232910156e+00,1.374605655670166016e+00,4.298151969909667969e+00,9.999140501022338867e-01,1.273904740810394287e-02,-2.692897338420152664e-03,1.540011609904468060e-03
9.658343195915222168e-01,4.879149436950683594e+00,4.364845752716064453e+00,9.998885393142700195e-01,8.257036097347736359e-03,1.241512037813663483e-02,7.819341844879090786e-04
1.956341743469238281e+00,3.306148290634155273e+00,5.403627872467041016e+00,9.999996423721313477e-01,3.375432279426604509e-04,-8.258543093688786030e-04,1.381604524794965982e-04
6.305882453918457031e+00,4.026270866394042969e+00,2.186080694198608398e+00,9.999923706054687500e-01,-5.945814773440361023e-04,-3.652152838185429573e-03,-1.250970643013715744e-03
3.241070508956909180e+00,3.244243144989013672e+00,3.110706329345703125e+00,9.999439716339111328e-01,8.425123989582061768e-03,-6.316483952105045319e-03,-1.069079851731657982e-03
6.517300128936767578e+00,7.218091964721679688e+00,5.896800994873046875e+00,9.999988675117492676e-01,1.114485348807647824e-05,5.395787302404642105e-04,1.435128157027065754e-03
6.066977500915527344e+00,1.426518559455871582e+00,5.467926502227783203e+00,9.999983906745910645e-01,-8.877986110746860504e-04,-8.608446805737912655e-04,-1.369588659144937992e-03
3.954420238733291626e-02,3.544422388076782227e+00,1.854958295822143555e+00,9.999990463256835938e-01,1.081391121260821819e-03,8.483813871862366796e-05,9.099437156692147255e-04
3.481212615966796875e+00,9.008374810218811035e-02,4.434861183166503906e+00,9.999996423721313477e-01,-5.028924715588800609e-05,5.746678216382861137e-04,6.467551575042307377e-04
4.152880668640136719e+00,3.300116300582885742e+00,7.043601036071777344e+00,9.999986290931701660e-01,-6.293515325523912907e-04,-3.537531592883169651e-04,1.515334704890847206e-03
6.251557350158691406e+00,9.444234967231750488e-01,3.305477380752563477e+00,9.999840855598449707e-01,-2.456111833453178406e-03,4.272498190402984619e-03,-2.744893077760934830e-03
6.028034210205078125e+00,6.271579265594482422e+00,2.042620897293090820e+00,9.999553561210632324e-01,-2.172318520024418831e-03,1.237497664988040924e-03,-9.120372124016284943e-03
1.629496455192565918e+00,7.025177955627441406e+00,4.891259372234344482e-01,9.999383687973022461e-01,5.471256095916032791e-03,5.467198323458433151e-03,-7.975990884006023407e-03
6.034060001373291016e+00,6.163943290710449219e+00,3.693351745605468750e+00,9.999975562095642090e-01,-5.086119635961949825e-04,6.534501444548368454e-04,2.074128016829490662e-03
3.700366020202636719e+00,2.602136135101318359e+00,4.760309219360351562e+00,9.999976158142089844e-01,-1.383100752718746662e-03,9.071048698388040066e-04,-1.452306751161813736e-03
4.122665226459503174e-01,3.177951812744140625e+00,3.220962762832641602e+00,9.998915195465087891e-01,-1.069661229848861694e-02,-7.483325432986021042e-03,-6.828201003372669220e-03
4.748324871063232422e+00,8.305497169494628906e-01,5.874895572662353516e+00,9.999952316284179688e-01,-1.611379790119826794e-03,-2.593326149508357048e-03,-4.464911180548369884e-04
5.132256031036376953e+00,3.614830970764160156e+00,1.633654952049255371e+00,9.999980330467224121e-01,4.599475360009819269e-04,-1.912968582473695278e-03,4.196099471300840378e-04
6.110172748565673828e+00,6.297019720077514648e-01,2.501386642456054688e+00,9.999983906745910645e-01,5.108451005071401596e-04,1.230700057931244373e-03,-1.249121967703104019e-03
3.262650370597839355e-01,1.561422824859619141e+00,1.699918389320373535e+00,9.999988079071044922e-01,1.304853940382599831e-03,-7.203292916528880596e-04,5.628085928037762642e-04
7.213490009307861328e+00,7.568313479423522949e-01,5.312596559524536133e-01,9.999982714653015137e-01,-2.781789517030119896e-04,1.268376363441348076e-03,-1.391662517562508583e-03
6.890635013580322266e+00,5.222382545471191406e+00,6.064940452575683594e+00,9.999796152114868164e-01,4.949430585838854313e-04,3.340698312968015671e-03,5.417880602180957794e-03
1.075518965721130371e+00,2.675684452056884766e+00,3.992033004760742188e+00,9.999891519546508789e-01,-1.963957212865352631e-03,4.073560237884521484e-03,1.189297530800104141e-03
2.772774696350097656e+00,7.153953552246093750e+00,7.054919719696044922e+00,9.999821186065673828e-01,4.817330278456211090e-03,-3.418904962018132210e-03,-1.006049453280866146e-03
3.946395397186279297e+00,1.741183996200561523e+00,4.283398628234863281e+00,9.999983906745910645e-01,-2.219079033238813281e-04,-1.720542553812265396e-03,-4.342121828813105822e-04
7.208683967590332031e+00,2.334943771362304688e+00,2.608158349990844727e+00,9.999999403953552246e-01,-4.839918110519647598e-04,7.372261734417406842e-07,1.839547767303884029e-04
6.518127918243408203e+00,3.104851484298706055e+00,2.094804048538208008e+00,9.999988675117492676e-01,1.183458254672586918e-03,4.228933248668909073e-04,-9.246701956726610661e-04
4.435806274414062500e+00,7.438242435455322266e+00,2.028227329254150391e+00,9.999958872795104980e-01,2.058423589915037155e-03,-1.986919669434428215e-03,-4.341411986388266087e-04
3.471656322479248047e+00,4.991168498992919922e+00,3.723045587539672852e+00,9.999983906745910645e-01,-8.670145180076360703e-04,1.585036749020218849e-03,-1.619145332369953394e-04
4.482686519622802734e+00,1.041333913803100586e+00,6.734513759613037109e+00,9.999995827674865723e-01,1.094103281502611935e-04,9.201372740790247917e-04,2.830738958436995745e-04
2.404786348342895508e+00,3.099565267562866211e+00,1.687976270914077759e-01,9.999169111251831055e-01,7.389728445559740067e-03,-3.227987093850970268e-03,1.005685236304998398e-02
2.947888612747192383e+00,3.914018273353576660e-01,4.506705760955810547e+00,9.999999403953552246e-01,2.107572508975863457e-04,-3.747558803297579288e-04,-3.019930445589125156e-04
1.626931667327880859e+00,6.474128246307373047e+00,3.687369585037231445e+00,9.999992847442626953e-01,4.643423890229314566e-04,-6.564407958649098873e-04,-9.757679654285311699e-04
3.306771039962768555e+00,7.417731761932373047e+00,7.397399425506591797e+00,9.999995827674865723e-01,-7.035458693280816078e-04,6.841096910648047924e-04,6.094600030337460339e-05
1.369685173034667969e+00,2.284121513366699219e+00,3.843736410140991211e+00,9.999988675117492676e-01,-1.497132179792970419e-04,-1.465413137339055538e-03,4.720670403912663460e-04
3.425279378890991211e+00,6.553395390510559082e-01,1.836682677268981934e+00,9.999797344207763672e-01,3.720898414030671120e-03,-3.100343979895114899e-03,-4.139622207731008530e-03
6.632318973541259766e+00,5.482672214508056641e+00,3.070622205734252930e+00,9.999974966049194336e-01,-2.026986330747604370e-03,9.006992913782596588e-04,-7.009476394159719348e-05
1.665582507848739624e-01,2.209182739257812500e+00,1.640216469764709473e+00,9.999935626983642578e-01,-1.135023892857134342e-03,-2.179160714149475098e-03,2.627497306093573570e-03
1.250775814056396484e+00,6.594839572906494141e+00,4.963087558746337891e+00,9.999993443489074707e-01,7.701557478867471218e-04,6.959586171433329582e-04,5.989836063235998154e-04
4.347157180309295654e-01,3.632248938083648682e-01,4.455713748931884766e+00,9.996787309646606445e-01,1.185024715960025787e-02,4.600188694894313812e-03,-2.193027175962924957e-02
3.002188444137573242e+00,3.058989286422729492e+00,1.065084099769592285e+00,9.998692274093627930e-01,2.709178719669580460e-03,-8.880922687239944935e-04,-1.592496223747730255e-02
4.806304275989532471e-01,5.967968940734863281e+00,1.143295645713806152e+00,9.999970197677612305e-01,-9.160438785329461098e-04,2.290642354637384415e-03,8.850691665429621935e-05
7.297079563140869141e+00,3.275542497634887695e+00,4.730145931243896484e+00,9.999501109123229980e-01,-2.357779303565621376e-03,-9.306947700679302216e-03,-2.777662128210067749e-03
6.402907371520996094e+00,4.905221462249755859e+00,4.588638782501220703e+00,9.999760985374450684e-01,4.287990275770425797e-03,2.109659370034933090e-03,5.007204599678516388e-03
2.025985479354858398e+00,1.237199664115905762e+00,6.888723373413085938e+00,9.999911785125732422e-01,2.919157501310110092e-03,-2.756055211648344994e-03,1.281158532947301865e-03
2.569288730621337891e+00,2.058223247528076172e+00,3.423564672470092773e+00,9.999956488609313965e-01,7.786432397551834583e-04,1.252369722351431847e-03,-2.580775646492838860e-03
3.654845714569091797e+00,7.081635951995849609e+00,5.449066162109375000e+00,9.999748468399047852e-01,6.230117287486791611e-03,2.402415499091148376e-03,-2.390858484432101250e-03
1.625625252723693848e+00,7.028778553009033203e+00,6.402857303619384766e+00,9.999899864196777344e-01,-3.647175151854753494e-03,-2.256751060485839844e-03,-1.334078144282102585e-03
4.094975590705871582e-01,4.880402088165283203e+00,5.529592037200927734e+00,9.999638795852661133e-01,2.809428609907627106e-03,-7.798261940479278564e-03,1.914902473799884319e-03
6.411548614501953125e+00,6.942335605621337891e+00,3.116666078567504883e+00,9.998251795768737793e-01,-1.772255450487136841e-02,5.943851545453071594e-03,4.352224641479551792e-04
2.860102415084838867e+00,4.407816529273986816e-01,5.107986450195312500e+00,9.999973177909851074e-01,-1.932606799528002739e-03,5.666612923960201442e-05,-1.337385270744562149e-03
5.649849891662597656e+00,3.704134225845336914e+00,1.597159266471862793e+00,9.999964833259582520e-01,-1.521707512438297272e-03,-2.097785938531160355e-03,-6.038947612978518009e-04
3.828094482421875000e+00,5.891356468200683594e+00,5.584161281585693359e-01,9.999759793281555176e-01,4.355464130640029907e-03,4.626733250916004181e-03,2.770963357761502266e-03
2.179831504821777344e+00,6.147011280059814453e+00,2.410435199737548828e+00,9.999988079071044922e-01,7.192920893430709839e-04,-1.306761289015412331e-03,5.276661831885576248e-04
2.684767246246337891e+00,4.058941841125488281e+00,7.745006680488586426e-01,9.999124407768249512e-01,9.023303166031837463e-03,6.635492201894521713e-03,-7.049581035971641541e-03
3.587220430374145508e+00,5.578839778900146484e+00,4.715730667114257812e+00,9.997885227203369141e-01,-1.926828362047672272e-02,6.526556797325611115e-03,-3.008974017575383186e-03
2.683566570281982422e+00,6.720707893371582031e+00,5.897815227508544922e+00,1.000000000000000000e+00,-3.200867213308811188e-04,8.386216359212994576e-05,2.047422167379409075e-04
9.264405369758605957e-01,2.742040157318115234e+00,2.633529424667358398e+00,9.999994635581970215e-01,1.225768846779828891e-05,-4.947266425006091595e-04,1.003923942334949970e-03
4.417956829071044922e+00,6.998847961425781250e+00,1.701057553291320801e+00,9.999991059303283691e-01,1.268903957679867744e-03,-1.296389964409172535e-04,5.236203433014452457e-04
6.727555751800537109e+00,5.045156002044677734e+00,3.273930072784423828e+00,9.999983310699462891e-01,1.042449963279068470e-03,1.179634127765893936e-03,-1.001343131065368652e-03
2.023468017578125000e+00,4.382936477661132812e+00,4.247880935668945312e+00,9.999581575393676758e-01,-6.582167930901050568e-03,-3.869131673127412796e-03,5.048286169767379761e-03
1.621492624282836914e+00,6.976365089416503906e+00,5.339485645294189453e+00,9.999750852584838867e-01,-1.675788895227015018e-03,5.169651005417108536e-03,4.518106114119291306e-03
4.835248470306396484e+00,2.384324073791503906e+00,4.157036781311035156e+00,9.999980330467224121e-01,-1.505114487372338772e-03,-1.174520934000611305e-03,6.336316000670194626e-04
6.861962318420410156e+00,2.357726812362670898e+00,2.117326974868774414e+00,9.999642372131347656e-01,7.472917903214693069e-03,3.299099160358309746e-03,2.208948135375976562e-03
1.022425889968872070e+00,7.107421875000000000e+00,2.663911342620849609e+00,9.999215602874755859e-01,-3.211126895621418953e-03,-1.041003596037626266e-02,-6.186477839946746826e-03
6.667036533355712891e+00,3.895380020141601562e+00,5.420151948928833008e-01,9.997649192810058594e-01,-1.226096507161855698e-02,-2.753085922449827194e-03,1.767029613256454468e-02
3.517742872238159180e+00,3.188250780105590820e+00,5.767333507537841797e-01,9.999977946281433105e-01,-1.489813585067167878e-04,-3.756296355277299881e-04,2.084781182929873466e-03
5.347597599029541016e+00,1.392142653465270996e+00,4.439900875091552734e+00,9.996535181999206543e-01,4.241316113620996475e-03,-2.366585470736026764e-02,-1.072237361222505569e-02
4.117456436157226562e+00,7.214318752288818359e+00,7.381646037101745605e-01,9.999986886978149414e-01,-1.498345402069389820e-03,1.515873282187385485e-05,-7.417894084937870502e-04
1.330893754959106445e+00,3.721401453018188477e+00,1.981448531150817871e-01,9.999760389328002930e-01,3.854987444356083870e-03,4.990814253687858582e-03,2.879305509850382805e-03
5.681762218475341797e+00,1.369669556617736816e+00,5.643866539001464844e+00,9.999993443489074707e-01,-2.251115947728976607e-04,-1.097974251024425030e-03,-3.353059582877904177e-04
6.685048580169677734e+00,5.677874684333801270e-01,4.210490226745605469e+00,9.999104142189025879e-01,-6.641555228270590305e-04,-1.086992491036653519e-02,-7.789019960910081863e-03
2.692168951034545898e-01,7.607634663581848145e-01,6.762823104858398438e+00,9.999930262565612793e-01,1.124446978792548180e-03,-3.352833678945899010e-03,-1.186001813039183617e-03
1.086519837379455566e+00,3.478948831558227539e+00,7.124272346496582031e+00,9.999880790710449219e-01,1.972974976524710655e-03,3.182508517056703568e-03,-3.142999717965722084e-03
6.500921726226806641e+00,1.947964549064636230e+00,4.234669685363769531e+00,9.999926090240478516e-01,-3.061654279008507729e-03,9.439545683562755585e-04,2.136963419616222382e-03
1.894375443458557129e+00,1.323432922363281250e+00,6.343974113464355469e+00,9.999276995658874512e-01,-1.048497669398784637e-02,4.522935487329959869e-03,3.768258960917592049e-03
2.753861427307128906e+00,3.991513013839721680e+00,2.257498502731323242e+00,9.999288320541381836e-01,-6.322036962956190109e-03,5.662591662257909775e-03,-8.385775610804557800e-03
4.781116962432861328e+00,2.668704986572265625e+00,3.905975341796875000e+00,9.999981522560119629e-01,-1.710837590508162975e-03,-6.200050120241940022e-04,7.176365470513701439e-04
5.805772781372070312e+00,2.217224836349487305e+00,6.846879482269287109e+00,9.999928474426269531e-01,3.374921856448054314e-03,-1.741061336360871792e-03,1.927106641232967377e-04
4.286453247070312500e+00,4.615581989288330078e+00,3.309062480926513672e+00,9.999960660934448242e-01,5.141260335221886635e-04,2.605788875371217728e-03,9.499264415353536606e-04
6.370389938354492188e+00,4.623047351837158203e+00,3.474241971969604492e+00,9.999995231628417969e-01,4.318800929468125105e-04,9.259862126782536507e-04,4.371282557258382440e-05
2.967956304550170898e+00,3.563117504119873047e+00,5.231601238250732422e+00,9.999474883079528809e-01,6.075462442822754383e-04,-1.014951057732105255e-02,1.331148785538971424e-03
4.402993202209472656e+00,3.700380623340606689e-01,6.204323768615722656e+00,9.999999403953552246e-01,3.133168138447217643e-05,-4.548156866803765297e-04,6.018386557116173208e-05
2.410034656524658203e+00,8.325870633125305176e-01,1.029234409332275391e+00,9.999972581863403320e-01,1.016316236928105354e-03,-2.132620895281434059e-03,2.789910649880766869e-04
1.784496784210205078e+00,4.139247894287109375e+00,2.194539785385131836e+00,9.999933242797851562e-01,-2.643974730744957924e-03,7.507996051572263241e-04,2.435033442452549934e-03
4.984639644622802734e+00,1.814267754554748535e+00,7.351015090942382812e+00,9.999997615814208984e-01,2.671531774467439391e-06,7.981574744917452335e-04,6.454121466958895326e-05
8.410277962684631348e-01,4.829503595829010010e-02,4.337235927581787109e+00,1.000000000000000000e+00,-5.805743785458616912e-05,-1.016989190247841179e-04,2.363627718295902014e-04
3.536340713500976562e+00,9.501947164535522461e-01,6.429890155792236328e+00,9.999997615814208984e-01,3.021064912900328636e-04,-4.231485363561660051e-04,5.188618088141083717e-04
6.905046105384826660e-01,6.581225395202636719e+00,6.613044738769531250e+00,9.999945759773254395e-01,2.226183889433741570e-03,-1.875210553407669067e-03,-1.582645112648606300e-03
4.455039203166961670e-01,5.648559093475341797e+00,4.883185386657714844e+00,9.999988079071044922e-01,7.305834878934547305e-05,2.890127943828701973e-04,-1.549033448100090027e-03
6.080307006835937500e+00,1.769610524177551270e+00,2.125011444091796875e+00,9.999864697456359863e-01,-2.237320179119706154e-03,-2.486006356775760651e-03,-4.001535940915346146e-03
2.236049413681030273e+00,4.141067504882812500e+00,4.247346878051757812e+00,9.998756647109985352e-01,-1.407790556550025940e-02,-6.348688155412673950e-03,3.200176637619733810e-03
1.610733747482299805e+00,5.781015872955322266e+00,5.317762851715087891e+00,9.999545216560363770e-01,6.083108019083738327e-03,6.083823740482330322e-03,-4.132878500968217850e-03
6.424607634544372559e-01,3.478615045547485352e+00,7.418535232543945312e+00,9.999982714653015137e-01,1.880884054116904736e-03,2.065236622001975775e-04,3.872951492667198181e-05
3.088405370712280273e+00,3.063315629959106445e+00,2.888695478439331055e+00,9.999592900276184082e-01,4.448372405022382736e-03,-5.014065187424421310e-03,-6.049340125173330307e-03
5.595641136169433594e+00,4.305911540985107422e+00,4.843193054199218750e+00,9.999676942825317383e-01,-3.239307552576065063e-03,-4.686752334237098694e-03,5.663399584591388702e-03
2.249953031539916992e+00,2.871211528778076172e+00,3.789962768554687500e+00,9.996967315673828125e-01,1.649259775876998901e-02,1.725213415920734406e-02,-6.066905800253152847e-03
6.364275932312011719e+00,6.947254657745361328e+00,4.256916046142578125e+00,9.999917745590209961e-01,3.403182374313473701e-03,-1.955131301656365395e-03,-1.099652261473238468e-03
2.054208040237426758e+00,1.808982253074645996e+00,4.030597686767578125e+00,9.999939203262329102e-01,-9.327797451987862587e-04,1.253607100807130337e-03,-3.139785490930080414e-03
4.416603088378906250e+00,7.165530681610107422e+00,3.880944252014160156e-01,9.999998807907104492e-01,-9.735416097100824118e-05,-5.198129656491801143e-05,5.898269591853022575e-04
4.808531761169433594e+00,1.922842383384704590e+00,6.211444377899169922e+00,9.999989271163940430e-01,1.282470417208969593e-03,5.864711129106581211e-04,-5.200063460506498814e-04
6.272226333618164062e+00,6.897773742675781250e+00,1.553736567497253418e+00,9.999963641166687012e-01,1.761714811436831951e-03,-7.481624488718807697e-04,1.949268160387873650e-03
2.232887506484985352e+00,4.903344631195068359e+00,1.993641495704650879e+00,9.999390840530395508e-01,1.081022201105952263e-03,1.081266533583402634e-02,1.980304252356290817e-03
5.081074237823486328e+00,6.340653419494628906e+00,7.172757625579833984e+00,9.999974966049194336e-01,1.285661943256855011e-03,1.318012364208698273e-03,-1.327311154454946518e-03
2.273854255676269531e+00,4.374533176422119141e+00,8.828650116920471191e-01,9.999926090240478516e-01,-2.593784593045711517e-03,2.374374773353338242e-03,1.547853928059339523e-03
3.528058052062988281e+00,7.137967586517333984e+00,9.407782554626464844e-01,9.999976158142089844e-01,-1.781158382073044777e-03,2.881361288018524647e-04,1.287889317609369755e-03
4.638052463531494141e+00,6.286821842193603516e+00,6.980429649353027344e+00,9.999988675117492676e-01,-6.465219776146113873e-04,4.681332502514123917e-04,-1.307891099713742733e-03
3.974177598953247070e+00,7.460598945617675781e+00,5.160959243774414062e+00,9.999569058418273926e-01,8.633695542812347412e-03,9.146715165115892887e-04,3.288437146693468094e-03
4.201411724090576172e+00,2.261413335800170898e+00,6.817883968353271484e+00,9.999890327453613281e-01,1.685916096903383732e-03,-3.398136235773563385e-03,2.764406614005565643e-03
2.280839443206787109e+00,2.081749916076660156e+00,3.573748111724853516e+00,9.999215602874755859e-01,1.151796709746122360e-02,4.502241034060716629e-03,-1.976124010980129242e-03
2.809615373611450195e+00,6.318012237548828125e+00,3.116605997085571289e+00,9.999607205390930176e-01,2.358160680159926414e-03,8.489213883876800537e-03,-9.525653440505266190e-04
5.021066188812255859e+00,2.880137264728546143e-01,4.919008731842041016e+00,9.996395707130432129e-01,4.349448718130588531e-04,5.813519936054944992e-03,-2.620706520974636078e-02
6.120402812957763672e-01,3.890362262725830078e+00,2.904081940650939941e-01,9.999684095382690430e-01,3.908725455403327942e-03,-6.603607907891273499e-03,2.072354545816779137e-03
2.130750656127929688e+00,5.281130790710449219e+00,4.463117122650146484e+00,9.999960660934448242e-01,2.303488086909055710e-03,-1.604413264431059361e-03,3.484366170596331358e-04
4.712971210479736328e+00,6.961476802825927734e+00,3.246620178222656250e+00,9.999998807907104492e-01,-2.252128615509718657e-04,2.804908217513002455e-05,5.734036676585674286e-04
6.576960682868957520e-01,1.179720163345336914e+00,6.227572441101074219e+00,9.999926686286926270e-01,2.388553926721215248e-03,-6.734065245836973190e-04,-2.925073495134711266e-03
6.365653276443481445e-01,2.552946805953979492e+00,4.579528331756591797e+00,9.999722838401794434e-01,-1.659014378674328327e-03,4.995815921574831009e-03,5.277547519654035568e-03
5.297718524932861328e+00,5.331799507141113281e+00,5.549149513244628906e+00,9.999968409538269043e-01,5.259494064375758171e-04,-1.985697774216532707e-03,1.455106888897716999e-03
1.620378851890563965e+00,1.509575128555297852e+00,3.168218612670898438e+00,9.999982714653015137e-01,-4.324773035477846861e-04,-3.651140723377466202e-04,-1.792595954611897469e-03
3.803753137588500977e+00,4.809457778930664062e+00,4.226952075958251953e+00,9.998636245727539062e-01,1.001092419028282166e-02,7.317646872252225876e-03,1.090987399220466614e-02
2.856103658676147461e+00,5.088453292846679688e+00,2.254489421844482422e+00,9.999982714653015137e-01,1.359629211947321892e-03,-7.778092985972762108e-04,1.069230958819389343e-03
5.746407985687255859e+00,2.820415258407592773e+00,2.411375284194946289e+00,9.999994039535522461e-01,7.206954760476946831e-04,-7.207954186014831066e-04,-5.503732245415449142e-04
7.001238346099853516e+00,3.215054988861083984e+00,6.726452827453613281e+00,9.999268054962158203e-01,-3.531072288751602173e-03,7.521305698901414871e-03,8.795772679150104523e-03
4.731751441955566406e+00,7.234143733978271484e+00,2.738111972808837891e+00,9.999980926513671875e-01,1.400957233272492886e-03,-5.257072625681757927e-04,-1.300184056162834167e-03
4.766182899475097656e+00,5.238941192626953125e+00,1.953316688537597656e+00,9.999961256980895996e-01,1.760320155881345272e-03,-1.043201191350817680e-03,1.919650356285274029e-03
6.399533748626708984e+00,6.854492664337158203e+00,5.928891658782958984e+00,9.999993443489074707e-01,3.547012747731059790e-04,-7.590088061988353729e-04,-7.500039646402001381e-04
3.846502780914306641e+00,3.699030637741088867e+00,4.888339042663574219e+00,9.999295473098754883e-01,-5.473523866385221481e-03,-9.183259680867195129e-03,5.173193756490945816e-03
3.502048492431640625e+00,5.937690258026123047e+00,3.598662853240966797e+00,9.999992847442626953e-01,1.940747461048886180e-04,-3.522837005220935680e-06,-1.225518528372049332e-03
5.865742206573486328e+00,6.300324916839599609e+00,5.872199058532714844e+00,9.999920725822448730e-01,9.484170586802065372e-04,3.866583574563264847e-03,-2.364849788136780262e-04
7.246600627899169922e+00,2.392289638519287109e+00,7.319305896759033203e+00,9.998171329498291016e-01,1.416707690805196762e-02,-1.049145683646202087e-02,-7.410613819956779480e-03
2.687875747680664062e+00,6.820561408996582031e+00,1.498510837554931641e+00,9.999979138374328613e-01,5.493562202900648117e-04,-1.530138542875647545e-03,1.285937149077653885e-03
5.840620040893554688e+00,3.268748760223388672e+00,3.592809915542602539e+00,9.999990463256835938e-01,-1.107756746932864189e-03,8.822102099657058716e-04,-1.573984918650239706e-04
6.999179840087890625e+00,5.321476936340332031e+00,7.271842658519744873e-02,9.999731779098510742e-01,-3.468105336651206017e-03,-3.460697131231427193e-03,-5.446086637675762177e-03
6.054275989532470703e+00,5.821445941925048828e+00,6.845621585845947266e+00,9.998185038566589355e-01,6.669438444077968597e-04,-1.722428016364574432e-02,8.117191493511199951e-03
5.206055164337158203e+00,1.985944032669067383e+00,2.006821393966674805e+00,9.999991655349731445e-01,-8.034275379031896591e-04,-1.545176928630098701e-04,1.062927185557782650e-03
8.180340528488159180e-01,2.506461739540100098e-01,7.189897060394287109e+00,9.999893903732299805e-01,-1.233118353411555290e-03,2.508718520402908325e-03,3.673081751912832260e-03
7.330579757690429688e-01,2.716637253761291504e-01,4.862190246582031250e+00,9.998028874397277832e-01,-1.484667416661977768e-02,7.671231403946876526e-03,1.072642672806978226e-02
6.718777656555175781e+00,1.399404644966125488e+00,4.001003265380859375e+00,9.999920129776000977e-01,2.269907156005501747e-03,3.232064424082636833e-03,6.830275524407625198e-04
5.938828468322753906e+00,3.983739614486694336e+00,7.422462463378906250e+00,9.999995231628417969e-01,7.413128623738884926e-04,7.456486346200108528e-04,1.666186290094628930e-05
1.454653024673461914e+00,5.375528335571289062e+00,3.764826536178588867e+00,9.999992251396179199e-01,1.146558322943747044e-03,4.600294632837176323e-04,-4.053484299220144749e-04
6.995208263397216797e+00,2.139080286026000977e+00,3.827685117721557617e+00,9.999997019767761230e-01,3.265038540121167898e-04,5.343790398910641670e-04,-5.190630909055471420e-04
4.072283267974853516e+00,2.738528847694396973e-01,6.403285980224609375e+00,9.999998807907104492e-01,-3.390303754713386297e-04,-4.041650026920251548e-05,5.266613443382084370e-04
3.580033302307128906e+00,4.195119857788085938e+00,4.089559078216552734e+00,9.999989271163940430e-01,1.246197614818811417e-03,6.724589620716869831e-04,3.173403383698314428e-04
6.104581356048583984e+00,1.808378458023071289e+00,6.730598449707031250e+00,9.999528527259826660e-01,-5.952186184003949165e-04,-1.011298620142042637e-03,9.638932533562183380e-03
7.087249279022216797e+00,1.275108814239501953e+00,1.494616150856018066e+00,1.000000000000000000e+00,9.192141442326828837e-05,-1.708341733319684863e-04,2.255684958072379231e-04
3.567422151565551758e+00,1.798506498336791992e+00,4.377945423126220703e+00,9.999995827674865723e-01,-1.854797446867451072e-04,-8.932548225857317448e-04,-1.913303131004795432e-04
4.665517330169677734e+00,2.604932308197021484e+00,4.647415637969970703e+00,9.999974966049194336e-01,-1.318775233812630177e-03,-6.320836255326867104e-04,1.712556113488972187e-03
6.160403251647949219e+00,4.818993568420410156e+00,2.047986745834350586e+00,9.999965429306030273e-01,-1.484601176343858242e-03,1.783554325811564922e-03,1.299642259255051613e-03
3.407699584960937500e+00,1.482032179832458496e+00,5.241310119628906250e+00,9.999558329582214355e-01,2.409341512247920036e-03,-8.993804454803466797e-03,-1.326403114944696426e-03
4.328782558441162109e-01,4.332124233245849609e+00,6.042226314544677734e+00,9.999982714653015137e-01,1.604318502359092236e-03,4.591991310007870197e-04,-8.624945767223834991e-04
1.369707822799682617e+00,2.144401371479034424e-01,3.712849140167236328e+00,9.999978542327880859e-01,1.816562144085764885e-03,8.438082877546548843e-04,6.559934699907898903e-04
7.440764427185058594e+00,3.213279485702514648e+00,1.813664078712463379e+00,9.999899864196777344e-01,1.655337400734424591e-03,2.447886159643530846e-03,-3.350914921611547470e-03
8.025897741317749023e-01,3.737086057662963867e+00,5.158619403839111328e+00,9.999765753746032715e-01,3.698545973747968674e-03,-4.492126870900392532e-03,-3.605451900511980057e-03
4.605498790740966797e+00,2.625067234039306641e+00,6.333661079406738281e+00,9.999347329139709473e-01,-7.556020282208919525e-03,-8.525030687451362610e-03,-9.539063321426510811e-04
3.362034857273101807e-01,3.097437381744384766e+00,2.045512914657592773e+00,9.999795556068420410e-01,3.022627206519246101e-03,-4.101139958947896957e-03,-3.877283539623022079e-03
2.840225458145141602e+00,3.557996511459350586e+00,3.490312814712524414e+00,9.999944567680358887e-01,2.172098029404878616e-03,2.193536609411239624e-03,1.301338081248104572e-03
5.468916893005371094e+00,4.179522991180419922e+00,2.321502208709716797e+00,9.999812841415405273e-01,-4.879059735685586929e-03,3.703847993165254593e-03,-1.351223327219486237e-04
6.775085449218750000e+00,9.249234795570373535e-01,5.428693294525146484e+00,9.999969005584716797e-01,-1.372480415739119053e-03,-1.625241828151047230e-03,1.363657764159142971e-03
2.559782028198242188e+00,7.459055423736572266e+00,5.438809394836425781e+00,9.999451041221618652e-01,-4.871152341365814209e-03,9.279504418373107910e-03,-2.725071972236037254e-04
1.261928558349609375e+00,5.125879764556884766e+00,1.424941420555114746e+00,9.999915361404418945e-01,5.772602744400501251e-04,-3.580949502065777779e-03,-1.981348264962434769e-03
6.180986404418945312e+00,7.477106094360351562e+00,2.781012058258056641e+00,9.999438524246215820e-01,-8.219312876462936401e-04,1.057244371622800827e-02,-1.964628318091854453e-04
1.639331221580505371e+00,3.633314371109008789e+00,5.998912334442138672e+00,9.999855160713195801e-01,3.475461388006806374e-03,1.016196678392589092e-03,-3.998688887804746628e-03
2.860304594039916992e+00,7.227660179138183594e+00,1.348226904869079590e+00,9.999127388000488281e-01,5.439962260425090790e-03,-1.182022783905267715e-02,2.293474972248077393e-03
2.761251211166381836e+00,2.233971834182739258e+00,9.896062016487121582e-01,1.000000000000000000e+00,1.054553467838559300e-05,-3.196054194631869905e-06,-1.236098887602565810e-05
3.423892736434936523e+00,8.938290476799011230e-01,1.620091676712036133e+00,9.999763965606689453e-01,3.441237844526767731e-03,-2.726176055148243904e-03,-5.291155539453029633e-03
4.991572380065917969e+00,6.754524707794189453e+00,4.370338439941406250e+00,9.999997019767761230e-01,3.977612650487571955e-04,1.308948849327862263e-04,-7.464172667823731899e-04
5.534818649291992188e+00,1.711129993200302124e-01,5.171669960021972656e+00,9.999482631683349609e-01,-7.606611121445894241e-03,-3.385073039680719376e-03,-5.855138879269361496e-03
3.015516519546508789e+00,7.757955789566040039e-01,4.387771129608154297e+00,9.999986290931701660e-01,7.920634816400706768e-04,-1.389170065522193909e-03,-5.359375500120222569e-04
2.429696798324584961e+00,3.844544172286987305e+00,6.312406063079833984e+00,1.000000000000000000e+00,6.011288132867775857e-05,1.341437891824170947e-04,2.343046071473509073e-05
3.256899833679199219e+00,3.964163541793823242e+00,6.660398006439208984e+00,9.999833106994628906e-01,-4.144796170294284821e-03,1.423770678229629993e-03,-3.785485168918967247e-03
3.306882858276367188e+00,2.690042018890380859e+00,4.408634006977081299e-01,9.999571442604064941e-01,-1.435965881682932377e-03,-8.462275378406047821e-03,-3.482838161289691925e-03
6.923683285713195801e-01,5.052112579345703125e+00,5.260672569274902344e-01,9.997974038124084473e-01,-1.833845674991607666e-02,5.032317247241735458e-03,6.593632046133279800e-03
3.365369319915771484e+00,3.022855520248413086e+00,1.537313103675842285e+00,9.999953508377075195e-01,-2.541857073083519936e-03,1.198247191496193409e-03,-1.212354167364537716e-03
4.924085617065429688e+00,1.622324585914611816e-01,2.614682674407958984e+00,9.998428821563720703e-01,-4.597952123731374741e-03,-6.339664687402546406e-04,1.710702292621135712e-02
3.774954319000244141e+00,3.209823369979858398e+00,3.865040063858032227e+00,9.999580383300781250e-01,-3.629914019256830215e-03,-7.213861681520938873e-03,-4.333912394940853119e-03
5.196012020111083984e+00,1.531492829322814941e+00,2.367959976196289062e+00,9.999603629112243652e-01,7.958386093378067017e-03,-3.988469019532203674e-03,1.791613613022491336e-04
2.810150146484375000e+00,1.044298887252807617e+00,5.980986595153808594e+00,9.999973773956298828e-01,-1.097124186344444752e-03,1.357417437247931957e-03,-1.528685796074569225e-03
6.341453075408935547e+00,6.839311599731445312e+00,2.416692495346069336e+00,9.999971985816955566e-01,3.904626646544784307e-04,-1.602244097739458084e-03,-1.719461288303136826e-03
3.842987060546875000e+00,2.001077413558959961e+00,6.114034175872802734e+00,9.999680519104003906e-01,-3.580579534173011780e-03,3.641469404101371765e-03,-6.150046363472938538e-03
1.623216032981872559e+00,5.369862556457519531e+00,5.169131755828857422e+00,9.999663233757019043e-01,7.335869129747152328e-03,1.546322251670062542e-03,-3.365816781297326088e-03
3.911200046539306641e+00,8.250618726015090942e-02,4.383292198181152344e+00,9.999999403953552246e-01,-4.699179262388497591e-04,-1.074234023690223694e-04,-9.351612970931455493e-05
1.858753085136413574e+00,7.291180133819580078e+00,2.806437015533447266e+00,9.999950528144836426e-01,-3.053971799090504646e-03,8.305567898787558079e-04,-1.349241356365382671e-04
3.643122196197509766e+00,3.680664300918579102e+00,2.419326543807983398e+00,9.999976158142089844e-01,8.260805043391883373e-04,1.988904085010290146e-03,4.834258579649031162e-04
6.673739910125732422e+00,7.454887866973876953e+00,4.643806457519531250e+00,9.999333620071411133e-01,-3.759045153856277466e-03,-5.150653421878814697e-03,-9.626567363739013672e-03
1.763554848730564117e-02,4.177979826927185059e-01,5.424155712127685547e+00,9.999965429306030273e-01,3.777828533202409744e-04,2.353959484025835991e-03,-1.175850164145231247e-03
3.960137367248535156e+00,4.666031360626220703e+00,4.984696865081787109e+00,9.999633431434631348e-01,-8.135715499520301819e-03,-1.913113519549369812e-03,1.912441453896462917e-03
6.474993705749511719e+00,5.275210142135620117e-01,7.013685703277587891e+00,9.999996423721313477e-01,-4.697630938608199358e-04,-4.917305195704102516e-04,-5.625616759061813354e-04
4.076834678649902344e+00,4.400783061981201172e+00,5.127819061279296875e+00,9.999197125434875488e-01,-1.204940769821405411e-02,-2.864460228011012077e-03,2.691473579034209251e-03
1.124457359313964844e+00,7.359054088592529297e+00,3.527132511138916016e+00,9.999985098838806152e-01,7.556823547929525375e-04,-6.270752637647092342e-04,1.390295685268938541e-03
6.449979305267333984e+00,4.574522376060485840e-01,3.837500572204589844e+00,9.999902248382568359e-01,-1.327233272604644299e-03,2.865747548639774323e-03,-3.096621250733733177e-03
3.337915241718292236e-01,2.131822824478149414e+00,2.056813478469848633e+00,9.999843239784240723e-01,8.945514564402401447e-04,2.352757845073938370e-03,5.007856059819459915e-03
4.253338336944580078e+00,3.843812942504882812e-01,3.351212739944458008e+00,9.999999403953552246e-01,-1.251659268746152520e-04,-1.033094522426836193e-04,-4.736882401630282402e-04
7.427402973175048828e+00,1.895206689834594727e+00,1.447294950485229492e+00,9.999909400939941406e-01,3.895027097314596176e-03,1.742778462357819080e-03,-2.823490940500050783e-04
4.036877155303955078e+00,2.894094228744506836e+00,5.203535556793212891e+00,9.999904632568359375e-01,2.067878667730838060e-04,4.371678922325372696e-03,2.168719220208004117e-04
8.905242085456848145e-01,2.000957965850830078e+00,6.395781517028808594e+00,9.999992847442626953e-01,1.474056480219587684e-04,-6.129002431407570839e-04,1.091680489480495453e-03
7.461146831512451172e+00,1.369928002357482910e+00,2.569196939468383789e+00,9.999982714653015137e-01,-6.470459047704935074e-04,-1.694376231171190739e-03,4.925999674014747143e-04
8.947433233261108398e-01,7.434943675994873047e+00,7.303821086883544922e+00,9.999991655349731445e-01,-4.327167698647826910e-04,4.083444364368915558e-04,-1.178344246000051498e-03
2.188196659088134766e+00,1.408721566200256348e+00,5.045230984687805176e-01,9.999983906745910645e-01,1.285038888454437256e-03,6.732497131451964378e-04,1.119973720051348209e-03
4.854276180267333984e+00,2.968621015548706055e+00,5.786618709564208984e+00,9.999956488609313965e-01,-1.520414953120052814e-03,-2.542806789278984070e-03,-2.032014599535614252e-04
3.193429470062255859e+00,6.967608451843261719e+00,7.289933562278747559e-01,9.999969005584716797e-01,4.193079366814345121e-04,2.385681960731744766e-03,6.086609791964292526e-04
7.207923889160156250e+00,4.348002910614013672e+00,6.254429817199707031e+00,9.999932646751403809e-01,-1.171415671706199646e-03,-1.930935075506567955e-03,-2.885669702664017677e-03
4.985562801361083984e+00,6.103597164154052734e+00,6.822722434997558594e+00,9.999644756317138672e-01,4.130877088755369186e-03,6.331494543701410294e-03,3.720484441146254539e-03
3.753327131271362305e+00,3.856966495513916016e+00,4.061494350433349609e+00,9.999904632568359375e-01,-3.543713595718145370e-03,1.787360874004662037e-03,1.821115845814347267e-03
4.505624771118164062e+00,4.072453498840332031e+00,5.071778297424316406e-01,9.995262026786804199e-01,-1.911773718893527985e-02,1.996562443673610687e-02,1.353867165744304657e-02
3.451747179031372070e+00,4.485348224639892578e+00,5.122951984405517578e+00,9.999526143074035645e-01,-6.995548959821462631e-03,4.585714079439640045e-03,-4.991044290363788605e-03
7.138597011566162109e+00,2.488862991333007812e+00,4.399270534515380859e+00,9.999777674674987793e-01,-6.592777557671070099e-03,8.797661866992712021e-04,-6.257124477997422218e-04
3.347844600677490234e+00,3.252787828445434570e+00,2.770719289779663086e+00,9.999957680702209473e-01,1.721856970107182860e-04,2.282598754391074181e-03,-1.828774111345410347e-03
4.116773605346679688e+00,4.042612314224243164e-01,5.255930900573730469e+00,9.999989867210388184e-01,-1.409637159667909145e-03,-1.577777002239599824e-04,3.719638625625520945e-04
5.074881553649902344e+00,5.337471961975097656e+00,1.216816306114196777e+00,9.996976256370544434e-01,-1.439214125275611877e-02,-1.519355177879333496e-02,1.291093695908784866e-02
2.757470846176147461e+00,4.956020832061767578e+00,7.399243831634521484e+00,9.998524785041809082e-01,-2.891862066462635994e-03,1.692822016775608063e-02,3.300533571746200323e-04
1.054259762167930603e-01,6.492248058319091797e+00,6.967129230499267578e+00,9.999988079071044922e-01,9.490947122685611248e-04,5.392668535932898521e-04,1.162962638773024082e-03
3.425493240356445312e+00,1.102253556251525879e+00,2.600901126861572266e+00,9.998794794082641602e-01,4.318770370446145535e-04,1.245277374982833862e-02,9.258492849767208099e-03
7.351313591003417969e+00,2.839802265167236328e+00,8.943426609039306641e-01,9.999954700469970703e-01,-1.841335440985858440e-03,-3.256193303968757391e-04,-2.385863568633794785e-03
6.937718868255615234e+00,6.333910465240478516e+00,6.714780330657958984e+00,9.998996853828430176e-01,6.240948103368282318e-03,-3.114386694505810738e-03,1.233045570552349091e-02
1.616629362106323242e+00,6.715255260467529297e+00,6.277589797973632812e+00,9.999913573265075684e-01,-1.660465961322188377e-03,-8.701375336386263371e-04,-3.731066128239035606e-03
4.091311931610107422e+00,5.006749153137207031e+00,8.295486569404602051e-01,9.999899864196777344e-01,2.558242063969373703e-03,3.093296661972999573e-03,-2.008704468607902527e-03
3.711843729019165039e+00,1.022856354713439941e+00,3.072202682495117188e+00,9.999864101409912109e-01,-3.234652336686849594e-03,-4.040024708956480026e-03,6.160952616482973099e-04
4.344050884246826172e+00,1.825207233428955078e+00,1.923804402351379395e+00,9.999968409538269043e-01,-2.096707699820399284e-03,-3.653615713119506836e-04,1.403253525495529175e-03
4.012695312500000000e+00,4.985971450805664062e+00,5.125755310058593750e+00,9.999936223030090332e-01,2.838796470314264297e-03,1.715648453682661057e-03,-1.360276713967323303e-03
7.254720211029052734e+00,7.325253009796142578e+00,5.015903472900390625e+00,9.999856948852539062e-01,-2.349551068618893623e-03,2.424878533929586411e-03,-4.154718946665525436e-03
5.490871667861938477e-01,3.689880132675170898e+00,4.109839439392089844e+00,9.999989867210388184e-01,1.039788709022104740e-03,6.821601418778300285e-04,7.905395468696951866e-04
4.813280582427978516e+00,1.488019943237304688e+00,1.084415793418884277e+00,9.999967813491821289e-01,1.187769812531769276e-03,2.247141208499670029e-03,2.519701956771314144e-04
5.509934902191162109e+00,6.605479240417480469e+00,3.496932268142700195e+00,9.999995231628417969e-01,-2.619379083625972271e-04,2.198296278947964311e-04,9.490252705290913582e-04
2.269461005926132202e-01,3.174450159072875977e+00,6.436055183410644531e+00,9.999611377716064453e-01,-4.017654806375503540e-03,-5.773757002316415310e-04,-7.825022563338279724e-03
1.979995250701904297e+00,6.219658374786376953e+00,4.161637306213378906e+00,9.999731183052062988e-01,6.210263236425817013e-04,-5.572800058871507645e-03,-4.727168940007686615e-03
2.097429037094116211e+00,4.542294025421142578e+00,2.889179468154907227e+00,9.999983310699462891e-01,-1.442285138182342052e-03,4.582220863085240126e-04,-1.088269520550966263e-03
1.418846964836120605e+00,2.645580530166625977e+00,5.009057044982910156e+00,9.999953508377075195e-01,-5.856091738678514957e-04,2.797264838591217995e-03,-1.109099132008850574e-03
5.670518875122070312e+00,7.099145889282226562e+00,6.869038581848144531e+00,9.999985694885253906e-01,-1.223542611114680767e-03,-1.161523512564599514e-03,-3.957140725106000900e-04
5.778012752532958984e+00,6.652960300445556641e+00,4.346038341522216797e+00,9.999966621398925781e-01,-2.357530873268842697e-03,1.058343797922134399e-03,-8.125343447318300605e-05
1.584574103355407715e+00,3.895241022109985352e+00,9.679955989122390747e-02,9.999496936798095703e-01,-5.067009944468736649e-03,-1.978109357878565788e-03,-8.424778468906879425e-03
2.199417114257812500e+00,6.974841594696044922e+00,7.354950428009033203e+00,9.999991059303283691e-01,3.222386876586824656e-04,1.353181665763258934e-03,-2.191302482970058918e-04
2.742992162704467773e+00,5.175045490264892578e+00,4.891348361968994141e+00,9.999953508377075195e-01,-2.388826571404933929e-03,-1.411299454048275948e-03,-1.304323668591678143e-03
6.242238044738769531e+00,5.834842681884765625e+00,3.865024089813232422e+00,9.999984502792358398e-01,7.776315906085073948e-04,8.587646298110485077e-04,1.389082055538892746e-03
6.526794910430908203e+00,7.280225753784179688e+00,5.037418365478515625e+00,9.999981522560119629e-01,5.400481168180704117e-04,-1.556463888846337795e-03,9.769559837877750397e-04
1.342186927795410156e+00,2.573318004608154297e+00,1.035071492195129395e+00,9.997460246086120605e-01,1.651023142039775848e-02,1.517132949084043503e-02,-2.263177884742617607e-03
3.531856536865234375e+00,1.000117778778076172e+00,1.595540791749954224e-01,9.999546408653259277e-01,4.967325367033481598e-04,4.374968353658914566e-03,-8.449310436844825745e-03
6.663106918334960938e+00,6.248629570007324219e+00,2.345284700393676758e+00,9.999998211860656738e-01,-5.637417780235409737e-04,-2.973358787130564451e-04,-2.898563689086586237e-04
6.120961666107177734e+00,6.663622856140136719e+00,6.804669380187988281e+00,9.999980330467224121e-01,-1.973304664716124535e-03,-3.150591801386326551e-04,-2.295059384778141975e-04
3.535868883132934570e+00,6.489549636840820312e+00,3.020668923854827881e-01,9.999986290931701660e-01,1.820204633986577392e-04,1.079138368368148804e-03,-1.290690503083169460e-03
7.294685363769531250e+00,5.121984481811523438e+00,1.968423008918762207e+00,9.999998807907104492e-01,5.133532104082405567e-04,1.977892243303358555e-04,-4.881692439084872603e-05
1.638795495033264160e+00,4.862311363220214844e+00,3.830333054065704346e-02,1.000000000000000000e+00,3.506059292703866959e-04,2.134023670805618167e-04,-1.654553125263191760e-05
2.946212530136108398e+00,6.514266967773437500e+00,1.258913993835449219e+00,9.999866485595703125e-01,4.486262798309326172e-03,1.779798069037497044e-03,1.889931387268006802e-03
4.455198943614959717e-01,7.172312259674072266e+00,4.977587699890136719e+00,9.999995827674865723e-01,-2.787220000755041838e-04,-7.994222687557339668e-05,9.598800097592175007e-04
4.014491558074951172e+00,4.025000572204589844e+00,3.844995260238647461e+00,9.999996423721313477e-01,7.405572105199098587e-04,-3.233950119465589523e-04,4.371334507595747709e-04
6.449152946472167969e+00,4.180670261383056641e+00,9.221088886260986328e-01,9.999957680702209473e-01,-1.503153005614876747e-03,-2.145005622878670692e-03,1.329672057181596756e-03
6.557014942169189453e+00,4.529839992523193359e+00,3.267971277236938477e-01,9.999979734420776367e-01,1.606226549483835697e-03,9.359781979583203793e-04,8.678439189679920673e-04
5.990544319152832031e+00,4.622280120849609375e+00,2.284577846527099609e+00,9.999989271163940430e-01,-3.582776116672903299e-04,1.232231268659234047e-03,8.307513780891895294e-04
1.331529498100280762e+00,5.245981216430664062e+00,1.134329319000244141e+00,9.999979138374328613e-01,1.152186654508113861e-03,-1.399220083840191364e-03,-9.918572613969445229e-04
6.409554958343505859e+00,1.538667082786560059e+00,5.477943897247314453e+00,9.999994039535522461e-01,-1.114860177040100098e-03,2.601579180918633938e-04,-2.052287745755165815e-04
7.205277919769287109e+00,5.266714572906494141e+00,1.495360612869262695e+00,9.999960660934448242e-01,-3.973768980358727276e-05,2.755095949396491051e-03,6.014010286889970303e-04
5.975979328155517578e+00,2.086886167526245117e+00,3.839554071426391602e+00,9.999949336051940918e-01,2.750209532678127289e-03,1.392505015246570110e-03,8.823729585856199265e-04
7.013389587402343750e+00,8.369411230087280273e-01,2.338835895061492920e-01,9.998362660408020020e-01,1.510340254753828049e-02,-4.325543995946645737e-03,-8.979147300124168396e-03
7.271183490753173828e+00,4.794011592864990234e+00,2.881875514984130859e+00,9.999991655349731445e-01,-5.495898658409714699e-04,-3.229164285585284233e-04,1.167518668808043003e-03
5.164144515991210938e+00,4.459059238433837891e+00,2.064188480377197266e+00,9.999983906745910645e-01,8.060657819441985339e-06,-1.784076215699315071e-03,-3.820228157564997673e-04
7.451080322265625000e+00,3.542244195938110352e+00,3.269871950149536133e+00,9.999985098838806152e-01,1.510925707407295704e-03,3.866863553412258625e-04,8.200173033401370049e-04
6.819807529449462891e+00,5.835576057434082031e+00,2.062899827957153320e+00,9.999989867210388184e-01,-1.456718659028410912e-03,1.439509505871683359e-04,-7.774140249239280820e-05
1.699575424194335938e+00,6.755826473236083984e+00,7.439138889312744141e+00,9.998921155929565430e-01,-5.803919862955808640e-03,-9.938596747815608978e-03,9.135454893112182617e-03
3.067857503890991211e+00,9.838124513626098633e-01,2.545262098312377930e+00,9.999942779541015625e-01,-5.709718097932636738e-04,1.491197181167080998e-04,3.353678155690431595e-03
5.085682496428489685e-02,6.460795402526855469e+00,4.920999526977539062e+00,9.999978542327880859e-01,5.926727317273616791e-04,-1.970949117094278336e-03,-4.628519527614116669e-04
3.859236836433410645e-01,3.658704280853271484e+00,2.105887889862060547e+00,9.999954700469970703e-01,1.443179440684616566e-03,-8.582743466831743717e-04,2.526680473238229752e-03
5.823489665985107422e+00,5.739517211914062500e-01,7.386634349822998047e+00,9.999799132347106934e-01,-4.914491437375545502e-03,-3.922233358025550842e-03,-8.308850228786468506e-04
5.532221317291259766e+00,1.503225922584533691e+00,6.325563430786132812e+00,9.999951124191284180e-01,-1.495023141615092754e-03,2.465495606884360313e-03,-1.234841067343950272e-03
9.485533833503723145e-01,4.228729724884033203e+00,4.162410736083984375e+00,9.999842047691345215e-01,5.026369355618953705e-03,2.446230733767151833e-03,-6.929964874871075153e-04
6.364897727966308594e+00,5.418649673461914062e+00,5.502771377563476562e+00,9.999919533729553223e-01,-3.412248101085424423e-03,-2.080439589917659760e-03,3.243882092647254467e-04
4.357531547546386719e+00,2.166641712188720703e+00,2.640897989273071289e+00,9.999306201934814453e-01,-1.102894451469182968e-02,-7.711804937571287155e-04,-4.078601486980915070e-03
1.223327994346618652e+00,3.759331464767456055e+00,1.689469814300537109e+00,9.999836087226867676e-01,1.252852147445082664e-03,5.027866922318935394e-03,2.454416360706090927e-03
6.513476371765136719e+00,2.624846696853637695e+00,4.653468608856201172e+00,9.999940395355224609e-01,-2.633578842505812645e-03,-4.648565663956105709e-04,-2.183564007282257080e-03
5.387373924255371094e+00,5.668176412582397461e-01,6.275361537933349609e+00,9.999442696571350098e-01,-6.725668441504240036e-03,6.548137404024600983e-03,4.834773484617471695e-03
3.244593143463134766e+00,4.621412754058837891e+00,1.450025320053100586e+00,9.999743700027465820e-01,-6.891184952110052109e-03,-1.023086952045559883e-03,1.695998711511492729e-03
6.171865463256835938e+00,5.112265586853027344e+00,2.999221801757812500e+00,9.998885989189147949e-01,1.120910700410604477e-02,-8.590629324316978455e-03,4.843324888497591019e-03
5.693993091583251953e+00,4.142372608184814453e+00,4.337023735046386719e+00,9.999976158142089844e-01,-2.069484326057136059e-04,-5.875289789400994778e-04,2.105751074850559235e-03
5.087431907653808594e+00,2.850193738937377930e+00,4.582257747650146484e+00,9.999997019767761230e-01,-8.377915946766734123e-04,-1.701683504506945610e-04,1.113433609134517610e-04
6.412094831466674805e-01,2.671814203262329102e+00,5.607851982116699219e+00,9.999993443489074707e-01,-9.524893830530345440e-04,-5.575105315074324608e-04,-4.809781385120004416e-04
2.821787357330322266e+00,2.930584430694580078e+00,3.019065380096435547e+00,9.999372363090515137e-01,7.762719877064228058e-03,-6.221981719136238098e-03,-5.153559613972902298e-03
2.280752182006835938e+00,9.842758774757385254e-01,3.467127084732055664e+00,9.997832179069519043e-01,-9.931363165378570557e-03,1.539735868573188782e-02,-9.891987778246402740e-03
7.103560924530029297e+00,3.973286867141723633e+00,2.709636211395263672e+00,9.999988675117492676e-01,-5.203208420425653458e-04,-2.080753074551466852e-05,1.440039486624300480e-03
2.282147645950317383e+00,7.050080299377441406e+00,2.430950164794921875e+00,9.999976754188537598e-01,1.258269534446299076e-03,-1.739345840178430080e-03,-3.055946144741028547e-04
4.095932960510253906e+00,1.391633272171020508e+00,5.128438472747802734e+00,9.999994635581970215e-01,7.108408026397228241e-04,5.886834114789962769e-04,5.447546136565506458e-04
3.722757101058959961e+00,1.517781853675842285e+00,8.555555939674377441e-01,9.999835491180419922e-01,5.686362273991107941e-03,-1.018388284137472510e-04,-8.148686611093580723e-04
4.955724239349365234e+00,3.647764921188354492e+00,2.071492910385131836e+00,9.999997019767761230e-01,-6.136054289527237415e-04,-4.591108299791812897e-04,7.825021384633146226e-06
5.931166648864746094e+00,4.069113254547119141e+00,9.267805218696594238e-01,9.999963641166687012e-01,-1.833803951740264893e-03,-1.763136126101016998e-03,9.515248239040374756e-04
7.634912729263305664e-01,5.697243690490722656e+00,1.128872871398925781e+00,9.999987483024597168e-01,2.043400309048593044e-04,1.458395505324006081e-03,-6.829085177741944790e-04
2.650896072387695312e+00,1.099823713302612305e+00,1.075618147850036621e+00,9.999735355377197266e-01,-6.322685629129409790e-03,3.543730592355132103e-03,7.185125723481178284e-04
3.462865829467773438e+00,4.964767932891845703e+00,4.262657165527343750e+00,9.999894499778747559e-01,2.136491471901535988e-03,2.245717216283082962e-03,3.396512242034077644e-03
1.756840467453002930e+00,1.621887445449829102e+00,1.296312958002090454e-01,9.999961853027343750e-01,3.409048367757350206e-04,7.743127644062042236e-04,2.652782248333096504e-03
5.918123722076416016e+00,2.047458887100219727e+00,1.475383043289184570e+00,9.999927878379821777e-01,3.701020963490009308e-03,4.081584920641034842e-04,-7.921358919702470303e-04
2.174052000045776367e-01,4.751371383666992188e+00,5.304947376251220703e+00,9.999650120735168457e-01,1.906452816911041737e-03,-7.892142981290817261e-03,2.038132864981889725e-03
9.852361679077148438e-01,4.542694568634033203e+00,7.319192886352539062e+00,9.999997019767761230e-01,-8.216157439164817333e-04,9.626254177419468760e-05,1.012473003356717527e-04
6.787351608276367188e+00,1.919615030288696289e+00,8.340199589729309082e-01,9.999993443489074707e-01,-4.347929498180747032e-04,-3.787590248975902796e-04,1.071474980562925339e-03
3.878758668899536133e+00,5.715165138244628906e+00,1.716006398200988770e+00,9.997692704200744629e-01,-1.532962080091238022e-02,-5.033550783991813660e-03,-1.418301556259393692e-02
3.388396501541137695e+00,8.659178018569946289e-01,6.144642829895019531e+00,9.999979734420776367e-01,1.103599672205746174e-03,-1.630929880775511265e-03,-3.705094859469681978e-04
4.329112052917480469e+00,3.023476839065551758e+00,5.128419876098632812e+00,9.999840855598449707e-01,-2.103874925523996353e-03,4.346280824393033981e-03,2.918630139902234077e-03
4.331999778747558594e+00,1.996904015541076660e+00,3.610399246215820312e+00,9.999096989631652832e-01,4.318624734878540039e-03,-1.249752938747406006e-02,-2.426443621516227722e-03
2.573533654212951660e-01,4.233909130096435547e+00,4.512989044189453125e+00,9.999798536300659180e-01,-5.707040545530617237e-04,-3.237022319808602333e-03,-5.442869849503040314e-03
1.379671812057495117e+00,9.911228418350219727e-01,3.331108987331390381e-01,9.999992847442626953e-01,-1.660497509874403477e-04,5.377004272304475307e-04,-1.106721349060535431e-03
3.968438506126403809e-01,4.241732597351074219e+00,1.588071942329406738e+00,9.998970031738281250e-01,-9.010941721498966217e-03,-1.063114963471889496e-02,3.453123150393366814e-03
3.060375690460205078e+00,4.914405822753906250e+00,2.745849609375000000e+00,9.999981522560119629e-01,4.762292082887142897e-04,7.291897054528817534e-05,-1.884855097159743309e-03
3.950706005096435547e+00,5.672884583473205566e-01,2.197344303131103516e-01,9.999915957450866699e-01,3.744604997336864471e-03,-1.381031819619238377e-03,1.027136924676597118e-03
3.369472980499267578e+00,7.336718559265136719e+00,5.305450916290283203e+00,9.999984502792358398e-01,-1.209109090268611908e-03,-1.235645962879061699e-03,-2.610497467685490847e-04
6.893178462982177734e+00,2.762258529663085938e+00,6.160279750823974609e+00,9.999901652336120605e-01,-2.790817990899085999e-03,-1.913592917844653130e-03,-2.889223862439393997e-03
1.520522832870483398e-01,1.888183474540710449e+00,2.331878662109375000e+00,9.999984502792358398e-01,1.209875626955181360e-04,-2.635895507410168648e-04,1.776379649527370930e-03
4.140559673309326172e+00,3.532235622406005859e+00,1.385153412818908691e+00,9.999963641166687012e-01,-2.295231912285089493e-03,1.184987486340105534e-03,-7.628346793353557587e-04
3.214751005172729492e+00,6.099339962005615234e+00,4.566523551940917969e+00,9.999993443489074707e-01,6.615277379751205444e-04,5.172446253709495068e-04,8.477645460516214371e-04
6.661341667175292969e+00,4.988305568695068359e+00,1.829668998718261719e+00,9.999978542327880859e-01,1.516903983429074287e-03,4.832855483982712030e-04,-1.355418819002807140e-03
8.696180582046508789e-01,6.332660198211669922e+00,1.032634824514389038e-01,9.999998807907104492e-01,-5.907242884859442711e-04,-1.530530716991052032e-04,1.444542576791718602e-04
6.449639320373535156e+00,6.577700138092041016e+00,2.926110267639160156e+00,9.999994039535522461e-01,3.702410322148352861e-04,8.567011100240051746e-04,-5.952329956926405430e-04
6.002109527587890625e+00,6.104347109794616699e-01,1.360220789909362793e+00,9.999742507934570312e-01,-4.029135685414075851e-03,8.463097619824111462e-04,5.887899082154035568e-03
2.420851469039916992e+00,1.001937031745910645e+00,5.196851253509521484e+00,9.999997019767761230e-01,-3.839638666249811649e-04,6.915985140949487686e-04,1.068379860953427851e-04
2.769962072372436523e+00,1.266996026039123535e+00,7.377895832061767578e+00,9.999954700469970703e-01,7.797817233949899673e-04,2.921706764027476311e-03,-1.373921986669301987e-04
3.374117612838745117e-01,6.666399955749511719e+00,7.907279133796691895e-01,9.999966621398925781e-01,8.092583739198744297e-04,1.678499393165111542e-03,1.835753209888935089e-03
5.299278497695922852e-01,9.422515034675598145e-01,2.393327236175537109e+00,9.999921917915344238e-01,-2.123289741575717926e-03,1.538907381473109126e-04,-3.355954773724079132e-03
3.266720056533813477e+00,6.954718112945556641e+00,5.536698341369628906e+00,9.999714493751525879e-01,5.523948930203914642e-03,8.953993092291057110e-04,5.079810507595539093e-03
1.817783951759338379e+00,4.618913173675537109e+00,6.545139312744140625e+00,9.998808503150939941e-01,1.256584376096725464e-02,8.475668728351593018e-03,2.934898948296904564e-03
6.336359024047851562e+00,1.086854577064514160e+00,4.639132022857666016e+00,9.999396204948425293e-01,-2.216236433014273643e-03,-9.041774086654186249e-03,5.837821867316961288e-03
3.360051214694976807e-01,6.849272847175598145e-01,1.673659324645996094e+00,9.999753236770629883e-01,4.264516755938529968e-03,-5.541751626878976822e-03,7.368192891590297222e-04
1.976311087608337402e+00,3.197188138961791992e+00,5.755958080291748047e+00,9.999812841415405273e-01,1.463839318603277206e-03,-5.108915269374847412e-03,-3.041966352611780167e-03
3.431069850921630859e+00,2.874604463577270508e+00,7.252336025238037109e+00,9.999981522560119629e-01,-1.752214273437857628e-03,2.081866841763257980e-04,7.119011133909225464e-04
2.224447727203369141e+00,6.786300659179687500e+00,4.875904560089111328e+00,9.999195337295532227e-01,-4.396174103021621704e-03,-8.378339931368827820e-03,8.450106717646121979e-03
4.368792057037353516e+00,5.038194179534912109e+00,6.974956989288330078e+00,9.999933838844299316e-01,2.463003620505332947e-03,2.683532657101750374e-03,2.022876142291352153e-04
3.139791488647460938e+00,4.876394271850585938e+00,6.665590763092041016e+00,9.999947547912597656e-01,-2.849762327969074249e-03,1.297081238590180874e-03,-9.015146642923355103e-04
3.656966090202331543e-01,5.431591510772705078e+00,1.016312122344970703e+00,9.999958276748657227e-01,2.743917517364025116e-03,9.734117193147540092e-04,-1.246564206667244434e-04
4.759070396423339844e+00,5.025473594665527344e+00,2.870304822921752930e+00,9.999049901962280273e-01,-3.278901334851980209e-03,1.031047012656927109e-02,8.543515577912330627e-03
7.274737358093261719e+00,5.918686866760253906e+00,1.020656704902648926e+00,9.999966621398925781e-01,-7.850924248486990109e-07,-2.550354693084955215e-03,-5.361832445487380028e-04
7.228477954864501953e+00,5.633711338043212891e+00,6.526909351348876953e+00,9.999606013298034668e-01,-3.987651783972978592e-03,5.810710135847330093e-03,5.406949669122695923e-03
7.382362842559814453e+00,5.149697780609130859e+00,4.677741527557373047e+00,9.999800920486450195e-01,-5.037009716033935547e-03,-4.102513485122472048e-04,-3.789657261222600937e-03
3.852013111114501953e+00,1.221302270889282227e+00,5.438878536224365234e+00,9.999390840530395508e-01,6.738201045664027333e-05,-1.097049843519926071e-02,1.244710641913115978e-03
7.149145126342773438e+00,1.576527953147888184e+00,1.191746950149536133e+00,9.999992251396179199e-01,-6.412132643163204193e-04,7.081121439114212990e-04,8.765785605646669865e-04
6.648571014404296875e+00,2.722841739654541016e+00,3.610405206680297852e+00,9.998928308486938477e-01,3.445246955379843712e-03,-1.403198298066854477e-02,2.380138495936989784e-03
3.994596958160400391e+00,5.489982604980468750e+00,7.510692477226257324e-01,9.999974966049194336e-01,-3.914967819582670927e-04,1.479547354392707348e-03,-1.625965815037488937e-03
4.452307522296905518e-01,6.398819923400878906e+00,2.730645179748535156e+00,9.999951124191284180e-01,1.017768401652574539e-03,2.161633456125855446e-03,2.051341813057661057e-03
7.051523327827453613e-01,1.002713918685913086e+00,2.917559146881103516e+00,9.999994635581970215e-01,-1.070927362889051437e-03,-2.411717578070238233e-04,1.408128300681710243e-04
2.357863664627075195e+00,3.992991924285888672e+00,8.018083572387695312e-01,9.999703764915466309e-01,-5.249261390417814255e-03,4.510208498686552048e-03,-3.370799124240875244e-03
6.550605773925781250e+00,1.416945815086364746e+00,4.564398288726806641e+00,9.999862313270568848e-01,1.929764752276241779e-03,4.772515967488288879e-04,4.870155826210975647e-03
3.513681888580322266e-01,5.040708780288696289e-01,3.106328010559082031e+00,9.999759793281555176e-01,6.429403554648160934e-03,6.719601224176585674e-04,2.521628048270940781e-03
6.392070293426513672e+00,4.165115356445312500e+00,7.423979759216308594e+00,9.999961256980895996e-01,2.128750318661332130e-03,1.244612038135528564e-03,1.268526422791182995e-03
2.033047199249267578e+00,6.694593906402587891e+00,1.539853811264038086e+00,9.999839067459106445e-01,4.425898659974336624e-03,-3.555710194632411003e-03,-3.587019455153495073e-04
4.364697456359863281e+00,1.761476278305053711e+00,7.337973117828369141e+00,9.999908208847045898e-01,-1.619028858840465546e-03,3.840262303128838539e-03,-1.082776929251849651e-03
4.926083564758300781e+00,6.364038944244384766e+00,2.347254514694213867e+00,9.999991059303283691e-01,-8.931779302656650543e-04,4.807793084182776511e-05,-1.041673589497804642e-03
2.210060119628906250e+00,6.115167617797851562e+00,6.896778106689453125e+00,9.998597502708435059e-01,-6.944585125893354416e-03,3.256510710343718529e-03,-1.488710660487413406e-02
1.371995061635971069e-01,4.490209519863128662e-01,4.366300582885742188e+00,9.997730255126953125e-01,7.829749956727027893e-03,7.243724539875984192e-03,-1.844259165227413177e-02
3.432274580001831055e+00,4.360283851623535156e+00,3.824345588684082031e+00,9.999995231628417969e-01,5.760614294558763504e-04,5.489926552399992943e-04,-6.519023445434868336e-04
4.243364334106445312e+00,7.014865398406982422e+00,2.279822826385498047e+00,9.999942183494567871e-01,-3.099601017311215401e-03,-4.945054533891379833e-04,-1.338646048679947853e-03
5.345335483551025391e+00,5.361135601997375488e-01,5.154374599456787109e+00,9.999984502792358398e-01,-4.731951048597693443e-04,-9.508880903013050556e-04,-1.441316911950707436e-03
4.346984863281250000e+00,3.921236991882324219e-01,6.876255869865417480e-01,9.999983906745910645e-01,1.136613311246037483e-03,6.737231160514056683e-05,1.419688574969768524e-03
1.645169377326965332e+00,2.670621871948242188e+00,2.695253133773803711e+00,9.999660253524780273e-01,-8.150121197104454041e-03,-1.282707671634852886e-03,1.283207093365490437e-04
5.801321506500244141e+00,6.872159957885742188e+00,1.585853695869445801e+00,9.999988079071044922e-01,-1.537020318210124969e-03,-3.569799300748854876e-04,-6.014992322889156640e-05
5.614624977111816406e+00,1.725047469139099121e+00,7.031271457672119141e+00,9.999953508377075195e-01,-2.584906469564884901e-04,2.979133045300841331e-03,-6.612155702896416187e-04
4.785493850708007812e+00,3.339492082595825195e+00,4.550784111022949219e+00,9.999968409538269043e-01,-1.797137665562331676e-03,-1.312596024945378304e-03,1.221745740622282028e-03
3.334995985031127930e+00,6.611434936523437500e+00,6.722407341003417969e+00,9.999993443489074707e-01,6.209486164152622223e-04,-1.016979804262518883e-03,1.635945372981950641e-04
8.973376750946044922e-01,2.624751999974250793e-02,3.311126470565795898e+00,9.999976158142089844e-01,5.744674708694219589e-04,9.333526832051575184e-04,1.911272178404033184e-03
6.227407455444335938e+00,1.259692013263702393e-01,4.558647632598876953e+00,9.999818205833435059e-01,1.991187455132603645e-03,1.519616227596998215e-03,5.493918433785438538e-03
6.871716499328613281e+00,2.994709491729736328e+00,5.768286228179931641e+00,9.999998211860656738e-01,8.058501407504081726e-06,-5.840173689648509026e-04,-3.488766087684780359e-04
1.144157052040100098e+00,4.825528621673583984e+00,6.120525836944580078e+00,9.999886751174926758e-01,3.181271255016326904e-03,3.535421099513769150e-03,1.101820016629062593e-04
5.578810691833496094e+00,6.390270709991455078e+00,4.432237625122070312e+00,9.999934434890747070e-01,-3.350658575072884560e-03,1.062135052052326500e-04,-1.424689777195453644e-03
1.954855322837829590e+00,5.214070796966552734e+00,2.599988222122192383e+00,9.999998211860656738e-01,-5.881233373656868935e-04,2.715136506594717503e-04,-1.512215676484629512e-04
5.231023311614990234e+00,1.861441254615783691e+00,6.728679656982421875e+00,9.999996423721313477e-01,-5.516683449968695641e-04,7.356916321441531181e-04,1.573101617395877838e-04
6.517703056335449219e+00,3.659119129180908203e+00,1.780053526163101196e-01,9.998319149017333984e-01,1.310320012271404266e-02,-1.127812080085277557e-02,-6.101061124354600906e-03
5.155144691467285156e+00,3.488780260086059570e+00,2.809475898742675781e+00,9.996834993362426758e-01,7.457601372152566910e-03,-1.383257191628217697e-02,-1.964533329010009766e-02
2.752953529357910156e+00,7.227709293365478516e+00,1.652972579002380371e+00,9.999901056289672852e-01,-3.119589295238256454e-03,3.146823029965162277e-03,-4.189606988802552223e-04
4.367477893829345703e+00,8.712782263755798340e-01,2.069359540939331055e+00,9.999983906745910645e-01,-8.636765996925532818e-04,1.012510969303548336e-03,1.254052622243762016e-03
5.115006923675537109e+00,5.685068130493164062e+00,2.992885351181030273e+00,9.999276995658874512e-01,-7.525744847953319550e-03,-3.396346233785152435e-03,8.746716193854808807e-03
5.549431324005126953e+00,5.451535701751708984e+00,2.919830977916717529e-01,9.998097419738769531e-01,-1.784796081483364105e-02,5.530416965484619141e-03,5.604539532214403152e-03
1.684593081474304199e+00,7.156943321228027344e+00,4.694185256958007812e+00,9.999823570251464844e-01,-1.487608882598578930e-03,5.477107129991054535e-03,-1.776334014721214771e-03
4.038393974304199219e+00,1.872786879539489746e+00,7.501997470855712891e+00,9.999531507492065430e-01,-5.320767406374216080e-03,6.653591990470886230e-03,-4.611363168805837631e-03
6.839526176452636719e+00,7.111752033233642578e-01,2.711032152175903320e+00,9.999905228614807129e-01,3.454025601968169212e-03,2.047865884378552437e-03,-1.724430825561285019e-03
6.759940147399902344e+00,3.535033941268920898e+00,6.870100975036621094e+00,9.999904036521911621e-01,4.071264527738094330e-03,7.591539761051535606e-04,1.467890571802854538e-03
3.113745212554931641e+00,2.600701570510864258e+00,6.175966262817382812e+00,9.999992251396179199e-01,1.182510633952915668e-03,-5.646953941322863102e-04,1.307914499193429947e-04
9.347661137580871582e-01,1.395848870277404785e+00,3.024964094161987305e+00,9.999991059303283691e-01,-1.170797855593264103e-03,-5.991001962684094906e-04,4.098382778465747833e-04
7.044589519500732422e+00,3.523929834365844727e+00,7.122668266296386719e+00,9.999992251396179199e-01,6.724093691445887089e-04,-8.645430207252502441e-04,-5.645822384394705296e-04
7.245749950408935547e+00,3.839019775390625000e+00,6.070184707641601562e+00,9.999967813491821289e-01,-1.176002086140215397e-03,1.811640337109565735e-03,-1.368024619296193123e-03
3.017386913299560547e+00,1.482984721660614014e-01,1.343282938003540039e+00,9.999826550483703613e-01,4.288304597139358521e-03,-1.792038208805024624e-03,3.609285457059741020e-03
5.172498703002929688e+00,2.705129623413085938e+00,5.145001888275146484e+00,9.999662637710571289e-01,1.204846892505884171e-03,-1.400334062054753304e-03,-8.003860712051391602e-03
7.489617347717285156e+00,5.646948337554931641e+00,6.910273551940917969e+00,9.999589920043945312e-01,-1.225044950842857361e-03,-4.564741160720586777e-03,7.724827155470848083e-03
2.945689439773559570e+00,5.540676116943359375e+00,7.238879203796386719e+00,9.999861717224121094e-01,4.096959717571735382e-03,3.280536737293004990e-03,1.849906257120892406e-04
3.037775754928588867e+00,3.553879022598266602e+00,6.838721752166748047e+00,9.999955892562866211e-01,1.982143614441156387e-03,6.305291317403316498e-04,-2.143740188330411911e-03
1.875679016113281250e+00,4.304456338286399841e-02,4.810368061065673828e+00,9.999953508377075195e-01,1.869008177891373634e-03,-1.357022672891616821e-03,-2.033408032730221748e-03
3.786256074905395508e+00,2.964229583740234375e+00,6.958886146545410156e+00,9.999867677688598633e-01,-2.606345806270837784e-03,-4.435690119862556458e-03,-2.945908054243773222e-04
5.808360576629638672e+00,3.080534458160400391e+00,1.906594514846801758e+00,9.999004006385803223e-01,-5.956885870546102524e-03,-4.173108376562595367e-03,1.209821458905935287e-02
7.114696025848388672e+00,7.046166896820068359e+00,6.276276588439941406e+00,9.999998807907104492e-01,-3.559839096851646900e-04,-4.343863984104245901e-04,-2.097454125760123134e-04
2.079176664352416992e+00,7.467663764953613281e+00,1.921529293060302734e+00,9.997607469558715820e-01,-1.440017856657505035e-02,-1.613590307533740997e-02,-3.296874929219484329e-03
6.685973644256591797e+00,3.901181459426879883e+00,1.766025900840759277e+00,9.999091625213623047e-01,-8.394454489462077618e-04,-1.345597486943006516e-02,1.976685889530926943e-04
2.123121261596679688e+00,6.283432006835937500e+00,1.676006555557250977e+00,9.999985098838806152e-01,-1.231996342539787292e-03,-1.022269832901656628e-03,6.212419248186051846e-04
6.387333393096923828e+00,1.036314487457275391e+00,2.850790321826934814e-01,9.999961256980895996e-01,2.851089520845562220e-04,-2.197611611336469650e-03,-1.710327225737273693e-03
9.644932746887207031e-01,2.049259901046752930e+00,1.117628812789916992e+00,9.999855756759643555e-01,-4.178792238235473633e-03,-1.884671393781900406e-03,-2.802372910082340240e-03
6.128103733062744141e-01,4.284421443939208984e+00,4.138594150543212891e+00,9.999973177909851074e-01,2.023007255047559738e-03,9.635429596528410912e-04,-6.757993251085281372e-04
5.575336933135986328e+00,3.705123424530029297e+00,4.915234565734863281e+00,9.999954700469970703e-01,-2.527376636862754822e-03,1.605860539712011814e-03,-4.186820005998015404e-04
7.020372867584228516e+00,2.736830234527587891e+00,7.298809528350830078e+00,9.999920129776000977e-01,-1.841809949837625027e-03,-1.416215673089027405e-03,3.269629552960395813e-03
2.105798006057739258e+00,2.161372661590576172e+00,4.400741100311279297e+00,9.999328255653381348e-01,1.662484137341380119e-03,-1.120885740965604782e-02,2.426418475806713104e-03
1.659867644309997559e+00,1.292195439338684082e+00,4.043653964996337891e+00,9.999991059303283691e-01,2.636138524394482374e-04,7.681464776396751404e-04,-1.069846446625888348e-03
5.586270809173583984e+00,5.510361194610595703e-01,1.749225258827209473e+00,9.999950528144836426e-01,-2.700335113331675529e-03,-1.517446129582822323e-03,6.610091659240424633e-04
5.680809974670410156e+00,6.699677467346191406e+00,7.411612510681152344e+00,9.999988675117492676e-01,-1.241250778548419476e-03,1.497844641562551260e-04,-9.049559012055397034e-04
6.330048084259033203e+00,4.980191588401794434e-01,2.829378843307495117e+00,9.999809265136718750e-01,1.904065138660371304e-03,5.464069545269012451e-03,-2.155666472390294075e-03
5.456787586212158203e+00,5.838579177856445312e+00,8.375855088233947754e-01,9.999888539314270020e-01,2.994759939610958099e-03,-2.217736560851335526e-03,-2.921412233263254166e-03
4.435464382171630859e+00,1.714017152786254883e+00,3.490118026733398438e+00,9.999730587005615234e-01,4.960403777658939362e-03,-5.384619813412427902e-03,5.776611506007611752e-04
6.643559455871582031e+00,4.107361793518066406e+00,5.159039497375488281e+00,1.000000000000000000e+00,-3.895042755175381899e-05,-1.143057597801089287e-04,3.753739874809980392e-04
3.938132762908935547e+00,4.823168277740478516e+00,6.805034160614013672e+00,9.999940991401672363e-01,-7.361252210102975368e-05,-6.978942546993494034e-04,-3.390037920325994492e-03
4.430673122406005859e+00,3.585608720779418945e+00,1.112732648849487305e+00,9.999979734420776367e-01,7.471687858924269676e-04,1.785544096492230892e-03,-6.970869144424796104e-04
5.985218048095703125e+00,4.295892715454101562e+00,5.659506320953369141e-01,9.999991059303283691e-01,-2.495725639164447784e-04,-1.174151664599776268e-03,-7.118618814274668694e-04
2.835206091403961182e-01,1.823950290679931641e+00,1.148829460144042969e+00,9.999964237213134766e-01,7.249333430081605911e-04,-2.565919654443860054e-03,4.783241893164813519e-04
2.889348506927490234e+00,6.946024417877197266e+00,6.459722042083740234e+00,9.999995231628417969e-01,-3.166568058077245951e-04,-9.504831978119909763e-04,3.347816236782819033e-04
5.145956993103027344e+00,6.986512660980224609e+00,4.649709224700927734e+00,9.999935030937194824e-01,1.110532786697149277e-03,2.122862963005900383e-03,-2.703072736039757729e-03
6.849474906921386719e+00,1.253575444221496582e+00,5.250365734100341797e+00,9.999980926513671875e-01,-1.054529217071831226e-03,7.580451783724129200e-04,1.485947403125464916e-03
3.058702468872070312e+00,2.251496911048889160e-01,6.094517230987548828e+00,9.999989271163940430e-01,-1.545175036881119013e-04,-1.783864718163385987e-04,1.463474822230637074e-03
2.608496189117431641e+00,1.193756461143493652e+00,6.586215972900390625e+00,9.999940395355224609e-01,-1.006689737550914288e-03,-3.308365354314446449e-03,3.178074839524924755e-04
2.761019706726074219e+00,2.309499263763427734e+00,3.265346050262451172e+00,9.999968409538269043e-01,1.520020305179059505e-03,1.142854685895144939e-03,1.682665664702653885e-03
4.588630676269531250e+00,1.605913639068603516e-01,5.697311401367187500e+00,9.999952912330627441e-01,2.816557418555021286e-03,-7.107244164217263460e-05,-1.256553572602570057e-03
7.381108283996582031e+00,4.783845901489257812e+00,5.168811604380607605e-02,9.999993443489074707e-01,-3.908582439180463552e-04,4.799236194230616093e-04,-1.033744541928172112e-03
6.788892745971679688e+00,5.051404476165771484e+00,6.317441940307617188e+00,9.999772906303405762e-01,2.493555191904306412e-03,2.123134676367044449e-03,5.893533583730459213e-03
3.143900156021118164e+00,6.880721569061279297e+00,1.492026686668395996e+00,9.999988079071044922e-01,2.580643631517887115e-04,4.252215148881077766e-04,1.517241937108337879e-03
1.953574776649475098e+00,5.123421669006347656e+00,4.874242782592773438e+00,9.999959468841552734e-01,2.036817604675889015e-03,-1.681872061453759670e-03,1.114817219786345959e-03
5.189090371131896973e-01,2.810055255889892578e+00,1.996956914663314819e-01,9.999967813491821289e-01,-1.098374254070222378e-03,-1.698946114629507065e-03,1.596416812390089035e-03
5.373936653137207031e+00,4.257161915302276611e-02,1.873920798301696777e+00,9.999971389770507812e-01,-8.635316626168787479e-04,-1.994863152503967285e-03,-1.033768989145755768e-03
5.359551429748535156e+00,7.136919975280761719e+00,6.456714630126953125e+00,9.999495148658752441e-01,4.069572605658322573e-04,7.787079084664583206e-03,-6.343448068946599960e-03
2.189185142517089844e+00,6.317918896675109863e-01,5.947415828704833984e+00,9.999902844429016113e-01,-7.304084720090031624e-04,1.682143891230225563e-03,-4.026247188448905945e-03
5.797141551971435547e+00,2.993057489395141602e+00,3.247621059417724609e+00,9.999986290931701660e-01,8.658700971864163876e-04,1.057173241861164570e-03,-9.654755122028291225e-04
1.818144202232360840e+00,4.089523792266845703e+00,6.178421974182128906e+00,9.999880790710449219e-01,1.509162248112261295e-03,2.308066003024578094e-03,4.025523550808429718e-03
3.411601483821868896e-01,4.489238739013671875e+00,6.365307331085205078e+00,9.999970197677612305e-01,1.593981054611504078e-03,4.691998765338212252e-04,-1.826365245506167412e-03
4.696121692657470703e+00,4.579462528228759766e+00,4.601656436920166016e+00,9.991785287857055664e-01,3.259804099798202515e-02,6.458201911300420761e-03,2.319615148007869720e-02
3.686479330062866211e+00,2.914762794971466064e-01,7.365357875823974609e+00,9.999988079071044922e-01,-1.012367312796413898e-03,-6.996542215347290039e-04,1.015666639432311058e-03
2.446372985839843750e+00,6.561151504516601562e+00,4.278440475463867188e+00,9.999901056289672852e-01,-3.447822993621230125e-03,-8.890182944014668465e-04,2.683884464204311371e-03
5.410299301147460938e-01,6.980271339416503906e+00,2.735798835754394531e+00,9.999982714653015137e-01,1.130481949076056480e-03,-1.476214616559445858e-03,-2.022075932472944260e-04
7.340849876403808594e+00,1.836286306381225586e+00,5.484331130981445312e+00,9.999995231628417969e-01,-3.923826443497091532e-04,-5.954003427177667618e-04,7.253150688484311104e-04
3.106911897659301758e+00,3.508938312530517578e+00,3.210187256336212158e-01,9.999986886978149414e-01,1.442470820620656013e-03,4.716500116046518087e-04,6.924144108779728413e-04
5.555964469909667969e+00,8.091669082641601562e-01,7.429469108581542969e+00,9.999979734420776367e-01,-1.571054221130907536e-03,-1.270432956516742706e-03,-3.125964140053838491e-04
7.156432628631591797e+00,6.405260086059570312e+00,2.572310924530029297e+00,9.999998211860656738e-01,-5.311051063472405076e-05,-6.998134194873273373e-04,-2.013806079048663378e-04
4.108326435089111328e+00,3.276855945587158203e+00,4.027748107910156250e+00,9.999991655349731445e-01,8.195262053050100803e-04,7.266993052326142788e-04,-7.911036373116075993e-04
3.789382219314575195e+00,6.424276351928710938e+00,5.716891765594482422e+00,9.999825954437255859e-01,-5.644677206873893738e-03,5.004511913284659386e-04,1.658544526435434818e-03
3.330851793289184570e+00,4.965421557426452637e-01,4.572987556457519531e+00,9.999958872795104980e-01,2.158494433388113976e-03,-2.352598239667713642e-04,1.916987472213804722e-03
3.276520252227783203e+00,7.281890392303466797e+00,4.536481380462646484e+00,9.999970197677612305e-01,3.351424529682844877e-04,-2.647737273946404457e-04,2.426499500870704651e-03
4.629646778106689453e+00,1.506823301315307617e+00,5.184221744537353516e+00,9.999990463256835938e-01,1.057331683114171028e-03,7.856090669520199299e-04,5.155550315976142883e-04
7.125130653381347656e+00,7.402897357940673828e+00,1.509558796882629395e+00,9.999956488609313965e-01,-1.412928453646600246e-03,1.549553591758012772e-03,2.098474651575088501e-03
1.939094662666320801e+00,2.593131780624389648e+00,6.142405509948730469e+00,1.000000000000000000e+00,-1.173865020973607898e-04,-7.362368342000991106e-05,3.634417080320417881e-04
6.178153991699218750e+00,6.232433795928955078e+00,1.191457271575927734e+00,9.999979734420776367e-01,-1.029852195642888546e-03,1.756840851157903671e-03,1.740620646160095930e-04
5.929132938385009766e+00,8.555110692977905273e-01,4.729405879974365234e+00,9.999994635581970215e-01,9.134031133726239204e-04,5.752984434366226196e-04,6.345364818116649985e-05
7.085081100463867188e+00,6.903299808502197266e+00,2.706474781036376953e+00,9.999997615814208984e-01,-3.447652852628380060e-04,-4.637097590602934361e-04,4.632624331861734390e-04
1.654975414276123047e+00,7.259697437286376953e+00,4.997755527496337891e+00,9.999851584434509277e-01,-5.614474648609757423e-04,4.483321215957403183e-03,-3.057527355849742889e-03
6.899818897247314453e+00,5.875962257385253906e+00,6.016472816467285156e+00,9.999990463256835938e-01,2.923368010669946671e-04,-2.970418427139520645e-04,1.367846853099763393e-03
8.084643483161926270e-01,6.161785125732421875e-01,3.033692598342895508e+00,9.999970793724060059e-01,1.027949547278694808e-04,-1.602147123776376247e-03,1.822827733121812344e-03
3.091098546981811523e+00,6.154133319854736328e+00,2.176002264022827148e+00,9.999987483024597168e-01,5.462102708406746387e-04,1.447570743039250374e-03,3.434860263951122761e-04
3.111400127410888672e+00,7.342093944549560547e+00,1.182029724121093750e+00,9.998915195465087891e-01,7.379350718110799789e-03,-1.221717055886983871e-02,3.644709475338459015e-03
5.492594242095947266e+00,5.782142639160156250e+00,5.644901275634765625e+00,9.999514818191528320e-01,-7.029500324279069901e-03,-2.160147763788700104e-03,6.552617996931076050e-03
2.226671695709228516e+00,5.828655719757080078e+00,4.819807708263397217e-01,9.999970793724060059e-01,3.438637941144406796e-05,-1.116888946853578091e-03,2.157758222892880440e-03
1.599521517753601074e+00,3.655129909515380859e+00,7.166331291198730469e+00,9.999450445175170898e-01,-8.437381125986576080e-03,5.235434975475072861e-03,3.368023782968521118e-03
2.991994142532348633e+00,2.459735870361328125e+00,7.238024711608886719e+00,9.999930858612060547e-01,-2.782649360597133636e-03,2.016772050410509109e-03,1.470340532250702381e-03
5.492748737335205078e+00,6.733988285064697266e+00,5.194343566894531250e+00,9.999355673789978027e-01,-9.577897377312183380e-03,-3.070998704060912132e-03,-5.270799621939659119e-03
7.409828186035156250e+00,6.841808795928955078e+00,1.198315382003784180e+00,9.999598264694213867e-01,3.052232088521122932e-03,5.891153123229742050e-03,6.029073148965835571e-03
6.510076999664306641e+00,2.350776672363281250e+00,3.810669660568237305e+00,9.999933242797851562e-01,4.164043639320880175e-04,3.416839754208922386e-03,-1.222313498146831989e-03
7.111009597778320312e+00,4.609429836273193359e+00,5.576750278472900391e+00,9.999993443489074707e-01,1.146922470070421696e-03,3.429167554713785648e-04,-6.563521310454234481e-05
1.219450592994689941e+00,7.261067867279052734e+00,7.134603977203369141e+00,9.999965429306030273e-01,-2.189798979088664055e-03,1.090068952180445194e-03,-1.007945276796817780e-03
2.727547168731689453e+00,3.863205432891845703e+00,5.559876441955566406e+00,9.999978542327880859e-01,-6.641232757829129696e-04,4.024927620775997639e-04,1.918942783959209919e-03
7.187254905700683594e+00,3.562176227569580078e+00,5.721865653991699219e+00,9.998854994773864746e-01,-4.264849703758955002e-03,5.107650533318519592e-03,-1.359087135642766953e-02
2.823506832122802734e+00,7.322656154632568359e+00,6.143561363220214844e+00,9.999997019767761230e-01,-4.541315320238936692e-06,-2.673545677680522203e-04,8.199551957659423351e-04
1.051548600196838379e+00,7.487170219421386719e+00,1.883511424064636230e+00,9.999990463256835938e-01,1.217078301124274731e-03,7.051516440697014332e-04,-2.101936261169612408e-04
3.406535625457763672e+00,2.365235090255737305e+00,2.864310741424560547e+00,9.999865293502807617e-01,1.097986940294504166e-03,-7.871304987929761410e-04,5.024861544370651245e-03
3.639363288879394531e+00,5.842357158660888672e+00,2.375808715820312500e+00,9.999970197677612305e-01,-1.412754761986434460e-03,1.821120386011898518e-03,8.833478204905986786e-04
1.241783142089843750e+00,9.751380085945129395e-01,1.147502422332763672e+00,9.999845623970031738e-01,2.129956701537594199e-04,-3.186965128406882286e-03,-4.567599389702081680e-03
1.061601281166076660e+00,4.288272380828857422e+00,2.755098104476928711e+00,9.999250173568725586e-01,-1.165580586530268192e-03,-4.115668125450611115e-03,1.147330366075038910e-02
5.401282787322998047e+00,6.683166027069091797e+00,4.078771591186523438e+00,9.999904036521911621e-01,-2.304320223629474640e-03,-6.793386419303715229e-04,3.680642228573560715e-03
5.127429485321044922e+00,2.103129386901855469e+00,6.169183731079101562e+00,9.999984502792358398e-01,1.161103020422160625e-03,1.220260979607701302e-03,6.012964877299964428e-04
2.963615179061889648e+00,7.234544754028320312e+00,4.629503726959228516e+00,9.999933838844299316e-01,2.406337807769887149e-05,3.694066253956407309e-04,3.632133593782782555e-03
3.691466093063354492e+00,2.044476747512817383e+00,5.660998821258544922e-01,9.999458789825439453e-01,1.019206270575523376e-02,-1.147318398579955101e-03,1.742520602419972420e-03
5.704336643218994141e+00,2.973386049270629883e-01,4.599753379821777344e+00,9.999859333038330078e-01,5.000761710107326508e-03,-1.184134394861757755e-03,-1.326198689639568329e-03
5.372219160199165344e-02,6.611018657684326172e+00,1.921699643135070801e+00,9.999297857284545898e-01,-6.745664402842521667e-03,7.551217917352914810e-03,-6.153661757707595825e-03
4.946477413177490234e+00,2.756078243255615234e+00,4.926013648509979248e-01,9.999988675117492676e-01,-4.479225608520209789e-04,8.731511188670992851e-04,-1.168556511402130127e-03
2.060400485992431641e+00,2.019128322601318359e+00,6.682432651519775391e+00,9.999054670333862305e-01,-1.943089184351265430e-03,1.347001548856496811e-02,2.007395029067993164e-03
3.080744266510009766e+00,2.238017320632934570e+00,6.554101943969726562e+00,9.999905228614807129e-01,3.325079567730426788e-03,-2.827238524332642555e-03,-7.165809802245348692e-05
2.583343982696533203e-01,4.492222666740417480e-01,1.878333449363708496e+00,9.999743103981018066e-01,5.788836162537336349e-03,-4.150640685111284256e-03,8.535016095265746117e-04
7.273393630981445312e+00,8.643688559532165527e-01,7.106605529785156250e+00,9.999979138374328613e-01,-1.634692191146314144e-03,-1.192389754578471184e-03,-3.316992369946092367e-04
5.632489681243896484e+00,2.139773219823837280e-01,1.719786524772644043e+00,9.999989271163940430e-01,-1.380312023684382439e-03,5.884462152607738972e-04,-2.075051743304356933e-04
4.506191253662109375e+00,2.887336969375610352e+00,7.450312614440917969e+00,9.999929070472717285e-01,2.627942478284239769e-03,2.479693386703729630e-03,1.039803144522011280e-03
1.269676804542541504e+00,2.763789176940917969e+00,3.179693698883056641e+00,9.999896287918090820e-01,2.586125163361430168e-03,2.678475808352231979e-03,-2.616613870486617088e-03
5.944490432739257812e-01,1.873776197433471680e+00,3.534344434738159180e-01,9.999682903289794922e-01,-1.981404842808842659e-03,-1.653988496400415897e-03,-7.536857854574918747e-03
7.714625597000122070e-01,6.219092845916748047e+00,5.368911266326904297e+00,9.999991655349731445e-01,4.447101091500371695e-04,2.102606813423335552e-04,-1.231735805049538612e-03
5.473924636840820312e+00,5.208123207092285156e+00,6.252158641815185547e+00,9.998828172683715820e-01,3.499105107039213181e-03,-1.260663475841283798e-02,7.949626073241233826e-03
3.933571577072143555e+00,8.704712986946105957e-01,3.339653730392456055e+00,9.999994039535522461e-01,-1.821930200094357133e-04,-9.695334592834115028e-04,-5.332575528882443905e-04
3.717998266220092773e+00,6.770955562591552734e+00,5.683594226837158203e+00,9.998838901519775391e-01,1.070232037454843521e-02,1.892170868813991547e-03,-1.068592537194490433e-02
4.754969120025634766e+00,5.952804088592529297e+00,6.101914882659912109e+00,9.999995231628417969e-01,-4.703961021732538939e-04,-8.958895341493189335e-04,3.128372482024133205e-04
7.060928344726562500e+00,6.275038719177246094e+00,1.060121059417724609e+00,9.999985694885253906e-01,9.765017312020063400e-04,4.033806617371737957e-04,-1.374917803332209587e-03
6.246275901794433594e+00,3.963064670562744141e+00,2.292193174362182617e-01,9.999917745590209961e-01,2.941199345514178276e-03,2.528403885662555695e-03,-1.231732894666492939e-03
3.089581251144409180e+00,5.519660949707031250e+00,6.649066925048828125e+00,9.999325275421142578e-01,9.792112745344638824e-03,4.624994471669197083e-03,4.221828188747167587e-03
4.331002712249755859e+00,1.802469253540039062e+00,3.090694189071655273e+00,9.998230338096618652e-01,-1.668208651244640350e-02,-2.855986123904585838e-03,8.212467655539512634e-03
3.243140697479248047e+00,3.734287977218627930e+00,1.057910203933715820e+00,9.999998211860656738e-01,-9.575357398716732860e-05,4.808376543223857880e-04,5.281031480990350246e-04
4.523818969726562500e+00,2.869239330291748047e+00,1.040111780166625977e+00,9.999553561210632324e-01,-4.168259911239147186e-03,5.121998023241758347e-03,6.768002640455961227e-03
4.747935295104980469e+00,1.615215063095092773e+00,5.990256309509277344e+00,9.999992251396179199e-01,1.102125854231417179e-03,3.776072990149259567e-04,-5.882119876332581043e-04
4.622725963592529297e+00,1.011042952537536621e+00,7.124657630920410156e+00,9.999995231628417969e-01,-1.036899862810969353e-03,8.121802966343238950e-05,-1.744084729580208659e-04
6.455141544342041016e+00,2.722266912460327148e+00,6.493120670318603516e+00,9.999921321868896484e-01,-1.051626168191432953e-03,3.578104544430971146e-03,1.393768005073070526e-03
5.946563243865966797e+00,1.548968434333801270e+00,3.295627832412719727e+00,9.999997615814208984e-01,-6.492240354418754578e-04,-3.577367751859128475e-04,3.267189895268529654e-04
4.914221286773681641e+00,7.125330448150634766e+00,5.579161643981933594e+00,9.999979734420776367e-01,2.051153685897588730e-03,-1.264011953026056290e-04,-3.419424274397897534e-06
9.591885656118392944e-02,6.098610401153564453e+00,5.013686180114746094e+00,9.999880194664001465e-01,1.826400519348680973e-03,-4.383815452456474304e-03,-1.201806473545730114e-03
2.032349824905395508e+00,1.126054048538208008e+00,2.807196855545043945e+00,9.998918175697326660e-01,2.483180956915020943e-03,2.967903856188058853e-04,-1.449981890618801117e-02
4.989836215972900391e+00,2.520380355417728424e-02,1.093120798468589783e-01,9.999909996986389160e-01,-1.305066747590899467e-03,2.236318541690707207e-03,3.374296007677912712e-03
4.576746463775634766e+00,2.416149616241455078e+00,2.651657342910766602e+00,9.998238086700439453e-01,8.512433618307113647e-03,1.201102882623672485e-02,-1.165090873837471008e-02
4.534759998321533203e+00,4.332395076751708984e+00,4.895668506622314453e+00,9.999953508377075195e-01,8.934529032558202744e-04,4.514077445492148399e-04,2.903103595599532127e-03
4.947177886962890625e+00,6.261522173881530762e-01,6.432363986968994141e+00,9.999616742134094238e-01,-6.556949578225612640e-03,-5.145012401044368744e-03,-2.696727402508258820e-03
6.819205760955810547e+00,1.090224623680114746e+00,4.796858310699462891e+00,9.999981522560119629e-01,7.715378160355612636e-06,-1.039590802974998951e-03,1.650033751502633095e-03
1.125296115875244141e+00,7.316018104553222656e+00,6.244794368743896484e+00,9.999567270278930664e-01,-3.162948647513985634e-03,6.567552220076322556e-03,-5.781814921647310257e-03
3.815161943435668945e+00,6.801169872283935547e+00,3.517613172531127930e+00,9.999985694885253906e-01,-6.215957691892981529e-04,1.556847360916435719e-03,-2.836286730598658323e-04
5.658841133117675781e+00,6.971239566802978516e+00,1.309539437294006348e+00,9.999995827674865723e-01,-4.415208823047578335e-04,5.050456966273486614e-04,-6.548894452862441540e-04
4.775486469268798828e+00,6.351561069488525391e+00,1.232201814651489258e+00,9.999592304229736328e-01,6.221598014235496521e-03,4.054731689393520355e-03,-5.143296439200639725e-03
6.859462261199951172e+00,4.708070755004882812e+00,1.768529295921325684e+00,9.999754428863525391e-01,1.610074104974046350e-04,-6.704714149236679077e-03,2.069656737148761749e-03
3.241806745529174805e+00,5.485155105590820312e+00,7.060873985290527344e+00,9.999948740005493164e-01,2.633705036714673042e-03,-8.903573616407811642e-04,1.644301461055874825e-03
9.495754241943359375e-01,8.388458490371704102e-01,1.167173385620117188e+00,9.999815225601196289e-01,-4.282211011741310358e-04,-3.741058055311441422e-03,-4.774125758558511734e-03
4.864048480987548828e+00,3.525381803512573242e+00,3.498975515365600586e+00,9.999382495880126953e-01,1.051648799329996109e-02,2.364584477618336678e-03,2.703942824155092239e-03
2.798014879226684570e+00,2.858215332031250000e+00,7.064164638519287109e+00,9.999836683273315430e-01,4.404488950967788696e-03,-3.474333789199590683e-03,1.144766691140830517e-03
3.280773878097534180e+00,2.222965478897094727e+00,1.717791795730590820e+00,9.999992847442626953e-01,6.419272976927459240e-04,8.291131816804409027e-04,6.853623199276626110e-04
4.615950584411621094e+00,3.746881246566772461e+00,1.992962241172790527e+00,9.998462200164794922e-01,1.514036790467798710e-03,-1.212649326771497726e-02,-1.258195005357265472e-02
5.137162685394287109e+00,5.077865600585937500e+00,6.071303844451904297e+00,9.999964237213134766e-01,2.417351584881544113e-03,-1.125553506426513195e-03,-4.319490690249949694e-04
2.562364101409912109e+00,7.010409832000732422e+00,6.619188785552978516e+00,9.999996423721313477e-01,-3.439109423197805882e-04,-7.212201016955077648e-04,4.668704641517251730e-04
6.720244884490966797e+00,7.451108932495117188e+00,5.332257747650146484e+00,9.999938607215881348e-01,1.454626093618571758e-03,-3.162800567224621773e-03,-4.610120085999369621e-04
6.118810653686523438e+00,5.705674648284912109e+00,1.939201951026916504e+00,9.999960064888000488e-01,-5.425067502073943615e-04,1.829627202823758125e-03,2.110937843099236488e-03
5.845838546752929688e+00,2.788845539093017578e+00,6.513527393341064453e+00,9.999997615814208984e-01,6.665961118414998055e-04,3.838767006527632475e-04,3.374425432411953807e-05
2.220442533493041992e+00,7.245807170867919922e+00,7.023441314697265625e+00,9.999996423721313477e-01,-1.773915719240903854e-04,8.191853412427008152e-04,-6.730199675075709820e-05
3.216383695602416992e+00,9.608708620071411133e-01,5.549754142761230469e+00,9.999878406524658203e-01,-2.252070466056466103e-03,3.673067316412925720e-03,2.433538669720292091e-03
7.359498977661132812e+00,6.175337433815002441e-01,6.405635833740234375e+00,9.999929666519165039e-01,-1.709706499241292477e-03,-3.307771170511841774e-03,5.905678262934088707e-04
6.810363292694091797e+00,6.978538036346435547e+00,6.594153642654418945e-01,9.999962449073791504e-01,-1.988067291676998138e-03,1.616649329662322998e-03,1.008415478281676769e-03
2.639813423156738281e+00,9.833790063858032227e-01,3.563608229160308838e-01,9.999991059303283691e-01,5.067005404271185398e-04,1.283968565985560417e-03,-1.714535319479182363e-04
4.117372989654541016e+00,5.105626106262207031e+00,7.350756645202636719e+00,9.999904632568359375e-01,1.891486230306327343e-03,-4.521666560322046280e-04,-3.935194574296474457e-03
7.312000989913940430e-01,6.944302082061767578e+00,5.718598961830139160e-01,9.999935626983642578e-01,-6.526029901579022408e-04,-3.522974671795964241e-03,4.366963694337755442e-04
2.723672628402709961e+00,2.017407894134521484e+00,5.979607582092285156e+00,9.999265670776367188e-01,7.497150800190865993e-04,-3.293174318969249725e-03,-1.164213474839925766e-02
9.835782647132873535e-01,5.746492385864257812e+00,6.986224651336669922e+00,9.999991059303283691e-01,9.373346110805869102e-04,5.489161776495166123e-05,-1.011013286188244820e-03
3.004951715469360352e+00,2.185945749282836914e+00,2.611981391906738281e+00,9.999957680702209473e-01,-3.291668544989079237e-04,-2.728007500991225243e-03,-1.039563096128404140e-03
6.460917472839355469e+00,2.534858226776123047e+00,4.965804576873779297e+00,9.999983310699462891e-01,1.105617033317685127e-03,-3.406274772714823484e-04,-1.440861145965754986e-03
1.631549954414367676e+00,4.721571445465087891e+00,5.741065025329589844e+00,9.999977946281433105e-01,-1.760956249199807644e-03,-6.282716640271246433e-04,9.770746110007166862e-04
4.165238857269287109e+00,5.415003776550292969e+00,7.247624397277832031e+00,9.999082684516906738e-01,-1.668828539550304413e-03,1.069119971361942589e-04,1.344217453151941299e-02
4.836044311523437500e+00,3.939410924911499023e+00,1.049740314483642578e+00,9.999981522560119629e-01,-1.368799014016985893e-03,-3.941926988773047924e-04,1.311505213379859924e-03
2.496824979782104492e+00,2.064709663391113281e+00,1.564498186111450195e+00,9.999986886978149414e-01,-1.393272890709340572e-03,-7.292384980246424675e-04,5.045440047979354858e-04
6.197789669036865234e+00,4.382697939872741699e-01,1.683017164468765259e-01,9.999740719795227051e-01,-1.722661545500159264e-03,4.974724724888801575e-03,-4.909713752567768097e-03
1.611638963222503662e-01,4.905638098716735840e-01,1.332185029983520508e+00,9.999070167541503906e-01,1.014498434960842133e-02,4.571637604385614395e-03,-7.879786193370819092e-03
6.743556022644042969e+00,1.977911829948425293e+00,1.632104516029357910e-01,9.999993443489074707e-01,-6.141899502836167812e-04,-1.043473719619214535e-03,-4.827495649806223810e-05
6.669234275817871094e+00,1.680915832519531250e+00,7.483807563781738281e+00,9.999951124191284180e-01,-2.420398639515042305e-03,-1.739993575029075146e-03,9.828684851527214050e-04
5.308816909790039062e+00,4.484314918518066406e+00,6.995340347290039062e+00,9.999967813491821289e-01,-1.573886984260752797e-04,2.204108983278274536e-03,-1.225306536071002483e-03
3.526496171951293945e+00,3.415805578231811523e+00,3.830622673034667969e+00,9.999584555625915527e-01,-3.991195932030677795e-03,-6.056579295545816422e-03,-5.520509090274572372e-03
3.982169866561889648e+00,4.067673206329345703e+00,5.207933902740478516e+00,9.999833703041076660e-01,-2.210535574704408646e-03,5.285096820443868637e-03,-7.487648981623351574e-04
5.701611995697021484e+00,1.156047105789184570e+00,7.177296161651611328e+00,9.999983906745910645e-01,-2.186462370445951819e-04,1.810405985452234745e-03,-8.814831380732357502e-05
2.747068405151367188e+00,2.511071920394897461e+00,5.623640537261962891e+00,9.999935626983642578e-01,-2.419107113382779062e-05,3.365323878824710846e-03,1.267675077542662621e-03
5.689561367034912109e+00,4.396376609802246094e+00,3.129128932952880859e+00,9.998357295989990234e-01,-3.146869596093893051e-03,1.566556841135025024e-02,8.560004644095897675e-03
1.579155683517456055e+00,6.940104961395263672e-01,3.969114780426025391e+00,9.999911785125732422e-01,-1.408180920407176018e-03,3.761196043342351913e-03,-1.301928190514445305e-03
6.124452948570251465e-01,3.072170257568359375e+00,6.427889823913574219e+00,9.997676014900207520e-01,-1.215319987386465073e-02,1.532778423279523849e-02,9.061429649591445923e-03
3.311924219131469727e+00,5.614458084106445312e+00,5.301728725433349609e+00,9.999660253524780273e-01,-3.702520160004496574e-03,7.124249823391437531e-03,1.898446120321750641e-03
7.005483627319335938e+00,1.881175637245178223e+00,4.923351764678955078e+00,9.999728202819824219e-01,5.228478927165269852e-03,4.201218951493501663e-03,-3.088254481554031372e-03
3.425074577331542969e+00,3.572720289230346680e+00,6.240201950073242188e+00,9.999991059303283691e-01,3.662925155367702246e-05,1.277656177990138531e-03,-5.702381604351103306e-04
3.848502159118652344e+00,6.831836223602294922e+00,5.385822296142578125e+00,9.999915957450866699e-01,4.108521156013011932e-03,2.930861955974251032e-04,3.545593699527671561e-06
5.010050773620605469e+00,6.121415615081787109e+00,6.228765487670898438e+00,9.999995827674865723e-01,-1.797447621356695890e-04,-4.124151892028748989e-04,8.402701350860297680e-04
5.370474815368652344e+00,6.643155097961425781e+00,4.452498912811279297e+00,9.999990463256835938e-01,1.409517717547714710e-03,2.488238387741148472e-04,7.869384717196226120e-05
3.200272560119628906e+00,5.965488433837890625e+00,5.097715377807617188e+00,9.999965429306030273e-01,1.200718979816883802e-04,-2.575371414422988892e-03,-6.336861988529562950e-04
2.185711145401000977e+00,7.295777797698974609e+00,2.172625780105590820e+00,9.997340440750122070e-01,-1.529696956276893616e-02,-1.685528643429279327e-02,-3.715830389410257339e-03
1.485500186681747437e-01,4.936965942382812500e+00,1.261640787124633789e+00,9.999985694885253906e-01,-9.728295262902975082e-04,4.631814954336732626e-04,-1.320308772847056389e-03
2.206552267074584961e+00,6.185239553451538086e-01,3.671157121658325195e+00,9.999457001686096191e-01,6.147132720798254013e-03,4.929559305310249329e-03,-6.821027491241693497e-03
3.345826566219329834e-01,6.828287124633789062e+00,2.462801218032836914e+00,9.999997615814208984e-01,3.758581588044762611e-04,-5.128111806698143482e-04,-4.602971312124282122e-04
5.273419857025146484e+00,2.510962486267089844e+00,4.896143376827239990e-01,9.999995827674865723e-01,2.045064320554956794e-04,-8.315125596709549427e-04,-4.075214965268969536e-04
6.602369308471679688e+00,4.292841434478759766e+00,2.401714801788330078e+00,9.999988675117492676e-01,-6.885179318487644196e-04,-8.175884140655398369e-04,-1.131705823354423046e-03
1.979649662971496582e-01,1.472450494766235352e+00,8.704842329025268555e-01,9.999955296516418457e-01,-1.167859649285674095e-03,-1.108643366023898125e-03,-2.524392213672399521e-03
5.274223804473876953e+00,6.746899604797363281e+00,3.971208930015563965e-01,9.999382495880126953e-01,-2.876747632399201393e-03,-9.630566462874412537e-03,-4.753425717353820801e-03
1.675266265869140625e+00,1.219435214996337891e+00,4.838170051574707031e+00,9.999927878379821777e-01,3.302375087514519691e-03,-7.574424962513148785e-04,-1.730236690491437912e-03
6.182283878326416016e+00,4.382676124572753906e+00,1.839043498039245605e+00,9.999959468841552734e-01,-7.333303219638764858e-04,2.044449560344219208e-03,1.851644716225564480e-03
2.079229116439819336e+00,4.910697460174560547e+00,4.338531017303466797e+00,9.999942183494567871e-01,5.259731551632285118e-04,5.103386938571929932e-04,-3.334585810080170631e-03
1.069122076034545898e+00,7.114864349365234375e+00,1.237999558448791504e+00,9.999997019767761230e-01,7.683553267270326614e-04,3.575381706468760967e-04,1.536955824121832848e-04
1.382202386856079102e+00,7.298848628997802734e+00,3.018952369689941406e+00,9.999906420707702637e-01,-4.271060228347778320e-03,7.507554255425930023e-04,-2.490861515980213881e-04
1.982754230499267578e+00,5.458384513854980469e+00,5.543113708496093750e+00,9.999967813491821289e-01,1.730649848468601704e-03,1.538803480798378587e-04,1.895727706141769886e-03
5.885628223419189453e+00,4.463036060333251953e+00,1.534658908843994141e+00,9.999974370002746582e-01,8.666620124131441116e-04,1.641764189116656780e-03,1.317593618296086788e-03
5.085688591003417969e+00,7.147799134254455566e-01,5.551221370697021484e+00,9.999642968177795410e-01,-7.542719598859548569e-03,3.689060918986797333e-03,9.836582466959953308e-04
2.841939926147460938e-01,4.896747112274169922e+00,6.354216575622558594e+00,9.999979734420776367e-01,8.263717754743993282e-04,-1.637733803363516927e-04,-1.861793571151793003e-03
5.043996334075927734e+00,4.682162284851074219e+00,2.780731439590454102e+00,9.999805688858032227e-01,5.099122412502765656e-03,-1.920072012580931187e-03,3.045911900699138641e-03
1.564271211624145508e+00,6.889606952667236328e+00,2.987861394882202148e+00,9.999901056289672852e-01,-4.281959962099790573e-03,1.241234480403363705e-03,2.036788937402889132e-04
5.328276634216308594e+00,3.156842470169067383e+00,6.031249046325683594e+00,9.999984502792358398e-01,-1.044760138029232621e-04,-1.773458789102733135e-03,-3.028683422598987818e-04
4.275728225708007812e+00,3.401804208755493164e+00,2.134833812713623047e+00,9.999495744705200195e-01,3.246432170271873474e-03,3.146443283185362816e-03,8.972538635134696960e-03
2.926369667053222656e+00,5.163497924804687500e+00,3.289996862411499023e+00,9.999991655349731445e-01,6.883767200633883476e-04,4.958155332133173943e-04,-1.040195114910602570e-03
3.306862354278564453e+00,6.992646217346191406e+00,1.726275235414505005e-01,9.999965429306030273e-01,-2.054312062682583928e-04,2.500591799616813660e-03,-8.558274712413549423e-04
3.658416748046875000e+00,6.444004535675048828e+00,2.535311460494995117e+00,9.999966621398925781e-01,1.278261421248316765e-03,7.024382357485592365e-04,2.174328779801726341e-03
6.563684940338134766e+00,2.041486650705337524e-01,6.862416267395019531e+00,9.999994635581970215e-01,5.608140490949153900e-04,-3.640006761997938156e-04,-8.877241634763777256e-04
1.470321059226989746e+00,2.736836194992065430e+00,4.409485161304473877e-01,9.998921751976013184e-01,-5.256344564259052277e-03,-1.291650068014860153e-02,-4.608161747455596924e-03
4.355185508728027344e+00,6.592677593231201172e+00,7.326383590698242188e+00,9.999986290931701660e-01,6.874868995510041714e-05,1.052689854986965656e-03,-1.264263060875236988e-03
4.967976570129394531e+00,6.682489871978759766e+00,6.545213460922241211e-01,9.999843239784240723e-01,-3.467175643891096115e-03,-4.405524116009473801e-03,2.534138911869376898e-04
6.794617652893066406e+00,3.048933267593383789e+00,5.442811489105224609e+00,9.999806880950927734e-01,5.875169765204191208e-03,-2.005366375669836998e-03,4.875780141446739435e-04
4.094179630279541016e+00,2.428800106048583984e+00,6.428799152374267578e+00,9.999998211860656738e-01,3.603027726057916880e-04,-5.217171274125576019e-04,2.868778537958860397e-04
4.791191577911376953e+00,4.655860900878906250e+00,6.469802379608154297e+00,9.999747276306152344e-01,-6.341093685477972031e-03,2.222472103312611580e-03,2.358614001423120499e-03
2.944263696670532227e+00,6.237421512603759766e+00,3.722177982330322266e+00,9.999868869781494141e-01,1.062727416865527630e-03,9.805987356230616570e-04,4.931540228426456451e-03
6.056532859802246094e+00,1.315802812576293945e+00,6.216747760772705078e+00,9.999986290931701660e-01,-7.778798462823033333e-04,-1.353918923996388912e-03,-6.582448258996009827e-04
1.265422821044921875e+00,6.364327073097229004e-01,4.041867733001708984e+00,9.999446868896484375e-01,-5.975629668682813644e-03,4.967355052940547466e-04,-8.638947270810604095e-03
2.823991298675537109e+00,2.478158324956893921e-01,3.983399391174316406e+00,9.999943375587463379e-01,2.423258963972330093e-03,2.314065583050251007e-03,-4.775566339958459139e-04
5.632866382598876953e+00,4.461746692657470703e+00,5.207371711730957031e+00,9.999973773956298828e-01,1.133994432166218758e-03,1.972031081095337868e-03,-3.074851410929113626e-04
3.899625539779663086e+00,6.856733798980712891e+00,6.938490390777587891e+00,9.999248981475830078e-01,-2.830680925399065018e-03,1.047714054584503174e-02,-5.687817465513944626e-03
3.928375959396362305e+00,3.940950632095336914e+00,4.557523727416992188e+00,9.999762177467346191e-01,6.734560243785381317e-03,2.927173627540469170e-04,1.470524235628545284e-03
1.655025631189346313e-01,7.044605255126953125e+00,2.125296115875244141e+00,9.999998807907104492e-01,-2.281776105519384146e-04,4.471669089980423450e-04,2.349784699617885053e-05
4.366422176361083984e+00,3.718288183212280273e+00,1.581812977790832520e+00,9.999941587448120117e-01,-9.270044974982738495e-04,-3.144949441775679588e-03,-9.906698251143097878e-04
6.459279060363769531e+00,3.414446115493774414e+00,3.369728326797485352e+00,9.999994635581970215e-01,4.252800135873258114e-04,9.495707927271723747e-04,-2.923053107224404812e-04
5.001411437988281250e+00,9.194457530975341797e-01,9.992356896400451660e-01,9.999982714653015137e-01,1.696279272437095642e-03,5.555190728046000004e-04,-6.549260579049587250e-04
2.678280115127563477e+00,2.643959283828735352e+00,3.038751840591430664e+00,9.999089241027832031e-01,1.145360246300697327e-02,-7.113704457879066467e-03,-7.191692129708826542e-04
3.515757799148559570e+00,5.450677499175071716e-02,3.502031326293945312e+00,9.999997615814208984e-01,-7.951426669023931026e-04,-1.365712960250675678e-04,-5.793019590782932937e-05
3.984125375747680664e+00,2.820394754409790039e+00,4.539929866790771484e+00,9.999328851699829102e-01,-9.323516860604286194e-03,-4.206254612654447556e-03,5.444708745926618576e-03
6.512427806854248047e+00,1.113543748855590820e+00,7.986484169960021973e-01,9.999997615814208984e-01,-2.341813815291970968e-04,-6.969047244638204575e-04,1.085864496417343616e-04
5.551447868347167969e+00,7.001412391662597656e+00,4.954363346099853516e+00,9.999962449073791504e-01,2.583585446700453758e-03,7.273903465829789639e-04,6.109062233008444309e-04
4.435230255126953125e+00,5.631344795227050781e+00,5.074653148651123047e+00,9.999968409538269043e-01,-5.150521174073219299e-04,-7.437078165821731091e-04,-2.336309058591723442e-03
6.322947502136230469e+00,6.881031990051269531e+00,2.782032489776611328e+00,9.999884963035583496e-01,4.174049943685531616e-03,-4.113659379072487354e-04,-2.362725790590047836e-03
3.279723599553108215e-02,2.734670937061309814e-01,2.661833524703979492e+00,9.999888539314270020e-01,-1.411149743944406509e-03,4.182943142950534821e-03,1.684216433204710484e-03
1.650870203971862793e+00,3.662326812744140625e+00,4.478916645050048828e+00,9.999979734420776367e-01,-4.836388106923550367e-04,3.812979266513139009e-04,1.954646082594990730e-03
2.007924079895019531e+00,2.686478614807128906e+00,4.741421699523925781e+00,9.999974966049194336e-01,-1.059366695699281991e-04,5.100037087686359882e-04,2.202582079917192459e-03
5.670011997222900391e+00,6.675153255462646484e+00,6.952951908111572266e+00,9.999977946281433105e-01,-2.074577379971742630e-03,-4.968803259544074535e-04,4.318098217481747270e-05
6.683824062347412109e-01,1.926495671272277832e+00,5.998716831207275391e+00,9.999997615814208984e-01,3.165756643284112215e-04,5.044936551712453365e-04,-4.540854133665561676e-04
6.032617568969726562e+00,5.005996227264404297e+00,4.268277645111083984e+00,9.999971985816955566e-01,1.731175463646650314e-03,-1.536851515993475914e-03,4.507666162680834532e-04
4.550280094146728516e+00,1.194674849510192871e+00,4.814916610717773438e+00,9.999910593032836914e-01,1.635815278859809041e-04,3.983543720096349716e-03,1.445440808311104774e-03
1.926680684089660645e+00,1.575214862823486328e+00,3.765675783157348633e+00,9.999933242797851562e-01,5.849468871019780636e-04,4.381742037367075682e-04,-3.593828063458204269e-03
8.859317898750305176e-01,5.812687397003173828e+00,4.796145915985107422e+00,9.999901056289672852e-01,1.623118878342211246e-03,2.877916209399700165e-03,-2.982886275276541710e-03
2.909548997879028320e+00,1.456368803977966309e+00,5.691501617431640625e+00,9.999996423721313477e-01,-7.762075401842594147e-04,5.076298257336020470e-04,1.055648172041401267e-04
5.393283843994140625e+00,2.969824373722076416e-01,4.855474472045898438e+00,9.999966621398925781e-01,6.247294368222355843e-04,-4.141753306612372398e-04,-2.494208514690399170e-03
5.088476657867431641e+00,4.440072059631347656e+00,5.009883880615234375e+00,9.999964833259582520e-01,1.066225115209817886e-03,1.976299332454800606e-03,-1.401401706971228123e-03
5.201907157897949219e+00,2.704604566097259521e-01,3.677583456039428711e+00,9.999995231628417969e-01,-4.625699075404554605e-04,-2.581360458862036467e-04,9.050774388015270233e-04
4.541601657867431641e+00,8.603683114051818848e-01,2.916260957717895508e+00,9.999985694885253906e-01,-3.701424575410783291e-04,-6.730072200298309326e-04,1.500102109275758266e-03
8.012002706527709961e-01,9.496086239814758301e-01,6.476174354553222656e+00,9.999627470970153809e-01,-7.592827081680297852e-03,3.906630445271730423e-03,-1.283425255678594112e-03
1.078692197799682617e+00,1.053150415420532227e+00,9.506765753030776978e-03,9.999966621398925781e-01,1.402194262482225895e-03,5.572705413214862347e-04,-2.124882768839597702e-03
6.012021541595458984e+00,5.135428905487060547e+00,9.360139369964599609e-01,9.999992251396179199e-01,6.200742791406810284e-04,-1.855342270573601127e-04,1.069913269020617008e-03
5.706027030944824219e+00,4.215610027313232422e+00,1.404351234436035156e+00,9.999935030937194824e-01,3.418819513171911240e-03,-1.068952027708292007e-03,5.733337602578103542e-04
6.636152267456054688e+00,5.480483531951904297e+00,2.116476297378540039e+00,9.999973773956298828e-01,-1.482143416069447994e-03,1.713586738333106041e-03,-4.546407144516706467e-04
4.747066974639892578e+00,6.620005130767822266e+00,4.129759669303894043e-01,9.999925494194030762e-01,-7.645977893844246864e-04,-3.562870435416698456e-03,1.330164959654211998e-03
3.370630502700805664e+00,4.458031654357910156e+00,6.282474040985107422e+00,9.999980330467224121e-01,1.838488620705902576e-03,-5.476956139318645000e-04,-6.184334051795303822e-04
5.185364723205566406e+00,2.870071887969970703e+00,3.158520698547363281e+00,9.999973773956298828e-01,1.385505893267691135e-03,-7.506313850171864033e-04,-1.711542019620537758e-03
7.351189136505126953e+00,7.484893321990966797e+00,3.433521747589111328e+00,9.999529123306274414e-01,-5.203748121857643127e-03,-7.368902675807476044e-03,3.601970849558711052e-03
5.408740520477294922e+00,6.937865734100341797e+00,6.739047050476074219e+00,9.999960064888000488e-01,-1.405179500579833984e-03,2.255826489999890327e-03,1.029650215059518814e-03
6.486434936523437500e+00,1.719497084617614746e+00,3.645483970642089844e+00,9.999031424522399902e-01,-9.276104159653186798e-03,-9.208132512867450714e-03,4.794713109731674194e-03
5.050302505493164062e+00,1.143199205398559570e+00,5.584876060485839844e+00,9.999969601631164551e-01,1.536682248115539551e-04,7.134658517315983772e-04,2.375446259975433350e-03
1.396066546440124512e-01,2.845843076705932617e+00,2.326339960098266602e+00,9.999924898147583008e-01,1.390578981954604387e-04,1.299400813877582550e-03,-3.664168296381831169e-03
3.803028583526611328e+00,2.356533050537109375e+00,1.844372630119323730e+00,9.999997615814208984e-01,4.781330062542110682e-04,4.212865896988660097e-04,-4.387742956168949604e-04
5.645345687866210938e+00,7.025388717651367188e+00,3.808780670166015625e+00,9.999982714653015137e-01,-2.181554445996880531e-04,1.178558799438178539e-03,1.442500622943043709e-03
6.230163097381591797e+00,5.974837303161621094e+00,3.201096534729003906e+00,9.999954700469970703e-01,-2.288696821779012680e-03,4.350379167590290308e-04,1.954725477844476700e-03
5.202281475067138672e+00,6.069994926452636719e+00,2.121585369110107422e+00,9.997400045394897461e-01,9.938455186784267426e-03,-4.812354687601327896e-03,1.995320059359073639e-02
5.371829986572265625e+00,2.146513223648071289e+00,5.210117816925048828e+00,9.999255537986755371e-01,-5.506630986928939819e-03,8.267217315733432770e-03,-7.094870787113904953e-03
4.080010414123535156e+00,6.430749893188476562e+00,1.493503093719482422e+00,9.999963045120239258e-01,2.137056784704327583e-03,-6.549259996972978115e-04,1.605184050276875496e-03
8.116147518157958984e-01,4.167259693145751953e+00,4.743740558624267578e+00,9.999568462371826172e-01,3.643362084403634071e-03,6.693631410598754883e-03,-5.314712878316640854e-03
3.302992284297943115e-01,2.851001262664794922e+00,7.140758514404296875e+00,9.999997615814208984e-01,6.434557872125878930e-05,-4.255145322531461716e-04,6.872829981148242950e-04
4.006377220153808594e+00,6.795807361602783203e+00,5.022510886192321777e-01,9.999998807907104492e-01,1.307693746639415622e-04,-6.391480565071105957e-04,9.339624375570565462e-05
8.372876048088073730e-01,3.584765911102294922e+00,6.688627243041992188e+00,9.998534917831420898e-01,1.506710238754749298e-02,4.621008876711130142e-03,-6.678566802293062210e-03
1.327604055404663086e+00,3.246996402740478516e-01,4.110258102416992188e+00,9.999455809593200684e-01,-5.795911885797977448e-03,-1.817943993955850601e-03,-8.485440164804458618e-03
6.808344364166259766e+00,5.511170625686645508e-01,4.695330262184143066e-01,9.999665617942810059e-01,-1.258792617591097951e-04,5.284981336444616318e-03,-6.245597731322050095e-03
1.736305654048919678e-01,2.816550493240356445e+00,5.576619148254394531e+00,9.999994039535522461e-01,-6.164598744362592697e-04,-5.752512952312827110e-04,-7.196510559879243374e-04
6.611036777496337891e+00,6.534854412078857422e+00,6.171909809112548828e+00,9.999917745590209961e-01,-1.405458198860287666e-03,-3.094685263931751251e-03,2.212599152699112892e-03
3.813846588134765625e+00,5.152913570404052734e+00,6.326583862304687500e+00,9.999499917030334473e-01,-8.029337972402572632e-03,-4.748662002384662628e-03,3.629180137068033218e-03
6.901318550109863281e+00,4.626177787780761719e+00,6.046063423156738281e+00,9.998737573623657227e-01,-9.599672630429267883e-03,1.223494019359350204e-02,-3.282418008893728256e-03
4.835022926330566406e+00,5.873736381530761719e+00,5.669193267822265625e-01,9.999960660934448242e-01,1.379290828481316566e-03,-2.022434026002883911e-03,1.422686967998743057e-03
7.216569423675537109e+00,9.653076529502868652e-01,1.575936555862426758e+00,9.999997019767761230e-01,7.598596857860684395e-04,-3.955152933485805988e-04,1.288893545279279351e-04
7.374849319458007812e+00,4.809661388397216797e+00,3.785316944122314453e+00,9.999993443489074707e-01,4.183682613074779510e-04,7.951274747028946877e-04,6.722739781253039837e-04
9.746643900871276855e-01,6.675846874713897705e-02,5.517623424530029297e+00,9.999850988388061523e-01,-1.008365768939256668e-03,-5.190866999328136444e-03,1.401242683641612530e-03
4.193987369537353516e+00,2.079221755266189575e-01,5.945747375488281250e+00,9.999998211860656738e-01,6.145209772512316704e-04,2.045335422735661268e-04,7.301398727577179670e-05
6.370945930480957031e+00,9.141820073127746582e-01,7.239560127258300781e+00,9.999933242797851562e-01,-1.178910955786705017e-03,-2.113108756020665169e-03,-2.743656747043132782e-03
5.522035598754882812e+00,5.646828174591064453e+00,3.986250162124633789e+00,9.999601840972900391e-01,3.340357507113367319e-04,2.005301415920257568e-03,-8.694630116224288940e-03
4.150008201599121094e+00,6.804074287414550781e+00,6.743695735931396484e+00,9.999252557754516602e-01,-2.690631430596113205e-03,1.111891772598028183e-02,-4.329079762101173401e-03
2.581160068511962891e+00,7.549626827239990234e-01,6.785964965820312500e+00,9.999994635581970215e-01,6.178544572321698070e-05,-9.698726353235542774e-04,4.433337308000773191e-04
7.277719020843505859e+00,7.333557605743408203e+00,4.008002281188964844e+00,9.999586343765258789e-01,-6.517831701785326004e-03,-5.977103020995855331e-03,-2.141657751053571701e-03
2.213222265243530273e+00,5.631723880767822266e+00,1.031730413436889648e+00,9.999995231628417969e-01,5.639315932057797909e-04,2.101161371683701873e-04,-8.558392873965203762e-04
3.053092956542968750e+00,1.627599596977233887e+00,3.338852882385253906e+00,9.999050498008728027e-01,2.239433582872152328e-03,-4.895196296274662018e-03,-1.268914900720119476e-02
6.651982784271240234e+00,2.121559619903564453e+00,2.849447727203369141e+00,9.999824166297912598e-01,-5.197126418352127075e-03,-2.336275530979037285e-03,-1.658363500609993935e-03
1.187808513641357422e+00,3.589016914367675781e+00,5.203386306762695312e+00,9.999978542327880859e-01,9.591613779775798321e-04,6.718186778016388416e-04,1.721674692817032337e-03
1.821139097213745117e+00,6.662143468856811523e-01,8.874025344848632812e-01,9.999985694885253906e-01,-1.095756888389587402e-03,1.351476530544459820e-04,-1.346627366729080677e-03
5.238191127777099609e+00,4.971789360046386719e+00,5.502767086029052734e+00,9.999987483024597168e-01,-1.091084559448063374e-03,-5.102571594761684537e-05,-1.177346566691994667e-03
1.608222961425781250e+00,7.224071025848388672e+00,3.281863212585449219e+00,9.999580383300781250e-01,2.033405471593141556e-03,2.166755497455596924e-03,8.666069246828556061e-03
7.407836914062500000e+00,5.537728309631347656e+00,4.389355659484863281e+00,9.999984502792358398e-01,1.125897397287189960e-04,-2.045829314738512039e-04,1.737055252306163311e-03
7.444086074829101562e-01,7.120308876037597656e+00,2.389096736907958984e+00,9.998789429664611816e-01,-1.477055530995130539e-02,4.722878802567720413e-03,1.322554890066385269e-03
1.675418317317962646e-01,1.863898873329162598e+00,4.836220264434814453e+00,9.999988079071044922e-01,-1.206087517857667990e-06,4.512387677095830441e-04,1.517105032689869404e-03
1.386272907257080078e+00,3.276729583740234375e+00,6.092588424682617188e+00,9.999994039535522461e-01,1.015293761156499386e-03,-2.644154592417180538e-04,5.045409779995679855e-04
1.823459982872009277e+00,5.699701309204101562e+00,3.462062835693359375e+00,9.999368190765380859e-01,-8.929603733122348785e-03,-6.652990356087684631e-03,1.580353127792477608e-03
4.137904644012451172e+00,6.970622539520263672e+00,1.308588981628417969e+00,9.999922513961791992e-01,2.673091366887092590e-03,-6.554669234901666641e-04,-2.841457258909940720e-03
4.455672264099121094e+00,7.771529555320739746e-01,1.511031270027160645e+00,9.999976158142089844e-01,4.304737085476517677e-04,1.726315007545053959e-03,1.267076586373150349e-03
3.406759262084960938e+00,9.406259059906005859e-01,5.050207138061523438e+00,1.000000000000000000e+00,-2.763518750725779682e-05,-1.809663226595148444e-04,2.937146055046468973e-04
3.470211744308471680e+00,6.616965293884277344e+00,5.363972663879394531e+00,9.999390244483947754e-01,-1.048854179680347443e-02,-1.427755341865122318e-03,-3.170939395204186440e-03
4.556900024414062500e+00,3.527091979980468750e+00,6.748473644256591797e+00,9.999995827674865723e-01,-6.677045603282749653e-04,6.603526417165994644e-04,3.640443901531398296e-04
1.122525334358215332e+00,2.829868316650390625e+00,3.585729598999023438e+00,9.998737573623657227e-01,1.204959396272897720e-02,-2.256016712635755539e-03,1.011860929429531097e-02
8.246022462844848633e-01,4.757120609283447266e-01,6.061676502227783203e+00,9.999994039535522461e-01,-7.289260975085198879e-04,7.902699289843440056e-04,2.314166486030444503e-04
2.794896364212036133e+00,3.686234235763549805e+00,3.900871515274047852e+00,9.998940229415893555e-01,-7.521476945839822292e-04,3.273163922131061554e-03,1.416491251438856125e-02
5.427756786346435547e+00,5.970139026641845703e+00,1.496823132038116455e-01,9.997105598449707031e-01,1.423573400825262070e-02,1.561261527240276337e-02,-1.151052955538034439e-02
6.035934090614318848e-01,3.933989763259887695e+00,7.301893711090087891e+00,9.999976754188537598e-01,-2.054817741736769676e-03,-4.450901760719716549e-04,6.524449563585221767e-04
1.875386685132980347e-01,7.195675849914550781e+00,5.806621074676513672e+00,9.999975562095642090e-01,4.464007724891416728e-05,-2.139383228495717049e-03,6.540563190355896950e-04
2.392721414566040039e+00,3.131358146667480469e+00,2.041934251785278320e+00,9.997594952583312988e-01,-1.422679796814918518e-02,-4.064796026796102524e-03,1.618969812989234924e-02
2.989292860031127930e+00,4.104191780090332031e+00,2.574807643890380859e+00,9.999920129776000977e-01,3.078739682678133249e-04,-3.973241895437240601e-03,4.682104918174445629e-04
2.713886737823486328e+00,4.343319416046142578e+00,9.232997894287109375e-01,9.998989105224609375e-01,9.290869347751140594e-03,5.972373764961957932e-03,-8.963615633547306061e-03
5.188185214996337891e+00,4.223557949066162109e+00,5.738092899322509766e+00,9.999977350234985352e-01,6.097070290707051754e-04,-8.650891832076013088e-04,-1.875568530522286892e-03
4.260719776153564453e+00,7.274016380310058594e+00,4.319435119628906250e+00,9.999997019767761230e-01,-5.862659236299805343e-05,-2.285116352140903473e-04,8.049790048971772194e-04
2.681637525558471680e+00,6.040463447570800781e+00,1.259927153587341309e+00,9.999980330467224121e-01,4.524268442764878273e-04,1.858811243437230587e-03,-5.770074203610420227e-04
2.775620460510253906e+00,3.957869291305541992e+00,7.001484870910644531e+00,9.999992847442626953e-01,-6.599606713280081749e-04,-6.678269710391759872e-04,8.557195542380213737e-04
2.811042964458465576e-02,2.010166168212890625e+00,4.171693921089172363e-01,9.999971389770507812e-01,3.203719388693571091e-04,4.199887625873088837e-04,2.350367605686187744e-03
5.552113533020019531e+00,7.308296203613281250e+00,4.732918739318847656e+00,9.999924302101135254e-01,2.973848488181829453e-03,1.807782333344221115e-03,1.776688033714890480e-03
5.936079978942871094e+00,5.633878111839294434e-01,8.981355428695678711e-01,9.999978542327880859e-01,1.613057102076709270e-03,5.321726785041391850e-04,-1.212125760503113270e-03
5.135914802551269531e+00,6.734629631042480469e+00,2.592245817184448242e+00,9.999980926513671875e-01,-1.368791708955541253e-04,-4.303198948036879301e-04,1.939939800649881363e-03
4.525361537933349609e+00,5.210801601409912109e+00,2.999781370162963867e+00,9.997880458831787109e-01,-4.470510873943567276e-03,1.188846956938505173e-02,-1.620537973940372467e-02
6.734541893005371094e+00,1.130639672279357910e+00,6.701633453369140625e+00,9.999991655349731445e-01,1.050305552780628204e-03,7.456638850271701813e-04,-3.993773716501891613e-04
6.791821956634521484e+00,2.088665485382080078e+00,5.092542648315429688e+00,9.999745488166809082e-01,5.151796154677867889e-03,-3.438725136220455170e-03,3.550950437784194946e-03
7.484951019287109375e+00,5.817629814147949219e+00,1.943267464637756348e+00,9.999988675117492676e-01,-1.393974875099956989e-03,5.500465049408376217e-04,3.503336047288030386e-04
6.943173885345458984e+00,5.577120304107666016e+00,6.752505302429199219e+00,9.997084140777587891e-01,-3.383727278560400009e-03,-7.892387919127941132e-03,-2.257084660232067108e-02
8.026080727577209473e-01,6.927855014801025391e+00,2.140991210937500000e+00,9.998918175697326660e-01,-1.466603484004735947e-02,-7.136447238735854626e-04,-8.324479567818343639e-04
2.027114391326904297e+00,2.426223516464233398e+00,5.255209207534790039e-01,9.999963045120239258e-01,-2.714011818170547485e-03,-1.843408681452274323e-04,-2.832078025676310062e-04
6.995433807373046875e+00,5.422344684600830078e+00,1.703297138214111328e+00,9.999964237213134766e-01,-2.165425801649689674e-03,-1.587842591106891632e-03,-1.605781144462525845e-04
4.293165206909179688e+00,2.551205635070800781e+00,6.923624992370605469e+00,9.999738931655883789e-01,4.379962570965290070e-03,-3.832437098026275635e-03,4.289572592824697495e-03
3.443006515502929688e+00,6.147067546844482422e-01,1.138460040092468262e+00,9.999976754188537598e-01,1.642217830521985888e-04,1.172625459730625153e-03,1.820239354856312275e-03
1.024863004684448242e+00,4.184344291687011719e+00,2.356821298599243164e+00,9.999985098838806152e-01,-2.695150033105164766e-04,-4.076079057995229959e-04,1.681552035734057426e-03
1.592189669609069824e+00,5.923691272735595703e+00,5.029028892517089844e+00,9.997838735580444336e-01,2.002390846610069275e-02,-5.351542495191097260e-03,-1.614133594557642937e-03
7.968763113021850586e-01,1.687950015068054199e+00,4.272349357604980469e+00,9.999749660491943359e-01,-4.862681031227111816e-03,4.901473410427570343e-03,1.551728579215705395e-03
6.736390590667724609e+00,5.340235710144042969e+00,6.676946163177490234e+00,9.999557733535766602e-01,1.749526592902839184e-03,-9.043160825967788696e-03,1.891075167804956436e-03
3.433467864990234375e+00,6.795757770538330078e+00,4.129500865936279297e+00,9.999996423721313477e-01,1.523959799669682980e-04,1.290812797378748655e-04,-9.250322473235428333e-04
4.152496337890625000e+00,4.749991595745086670e-01,1.088273167610168457e+00,9.999983310699462891e-01,5.875496572116389871e-05,1.380024245008826256e-03,1.257956027984619141e-03
5.681458473205566406e+00,2.923743963241577148e+00,4.714305102825164795e-01,9.999971985816955566e-01,-1.131744938902556896e-03,1.787372981198132038e-03,1.086416537873446941e-03
7.094113826751708984e+00,7.001963853836059570e-01,3.095756769180297852e+00,9.999992251396179199e-01,-1.631648920010775328e-04,-5.332930595614016056e-04,-1.147440634667873383e-03
6.581600666046142578e+00,4.537758827209472656e+00,6.356566429138183594e+00,9.999982118606567383e-01,7.826054206816479564e-05,-1.886222511529922485e-03,-3.234872128814458847e-04
2.069435119628906250e+00,6.893086433410644531e+00,1.792284965515136719e+00,9.999718070030212402e-01,5.383348092436790466e-03,-4.959478974342346191e-03,1.681303838267922401e-03
3.306097984313964844e+00,1.995543837547302246e-01,1.216099113225936890e-01,9.999982118606567383e-01,-1.742999302223324776e-03,7.130379672162234783e-04,-1.124722111853770912e-04
6.527846336364746094e+00,2.945922374725341797e+00,6.265001296997070312e+00,9.999994039535522461e-01,-6.653328891843557358e-04,8.673333213664591312e-04,-3.721793473232537508e-04
6.881522655487060547e+00,2.681329965591430664e+00,5.021697998046875000e+00,9.999991655349731445e-01,-9.467203053645789623e-04,-9.508973453193902969e-04,2.352801857341546565e-06
6.219758987426757812e+00,1.001224994659423828e+00,6.864147663116455078e+00,9.999276399612426758e-01,-2.192598301917314529e-03,7.823045365512371063e-03,8.879025466740131378e-03
2.022076606750488281e+00,5.907092571258544922e+00,4.350561618804931641e+00,9.999900460243225098e-01,3.619310446083545685e-03,-2.556818537414073944e-03,-5.196946440264582634e-04
6.801957130432128906e+00,3.393651485443115234e+00,5.289231777191162109e+00,9.999989867210388184e-01,-2.561127475928515196e-04,-5.684058996848762035e-04,1.331490115262567997e-03
6.676556587219238281e+00,4.729073047637939453e+00,6.626224994659423828e+00,9.999181032180786133e-01,-4.914965014904737473e-03,5.620768293738365173e-03,-1.039470173418521881e-02
7.504168152809143066e-01,8.232992887496948242e-01,5.945975303649902344e+00,9.999957680702209473e-01,-9.148066164925694466e-04,2.271161414682865143e-03,-1.607969752512872219e-03
4.972780227661132812e+00,5.183220386505126953e+00,7.267945766448974609e+00,9.999676942825317383e-01,7.598850876092910767e-03,-2.309137023985385895e-03,1.263738377019762993e-03
7.446738719940185547e+00,1.012467145919799805e+00,2.446735143661499023e+00,9.999999403953552246e-01,1.178535676444880664e-04,5.806957051390781999e-05,4.165183636359870434e-04
4.497367858886718750e+00,7.066272258758544922e+00,5.627510547637939453e+00,9.999993443489074707e-01,1.497742632636800408e-04,4.833220737054944038e-04,1.072646002285182476e-03
4.917723178863525391e+00,4.967424869537353516e+00,1.072431325912475586e+00,9.999964237213134766e-01,-1.819429802708327770e-03,1.990751363337039948e-03,-9.419660636922344565e-05
4.525608062744140625e+00,1.821581721305847168e+00,4.252011775970458984e+00,9.999748468399047852e-01,-3.156436607241630554e-03,-4.592031706124544144e-03,-4.401967395097017288e-03
4.170767784118652344e+00,4.020807266235351562e+00,4.893079280853271484e+00,9.999974370002746582e-01,1.790065551176667213e-03,-7.971316517796367407e-05,1.424071146175265312e-03
3.520813941955566406e+00,1.834228157997131348e+00,5.366362571716308594e+00,9.999994635581970215e-01,7.741425652056932449e-04,-7.775035919621586800e-04,-9.692308958619832993e-05
4.280752658843994141e+00,5.823586940765380859e+00,4.397234916687011719e+00,9.999839067459106445e-01,1.558951451443135738e-03,-2.697360236197710037e-03,-4.750460386276245117e-03
6.631121635437011719e+00,6.734498500823974609e+00,2.535815000534057617e+00,9.999899864196777344e-01,2.532330108806490898e-04,1.540970290079712868e-03,-4.203620832413434982e-03
7.309107303619384766e+00,6.817573547363281250e+00,4.355752468109130859e+00,9.999890923500061035e-01,1.482272055000066757e-04,-4.571293015033006668e-03,-1.001869910396635532e-03
4.736674785614013672e+00,5.663813591003417969e+00,4.861948490142822266e+00,9.999976754188537598e-01,-7.667050813324749470e-04,3.449544019531458616e-04,-2.016399987041950226e-03
6.420441150665283203e+00,5.125154972076416016e+00,2.465254783630371094e+00,9.998931288719177246e-01,9.180112741887569427e-03,-6.960928440093994141e-03,9.002607315778732300e-03
5.794744014739990234e+00,5.696655273437500000e+00,1.048377037048339844e+00,9.999931454658508301e-01,-1.960222376510500908e-03,-6.734442431479692459e-04,-3.089810488745570183e-03
9.321729540824890137e-01,1.231888011097908020e-01,7.535886764526367188e-01,9.999816417694091797e-01,3.404339309781789780e-03,-4.724040627479553223e-03,1.724938978441059589e-03
6.609515190124511719e+00,4.376947879791259766e+00,6.830450534820556641e+00,9.999951124191284180e-01,2.317316830158233643e-03,1.265238737687468529e-03,1.694518141448497772e-03
6.112342834472656250e+00,5.308026790618896484e+00,7.112694740295410156e+00,9.999989271163940430e-01,-1.322357566095888615e-03,5.336773465387523174e-04,-4.774057888425886631e-04
2.434698343276977539e+00,4.928018569946289062e+00,7.228090763092041016e+00,9.998876452445983887e-01,2.628400223329663277e-03,-1.268782373517751694e-02,7.544125430285930634e-03
6.947940826416015625e+00,2.291472673416137695e+00,4.143795073032379150e-01,9.999982714653015137e-01,-6.859358400106430054e-04,-1.662512891925871372e-03,-4.930357681587338448e-04
2.294276714324951172e+00,3.370027303695678711e+00,6.375019073486328125e+00,9.999988079071044922e-01,2.590846852399408817e-04,1.292551052756607533e-03,8.515163208357989788e-04
6.213968753814697266e+00,1.850895166397094727e+00,3.981053084135055542e-02,9.999998211860656738e-01,4.618040693458169699e-04,-4.331738746259361506e-04,1.146032227552495897e-04
4.004884362220764160e-01,4.518993854522705078e+00,1.135714352130889893e-01,9.999997615814208984e-01,-4.340940504334867001e-04,6.110966205596923828e-04,-9.700097143650054932e-05
4.191080093383789062e+00,6.686665534973144531e+00,4.861716747283935547e+00,9.999986886978149414e-01,1.348750549368560314e-03,-3.695673367474228144e-04,8.950754418037831783e-04
2.655261754989624023e+00,1.773333698511123657e-01,6.813966751098632812e+00,9.999916553497314453e-01,-2.135153627023100853e-03,-3.164669498801231384e-03,1.507136505097150803e-03
6.284055709838867188e-01,1.734696924686431885e-01,3.000751495361328125e+00,9.999886155128479004e-01,-7.899823831394314766e-04,-4.064994864165782928e-03,-2.406705636531114578e-03
6.903827667236328125e+00,6.828202724456787109e+00,2.387762665748596191e-01,9.999820590019226074e-01,3.024958074092864990e-03,4.020184278488159180e-03,3.275885013863444328e-03
7.006775379180908203e+00,3.005144119262695312e+00,4.767921447753906250e+00,9.999830126762390137e-01,4.916385747492313385e-03,2.377282595261931419e-03,2.063445048406720161e-03
5.362029075622558594e+00,6.321272850036621094e+00,2.938399791717529297e+00,9.999980926513671875e-01,-9.928139625117182732e-04,1.237122458405792713e-03,1.164050190709531307e-03
2.349365949630737305e+00,3.805434942245483398e+00,2.326269626617431641e+00,9.999908804893493652e-01,3.169463947415351868e-03,-1.145481481216847897e-03,2.643259009346365929e-03
6.598332405090332031e+00,5.771007061004638672e+00,6.379030704498291016e+00,9.999975562095642090e-01,1.690463046543300152e-03,-1.434062141925096512e-03,1.467814145144075155e-04
5.697267532348632812e+00,2.487789392471313477e+00,3.856874465942382812e+00,9.999970793724060059e-01,-4.187237937003374100e-04,-2.301682485267519951e-03,-7.285422761924564838e-04
7.477885246276855469e+00,3.261127471923828125e+00,2.256358861923217773e+00,9.999994635581970215e-01,1.106453593820333481e-03,-7.914130401331931353e-05,-2.805352232826407999e-05
3.463721573352813721e-01,1.818850517272949219e+00,3.425832748413085938e+00,9.999892711639404297e-01,1.845383434556424618e-03,2.167767845094203949e-03,3.646068042144179344e-03
2.368794679641723633e+00,1.185598492622375488e+00,1.273123860359191895e+00,9.999954700469970703e-01,-1.619232585653662682e-03,-1.760644838213920593e-03,-1.873233471997082233e-03
4.261786460876464844e+00,5.204989433288574219e+00,3.398336887359619141e+00,9.999939203262329102e-01,-1.243354170583188534e-03,2.278492553159594536e-03,-2.344582462683320045e-03
6.797630786895751953e+00,2.841993570327758789e+00,2.908355236053466797e+00,9.999868273735046387e-01,-1.517861848697066307e-03,-2.773233689367771149e-03,-4.059555940330028534e-03
7.587612867355346680e-01,6.638244628906250000e+00,2.817696809768676758e+00,9.999978542327880859e-01,1.800226629711687565e-03,1.088067772798240185e-03,7.506000838475301862e-05
2.370441675186157227e+00,5.477545857429504395e-01,3.326049149036407471e-01,9.999589323997497559e-01,-7.824431173503398895e-03,4.339782986789941788e-03,1.477563753724098206e-03
5.331235527992248535e-01,1.680857539176940918e+00,6.226533889770507812e+00,9.999966025352478027e-01,2.068589674308896065e-03,9.953049011528491974e-04,1.202074112370610237e-03
8.093490600585937500e-01,3.175944089889526367e+00,3.870368003845214844e+00,9.998490214347839355e-01,-1.641882210969924927e-02,5.695984698832035065e-03,-2.772952720988541842e-04
5.155044555664062500e+00,2.186282157897949219e+00,4.193432807922363281e+00,9.999997615814208984e-01,-1.858845462265890092e-05,-6.739590899087488651e-04,3.145730297546833754e-04
4.760774135589599609e+00,1.146836519241333008e+00,4.163550376892089844e+00,9.999774694442749023e-01,-2.483099931851029396e-03,-6.836787797510623932e-04,6.204744800925254822e-03
5.719936370849609375e+00,2.944132089614868164e+00,7.258148193359375000e+00,9.999989271163940430e-01,-1.085028983652591705e-03,6.693911855109035969e-04,-7.928789709694683552e-04
1.715537309646606445e-01,2.127796411514282227e+00,6.241462230682373047e+00,9.999722838401794434e-01,-6.018127314746379852e-04,4.748438950628042221e-03,5.705030169337987900e-03
4.854269027709960938e+00,6.749503612518310547e-01,1.331523299217224121e+00,9.999870061874389648e-01,2.724520629271864891e-03,4.073579329997301102e-03,1.440385240130126476e-03
6.731846809387207031e+00,1.309435963630676270e+00,1.831625103950500488e-01,9.999858736991882324e-01,-3.164327703416347504e-03,2.744813973549753428e-04,4.257295280694961548e-03
6.164837837219238281e+00,4.054939746856689453e+00,5.547704696655273438e+00,9.999994039535522461e-01,-4.189687606412917376e-04,-8.382458472624421120e-04,5.437727668322622776e-04
1.545760035514831543e+00,5.337601184844970703e+00,5.863524913787841797e+00,9.999988675117492676e-01,-1.510478323325514793e-04,-1.354780513793230057e-03,7.112970924936234951e-04
5.071550846099853516e+00,6.310234069824218750e-01,6.001833438873291016e+00,9.999464750289916992e-01,9.434748440980911255e-03,-2.259186701849102974e-03,3.615021239966154099e-03
4.956564903259277344e+00,4.574964046478271484e+00,7.490460872650146484e+00,9.998786449432373047e-01,-2.912989584729075432e-03,-2.820991910994052887e-03,-1.504365447908639908e-02
1.536170095205307007e-01,8.380531519651412964e-02,3.111568689346313477e+00,9.999361038208007812e-01,-3.999548964202404022e-03,-7.072481792420148849e-03,-7.866239175200462341e-03
1.391221582889556885e-01,6.568815708160400391e+00,7.324465274810791016e+00,9.999982714653015137e-01,1.834882539696991444e-03,4.195969959255307913e-04,6.323580601019784808e-05
5.489799976348876953e+00,2.544674158096313477e+00,6.674294948577880859e+00,9.999988675117492676e-01,3.639814094640314579e-04,1.331262988969683647e-03,-6.467725615948438644e-04
4.731945991516113281e+00,6.075427532196044922e-01,5.124584674835205078e+00,9.999990463256835938e-01,-7.386095967376604676e-05,-5.477366357808932662e-05,1.409066957421600819e-03
3.286105394363403320e+00,2.599457502365112305e+00,5.051746368408203125e+00,9.999132752418518066e-01,-8.138735778629779816e-03,-9.350326843559741974e-03,4.454093985259532928e-03
1.752975702285766602e+00,4.387006759643554688e+00,5.865294456481933594e+00,9.998987317085266113e-01,6.121663842350244522e-03,-6.317628547549247742e-03,1.118929777294397354e-02
3.600288152694702148e+00,5.106605529785156250e+00,5.353556632995605469e+00,9.999788403511047363e-01,-5.684842821210622787e-03,-1.884875237010419369e-03,2.540853340178728104e-03
6.081799983978271484e+00,2.444124460220336914e+00,3.434759616851806641e+00,9.999510645866394043e-01,1.415149890817701817e-03,9.351644665002822876e-03,2.904646098613739014e-03
2.804688215255737305e-01,2.249351978302001953e+00,3.964174032211303711e+00,9.999947547912597656e-01,-1.877711038105189800e-03,2.440158743411302567e-03,1.011091633699834347e-03
4.316389083862304688e+00,5.054052352905273438e+00,6.591232776641845703e+00,9.999989271163940430e-01,3.721289394889026880e-04,1.454497687518596649e-03,-2.247752127004787326e-04
2.087738990783691406e+00,5.252513885498046875e+00,3.992217779159545898e-01,9.999991655349731445e-01,-1.278664567507803440e-03,3.807451575994491577e-04,-1.780619932105764747e-04
2.671740055084228516e+00,5.688021183013916016e+00,5.500839710235595703e+00,9.999933242797851562e-01,-1.057030633091926575e-03,3.478152444586157799e-03,4.731947847176343203e-04
5.351610660552978516e+00,4.925323963165283203e+00,9.479233026504516602e-01,9.999862909317016602e-01,4.216424189507961273e-03,-3.179110644850879908e-04,3.097627544775605202e-03
6.496953487396240234e+00,6.414215087890625000e+00,3.943057060241699219e-01,9.999963045120239258e-01,1.168033573776483536e-03,1.091098994947969913e-03,-2.223036251962184906e-03
1.438429832458496094e+00,6.332132816314697266e+00,2.893067598342895508e+00,9.999689459800720215e-01,-9.938640287145972252e-04,-6.685591302812099457e-03,4.067885689437389374e-03
5.274536132812500000e+00,1.768301606178283691e+00,4.517059326171875000e+00,9.999772310256958008e-01,-2.701636985875666142e-04,-4.826724063605070114e-03,4.715321119874715805e-03
3.700017452239990234e+00,1.253870010375976562e+00,4.232322216033935547e+00,9.999997019767761230e-01,-6.366305169649422169e-04,-3.658846253529191017e-04,-3.951098478864878416e-04
7.291354656219482422e+00,6.548827171325683594e+00,1.602509140968322754e+00,9.999682903289794922e-01,1.615667133592069149e-03,7.779030129313468933e-03,6.760102696716785431e-04
4.591989517211914062e+00,4.711768150329589844e+00,9.386993646621704102e-01,9.999686479568481445e-01,4.340775310993194580e-03,-3.044492099434137344e-03,-5.891687236726284027e-03
6.584061145782470703e+00,5.393303394317626953e+00,2.538994073867797852e+00,9.999248981475830078e-01,7.784054614603519440e-03,-6.133817136287689209e-03,7.218675222247838974e-03
2.756930351257324219e+00,4.386566638946533203e+00,1.457095146179199219e+00,9.999976158142089844e-01,2.110865199938416481e-03,5.048374296166002750e-04,-4.339627048466354609e-04
8.638838529586791992e-01,2.510802507400512695e+00,5.240207672119140625e+00,9.999867677688598633e-01,1.146822352893650532e-03,4.989969544112682343e-03,4.773989203386008739e-04
2.143879175186157227e+00,4.072817325592041016e+00,6.370480060577392578e+00,9.999997615814208984e-01,2.510680060368031263e-04,4.979832447133958340e-04,5.024219863116741180e-04
5.861706733703613281e+00,4.995216369628906250e+00,6.578024864196777344e+00,9.999904632568359375e-01,1.373459701426327229e-03,-2.857743529602885246e-04,-4.149033222347497940e-03
1.984507203102111816e+00,4.542865276336669922e+00,5.703335762023925781e+00,9.999553561210632324e-01,4.533846862614154816e-03,-1.352062448859214783e-03,8.187392726540565491e-03
5.613578319549560547e+00,6.960610866546630859e+00,4.181491851806640625e+00,9.999991655349731445e-01,3.009398642461746931e-04,8.867360884323716164e-04,9.486000635661184788e-04
5.287592887878417969e+00,5.852472782135009766e+00,4.068130016326904297e+00,9.999865293502807617e-01,1.316330890404060483e-04,-7.793069817125797272e-04,-5.144612397998571396e-03
4.219027519226074219e+00,5.165085315704345703e+00,2.807201623916625977e+00,9.999915957450866699e-01,5.048854509368538857e-04,-3.239834215492010117e-03,-2.485984470695257187e-03
1.707270622253417969e+00,5.432399749755859375e+00,3.013298273086547852e+00,9.999723434448242188e-01,-6.054202094674110413e-03,-4.309564363211393356e-03,-4.539873334579169750e-04
7.572278380393981934e-01,2.905187606811523438e+00,6.845536708831787109e+00,9.999956488609313965e-01,-3.985773364547640085e-04,2.875830512493848801e-03,-6.017974228598177433e-04
3.530499458312988281e+00,4.106881141662597656e+00,6.534469604492187500e+00,9.999805688858032227e-01,-4.659300670027732849e-03,-3.123832866549491882e-03,2.745576202869415283e-03
1.482178926467895508e+00,5.764940738677978516e+00,3.371612787246704102e+00,9.999490976333618164e-01,-9.736969135701656342e-03,2.552971243858337402e-03,7.902625948190689087e-04
6.152602434158325195e-01,3.728350162506103516e+00,4.894680500030517578e+00,9.999694228172302246e-01,4.495886620134115219e-03,-4.516466520726680756e-03,-4.546437878161668777e-03
4.668312549591064453e+00,4.259994506835937500e+00,4.562086582183837891e+00,9.996663331985473633e-01,1.573894545435905457e-02,-3.048096550628542900e-03,2.025421522557735443e-02
6.408985853195190430e-01,8.157777786254882812e-01,4.485857486724853516e+00,9.999968409538269043e-01,-9.980442700907588005e-04,1.326524943578988314e-04,2.339404541999101639e-03
5.219523429870605469e+00,7.385599613189697266e-01,3.080697059631347656e+00,9.999913573265075684e-01,2.926302375271916389e-03,-2.891856478527188301e-03,-6.908277864567935467e-04
6.619898796081542969e+00,4.963512420654296875e+00,3.630081892013549805e+00,9.999965429306030273e-01,2.590979216620326042e-03,5.500969127751886845e-04,-1.937482302309945226e-04
1.881114393472671509e-01,2.508847951889038086e+00,5.020574092864990234e+00,9.999982118606567383e-01,-1.085575670003890991e-03,1.545727369375526905e-03,1.065725155058316886e-04
5.175726890563964844e+00,4.794426918029785156e+00,2.067521095275878906e+00,9.999977350234985352e-01,7.844248902983963490e-04,-1.943488139659166336e-03,4.260695131961256266e-04
6.182301521301269531e+00,6.901468276977539062e+00,3.514925479888916016e+00,9.999970197677612305e-01,-1.933375140652060509e-03,1.514464500360190868e-03,-2.969194611068814993e-04
1.342734575271606445e+00,3.855144977569580078e+00,5.969103336334228516e+00,9.998910427093505859e-01,-3.110798774287104607e-03,1.497209188528358936e-03,1.435001567006111145e-02
1.654540538787841797e+00,2.764940261840820312e+00,3.153257369995117188e+00,9.999946951866149902e-01,2.808549674227833748e-03,-1.323251635767519474e-03,1.050374819897115231e-03
1.509624421596527100e-01,1.388682425022125244e-01,4.467152118682861328e+00,9.999834895133972168e-01,-2.514883177354931831e-03,1.674461178481578827e-03,4.900902509689331055e-03
5.608613967895507812e+00,3.557491302490234375e+00,7.302741408348083496e-01,9.999996423721313477e-01,-4.308253119233995676e-04,-4.133310576435178518e-04,-6.717609358020126820e-04
1.508452177047729492e+00,5.330146312713623047e+00,3.274029254913330078e+00,9.999985098838806152e-01,-1.618109177798032761e-03,-6.568044773302972317e-04,2.424554550088942051e-04
3.146362781524658203e+00,4.683749198913574219e+00,3.796984910964965820e+00,9.999629855155944824e-01,6.297574378550052643e-03,-3.680214518681168556e-03,-4.567358177155256271e-03
4.578235745429992676e-01,1.037148237228393555e+00,4.738784313201904297e+00,9.999970197677612305e-01,-1.465218025259673595e-03,1.989897107705473900e-03,-2.361817460041493177e-04
7.187161922454833984e+00,6.346608638763427734e+00,6.965042591094970703e+00,9.999788999557495117e-01,5.662463139742612839e-03,-1.756465062499046326e-03,-2.676706062629818916e-03
2.772948503494262695e+00,3.984439134597778320e+00,3.331039428710937500e+00,1.000000000000000000e+00,-1.096303894883021712e-04,2.982488658744841814e-04,-1.338967413175851107e-04
4.185832977294921875e+00,1.328909039497375488e+00,4.036375522613525391e+00,9.999990463256835938e-01,2.410000161034986377e-04,-1.411534147337079048e-03,-2.823054273903835565e-05
5.930453777313232422e+00,7.140916347503662109e+00,1.926946401596069336e+00,9.998645782470703125e-01,-4.266888834536075592e-03,-1.321409922093153000e-02,8.829889819025993347e-03
2.182994604110717773e+00,7.262414455413818359e+00,1.592174291610717773e+00,9.999881386756896973e-01,-4.261049907654523849e-03,-2.375861164182424545e-03,-1.924835669342428446e-04
1.666136622428894043e+00,3.157621994614601135e-02,2.182945966720581055e+00,9.999529123306274414e-01,-9.038396179676055908e-03,3.251645248383283615e-03,-1.414603553712368011e-03
3.010553359985351562e+00,1.881467103958129883e+00,3.858617067337036133e+00,9.999913573265075684e-01,9.174967417493462563e-04,-3.959031309932470322e-03,9.587014210410416126e-04
1.055920958518981934e+00,6.201672077178955078e+00,3.044422149658203125e+00,9.999967813491821289e-01,-2.368482964811846614e-04,1.762614352628588676e-03,-1.817114534787833691e-03
7.313622474670410156e+00,3.538679838180541992e+00,2.734536230564117432e-01,9.999997615814208984e-01,5.472549237310886383e-04,2.026485017267987132e-04,4.675030941143631935e-04
4.900850772857666016e+00,5.666565895080566406e+00,1.024481296539306641e+00,9.994871020317077637e-01,3.129381313920021057e-02,2.101866528391838074e-03,-6.467502098530530930e-03
9.292525649070739746e-01,5.086545944213867188e+00,6.630571365356445312e+00,9.999997615814208984e-01,4.096868506167083979e-04,2.467470185365527868e-04,-5.670460523106157780e-04
6.026065945625305176e-01,7.429850101470947266e+00,1.050861477851867676e-01,9.999809265136718750e-01,-5.883503705263137817e-03,6.504904595203697681e-04,-1.756655634380877018e-03
6.951257705688476562e+00,4.641396522521972656e+00,3.720469027757644653e-02,9.999905824661254883e-01,2.300377003848552704e-03,2.338672522455453873e-03,-2.843958325684070587e-03
3.785995841026306152e-01,4.813198566436767578e+00,3.064725637435913086e+00,9.999998211860656738e-01,-5.678110755980014801e-04,-4.375896605779416859e-05,-3.492831892799586058e-04
8.511283397674560547e-01,1.827426552772521973e+00,5.020754814147949219e+00,9.999746084213256836e-01,6.593873724341392517e-03,-7.722376030869781971e-04,2.600995358079671860e-03
5.161317348480224609e+00,6.164067268371582031e+00,1.049324631690979004e+00,9.999899268150329590e-01,4.471413791179656982e-03,-8.202202297979965806e-05,-4.905851092189550400e-04
1.193705081939697266e+00,2.243865966796875000e+00,4.440845012664794922e+00,9.999604225158691406e-01,5.961516872048377991e-03,6.613283883780241013e-03,2.103572187479585409e-04
3.833059072494506836e+00,1.166916728019714355e+00,8.810626268386840820e-01,9.999725818634033203e-01,-7.377691566944122314e-03,-1.598029339220374823e-04,-7.083685486577451229e-04
5.816639423370361328e+00,5.899490833282470703e+00,4.727562904357910156e+00,9.995720982551574707e-01,2.617283537983894348e-02,-1.198294106870889664e-02,-5.200099665671586990e-03
1.748067498207092285e+00,2.663601875305175781e+00,2.389623165130615234e+00,9.999443292617797852e-01,-9.094815701246261597e-03,8.132345392368733883e-04,-5.296798422932624817e-03
2.476382970809936523e+00,1.829137325286865234e+00,6.851096630096435547e+00,9.999911785125732422e-01,-4.014281556010246277e-03,-8.235213463194668293e-04,-1.006922218948602676e-03
1.969938576221466064e-01,7.157932758331298828e+00,2.458823442459106445e+00,9.999998211860656738e-01,-4.376218130346387625e-04,-4.896775353699922562e-04,-8.235358109232038260e-05
5.342211246490478516e+00,4.932522296905517578e+00,6.724422931671142578e+00,9.999373555183410645e-01,1.040551811456680298e-02,1.946649164892733097e-03,-3.628915175795555115e-03
4.731902122497558594e+00,2.171691656112670898e+00,4.690531253814697266e+00,9.999979734420776367e-01,-5.630769301205873489e-04,9.955044370144605637e-04,-1.698415260761976242e-03
2.580322742462158203e+00,4.122906208038330078e+00,2.408905625343322754e-01,9.999990463256835938e-01,6.277507636696100235e-04,4.714918031822890043e-04,1.172246527858078480e-03
7.184521675109863281e+00,1.703406810760498047e+00,7.476313114166259766e+00,9.999991655349731445e-01,-5.397282657213509083e-04,-9.863001760095357895e-04,7.137098582461476326e-04
1.062991738319396973e+00,4.422348976135253906e+00,3.053693056106567383e+00,9.999867677688598633e-01,1.624321914277970791e-03,1.634576241485774517e-03,-4.612382035702466965e-03
1.907629728317260742e+00,1.237861752510070801e+00,5.313479423522949219e+00,9.999976158142089844e-01,-1.472150674089789391e-03,1.608370221219956875e-03,3.302414261270314455e-04
1.219230890274047852e+00,5.201738357543945312e+00,2.429493188858032227e+00,9.999958872795104980e-01,1.911938306875526905e-03,-2.118965378031134605e-03,-2.129737986251711845e-04
3.249060392379760742e+00,5.404649734497070312e+00,2.970832109451293945e+00,9.999950528144836426e-01,-2.897459780797362328e-03,3.151675919070839882e-04,-1.214110176078975201e-03
2.835062265396118164e+00,7.442746639251708984e+00,6.004571318626403809e-01,9.999956488609313965e-01,-1.958388369530439377e-03,1.157388789579272270e-03,1.912371139042079449e-03
7.115787267684936523e-01,1.839146256446838379e+00,3.954685926437377930e+00,9.998722076416015625e-01,-9.255475364625453949e-03,8.283038623631000519e-03,1.007335539907217026e-02
3.798496007919311523e+00,4.093631267547607422e+00,7.452164173126220703e+00,9.999991059303283691e-01,8.750442793825641274e-05,1.080424292013049126e-03,-8.720222976990044117e-04
4.982564926147460938e+00,5.317980766296386719e+00,6.961218833923339844e+00,9.999612569808959961e-01,9.585357620380818844e-04,4.244078882038593292e-03,-7.660809904336929321e-03
1.913745999336242676e+00,5.714989662170410156e+00,4.960708916187286377e-01,9.999996423721313477e-01,-7.332877721637487411e-04,2.190583909396082163e-04,-4.730582295451313257e-04
7.053792953491210938e+00,6.765981197357177734e+00,3.797364234924316406e+00,9.999992847442626953e-01,4.302799643483012915e-04,-9.144374052993953228e-04,-7.205017027445137501e-04
6.892197132110595703e+00,1.476867794990539551e+00,6.107769966125488281e+00,9.998856186866760254e-01,1.124858576804399490e-02,-8.264661766588687897e-03,-5.823004059493541718e-03
2.046756505966186523e+00,3.641449689865112305e+00,1.002176165580749512e+00,9.999099373817443848e-01,-8.476854301989078522e-03,-7.363345939666032791e-03,7.348463870584964752e-03
1.720767974853515625e+00,1.765409111976623535e+00,4.207862377166748047e+00,9.999955892562866211e-01,-1.175794634036719799e-03,2.517137618269771338e-04,-2.734693232923746109e-03
3.274278640747070312e+00,8.928525447845458984e-01,3.540462732315063477e+00,9.999583363533020020e-01,8.414050564169883728e-03,4.563885158859193325e-04,-3.539892612025141716e-03
3.512085676193237305e+00,7.388059616088867188e+00,7.007997035980224609e+00,9.999971985816955566e-01,-1.370314508676528931e-03,6.410195055650547147e-05,-1.958971843123435974e-03
1.342676281929016113e+00,7.425089359283447266e+00,5.994036674499511719e+00,9.999908208847045898e-01,-1.377395936287939548e-03,4.054658114910125732e-03,3.339476534165441990e-04
2.180216550827026367e+00,7.238902091979980469e+00,5.714266300201416016e+00,9.999988675117492676e-01,5.458595114760100842e-04,9.932846296578645706e-04,1.059568603523075581e-03
2.805641174316406250e+00,1.368665933609008789e+00,4.634857177734375000e+00,9.999979138374328613e-01,-2.888157323468476534e-04,-1.885578734800219536e-03,7.719175773672759533e-04
5.279881954193115234e+00,1.788792967796325684e+00,1.509133100509643555e+00,9.999992251396179199e-01,6.375478697009384632e-04,-1.028188271448016167e-03,-2.082090359181165695e-04
5.661394596099853516e+00,1.033483296632766724e-01,1.220193982124328613e+00,9.999152421951293945e-01,2.479662885889410973e-03,-9.121157228946685791e-03,-8.957120589911937714e-03
3.018876314163208008e-01,4.883410632610321045e-01,4.949478805065155029e-01,9.999964237213134766e-01,2.018475905060768127e-03,-3.436327970121055841e-04,1.748452661558985710e-03
7.256124973297119141e+00,5.874804973602294922e+00,1.435230612754821777e+00,9.999999403953552246e-01,7.056271715555340052e-05,-4.649224283639341593e-04,-1.832977577578276396e-04
1.815471410751342773e+00,7.238872051239013672e+00,4.252078533172607422e+00,9.999992251396179199e-01,3.500044404063373804e-04,8.378703496418893337e-04,8.901649853214621544e-04
1.616811633110046387e+00,5.808273792266845703e+00,6.388832092285156250e+00,9.999998807907104492e-01,2.836185558408033103e-05,-1.010841588140465319e-04,-6.413729861378669739e-04
4.232903957366943359e+00,4.078765392303466797e+00,1.019914746284484863e+00,9.999981522560119629e-01,-1.870713080279529095e-03,-5.371459410525858402e-04,1.167519076261669397e-04
1.607293128967285156e+00,4.187016010284423828e+00,4.720013618469238281e+00,9.999777078628540039e-01,5.482824519276618958e-03,5.650139646604657173e-04,3.786928486078977585e-03
3.253340244293212891e+00,4.453140735626220703e+00,1.812497019767761230e+00,9.999926686286926270e-01,3.445322159677743912e-03,-1.697091851383447647e-03,3.252872193115763366e-05
7.255924224853515625e+00,7.296630859375000000e+00,4.442327499389648438e+00,9.999990463256835938e-01,-4.639121762011200190e-04,5.458987434394657612e-04,-1.238386146724224091e-03
5.593048095703125000e+00,1.688966870307922363e+00,6.035649776458740234e+00,9.999999403953552246e-01,7.464862574124708772e-05,5.210732342675328255e-04,-9.391881030751392245e-05
1.484684109687805176e+00,3.313486576080322266e+00,3.109123945236206055e+00,9.998663663864135742e-01,-7.289722561836242676e-03,1.198749057948589325e-02,8.401594124734401703e-03
5.669198036193847656e+00,5.943146228790283203e+00,6.508377552032470703e+00,1.000000000000000000e+00,3.156667517032474279e-04,-2.027942246058955789e-04,4.050317147630266845e-05
4.753992080688476562e+00,5.858966827392578125e+00,5.127764701843261719e+00,9.999977946281433105e-01,-7.762334425933659077e-04,1.781538710929453373e-03,-9.014987736009061337e-04
9.365270137786865234e-01,9.870966076850891113e-01,2.410157680511474609e+00,9.999824762344360352e-01,-5.164713598787784576e-03,2.279713517054915428e-03,1.771400100551545620e-03
2.232380151748657227e+00,1.052106842398643494e-01,3.675166368484497070e+00,9.999948143959045410e-01,-3.051728243008255959e-03,-7.238766993395984173e-04,7.719562272541224957e-04
2.855380535125732422e+00,1.950001716613769531e+00,6.443097591400146484e+00,9.999054074287414551e-01,-1.120611093938350677e-02,7.597438991069793701e-03,-2.419102471321821213e-03
3.935063362121582031e+00,5.634954929351806641e+00,7.214141368865966797e+00,9.998481273651123047e-01,-3.875618276651948690e-04,-1.220740284770727158e-02,1.243311818689107895e-02
7.420973777770996094e+00,4.279880523681640625e+00,5.856491088867187500e+00,9.999843239784240723e-01,-5.449362099170684814e-03,-2.354392017878126353e-05,1.339790993370115757e-03
6.525112628936767578e+00,6.721003532409667969e+00,5.611953735351562500e+00,9.999986290931701660e-01,1.429307623766362667e-03,-3.757392114493995905e-04,-8.315211744047701359e-04
6.105022430419921875e+00,1.735316395759582520e+00,6.242072105407714844e+00,9.999002814292907715e-01,-8.626155555248260498e-03,-7.462640292942523956e-03,8.333670906722545624e-03
3.212272405624389648e+00,5.311716079711914062e+00,5.070925712585449219e+00,9.999952912330627441e-01,-2.067568711936473846e-03,-2.001047134399414062e-03,-1.086394768208265305e-03
5.596076011657714844e+00,3.455117344856262207e-01,9.594615697860717773e-01,9.999973773956298828e-01,1.022364944219589233e-03,-4.204566357657313347e-04,-2.043757354840636253e-03
1.189340233802795410e+00,1.732081770896911621e+00,4.354454517364501953e+00,9.999973177909851074e-01,3.844905222649686038e-05,9.934527770383283496e-05,-2.340799430385231972e-03
3.183575391769409180e+00,4.884387969970703125e+00,5.139289855957031250e+00,9.999864101409912109e-01,-3.135112812742590904e-03,-1.597602153196930885e-03,3.857617033645510674e-03
2.320379018783569336e+00,2.171484470367431641e+00,1.962255716323852539e+00,9.999989867210388184e-01,-9.119400056079030037e-04,-1.113308593630790710e-03,-3.162570646964013577e-04
4.908913135528564453e+00,5.412629127502441406e+00,1.480824112892150879e+00,9.997535943984985352e-01,-5.434537772089242935e-03,-2.083205431699752808e-02,5.417658016085624695e-03
1.956773757934570312e+00,4.884088516235351562e+00,5.979531764984130859e+00,9.999967217445373535e-01,2.171827480196952820e-03,-8.753238944336771965e-04,1.082636299543082714e-03
1.505057215690612793e+00,5.432176589965820312e+00,6.295962333679199219e+00,9.999995231628417969e-01,6.860078428871929646e-04,3.304372075945138931e-04,-6.877477862872183323e-04
1.230359315872192383e+00,1.668903946876525879e+00,6.589811801910400391e+00,9.999988079071044922e-01,7.781614549458026886e-04,9.407592006027698517e-04,9.863706072792410851e-04
4.108531951904296875e+00,2.338151693344116211e+00,1.152634978294372559e+00,9.999696612358093262e-01,6.063076201826334000e-03,4.279979111743159592e-05,-4.888019990175962448e-03
5.301023006439208984e+00,6.444941520690917969e+00,5.251171588897705078e+00,9.999848008155822754e-01,3.945616539567708969e-03,-3.218222642317414284e-03,2.111837966367602348e-03
6.281578540802001953e-01,2.570975542068481445e+00,1.219311952590942383e+00,9.999997019767761230e-01,-3.125793009530752897e-04,-3.305570280645042658e-04,6.968887755647301674e-04
5.376114368438720703e+00,5.072717070579528809e-01,2.321823835372924805e-01,9.999975562095642090e-01,-4.368926456663757563e-04,-2.002898836508393288e-03,9.187739342451095581e-04
2.492490768432617188e+00,4.023181438446044922e+00,5.110829830169677734e+00,9.999080300331115723e-01,-7.448558229953050613e-03,-3.323704004287719727e-03,1.084396429359912872e-02
2.424230813980102539e+00,5.627895355224609375e+00,3.086205959320068359e+00,9.999997615814208984e-01,-1.399776665493845940e-04,-8.093213546089828014e-04,4.855203587794676423e-05
2.866468191146850586e+00,1.383014321327209473e+00,7.029343128204345703e+00,9.999965429306030273e-01,2.337301615625619888e-03,8.437416981905698776e-04,-9.034918621182441711e-04
2.197776794433593750e+00,6.166911602020263672e+00,5.476037025451660156e+00,9.999840259552001953e-01,-2.620650222525000572e-03,4.814921878278255463e-03,1.421368913725018501e-03
5.418234825134277344e+00,6.978991031646728516e+00,3.456696510314941406e+00,9.999992847442626953e-01,2.060042024822905660e-04,8.658570586703717709e-04,8.382739615626633167e-04
5.215745449066162109e+00,3.907788693904876709e-01,2.471014261245727539e+00,9.999589920043945312e-01,-6.435712799429893494e-03,5.134083796292543411e-03,3.783539868891239166e-03
6.454791069030761719e+00,6.997473716735839844e+00,6.635729789733886719e+00,9.999976158142089844e-01,-1.710026757791638374e-03,-1.342037809081375599e-03,2.977170515805482864e-04
5.087120532989501953e+00,1.615249633789062500e+00,2.301182001829147339e-01,9.999709725379943848e-01,-1.269320346182212234e-04,7.104782853275537491e-03,-2.749841427430510521e-03
5.541358947753906250e+00,2.864890336990356445e+00,6.290026664733886719e+00,9.999936819076538086e-01,2.194576198235154152e-03,2.144597005099058151e-03,1.834052614867687225e-03
6.385319232940673828e+00,5.457354545593261719e+00,5.932170152664184570e-01,9.999448060989379883e-01,2.504684031009674072e-03,-9.612553752958774567e-03,3.437308827415108681e-03
2.423804402351379395e-01,5.427311420440673828e+00,5.071870326995849609e+00,9.999759197235107422e-01,9.284355328418314457e-04,2.161326352506875992e-03,-6.530832964926958084e-03
6.815736770629882812e+00,1.913911581039428711e+00,2.557282209396362305e+00,9.997971057891845703e-01,1.797996275126934052e-02,-8.974907919764518738e-03,-1.425889786332845688e-03
2.758455991744995117e+00,6.378194808959960938e+00,4.287200927734375000e+00,9.999991655349731445e-01,-4.458079347386956215e-04,-1.349365720670903102e-05,1.243256498128175735e-03
4.104336738586425781e+00,8.339046239852905273e-01,2.767431497573852539e+00,9.999982118606567383e-01,-1.394870807416737080e-03,1.063532428815960884e-03,7.675376255065202713e-04
2.552412748336791992e+00,2.839552164077758789e+00,6.845613002777099609e+00,9.999871253967285156e-01,-2.228314522653818130e-03,4.481299780309200287e-03,8.294968865811824799e-04
5.310276508331298828e+00,5.481142997741699219e+00,3.703732490539550781e+00,9.999975562095642090e-01,1.997004263103008270e-03,-1.021997304633259773e-04,-1.013107132166624069e-03
6.536437988281250000e+00,2.979596853256225586e+00,3.036327600479125977e+00,9.999697804450988770e-01,4.969114088453352451e-04,-6.717619020491838455e-03,3.883864264935255051e-03
7.482248783111572266e+00,5.226980209350585938e+00,4.372367858886718750e+00,9.999968409538269043e-01,8.519926632288843393e-05,-1.157192396931350231e-03,2.244143281131982803e-03
4.387743473052978516e+00,2.075093269348144531e+00,5.700434207916259766e+00,9.999963641166687012e-01,-6.323177367448806763e-04,-1.234092866070568562e-03,-2.304139547049999237e-03
1.580855250358581543e+00,2.535430431365966797e+00,6.350272178649902344e+00,9.999961256980895996e-01,-6.191844004206359386e-04,9.005132014863193035e-04,2.572259865701198578e-03
3.661576509475708008e+00,2.283665180206298828e+00,6.673715114593505859e+00,9.999974966049194336e-01,1.657714135944843292e-03,-1.420261105522513390e-03,5.191355594433844090e-04
3.411600828170776367e+00,7.398013472557067871e-01,3.377691376954317093e-03,9.999542832374572754e-01,4.843096539843827486e-04,4.563107620924711227e-03,-8.390856906771659851e-03
4.828903198242187500e+00,6.715595722198486328e+00,5.088119029998779297e+00,9.999993443489074707e-01,-2.980980789288878441e-04,-9.667286067269742489e-04,-5.767354741692543030e-04
7.014229297637939453e-01,1.567051768302917480e+00,5.567555427551269531e+00,9.999992847442626953e-01,3.451627271715551615e-04,-4.071981238666921854e-04,-1.098889508284628391e-03
1.010013341903686523e+00,4.192516803741455078e+00,5.864240646362304688e+00,9.999963045120239258e-01,-5.240730242803692818e-04,2.830952871590852737e-04,-2.670909510925412178e-03
5.487596035003662109e+00,3.436722040176391602e+00,4.376040935516357422e+00,9.999998211860656738e-01,-6.056454003555700183e-05,-5.823657847940921783e-04,3.369431069586426020e-04
2.371038436889648438e+00,3.479965925216674805e+00,7.203083515167236328e+00,9.999980926513671875e-01,1.515047741122543812e-03,-6.496623973362147808e-04,1.114831655286252499e-03
1.554022550582885742e+00,6.715918540954589844e+00,4.439853191375732422e+00,9.999535679817199707e-01,-4.135030321776866913e-03,3.653417807072401047e-03,7.911234162747859955e-03
5.868546009063720703e+00,4.644793510437011719e+00,1.847814321517944336e+00,9.999944567680358887e-01,-2.634884789586067200e-03,2.026561880484223366e-03,1.788423542166128755e-04
2.781062364578247070e+00,3.753156661987304688e-01,7.313463091850280762e-01,9.999989867210388184e-01,1.359847723506391048e-03,4.469019768293946981e-04,3.398619301151484251e-04
5.891790866851806641e+00,6.013234138488769531e+00,9.401524662971496582e-01,9.999192953109741211e-01,-8.314843289554119110e-03,6.865474395453929901e-03,-6.728189531713724136e-03
4.852875232696533203e+00,1.363811492919921875e+00,1.289322823286056519e-01,9.999917149543762207e-01,-2.086968626827001572e-03,-7.937449263408780098e-04,-3.410574514418840408e-03
7.105278968811035156e-01,9.841023087501525879e-01,4.200889587402343750e+00,9.999974370002746582e-01,5.420311936177313328e-04,-7.311543449759483337e-04,2.112009795382618904e-03
1.260032415390014648e+00,2.765624046325683594e+00,6.798478960990905762e-01,9.999000430107116699e-01,-6.282295100390911102e-03,-1.195688731968402863e-02,-4.188517108559608459e-03
5.738295555114746094e+00,6.602230072021484375e+00,3.805005252361297607e-01,9.999797344207763672e-01,6.229786667972803116e-03,-6.149840774014592171e-04,-1.143360510468482971e-03
5.577703952789306641e+00,1.146422147750854492e+00,8.962662220001220703e-01,9.999991655349731445e-01,-5.309209227561950684e-04,-1.005870872177183628e-03,-7.217329111881554127e-04
3.420085906982421875e+00,1.735375642776489258e+00,4.936768054962158203e+00,9.999994039535522461e-01,-5.327186081558465958e-04,6.937795551493763924e-04,-7.362014148384332657e-04
5.743040084838867188e+00,1.195032477378845215e+00,3.679105520248413086e+00,9.999994635581970215e-01,2.881055115722119808e-04,-5.945158773101866245e-04,-8.668110240250825882e-04
1.287972033023834229e-01,8.840367794036865234e-01,4.180455684661865234e+00,9.999980926513671875e-01,1.215324038639664650e-03,-1.165069988928735256e-03,-1.066703582182526588e-03
5.654914855957031250e+00,1.785323977470397949e+00,4.327421665191650391e+00,9.999978542327880859e-01,3.036878770217299461e-04,1.570386812090873718e-03,1.322478521615266800e-03
2.280660122632980347e-01,4.371143817901611328e+00,6.942205429077148438e+00,9.999997019767761230e-01,-1.759502338245511055e-04,-4.117425123695284128e-04,-7.000096375122666359e-04
5.310083031654357910e-01,5.424100399017333984e+00,3.094886064529418945e+00,9.999899864196777344e-01,-3.061792813241481781e-04,4.058108199387788773e-03,-1.862004515714943409e-03
6.962926864624023438e+00,3.949995756149291992e+00,5.578436374664306641e+00,9.999997019767761230e-01,7.889067637734115124e-05,8.252785482909530401e-05,-8.203950710594654083e-04
4.749778747558593750e+00,8.322397470474243164e-01,6.283752918243408203e+00,9.999528527259826660e-01,-6.223970092833042145e-03,-6.349363364279270172e-03,-3.926154691725969315e-03
2.086565494537353516e+00,2.364399909973144531e+00,5.187246322631835938e+00,9.999980926513671875e-01,8.574592065997421741e-04,7.087287376634776592e-04,-1.640907721593976021e-03
2.680041790008544922e+00,4.698077201843261719e+00,5.864401340484619141e+00,9.999846816062927246e-01,1.045716577209532261e-03,-5.195173434913158417e-03,1.593889086507260799e-03
1.395211070775985718e-01,7.482079505920410156e+00,6.592116355895996094e+00,9.999950528144836426e-01,1.929868012666702271e-03,-7.183474372141063213e-04,-2.398996846750378609e-03
4.730356693267822266e+00,3.267067670822143555e+00,3.357508420944213867e+00,9.998785257339477539e-01,9.011559188365936279e-03,-9.986191056668758392e-03,7.879802025854587555e-03
6.612687587738037109e+00,4.292176365852355957e-01,3.085850715637207031e+00,9.997708201408386230e-01,-1.900956034660339355e-02,-9.235835168510675430e-04,9.802072308957576752e-03
6.780682563781738281e+00,5.932747840881347656e+00,5.098967075347900391e+00,9.999684691429138184e-01,6.438381969928741455e-03,-2.414420479908585548e-03,3.986721858382225037e-03
5.910261631011962891e+00,1.186708569526672363e+00,5.303181171417236328e+00,9.999948143959045410e-01,-1.121817505918443203e-03,2.139328353223390877e-05,-3.032793058082461357e-03
3.123835086822509766e+00,5.330923080444335938e+00,5.784347534179687500e+00,9.999492764472961426e-01,-1.385986572131514549e-03,-6.151752546429634094e-03,-7.852000184357166290e-03
9.451357722282409668e-01,6.593538761138916016e+00,4.758963108062744141e+00,9.999989867210388184e-01,4.168848099652677774e-04,1.377823646180331707e-03,-1.625936420168727636e-04
6.452226161956787109e+00,1.445268511772155762e+00,3.270835399627685547e+00,9.999918937683105469e-01,1.025051809847354889e-03,2.322315704077482224e-03,-3.141005057841539383e-03
6.121125698089599609e+00,7.189104557037353516e+00,5.921668529510498047e+00,9.998187422752380371e-01,-1.589903607964515686e-03,-1.371381152421236038e-02,-1.310857106000185013e-02
2.049908161163330078e+00,4.115586757659912109e+00,7.700573801994323730e-01,9.999805092811584473e-01,-6.235086824744939804e-03,-1.693286176305264235e-04,2.535072562750428915e-04
2.400270700454711914e+00,3.869135618209838867e+00,5.941900253295898438e+00,9.999940395355224609e-01,3.279385622590780258e-03,1.532436144771054387e-04,-1.115647261030972004e-03
1.102609634399414062e+00,1.914923429489135742e+00,3.813675165176391602e+00,9.999791979789733887e-01,-5.259232129901647568e-03,3.674784675240516663e-03,7.282423903234302998e-04
6.165649414062500000e+00,7.287670135498046875e+00,7.189543724060058594e+00,9.998685717582702637e-01,7.163335569202899933e-03,-1.437260583043098450e-02,-2.214733045548200607e-03
8.299673795700073242e-01,5.352848172187805176e-01,5.078869342803955078e+00,9.999850392341613770e-01,-4.432547837495803833e-03,1.797866716515272856e-04,3.217433812096714973e-03
5.332193851470947266e+00,8.907151222229003906e-01,1.670243024826049805e+00,9.999995231628417969e-01,5.310672568157315254e-04,-9.008619817905128002e-04,4.768469079863280058e-05
5.472396612167358398e-01,5.661124229431152344e+00,4.210026264190673828e+00,9.999964237213134766e-01,-2.490782644599676132e-03,-5.191427771933376789e-04,8.621937595307826996e-04
7.365646362304687500e+00,8.314991593360900879e-01,4.554131507873535156e+00,9.999976158142089844e-01,1.384773408062756062e-03,9.293829789385199547e-04,-1.442869310267269611e-03
2.275913238525390625e+00,1.271561861038208008e+00,1.895464539527893066e+00,9.999995827674865723e-01,8.908004383556544781e-05,1.950636215042322874e-04,-9.145652293227612972e-04
6.218442440032958984e+00,4.554210662841796875e+00,3.921692132949829102e+00,9.999989867210388184e-01,5.102438153699040413e-04,-1.342808012850582600e-03,-3.159304906148463488e-04
4.420587062835693359e+00,1.753263592720031738e+00,7.665089964866638184e-01,9.999937415122985840e-01,2.271250821650028229e-03,2.678513526916503906e-03,-5.460119573399424553e-04
3.543650150299072266e+00,5.907091617584228516e+00,7.009452819824218750e+00,9.999980926513671875e-01,-1.159337232820689678e-03,-6.593904690816998482e-04,1.473805983550846577e-03
2.246742725372314453e+00,2.579783678054809570e+00,9.460965394973754883e-01,9.999938607215881348e-01,-1.313856686465442181e-03,2.197900786995887756e-03,-2.415232127532362938e-03
4.768697917461395264e-01,5.315900802612304688e+00,5.592397689819335938e+00,9.999808669090270996e-01,-7.527078851126134396e-04,-5.545758642256259918e-03,-2.649537287652492523e-03
6.417952060699462891e+00,2.911544322967529297e+00,4.868115901947021484e+00,9.999291896820068359e-01,-9.247116744518280029e-03,-4.348440561443567276e-03,-6.106265820562839508e-03
1.742027997970581055e+00,1.221413969993591309e+00,7.249107837677001953e+00,9.999973177909851074e-01,2.138598822057247162e-03,-2.155913825845345855e-04,9.123131167143583298e-04
1.861188054084777832e+00,4.422582149505615234e+00,1.998590946197509766e+00,9.999981522560119629e-01,-5.736093153245747089e-04,-1.374538405798375607e-03,1.270991982892155647e-03
5.727276325225830078e+00,4.610697269439697266e+00,6.993585109710693359e+00,9.999451637268066406e-01,6.943743210285902023e-03,6.757257506251335144e-03,-3.967708908021450043e-03
2.841534376144409180e+00,1.514466762542724609e+00,6.652496337890625000e+00,9.999994635581970215e-01,-2.473950189596507698e-05,1.080988906323909760e-03,7.642436685273423791e-05
5.370465517044067383e-01,4.521780967712402344e+00,7.182822227478027344e+00,9.999995231628417969e-01,-8.242561016231775284e-04,-3.449506184551864862e-04,-5.018935771659016609e-04
5.104645252227783203e+00,5.120531082153320312e+00,3.285647869110107422e+00,9.999994039535522461e-01,-9.910123189911246300e-04,6.114750867709517479e-04,-1.386237272527068853e-04
4.912038803100585938e+00,7.002853393554687500e+00,2.499348878860473633e+00,9.999988079071044922e-01,3.007172199431806803e-04,1.118540167226456106e-04,1.537755364552140236e-03
3.149305105209350586e+00,7.273594379425048828e+00,6.261931061744689941e-01,9.999921917915344238e-01,-2.412296365946531296e-03,3.090748563408851624e-03,6.420123972930014133e-04
7.012578964233398438e+00,4.353020668029785156e+00,3.179159164428710938e+00,9.999984502792358398e-01,-1.303488505072891712e-03,-5.409895675256848335e-04,1.100837718695402145e-03
3.429533243179321289e+00,3.315728425979614258e+00,5.719599246978759766e+00,9.999313354492187500e-01,9.524741908535361290e-04,-3.598727198550477624e-05,1.167869661003351212e-02
6.044292926788330078e+00,2.144247293472290039e+00,6.768287420272827148e-01,9.999926090240478516e-01,3.077853238210082054e-03,-2.230846090242266655e-03,6.596142775379121304e-04
1.495671272277832031e+00,5.715749263763427734e+00,3.053988218307495117e+00,9.999496936798095703e-01,-1.001964602619409561e-02,-5.701293121092021465e-04,2.154316753149032593e-04
1.058458909392356873e-02,5.328478813171386719e+00,1.014023303985595703e+00,9.999987483024597168e-01,9.807989699766039848e-04,4.431575071066617966e-04,1.203918596729636192e-03
6.020997524261474609e+00,1.579489588737487793e+00,1.038978815078735352e+00,9.999982118606567383e-01,-1.808571163564920425e-03,-6.459388532675802708e-04,8.201253513107076287e-05
5.007517337799072266e+00,6.454803347587585449e-01,3.579622507095336914e+00,9.999999403953552246e-01,-3.208659472875297070e-05,-4.300879372749477625e-04,1.587226288393139839e-04
3.198054790496826172e+00,1.774044275283813477e+00,2.744434118270874023e+00,9.999950528144836426e-01,1.901030773296952248e-04,2.497497713193297386e-03,1.899267430417239666e-03
3.749907732009887695e+00,4.783792018890380859e+00,6.326774597167968750e+00,9.999868869781494141e-01,-4.400757607072591782e-03,2.024392131716012955e-03,1.640019123442471027e-03
1.206651210784912109e+00,5.482131004333496094e+00,1.345897078514099121e+00,9.999992251396179199e-01,9.836367098614573479e-04,-3.206595429219305515e-04,7.357834256254136562e-04
1.707978546619415283e-02,5.294233322143554688e+00,2.509963750839233398e+00,9.999976754188537598e-01,-1.536147319711744785e-03,1.224899431690573692e-03,-9.277972858399152756e-04
3.957844257354736328e+00,1.761989474296569824e+00,1.496696114540100098e+00,9.999467730522155762e-01,-4.209986887872219086e-03,8.260204456746578217e-03,4.525868222117424011e-03
1.506119489669799805e+00,5.640013694763183594e+00,1.659106016159057617e+00,9.999996423721313477e-01,-8.642389439046382904e-04,3.547672822605818510e-04,1.577360962983220816e-04
6.137397885322570801e-01,4.827775001525878906e+00,5.967890739440917969e+00,9.999960660934448242e-01,2.546083414927124977e-03,-1.145580783486366272e-03,4.140336532145738602e-04
3.884165525436401367e+00,2.913754940032958984e+00,1.020538806915283203e+00,9.997062683105468750e-01,-9.753613732755184174e-03,2.567371411714702845e-04,2.218695916235446930e-02
1.564147591590881348e+00,1.410885930061340332e+00,4.465947151184082031e+00,9.999977350234985352e-01,1.021237345412373543e-03,9.768431773409247398e-04,-1.619411748833954334e-03
5.808979988098144531e+00,7.055727958679199219e+00,5.412119865417480469e+00,9.999967813491821289e-01,1.073425053618848324e-03,-2.138831419870257378e-03,8.733412250876426697e-04
3.148805856704711914e+00,8.375838398933410645e-01,5.919524192810058594e+00,9.999698996543884277e-01,1.734384917654097080e-03,-2.657764416653662920e-04,7.565279025584459305e-03
3.636554479598999023e+00,1.563676834106445312e+00,4.095028400421142578e+00,9.999982714653015137e-01,-6.270440062507987022e-04,-1.765149761922657490e-03,-1.605086727067828178e-04
3.418866634368896484e+00,2.982243776321411133e+00,6.637381553649902344e+00,9.999874830245971680e-01,-3.210091264918446541e-03,2.243972150608897209e-03,-3.135793609544634819e-03
6.252580642700195312e+00,6.655047893524169922e+00,5.062542438507080078e+00,9.999938011169433594e-01,-1.044408534653484821e-03,-2.376179909333586693e-03,-2.389110624790191650e-03
4.386065483093261719e+00,4.292180538177490234e+00,2.547025680541992188e+00,9.999160766601562500e-01,6.942660547792911530e-03,8.396014571189880371e-03,7.016462273895740509e-03
1.183772802352905273e+00,5.319283962249755859e+00,8.549243807792663574e-01,9.999898076057434082e-01,3.993546124547719955e-04,4.219381604343652725e-03,1.531214104034006596e-03
5.449834465980529785e-01,8.995453119277954102e-01,7.103271007537841797e+00,9.999888539314270020e-01,-1.915826811455190182e-03,3.909342456609010696e-03,-1.873853965662419796e-03
6.503982543945312500e-01,1.777001380920410156e+00,1.910618066787719727e+00,9.999994635581970215e-01,8.295192383229732513e-04,-6.077777943573892117e-04,-3.219666832592338324e-04
2.540651082992553711e+00,3.993589282035827637e-01,4.038961887359619141e+00,9.999808669090270996e-01,5.831558257341384888e-03,-8.916948572732508183e-04,-1.892977976240217686e-03
6.911053657531738281e+00,4.946948051452636719e+00,2.372281789779663086e+00,9.999993443489074707e-01,-7.788819493725895882e-05,-1.149537391029298306e-03,-2.520463895052671432e-04
7.378726005554199219e-01,4.997824668884277344e+00,1.440913915634155273e+00,9.999995231628417969e-01,-3.305709687992930412e-04,-2.715324517339468002e-04,9.351044427603483200e-04
2.959889650344848633e+00,3.477913379669189453e+00,4.792722702026367188e+00,9.999983310699462891e-01,1.332848798483610153e-03,8.360488573089241982e-04,-9.583803475834429264e-04
8.677153587341308594e-01,2.228050470352172852e+00,1.963817358016967773e+00,9.999036192893981934e-01,-1.552468631416559219e-03,-1.334284804761409760e-02,-3.516578115522861481e-03
7.289409160614013672e+00,6.513221263885498047e+00,2.930658578872680664e+00,9.999952316284179688e-01,-1.285672071389853954e-03,-4.029066476505249739e-04,2.791719511151313782e-03
4.916671752929687500e+00,2.172377586364746094e+00,3.886566638946533203e+00,9.999920725822448730e-01,-3.121384419500827789e-03,2.241349313408136368e-03,1.084018149413168430e-03
1.707201480865478516e+00,5.058211803436279297e+00,5.126005649566650391e+00,9.999461174011230469e-01,-8.081341162323951721e-03,3.258659970015287399e-03,-5.650389939546585083e-03
1.564235210418701172e+00,3.803199052810668945e+00,1.822342872619628906e+00,9.999949932098388672e-01,1.409760559909045696e-03,-1.955078550963662565e-05,2.858627820387482643e-03
3.880643844604492188e+00,6.452898979187011719e-01,5.162384510040283203e+00,9.999998211860656738e-01,-3.557404124876484275e-05,4.132218309678137302e-04,-4.979571676813066006e-04
6.667680263519287109e+00,2.032418251037597656e-01,6.479993820190429688e+00,9.999941587448120117e-01,-1.814169518183916807e-04,-3.024123376235365868e-03,-1.617327798157930374e-03
7.469437599182128906e+00,2.566225767135620117e+00,6.673647403717041016e+00,9.999924302101135254e-01,-8.285122457891702652e-04,2.658268669620156288e-03,2.743948483839631081e-03
3.630959510803222656e+00,7.415078163146972656e+00,5.720346450805664062e+00,9.999971389770507812e-01,1.787845743820071220e-03,9.272126480937004089e-04,-1.348930876702070236e-03
4.955584526062011719e+00,2.506800413131713867e+00,3.337855815887451172e+00,9.999989867210388184e-01,-8.548324112780392170e-04,1.070911879651248455e-03,-5.194324185140430927e-04
4.618271350860595703e+00,3.473995923995971680e+00,1.807723522186279297e+00,9.999899268150329590e-01,-2.501449780538678169e-03,-1.408232026733458042e-03,-3.444614820182323456e-03
5.992125511169433594e+00,3.581440448760986328e+00,3.355705022811889648e+00,9.999987483024597168e-01,-1.382053131237626076e-03,8.523489232175052166e-04,-1.308089558733627200e-04
2.406758308410644531e+00,7.429621219635009766e+00,8.913620114326477051e-01,9.999994635581970215e-01,4.782733230968005955e-05,-1.040378818288445473e-03,-4.096029151696711779e-04
1.347480177879333496e+00,6.660789966583251953e+00,1.706326603889465332e-01,9.999542236328125000e-01,7.235097000375390053e-04,-3.693256061524152756e-03,8.797369897365570068e-03
5.942323207855224609e+00,3.590187311172485352e+00,6.269136905670166016e+00,9.999771118164062500e-01,-3.127893432974815369e-03,-5.713093094527721405e-03,1.853941241279244423e-03
3.434511423110961914e+00,5.427008152008056641e+00,1.990102291107177734e+00,9.999702572822570801e-01,-2.222096547484397888e-03,7.389942184090614319e-03,1.178529273602180183e-04
2.400965929031372070e+00,1.761657595634460449e+00,5.293351650238037109e+00,9.999946355819702148e-01,-3.190264338627457619e-03,7.778097642585635185e-04,-1.732186501612886786e-04
3.919284105300903320e+00,5.829053401947021484e+00,2.770510435104370117e+00,9.999883174896240234e-01,-3.648994490504264832e-03,2.811356214806437492e-03,-1.507822889834642410e-03
7.257719993591308594e+00,5.207351207733154297e+00,2.343071252107620239e-01,9.999820590019226074e-01,-1.089787343516945839e-03,-3.705022623762488365e-03,-4.582501482218503952e-03
3.782340049743652344e+00,6.333261966705322266e+00,1.740847468376159668e+00,9.999960064888000488e-01,2.587349852547049522e-03,7.097568595781922340e-04,9.925197809934616089e-04
5.013082981109619141e+00,5.388105392456054688e+00,5.281347274780273438e+00,9.999994635581970215e-01,6.530834361910820007e-04,9.632152068661525846e-05,-8.955508819781243801e-04
7.278327465057373047e+00,3.139485359191894531e+00,6.425819873809814453e+00,9.997929334640502930e-01,-3.503771033138036728e-03,8.265085518360137939e-03,-1.826359890401363373e-02
3.829938888549804688e+00,7.294176101684570312e+00,5.556453466415405273e-01,9.999994039535522461e-01,-9.443286689929664135e-04,6.641449872404336929e-04,-6.129310804681153968e-06
1.748265147209167480e+00,7.426338672637939453e+00,3.574970245361328125e+00,9.999983310699462891e-01,-1.788889523595571518e-03,-8.088066533673554659e-05,5.513289361260831356e-04
6.316512107849121094e+00,6.710259318351745605e-01,7.559713125228881836e-01,9.999993443489074707e-01,4.514582687988877296e-04,1.120180590078234673e-03,-2.800272341119125485e-05
2.949472427368164062e+00,6.559438705444335938e+00,5.110904693603515625e+00,9.999977350234985352e-01,5.845371051691472530e-04,-1.328918500803411007e-03,-1.580109586939215660e-03
7.462817668914794922e+00,3.415044307708740234e+00,9.180094599723815918e-01,9.997347593307495117e-01,1.578373019583523273e-03,-6.370791234076023102e-03,2.207732945680618286e-02
4.763004302978515625e+00,1.079123020172119141e+00,3.474519729614257812e+00,9.999994635581970215e-01,9.605774539522826672e-04,-4.213693027850240469e-04,2.899251412600278854e-04
5.142013549804687500e+00,1.222258508205413818e-01,6.929878234863281250e+00,9.999967217445373535e-01,-1.881324686110019684e-03,1.005478785373270512e-03,-1.438590930774807930e-03
8.062022924423217773e-01,7.443881034851074219e-01,2.217083692550659180e+00,9.998893737792968750e-01,-9.738088585436344147e-03,8.503408171236515045e-03,7.356478832662105560e-03
5.565509796142578125e-01,6.384896039962768555e-01,2.771863341331481934e-01,9.999634027481079102e-01,1.331696636043488979e-03,7.179487030953168869e-03,-4.458642099052667618e-03
6.793900966644287109e+00,2.717158555984497070e+00,6.583482742309570312e+00,9.999898076057434082e-01,-1.183044980280101299e-03,1.981736393645405769e-03,3.881533630192279816e-03
3.304162979125976562e+00,6.838839054107666016e+00,4.684421539306640625e+00,9.999988675117492676e-01,-4.774661792907863855e-04,1.390331890434026718e-03,5.147378542460501194e-04
4.536636352539062500e+00,7.416884899139404297e+00,1.048081040382385254e+00,9.999995827674865723e-01,-8.489873143844306469e-04,-5.071939449408091605e-05,3.982261114288121462e-04
4.069046020507812500e+00,7.741283178329467773e-01,6.630875110626220703e+00,9.999997019767761230e-01,-2.143508900189772248e-04,1.991366007132455707e-04,8.010902092792093754e-04
1.997487425804138184e+00,3.403608560562133789e+00,6.552906990051269531e+00,9.999912977218627930e-01,-7.800365710863843560e-05,-4.156537353992462158e-03,4.251500358805060387e-04
1.528629064559936523e+00,3.446010828018188477e+00,3.469917535781860352e+00,9.999955296516418457e-01,-2.146956976503133774e-03,1.826118445023894310e-03,1.027576508931815624e-03
9.782792925834655762e-01,1.907332658767700195e+00,4.121853828430175781e+00,9.997401833534240723e-01,-1.457048114389181137e-02,1.332296617329120636e-02,1.139056589454412460e-02
4.761503934860229492e-01,9.510444998741149902e-01,5.079327106475830078e+00,9.999949336051940918e-01,-3.022345481440424919e-03,1.059573260135948658e-03,9.037098789121955633e-05
1.640360355377197266e+00,3.726446390151977539e+00,1.128972887992858887e+00,9.999961853027343750e-01,-2.096698619425296783e-03,-6.529540987685322762e-04,-1.699632150121033192e-03
4.190203666687011719e+00,1.984814882278442383e+00,4.284180641174316406e+00,9.999976158142089844e-01,-4.839905013795942068e-04,-2.062340499833226204e-03,-6.718654185533523560e-04
6.038081645965576172e+00,2.251738071441650391e+00,1.606006473302841187e-01,9.999994039535522461e-01,8.383854292333126068e-04,3.117171872872859240e-04,-6.994087598286569118e-04
3.338370561599731445e+00,4.528882026672363281e+00,5.943083763122558594e+00,9.999933242797851562e-01,5.623576580546796322e-04,-7.065882527967914939e-05,3.630612511187791824e-03
7.489557743072509766e+00,4.192195832729339600e-01,2.240138053894042969e+00,9.999981522560119629e-01,-1.614637440070509911e-03,-7.502948283217847347e-04,-7.980967639014124870e-04
6.889331340789794922e-01,1.570449233055114746e+00,4.026518166065216064e-01,9.999881386756896973e-01,-2.343393629416823387e-03,-2.014887519180774689e-03,-3.767363727092742920e-03
5.323462963104248047e+00,6.695369720458984375e+00,4.874044418334960938e+00,9.999983906745910645e-01,-7.067733677104115486e-04,1.586008118465542793e-03,5.553602823056280613e-04
6.582079410552978516e+00,3.779733657836914062e+00,6.225437164306640625e+00,9.998816251754760742e-01,-6.628554780036211014e-03,7.127567194402217865e-03,-1.191885396838188171e-02
4.882090687751770020e-01,4.629236221313476562e+00,3.375525951385498047e+00,9.999995231628417969e-01,4.696422256529331207e-04,8.906275616027414799e-04,2.346332621527835727e-04
1.014095187187194824e+00,5.527901172637939453e+00,5.865876197814941406e+00,9.999303817749023438e-01,1.059463433921337128e-02,2.978449454531073570e-03,4.260973073542118073e-03
9.314590692520141602e-01,3.728864248842000961e-03,1.486604571342468262e+00,9.999998211860656738e-01,2.315648453077301383e-04,3.598425246309489012e-04,5.667777149938046932e-04
6.884908676147460938e-01,5.840919494628906250e+00,2.228225708007812500e+00,9.999977946281433105e-01,-1.992235338548198342e-04,8.128471090458333492e-04,-1.972094643861055374e-03
4.982696533203125000e+00,3.959926843643188477e+00,1.421318531036376953e+00,9.999980926513671875e-01,-7.000375189818441868e-04,-1.177023281343281269e-03,1.438007573597133160e-03
6.412264347076416016e+00,8.200954794883728027e-01,1.191120743751525879e+00,9.999996423721313477e-01,1.349654921796172857e-04,-3.446969203650951385e-04,8.265333599410951138e-04
4.883008003234863281e+00,2.658622026443481445e+00,5.492174625396728516e+00,9.999794363975524902e-01,5.034188739955425262e-03,-3.466346766799688339e-03,-1.931068254634737968e-03
5.691704750061035156e+00,4.788075447082519531e+00,1.331320524215698242e+00,9.999873042106628418e-01,4.198659211397171021e-03,2.776273991912603378e-03,3.872240195050835609e-04
3.176614761352539062e+00,1.373458623886108398e+00,6.084888935089111328e+00,9.999999403953552246e-01,-3.800907870754599571e-04,2.178771246690303087e-04,2.855101774912327528e-04
6.815860271453857422e-01,4.791944980621337891e+00,7.168554067611694336e-01,9.998303651809692383e-01,-1.730404421687126160e-02,3.169244155287742615e-03,5.467859096825122833e-03
5.437881946563720703e+00,2.645559310913085938e+00,7.137139797210693359e+00,9.999979138374328613e-01,-1.833855872973799706e-03,-1.642656861804425716e-04,9.567544329911470413e-04
1.383361935615539551e+00,3.472579240798950195e+00,1.867842197418212891e+00,9.999852776527404785e-01,-3.209279151633381844e-03,-2.800859743729233742e-03,-3.381754970178008080e-03
6.400972366333007812e+00,4.937059879302978516e+00,5.319708347320556641e+00,9.999980926513671875e-01,-1.848181011155247688e-03,3.820527635980397463e-04,6.566234515048563480e-04
6.753659725189208984e+00,7.431789875030517578e+00,3.088007271289825439e-01,9.999967217445373535e-01,9.681836236268281937e-04,-1.805483945645391941e-03,-1.579681644216179848e-03
6.133819580078125000e+00,3.151789903640747070e+00,1.651954054832458496e+00,9.999971389770507812e-01,1.499049598351120949e-03,-6.970959366299211979e-04,1.772475428879261017e-03
2.741278171539306641e+00,3.753851652145385742e+00,6.163325786590576172e+00,9.999998807907104492e-01,9.808696631807833910e-06,4.850629775319248438e-04,-3.258476790506392717e-04
2.973194599151611328e+00,1.968241095542907715e+00,6.967797279357910156e-01,9.999999403953552246e-01,4.435951414052397013e-04,-1.048796257236972451e-04,2.471062471158802509e-04
1.825494289398193359e+00,3.812977075576782227e+00,2.215689897537231445e+00,9.999992251396179199e-01,-9.400887647643685341e-04,-1.258717966265976429e-04,8.955750963650643826e-04
5.131372928619384766e+00,2.915880680084228516e+00,4.209589004516601562e+00,9.999989867210388184e-01,-1.119911321438848972e-03,-9.051616070792078972e-04,3.113161656074225903e-04
1.572431445121765137e+00,5.354377746582031250e+00,6.983255863189697266e+00,9.999992251396179199e-01,-3.851145447697490454e-04,2.118736447300761938e-04,1.213992014527320862e-03
7.073474407196044922e+00,5.734084129333496094e+00,1.353366822004318237e-01,9.998997449874877930e-01,-7.346854079514741898e-03,-2.999107586219906807e-03,-1.172757335007190704e-02
6.192076683044433594e+00,1.208155751228332520e+00,4.966029226779937744e-01,9.999836683273315430e-01,1.293491513933986425e-04,5.719895008951425552e-03,-1.399026659782975912e-04
1.469539165496826172e+00,8.393797278404235840e-01,5.091949939727783203e+00,9.999690651893615723e-01,-3.713129321113228798e-03,6.563254632055759430e-03,2.257545711472630501e-03
7.348932266235351562e+00,2.095459222793579102e+00,4.682321071624755859e+00,9.999976754188537598e-01,5.199866063776426017e-05,1.191635616123676300e-03,-1.831893227063119411e-03
2.261755466461181641e+00,6.925683021545410156e+00,2.993289530277252197e-01,9.999867081642150879e-01,2.282692585140466690e-03,1.229524728842079639e-03,4.458115436136722565e-03
5.379571318626403809e-01,5.588018894195556641e+00,6.981354236602783203e+00,9.999976754188537598e-01,4.277764528524130583e-04,-1.860850839875638485e-03,-1.073408289812505245e-03
2.334038257598876953e+00,1.016244411468505859e+00,2.849285125732421875e+00,9.998522400856018066e-01,4.031455144286155701e-03,5.223388317972421646e-03,-1.587542891502380371e-02
4.640660762786865234e+00,3.464781999588012695e+00,5.164560794830322266e+00,9.999258518218994141e-01,-6.259803660213947296e-03,-2.507375211280304939e-05,1.044727116823196411e-02
3.938322067260742188e+00,4.268127381801605225e-01,2.093811988830566406e+00,9.999809265136718750e-01,-3.081252565607428551e-03,-5.323796998709440231e-03,6.016066181473433971e-04
2.954861164093017578e+00,7.763931155204772949e-01,5.614593029022216797e+00,9.999949336051940918e-01,-1.989044714719057083e-03,2.323518507182598114e-03,9.586219675838947296e-04
3.859613180160522461e+00,6.977389335632324219e+00,1.064772605895996094e+00,9.999017119407653809e-01,-1.392747089266777039e-02,7.706388132646679878e-04,1.444461988285183907e-03
6.553170204162597656e+00,3.571171283721923828e+00,3.065362215042114258e+00,9.999884366989135742e-01,-9.002691949717700481e-04,-4.716280382126569748e-03,3.690429730340838432e-04
1.610657572746276855e+00,3.184674501419067383e+00,1.402958393096923828e+00,9.999912977218627930e-01,-5.211695097386837006e-04,4.408475069794803858e-04,4.137025680392980576e-03
2.910159111022949219e+00,1.145828604698181152e+00,6.278552055358886719e+00,9.999994039535522461e-01,-2.987670013681054115e-04,1.046272227540612221e-03,-3.452317323535680771e-04
2.003776073455810547e+00,6.003329277038574219e+00,5.673834323883056641e+00,9.999627470970153809e-01,-1.217472599819302559e-03,-8.535413071513175964e-03,-5.581672885455191135e-04
4.250138759613037109e+00,4.700163364410400391e+00,1.264970779418945312e+00,9.999989271163940430e-01,1.285473234020173550e-03,-8.247029618360102177e-04,-1.080855363397859037e-04
5.063591957092285156e+00,1.351826190948486328e+00,7.360926628112792969e+00,9.999985694885253906e-01,-1.216263859532773495e-03,9.794352808967232704e-04,-7.616595830768346786e-04
1.933908700942993164e+00,2.260218858718872070e+00,1.912994384765625000e+00,9.999930858612060547e-01,-3.026893362402915955e-03,-1.972454600036144257e-03,-9.713991312310099602e-04
1.768910288810729980e-01,1.866370797157287598e+00,7.306179404258728027e-01,9.999409914016723633e-01,-1.717254868708550930e-03,-3.890458261594176292e-03,-1.000164449214935303e-02
2.693970918655395508e+00,4.597182273864746094e+00,3.963800430297851562e+00,9.999974370002746582e-01,-3.117145970463752747e-04,1.727384165860712528e-03,-1.485479297116398811e-03
5.284382343292236328e+00,1.373886942863464355e+00,1.870513439178466797e+00,9.999977350234985352e-01,-3.672192397061735392e-04,9.701928356662392616e-04,1.881145872175693512e-03
7.366724491119384766e+00,1.946660399436950684e+00,7.441112995147705078e-01,9.999303817749023438e-01,-2.433822024613618851e-03,-3.957743756473064423e-03,-1.085085235536098480e-02
5.057930469512939453e+00,4.652948379516601562e+00,1.333375096321105957e+00,9.999747872352600098e-01,6.265352014452219009e-03,1.974275568500161171e-03,-2.724272664636373520e-03
6.097260475158691406e+00,1.367596030235290527e+00,1.443912982940673828e+00,9.999986886978149414e-01,2.636090212035924196e-04,6.900039152242243290e-04,-1.493990072049200535e-03
5.978949069976806641e+00,2.312414884567260742e+00,1.271395564079284668e+00,9.997300505638122559e-01,2.030701562762260437e-02,-1.088482793420553207e-03,-1.123769767582416534e-02
3.314596652984619141e+00,2.374152898788452148e+00,1.118293285369873047e+00,9.999979138374328613e-01,-1.814833260141313076e-03,5.660992464981973171e-04,8.301931666210293770e-04
3.356532096862792969e+00,2.837121009826660156e+00,5.852171421051025391e+00,9.999990463256835938e-01,-5.149256321601569653e-04,1.180013525299727917e-03,-6.558716413564980030e-04
1.780871599912643433e-01,5.300077915191650391e+00,4.104298591613769531e+00,9.999825358390808105e-01,3.024125471711158752e-03,-4.194822628051042557e-03,2.882600761950016022e-03
1.004151463508605957e+00,5.768150329589843750e+00,1.750709414482116699e+00,9.999883770942687988e-01,2.170057967305183411e-03,-3.368008881807327271e-03,-2.700947457924485207e-03
5.993428230285644531e+00,7.300657749176025391e+00,2.203757286071777344e+00,9.998690485954284668e-01,-3.267272142693400383e-03,-8.450820110738277435e-03,1.341556292027235031e-02
1.702135682106018066e+00,5.236736297607421875e+00,1.856427073478698730e+00,9.999993443489074707e-01,-9.890660876408219337e-04,8.363675442524254322e-05,-6.748937885276973248e-04
6.130945205688476562e+00,2.868302822113037109e+00,2.775568723678588867e+00,9.999756217002868652e-01,-6.935229524970054626e-03,-8.414841140620410442e-04,-2.962193102575838566e-04
6.881561875343322754e-01,2.753534793853759766e+00,2.907073259353637695e+00,9.999993443489074707e-01,6.185455131344497204e-04,6.547242519445717335e-04,7.804962224327027798e-04
3.422556161880493164e+00,4.530889034271240234e+00,5.609211444854736328e+00,9.999987483024597168e-01,-4.184936115052551031e-04,1.566802151501178741e-03,-1.421000342816114426e-04
4.377879619598388672e+00,4.277184009552001953e+00,6.730156421661376953e+00,9.999988675117492676e-01,-4.921626532450318336e-04,1.407033181749284267e-03,-2.354596072109416127e-04
1.342961430549621582e+00,5.798512935638427734e+00,2.468052625656127930e+00,9.999825358390808105e-01,3.159325104206800461e-03,-4.978812765330076218e-03,-5.734600708819925785e-04
9.982140064239501953e-01,2.126914501190185547e+00,5.956179141998291016e+00,9.999986290931701660e-01,-1.581744640134274960e-03,-6.169519620016217232e-04,1.877645408967509866e-04
6.408401966094970703e+00,6.201791763305664062e+00,1.390549242496490479e-01,9.999883174896240234e-01,2.791023114696145058e-03,-3.961906768381595612e-03,-1.389431854477152228e-04
2.733907461166381836e+00,5.968760013580322266e+00,6.188049793243408203e+00,9.999992847442626953e-01,1.666633615968748927e-04,6.942285108380019665e-04,1.006107893772423267e-03
4.647340774536132812e+00,4.770128726959228516e+00,5.583033561706542969e+00,9.999736547470092773e-01,-3.038132563233375549e-03,1.089935307390987873e-03,6.513714790344238281e-03
1.832345724105834961e+00,3.452907800674438477e+00,2.079432010650634766e+00,9.999986886978149414e-01,1.076657208614051342e-03,-1.246531261131167412e-03,3.436075348872691393e-05
4.678415775299072266e+00,5.871804356575012207e-01,9.700573682785034180e-01,9.999977946281433105e-01,1.203947351314127445e-03,1.695768907666206360e-03,4.445163358468562365e-04
6.080345630645751953e+00,4.452966451644897461e-01,3.687180519104003906e+00,9.999679327011108398e-01,1.513179275207221508e-03,-4.577376414090394974e-03,6.399197503924369812e-03
3.347831487655639648e+00,1.662048220634460449e+00,6.078577041625976562e+00,9.999988675117492676e-01,-5.628183134831488132e-04,-8.174547110684216022e-04,-1.177893718704581261e-03
4.412662029266357422e+00,5.608016967773437500e+00,2.633574724197387695e+00,9.999992847442626953e-01,-8.609496871940791607e-04,-3.567340609151870012e-04,-8.407938876189291477e-04
6.843296051025390625e+00,3.877665042877197266e+00,1.234570980072021484e+00,9.999990463256835938e-01,-1.311911386437714100e-03,5.817936034873127937e-04,3.427487899898551404e-05
4.512080669403076172e+00,5.090105056762695312e+00,4.547307491302490234e+00,9.999977946281433105e-01,-1.367292250506579876e-03,-2.691556292120367289e-04,-1.613484113477170467e-03
4.292511940002441406e+00,1.700696468353271484e+00,5.343341827392578125e+00,9.999985098838806152e-01,1.710887183435261250e-03,-3.212812007404863834e-04,2.108649787260219455e-04
6.176745295524597168e-01,2.366225481033325195e+00,4.994065761566162109e+00,9.999913573265075684e-01,-4.099953919649124146e-03,-7.726826588623225689e-04,-1.742973981890827417e-04
6.606684684753417969e+00,3.751060247421264648e+00,3.408266544342041016e+00,9.999992847442626953e-01,-1.350703532807528973e-04,2.954479714389890432e-04,-1.189979724586009979e-03
3.822893142700195312e+00,4.698990345001220703e+00,2.234291315078735352e+00,9.999913573265075684e-01,1.042424468323588371e-03,-4.754476249217987061e-04,4.015235695987939835e-03
4.916252136230468750e+00,2.498108386993408203e+00,7.371379852294921875e+00,9.998779892921447754e-01,8.809632621705532074e-03,-4.626953508704900742e-03,-1.204882003366947174e-02
4.444068431854248047e+00,4.447627544403076172e+00,5.309799194335937500e+00,9.995363950729370117e-01,-2.146527171134948730e-02,-8.573026396334171295e-03,1.981707289814949036e-02
6.327449798583984375e+00,2.995901346206665039e+00,5.470576882362365723e-01,9.998645186424255371e-01,1.442929264158010483e-02,2.190332015743479133e-04,-7.919264957308769226e-03
3.185140788555145264e-01,2.509748935699462891e+00,4.465274810791015625e+00,9.999400377273559570e-01,-1.001245342195034027e-02,-1.116739469580352306e-03,-4.311537835747003555e-03
3.993377208709716797e+00,5.706171035766601562e+00,6.905124187469482422e+00,9.999035000801086426e-01,-3.395284875296056271e-04,-1.370821055024862289e-02,-2.230690093711018562e-03
6.121572494506835938e+00,7.359284877777099609e+00,6.879423618316650391e+00,9.999560117721557617e-01,6.304424721747636795e-03,-6.949544884264469147e-03,1.744635083014145494e-04
2.988749265670776367e+00,5.927103161811828613e-01,1.442230343818664551e+00,9.999957084655761719e-01,-2.549076220020651817e-03,-1.022266573272645473e-03,1.048131147399544716e-03
5.665608882904052734e+00,2.811222314834594727e+00,4.123131275177001953e+00,9.999940991401672363e-01,-2.160569420084357262e-03,6.531641702167689800e-04,-2.606744412332773209e-03
2.115961074829101562e+00,4.417724609375000000e+00,2.200009346008300781e+00,9.999973773956298828e-01,-1.170050818473100662e-03,-9.348596795462071896e-04,1.761315856128931046e-03
1.607919454574584961e+00,1.812713503837585449e+00,5.418235063552856445e-01,9.999986886978149414e-01,8.593608799856156111e-05,1.269697444513440132e-03,1.006911275908350945e-03
2.496555566787719727e+00,5.518060207366943359e+00,1.963923096656799316e+00,9.999925494194030762e-01,-3.228890011087059975e-03,-2.134865615516901016e-03,2.851046447176486254e-04
6.776157379150390625e+00,6.660799026489257812e+00,4.697384357452392578e+00,9.999849200248718262e-01,-2.927840687334537506e-03,4.513437859714031219e-03,1.171726849861443043e-03
3.680112600326538086e+00,6.104075908660888672e+00,6.044182300567626953e+00,9.999997019767761230e-01,3.653036037576384842e-05,6.491384119726717472e-04,-4.251041100360453129e-04
2.548257589340209961e+00,6.083473205566406250e+00,5.784915447235107422e+00,9.999951720237731934e-01,2.418775111436843872e-03,-1.972686266526579857e-03,1.001227647066116333e-04
3.815434932708740234e+00,7.118687152862548828e+00,3.305616378784179688e+00,9.999957084655761719e-01,-1.151027623564004898e-03,2.623476786538958549e-03,6.293092737905681133e-04
3.985154390335083008e+00,3.913183689117431641e+00,1.986315846443176270e+00,9.999901056289672852e-01,5.779366256319917738e-05,-6.297613144852221012e-04,-4.414921626448631287e-03
6.817620277404785156e+00,4.358620643615722656e+00,1.622837036848068237e-01,9.999867677688598633e-01,4.286843817681074142e-03,2.783955540508031845e-03,-6.419424898922443390e-04
6.580998420715332031e+00,8.782838582992553711e-01,3.521529674530029297e+00,9.999915361404418945e-01,-1.449860050342977047e-03,2.339176135137677193e-03,-3.078420180827379227e-03
5.713728904724121094e+00,5.932883620262145996e-01,2.544730901718139648e-01,9.999972581863403320e-01,-1.596015295945107937e-03,-1.678066677413880825e-03,-4.751650558318942785e-04
4.675065994262695312e+00,6.067085742950439453e+00,7.311710357666015625e+00,9.999996423721313477e-01,6.864044698886573315e-04,2.294693113071843982e-04,-5.523620638996362686e-04
6.590259075164794922e+00,6.380198955535888672e+00,4.274194240570068359e+00,9.999978542327880859e-01,-5.553518421947956085e-04,-7.244606385938823223e-04,-1.840549870394170284e-03
6.756949424743652344e+00,1.871434688568115234e+00,5.049182176589965820e-01,9.999989271163940430e-01,-5.675514112226665020e-04,-1.169873983599245548e-03,7.683017756789922714e-04
1.249744892120361328e+00,1.582459092140197754e+00,5.967893600463867188e+00,9.999713301658630371e-01,-4.041566513478755951e-03,-4.983894061297178268e-03,4.035392776131629944e-03
2.398483157157897949e-01,6.626715183258056641e+00,3.864476203918457031e+00,9.999986290931701660e-01,1.621411298401653767e-03,-3.445441252551972866e-04,3.292177862022072077e-04
6.206672668457031250e+00,6.570678234100341797e+00,3.376244068145751953e+00,9.999979138374328613e-01,-1.656425185501575470e-03,8.918022504076361656e-04,-9.011099464260041714e-04
6.125293731689453125e+00,7.092671871185302734e+00,1.243051290512084961e+00,9.999969005584716797e-01,-6.701783277094364166e-04,-1.337260007858276367e-03,1.994245685636997223e-03
3.799077510833740234e+00,4.667396068572998047e+00,1.088615775108337402e+00,9.999931454658508301e-01,1.725184381939470768e-03,3.228480229154229164e-03,-5.298226606100797653e-04
5.988677978515625000e+00,6.135203838348388672e+00,1.637494206428527832e+00,9.999921917915344238e-01,-8.537300745956599712e-04,3.415086306631565094e-03,1.838625641539692879e-03
6.249320507049560547e+00,5.256650447845458984e+00,3.274685859680175781e+00,9.999522566795349121e-01,9.239356033504009247e-03,-3.142057219520211220e-03,4.299987922422587872e-04
1.655498862266540527e+00,1.376441121101379395e+00,3.161847889423370361e-01,9.999943971633911133e-01,-2.264600334456190467e-04,1.006293809041380882e-03,3.196586389094591141e-03
5.947304725646972656e+00,3.707400798797607422e+00,2.349386453628540039e+00,9.999986886978149414e-01,3.693359903991222382e-04,1.637696754187345505e-03,-1.352664403384551406e-04
6.520707607269287109e+00,4.307896137237548828e+00,5.915258884429931641e+00,9.999985098838806152e-01,1.738893915899097919e-04,1.748072449117898941e-03,-7.784450281178578734e-05
2.402755260467529297e+00,7.216136932373046875e+00,3.337649106979370117e-01,9.999772310256958008e-01,4.812139552086591721e-03,3.072312392760068178e-04,4.721097648143768311e-03
2.723985671997070312e+00,1.984370946884155273e-01,4.647944927215576172e+00,9.999983906745910645e-01,3.609915147535502911e-04,1.343994401395320892e-03,1.172954915091395378e-03
5.950731277465820312e+00,1.351059198379516602e+00,2.903186976909637451e-01,9.999959468841552734e-01,-9.613431175239384174e-04,2.466294215992093086e-03,-1.100966474041342735e-03
5.877044677734375000e+00,6.184244632720947266e+00,4.356832027435302734e+00,9.997443556785583496e-01,-1.917227357625961304e-02,9.470441378653049469e-03,7.347980048507452011e-03
1.104247450828552246e+00,6.675868511199951172e+00,2.514131307601928711e+00,9.999784827232360840e-01,-4.689462948590517044e-03,-1.935961539857089520e-03,4.172488115727901459e-03
5.789371132850646973e-01,1.457670569419860840e+00,4.660884380340576172e+00,9.999915957450866699e-01,1.177703845314681530e-03,3.085835138335824013e-03,-2.455752808600664139e-03
1.350109130144119263e-01,1.252376914024353027e+00,2.123277902603149414e+00,9.999716281890869141e-01,-5.152891390025615692e-03,5.159878171980381012e-03,1.915885834023356438e-03
2.348248481750488281e+00,1.593393325805664062e+00,2.277376174926757812e+00,9.999905228614807129e-01,2.942062215879559517e-03,-2.338326070457696915e-03,2.232141094282269478e-03
2.004121303558349609e+00,3.955295383930206299e-01,4.670063018798828125e+00,9.999744296073913574e-01,4.681486636400222778e-03,5.199662409722805023e-03,1.504945335909724236e-03
6.996180534362792969e+00,3.514370918273925781e+00,6.605343341827392578e+00,9.999964833259582520e-01,1.724448520690202713e-03,-8.018811931833624840e-04,1.845608698204159737e-03
4.187106609344482422e+00,2.841558218002319336e+00,7.372339248657226562e+00,9.999875426292419434e-01,-3.550430061295628548e-03,3.458594204857945442e-03,-6.989795947447419167e-04
7.297545909881591797e+00,2.890907764434814453e+00,7.440588474273681641e+00,9.999858140945434570e-01,-2.738083014264702797e-03,-1.090451725758612156e-03,4.436127841472625732e-03
4.437298774719238281e+00,2.959085702896118164e+00,1.342278957366943359e+00,9.999950528144836426e-01,2.907269168645143509e-03,-1.252892427146434784e-03,2.598031715024262667e-04
5.825224399566650391e+00,1.244010567665100098e+00,2.414798736572265625e+00,9.999989271163940430e-01,9.594291332177817822e-04,-4.591617325786501169e-04,-1.053162617608904839e-03
1.999544501304626465e+00,2.305474042892456055e+00,2.439861297607421875e+00,9.999943375587463379e-01,1.847929204814136028e-03,1.964332535862922668e-03,-2.027449896559119225e-03
2.560456752777099609e+00,4.330695152282714844e+00,3.078773736953735352e+00,9.999958872795104980e-01,-1.929317368194460869e-03,1.711346674710512161e-03,-1.310890307649970055e-03
3.610094070434570312e+00,7.186861038208007812e+00,1.317471385002136230e+00,9.999883174896240234e-01,4.004978109151124954e-03,3.241960657760500908e-04,2.712577814236283302e-03
3.615977764129638672e+00,4.602072715759277344e+00,4.646019935607910156e+00,9.999834895133972168e-01,-4.144146572798490524e-03,-3.789149457588791847e-03,-1.235338626429438591e-03
5.195417881011962891e+00,5.861886978149414062e+00,6.833893775939941406e+00,9.999485611915588379e-01,9.727869182825088501e-03,2.429111860692501068e-03,-1.570780994370579720e-03
2.629682779312133789e+00,4.736088752746582031e+00,3.252120256423950195e+00,9.999994039535522461e-01,1.297621784033253789e-04,-6.887436611577868462e-04,-8.870735764503479004e-04
5.979725837707519531e+00,3.095051765441894531e+00,5.120060443878173828e+00,9.999942779541015625e-01,-2.250166377052664757e-03,-1.836742856539785862e-03,-1.722798217087984085e-03
5.321504116058349609e+00,5.234360694885253906e+00,7.017240524291992188e+00,9.999954700469970703e-01,4.072196315973997116e-04,1.526875072158873081e-03,-2.588639268651604652e-03
6.641378402709960938e+00,5.250820517539978027e-01,6.663266658782958984e+00,9.999960660934448242e-01,-1.076629036106169224e-03,-2.542002126574516296e-03,-5.821824306622147560e-04
4.022810459136962891e+00,6.602421283721923828e+00,2.200955390930175781e+00,9.998810887336730957e-01,1.675258681643754244e-04,-3.712381701916456223e-03,1.496650651097297668e-02
6.694503307342529297e+00,5.738400459289550781e+00,2.379481315612792969e+00,9.999917149543762207e-01,-3.166567767038941383e-03,-1.102641690522432327e-03,2.335447818040847778e-03
6.273606300354003906e+00,1.414055943489074707e+00,4.130133152008056641e+00,9.999969005584716797e-01,1.552071538753807545e-03,9.206128888763487339e-04,1.765072112902998924e-03
2.415725469589233398e+00,5.698793888092041016e+00,2.467497110366821289e+00,1.000000000000000000e+00,7.002220809226855636e-05,-2.837669453583657742e-04,-1.465678069507703185e-04
5.651945590972900391e+00,5.058776855468750000e+00,5.129542827606201172e+00,9.999964237213134766e-01,-2.267183503136038780e-03,6.044278270564973354e-04,-1.323199248872697353e-03
1.335539817810058594e+00,5.818523883819580078e+00,2.092985630035400391e+00,9.999080300331115723e-01,-8.858252316713333130e-03,9.007275104522705078e-03,4.940463230013847351e-03
5.291255950927734375e+00,5.019896984100341797e+00,1.592868924140930176e+00,9.997623562812805176e-01,6.581873632967472076e-03,-1.571367867290973663e-02,1.360471639782190323e-02
6.146813869476318359e+00,5.887701511383056641e+00,3.562780469655990601e-02,9.999954700469970703e-01,2.558881416916847229e-03,-1.620408729650080204e-03,-2.294400328537449241e-04
2.613728761672973633e+00,2.132774829864501953e+00,3.164124786853790283e-01,9.999985694885253906e-01,-4.883790970779955387e-04,5.622996250167489052e-04,1.577842514961957932e-03
4.173659801483154297e+00,5.096720695495605469e+00,4.817554950714111328e-01,9.999989271163940430e-01,-2.222134498879313469e-04,-1.958777138497680426e-04,-1.482959138229489326e-03
5.237951755523681641e+00,6.829495429992675781e+00,1.995057225227355957e+00,9.999979138374328613e-01,1.993087789742276073e-04,7.724048919044435024e-05,2.057224046438932419e-03
5.532807350158691406e+00,3.500875711441040039e+00,6.313931465148925781e+00,9.999927282333374023e-01,5.976883112452924252e-04,-3.634107531979680061e-03,9.537467267364263535e-04
4.667307376861572266e+00,2.505479812622070312e+00,5.294642925262451172e+00,9.998673200607299805e-01,1.140892971307039261e-02,5.325985141098499298e-03,1.033691782504320145e-02
5.406239032745361328e+00,4.473196506500244141e+00,3.411563396453857422e+00,9.999967217445373535e-01,-1.206148881465196609e-03,-1.288577332161366940e-03,1.879672636277973652e-03
6.174639463424682617e-01,7.444314479827880859e+00,6.169059276580810547e-01,9.999990463256835938e-01,1.003980869427323341e-03,9.873140370473265648e-04,2.680076286196708679e-04
2.334543466567993164e+00,6.168007373809814453e+00,4.497292041778564453e+00,9.999988079071044922e-01,-9.172892896458506584e-04,-1.180886756628751755e-03,-5.102207069285213947e-04
6.064044475555419922e+00,5.249869823455810547e+00,5.305402755737304688e+00,9.999844431877136230e-01,-5.380973219871520996e-03,1.442269538529217243e-03,4.055618192069232464e-04
5.921757698059082031e+00,4.870138168334960938e+00,4.476748406887054443e-01,9.999439716339111328e-01,4.891669843345880508e-03,5.503209773451089859e-03,-7.610281929373741150e-03
6.048805236816406250e+00,2.696566820144653320e+00,4.655859470367431641e+00,9.999940991401672363e-01,-1.848646556027233601e-03,2.412553178146481514e-03,-1.630772138014435768e-03
1.488122105598449707e+00,3.211791515350341797e+00,1.099883794784545898e+00,9.999973177909851074e-01,-1.651209197007119656e-03,9.211699943989515305e-04,1.377070089802145958e-03
6.522287368774414062e+00,7.255356311798095703e-01,6.053312778472900391e+00,9.999333620071411133e-01,-9.965694509446620941e-03,-1.673538587056100368e-03,5.584090482443571091e-03
5.380029201507568359e+00,3.114856004714965820e+00,4.820278644561767578e+00,9.999994635581970215e-01,5.224209744483232498e-04,4.993967013433575630e-04,8.133331430144608021e-04
1.091102957725524902e+00,4.992205619812011719e+00,1.723279356956481934e+00,9.999923706054687500e-01,-3.009355627000331879e-03,1.914979657158255577e-03,-1.569850952364504337e-03
7.476196765899658203e+00,3.807677030563354492e+00,5.741527080535888672e+00,9.999954700469970703e-01,1.996055507333949208e-04,-7.495500613003969193e-04,2.929558977484703064e-03
5.721751213073730469e+00,6.325514316558837891e+00,6.209354877471923828e+00,9.999817609786987305e-01,3.288295818492770195e-03,1.811260241083800793e-03,-4.736112896353006363e-03
1.144560426473617554e-01,5.795467376708984375e+00,5.965196490287780762e-01,9.998912811279296875e-01,-3.050010884180665016e-03,-1.433272846043109894e-02,1.704458962194621563e-03
4.652882575988769531e+00,3.898068666458129883e+00,4.741787910461425781e+00,9.999989867210388184e-01,-1.411056262440979481e-03,6.309976015472784638e-05,-4.611314507201313972e-04
4.917994022369384766e+00,6.781836032867431641e+00,1.839922554790973663e-02,9.999998807907104492e-01,-5.172308374312706292e-05,-5.816246848553419113e-04,-1.084269388229586184e-04
1.204903960227966309e+00,1.414071440696716309e+00,2.821388840675354004e-01,9.998784661293029785e-01,6.368757691234350204e-03,6.193287204951047897e-03,-1.281274110078811646e-02
4.970184266567230225e-01,4.894165039062500000e+00,2.726998329162597656e+00,9.999999403953552246e-01,-1.514752657385542989e-04,-3.297563234809786081e-04,2.683975908439606428e-04
3.073832511901855469e+00,2.093321800231933594e+00,1.301952123641967773e+00,9.999971389770507812e-01,2.888050512410700321e-04,1.916844863444566727e-03,1.425057183951139450e-03
3.623435735702514648e+00,6.384644985198974609e+00,1.221761703491210938e+00,9.999980926513671875e-01,1.465247943997383118e-03,-8.935660007409751415e-04,1.004916266538202763e-03
4.952809333801269531e+00,1.658735036849975586e+00,6.946200847625732422e+00,9.999997615814208984e-01,-1.692213118076324463e-04,-3.151159035041928291e-04,6.236639455892145634e-04
1.782195329666137695e+00,6.865452289581298828e+00,5.591953754425048828e+00,9.999734163284301758e-01,-3.318057395517826080e-03,5.097949411720037460e-03,4.031171090900897980e-03
2.243237018585205078e+00,1.761690497398376465e+00,3.548768758773803711e+00,9.999629855155944824e-01,8.182697929441928864e-03,3.933990956284105778e-04,2.648856723681092262e-03
7.053441524505615234e+00,5.323354601860046387e-01,7.317493915557861328e+00,9.999948740005493164e-01,-1.878590090200304985e-03,-2.607315545901656151e-03,1.502176601206883788e-04
2.903574705123901367e-01,7.652500867843627930e-01,6.117898464202880859e+00,9.999969005584716797e-01,2.474508713930845261e-03,-1.865514786913990974e-05,-1.418575993739068508e-04
1.845051527023315430e+00,6.358314514160156250e+00,2.401718378067016602e+00,9.998834133148193359e-01,3.931834362447261810e-03,-1.289978530257940292e-02,7.159973960369825363e-03
4.658403873443603516e+00,4.981227219104766846e-02,1.925099790096282959e-01,9.999892711639404297e-01,1.622168580070137978e-03,1.705390634015202522e-03,4.007550422102212906e-03
1.621537804603576660e+00,2.401765823364257812e+00,7.239204883575439453e+00,9.999970197677612305e-01,-1.375506049953401089e-03,1.697260770015418530e-03,1.102595590054988861e-03
4.569286346435546875e+00,4.835270881652832031e+00,7.410713672637939453e+00,9.999881982803344727e-01,2.728886436671018600e-03,3.975027240812778473e-03,-7.012528949417173862e-04
1.604108810424804688e+00,4.697654247283935547e+00,1.115467429161071777e+00,9.999959468841552734e-01,-1.371664111502468586e-03,2.463990123942494392e-03,5.524237058125436306e-04
5.471699237823486328e+00,3.427628278732299805e+00,5.153090953826904297e+00,9.999993443489074707e-01,-1.122084679082036018e-03,4.046818066854029894e-04,-4.056472971569746733e-05
1.200445771217346191e+00,4.808490753173828125e+00,4.630408287048339844e+00,9.996903538703918457e-01,-1.987169124186038971e-02,-3.892800537869334221e-03,1.446363329887390137e-02
4.139203429222106934e-01,5.969872474670410156e+00,5.466447830200195312e+00,9.999990463256835938e-01,-8.999076671898365021e-04,-9.937862632796168327e-04,-2.536294632591307163e-04
3.755653381347656250e+00,7.111220359802246094e+00,1.930912971496582031e+00,9.999821782112121582e-01,-5.663718096911907196e-03,1.861598866526037455e-05,-1.872872933745384216e-03
7.252470970153808594e+00,6.833168506622314453e+00,3.416533231735229492e+00,9.999998807907104492e-01,-2.170511288568377495e-04,-4.878805775661021471e-04,-8.350898133357986808e-05
7.136865615844726562e+00,7.811640202999114990e-02,2.631113767623901367e+00,9.999992847442626953e-01,-1.157476799562573433e-03,-4.998462391085922718e-04,6.289806606218917295e-06
7.300829410552978516e+00,4.005950927734375000e+00,3.946856737136840820e+00,9.999253749847412109e-01,-2.169500803574919701e-03,1.559620839543640614e-03,1.192771084606647491e-02
4.972234249114990234e+00,4.444806098937988281e+00,3.246220111846923828e+00,9.999961256980895996e-01,5.942827556282281876e-04,1.982672605663537979e-03,1.879661460407078266e-03
3.304213762283325195e+00,4.480121135711669922e+00,7.037059307098388672e+00,9.999940991401672363e-01,2.212431514635682106e-03,2.535731997340917587e-03,-7.235027733258903027e-04
5.041541576385498047e+00,1.231292486190795898e+00,6.267243862152099609e+00,9.999190568923950195e-01,-7.386306300759315491e-03,1.012802682816982269e-02,-2.189694903790950775e-03
5.641557216644287109e+00,3.321453571319580078e+00,3.160618305206298828e+00,9.999907612800598145e-01,-1.253328402526676655e-03,4.107004031538963318e-03,-1.589880557730793953e-04
2.536541461944580078e+00,2.867294788360595703e+00,1.178770303726196289e+00,9.997515678405761719e-01,1.357358228415250778e-02,-1.396070607006549835e-02,-1.085078157484531403e-02
6.765862464904785156e+00,5.092617511749267578e+00,1.290086269378662109e+00,9.998772144317626953e-01,4.450455773621797562e-03,9.972063824534416199e-03,1.124498061835765839e-02
4.770771026611328125e+00,1.429793953895568848e+00,6.601366043090820312e+00,9.999998211860656738e-01,6.206145044416189194e-04,-2.862737746909260750e-04,9.397371468367055058e-05
5.415962219238281250e+00,3.920430183410644531e+00,5.948947906494140625e+00,9.998821616172790527e-01,4.345281049609184265e-03,-1.439290773123502731e-02,3.128008451312780380e-03
1.948179364204406738e+00,3.921770572662353516e+00,4.126326084136962891e+00,9.999970197677612305e-01,-2.342732856050133705e-03,1.171631301986053586e-04,7.743201567791402340e-04
5.106842041015625000e+00,1.299820542335510254e+00,6.963142395019531250e+00,9.999995827674865723e-01,8.223097538575530052e-04,-3.749792522285133600e-04,3.549779066815972328e-04
1.335011243820190430e+00,6.008904457092285156e+00,8.923456668853759766e-01,9.999316334724426270e-01,-8.576279506087303162e-03,7.697122637182474136e-03,1.988697797060012817e-03
4.869775772094726562e+00,6.504509449005126953e+00,3.375862121582031250e+00,9.999998211860656738e-01,-4.009527328889816999e-04,-2.153971581719815731e-04,5.275738076306879520e-04
6.615035980939865112e-02,3.059623003005981445e+00,5.493445992469787598e-01,9.999609589576721191e-01,7.921204902231693268e-03,1.131747034378349781e-03,-3.760253079235553741e-03
1.531028151512145996e+00,5.437387943267822266e+00,5.162320733070373535e-01,9.999995827674865723e-01,-3.894300025422126055e-04,-6.677077617496252060e-04,5.954410298727452755e-04
6.110595226287841797e+00,1.991868615150451660e+00,1.857755541801452637e+00,9.999637603759765625e-01,-3.814573399722576141e-03,-3.299556206911802292e-03,-6.862651091068983078e-03
6.673167705535888672e+00,7.480416297912597656e+00,1.263245224952697754e+00,9.999592304229736328e-01,5.344481673091650009e-03,6.631306372582912445e-03,2.994825830683112144e-03
7.359620928764343262e-01,6.626742839813232422e+00,2.334152221679687500e+00,9.999958872795104980e-01,-2.362470608204603195e-03,1.661537447944283485e-03,-2.325617679161950946e-04
5.418506145477294922e+00,1.764953613281250000e+00,6.905251741409301758e-01,9.999991655349731445e-01,-5.142193549545481801e-05,-1.273520640097558498e-03,-1.895069435704499483e-04
1.958980321884155273e+00,1.731028795242309570e+00,2.094601869583129883e+00,9.999998211860656738e-01,-2.326683315914124250e-04,-5.453089252114295959e-04,1.909892889671027660e-04
5.406604290008544922e+00,2.758849382400512695e+00,2.486877918243408203e+00,9.999980926513671875e-01,1.003051293082535267e-03,-1.513808383606374264e-03,-8.334025042131543159e-04
4.008993148803710938e+00,8.745552301406860352e-01,1.894988656044006348e+00,9.999995231628417969e-01,-8.817823836579918861e-04,-3.144222137052565813e-05,-4.954730975441634655e-04
2.702182829380035400e-01,5.849891185760498047e+00,2.307446002960205078e+00,9.999996423721313477e-01,-2.261730260215699673e-04,5.414607585407793522e-04,-6.104721105657517910e-04
2.395418405532836914e+00,6.486472129821777344e+00,7.482738971710205078e+00,9.999957084655761719e-01,-2.384190156590193510e-04,-1.867653802037239075e-03,2.238406101241707802e-03
8.209413290023803711e-01,6.080785274505615234e+00,3.488626182079315186e-01,9.999999403953552246e-01,2.583360219432506710e-05,-4.754716646857559681e-04,1.055628035828704014e-05
1.406669735908508301e+00,4.922566413879394531e+00,8.648851513862609863e-01,9.999805688858032227e-01,-4.136310890316963196e-03,-4.326572816353291273e-04,-4.659717902541160583e-03
5.229736328125000000e+00,6.439326286315917969e+00,3.953011274337768555e+00,9.999827146530151367e-01,-4.861778579652309418e-03,2.569320145994424820e-03,-2.111218171194195747e-03
5.805367946624755859e+00,3.109275341033935547e+00,4.635885238647460938e+00,9.999985098838806152e-01,1.458106795325875282e-03,8.863860857672989368e-04,4.405814979691058397e-04
1.997653007507324219e+00,1.209139108657836914e+00,1.027204871177673340e+00,9.999288320541381836e-01,9.107675403356552124e-03,-6.210377439856529236e-03,4.567534197121858597e-03
6.900650024414062500e+00,4.882775783538818359e+00,2.790714979171752930e+00,9.999986886978149414e-01,-3.233907336834818125e-04,-1.549529260955750942e-03,5.280510522425174713e-04
9.550853967666625977e-01,2.475824356079101562e+00,3.199260473251342773e+00,9.999991059303283691e-01,-5.561557554756291211e-05,1.186450710520148277e-03,7.182101253420114517e-04
5.293817043304443359e+00,1.659386157989501953e+00,1.128775119781494141e+00,9.999988675117492676e-01,3.660692018456757069e-04,-1.054800697602331638e-03,-1.077257213182747364e-03
2.690253734588623047e+00,1.058380603790283203e+00,5.413820266723632812e+00,9.999998807907104492e-01,-6.068776710890233517e-04,-1.601874246262013912e-04,-5.297560710459947586e-05
4.213991641998291016e+00,5.883112430572509766e+00,2.187142372131347656e+00,9.999997019767761230e-01,-7.819049060344696045e-04,-1.709893404040485620e-04,-2.186702622566372156e-04
5.400133132934570312e-01,1.844349622726440430e+00,6.865582466125488281e+00,9.999988675117492676e-01,-8.457725052721798420e-04,-2.531776844989508390e-04,1.283607911318540573e-03
6.471302509307861328e-01,4.938008785247802734e+00,4.357757568359375000e+00,9.997507929801940918e-01,-8.447830565273761749e-03,2.827983116731047630e-03,2.046964876353740692e-02
2.505470037460327148e+00,9.859707951545715332e-01,4.776597023010253906e+00,9.999953508377075195e-01,-1.169554772786796093e-03,1.684257178567349911e-03,2.288522198796272278e-03
5.407755821943283081e-02,7.331191062927246094e+00,8.579738736152648926e-01,9.999803304672241211e-01,1.872953493148088455e-03,-5.438139196485280991e-03,-2.505794400349259377e-03
4.743073940277099609e+00,5.732770442962646484e+00,1.578775167465209961e+00,9.999900460243225098e-01,-1.503553125075995922e-03,-4.134013783186674118e-03,-7.667320896871387959e-04
7.223638057708740234e+00,2.563156843185424805e+00,7.049024105072021484e+00,9.999408721923828125e-01,-2.896124031394720078e-03,8.915741927921772003e-03,5.517351441085338593e-03
1.132796645164489746e+00,4.703824043273925781e+00,2.089678049087524414e+00,9.999874830245971680e-01,-4.237828310579061508e-03,-1.007516053505241871e-03,-2.497683279216289520e-03
2.352457940578460693e-01,4.131793498992919922e+00,1.896479129791259766e+00,9.999888539314270020e-01,3.333647269755601883e-03,-2.094491152092814445e-03,-2.616147976368665695e-03
7.027361869812011719e+00,5.516296386718750000e+00,4.672358512878417969e+00,9.999892115592956543e-01,1.503643114119768143e-03,4.268621560186147690e-04,4.390116780996322632e-03
6.211051940917968750e+00,3.687643527984619141e+00,1.662852406501770020e+00,9.999998211860656738e-01,2.168009959859773517e-04,-5.598544958047568798e-04,-2.554123348090797663e-04
7.111834049224853516e+00,1.202030658721923828e+00,5.831909656524658203e+00,9.999306201934814453e-01,9.439575485885143280e-03,2.613624557852745056e-03,6.547965109348297119e-03
1.251356244087219238e+00,1.641597628593444824e+00,3.281392335891723633e+00,9.999991059303283691e-01,-8.499727700836956501e-04,-9.270141599699854851e-04,-6.349267787300050259e-04
3.105082988739013672e+00,3.918068170547485352e+00,1.627010583877563477e+00,9.999877810478210449e-01,1.530294772237539291e-03,8.005396812222898006e-04,4.630681127309799194e-03
4.300754547119140625e+00,1.510382175445556641e+00,4.329473972320556641e+00,9.999917745590209961e-01,5.960487178526818752e-04,-3.691473742946982384e-03,1.547013409435749054e-03
3.551095724105834961e+00,6.095451831817626953e+00,5.074425697326660156e+00,9.999968409538269043e-01,2.510932506993412971e-03,-1.251807698281481862e-04,3.626794205047190189e-04
4.532521247863769531e+00,5.603410243988037109e+00,6.647754192352294922e+00,9.999979138374328613e-01,-8.514025103067979217e-05,-1.468775677494704723e-03,1.452481374144554138e-03
3.479131937026977539e+00,5.720471382141113281e+00,1.475602090358734131e-01,9.999991655349731445e-01,1.073958235792815685e-03,-1.282681914744898677e-04,7.766639464534819126e-04
3.125804185867309570e+00,7.103833198547363281e+00,6.668189048767089844e+00,9.999994635581970215e-01,-4.429522086866199970e-04,-1.003317534923553467e-03,1.783519110176712275e-04
5.000489711761474609e+00,3.433915615081787109e+00,1.256847262382507324e+00,9.999073147773742676e-01,-1.239316537976264954e-03,6.216257810592651367e-03,-1.205020956695079803e-02
6.241879940032958984e+00,6.879982471466064453e+00,4.656394481658935547e+00,9.999979138374328613e-01,6.189335254020988941e-04,-1.851437496952712536e-03,5.491096526384353638e-04
5.917344570159912109e+00,6.338815093040466309e-01,4.369510173797607422e+00,9.999867677688598633e-01,3.070946317166090012e-03,-3.746972288354299963e-05,-4.121365025639533997e-03
6.656880378723144531e+00,1.642402648925781250e+00,4.226038455963134766e+00,9.999932646751403809e-01,8.540276321582496166e-04,3.069402184337377548e-03,1.826002495363354683e-03
1.349232912063598633e+00,4.830712318420410156e+00,2.902576923370361328e+00,9.999988675117492676e-01,-8.785453392192721367e-04,-1.247319974936544895e-03,6.495598063338547945e-05
6.275628566741943359e+00,2.366906106472015381e-01,3.529893875122070312e+00,9.999637603759765625e-01,1.517410739324986935e-03,-6.404478102922439575e-03,5.400719586759805679e-03
1.913710951805114746e+00,2.801986932754516602e+00,6.829943656921386719e+00,9.999727010726928711e-01,1.149686984717845917e-03,-2.509281272068619728e-03,-6.861533969640731812e-03
1.539902806282043457e+00,6.470119953155517578e+00,5.535127639770507812e+00,9.999971985816955566e-01,-1.959821442142128944e-03,-1.366160926409065723e-03,-8.933454955695196986e-05
3.535854816436767578e+00,3.304791688919067383e+00,5.193877220153808594e+00,9.999967217445373535e-01,4.727431223727762699e-04,2.236409927718341351e-04,2.531260251998901367e-03
6.320371627807617188e+00,4.228049755096435547e+00,6.045336723327636719e-01,9.999979138374328613e-01,-1.034948625601828098e-03,-1.712299184873700142e-03,4.067861591465771198e-04
4.071313858032226562e+00,4.560491085052490234e+00,7.036326408386230469e+00,9.999942779541015625e-01,-7.142081740312278271e-04,-2.470404979248996824e-05,3.316460410133004189e-03
7.404251575469970703e+00,4.581841945648193359e+00,1.312499523162841797e+00,9.999892711639404297e-01,-1.804294879548251629e-03,3.296259557828307152e-03,-2.739337040111422539e-03
2.773721933364868164e+00,5.898948669433593750e+00,6.580307483673095703e+00,9.999905228614807129e-01,-2.624452114105224609e-03,-2.032316057011485100e-03,2.851546509191393852e-03
6.691986083984375000e+00,1.550429821014404297e+00,3.028845071792602539e+00,9.999993443489074707e-01,9.628905681893229485e-04,6.103928317315876484e-04,-3.139828331768512726e-04
1.699977517127990723e+00,5.820397377014160156e+00,6.766237258911132812e+00,9.999988079071044922e-01,-1.835513103287667036e-04,-1.051219296641647816e-03,-1.097684144042432308e-03
3.735021352767944336e+00,3.178602933883666992e+00,9.151020646095275879e-01,9.999964833259582520e-01,1.012218926916830242e-04,-2.269258024170994759e-03,1.384063391014933586e-03
4.889892101287841797e+00,7.392822742462158203e+00,1.789708495140075684e+00,9.999974370002746582e-01,1.517794007668271661e-04,-2.170422347262501717e-03,-7.460695342160761356e-04
3.014819622039794922e+00,7.062383651733398438e+00,1.034284949302673340e+00,9.999830126762390137e-01,-4.330818541347980499e-03,3.851594636216759682e-03,-7.117555360309779644e-04
5.198173999786376953e+00,2.420569181442260742e+00,2.235677003860473633e+00,9.999980926513671875e-01,7.790010422468185425e-04,-1.807338907383382320e-03,2.853039186447858810e-04
6.326424121856689453e+00,1.358457326889038086e+00,5.825962543487548828e+00,9.999977946281433105e-01,9.643245139159262180e-04,-5.687522934749722481e-04,-1.822153106331825256e-03
6.999490737915039062e+00,7.013236045837402344e+00,5.593243598937988281e+00,9.999967217445373535e-01,6.621549255214631557e-04,-1.221325481310486794e-03,2.189229475334286690e-03
3.106838464736938477e+00,1.381361722946166992e+00,5.173372268676757812e+00,9.999616146087646484e-01,3.200647421181201935e-03,-8.141219615936279297e-03,-5.748055409640073776e-04
3.109711110591888428e-01,1.899124741554260254e+00,1.661116361618041992e+00,9.999975562095642090e-01,2.955608069896697998e-04,-1.545398263260722160e-03,1.577788381837308407e-03
4.782711505889892578e+00,7.228619098663330078e+00,2.061872184276580811e-02,9.999997615814208984e-01,3.132429264951497316e-05,-8.002087124623358250e-04,5.738290929002687335e-05
4.513826847076416016e+00,7.152151107788085938e+00,1.311874508857727051e+00,9.999982714653015137e-01,-8.584188180975615978e-04,4.612207994796335697e-04,1.606598845683038235e-03
6.998834609985351562e+00,6.488776683807373047e+00,1.416895508766174316e+00,9.999817609786987305e-01,2.288943389430642128e-03,-5.477554164826869965e-03,-1.197014935314655304e-03
5.240015506744384766e+00,3.024936199188232422e+00,6.415666580200195312e+00,9.998188614845275879e-01,-1.404903363436460495e-02,-6.072442047297954559e-03,1.131330244243144989e-02
4.773064136505126953e+00,3.122151851654052734e+00,7.031818389892578125e+00,9.999951124191284180e-01,-2.608204726129770279e-03,1.305519952438771725e-03,-1.145131187513470650e-03
2.683615446090698242e+00,7.870353460311889648e-01,6.982795149087905884e-02,9.999998211860656738e-01,6.552010891027748585e-04,2.859371306840330362e-04,-1.237764226971194148e-04
5.456857204437255859e+00,3.907838463783264160e-01,3.243784189224243164e+00,1.000000000000000000e+00,-1.917413756018504500e-04,1.456210738979279995e-04,3.352414350956678391e-04
5.369901657104492188e+00,3.437462091445922852e+00,1.243248462677001953e+00,9.999987483024597168e-01,-9.595849551260471344e-04,1.466323010390624404e-04,-1.299331546761095524e-03
7.234071254730224609e+00,6.835647821426391602e-01,4.836634635925292969e+00,9.999986886978149414e-01,-8.896921062842011452e-04,1.356204040348529816e-03,1.096757769118994474e-04
8.039314150810241699e-01,1.193995356559753418e+00,3.455679655075073242e+00,9.999997019767761230e-01,1.635168882785364985e-04,3.269864828325808048e-05,8.319409098476171494e-04
5.039596080780029297e+00,1.878838062286376953e+00,4.856026649475097656e+00,9.999773502349853516e-01,6.039372179657220840e-03,-2.970051486045122147e-03,-3.677786153275519609e-04
5.372974872589111328e+00,4.577208518981933594e+00,2.289084196090698242e+00,9.999988675117492676e-01,-6.769508472643792629e-04,-1.356058404780924320e-03,2.588953648228198290e-04
1.005356907844543457e+00,3.995576858520507812e+00,5.123096942901611328e+00,9.999904632568359375e-01,-4.153045825660228729e-03,-5.156612023711204529e-04,1.236772513948380947e-03
1.451440572738647461e+00,3.744950056076049805e+00,2.217127799987792969e+00,9.999992251396179199e-01,5.501755513250827789e-04,1.101000467315316200e-03,2.236083528259769082e-04
3.950838148593902588e-01,4.081328392028808594e+00,2.690822362899780273e+00,9.999695420265197754e-01,7.355700246989727020e-03,2.383646788075566292e-03,-1.085908268578350544e-03
7.314393520355224609e+00,7.089241743087768555e-01,1.791841387748718262e+00,9.999995827674865723e-01,5.917858798056840897e-04,-6.239251815713942051e-04,-2.209059603046625853e-04
4.418062210083007812e+00,2.868352651596069336e+00,2.721728086471557617e+00,9.999827146530151367e-01,4.638782702386379242e-04,-4.075409844517707825e-03,-4.227753728628158569e-03
3.085031270980834961e+00,2.598144292831420898e+00,4.019264221191406250e+00,9.999985694885253906e-01,2.401475503575056791e-04,1.358108129352331161e-03,-1.017510890960693359e-03
3.035331487655639648e+00,4.086554527282714844e+00,7.277239322662353516e+00,9.999992847442626953e-01,-1.089503173716366291e-03,-3.500156453810632229e-04,5.025045829825103283e-04
7.093574404716491699e-01,3.625092029571533203e+00,6.396674156188964844e+00,9.997355937957763672e-01,2.188194915652275085e-02,4.556051455438137054e-03,-5.402802024036645889e-03
3.195162296295166016e+00,3.364392757415771484e+00,6.254611611366271973e-01,9.999995827674865723e-01,8.730350527912378311e-04,4.144170379731804132e-04,-8.416266064159572124e-05
7.076428413391113281e+00,3.847046613693237305e+00,1.876415729522705078e+00,9.999909400939941406e-01,4.258370492607355118e-03,2.110992681991774589e-05,3.448894130997359753e-04
4.056983470916748047e+00,1.770102143287658691e+00,1.118154406547546387e+00,9.999242424964904785e-01,-1.012010220438241959e-02,4.179944749921560287e-03,5.620356649160385132e-03
5.949704647064208984e+00,4.830189347267150879e-01,7.065416812896728516e+00,9.999679327011108398e-01,4.469448700547218323e-03,4.610717878676950932e-04,-6.634447257965803146e-03
2.407299280166625977e+00,2.956760168075561523e+00,5.548415184020996094e+00,9.999895691871643066e-01,1.617221860215067863e-03,-1.094380160793662071e-03,-4.123507533222436905e-03
5.012562274932861328e-01,4.508033275604248047e+00,5.154717922210693359e+00,9.999992251396179199e-01,-2.564885071478784084e-04,9.923037141561508179e-04,7.977986242622137070e-04
6.580974102020263672e+00,5.906096458435058594e+00,2.630558729171752930e+00,9.999927878379821777e-01,-1.640969305299222469e-03,-2.091800095513463020e-03,2.739672549068927765e-03
6.675449371337890625e+00,3.283190250396728516e+00,3.734199285507202148e+00,9.999975562095642090e-01,3.805948072113096714e-04,1.454593264497816563e-03,-1.680073328316211700e-03
1.070802807807922363e+00,2.451788902282714844e+00,2.152390956878662109e+00,9.999622106552124023e-01,8.912135381251573563e-04,-6.418406846933066845e-04,8.633927442133426666e-03
5.966860771179199219e+00,6.467253208160400391e+00,2.903118371963500977e+00,9.999911189079284668e-01,-2.915803343057632446e-03,6.880469154566526413e-04,2.955659991130232811e-03
7.295287609100341797e+00,2.672272026538848877e-01,1.849371433258056641e+00,9.999994635581970215e-01,-4.436667368281632662e-04,-9.991248371079564095e-04,5.770382631453685462e-05
4.299435615539550781e+00,3.953709363937377930e+00,7.283052802085876465e-01,9.998635649681091309e-01,-1.031745132058858871e-02,5.155761726200580597e-03,-1.183212175965309143e-02
4.812816143035888672e+00,6.629179000854492188e+00,6.233408451080322266e+00,9.999997019767761230e-01,-3.050474042538553476e-04,7.584075792692601681e-04,2.378535864409059286e-04
7.170272827148437500e+00,5.561159610748291016e+00,4.137081146240234375e+00,9.999794363975524902e-01,-5.083097144961357117e-03,-3.335711662657558918e-04,3.887823550030589104e-03
5.050044059753417969e+00,1.087472915649414062e+00,2.282819986343383789e+00,9.999349117279052734e-01,1.828142791055142879e-03,-7.923819124698638916e-03,-8.003054186701774597e-03
1.170621752738952637e+00,3.047227859497070312e+00,1.679271101951599121e+00,9.999877810478210449e-01,-3.277089446783065796e-03,3.321842523291707039e-03,-1.647822442464530468e-03
7.393311977386474609e+00,6.767910480499267578e+00,4.851768970489501953e+00,9.999947547912597656e-01,-1.309610786847770214e-03,-2.982208039611577988e-03,1.648718607611954212e-04
3.008109569549560547e+00,5.607530117034912109e+00,8.657804876565933228e-02,9.999907612800598145e-01,-3.265532897785305977e-03,1.732355100102722645e-03,-2.223362447693943977e-03
6.447142601013183594e+00,6.998355388641357422e-01,3.214116334915161133e+00,9.999994635581970215e-01,7.326628547161817551e-04,6.742646219208836555e-04,-2.848129079211503267e-04
9.468430280685424805e-01,2.432161569595336914e+00,2.259260267019271851e-01,9.998449683189392090e-01,6.022023968398571014e-03,1.646458543837070465e-02,-1.654059393331408501e-03
2.682942867279052734e+00,3.408389329910278320e+00,1.464006900787353516e+00,9.999997615814208984e-01,3.115733270533382893e-04,8.870534657035022974e-05,6.813707877881824970e-04
4.185339450836181641e+00,2.735646009445190430e+00,3.718935966491699219e+00,9.999997615814208984e-01,-7.040857599349692464e-05,-5.433571641333401203e-04,4.824053321499377489e-04
3.338933706283569336e+00,9.972431659698486328e-01,3.837778806686401367e+00,9.999602437019348145e-01,8.289465680718421936e-03,-3.518637095112353563e-04,-3.291463013738393784e-03
2.234488487243652344e+00,6.455653667449951172e+00,4.840568602085113525e-01,9.999999403953552246e-01,-6.688712164759635925e-05,2.777403278741985559e-04,-3.004676545970141888e-04
6.800421714782714844e+00,1.019309520721435547e+00,1.562475323677062988e+00,9.999998807907104492e-01,-3.081019531236961484e-05,-5.411323509179055691e-04,2.063235733658075333e-04
6.702525138854980469e+00,9.503307342529296875e-01,3.015824794769287109e+00,9.999996423721313477e-01,6.669794092886149883e-04,6.502693286165595055e-04,5.967677861917763948e-05
3.673709869384765625e+00,2.707269191741943359e+00,6.603681564331054688e+00,9.999977350234985352e-01,-1.283039222471415997e-03,-1.055550645105540752e-03,1.327140722423791885e-03
1.943056941032409668e+00,5.649215221405029297e+00,3.757065057754516602e+00,9.999132752418518066e-01,-8.694274351000785828e-03,-9.779360145330429077e-03,1.478305668570101261e-03
3.842866659164428711e+00,5.190074920654296875e+00,2.324849367141723633e-01,9.999991059303283691e-01,4.932328010909259319e-05,-1.090312609449028969e-03,-8.339148480445146561e-04
2.218351125717163086e+00,2.571562051773071289e+00,6.784337520599365234e+00,9.999971985816955566e-01,2.053860574960708618e-03,-4.545689735095947981e-04,-1.158372964709997177e-03
1.849038600921630859e+00,2.429706811904907227e+00,3.062006950378417969e+00,9.998996853828430176e-01,3.302127588540315628e-03,-1.376992836594581604e-02,-3.431589284446090460e-04
5.406627058982849121e-01,3.086156368255615234e+00,2.244254574179649353e-02,9.999971389770507812e-01,-1.016406895359978080e-04,2.131970366463065147e-03,1.155119738541543484e-03
7.282310485839843750e+00,7.295888423919677734e+00,1.202738881111145020e+00,9.999982118606567383e-01,4.819628375116735697e-04,1.827539177611470222e-03,2.660883765202015638e-04
5.120976924896240234e+00,2.045996427536010742e+00,3.135390520095825195e+00,9.999992847442626953e-01,7.376819266937673092e-04,6.824493757449090481e-04,7.401363691315054893e-04
6.381847381591796875e+00,2.498413324356079102e+00,1.991410970687866211e+00,9.999958276748657227e-01,5.779122002422809601e-04,1.915949513204395771e-03,2.102215541526675224e-03
2.587205886840820312e+00,2.650860071182250977e+00,7.191103458404541016e+00,9.999880790710449219e-01,2.399204997345805168e-03,-3.772119991481304169e-03,1.977640669792890549e-03
3.547793626785278320e-01,1.536968469619750977e+00,6.683554649353027344e+00,9.999989271163940430e-01,-1.390910474583506584e-03,-5.490563344210386276e-04,-2.582098532002419233e-04
6.971442699432373047e+00,2.042754173278808594e+00,6.334995269775390625e+00,9.999926090240478516e-01,-3.074873937293887138e-03,-3.647059784270823002e-04,2.318815793842077255e-03
9.523956179618835449e-01,4.411835193634033203e+00,3.835274934768676758e+00,9.999985694885253906e-01,1.561652868986129761e-03,7.207000162452459335e-04,1.206416345667093992e-04
1.692040920257568359e+00,2.096090555191040039e+00,1.382588028907775879e+00,9.999970197677612305e-01,-2.213997533544898033e-03,-9.683401440270245075e-04,-5.296541494317352772e-04
3.019346952438354492e+00,8.655729293823242188e-01,9.059307575225830078e-01,9.999586343765258789e-01,7.148055359721183777e-03,3.091881750151515007e-03,4.695350769907236099e-03
2.666027069091796875e+00,2.965282201766967773e-01,1.984517097473144531e+00,9.999961256980895996e-01,-2.756432397291064262e-03,3.542928607203066349e-04,-4.331675299908965826e-04
6.367384910583496094e+00,6.371164321899414062e+00,3.793360233306884766e+00,9.999651312828063965e-01,4.348329734057188034e-03,2.264555077999830246e-03,-6.760367192327976227e-03
1.461395263671875000e+00,1.510368347167968750e+00,6.246278285980224609e+00,9.999979734420776367e-01,5.885189239052124321e-05,-1.702178968116641045e-03,1.053406274877488613e-03
6.784661293029785156e+00,5.851532459259033203e+00,7.479547977447509766e+00,9.999821782112121582e-01,4.775612615048885345e-03,1.549309818074107170e-03,3.245895961299538612e-03
3.379580497741699219e+00,3.674878597259521484e+00,6.819630622863769531e+00,9.999978542327880859e-01,1.669052289798855782e-03,-9.278470533899962902e-04,-8.678999729454517365e-04
6.533514499664306641e+00,6.429664134979248047e+00,3.522389888763427734e+00,9.999951124191284180e-01,-1.280822791159152985e-03,-2.086090622469782829e-03,-1.983825117349624634e-03
5.267865657806396484e+00,3.718883752822875977e+00,9.442827105522155762e-01,9.999988675117492676e-01,-1.312570064328610897e-03,5.433356855064630508e-04,6.240499787963926792e-04
7.079201698303222656e+00,4.195323944091796875e+00,7.465174198150634766e+00,9.999910593032836914e-01,-2.564750611782073975e-03,-2.616223879158496857e-03,2.147071296349167824e-03
1.373237609863281250e+00,5.474066257476806641e+00,4.123357295989990234e+00,9.999983310699462891e-01,6.664352840743958950e-04,1.510278205387294292e-03,-8.007916621863842010e-04
6.242208003997802734e+00,3.055414438247680664e+00,3.900367021560668945e+00,9.999858736991882324e-01,-2.606035210192203522e-03,2.274152589961886406e-03,-4.036481026560068130e-03
5.035567760467529297e+00,6.074722290039062500e+00,5.061842441558837891e+00,9.999816417694091797e-01,5.361674353480339050e-03,2.585850423201918602e-03,-1.211520400829613209e-03
2.878111362457275391e+00,5.178600788116455078e+00,3.921142578125000000e+00,9.999997615814208984e-01,-2.505781885702162981e-04,5.256301956251263618e-04,-4.284794558770954609e-04
5.957285881042480469e+00,5.578300952911376953e+00,2.689597606658935547e+00,9.999951720237731934e-01,1.852294895797967911e-03,1.650442754907999188e-05,2.528377575799822807e-03
6.667857646942138672e+00,4.579286098480224609e+00,4.713984489440917969e+00,9.999989271163940430e-01,-9.887453634291887283e-04,-9.320800309069454670e-04,-5.172643577679991722e-04
7.650775313377380371e-01,3.663541316986083984e+00,1.913787007331848145e+00,9.999974370002746582e-01,4.654189397115260363e-04,-1.223979983478784561e-03,1.881721545942127705e-03
1.411893367767333984e+00,7.108517169952392578e+00,2.708101987838745117e+00,9.999858736991882324e-01,-3.507119137793779373e-03,4.001742228865623474e-03,-2.973764494527131319e-04
7.068943977355957031e+00,1.365577459335327148e+00,7.813584804534912109e-01,9.999989867210388184e-01,-1.046744524501264095e-03,-1.209159527206793427e-04,1.043497235514223576e-03
5.681406974792480469e+00,2.893572092056274414e+00,1.223523497581481934e+00,9.999996423721313477e-01,-4.505291290115565062e-04,-6.224703975021839142e-04,-2.233320701634511352e-04
8.355193138122558594e-01,2.118449211120605469e+00,3.374099016189575195e+00,9.999998211860656738e-01,5.823271931149065495e-05,6.810997001593932509e-05,7.112062885425984859e-04
2.348562002182006836e+00,3.683111429214477539e+00,5.075084686279296875e+00,9.999861121177673340e-01,1.507417182438075542e-04,-5.169762298464775085e-03,1.102670677937567234e-03
6.010946273803710938e+00,7.278063774108886719e+00,3.889436483383178711e+00,9.999988675117492676e-01,-6.098929588915780187e-05,5.789385177195072174e-04,1.380570931360125542e-03
1.447043180465698242e+00,7.206979751586914062e+00,1.003866434097290039e+00,9.999990463256835938e-01,5.345593672245740891e-04,-1.210385700687766075e-03,4.508592537604272366e-04
6.194521903991699219e+00,2.700703620910644531e+00,4.301492691040039062e+00,9.999830126762390137e-01,-3.388384589925408363e-03,4.725717473775148392e-03,4.317396669648587704e-04
2.970051765441894531e+00,6.329897880554199219e+00,6.676764488220214844e+00,9.999992251396179199e-01,1.163008419098332524e-04,-5.622259923256933689e-04,1.163256587460637093e-03
6.623455047607421875e+00,5.394054889678955078e+00,5.909633159637451172e+00,9.999992251396179199e-01,-1.759084552759304643e-04,2.765734971035271883e-04,1.261416240595281124e-03
1.826944828033447266e+00,3.974016666412353516e+00,3.828896045684814453e+00,9.999951124191284180e-01,-2.871118951588869095e-03,-1.240473473444581032e-03,9.230539581039920449e-05
5.418177604675292969e+00,6.308009624481201172e-01,4.709605216979980469e+00,9.999932050704956055e-01,-2.035060664638876915e-03,-3.053833497688174248e-03,4.646811576094478369e-04
2.500499010086059570e+00,3.938633680343627930e+00,3.080073595046997070e+00,9.999946951866149902e-01,2.874194644391536713e-03,-1.550454064272344112e-03,3.317851223982870579e-04
2.701699435710906982e-01,5.136346340179443359e+00,2.491443604230880737e-01,9.999975562095642090e-01,-1.796702272258698940e-03,3.724778071045875549e-04,1.308125327341258526e-03
5.025661468505859375e+00,2.834279775619506836e+00,6.222848415374755859e+00,9.999856352806091309e-01,2.588931471109390259e-03,3.787575114984065294e-04,-4.698508419096469879e-03
6.486091136932373047e+00,1.774581909179687500e+00,5.989111900329589844e+00,9.999959468841552734e-01,-1.303594908677041531e-03,1.591617707163095474e-03,-1.961705973371863365e-03
2.484007120132446289e+00,7.491751194000244141e+00,3.502695798873901367e+00,9.999957084655761719e-01,-2.477128989994525909e-03,-1.560693839564919472e-03,-1.248490443686023355e-04
6.324813842773437500e+00,4.603831291198730469e+00,5.294665336608886719e+00,9.999931454658508301e-01,1.533475122414529324e-03,3.311922308057546616e-03,-7.402228075079619884e-04
6.713065624237060547e+00,1.490244030952453613e+00,3.630009651184082031e+00,9.999018907546997070e-01,1.897723181173205376e-03,-1.081038545817136765e-02,8.699187077581882477e-03
2.011687994003295898e+00,1.718425989151000977e+00,5.113024711608886719e+00,9.999990463256835938e-01,6.271504389587789774e-05,1.217220094986259937e-03,-6.788403843529522419e-04
2.916039228439331055e+00,5.750380039215087891e+00,5.229643821716308594e+00,9.999909400939941406e-01,-3.640164621174335480e-03,-7.268182816915214062e-04,-2.121092984452843666e-03
5.871303558349609375e+00,7.253823280334472656e+00,4.987248420715332031e+00,9.999961853027343750e-01,-1.721964508760720491e-04,-1.297527342103421688e-03,2.460160292685031891e-03
6.414258003234863281e+00,1.717828154563903809e+00,6.758183002471923828e+00,9.999390840530395508e-01,-1.911865780130028725e-03,-2.497859299182891846e-03,1.058156043291091919e-02
2.962240874767303467e-01,4.818720817565917969e+00,8.641284108161926270e-01,9.999080896377563477e-01,8.448397420579567552e-05,-8.293208666145801544e-03,-1.072602346539497375e-02
3.842341423034667969e+00,3.360789299011230469e+00,6.532709121704101562e+00,9.999991059303283691e-01,7.755379192531108856e-04,-6.269143195822834969e-04,9.567873203195631504e-04
5.185248374938964844e+00,3.522495746612548828e+00,3.523591518402099609e+00,9.999194145202636719e-01,1.522351638413965702e-03,1.033958792686462402e-02,-7.209727074950933456e-03
6.683024406433105469e+00,5.568368911743164062e+00,5.376353263854980469e-01,9.999697804450988770e-01,5.786436377093195915e-04,-2.238003769889473915e-03,7.429748307913541794e-03
8.201205134391784668e-01,3.316953659057617188e+00,3.093826293945312500e+00,9.999998211860656738e-01,2.579685242380946875e-04,-5.140824359841644764e-04,-2.983879530802369118e-04
4.529267549514770508e-01,4.698139190673828125e+00,1.428808927536010742e+00,9.999957680702209473e-01,-2.277218271046876907e-03,1.809600857086479664e-03,4.011093697044998407e-04
5.712574958801269531e+00,4.235163211822509766e+00,7.026389598846435547e+00,9.999957084655761719e-01,-1.349861035123467445e-03,2.535661449655890465e-03,6.324105197563767433e-04
4.174533843994140625e+00,5.539458274841308594e+00,1.624702095985412598e+00,9.999080300331115723e-01,5.458553321659564972e-03,9.609021246433258057e-03,7.866184227168560028e-03
3.498399257659912109e+00,4.085217475891113281e+00,1.119813442230224609e+00,9.999986290931701660e-01,-1.051695435307919979e-03,8.354862220585346222e-04,-9.722091490402817726e-04
2.345073223114013672e+00,1.345772862434387207e+00,9.415364265441894531e-01,9.999977946281433105e-01,1.084690331481397152e-03,-1.461446750909090042e-03,1.040177419781684875e-03
1.324313282966613770e+00,5.824347019195556641e+00,2.953219711780548096e-01,9.999917149543762207e-01,-8.959203842096030712e-05,8.008033037185668945e-04,-4.004615359008312225e-03
2.438860416412353516e+00,2.200361490249633789e+00,6.755111217498779297e+00,9.999315738677978516e-01,-6.602790672332048416e-03,-9.648375213146209717e-03,-5.666154902428388596e-04
1.329171061515808105e+00,2.562539279460906982e-01,6.486926078796386719e+00,9.999907016754150391e-01,2.420679666101932526e-03,-2.361300401389598846e-03,2.701374469324946404e-03
7.036679744720458984e+00,2.278745412826538086e+00,4.999912261962890625e+00,9.999905824661254883e-01,3.159382147714495659e-03,-2.626568544656038284e-03,-1.428901334293186665e-03
4.843721687793731689e-01,3.925087153911590576e-01,7.904838919639587402e-01,9.999998211860656738e-01,2.980635908897966146e-04,1.621779520064592361e-04,6.222813390195369720e-04
4.386865615844726562e+00,6.299249172210693359e+00,2.339830845594406128e-01,9.999998211860656738e-01,5.322489305399358273e-04,3.724540583789348602e-04,2.478286332916468382e-04
6.124776601791381836e-01,6.608703613281250000e+00,6.937380790710449219e+00,9.999865889549255371e-01,4.719575867056846619e-03,3.048634098377078772e-04,-2.145618433132767677e-03
6.124068260192871094e+00,6.574985980987548828e+00,6.312998294830322266e+00,9.999978542327880859e-01,-1.462251995690166950e-03,2.527805008867289871e-05,1.513714087195694447e-03
3.653277635574340820e+00,6.247426986694335938e+00,6.662502765655517578e+00,9.999994635581970215e-01,4.856672603636980057e-04,-7.727582706138491631e-04,5.981641588732600212e-04
1.273866772651672363e+00,2.053101956844329834e-01,7.217735767364501953e+00,9.999994039535522461e-01,2.483621938154101372e-04,1.802307670004665852e-04,1.078854780644178391e-03
4.839354038238525391e+00,1.748903751373291016e+00,1.533012628555297852e+00,9.999881386756896973e-01,4.337210673838853836e-03,-1.709342584945261478e-03,-1.452895929105579853e-03
9.023258686065673828e-01,6.368902206420898438e+00,2.698757648468017578e+00,9.999977350234985352e-01,8.534537628293037415e-04,1.765596214681863785e-03,9.015106479637324810e-04
2.410007476806640625e+00,7.268521785736083984e-01,3.893815279006958008e+00,9.999505281448364258e-01,3.917130641639232635e-03,5.843152292072772980e-03,-7.028937339782714844e-03
6.653049945831298828e+00,6.576765060424804688e+00,6.494059562683105469e+00,9.999957084655761719e-01,-9.692181483842432499e-04,7.037969189696013927e-04,2.694525290280580521e-03
4.292711257934570312e+00,3.427797079086303711e+00,1.209650859236717224e-01,9.999994039535522461e-01,4.341090680100023746e-04,-4.589699165080673993e-05,1.062238123267889023e-03
2.232581853866577148e+00,4.209348678588867188e+00,4.514437913894653320e-01,9.999002218246459961e-01,5.552232731133699417e-03,-1.098392531275749207e-02,-6.943034939467906952e-03
4.475529670715332031e+00,2.396669864654541016e+00,6.523170948028564453e+00,9.999829530715942383e-01,1.980268163606524467e-03,3.166394541040062904e-03,4.507894627749919891e-03
7.873088121414184570e-01,4.585030078887939453e+00,3.245930671691894531e+00,9.999991655349731445e-01,4.643435531761497259e-04,1.160806394182145596e-03,2.909856266342103481e-04
6.519460201263427734e+00,5.511664390563964844e+00,4.855218887329101562e+00,9.999870657920837402e-01,-3.575263544917106628e-04,-1.405956922098994255e-03,4.884643480181694031e-03
7.249836921691894531e+00,2.630660295486450195e+00,4.817792892456054688e+00,9.998504519462585449e-01,-1.574058085680007935e-02,1.034548156894743443e-03,7.095520850270986557e-03
7.781321406364440918e-01,7.025650978088378906e+00,6.046985149383544922e+00,9.999889731407165527e-01,-4.529221914708614349e-03,-1.086704549379646778e-03,7.177291554398834705e-04
1.637665629386901855e+00,4.376364231109619141e+00,3.610316276550292969e+00,9.998444318771362305e-01,-4.635948687791824341e-03,-1.180997863411903381e-02,-1.225682627409696579e-02
2.714936256408691406e+00,2.868802785873413086e+00,3.916335105895996094e+00,9.999796152114868164e-01,-2.410365501418709755e-03,-2.178714843466877937e-03,5.497260950505733490e-03
3.632123470306396484e+00,1.907716155052185059e+00,9.344432950019836426e-01,9.999987483024597168e-01,4.007160896435379982e-04,-1.579725299961864948e-03,1.230869092978537083e-04
6.870439529418945312e+00,1.753194928169250488e+00,1.375074028968811035e+00,9.999993443489074707e-01,-2.206775825470685959e-04,8.879619417712092400e-04,7.626275764778256416e-04
3.544159889221191406e+00,3.218993425369262695e+00,6.826070785522460938e+00,9.999089837074279785e-01,-2.041361760348081589e-03,-1.333428360521793365e-02,3.836145915556699038e-04
2.749896049499511719e+00,2.745512485504150391e+00,4.602842807769775391e+00,9.999772906303405762e-01,-1.005990547128021717e-03,-6.536726839840412140e-03,-1.347457873634994030e-03
5.391325354576110840e-01,4.311982631683349609e+00,6.760826587677001953e+00,9.999989867210388184e-01,-4.336688434705138206e-04,-1.022868673317134380e-04,-1.405431306920945644e-03
4.494216918945312500e+00,4.895148754119873047e+00,3.213606357574462891e+00,9.999772906303405762e-01,-1.496786717325448990e-03,4.641065839678049088e-03,-4.650185815989971161e-03
6.487730979919433594e+00,6.018019199371337891e+00,5.129267573356628418e-01,9.999808669090270996e-01,-2.891138195991516113e-03,-4.443854559212923050e-03,3.195613157004117966e-03
2.596356570720672607e-01,3.840680122375488281e+00,3.349683761596679688e+00,9.999976754188537598e-01,1.606432022526860237e-03,1.177603495307266712e-03,9.195316233672201633e-04
6.628448009490966797e+00,3.100302696228027344e+00,3.431582212448120117e+00,9.999963641166687012e-01,5.203382461331784725e-04,2.322804415598511696e-03,1.308080274611711502e-03
1.732784032821655273e+00,5.175146102905273438e+00,9.173046946525573730e-01,9.998936057090759277e-01,-1.306490600109100342e-02,-2.010761760175228119e-03,6.175966933369636536e-03
2.596115589141845703e+00,6.554339885711669922e+00,2.210177183151245117e+00,9.999999403953552246e-01,4.903626977466046810e-04,-1.043397714965976775e-04,-9.523623157292604446e-05
1.108143687248229980e+00,7.292751312255859375e+00,4.138056755065917969e+00,9.999991655349731445e-01,-3.108378587057814002e-05,1.350354868918657303e-03,7.645587902516126633e-05
6.771267890930175781e+00,5.795420646667480469e+00,4.587658882141113281e+00,9.999809265136718750e-01,-4.930603783577680588e-03,3.113657468929886818e-03,-2.032457385212182999e-03
6.385156631469726562e+00,1.152130246162414551e+00,1.115008831024169922e+00,9.999994039535522461e-01,-1.581617543706670403e-04,1.476958277635276318e-04,-1.149825518950819969e-03
3.242180585861206055e+00,4.906643390655517578e+00,6.274763584136962891e+00,9.999985694885253906e-01,-1.641878625378012657e-03,1.912695879582315683e-04,4.105597909074276686e-04
3.102229356765747070e+00,1.899110674858093262e+00,1.615638852119445801e+00,9.999517798423767090e-01,-6.485934834927320480e-03,-7.310709450393915176e-03,-9.698357316665351391e-04
2.636330604553222656e+00,2.813522815704345703e-01,2.828955888748168945e+00,9.999876022338867188e-01,-4.409549757838249207e-03,2.336170990020036697e-03,1.498733327025547624e-04
5.476753711700439453e+00,1.477741479873657227e+00,3.549658775329589844e+00,9.999988675117492676e-01,-1.111319943447597325e-04,-1.518531702458858490e-03,2.732949506025761366e-04
7.369367599487304688e+00,4.349803447723388672e+00,3.481270074844360352e+00,9.999998211860656738e-01,-4.570115706883370876e-04,-5.002677207812666893e-04,-4.043247099616564810e-05
7.111224651336669922e+00,5.218186855316162109e+00,4.460968017578125000e+00,9.999870061874389648e-01,7.913374574854969978e-04,-9.286858257837593555e-04,-4.959953483194112778e-03
3.906310319900512695e+00,4.805632114410400391e+00,5.184195935726165771e-02,9.999987483024597168e-01,1.148236799053847790e-03,-1.022923854179680347e-03,-4.755001864396035671e-04
3.119957447052001953e+00,5.035956382751464844e+00,1.145547866821289062e+00,9.999983906745910645e-01,1.043168478645384312e-03,4.321220912970602512e-04,-1.452567172236740589e-03
5.939619064331054688e+00,1.427933335304260254e+00,6.555421829223632812e+00,9.999084472656250000e-01,2.258887747302651405e-03,1.332526467740535736e-02,-6.917943246662616730e-04
1.713118314743041992e+00,7.367352962493896484e+00,5.755300998687744141e+00,9.999994039535522461e-01,-1.012753229588270187e-03,5.312677822075784206e-04,-1.718362182145938277e-04
1.401081442832946777e+00,5.861054420471191406e+00,4.743973731994628906e+00,9.999977946281433105e-01,-5.180248408578336239e-04,2.504283329471945763e-04,-2.038725186139345169e-03
5.876933097839355469e+00,6.294013023376464844e+00,2.247146219015121460e-01,9.999864101409912109e-01,4.095921292901039124e-03,1.271550194360315800e-03,-2.980561461299657822e-03
5.827188968658447266e+00,3.463078975677490234e+00,4.225348949432373047e+00,9.999839663505554199e-01,1.758377533406019211e-03,5.373341497033834457e-03,4.467141989152878523e-04
1.813051939010620117e+00,3.016226053237915039e+00,1.834719419479370117e+00,9.997037649154663086e-01,1.994461007416248322e-02,1.062208041548728943e-02,-9.048215113580226898e-03
2.061161518096923828e+00,6.622237682342529297e+00,1.927193105220794678e-01,9.999992251396179199e-01,5.422447575256228447e-04,7.772155804559588432e-04,-8.554397500120103359e-04
5.948339939117431641e+00,4.067018985748291016e+00,3.274716377258300781e+00,9.999952316284179688e-01,-4.261743451934307814e-04,-1.712295226752758026e-03,-2.553499536588788033e-03
1.578425645828247070e+00,1.201367497444152832e+00,1.204797744750976562e+00,9.999997615814208984e-01,-5.232234834693372250e-04,-4.190974577795714140e-04,-1.666569442022591829e-04
5.445590972900390625e+00,4.015491008758544922e+00,3.779238700866699219e+00,9.997461438179016113e-01,1.279865484684705734e-02,1.494874013587832451e-03,1.848571375012397766e-02
3.786673307418823242e+00,2.336469650268554688e+00,3.919541597366333008e+00,9.999994039535522461e-01,5.376007757149636745e-04,-7.537566707469522953e-04,6.705491687171161175e-04
4.984885156154632568e-01,5.840327739715576172e+00,2.281847894191741943e-01,9.999967813491821289e-01,4.962481907568871975e-04,-2.519057365134358406e-03,-7.079663919284939766e-05
1.036298632621765137e+00,1.478106021881103516e+00,4.590179920196533203e+00,9.998639225959777832e-01,-1.109028887003660202e-02,7.731389254331588745e-03,9.459374472498893738e-03
5.568193435668945312e+00,4.334974765777587891e+00,6.675238609313964844e+00,9.998774528503417969e-01,8.903666399419307709e-03,-1.233673654496669769e-02,-3.709083423018455505e-03
3.479613780975341797e+00,2.087384939193725586e+00,4.756155967712402344e+00,9.999021291732788086e-01,2.376955002546310425e-03,1.063493732362985611e-02,-8.777332492172718048e-03
5.578338354825973511e-02,7.215536117553710938e+00,6.768146514892578125e+00,9.999995827674865723e-01,-5.189235089346766472e-04,-7.229946786537766457e-04,-3.121097397524863482e-04
2.087735414505004883e+00,1.615058541297912598e+00,1.359784305095672607e-01,9.999994039535522461e-01,1.003044191747903824e-03,2.766946563497185707e-04,4.586931609082967043e-04
